household_id,number_persons,district,household_type_theoretical,household_type_generated,member_count,house_building_name,house_building_type
HH_1,3 personas,Carrascal,Hogar formado por pareja o un solo progenitor que convive con algún hijo menor de 25 años y otra(s) persona(s),Hogar formado por pareja o un solo progenitor que convive con algún hijo menor de 25 años y otra(s) persona(s),3,,yes
HH_2,2 personas,Zarzaquemada,Hogar con un solo progenitor que convive con todos sus hijos de 25 años o más,Hogar con un solo progenitor que convive con todos sus hijos de 25 años o más,2,,residential
HH_3,2 personas,San Nicasio,Hogar formado por pareja sin hijos,Hogar formado por pareja sin hijos,2,,semidetached_house
HH_4,4 personas,Norte,Hogar formado por pareja con hijos en donde algún hijo es menor de 25 años,Hogar formado por pareja con hijos en donde algún hijo es menor de 25 años,4,,yes
HH_5,1 persona,San Nicasio,Hogar con una mujer sola de 65 años o más,Hogar con una mujer sola de 65 años o más,1,Madrid,city
HH_6,1 persona,Sur,Hogar con una mujer sola de 65 años o más,Hogar con una mujer sola de 65 años o más,1,,yes
HH_7,1 persona,Fortuna,Hogar con una mujer sola de 65 años o más,Hogar con una mujer sola de 65 años o más,1,,yes
HH_8,1 persona,Polvoranca,Hogar con un hombre solo de 65 años o más,Hogar con un hombre solo de 65 años o más,1,,semidetached_house
HH_9,4 personas,Polvoranca,Otro tipo de hogar,Otro tipo de hogar,4,,house
HH_10,1 persona,Fortuna,Hogar con una mujer sola de 65 años o más,Hogar con una mujer sola de 65 años o más,1,,yes
HH_11,1 persona,Polvoranca,Hogar con una mujer sola de 65 años o más,Hogar con una mujer sola de 65 años o más,1,Alcorcon,city
HH_12,2 personas,Zarzaquemada,Hogar formado por pareja sin hijos,Hogar formado por pareja sin hijos,2,,apartments
HH_13,2 personas,San Nicasio,Hogar formado por pareja sin hijos,Hogar formado por pareja sin hijos,2,Madrid,city
HH_14,1 persona,San Nicasio,Hogar con una mujer sola de 65 años o más,Hogar con una mujer sola de 65 años o más,1,,yes
HH_15,5 o mas personas,Sur,Hogar formado por pareja o un solo progenitor que convive con algún hijo menor de 25 años y otra(s) persona(s),Hogar formado por pareja o un solo progenitor que convive con algún hijo menor de 25 años y otra(s) persona(s),5,Toyota,yes
HH_16,2 personas,Zarzaquemada,Hogar con un solo progenitor que convive con todos sus hijos de 25 años o más,Hogar con un solo progenitor que convive con todos sus hijos de 25 años o más,2,,residential
HH_17,2 personas,Carrascal,Hogar formado por pareja sin hijos,Hogar formado por pareja sin hijos,2,,house
HH_18,5 o mas personas,Norte,Hogar formado por pareja o un solo progenitor que convive con algún hijo menor de 25 años y otra(s) persona(s),Hogar formado por pareja o un solo progenitor que convive con algún hijo menor de 25 años y otra(s) persona(s),5,,yes
HH_19,1 persona,Norte,Hogar con un hombre solo de 65 años o más,Hogar con un hombre solo de 65 años o más,1,,apartments
HH_20,5 o mas personas,Fortuna,Hogar formado por pareja o un solo progenitor que convive con algún hijo menor de 25 años y otra(s) persona(s),Hogar formado por pareja o un solo progenitor que convive con algún hijo menor de 25 años y otra(s) persona(s),5,Sambil Outlet Madrid,yes
HH_21,4 personas,Carrascal,Hogar formado por pareja con hijos en donde algún hijo es menor de 25 años,Hogar formado por pareja con hijos en donde algún hijo es menor de 25 años,4,,yes
HH_22,2 personas,San Nicasio,Hogar con un solo progenitor que convive con todos sus hijos de 25 años o más,Hogar con un solo progenitor que convive con todos sus hijos de 25 años o más,2,,semidetached_house
HH_23,3 personas,Norte,Hogar formado por pareja con hijos en donde algún hijo es menor de 25 años,Hogar formado por pareja con hijos en donde algún hijo es menor de 25 años,3,,apartments
HH_24,4 personas,Zarzaquemada,Hogar formado por pareja con hijos en donde algún hijo es menor de 25 años,Hogar formado por pareja con hijos en donde algún hijo es menor de 25 años,4,,apartments
HH_25,1 persona,San Nicasio,Hogar con una mujer sola menor de 65 años,Hogar con una mujer sola menor de 65 años,1,Fuenlabrada,city
HH_26,4 personas,Carrascal,Hogar formado por pareja o un solo progenitor que convive con algún hijo menor de 25 años y otra(s) persona(s),Hogar formado por pareja o un solo progenitor que convive con algún hijo menor de 25 años y otra(s) persona(s),4,,house
HH_27,1 persona,Norte,Hogar con una mujer sola menor de 65 años,Hogar con una mujer sola menor de 65 años,1,,apartments
HH_28,2 personas,San Nicasio,Otro tipo de hogar,Otro tipo de hogar,2,,house
HH_29,1 persona,Polvoranca,Hogar con un hombre solo de 65 años o más,Hogar con un hombre solo de 65 años o más,1,,house
HH_30,1 persona,San Nicasio,Hogar con un hombre solo menor de 65 años,Hogar con un hombre solo menor de 65 años,1,,yes
HH_31,2 personas,Zarzaquemada,Hogar formado por pareja sin hijos,Hogar formado por pareja sin hijos,2,,apartments
HH_32,2 personas,San Nicasio,Hogar formado por pareja sin hijos,Hogar formado por pareja sin hijos,2,Alcorcon,city
HH_33,4 personas,Sur,Hogar formado por pareja con hijos en donde algún hijo es menor de 25 años,Hogar formado por pareja con hijos en donde algún hijo es menor de 25 años,4,Mas Automoviles,yes
HH_34,2 personas,Sur,Hogar formado por pareja sin hijos,Hogar formado por pareja sin hijos,2,,yes
HH_35,4 personas,Norte,Hogar formado por pareja con hijos en donde algún hijo es menor de 25 años,Hogar formado por pareja con hijos en donde algún hijo es menor de 25 años,4,,apartments
HH_36,2 personas,San Nicasio,Hogar formado por pareja sin hijos,Hogar formado por pareja sin hijos,2,,terrace
HH_37,3 personas,Sur,Hogar formado por pareja con hijos en donde todos los hijos de 25 años o más,Hogar formado por pareja con hijos en donde todos los hijos de 25 años o más,3,,yes
HH_38,2 personas,San Nicasio,Hogar formado por pareja sin hijos,Hogar formado por pareja sin hijos,2,Madrid,city
HH_39,3 personas,Zarzaquemada,Hogar formado por pareja con hijos en donde todos los hijos de 25 años o más,Hogar formado por pareja con hijos en donde todos los hijos de 25 años o más,3,,residential
HH_40,1 persona,Zarzaquemada,Hogar con un hombre solo menor de 65 años,Hogar con un hombre solo menor de 65 años,1,,yes
HH_41,3 personas,Polvoranca,Hogar formado por pareja con hijos en donde algún hijo es menor de 25 años,Hogar formado por pareja con hijos en donde algún hijo es menor de 25 años,3,,semidetached_house
HH_42,5 o mas personas,Norte,Hogar formado por pareja o un solo progenitor que convive con algún hijo menor de 25 años y otra(s) persona(s),Hogar formado por pareja o un solo progenitor que convive con algún hijo menor de 25 años y otra(s) persona(s),5,,apartments
HH_43,4 personas,Zarzaquemada,Hogar formado por pareja con hijos en donde algún hijo es menor de 25 años,Hogar formado por pareja con hijos en donde algún hijo es menor de 25 años,4,,yes
HH_44,5 o mas personas,Polvoranca,Hogar formado por pareja o un solo progenitor que convive con algún hijo menor de 25 años y otra(s) persona(s),Hogar formado por pareja o un solo progenitor que convive con algún hijo menor de 25 años y otra(s) persona(s),5,,house
HH_45,3 personas,San Nicasio,Hogar con un solo progenitor que convive con todos sus hijos de 25 años o más,Hogar con un solo progenitor que convive con todos sus hijos de 25 años o más,3,,apartments
HH_46,1 persona,San Nicasio,Hogar con una mujer sola menor de 65 años,Hogar con una mujer sola menor de 65 años,1,,apartments
HH_47,4 personas,Sur,Hogar formado por pareja con hijos en donde algún hijo es menor de 25 años,Hogar formado por pareja con hijos en donde algún hijo es menor de 25 años,4,,yes
HH_48,5 o mas personas,Sur,Hogar formado por pareja con hijos en donde algún hijo es menor de 25 años,Hogar formado por pareja con hijos en donde algún hijo es menor de 25 años,5,,yes
HH_49,4 personas,Norte,Hogar formado por pareja con hijos en donde algún hijo es menor de 25 años,Hogar formado por pareja con hijos en donde algún hijo es menor de 25 años,4,Getafe norte,city
HH_50,2 personas,Norte,Hogar formado por pareja sin hijos,Hogar formado por pareja sin hijos,2,,apartments
HH_51,3 personas,Zarzaquemada,Hogar formado por pareja o un solo progenitor que convive con algún hijo menor de 25 años y otra(s) persona(s),Hogar formado por pareja o un solo progenitor que convive con algún hijo menor de 25 años y otra(s) persona(s),3,Madrid,city
HH_52,2 personas,Sur,Hogar con un solo progenitor que convive con todos sus hijos de 25 años o más,Hogar con un solo progenitor que convive con todos sus hijos de 25 años o más,2,Madrid,city
HH_53,2 personas,San Nicasio,Hogar formado por pareja sin hijos,Hogar formado por pareja sin hijos,2,,yes
HH_54,1 persona,Fortuna,Hogar con una mujer sola de 65 años o más,Hogar con una mujer sola de 65 años o más,1,,yes
HH_55,2 personas,Zarzaquemada,Hogar con un solo progenitor que convive con todos sus hijos de 25 años o más,Hogar con un solo progenitor que convive con todos sus hijos de 25 años o más,2,Mostoles,city
HH_56,1 persona,Zarzaquemada,Hogar con un hombre solo menor de 65 años,Hogar con un hombre solo menor de 65 años,1,,yes
HH_57,2 personas,Sur,Otro tipo de hogar,Otro tipo de hogar,2,Madrid,city
HH_58,3 personas,Sur,Hogar con un solo progenitor que convive con algún hijo menor de 25 años,Hogar con un solo progenitor que convive con algún hijo menor de 25 años,3,,yes
HH_59,4 personas,Carrascal,Hogar formado por pareja con hijos en donde algún hijo es menor de 25 años,Hogar formado por pareja con hijos en donde algún hijo es menor de 25 años,4,,apartments
HH_60,3 personas,San Nicasio,Hogar formado por pareja con hijos en donde algún hijo es menor de 25 años,Hogar formado por pareja con hijos en donde algún hijo es menor de 25 años,3,,semidetached_house
HH_61,4 personas,Norte,Hogar formado por pareja o un solo progenitor que convive con algún hijo menor de 25 años y otra(s) persona(s),Hogar formado por pareja o un solo progenitor que convive con algún hijo menor de 25 años y otra(s) persona(s),4,Fuenlabrada,city
HH_62,1 persona,Sur,Hogar con una mujer sola menor de 65 años,Hogar con una mujer sola menor de 65 años,1,Iglesia de San Salvador,yes
HH_63,4 personas,Sur,Hogar formado por pareja con hijos en donde algún hijo es menor de 25 años,Hogar formado por pareja con hijos en donde algún hijo es menor de 25 años,4,,yes
HH_64,4 personas,Fortuna,Hogar formado por pareja con hijos en donde algún hijo es menor de 25 años,Hogar formado por pareja con hijos en donde algún hijo es menor de 25 años,4,,terrace
HH_65,1 persona,Zarzaquemada,Hogar con una mujer sola de 65 años o más,Hogar con una mujer sola de 65 años o más,1,,apartments
HH_66,5 o mas personas,Carrascal,Hogar formado por pareja con hijos en donde algún hijo es menor de 25 años,Hogar formado por pareja con hijos en donde algún hijo es menor de 25 años,5,,semidetached_house
HH_67,2 personas,Carrascal,Hogar con un solo progenitor que convive con algún hijo menor de 25 años,Hogar con un solo progenitor que convive con algún hijo menor de 25 años,2,,apartments
HH_68,3 personas,Sur,Hogar formado por pareja con hijos en donde algún hijo es menor de 25 años,Hogar formado por pareja con hijos en donde algún hijo es menor de 25 años,3,Fuenlabrada,city
HH_69,2 personas,Carrascal,Hogar formado por pareja sin hijos,Hogar formado por pareja sin hijos,2,,yes
HH_70,2 personas,Norte,Otro tipo de hogar,Otro tipo de hogar,2,,yes
HH_71,3 personas,Norte,Hogar con un solo progenitor que convive con algún hijo menor de 25 años,Hogar con un solo progenitor que convive con algún hijo menor de 25 años,3,Madrid,city
HH_72,2 personas,Sur,Hogar formado por pareja sin hijos,Hogar formado por pareja sin hijos,2,,residential
HH_73,1 persona,Zarzaquemada,Hogar con un hombre solo de 65 años o más,Hogar con un hombre solo de 65 años o más,1,Madrid,city
HH_74,2 personas,San Nicasio,Hogar formado por pareja sin hijos,Hogar formado por pareja sin hijos,2,Madrid,city
HH_75,1 persona,Zarzaquemada,Hogar con una mujer sola menor de 65 años,Hogar con una mujer sola menor de 65 años,1,,residential
HH_76,1 persona,San Nicasio,Hogar con un hombre solo de 65 años o más,Hogar con un hombre solo de 65 años o más,1,,semidetached_house
HH_77,2 personas,Fortuna,Hogar formado por pareja sin hijos,Hogar formado por pareja sin hijos,2,Madrid,city
HH_78,1 persona,Zarzaquemada,Hogar con una mujer sola de 65 años o más,Hogar con una mujer sola de 65 años o más,1,,residential
HH_79,3 personas,Norte,Otro tipo de hogar,Otro tipo de hogar,3,Madrid,city
HH_80,4 personas,Fortuna,Hogar formado por pareja o un solo progenitor que convive con algún hijo menor de 25 años y otra(s) persona(s),Hogar formado por pareja o un solo progenitor que convive con algún hijo menor de 25 años y otra(s) persona(s),4,Madrid,city
HH_81,2 personas,San Nicasio,Hogar formado por pareja sin hijos,Hogar formado por pareja sin hijos,2,Alcorcon,city
HH_82,5 o mas personas,Sur,Hogar formado por pareja o un solo progenitor que convive con algún hijo menor de 25 años y otra(s) persona(s),Hogar formado por pareja o un solo progenitor que convive con algún hijo menor de 25 años y otra(s) persona(s),5,,apartments
HH_83,2 personas,Norte,Hogar formado por pareja sin hijos,Hogar formado por pareja sin hijos,2,,apartments
HH_84,3 personas,Fortuna,Hogar formado por pareja con hijos en donde todos los hijos de 25 años o más,Hogar formado por pareja con hijos en donde todos los hijos de 25 años o más,3,,yes
HH_85,4 personas,Zarzaquemada,Otro tipo de hogar,Otro tipo de hogar,4,,residential
HH_86,2 personas,Fortuna,Hogar formado por pareja sin hijos,Hogar formado por pareja sin hijos,2,,yes
HH_87,2 personas,San Nicasio,Hogar formado por pareja sin hijos,Hogar formado por pareja sin hijos,2,Fuenlabrada,city
HH_88,1 persona,Carrascal,Hogar con una mujer sola de 65 años o más,Hogar con una mujer sola de 65 años o más,1,,semidetached_house
HH_89,4 personas,San Nicasio,Hogar formado por pareja con hijos en donde todos los hijos de 25 años o más,Hogar formado por pareja con hijos en donde todos los hijos de 25 años o más,4,,residential
HH_90,2 personas,San Nicasio,Hogar con un solo progenitor que convive con todos sus hijos de 25 años o más,Hogar con un solo progenitor que convive con todos sus hijos de 25 años o más,2,,semidetached_house
HH_91,4 personas,Sur,Hogar formado por pareja con hijos en donde algún hijo es menor de 25 años,Hogar formado por pareja con hijos en donde algún hijo es menor de 25 años,4,,residential
HH_92,3 personas,Zarzaquemada,Hogar con un solo progenitor que convive con algún hijo menor de 25 años,Hogar con un solo progenitor que convive con algún hijo menor de 25 años,3,Madrid,city
HH_93,2 personas,Fortuna,Hogar formado por pareja sin hijos,Hogar formado por pareja sin hijos,2,,yes
HH_94,1 persona,Zarzaquemada,Hogar con una mujer sola de 65 años o más,Hogar con una mujer sola de 65 años o más,1,,residential
HH_95,1 persona,Polvoranca,Hogar con una mujer sola menor de 65 años,Hogar con una mujer sola menor de 65 años,1,,terrace
HH_96,1 persona,Carrascal,Hogar con una mujer sola de 65 años o más,Hogar con una mujer sola de 65 años o más,1,Madrid,city
HH_97,2 personas,Fortuna,Hogar formado por pareja sin hijos,Hogar formado por pareja sin hijos,2,Mostoles,city
HH_98,3 personas,Carrascal,Hogar formado por pareja con hijos en donde todos los hijos de 25 años o más,Hogar formado por pareja con hijos en donde todos los hijos de 25 años o más,3,,residential
HH_99,2 personas,Zarzaquemada,Hogar formado por pareja sin hijos,Hogar formado por pareja sin hijos,2,,yes
HH_100,2 personas,Norte,Hogar formado por pareja sin hijos,Hogar formado por pareja sin hijos,2,,apartments
HH_101,3 personas,San Nicasio,Hogar formado por pareja con hijos en donde todos los hijos de 25 años o más,Hogar formado por pareja con hijos en donde todos los hijos de 25 años o más,3,Madrid,city
HH_102,4 personas,Zarzaquemada,Hogar formado por pareja con hijos en donde algún hijo es menor de 25 años,Hogar formado por pareja con hijos en donde algún hijo es menor de 25 años,4,,residential
HH_103,3 personas,Sur,Otro tipo de hogar,Otro tipo de hogar,3,,apartments
HH_104,4 personas,San Nicasio,Otro tipo de hogar,Otro tipo de hogar,4,,semidetached_house
HH_105,1 persona,Carrascal,Hogar con un hombre solo menor de 65 años,Hogar con un hombre solo menor de 65 años,1,Centro de Formación Volkswagen,yes
HH_106,3 personas,Norte,Otro tipo de hogar,Otro tipo de hogar,3,,yes
HH_107,1 persona,Carrascal,Hogar con un hombre solo menor de 65 años,Hogar con un hombre solo menor de 65 años,1,,residential
HH_108,1 persona,Zarzaquemada,Hogar con una mujer sola de 65 años o más,Hogar con una mujer sola de 65 años o más,1,Madrid,city
HH_109,2 personas,San Nicasio,Hogar formado por pareja sin hijos,Hogar formado por pareja sin hijos,2,,house
HH_110,2 personas,Carrascal,Hogar formado por pareja sin hijos,Hogar formado por pareja sin hijos,2,,detached
HH_111,2 personas,Zarzaquemada,Hogar formado por pareja sin hijos,Hogar formado por pareja sin hijos,2,Madrid,city
HH_112,2 personas,Sur,Hogar formado por pareja sin hijos,Hogar formado por pareja sin hijos,2,Madrid,city
HH_113,4 personas,Norte,Hogar formado por pareja con hijos en donde algún hijo es menor de 25 años,Hogar formado por pareja con hijos en donde algún hijo es menor de 25 años,4,Madrid,city
HH_114,4 personas,Sur,Hogar formado por pareja con hijos en donde algún hijo es menor de 25 años,Hogar formado por pareja con hijos en donde algún hijo es menor de 25 años,4,,yes
HH_115,4 personas,Zarzaquemada,Hogar formado por pareja con hijos en donde algún hijo es menor de 25 años,Hogar formado por pareja con hijos en donde algún hijo es menor de 25 años,4,,apartments
HH_116,3 personas,Carrascal,Otro tipo de hogar,Otro tipo de hogar,3,Getafe norte,city
HH_117,2 personas,San Nicasio,Otro tipo de hogar,Otro tipo de hogar,2,,house
HH_118,4 personas,Sur,Hogar formado por pareja con hijos en donde algún hijo es menor de 25 años,Hogar formado por pareja con hijos en donde algún hijo es menor de 25 años,4,Alcorcon,city
HH_119,3 personas,Sur,Hogar formado por pareja con hijos en donde todos los hijos de 25 años o más,Hogar formado por pareja con hijos en donde todos los hijos de 25 años o más,3,Madrid,city
HH_120,2 personas,Carrascal,Hogar formado por pareja sin hijos,Hogar formado por pareja sin hijos,2,,yes
HH_121,3 personas,Zarzaquemada,Hogar formado por pareja con hijos en donde todos los hijos de 25 años o más,Hogar formado por pareja con hijos en donde todos los hijos de 25 años o más,3,,apartments
HH_122,2 personas,Polvoranca,Hogar formado por pareja sin hijos,Hogar formado por pareja sin hijos,2,,semidetached_house
HH_123,3 personas,Sur,Hogar formado por pareja con hijos en donde algún hijo es menor de 25 años,Hogar formado por pareja con hijos en donde algún hijo es menor de 25 años,3,,apartments
HH_124,3 personas,Zarzaquemada,Hogar formado por pareja con hijos en donde algún hijo es menor de 25 años,Hogar formado por pareja con hijos en donde algún hijo es menor de 25 años,3,Madrid,city
HH_125,2 personas,Sur,Hogar formado por pareja sin hijos,Hogar formado por pareja sin hijos,2,,yes
HH_126,5 o mas personas,Zarzaquemada,Hogar formado por pareja o un solo progenitor que convive con algún hijo menor de 25 años y otra(s) persona(s),Hogar formado por pareja o un solo progenitor que convive con algún hijo menor de 25 años y otra(s) persona(s),5,,residential
HH_127,1 persona,Zarzaquemada,Hogar con un hombre solo menor de 65 años,Hogar con un hombre solo menor de 65 años,1,,residential
HH_128,4 personas,Carrascal,Hogar formado por pareja o un solo progenitor que convive con algún hijo menor de 25 años y otra(s) persona(s),Hogar formado por pareja o un solo progenitor que convive con algún hijo menor de 25 años y otra(s) persona(s),4,Fuenlabrada,city
HH_129,1 persona,Fortuna,Hogar con un hombre solo menor de 65 años,Hogar con un hombre solo menor de 65 años,1,,yes
HH_130,3 personas,Carrascal,Hogar con un solo progenitor que convive con algún hijo menor de 25 años,Hogar con un solo progenitor que convive con algún hijo menor de 25 años,3,Madrid,city
HH_131,4 personas,Carrascal,Hogar formado por pareja con hijos en donde algún hijo es menor de 25 años,Hogar formado por pareja con hijos en donde algún hijo es menor de 25 años,4,,yes
HH_132,2 personas,Carrascal,Hogar formado por pareja sin hijos,Hogar formado por pareja sin hijos,2,Madrid,city
HH_133,2 personas,Sur,Hogar formado por pareja sin hijos,Hogar formado por pareja sin hijos,2,Madrid,city
HH_134,5 o mas personas,Zarzaquemada,Hogar formado por pareja o un solo progenitor que convive con algún hijo menor de 25 años y otra(s) persona(s),Hogar formado por pareja o un solo progenitor que convive con algún hijo menor de 25 años y otra(s) persona(s),5,,apartments
HH_135,1 persona,Polvoranca,Hogar con un hombre solo menor de 65 años,Hogar con un hombre solo menor de 65 años,1,,semidetached_house
HH_136,3 personas,Norte,Otro tipo de hogar,Otro tipo de hogar,3,,yes
HH_137,3 personas,Norte,Hogar formado por pareja con hijos en donde algún hijo es menor de 25 años,Hogar formado por pareja con hijos en donde algún hijo es menor de 25 años,3,,apartments
HH_138,4 personas,Norte,Hogar formado por pareja con hijos en donde algún hijo es menor de 25 años,Hogar formado por pareja con hijos en donde algún hijo es menor de 25 años,4,,yes
HH_139,2 personas,Sur,Hogar formado por pareja sin hijos,Hogar formado por pareja sin hijos,2,,apartments
HH_140,2 personas,Zarzaquemada,Hogar con un solo progenitor que convive con algún hijo menor de 25 años,Hogar con un solo progenitor que convive con algún hijo menor de 25 años,2,,residential
HH_141,2 personas,Carrascal,Hogar formado por pareja sin hijos,Hogar formado por pareja sin hijos,2,,semidetached_house
HH_142,4 personas,Zarzaquemada,Hogar formado por pareja con hijos en donde algún hijo es menor de 25 años,Hogar formado por pareja con hijos en donde algún hijo es menor de 25 años,4,,apartments
HH_143,2 personas,Zarzaquemada,Hogar formado por pareja sin hijos,Hogar formado por pareja sin hijos,2,,apartments
HH_144,5 o mas personas,San Nicasio,Hogar formado por pareja o un solo progenitor que convive con algún hijo menor de 25 años y otra(s) persona(s),Hogar formado por pareja o un solo progenitor que convive con algún hijo menor de 25 años y otra(s) persona(s),5,,house
HH_145,2 personas,Carrascal,Hogar formado por pareja sin hijos,Hogar formado por pareja sin hijos,2,,house
HH_146,1 persona,Zarzaquemada,Hogar con una mujer sola de 65 años o más,Hogar con una mujer sola de 65 años o más,1,Fuenlabrada,city
HH_147,5 o mas personas,Zarzaquemada,Hogar formado por pareja o un solo progenitor que convive con algún hijo menor de 25 años y otra(s) persona(s),Hogar formado por pareja o un solo progenitor que convive con algún hijo menor de 25 años y otra(s) persona(s),5,,apartments
HH_148,4 personas,Sur,Hogar formado por pareja o un solo progenitor que convive con algún hijo menor de 25 años y otra(s) persona(s),Hogar formado por pareja o un solo progenitor que convive con algún hijo menor de 25 años y otra(s) persona(s),4,Madrid,city
HH_149,2 personas,San Nicasio,Hogar formado por pareja sin hijos,Hogar formado por pareja sin hijos,2,Madrid,city
HH_150,4 personas,Carrascal,Hogar formado por pareja con hijos en donde todos los hijos de 25 años o más,Hogar formado por pareja con hijos en donde todos los hijos de 25 años o más,4,Madrid,city
HH_151,4 personas,Zarzaquemada,Hogar formado por pareja con hijos en donde algún hijo es menor de 25 años,Hogar formado por pareja con hijos en donde algún hijo es menor de 25 años,4,Madrid,city
HH_152,4 personas,Polvoranca,Hogar formado por pareja con hijos en donde algún hijo es menor de 25 años,Hogar formado por pareja con hijos en donde algún hijo es menor de 25 años,4,,house
HH_153,3 personas,San Nicasio,Otro tipo de hogar,Otro tipo de hogar,3,,residential
HH_154,4 personas,Norte,Hogar formado por pareja con hijos en donde todos los hijos de 25 años o más,Hogar formado por pareja con hijos en donde todos los hijos de 25 años o más,4,,apartments
HH_155,3 personas,Zarzaquemada,Otro tipo de hogar,Otro tipo de hogar,3,,residential
HH_156,2 personas,San Nicasio,Hogar formado por pareja sin hijos,Hogar formado por pareja sin hijos,2,Getafe norte,city
HH_157,3 personas,Sur,Otro tipo de hogar,Otro tipo de hogar,3,Alcorcon,city
HH_158,3 personas,Carrascal,Hogar formado por pareja con hijos en donde algún hijo es menor de 25 años,Hogar formado por pareja con hijos en donde algún hijo es menor de 25 años,3,Madrid,city
HH_159,2 personas,Sur,Hogar con un solo progenitor que convive con todos sus hijos de 25 años o más,Hogar con un solo progenitor que convive con todos sus hijos de 25 años o más,2,Madrid,city
HH_160,2 personas,Sur,Hogar formado por pareja sin hijos,Hogar formado por pareja sin hijos,2,Getafe norte,city
HH_161,3 personas,Zarzaquemada,Hogar formado por pareja con hijos en donde algún hijo es menor de 25 años,Hogar formado por pareja con hijos en donde algún hijo es menor de 25 años,3,,residential
HH_162,4 personas,Carrascal,Hogar formado por pareja con hijos en donde algún hijo es menor de 25 años,Hogar formado por pareja con hijos en donde algún hijo es menor de 25 años,4,,yes
HH_163,3 personas,Sur,Hogar formado por pareja o un solo progenitor que convive con algún hijo menor de 25 años y otra(s) persona(s),Hogar formado por pareja o un solo progenitor que convive con algún hijo menor de 25 años y otra(s) persona(s),3,,yes
HH_164,3 personas,San Nicasio,Hogar formado por pareja con hijos en donde todos los hijos de 25 años o más,Hogar formado por pareja con hijos en donde todos los hijos de 25 años o más,3,,yes
HH_165,2 personas,Zarzaquemada,Hogar formado por pareja sin hijos,Hogar formado por pareja sin hijos,2,,residential
HH_166,2 personas,Sur,Hogar formado por pareja sin hijos,Hogar formado por pareja sin hijos,2,,residential
HH_167,2 personas,Zarzaquemada,Hogar con un solo progenitor que convive con algún hijo menor de 25 años,Hogar con un solo progenitor que convive con algún hijo menor de 25 años,2,,apartments
HH_168,4 personas,Norte,Hogar formado por pareja o un solo progenitor que convive con algún hijo menor de 25 años y otra(s) persona(s),Hogar formado por pareja o un solo progenitor que convive con algún hijo menor de 25 años y otra(s) persona(s),4,,apartments
HH_169,2 personas,Carrascal,Hogar con un solo progenitor que convive con todos sus hijos de 25 años o más,Hogar con un solo progenitor que convive con todos sus hijos de 25 años o más,2,,semidetached_house
HH_170,2 personas,Carrascal,Hogar formado por pareja sin hijos,Hogar formado por pareja sin hijos,2,,yes
HH_171,4 personas,Fortuna,Hogar formado por pareja con hijos en donde todos los hijos de 25 años o más,Hogar formado por pareja con hijos en donde todos los hijos de 25 años o más,4,,yes
HH_172,3 personas,Polvoranca,Hogar formado por pareja con hijos en donde todos los hijos de 25 años o más,Hogar formado por pareja con hijos en donde todos los hijos de 25 años o más,3,,house
HH_173,1 persona,San Nicasio,Hogar con una mujer sola de 65 años o más,Hogar con una mujer sola de 65 años o más,1,,house
HH_174,2 personas,Norte,Hogar formado por pareja sin hijos,Hogar formado por pareja sin hijos,2,,apartments
HH_175,2 personas,Zarzaquemada,Hogar con un solo progenitor que convive con todos sus hijos de 25 años o más,Hogar con un solo progenitor que convive con todos sus hijos de 25 años o más,2,Fuenlabrada,city
HH_176,2 personas,Sur,Hogar formado por pareja sin hijos,Hogar formado por pareja sin hijos,2,Madrid,city
HH_177,3 personas,Zarzaquemada,Hogar formado por pareja con hijos en donde algún hijo es menor de 25 años,Hogar formado por pareja con hijos en donde algún hijo es menor de 25 años,3,,residential
HH_178,1 persona,Norte,Hogar con una mujer sola de 65 años o más,Hogar con una mujer sola de 65 años o más,1,,yes
HH_179,2 personas,Carrascal,Hogar formado por pareja sin hijos,Hogar formado por pareja sin hijos,2,Ford,yes
HH_180,1 persona,Norte,Hogar con un hombre solo menor de 65 años,Hogar con un hombre solo menor de 65 años,1,Fuenlabrada,city
HH_181,2 personas,San Nicasio,Hogar con un solo progenitor que convive con algún hijo menor de 25 años,Hogar con un solo progenitor que convive con algún hijo menor de 25 años,2,,yes
HH_182,3 personas,Zarzaquemada,Hogar formado por pareja con hijos en donde algún hijo es menor de 25 años,Hogar formado por pareja con hijos en donde algún hijo es menor de 25 años,3,,apartments
HH_183,3 personas,Zarzaquemada,Hogar formado por pareja con hijos en donde todos los hijos de 25 años o más,Hogar formado por pareja con hijos en donde todos los hijos de 25 años o más,3,Fuenlabrada,city
HH_184,5 o mas personas,Zarzaquemada,Hogar formado por pareja o un solo progenitor que convive con algún hijo menor de 25 años y otra(s) persona(s),Hogar formado por pareja o un solo progenitor que convive con algún hijo menor de 25 años y otra(s) persona(s),5,,residential
HH_185,3 personas,Carrascal,Hogar con un solo progenitor que convive con algún hijo menor de 25 años,Hogar con un solo progenitor que convive con algún hijo menor de 25 años,3,,yes
HH_186,1 persona,Carrascal,Hogar con una mujer sola de 65 años o más,Hogar con una mujer sola de 65 años o más,1,,yes
HH_187,3 personas,San Nicasio,Hogar formado por pareja con hijos en donde algún hijo es menor de 25 años,Hogar formado por pareja con hijos en donde algún hijo es menor de 25 años,3,,apartments
HH_188,2 personas,Norte,Hogar con un solo progenitor que convive con algún hijo menor de 25 años,Hogar con un solo progenitor que convive con algún hijo menor de 25 años,2,,yes
HH_189,2 personas,Fortuna,Hogar con un solo progenitor que convive con todos sus hijos de 25 años o más,Hogar con un solo progenitor que convive con todos sus hijos de 25 años o más,2,,yes
HH_190,2 personas,Zarzaquemada,Hogar con un solo progenitor que convive con todos sus hijos de 25 años o más,Hogar con un solo progenitor que convive con todos sus hijos de 25 años o más,2,,residential
HH_191,4 personas,Carrascal,Hogar formado por pareja con hijos en donde algún hijo es menor de 25 años,Hogar formado por pareja con hijos en donde algún hijo es menor de 25 años,4,Madrid,city
HH_192,4 personas,Zarzaquemada,Hogar formado por pareja con hijos en donde algún hijo es menor de 25 años,Hogar formado por pareja con hijos en donde algún hijo es menor de 25 años,4,,residential
HH_193,2 personas,Fortuna,Hogar formado por pareja sin hijos,Hogar formado por pareja sin hijos,2,,yes
HH_194,1 persona,Carrascal,Hogar con una mujer sola de 65 años o más,Hogar con una mujer sola de 65 años o más,1,,apartments
HH_195,3 personas,San Nicasio,Hogar formado por pareja con hijos en donde todos los hijos de 25 años o más,Hogar formado por pareja con hijos en donde todos los hijos de 25 años o más,3,,semidetached_house
HH_196,5 o mas personas,Sur,Hogar formado por pareja o un solo progenitor que convive con algún hijo menor de 25 años y otra(s) persona(s),Hogar formado por pareja o un solo progenitor que convive con algún hijo menor de 25 años y otra(s) persona(s),5,,yes
HH_197,3 personas,Zarzaquemada,Otro tipo de hogar,Otro tipo de hogar,3,Madrid,city
HH_198,3 personas,Zarzaquemada,Hogar formado por pareja con hijos en donde algún hijo es menor de 25 años,Hogar formado por pareja con hijos en donde algún hijo es menor de 25 años,3,,residential
HH_199,2 personas,Carrascal,Hogar con un solo progenitor que convive con todos sus hijos de 25 años o más,Hogar con un solo progenitor que convive con todos sus hijos de 25 años o más,2,,apartments
HH_200,5 o mas personas,Sur,Hogar formado por pareja o un solo progenitor que convive con algún hijo menor de 25 años y otra(s) persona(s),Hogar formado por pareja o un solo progenitor que convive con algún hijo menor de 25 años y otra(s) persona(s),5,,apartments
HH_201,1 persona,San Nicasio,Hogar con una mujer sola menor de 65 años,Hogar con una mujer sola menor de 65 años,1,,house
HH_202,4 personas,Carrascal,Hogar formado por pareja o un solo progenitor que convive con algún hijo menor de 25 años y otra(s) persona(s),Hogar formado por pareja o un solo progenitor que convive con algún hijo menor de 25 años y otra(s) persona(s),4,,apartments
HH_203,1 persona,Sur,Hogar con un hombre solo menor de 65 años,Hogar con un hombre solo menor de 65 años,1,,yes
HH_204,3 personas,San Nicasio,Hogar formado por pareja con hijos en donde algún hijo es menor de 25 años,Hogar formado por pareja con hijos en donde algún hijo es menor de 25 años,3,,yes
HH_205,2 personas,Norte,Hogar con un solo progenitor que convive con todos sus hijos de 25 años o más,Hogar con un solo progenitor que convive con todos sus hijos de 25 años o más,2,Madrid,city
HH_206,4 personas,Zarzaquemada,Hogar formado por pareja con hijos en donde algún hijo es menor de 25 años,Hogar formado por pareja con hijos en donde algún hijo es menor de 25 años,4,,apartments
HH_207,4 personas,Zarzaquemada,Hogar con un solo progenitor que convive con algún hijo menor de 25 años,Hogar con un solo progenitor que convive con algún hijo menor de 25 años,4,Madrid,city
HH_208,2 personas,San Nicasio,Hogar con un solo progenitor que convive con algún hijo menor de 25 años,Hogar con un solo progenitor que convive con algún hijo menor de 25 años,2,,terrace
HH_209,3 personas,Norte,Hogar con un solo progenitor que convive con todos sus hijos de 25 años o más,Hogar con un solo progenitor que convive con todos sus hijos de 25 años o más,3,,apartments
HH_210,1 persona,Zarzaquemada,Hogar con una mujer sola de 65 años o más,Hogar con una mujer sola de 65 años o más,1,,apartments
HH_211,1 persona,Fortuna,Hogar con una mujer sola de 65 años o más,Hogar con una mujer sola de 65 años o más,1,,yes
HH_212,4 personas,Fortuna,Hogar formado por pareja con hijos en donde algún hijo es menor de 25 años,Hogar formado por pareja con hijos en donde algún hijo es menor de 25 años,4,Alcorcon,city
HH_213,3 personas,Carrascal,Hogar formado por pareja con hijos en donde algún hijo es menor de 25 años,Hogar formado por pareja con hijos en donde algún hijo es menor de 25 años,3,Madrid,city
HH_214,3 personas,Sur,Hogar formado por pareja con hijos en donde algún hijo es menor de 25 años,Hogar formado por pareja con hijos en donde algún hijo es menor de 25 años,3,Madrid,city
HH_215,5 o mas personas,Fortuna,Hogar formado por pareja con hijos en donde algún hijo es menor de 25 años,Hogar formado por pareja con hijos en donde algún hijo es menor de 25 años,5,,yes
HH_216,2 personas,Norte,Hogar formado por pareja sin hijos,Hogar formado por pareja sin hijos,2,Madrid,city
HH_217,1 persona,San Nicasio,Hogar con una mujer sola de 65 años o más,Hogar con una mujer sola de 65 años o más,1,,semidetached_house
HH_218,1 persona,Zarzaquemada,Hogar con un hombre solo menor de 65 años,Hogar con un hombre solo menor de 65 años,1,Mostoles,city
HH_219,3 personas,Fortuna,Hogar formado por pareja con hijos en donde algún hijo es menor de 25 años,Hogar formado por pareja con hijos en donde algún hijo es menor de 25 años,3,Madrid,city
HH_220,4 personas,San Nicasio,Hogar formado por pareja con hijos en donde algún hijo es menor de 25 años,Hogar formado por pareja con hijos en donde algún hijo es menor de 25 años,4,,semidetached_house
HH_221,2 personas,Carrascal,Otro tipo de hogar,Otro tipo de hogar,2,,semidetached_house
HH_222,1 persona,Zarzaquemada,Hogar con un hombre solo menor de 65 años,Hogar con un hombre solo menor de 65 años,1,Derry Irish Tavern,yes
HH_223,5 o mas personas,Sur,Hogar formado por pareja o un solo progenitor que convive con algún hijo menor de 25 años y otra(s) persona(s),Hogar formado por pareja o un solo progenitor que convive con algún hijo menor de 25 años y otra(s) persona(s),5,,apartments
HH_224,3 personas,San Nicasio,Hogar formado por pareja con hijos en donde algún hijo es menor de 25 años,Hogar formado por pareja con hijos en donde algún hijo es menor de 25 años,3,,semidetached_house
HH_225,3 personas,San Nicasio,Hogar formado por pareja con hijos en donde todos los hijos de 25 años o más,Hogar formado por pareja con hijos en donde todos los hijos de 25 años o más,3,,apartments
HH_226,1 persona,Zarzaquemada,Hogar con un hombre solo menor de 65 años,Hogar con un hombre solo menor de 65 años,1,,residential
HH_227,1 persona,San Nicasio,Hogar con una mujer sola menor de 65 años,Hogar con una mujer sola menor de 65 años,1,,semidetached_house
HH_228,5 o mas personas,Sur,Hogar con un solo progenitor que convive con todos sus hijos de 25 años o más,Hogar con un solo progenitor que convive con todos sus hijos de 25 años o más,5,,yes
HH_229,1 persona,Carrascal,Hogar con una mujer sola menor de 65 años,Hogar con una mujer sola menor de 65 años,1,,yes
HH_230,1 persona,Zarzaquemada,Hogar con una mujer sola de 65 años o más,Hogar con una mujer sola de 65 años o más,1,,residential
HH_231,2 personas,Carrascal,Hogar formado por pareja sin hijos,Hogar formado por pareja sin hijos,2,Fuenlabrada,city
HH_232,2 personas,Zarzaquemada,Hogar formado por pareja sin hijos,Hogar formado por pareja sin hijos,2,,residential
HH_233,3 personas,San Nicasio,Hogar formado por pareja con hijos en donde algún hijo es menor de 25 años,Hogar formado por pareja con hijos en donde algún hijo es menor de 25 años,3,Madrid,city
HH_234,4 personas,Zarzaquemada,Hogar formado por pareja con hijos en donde algún hijo es menor de 25 años,Hogar formado por pareja con hijos en donde algún hijo es menor de 25 años,4,,apartments
HH_235,1 persona,Norte,Hogar con una mujer sola menor de 65 años,Hogar con una mujer sola menor de 65 años,1,,yes
HH_236,1 persona,Norte,Hogar con un hombre solo menor de 65 años,Hogar con un hombre solo menor de 65 años,1,,yes
HH_237,2 personas,Carrascal,Hogar con un solo progenitor que convive con algún hijo menor de 25 años,Hogar con un solo progenitor que convive con algún hijo menor de 25 años,2,Mostoles,city
HH_238,3 personas,Sur,Hogar con un solo progenitor que convive con algún hijo menor de 25 años,Hogar con un solo progenitor que convive con algún hijo menor de 25 años,3,,yes
HH_239,4 personas,Zarzaquemada,Hogar formado por pareja con hijos en donde algún hijo es menor de 25 años,Hogar formado por pareja con hijos en donde algún hijo es menor de 25 años,4,Madrid,city
HH_240,4 personas,Polvoranca,Hogar formado por pareja con hijos en donde algún hijo es menor de 25 años,Hogar formado por pareja con hijos en donde algún hijo es menor de 25 años,4,Madrid,city
HH_241,1 persona,Fortuna,Hogar con una mujer sola de 65 años o más,Hogar con una mujer sola de 65 años o más,1,,yes
HH_242,2 personas,Polvoranca,Hogar formado por pareja sin hijos,Hogar formado por pareja sin hijos,2,,semidetached_house
HH_243,1 persona,Zarzaquemada,Hogar con un hombre solo de 65 años o más,Hogar con un hombre solo de 65 años o más,1,,residential
HH_244,2 personas,Polvoranca,Hogar formado por pareja sin hijos,Hogar formado por pareja sin hijos,2,,terrace
HH_245,3 personas,Zarzaquemada,Otro tipo de hogar,Otro tipo de hogar,3,,apartments
HH_246,1 persona,Polvoranca,Hogar con una mujer sola de 65 años o más,Hogar con una mujer sola de 65 años o más,1,,house
HH_247,4 personas,San Nicasio,Hogar formado por pareja con hijos en donde algún hijo es menor de 25 años,Hogar formado por pareja con hijos en donde algún hijo es menor de 25 años,4,,semidetached_house
HH_248,2 personas,Zarzaquemada,Otro tipo de hogar,Otro tipo de hogar,2,Madrid,city
HH_249,3 personas,Zarzaquemada,Hogar con un solo progenitor que convive con algún hijo menor de 25 años,Hogar con un solo progenitor que convive con algún hijo menor de 25 años,3,Isengar,residential
HH_250,1 persona,Norte,Hogar con una mujer sola menor de 65 años,Hogar con una mujer sola menor de 65 años,1,,yes
HH_251,2 personas,Zarzaquemada,Hogar formado por pareja sin hijos,Hogar formado por pareja sin hijos,2,Alcorcon,city
HH_252,3 personas,Carrascal,Hogar formado por pareja o un solo progenitor que convive con algún hijo menor de 25 años y otra(s) persona(s),Hogar formado por pareja o un solo progenitor que convive con algún hijo menor de 25 años y otra(s) persona(s),3,Madrid,city
HH_253,4 personas,Zarzaquemada,Hogar formado por pareja con hijos en donde algún hijo es menor de 25 años,Hogar formado por pareja con hijos en donde algún hijo es menor de 25 años,4,Fuenlabrada,city
HH_254,2 personas,Sur,Hogar con un solo progenitor que convive con algún hijo menor de 25 años,Hogar con un solo progenitor que convive con algún hijo menor de 25 años,2,,apartments
HH_255,5 o mas personas,Polvoranca,Hogar formado por pareja con hijos en donde algún hijo es menor de 25 años,Hogar formado por pareja con hijos en donde algún hijo es menor de 25 años,5,,house
HH_256,2 personas,Polvoranca,Hogar formado por pareja sin hijos,Hogar formado por pareja sin hijos,2,,yes
HH_257,5 o mas personas,Polvoranca,Hogar formado por pareja o un solo progenitor que convive con algún hijo menor de 25 años y otra(s) persona(s),Hogar formado por pareja o un solo progenitor que convive con algún hijo menor de 25 años y otra(s) persona(s),5,,house
HH_258,4 personas,Fortuna,Hogar formado por pareja con hijos en donde algún hijo es menor de 25 años,Hogar formado por pareja con hijos en donde algún hijo es menor de 25 años,4,,yes
HH_259,3 personas,Carrascal,Hogar con un solo progenitor que convive con todos sus hijos de 25 años o más,Hogar con un solo progenitor que convive con todos sus hijos de 25 años o más,3,Madrid,city
HH_260,4 personas,Sur,Hogar formado por pareja o un solo progenitor que convive con algún hijo menor de 25 años y otra(s) persona(s),Hogar formado por pareja o un solo progenitor que convive con algún hijo menor de 25 años y otra(s) persona(s),4,,apartments
HH_261,5 o mas personas,Carrascal,Hogar formado por pareja o un solo progenitor que convive con algún hijo menor de 25 años y otra(s) persona(s),Hogar formado por pareja o un solo progenitor que convive con algún hijo menor de 25 años y otra(s) persona(s),5,Madrid,city
HH_262,3 personas,Zarzaquemada,Hogar formado por pareja con hijos en donde todos los hijos de 25 años o más,Hogar formado por pareja con hijos en donde todos los hijos de 25 años o más,3,,apartments
HH_263,1 persona,Norte,Hogar con una mujer sola de 65 años o más,Hogar con una mujer sola de 65 años o más,1,,yes
HH_264,3 personas,Carrascal,Otro tipo de hogar,Otro tipo de hogar,3,Getafe norte,city
HH_265,1 persona,Polvoranca,Hogar con una mujer sola de 65 años o más,Hogar con una mujer sola de 65 años o más,1,,house
HH_266,3 personas,Polvoranca,Hogar formado por pareja con hijos en donde algún hijo es menor de 25 años,Hogar formado por pareja con hijos en donde algún hijo es menor de 25 años,3,,yes
HH_267,2 personas,Carrascal,Hogar formado por pareja sin hijos,Hogar formado por pareja sin hijos,2,,yes
HH_268,1 persona,Zarzaquemada,Hogar con una mujer sola de 65 años o más,Hogar con una mujer sola de 65 años o más,1,Madrid,city
HH_269,3 personas,Carrascal,Hogar formado por pareja con hijos en donde algún hijo es menor de 25 años,Hogar formado por pareja con hijos en donde algún hijo es menor de 25 años,3,,house
HH_270,2 personas,Carrascal,Hogar con un solo progenitor que convive con todos sus hijos de 25 años o más,Hogar con un solo progenitor que convive con todos sus hijos de 25 años o más,2,,detached
HH_271,2 personas,Norte,Hogar con un solo progenitor que convive con algún hijo menor de 25 años,Hogar con un solo progenitor que convive con algún hijo menor de 25 años,2,,yes
HH_272,1 persona,Sur,Hogar con una mujer sola menor de 65 años,Hogar con una mujer sola menor de 65 años,1,,yes
HH_273,1 persona,San Nicasio,Hogar con una mujer sola de 65 años o más,Hogar con una mujer sola de 65 años o más,1,Madrid,city
HH_274,2 personas,Zarzaquemada,Hogar formado por pareja sin hijos,Hogar formado por pareja sin hijos,2,,residential
HH_275,1 persona,Zarzaquemada,Hogar con una mujer sola menor de 65 años,Hogar con una mujer sola menor de 65 años,1,,apartments
HH_276,2 personas,Sur,Hogar formado por pareja sin hijos,Hogar formado por pareja sin hijos,2,,residential
HH_277,3 personas,Carrascal,Hogar formado por pareja con hijos en donde algún hijo es menor de 25 años,Hogar formado por pareja con hijos en donde algún hijo es menor de 25 años,3,,apartments
HH_278,2 personas,Sur,Hogar formado por pareja sin hijos,Hogar formado por pareja sin hijos,2,,yes
HH_279,4 personas,Sur,Hogar formado por pareja con hijos en donde algún hijo es menor de 25 años,Hogar formado por pareja con hijos en donde algún hijo es menor de 25 años,4,,yes
HH_280,2 personas,San Nicasio,Hogar formado por pareja sin hijos,Hogar formado por pareja sin hijos,2,,house
HH_281,1 persona,San Nicasio,Hogar con una mujer sola de 65 años o más,Hogar con una mujer sola de 65 años o más,1,,house
HH_282,2 personas,Zarzaquemada,Hogar formado por pareja sin hijos,Hogar formado por pareja sin hijos,2,,residential
HH_283,3 personas,Norte,Hogar formado por pareja con hijos en donde algún hijo es menor de 25 años,Hogar formado por pareja con hijos en donde algún hijo es menor de 25 años,3,Fuenlabrada,city
HH_284,3 personas,Norte,Hogar formado por pareja con hijos en donde algún hijo es menor de 25 años,Hogar formado por pareja con hijos en donde algún hijo es menor de 25 años,3,,apartments
HH_285,3 personas,Sur,Otro tipo de hogar,Otro tipo de hogar,3,,yes
HH_286,3 personas,Fortuna,Hogar formado por pareja con hijos en donde algún hijo es menor de 25 años,Hogar formado por pareja con hijos en donde algún hijo es menor de 25 años,3,,terrace
HH_287,2 personas,Carrascal,Hogar formado por pareja sin hijos,Hogar formado por pareja sin hijos,2,,apartments
HH_288,3 personas,Zarzaquemada,Hogar formado por pareja con hijos en donde todos los hijos de 25 años o más,Hogar formado por pareja con hijos en donde todos los hijos de 25 años o más,3,,apartments
HH_289,2 personas,Zarzaquemada,Hogar formado por pareja sin hijos,Hogar formado por pareja sin hijos,2,,apartments
HH_290,4 personas,Carrascal,Hogar formado por pareja con hijos en donde algún hijo es menor de 25 años,Hogar formado por pareja con hijos en donde algún hijo es menor de 25 años,4,Fuenlabrada,city
HH_291,1 persona,Sur,Hogar con una mujer sola de 65 años o más,Hogar con una mujer sola de 65 años o más,1,,residential
HH_292,3 personas,Carrascal,Hogar con un solo progenitor que convive con algún hijo menor de 25 años,Hogar con un solo progenitor que convive con algún hijo menor de 25 años,3,Madrid,city
HH_293,4 personas,Carrascal,Hogar formado por pareja con hijos en donde algún hijo es menor de 25 años,Hogar formado por pareja con hijos en donde algún hijo es menor de 25 años,4,Madrid,city
HH_294,5 o mas personas,Carrascal,Hogar formado por pareja o un solo progenitor que convive con algún hijo menor de 25 años y otra(s) persona(s),Hogar formado por pareja o un solo progenitor que convive con algún hijo menor de 25 años y otra(s) persona(s),5,Madrid,city
HH_295,5 o mas personas,Carrascal,Hogar formado por pareja con hijos en donde algún hijo es menor de 25 años,Hogar formado por pareja con hijos en donde algún hijo es menor de 25 años,5,,detached
HH_296,4 personas,San Nicasio,Otro tipo de hogar,Otro tipo de hogar,4,,semidetached_house
HH_297,4 personas,Carrascal,Hogar formado por pareja o un solo progenitor que convive con algún hijo menor de 25 años y otra(s) persona(s),Hogar formado por pareja o un solo progenitor que convive con algún hijo menor de 25 años y otra(s) persona(s),4,,residential
HH_298,3 personas,Sur,Hogar formado por pareja con hijos en donde todos los hijos de 25 años o más,Hogar formado por pareja con hijos en donde todos los hijos de 25 años o más,3,Madrid,city
HH_299,3 personas,Zarzaquemada,Hogar formado por pareja con hijos en donde todos los hijos de 25 años o más,Hogar formado por pareja con hijos en donde todos los hijos de 25 años o más,3,Madrid,city
HH_300,2 personas,Sur,Hogar formado por pareja sin hijos,Hogar formado por pareja sin hijos,2,,yes
HH_301,2 personas,Fortuna,Hogar formado por pareja sin hijos,Hogar formado por pareja sin hijos,2,Madrid,city
HH_302,4 personas,Zarzaquemada,Hogar formado por pareja con hijos en donde algún hijo es menor de 25 años,Hogar formado por pareja con hijos en donde algún hijo es menor de 25 años,4,Madrid,city
HH_303,5 o mas personas,Zarzaquemada,Hogar formado por pareja con hijos en donde algún hijo es menor de 25 años,Hogar formado por pareja con hijos en donde algún hijo es menor de 25 años,5,Fuenlabrada,city
HH_304,1 persona,Zarzaquemada,Hogar con un hombre solo menor de 65 años,Hogar con un hombre solo menor de 65 años,1,,apartments
HH_305,3 personas,Carrascal,Hogar con un solo progenitor que convive con algún hijo menor de 25 años,Hogar con un solo progenitor que convive con algún hijo menor de 25 años,3,,yes
HH_306,2 personas,Sur,Hogar con un solo progenitor que convive con todos sus hijos de 25 años o más,Hogar con un solo progenitor que convive con todos sus hijos de 25 años o más,2,,yes
HH_307,4 personas,Polvoranca,Hogar formado por pareja con hijos en donde algún hijo es menor de 25 años,Hogar formado por pareja con hijos en donde algún hijo es menor de 25 años,4,,semidetached_house
HH_308,4 personas,Zarzaquemada,Hogar formado por pareja con hijos en donde algún hijo es menor de 25 años,Hogar formado por pareja con hijos en donde algún hijo es menor de 25 años,4,,apartments
HH_309,1 persona,Sur,Hogar con una mujer sola menor de 65 años,Hogar con una mujer sola menor de 65 años,1,Madrid,city
HH_310,2 personas,Zarzaquemada,Hogar formado por pareja sin hijos,Hogar formado por pareja sin hijos,2,,apartments
HH_311,1 persona,Zarzaquemada,Hogar con un hombre solo menor de 65 años,Hogar con un hombre solo menor de 65 años,1,,residential
HH_312,3 personas,Carrascal,Hogar formado por pareja con hijos en donde algún hijo es menor de 25 años,Hogar formado por pareja con hijos en donde algún hijo es menor de 25 años,3,Madrid,city
HH_313,2 personas,Norte,Hogar formado por pareja sin hijos,Hogar formado por pareja sin hijos,2,,yes
HH_314,4 personas,San Nicasio,Hogar formado por pareja con hijos en donde algún hijo es menor de 25 años,Hogar formado por pareja con hijos en donde algún hijo es menor de 25 años,4,,yes
HH_315,2 personas,Carrascal,Hogar formado por pareja sin hijos,Hogar formado por pareja sin hijos,2,Madrid,city
HH_316,2 personas,San Nicasio,Hogar con un solo progenitor que convive con algún hijo menor de 25 años,Hogar con un solo progenitor que convive con algún hijo menor de 25 años,2,,residential
HH_317,2 personas,San Nicasio,Hogar formado por pareja sin hijos,Hogar formado por pareja sin hijos,2,,semidetached_house
HH_318,3 personas,San Nicasio,Hogar formado por pareja con hijos en donde algún hijo es menor de 25 años,Hogar formado por pareja con hijos en donde algún hijo es menor de 25 años,3,,semidetached_house
HH_319,2 personas,Sur,Hogar con un solo progenitor que convive con todos sus hijos de 25 años o más,Hogar con un solo progenitor que convive con todos sus hijos de 25 años o más,2,Madrid,city
HH_320,3 personas,Carrascal,Hogar formado por pareja con hijos en donde algún hijo es menor de 25 años,Hogar formado por pareja con hijos en donde algún hijo es menor de 25 años,3,,detached
HH_321,1 persona,Carrascal,Hogar con una mujer sola de 65 años o más,Hogar con una mujer sola de 65 años o más,1,Fuenlabrada,city
HH_322,2 personas,Fortuna,Hogar formado por pareja sin hijos,Hogar formado por pareja sin hijos,2,,yes
HH_323,1 persona,San Nicasio,Hogar con una mujer sola menor de 65 años,Hogar con una mujer sola menor de 65 años,1,,semidetached_house
HH_324,4 personas,San Nicasio,Hogar formado por pareja con hijos en donde algún hijo es menor de 25 años,Hogar formado por pareja con hijos en donde algún hijo es menor de 25 años,4,,semidetached_house
HH_325,2 personas,San Nicasio,Hogar formado por pareja sin hijos,Hogar formado por pareja sin hijos,2,,semidetached_house
HH_326,2 personas,Sur,Hogar con un solo progenitor que convive con todos sus hijos de 25 años o más,Hogar con un solo progenitor que convive con todos sus hijos de 25 años o más,2,,yes
HH_327,2 personas,Zarzaquemada,Otro tipo de hogar,Otro tipo de hogar,2,,residential
HH_328,2 personas,Carrascal,Hogar formado por pareja sin hijos,Hogar formado por pareja sin hijos,2,,apartments
HH_329,5 o mas personas,Carrascal,Hogar formado por pareja o un solo progenitor que convive con algún hijo menor de 25 años y otra(s) persona(s),Hogar formado por pareja o un solo progenitor que convive con algún hijo menor de 25 años y otra(s) persona(s),5,,residential
HH_330,4 personas,Sur,Hogar con un solo progenitor que convive con todos sus hijos de 25 años o más,Hogar con un solo progenitor que convive con todos sus hijos de 25 años o más,4,Extremadura,city
HH_331,2 personas,Sur,Hogar formado por pareja sin hijos,Hogar formado por pareja sin hijos,2,,yes
HH_332,5 o mas personas,Zarzaquemada,Hogar formado por pareja o un solo progenitor que convive con algún hijo menor de 25 años y otra(s) persona(s),Hogar formado por pareja o un solo progenitor que convive con algún hijo menor de 25 años y otra(s) persona(s),5,,residential
HH_333,3 personas,Norte,Hogar formado por pareja con hijos en donde todos los hijos de 25 años o más,Hogar formado por pareja con hijos en donde todos los hijos de 25 años o más,3,,apartments
HH_334,2 personas,Zarzaquemada,Hogar formado por pareja sin hijos,Hogar formado por pareja sin hijos,2,,apartments
HH_335,2 personas,Carrascal,Hogar formado por pareja sin hijos,Hogar formado por pareja sin hijos,2,Thales,yes
HH_336,2 personas,Norte,Hogar con un solo progenitor que convive con algún hijo menor de 25 años,Hogar con un solo progenitor que convive con algún hijo menor de 25 años,2,Mostoles,city
HH_337,4 personas,Norte,Otro tipo de hogar,Otro tipo de hogar,4,,apartments
HH_338,1 persona,Carrascal,Hogar con una mujer sola de 65 años o más,Hogar con una mujer sola de 65 años o más,1,,detached
HH_339,2 personas,San Nicasio,Otro tipo de hogar,Otro tipo de hogar,2,Madrid,city
HH_340,4 personas,Zarzaquemada,Hogar formado por pareja con hijos en donde algún hijo es menor de 25 años,Hogar formado por pareja con hijos en donde algún hijo es menor de 25 años,4,Madrid,city
HH_341,3 personas,Carrascal,Hogar formado por pareja con hijos en donde algún hijo es menor de 25 años,Hogar formado por pareja con hijos en donde algún hijo es menor de 25 años,3,Madrid,city
HH_342,4 personas,Carrascal,Hogar formado por pareja con hijos en donde algún hijo es menor de 25 años,Hogar formado por pareja con hijos en donde algún hijo es menor de 25 años,4,,detached
HH_343,3 personas,Zarzaquemada,Hogar formado por pareja con hijos en donde algún hijo es menor de 25 años,Hogar formado por pareja con hijos en donde algún hijo es menor de 25 años,3,,apartments
HH_344,2 personas,Carrascal,Hogar con un solo progenitor que convive con todos sus hijos de 25 años o más,Hogar con un solo progenitor que convive con todos sus hijos de 25 años o más,2,,semidetached_house
HH_345,1 persona,Sur,Hogar con una mujer sola menor de 65 años,Hogar con una mujer sola menor de 65 años,1,,house
HH_346,1 persona,Carrascal,Hogar con una mujer sola menor de 65 años,Hogar con una mujer sola menor de 65 años,1,,apartments
HH_347,3 personas,Fortuna,Hogar formado por pareja con hijos en donde todos los hijos de 25 años o más,Hogar formado por pareja con hijos en donde todos los hijos de 25 años o más,3,,yes
HH_348,4 personas,San Nicasio,Hogar formado por pareja con hijos en donde algún hijo es menor de 25 años,Hogar formado por pareja con hijos en donde algún hijo es menor de 25 años,4,,house
HH_349,2 personas,Carrascal,Hogar con un solo progenitor que convive con todos sus hijos de 25 años o más,Hogar con un solo progenitor que convive con todos sus hijos de 25 años o más,2,,yes
HH_350,5 o mas personas,Zarzaquemada,Hogar formado por pareja con hijos en donde algún hijo es menor de 25 años,Hogar formado por pareja con hijos en donde algún hijo es menor de 25 años,5,Madrid,city
HH_351,2 personas,Sur,Hogar formado por pareja sin hijos,Hogar formado por pareja sin hijos,2,,yes
HH_352,2 personas,Zarzaquemada,Hogar formado por pareja sin hijos,Hogar formado por pareja sin hijos,2,,residential
HH_353,1 persona,San Nicasio,Hogar con un hombre solo menor de 65 años,Hogar con un hombre solo menor de 65 años,1,Madrid,city
HH_354,3 personas,Polvoranca,Hogar con un solo progenitor que convive con algún hijo menor de 25 años,Hogar con un solo progenitor que convive con algún hijo menor de 25 años,3,,semidetached_house
HH_355,1 persona,Fortuna,Hogar con una mujer sola de 65 años o más,Hogar con una mujer sola de 65 años o más,1,Mostoles,city
HH_356,2 personas,Sur,Hogar formado por pareja sin hijos,Hogar formado por pareja sin hijos,2,,yes
HH_357,3 personas,Zarzaquemada,Hogar con un solo progenitor que convive con algún hijo menor de 25 años,Hogar con un solo progenitor que convive con algún hijo menor de 25 años,3,,yes
HH_358,2 personas,Sur,Hogar con un solo progenitor que convive con todos sus hijos de 25 años o más,Hogar con un solo progenitor que convive con todos sus hijos de 25 años o más,2,Mostoles,city
HH_359,2 personas,Zarzaquemada,Hogar con un solo progenitor que convive con todos sus hijos de 25 años o más,Hogar con un solo progenitor que convive con todos sus hijos de 25 años o más,2,,yes
HH_360,2 personas,San Nicasio,Otro tipo de hogar,Otro tipo de hogar,2,Alcorcon,city
HH_361,2 personas,Polvoranca,Hogar formado por pareja sin hijos,Hogar formado por pareja sin hijos,2,,house
HH_362,5 o mas personas,Sur,Hogar formado por pareja o un solo progenitor que convive con algún hijo menor de 25 años y otra(s) persona(s),Hogar formado por pareja o un solo progenitor que convive con algún hijo menor de 25 años y otra(s) persona(s),5,,yes
HH_363,2 personas,San Nicasio,Otro tipo de hogar,Otro tipo de hogar,2,,yes
HH_364,4 personas,Carrascal,Hogar formado por pareja con hijos en donde algún hijo es menor de 25 años,Hogar formado por pareja con hijos en donde algún hijo es menor de 25 años,4,Madrid,city
HH_365,3 personas,San Nicasio,Hogar formado por pareja con hijos en donde algún hijo es menor de 25 años,Hogar formado por pareja con hijos en donde algún hijo es menor de 25 años,3,,yes
HH_366,1 persona,Norte,Hogar con un hombre solo menor de 65 años,Hogar con un hombre solo menor de 65 años,1,,yes
HH_367,2 personas,Fortuna,Hogar formado por pareja sin hijos,Hogar formado por pareja sin hijos,2,,yes
HH_368,2 personas,Sur,Hogar formado por pareja sin hijos,Hogar formado por pareja sin hijos,2,,apartments
HH_369,2 personas,Carrascal,Hogar formado por pareja sin hijos,Hogar formado por pareja sin hijos,2,,apartments
HH_370,3 personas,Sur,Hogar formado por pareja con hijos en donde algún hijo es menor de 25 años,Hogar formado por pareja con hijos en donde algún hijo es menor de 25 años,3,,apartments
HH_371,2 personas,Sur,Hogar con un solo progenitor que convive con algún hijo menor de 25 años,Hogar con un solo progenitor que convive con algún hijo menor de 25 años,2,,yes
HH_372,4 personas,Carrascal,Hogar formado por pareja con hijos en donde algún hijo es menor de 25 años,Hogar formado por pareja con hijos en donde algún hijo es menor de 25 años,4,,yes
HH_373,2 personas,Norte,Otro tipo de hogar,Otro tipo de hogar,2,,apartments
HH_374,4 personas,Sur,Hogar formado por pareja con hijos en donde algún hijo es menor de 25 años,Hogar formado por pareja con hijos en donde algún hijo es menor de 25 años,4,,residential
HH_375,1 persona,Zarzaquemada,Hogar con una mujer sola menor de 65 años,Hogar con una mujer sola menor de 65 años,1,Alcorcon,city
HH_376,3 personas,Norte,Hogar formado por pareja o un solo progenitor que convive con algún hijo menor de 25 años y otra(s) persona(s),Hogar formado por pareja o un solo progenitor que convive con algún hijo menor de 25 años y otra(s) persona(s),3,Madrid,city
HH_377,1 persona,Carrascal,Hogar con un hombre solo menor de 65 años,Hogar con un hombre solo menor de 65 años,1,,detached
HH_378,4 personas,Carrascal,Hogar formado por pareja o un solo progenitor que convive con algún hijo menor de 25 años y otra(s) persona(s),Hogar formado por pareja o un solo progenitor que convive con algún hijo menor de 25 años y otra(s) persona(s),4,Madrid,city
HH_379,4 personas,San Nicasio,Hogar formado por pareja con hijos en donde algún hijo es menor de 25 años,Hogar formado por pareja con hijos en donde algún hijo es menor de 25 años,4,Fuenlabrada,city
HH_380,2 personas,San Nicasio,Otro tipo de hogar,Otro tipo de hogar,2,,apartments
HH_381,3 personas,Sur,Hogar formado por pareja con hijos en donde algún hijo es menor de 25 años,Hogar formado por pareja con hijos en donde algún hijo es menor de 25 años,3,Madrid,city
HH_382,1 persona,Norte,Hogar con una mujer sola menor de 65 años,Hogar con una mujer sola menor de 65 años,1,,yes
HH_383,3 personas,Carrascal,Hogar formado por pareja con hijos en donde algún hijo es menor de 25 años,Hogar formado por pareja con hijos en donde algún hijo es menor de 25 años,3,,apartments
HH_384,2 personas,San Nicasio,Hogar formado por pareja sin hijos,Hogar formado por pareja sin hijos,2,,semidetached_house
HH_385,2 personas,Sur,Hogar formado por pareja sin hijos,Hogar formado por pareja sin hijos,2,,apartments
HH_386,2 personas,San Nicasio,Otro tipo de hogar,Otro tipo de hogar,2,Fuenlabrada,city
HH_387,3 personas,Zarzaquemada,Hogar formado por pareja con hijos en donde algún hijo es menor de 25 años,Hogar formado por pareja con hijos en donde algún hijo es menor de 25 años,3,,apartments
HH_388,3 personas,Zarzaquemada,Hogar formado por pareja con hijos en donde algún hijo es menor de 25 años,Hogar formado por pareja con hijos en donde algún hijo es menor de 25 años,3,,residential
HH_389,1 persona,San Nicasio,Hogar con una mujer sola menor de 65 años,Hogar con una mujer sola menor de 65 años,1,,yes
HH_390,5 o mas personas,Carrascal,Hogar formado por pareja con hijos en donde algún hijo es menor de 25 años,Hogar formado por pareja con hijos en donde algún hijo es menor de 25 años,5,,yes
HH_391,2 personas,Carrascal,Hogar formado por pareja sin hijos,Hogar formado por pareja sin hijos,2,,semidetached_house
HH_392,3 personas,Sur,Hogar formado por pareja con hijos en donde todos los hijos de 25 años o más,Hogar formado por pareja con hijos en donde todos los hijos de 25 años o más,3,Madrid,city
HH_393,2 personas,Norte,Hogar formado por pareja sin hijos,Hogar formado por pareja sin hijos,2,,apartments
HH_394,3 personas,Carrascal,Hogar formado por pareja con hijos en donde algún hijo es menor de 25 años,Hogar formado por pareja con hijos en donde algún hijo es menor de 25 años,3,,yes
HH_395,3 personas,Carrascal,Hogar formado por pareja con hijos en donde algún hijo es menor de 25 años,Hogar formado por pareja con hijos en donde algún hijo es menor de 25 años,3,,apartments
HH_396,1 persona,Sur,Hogar con una mujer sola de 65 años o más,Hogar con una mujer sola de 65 años o más,1,Madrid,city
HH_397,4 personas,Carrascal,Hogar formado por pareja con hijos en donde todos los hijos de 25 años o más,Hogar formado por pareja con hijos en donde todos los hijos de 25 años o más,4,Getafe norte,city
HH_398,2 personas,Zarzaquemada,Hogar formado por pareja sin hijos,Hogar formado por pareja sin hijos,2,Madrid,city
HH_399,2 personas,Norte,Otro tipo de hogar,Otro tipo de hogar,2,,yes
HH_400,2 personas,Sur,Hogar formado por pareja sin hijos,Hogar formado por pareja sin hijos,2,,yes
HH_401,2 personas,Zarzaquemada,Hogar formado por pareja sin hijos,Hogar formado por pareja sin hijos,2,,residential
HH_402,5 o mas personas,Carrascal,Otro tipo de hogar,Otro tipo de hogar,5,,apartments
HH_403,2 personas,San Nicasio,Hogar formado por pareja sin hijos,Hogar formado por pareja sin hijos,2,Alcorcon,city
HH_404,1 persona,Zarzaquemada,Hogar con una mujer sola menor de 65 años,Hogar con una mujer sola menor de 65 años,1,Madrid,city
HH_405,2 personas,Carrascal,Hogar formado por pareja sin hijos,Hogar formado por pareja sin hijos,2,,residential
HH_406,1 persona,Zarzaquemada,Hogar con un hombre solo de 65 años o más,Hogar con un hombre solo de 65 años o más,1,,apartments
HH_407,1 persona,San Nicasio,Hogar con un hombre solo menor de 65 años,Hogar con un hombre solo menor de 65 años,1,,semidetached_house
HH_408,3 personas,Sur,Otro tipo de hogar,Otro tipo de hogar,3,,yes
HH_409,1 persona,Zarzaquemada,Hogar con una mujer sola de 65 años o más,Hogar con una mujer sola de 65 años o más,1,,residential
HH_410,4 personas,Sur,Hogar formado por pareja con hijos en donde todos los hijos de 25 años o más,Hogar formado por pareja con hijos en donde todos los hijos de 25 años o más,4,,yes
HH_411,2 personas,Zarzaquemada,Hogar formado por pareja sin hijos,Hogar formado por pareja sin hijos,2,,yes
HH_412,2 personas,Sur,Otro tipo de hogar,Otro tipo de hogar,2,,house
HH_413,2 personas,Fortuna,Hogar con un solo progenitor que convive con todos sus hijos de 25 años o más,Hogar con un solo progenitor que convive con todos sus hijos de 25 años o más,2,Getafe norte,city
HH_414,4 personas,Norte,Hogar formado por pareja con hijos en donde todos los hijos de 25 años o más,Hogar formado por pareja con hijos en donde todos los hijos de 25 años o más,4,,apartments
HH_415,2 personas,Polvoranca,Hogar formado por pareja sin hijos,Hogar formado por pareja sin hijos,2,,semidetached_house
HH_416,4 personas,San Nicasio,Hogar formado por pareja con hijos en donde todos los hijos de 25 años o más,Hogar formado por pareja con hijos en donde todos los hijos de 25 años o más,4,Fuenlabrada,city
HH_417,1 persona,Norte,Hogar con una mujer sola de 65 años o más,Hogar con una mujer sola de 65 años o más,1,,yes
HH_418,4 personas,Carrascal,Hogar formado por pareja con hijos en donde algún hijo es menor de 25 años,Hogar formado por pareja con hijos en donde algún hijo es menor de 25 años,4,,semidetached_house
HH_419,5 o mas personas,Zarzaquemada,Hogar formado por pareja o un solo progenitor que convive con algún hijo menor de 25 años y otra(s) persona(s),Hogar formado por pareja o un solo progenitor que convive con algún hijo menor de 25 años y otra(s) persona(s),5,,residential
HH_420,5 o mas personas,Zarzaquemada,Hogar formado por pareja o un solo progenitor que convive con algún hijo menor de 25 años y otra(s) persona(s),Hogar formado por pareja o un solo progenitor que convive con algún hijo menor de 25 años y otra(s) persona(s),5,,residential
HH_421,2 personas,Zarzaquemada,Hogar formado por pareja sin hijos,Hogar formado por pareja sin hijos,2,,apartments
HH_422,3 personas,Fortuna,Hogar formado por pareja con hijos en donde algún hijo es menor de 25 años,Hogar formado por pareja con hijos en donde algún hijo es menor de 25 años,3,,yes
HH_423,3 personas,Fortuna,Hogar formado por pareja o un solo progenitor que convive con algún hijo menor de 25 años y otra(s) persona(s),Hogar formado por pareja o un solo progenitor que convive con algún hijo menor de 25 años y otra(s) persona(s),3,,yes
HH_424,3 personas,San Nicasio,Hogar formado por pareja con hijos en donde algún hijo es menor de 25 años,Hogar formado por pareja con hijos en donde algún hijo es menor de 25 años,3,,yes
HH_425,2 personas,Carrascal,Hogar formado por pareja sin hijos,Hogar formado por pareja sin hijos,2,,yes
HH_426,4 personas,Polvoranca,Hogar formado por pareja con hijos en donde algún hijo es menor de 25 años,Hogar formado por pareja con hijos en donde algún hijo es menor de 25 años,4,,semidetached_house
HH_427,4 personas,Zarzaquemada,Hogar formado por pareja con hijos en donde algún hijo es menor de 25 años,Hogar formado por pareja con hijos en donde algún hijo es menor de 25 años,4,,apartments
HH_428,3 personas,Zarzaquemada,Hogar formado por pareja con hijos en donde algún hijo es menor de 25 años,Hogar formado por pareja con hijos en donde algún hijo es menor de 25 años,3,Madrid,city
HH_429,2 personas,Carrascal,Hogar formado por pareja sin hijos,Hogar formado por pareja sin hijos,2,Fuenlabrada,city
HH_430,2 personas,Sur,Hogar formado por pareja sin hijos,Hogar formado por pareja sin hijos,2,Fuenlabrada,city
HH_431,4 personas,Zarzaquemada,Hogar formado por pareja con hijos en donde todos los hijos de 25 años o más,Hogar formado por pareja con hijos en donde todos los hijos de 25 años o más,4,Madrid,city
HH_432,1 persona,Carrascal,Hogar con un hombre solo menor de 65 años,Hogar con un hombre solo menor de 65 años,1,,apartments
HH_433,1 persona,Carrascal,Hogar con una mujer sola de 65 años o más,Hogar con una mujer sola de 65 años o más,1,Fuenlabrada,city
HH_434,4 personas,Polvoranca,Hogar formado por pareja con hijos en donde algún hijo es menor de 25 años,Hogar formado por pareja con hijos en donde algún hijo es menor de 25 años,4,,yes
HH_435,5 o mas personas,Zarzaquemada,Hogar con un solo progenitor que convive con algún hijo menor de 25 años,Hogar con un solo progenitor que convive con algún hijo menor de 25 años,5,Madrid,city
HH_436,1 persona,Sur,Hogar con un hombre solo menor de 65 años,Hogar con un hombre solo menor de 65 años,1,Mostoles,city
HH_437,2 personas,Zarzaquemada,Hogar formado por pareja sin hijos,Hogar formado por pareja sin hijos,2,,residential
HH_438,2 personas,Zarzaquemada,Hogar formado por pareja sin hijos,Hogar formado por pareja sin hijos,2,Fuenlabrada,city
HH_439,4 personas,Norte,Hogar formado por pareja con hijos en donde algún hijo es menor de 25 años,Hogar formado por pareja con hijos en donde algún hijo es menor de 25 años,4,,apartments
HH_440,4 personas,Zarzaquemada,Hogar formado por pareja o un solo progenitor que convive con algún hijo menor de 25 años y otra(s) persona(s),Hogar formado por pareja o un solo progenitor que convive con algún hijo menor de 25 años y otra(s) persona(s),4,,apartments
HH_441,2 personas,Zarzaquemada,Hogar formado por pareja sin hijos,Hogar formado por pareja sin hijos,2,,yes
HH_442,3 personas,San Nicasio,Hogar formado por pareja con hijos en donde algún hijo es menor de 25 años,Hogar formado por pareja con hijos en donde algún hijo es menor de 25 años,3,Madrid,city
HH_443,1 persona,San Nicasio,Hogar con una mujer sola de 65 años o más,Hogar con una mujer sola de 65 años o más,1,,house
HH_444,2 personas,Carrascal,Hogar formado por pareja sin hijos,Hogar formado por pareja sin hijos,2,,yes
HH_445,4 personas,Polvoranca,Hogar formado por pareja con hijos en donde algún hijo es menor de 25 años,Hogar formado por pareja con hijos en donde algún hijo es menor de 25 años,4,,semidetached_house
HH_446,4 personas,Norte,Hogar formado por pareja con hijos en donde algún hijo es menor de 25 años,Hogar formado por pareja con hijos en donde algún hijo es menor de 25 años,4,,yes
HH_447,3 personas,Carrascal,Hogar formado por pareja con hijos en donde todos los hijos de 25 años o más,Hogar formado por pareja con hijos en donde todos los hijos de 25 años o más,3,,yes
HH_448,3 personas,Carrascal,Hogar formado por pareja con hijos en donde todos los hijos de 25 años o más,Hogar formado por pareja con hijos en donde todos los hijos de 25 años o más,3,,detached
HH_449,1 persona,Carrascal,Hogar con una mujer sola de 65 años o más,Hogar con una mujer sola de 65 años o más,1,,detached
HH_450,3 personas,Norte,Hogar formado por pareja con hijos en donde algún hijo es menor de 25 años,Hogar formado por pareja con hijos en donde algún hijo es menor de 25 años,3,,yes
HH_451,3 personas,Norte,Hogar formado por pareja con hijos en donde todos los hijos de 25 años o más,Hogar formado por pareja con hijos en donde todos los hijos de 25 años o más,3,Madrid,city
HH_452,2 personas,Zarzaquemada,Otro tipo de hogar,Otro tipo de hogar,2,,yes
HH_453,2 personas,Carrascal,Hogar formado por pareja sin hijos,Hogar formado por pareja sin hijos,2,,apartments
HH_454,2 personas,Norte,Hogar con un solo progenitor que convive con algún hijo menor de 25 años,Hogar con un solo progenitor que convive con algún hijo menor de 25 años,2,,apartments
HH_455,2 personas,Sur,Hogar con un solo progenitor que convive con algún hijo menor de 25 años,Hogar con un solo progenitor que convive con algún hijo menor de 25 años,2,,apartments
HH_456,4 personas,Sur,Hogar formado por pareja con hijos en donde algún hijo es menor de 25 años,Hogar formado por pareja con hijos en donde algún hijo es menor de 25 años,4,,yes
HH_457,3 personas,Zarzaquemada,Hogar formado por pareja con hijos en donde algún hijo es menor de 25 años,Hogar formado por pareja con hijos en donde algún hijo es menor de 25 años,3,,residential
HH_458,3 personas,Sur,Hogar formado por pareja con hijos en donde algún hijo es menor de 25 años,Hogar formado por pareja con hijos en donde algún hijo es menor de 25 años,3,,apartments
HH_459,1 persona,Fortuna,Hogar con una mujer sola de 65 años o más,Hogar con una mujer sola de 65 años o más,1,,yes
HH_460,2 personas,Polvoranca,Hogar con un solo progenitor que convive con todos sus hijos de 25 años o más,Hogar con un solo progenitor que convive con todos sus hijos de 25 años o más,2,,semidetached_house
HH_461,3 personas,Sur,Otro tipo de hogar,Otro tipo de hogar,3,,apartments
HH_462,3 personas,Zarzaquemada,Hogar con un solo progenitor que convive con todos sus hijos de 25 años o más,Hogar con un solo progenitor que convive con todos sus hijos de 25 años o más,3,,apartments
HH_463,2 personas,San Nicasio,Hogar formado por pareja sin hijos,Hogar formado por pareja sin hijos,2,,house
HH_464,1 persona,Norte,Hogar con una mujer sola menor de 65 años,Hogar con una mujer sola menor de 65 años,1,,apartments
HH_465,2 personas,Zarzaquemada,Hogar con un solo progenitor que convive con todos sus hijos de 25 años o más,Hogar con un solo progenitor que convive con todos sus hijos de 25 años o más,2,,residential
HH_466,1 persona,Zarzaquemada,Hogar con un hombre solo menor de 65 años,Hogar con un hombre solo menor de 65 años,1,,apartments
HH_467,2 personas,Zarzaquemada,Hogar formado por pareja sin hijos,Hogar formado por pareja sin hijos,2,,residential
HH_468,4 personas,Carrascal,Hogar formado por pareja con hijos en donde algún hijo es menor de 25 años,Hogar formado por pareja con hijos en donde algún hijo es menor de 25 años,4,Madrid,city
HH_469,4 personas,Norte,Hogar formado por pareja con hijos en donde algún hijo es menor de 25 años,Hogar formado por pareja con hijos en donde algún hijo es menor de 25 años,4,,apartments
HH_470,1 persona,Norte,Hogar con una mujer sola de 65 años o más,Hogar con una mujer sola de 65 años o más,1,Getafe norte,city
HH_471,3 personas,Carrascal,Hogar con un solo progenitor que convive con algún hijo menor de 25 años,Hogar con un solo progenitor que convive con algún hijo menor de 25 años,3,,apartments
HH_472,2 personas,Carrascal,Hogar formado por pareja sin hijos,Hogar formado por pareja sin hijos,2,,apartments
HH_473,4 personas,Norte,Hogar formado por pareja con hijos en donde algún hijo es menor de 25 años,Hogar formado por pareja con hijos en donde algún hijo es menor de 25 años,4,,house
HH_474,1 persona,Carrascal,Hogar con un hombre solo menor de 65 años,Hogar con un hombre solo menor de 65 años,1,,yes
HH_475,2 personas,Carrascal,Hogar formado por pareja sin hijos,Hogar formado por pareja sin hijos,2,,semidetached_house
HH_476,2 personas,San Nicasio,Hogar formado por pareja sin hijos,Hogar formado por pareja sin hijos,2,Madrid,city
HH_477,1 persona,San Nicasio,Hogar con una mujer sola de 65 años o más,Hogar con una mujer sola de 65 años o más,1,Madrid,city
HH_478,3 personas,Polvoranca,Hogar formado por pareja con hijos en donde algún hijo es menor de 25 años,Hogar formado por pareja con hijos en donde algún hijo es menor de 25 años,3,Madrid,city
HH_479,1 persona,Polvoranca,Hogar con un hombre solo de 65 años o más,Hogar con un hombre solo de 65 años o más,1,,yes
HH_480,1 persona,Sur,Hogar con una mujer sola menor de 65 años,Hogar con una mujer sola menor de 65 años,1,Alcorcon,city
HH_481,2 personas,Zarzaquemada,Hogar formado por pareja sin hijos,Hogar formado por pareja sin hijos,2,,apartments
HH_482,4 personas,Sur,Hogar formado por pareja con hijos en donde algún hijo es menor de 25 años,Hogar formado por pareja con hijos en donde algún hijo es menor de 25 años,4,Fuenlabrada,city
HH_483,4 personas,Norte,Hogar formado por pareja con hijos en donde algún hijo es menor de 25 años,Hogar formado por pareja con hijos en donde algún hijo es menor de 25 años,4,,apartments
HH_484,3 personas,San Nicasio,Hogar con un solo progenitor que convive con todos sus hijos de 25 años o más,Hogar con un solo progenitor que convive con todos sus hijos de 25 años o más,3,,semidetached_house
HH_485,2 personas,Carrascal,Hogar formado por pareja sin hijos,Hogar formado por pareja sin hijos,2,Madrid,city
HH_486,1 persona,Zarzaquemada,Hogar con una mujer sola menor de 65 años,Hogar con una mujer sola menor de 65 años,1,Madrid,city
HH_487,5 o mas personas,Zarzaquemada,Hogar formado por pareja o un solo progenitor que convive con algún hijo menor de 25 años y otra(s) persona(s),Hogar formado por pareja o un solo progenitor que convive con algún hijo menor de 25 años y otra(s) persona(s),5,,yes
HH_488,5 o mas personas,Norte,Hogar formado por pareja o un solo progenitor que convive con algún hijo menor de 25 años y otra(s) persona(s),Hogar formado por pareja o un solo progenitor que convive con algún hijo menor de 25 años y otra(s) persona(s),5,Fuenlabrada,city
HH_489,2 personas,Zarzaquemada,Otro tipo de hogar,Otro tipo de hogar,2,,apartments
HH_490,2 personas,Zarzaquemada,Hogar formado por pareja sin hijos,Hogar formado por pareja sin hijos,2,,yes
HH_491,3 personas,San Nicasio,Hogar formado por pareja con hijos en donde algún hijo es menor de 25 años,Hogar formado por pareja con hijos en donde algún hijo es menor de 25 años,3,,yes
HH_492,1 persona,Fortuna,Hogar con una mujer sola menor de 65 años,Hogar con una mujer sola menor de 65 años,1,Madrid,city
HH_493,4 personas,Sur,Hogar formado por pareja con hijos en donde algún hijo es menor de 25 años,Hogar formado por pareja con hijos en donde algún hijo es menor de 25 años,4,,yes
HH_494,2 personas,Fortuna,Hogar formado por pareja sin hijos,Hogar formado por pareja sin hijos,2,,yes
HH_495,4 personas,Zarzaquemada,Hogar formado por pareja con hijos en donde todos los hijos de 25 años o más,Hogar formado por pareja con hijos en donde todos los hijos de 25 años o más,4,,residential
HH_496,4 personas,Carrascal,Hogar formado por pareja con hijos en donde algún hijo es menor de 25 años,Hogar formado por pareja con hijos en donde algún hijo es menor de 25 años,4,,semidetached_house
HH_497,2 personas,Polvoranca,Hogar formado por pareja sin hijos,Hogar formado por pareja sin hijos,2,Fuenlabrada,city
HH_498,4 personas,San Nicasio,Hogar formado por pareja con hijos en donde algún hijo es menor de 25 años,Hogar formado por pareja con hijos en donde algún hijo es menor de 25 años,4,Madrid,city
HH_499,1 persona,Norte,Hogar con un hombre solo menor de 65 años,Hogar con un hombre solo menor de 65 años,1,,apartments
HH_500,2 personas,Carrascal,Hogar formado por pareja sin hijos,Hogar formado por pareja sin hijos,2,,semidetached_house
HH_501,4 personas,Fortuna,Hogar formado por pareja con hijos en donde todos los hijos de 25 años o más,Hogar formado por pareja con hijos en donde todos los hijos de 25 años o más,4,Getafe norte,city
HH_502,2 personas,Zarzaquemada,Hogar formado por pareja sin hijos,Hogar formado por pareja sin hijos,2,,residential
HH_503,2 personas,Sur,Hogar formado por pareja sin hijos,Hogar formado por pareja sin hijos,2,,yes
HH_504,4 personas,Norte,Hogar formado por pareja con hijos en donde algún hijo es menor de 25 años,Hogar formado por pareja con hijos en donde algún hijo es menor de 25 años,4,,yes
HH_505,2 personas,Carrascal,Hogar formado por pareja sin hijos,Hogar formado por pareja sin hijos,2,,apartments
HH_506,4 personas,Carrascal,Hogar formado por pareja con hijos en donde algún hijo es menor de 25 años,Hogar formado por pareja con hijos en donde algún hijo es menor de 25 años,4,Fuenlabrada,city
HH_507,1 persona,Carrascal,Hogar con una mujer sola menor de 65 años,Hogar con una mujer sola menor de 65 años,1,,detached
HH_508,3 personas,Polvoranca,Hogar formado por pareja con hijos en donde todos los hijos de 25 años o más,Hogar formado por pareja con hijos en donde todos los hijos de 25 años o más,3,Madrid,city
HH_509,3 personas,San Nicasio,Hogar con un solo progenitor que convive con todos sus hijos de 25 años o más,Hogar con un solo progenitor que convive con todos sus hijos de 25 años o más,3,,semidetached_house
HH_510,4 personas,San Nicasio,Hogar formado por pareja con hijos en donde algún hijo es menor de 25 años,Hogar formado por pareja con hijos en donde algún hijo es menor de 25 años,4,,house
HH_511,2 personas,San Nicasio,Hogar formado por pareja sin hijos,Hogar formado por pareja sin hijos,2,Alcorcon,city
HH_512,3 personas,Carrascal,Hogar formado por pareja con hijos en donde algún hijo es menor de 25 años,Hogar formado por pareja con hijos en donde algún hijo es menor de 25 años,3,Mostoles,city
HH_513,2 personas,San Nicasio,Hogar formado por pareja sin hijos,Hogar formado por pareja sin hijos,2,,yes
HH_514,3 personas,Fortuna,Hogar con un solo progenitor que convive con algún hijo menor de 25 años,Hogar con un solo progenitor que convive con algún hijo menor de 25 años,3,,yes
HH_515,1 persona,Zarzaquemada,Hogar con una mujer sola menor de 65 años,Hogar con una mujer sola menor de 65 años,1,,residential
HH_516,1 persona,Carrascal,Hogar con un hombre solo menor de 65 años,Hogar con un hombre solo menor de 65 años,1,,apartments
HH_517,3 personas,Carrascal,Hogar formado por pareja con hijos en donde algún hijo es menor de 25 años,Hogar formado por pareja con hijos en donde algún hijo es menor de 25 años,3,,house
HH_518,3 personas,Carrascal,Hogar formado por pareja con hijos en donde algún hijo es menor de 25 años,Hogar formado por pareja con hijos en donde algún hijo es menor de 25 años,3,Oficina de Correos,yes
HH_519,3 personas,San Nicasio,Hogar formado por pareja con hijos en donde todos los hijos de 25 años o más,Hogar formado por pareja con hijos en donde todos los hijos de 25 años o más,3,,semidetached_house
HH_520,2 personas,Norte,Otro tipo de hogar,Otro tipo de hogar,2,,yes
HH_521,2 personas,Norte,Otro tipo de hogar,Otro tipo de hogar,2,,apartments
HH_522,3 personas,Carrascal,Otro tipo de hogar,Otro tipo de hogar,3,,yes
HH_523,4 personas,Sur,Hogar formado por pareja con hijos en donde todos los hijos de 25 años o más,Hogar formado por pareja con hijos en donde todos los hijos de 25 años o más,4,,yes
HH_524,4 personas,Zarzaquemada,Hogar formado por pareja con hijos en donde algún hijo es menor de 25 años,Hogar formado por pareja con hijos en donde algún hijo es menor de 25 años,4,,residential
HH_525,3 personas,Carrascal,Hogar formado por pareja con hijos en donde todos los hijos de 25 años o más,Hogar formado por pareja con hijos en donde todos los hijos de 25 años o más,3,Getafe norte,city
HH_526,3 personas,Zarzaquemada,Hogar formado por pareja con hijos en donde algún hijo es menor de 25 años,Hogar formado por pareja con hijos en donde algún hijo es menor de 25 años,3,,residential
HH_527,4 personas,Sur,Hogar formado por pareja con hijos en donde algún hijo es menor de 25 años,Hogar formado por pareja con hijos en donde algún hijo es menor de 25 años,4,,house
HH_528,2 personas,Norte,Hogar con un solo progenitor que convive con algún hijo menor de 25 años,Hogar con un solo progenitor que convive con algún hijo menor de 25 años,2,Madrid,city
HH_529,3 personas,Sur,Hogar formado por pareja con hijos en donde todos los hijos de 25 años o más,Hogar formado por pareja con hijos en donde todos los hijos de 25 años o más,3,,yes
HH_530,3 personas,Norte,Hogar formado por pareja o un solo progenitor que convive con algún hijo menor de 25 años y otra(s) persona(s),Hogar formado por pareja o un solo progenitor que convive con algún hijo menor de 25 años y otra(s) persona(s),3,,apartments
HH_531,4 personas,Zarzaquemada,Hogar formado por pareja con hijos en donde algún hijo es menor de 25 años,Hogar formado por pareja con hijos en donde algún hijo es menor de 25 años,4,,residential
HH_532,1 persona,San Nicasio,Hogar con una mujer sola de 65 años o más,Hogar con una mujer sola de 65 años o más,1,,yes
HH_533,4 personas,San Nicasio,Hogar formado por pareja con hijos en donde todos los hijos de 25 años o más,Hogar formado por pareja con hijos en donde todos los hijos de 25 años o más,4,,yes
HH_534,2 personas,Fortuna,Hogar formado por pareja sin hijos,Hogar formado por pareja sin hijos,2,,semidetached_house
HH_535,3 personas,Norte,Hogar formado por pareja con hijos en donde todos los hijos de 25 años o más,Hogar formado por pareja con hijos en donde todos los hijos de 25 años o más,3,,apartments
HH_536,3 personas,Zarzaquemada,Hogar formado por pareja o un solo progenitor que convive con algún hijo menor de 25 años y otra(s) persona(s),Hogar formado por pareja o un solo progenitor que convive con algún hijo menor de 25 años y otra(s) persona(s),3,,apartments
HH_537,1 persona,San Nicasio,Hogar con una mujer sola menor de 65 años,Hogar con una mujer sola menor de 65 años,1,,residential
HH_538,2 personas,Norte,Otro tipo de hogar,Otro tipo de hogar,2,,apartments
HH_539,2 personas,Zarzaquemada,Hogar formado por pareja sin hijos,Hogar formado por pareja sin hijos,2,,yes
HH_540,4 personas,Norte,Otro tipo de hogar,Otro tipo de hogar,4,,apartments
HH_541,2 personas,San Nicasio,Hogar formado por pareja sin hijos,Hogar formado por pareja sin hijos,2,,house
HH_542,4 personas,Norte,Hogar formado por pareja con hijos en donde algún hijo es menor de 25 años,Hogar formado por pareja con hijos en donde algún hijo es menor de 25 años,4,,yes
HH_543,4 personas,Norte,Hogar formado por pareja con hijos en donde algún hijo es menor de 25 años,Hogar formado por pareja con hijos en donde algún hijo es menor de 25 años,4,,apartments
HH_544,3 personas,Zarzaquemada,Hogar formado por pareja con hijos en donde algún hijo es menor de 25 años,Hogar formado por pareja con hijos en donde algún hijo es menor de 25 años,3,,apartments
HH_545,5 o mas personas,San Nicasio,Hogar formado por pareja con hijos en donde algún hijo es menor de 25 años,Hogar formado por pareja con hijos en donde algún hijo es menor de 25 años,5,Madrid,city
HH_546,3 personas,Fortuna,Hogar formado por pareja con hijos en donde todos los hijos de 25 años o más,Hogar formado por pareja con hijos en donde todos los hijos de 25 años o más,3,Madrid,city
HH_547,3 personas,Zarzaquemada,Hogar formado por pareja con hijos en donde todos los hijos de 25 años o más,Hogar formado por pareja con hijos en donde todos los hijos de 25 años o más,3,Getafe norte,city
HH_548,3 personas,Zarzaquemada,Hogar formado por pareja con hijos en donde todos los hijos de 25 años o más,Hogar formado por pareja con hijos en donde todos los hijos de 25 años o más,3,,residential
HH_549,2 personas,San Nicasio,Hogar con un solo progenitor que convive con algún hijo menor de 25 años,Hogar con un solo progenitor que convive con algún hijo menor de 25 años,2,,semidetached_house
HH_550,3 personas,Norte,Hogar formado por pareja con hijos en donde algún hijo es menor de 25 años,Hogar formado por pareja con hijos en donde algún hijo es menor de 25 años,3,,residential
HH_551,1 persona,Zarzaquemada,Hogar con un hombre solo menor de 65 años,Hogar con un hombre solo menor de 65 años,1,,yes
HH_552,2 personas,San Nicasio,Hogar formado por pareja sin hijos,Hogar formado por pareja sin hijos,2,,house
HH_553,3 personas,Zarzaquemada,Hogar formado por pareja con hijos en donde algún hijo es menor de 25 años,Hogar formado por pareja con hijos en donde algún hijo es menor de 25 años,3,,residential
HH_554,3 personas,San Nicasio,Hogar formado por pareja con hijos en donde algún hijo es menor de 25 años,Hogar formado por pareja con hijos en donde algún hijo es menor de 25 años,3,,semidetached_house
HH_555,2 personas,Zarzaquemada,Hogar con un solo progenitor que convive con algún hijo menor de 25 años,Hogar con un solo progenitor que convive con algún hijo menor de 25 años,2,,residential
HH_556,1 persona,Zarzaquemada,Hogar con una mujer sola de 65 años o más,Hogar con una mujer sola de 65 años o más,1,,residential
HH_557,1 persona,Carrascal,Hogar con una mujer sola de 65 años o más,Hogar con una mujer sola de 65 años o más,1,,residential
HH_558,2 personas,Polvoranca,Hogar con un solo progenitor que convive con todos sus hijos de 25 años o más,Hogar con un solo progenitor que convive con todos sus hijos de 25 años o más,2,,terrace
HH_559,1 persona,San Nicasio,Hogar con una mujer sola de 65 años o más,Hogar con una mujer sola de 65 años o más,1,Fuenlabrada,city
HH_560,1 persona,Zarzaquemada,Hogar con un hombre solo menor de 65 años,Hogar con un hombre solo menor de 65 años,1,Getafe norte,city
HH_561,3 personas,Polvoranca,Hogar formado por pareja con hijos en donde todos los hijos de 25 años o más,Hogar formado por pareja con hijos en donde todos los hijos de 25 años o más,3,,semidetached_house
HH_562,1 persona,Fortuna,Hogar con una mujer sola de 65 años o más,Hogar con una mujer sola de 65 años o más,1,,yes
HH_563,2 personas,Sur,Hogar formado por pareja sin hijos,Hogar formado por pareja sin hijos,2,Centro Ocupacional Fundación F.A.D.,yes
HH_564,1 persona,Fortuna,Hogar con una mujer sola de 65 años o más,Hogar con una mujer sola de 65 años o más,1,,semidetached_house
HH_565,4 personas,Norte,Hogar formado por pareja con hijos en donde algún hijo es menor de 25 años,Hogar formado por pareja con hijos en donde algún hijo es menor de 25 años,4,,yes
HH_566,4 personas,Zarzaquemada,Hogar formado por pareja con hijos en donde algún hijo es menor de 25 años,Hogar formado por pareja con hijos en donde algún hijo es menor de 25 años,4,Extremadura,city
HH_567,2 personas,Polvoranca,Hogar formado por pareja sin hijos,Hogar formado por pareja sin hijos,2,,terrace
HH_568,1 persona,Sur,Hogar con un hombre solo menor de 65 años,Hogar con un hombre solo menor de 65 años,1,Madrid,city
HH_569,2 personas,Carrascal,Hogar formado por pareja sin hijos,Hogar formado por pareja sin hijos,2,,residential
HH_570,4 personas,San Nicasio,Hogar formado por pareja con hijos en donde todos los hijos de 25 años o más,Hogar formado por pareja con hijos en donde todos los hijos de 25 años o más,4,Mostoles,city
HH_571,2 personas,Fortuna,Hogar formado por pareja sin hijos,Hogar formado por pareja sin hijos,2,,yes
HH_572,3 personas,San Nicasio,Hogar formado por pareja con hijos en donde algún hijo es menor de 25 años,Hogar formado por pareja con hijos en donde algún hijo es menor de 25 años,3,,house
HH_573,3 personas,Polvoranca,Hogar formado por pareja con hijos en donde algún hijo es menor de 25 años,Hogar formado por pareja con hijos en donde algún hijo es menor de 25 años,3,Getafe norte,city
HH_574,2 personas,Carrascal,Hogar formado por pareja sin hijos,Hogar formado por pareja sin hijos,2,,residential
HH_575,1 persona,Carrascal,Hogar con un hombre solo menor de 65 años,Hogar con un hombre solo menor de 65 años,1,Aurgi,yes
HH_576,1 persona,Norte,Hogar con un hombre solo menor de 65 años,Hogar con un hombre solo menor de 65 años,1,,yes
HH_577,2 personas,San Nicasio,Hogar con un solo progenitor que convive con todos sus hijos de 25 años o más,Hogar con un solo progenitor que convive con todos sus hijos de 25 años o más,2,,semidetached_house
HH_578,2 personas,Zarzaquemada,Hogar formado por pareja sin hijos,Hogar formado por pareja sin hijos,2,Madrid,city
HH_579,4 personas,Carrascal,Hogar formado por pareja con hijos en donde algún hijo es menor de 25 años,Hogar formado por pareja con hijos en donde algún hijo es menor de 25 años,4,Mostoles,city
HH_580,2 personas,San Nicasio,Hogar con un solo progenitor que convive con algún hijo menor de 25 años,Hogar con un solo progenitor que convive con algún hijo menor de 25 años,2,,semidetached_house
HH_581,1 persona,Sur,Hogar con una mujer sola menor de 65 años,Hogar con una mujer sola menor de 65 años,1,,apartments
HH_582,4 personas,Norte,Hogar formado por pareja con hijos en donde algún hijo es menor de 25 años,Hogar formado por pareja con hijos en donde algún hijo es menor de 25 años,4,Getafe norte,city
HH_583,2 personas,Polvoranca,Hogar formado por pareja sin hijos,Hogar formado por pareja sin hijos,2,Fuenlabrada,city
HH_584,1 persona,Norte,Hogar con una mujer sola menor de 65 años,Hogar con una mujer sola menor de 65 años,1,,apartments
HH_585,4 personas,Fortuna,Hogar formado por pareja con hijos en donde algún hijo es menor de 25 años,Hogar formado por pareja con hijos en donde algún hijo es menor de 25 años,4,Alcorcon,city
HH_586,2 personas,Zarzaquemada,Hogar formado por pareja sin hijos,Hogar formado por pareja sin hijos,2,,apartments
HH_587,4 personas,Carrascal,Hogar formado por pareja con hijos en donde algún hijo es menor de 25 años,Hogar formado por pareja con hijos en donde algún hijo es menor de 25 años,4,,yes
HH_588,3 personas,Sur,Hogar formado por pareja con hijos en donde todos los hijos de 25 años o más,Hogar formado por pareja con hijos en donde todos los hijos de 25 años o más,3,,apartments
HH_589,3 personas,Sur,Hogar con un solo progenitor que convive con algún hijo menor de 25 años,Hogar con un solo progenitor que convive con algún hijo menor de 25 años,3,Madrid,city
HH_590,4 personas,Zarzaquemada,Otro tipo de hogar,Otro tipo de hogar,4,Madrid,city
HH_591,1 persona,Norte,Hogar con un hombre solo menor de 65 años,Hogar con un hombre solo menor de 65 años,1,Madrid,city
HH_592,2 personas,Carrascal,Hogar con un solo progenitor que convive con todos sus hijos de 25 años o más,Hogar con un solo progenitor que convive con todos sus hijos de 25 años o más,2,,house
HH_593,4 personas,San Nicasio,Otro tipo de hogar,Otro tipo de hogar,4,,semidetached_house
HH_594,5 o mas personas,Carrascal,Hogar formado por pareja con hijos en donde algún hijo es menor de 25 años,Hogar formado por pareja con hijos en donde algún hijo es menor de 25 años,5,,detached
HH_595,1 persona,Sur,Hogar con un hombre solo de 65 años o más,Hogar con un hombre solo de 65 años o más,1,,residential
HH_596,4 personas,San Nicasio,Hogar formado por pareja con hijos en donde algún hijo es menor de 25 años,Hogar formado por pareja con hijos en donde algún hijo es menor de 25 años,4,,semidetached_house
HH_597,5 o mas personas,Carrascal,Hogar formado por pareja con hijos en donde algún hijo es menor de 25 años,Hogar formado por pareja con hijos en donde algún hijo es menor de 25 años,5,Madrid,city
HH_598,2 personas,Sur,Hogar formado por pareja sin hijos,Hogar formado por pareja sin hijos,2,Madrid,city
HH_599,4 personas,Zarzaquemada,Hogar formado por pareja con hijos en donde algún hijo es menor de 25 años,Hogar formado por pareja con hijos en donde algún hijo es menor de 25 años,4,,apartments
HH_600,1 persona,Sur,Hogar con un hombre solo menor de 65 años,Hogar con un hombre solo menor de 65 años,1,,yes
HH_601,1 persona,Sur,Hogar con un hombre solo menor de 65 años,Hogar con un hombre solo menor de 65 años,1,,yes
HH_602,3 personas,Norte,Hogar formado por pareja con hijos en donde algún hijo es menor de 25 años,Hogar formado por pareja con hijos en donde algún hijo es menor de 25 años,3,,yes
HH_603,1 persona,Sur,Hogar con un hombre solo menor de 65 años,Hogar con un hombre solo menor de 65 años,1,,residential
HH_604,3 personas,Polvoranca,Otro tipo de hogar,Otro tipo de hogar,3,Madrid,city
HH_605,2 personas,Polvoranca,Otro tipo de hogar,Otro tipo de hogar,2,,semidetached_house
HH_606,3 personas,Zarzaquemada,Hogar con un solo progenitor que convive con algún hijo menor de 25 años,Hogar con un solo progenitor que convive con algún hijo menor de 25 años,3,Getafe norte,city
HH_607,2 personas,Carrascal,Hogar formado por pareja sin hijos,Hogar formado por pareja sin hijos,2,,semidetached_house
HH_608,2 personas,Polvoranca,Hogar formado por pareja sin hijos,Hogar formado por pareja sin hijos,2,Fuenlabrada,city
HH_609,4 personas,Zarzaquemada,Hogar formado por pareja o un solo progenitor que convive con algún hijo menor de 25 años y otra(s) persona(s),Hogar formado por pareja o un solo progenitor que convive con algún hijo menor de 25 años y otra(s) persona(s),4,,residential
HH_610,1 persona,Carrascal,Hogar con un hombre solo menor de 65 años,Hogar con un hombre solo menor de 65 años,1,,residential
HH_611,5 o mas personas,Sur,Hogar formado por pareja o un solo progenitor que convive con algún hijo menor de 25 años y otra(s) persona(s),Hogar formado por pareja o un solo progenitor que convive con algún hijo menor de 25 años y otra(s) persona(s),5,Madrid,city
HH_612,2 personas,Carrascal,Hogar formado por pareja sin hijos,Hogar formado por pareja sin hijos,2,,apartments
HH_613,2 personas,Zarzaquemada,Hogar con un solo progenitor que convive con algún hijo menor de 25 años,Hogar con un solo progenitor que convive con algún hijo menor de 25 años,2,Fuenlabrada,city
HH_614,5 o mas personas,San Nicasio,Hogar formado por pareja con hijos en donde algún hijo es menor de 25 años,Hogar formado por pareja con hijos en donde algún hijo es menor de 25 años,5,,house
HH_615,2 personas,Zarzaquemada,Hogar con un solo progenitor que convive con todos sus hijos de 25 años o más,Hogar con un solo progenitor que convive con todos sus hijos de 25 años o más,2,,residential
HH_616,1 persona,Sur,Hogar con una mujer sola de 65 años o más,Hogar con una mujer sola de 65 años o más,1,,yes
HH_617,3 personas,San Nicasio,Hogar con un solo progenitor que convive con algún hijo menor de 25 años,Hogar con un solo progenitor que convive con algún hijo menor de 25 años,3,,apartments
HH_618,5 o mas personas,Fortuna,Otro tipo de hogar,Otro tipo de hogar,5,,terrace
HH_619,2 personas,Carrascal,Hogar formado por pareja sin hijos,Hogar formado por pareja sin hijos,2,Getafe norte,city
HH_620,3 personas,Zarzaquemada,Hogar formado por pareja con hijos en donde algún hijo es menor de 25 años,Hogar formado por pareja con hijos en donde algún hijo es menor de 25 años,3,,residential
HH_621,4 personas,Norte,Hogar formado por pareja con hijos en donde algún hijo es menor de 25 años,Hogar formado por pareja con hijos en donde algún hijo es menor de 25 años,4,,apartments
HH_622,1 persona,Zarzaquemada,Hogar con un hombre solo menor de 65 años,Hogar con un hombre solo menor de 65 años,1,,apartments
HH_623,5 o mas personas,Carrascal,Hogar formado por pareja o un solo progenitor que convive con algún hijo menor de 25 años y otra(s) persona(s),Hogar formado por pareja o un solo progenitor que convive con algún hijo menor de 25 años y otra(s) persona(s),5,,house
HH_624,2 personas,Sur,Hogar formado por pareja sin hijos,Hogar formado por pareja sin hijos,2,,yes
HH_625,2 personas,San Nicasio,Hogar formado por pareja sin hijos,Hogar formado por pareja sin hijos,2,Mostoles,city
HH_626,3 personas,Norte,Otro tipo de hogar,Otro tipo de hogar,3,Fuenlabrada,city
HH_627,3 personas,Sur,Hogar formado por pareja con hijos en donde todos los hijos de 25 años o más,Hogar formado por pareja con hijos en donde todos los hijos de 25 años o más,3,Madrid,city
HH_628,2 personas,Norte,Hogar formado por pareja sin hijos,Hogar formado por pareja sin hijos,2,,apartments
HH_629,5 o mas personas,Sur,Hogar formado por pareja con hijos en donde algún hijo es menor de 25 años,Hogar formado por pareja con hijos en donde algún hijo es menor de 25 años,5,,yes
HH_630,5 o mas personas,Zarzaquemada,Hogar formado por pareja o un solo progenitor que convive con algún hijo menor de 25 años y otra(s) persona(s),Hogar formado por pareja o un solo progenitor que convive con algún hijo menor de 25 años y otra(s) persona(s),5,,apartments
HH_631,2 personas,Polvoranca,Hogar formado por pareja sin hijos,Hogar formado por pareja sin hijos,2,,semidetached_house
HH_632,4 personas,Fortuna,Hogar formado por pareja con hijos en donde algún hijo es menor de 25 años,Hogar formado por pareja con hijos en donde algún hijo es menor de 25 años,4,,semidetached_house
HH_633,2 personas,Zarzaquemada,Hogar formado por pareja sin hijos,Hogar formado por pareja sin hijos,2,Madrid,city
HH_634,3 personas,Norte,Hogar formado por pareja con hijos en donde algún hijo es menor de 25 años,Hogar formado por pareja con hijos en donde algún hijo es menor de 25 años,3,,yes
HH_635,1 persona,San Nicasio,Hogar con una mujer sola de 65 años o más,Hogar con una mujer sola de 65 años o más,1,Madrid,city
HH_636,2 personas,San Nicasio,Hogar formado por pareja sin hijos,Hogar formado por pareja sin hijos,2,Madrid,city
HH_637,1 persona,Zarzaquemada,Hogar con una mujer sola menor de 65 años,Hogar con una mujer sola menor de 65 años,1,,yes
HH_638,4 personas,Zarzaquemada,Hogar formado por pareja con hijos en donde algún hijo es menor de 25 años,Hogar formado por pareja con hijos en donde algún hijo es menor de 25 años,4,,residential
HH_639,2 personas,Sur,Hogar formado por pareja sin hijos,Hogar formado por pareja sin hijos,2,,apartments
HH_640,4 personas,Sur,Hogar formado por pareja con hijos en donde algún hijo es menor de 25 años,Hogar formado por pareja con hijos en donde algún hijo es menor de 25 años,4,,yes
HH_641,4 personas,Carrascal,Hogar formado por pareja con hijos en donde algún hijo es menor de 25 años,Hogar formado por pareja con hijos en donde algún hijo es menor de 25 años,4,,detached
HH_642,1 persona,Fortuna,Hogar con una mujer sola menor de 65 años,Hogar con una mujer sola menor de 65 años,1,,semidetached_house
HH_643,3 personas,Zarzaquemada,Hogar con un solo progenitor que convive con algún hijo menor de 25 años,Hogar con un solo progenitor que convive con algún hijo menor de 25 años,3,,residential
HH_644,2 personas,Sur,Hogar formado por pareja sin hijos,Hogar formado por pareja sin hijos,2,,apartments
HH_645,4 personas,San Nicasio,Hogar formado por pareja con hijos en donde algún hijo es menor de 25 años,Hogar formado por pareja con hijos en donde algún hijo es menor de 25 años,4,,semidetached_house
HH_646,2 personas,Fortuna,Hogar formado por pareja sin hijos,Hogar formado por pareja sin hijos,2,,yes
HH_647,3 personas,Zarzaquemada,Hogar formado por pareja con hijos en donde todos los hijos de 25 años o más,Hogar formado por pareja con hijos en donde todos los hijos de 25 años o más,3,,residential
HH_648,2 personas,Zarzaquemada,Hogar formado por pareja sin hijos,Hogar formado por pareja sin hijos,2,,apartments
HH_649,4 personas,Sur,Hogar formado por pareja con hijos en donde algún hijo es menor de 25 años,Hogar formado por pareja con hijos en donde algún hijo es menor de 25 años,4,,house
HH_650,2 personas,Sur,Hogar formado por pareja sin hijos,Hogar formado por pareja sin hijos,2,,house
HH_651,3 personas,Zarzaquemada,Hogar formado por pareja con hijos en donde todos los hijos de 25 años o más,Hogar formado por pareja con hijos en donde todos los hijos de 25 años o más,3,Getafe norte,city
HH_652,5 o mas personas,San Nicasio,Hogar formado por pareja o un solo progenitor que convive con algún hijo menor de 25 años y otra(s) persona(s),Hogar formado por pareja o un solo progenitor que convive con algún hijo menor de 25 años y otra(s) persona(s),5,Feu Vert,yes
HH_653,4 personas,Carrascal,Hogar formado por pareja con hijos en donde algún hijo es menor de 25 años,Hogar formado por pareja con hijos en donde algún hijo es menor de 25 años,4,,apartments
HH_654,2 personas,Zarzaquemada,Hogar formado por pareja sin hijos,Hogar formado por pareja sin hijos,2,Madrid,city
HH_655,4 personas,Carrascal,Hogar con un solo progenitor que convive con algún hijo menor de 25 años,Hogar con un solo progenitor que convive con algún hijo menor de 25 años,4,,house
HH_656,3 personas,Zarzaquemada,Hogar formado por pareja con hijos en donde algún hijo es menor de 25 años,Hogar formado por pareja con hijos en donde algún hijo es menor de 25 años,3,,residential
HH_657,3 personas,Carrascal,Otro tipo de hogar,Otro tipo de hogar,3,,apartments
HH_658,2 personas,Sur,Hogar formado por pareja sin hijos,Hogar formado por pareja sin hijos,2,,yes
HH_659,4 personas,Zarzaquemada,Hogar formado por pareja con hijos en donde algún hijo es menor de 25 años,Hogar formado por pareja con hijos en donde algún hijo es menor de 25 años,4,,residential
HH_660,4 personas,Carrascal,Hogar formado por pareja con hijos en donde algún hijo es menor de 25 años,Hogar formado por pareja con hijos en donde algún hijo es menor de 25 años,4,,apartments
HH_661,3 personas,San Nicasio,Otro tipo de hogar,Otro tipo de hogar,3,,residential
HH_662,3 personas,Norte,Hogar formado por pareja con hijos en donde todos los hijos de 25 años o más,Hogar formado por pareja con hijos en donde todos los hijos de 25 años o más,3,,apartments
HH_663,3 personas,Fortuna,Hogar con un solo progenitor que convive con todos sus hijos de 25 años o más,Hogar con un solo progenitor que convive con todos sus hijos de 25 años o más,3,,yes
HH_664,1 persona,Carrascal,Hogar con un hombre solo de 65 años o más,Hogar con un hombre solo de 65 años o más,1,,detached
HH_665,1 persona,San Nicasio,Hogar con una mujer sola de 65 años o más,Hogar con una mujer sola de 65 años o más,1,,semidetached_house
HH_666,3 personas,Zarzaquemada,Otro tipo de hogar,Otro tipo de hogar,3,,residential
HH_667,3 personas,Zarzaquemada,Hogar formado por pareja con hijos en donde algún hijo es menor de 25 años,Hogar formado por pareja con hijos en donde algún hijo es menor de 25 años,3,,apartments
HH_668,1 persona,Norte,Hogar con una mujer sola de 65 años o más,Hogar con una mujer sola de 65 años o más,1,,apartments
HH_669,2 personas,Polvoranca,Hogar formado por pareja sin hijos,Hogar formado por pareja sin hijos,2,Madrid,city
HH_670,4 personas,San Nicasio,Hogar formado por pareja con hijos en donde algún hijo es menor de 25 años,Hogar formado por pareja con hijos en donde algún hijo es menor de 25 años,4,,semidetached_house
HH_671,1 persona,Sur,Hogar con una mujer sola menor de 65 años,Hogar con una mujer sola menor de 65 años,1,,yes
HH_672,2 personas,Zarzaquemada,Hogar formado por pareja sin hijos,Hogar formado por pareja sin hijos,2,,apartments
HH_673,5 o mas personas,Sur,Hogar formado por pareja con hijos en donde algún hijo es menor de 25 años,Hogar formado por pareja con hijos en donde algún hijo es menor de 25 años,5,Madrid,city
HH_674,1 persona,Sur,Hogar con una mujer sola de 65 años o más,Hogar con una mujer sola de 65 años o más,1,,yes
HH_675,2 personas,Sur,Hogar formado por pareja sin hijos,Hogar formado por pareja sin hijos,2,Kia Selikar,yes
HH_676,1 persona,San Nicasio,Hogar con una mujer sola de 65 años o más,Hogar con una mujer sola de 65 años o más,1,,apartments
HH_677,1 persona,Carrascal,Hogar con una mujer sola menor de 65 años,Hogar con una mujer sola menor de 65 años,1,,residential
HH_678,1 persona,Norte,Hogar con una mujer sola menor de 65 años,Hogar con una mujer sola menor de 65 años,1,,apartments
HH_679,3 personas,Norte,Hogar con un solo progenitor que convive con algún hijo menor de 25 años,Hogar con un solo progenitor que convive con algún hijo menor de 25 años,3,,yes
HH_680,3 personas,San Nicasio,Hogar formado por pareja con hijos en donde algún hijo es menor de 25 años,Hogar formado por pareja con hijos en donde algún hijo es menor de 25 años,3,Extremadura,city
HH_681,1 persona,Norte,Hogar con un hombre solo de 65 años o más,Hogar con un hombre solo de 65 años o más,1,Mostoles,city
HH_682,1 persona,Fortuna,Hogar con un hombre solo menor de 65 años,Hogar con un hombre solo menor de 65 años,1,Madrid,city
HH_683,2 personas,Zarzaquemada,Otro tipo de hogar,Otro tipo de hogar,2,,apartments
HH_684,1 persona,Sur,Hogar con una mujer sola menor de 65 años,Hogar con una mujer sola menor de 65 años,1,,apartments
HH_685,2 personas,Norte,Otro tipo de hogar,Otro tipo de hogar,2,,yes
HH_686,1 persona,Norte,Hogar con un hombre solo menor de 65 años,Hogar con un hombre solo menor de 65 años,1,,apartments
HH_687,1 persona,Norte,Hogar con un hombre solo menor de 65 años,Hogar con un hombre solo menor de 65 años,1,,apartments
HH_688,1 persona,Zarzaquemada,Hogar con un hombre solo de 65 años o más,Hogar con un hombre solo de 65 años o más,1,,apartments
HH_689,2 personas,Carrascal,Hogar formado por pareja sin hijos,Hogar formado por pareja sin hijos,2,Mostoles,city
HH_690,5 o mas personas,Polvoranca,Hogar formado por pareja o un solo progenitor que convive con algún hijo menor de 25 años y otra(s) persona(s),Hogar formado por pareja o un solo progenitor que convive con algún hijo menor de 25 años y otra(s) persona(s),5,,semidetached_house
HH_691,1 persona,Carrascal,Hogar con una mujer sola de 65 años o más,Hogar con una mujer sola de 65 años o más,1,,residential
HH_692,1 persona,San Nicasio,Hogar con un hombre solo menor de 65 años,Hogar con un hombre solo menor de 65 años,1,Getafe norte,city
HH_693,3 personas,Norte,Hogar formado por pareja con hijos en donde todos los hijos de 25 años o más,Hogar formado por pareja con hijos en donde todos los hijos de 25 años o más,3,Madrid,city
HH_694,2 personas,Carrascal,Hogar con un solo progenitor que convive con todos sus hijos de 25 años o más,Hogar con un solo progenitor que convive con todos sus hijos de 25 años o más,2,,yes
HH_695,4 personas,Norte,Hogar formado por pareja con hijos en donde todos los hijos de 25 años o más,Hogar formado por pareja con hijos en donde todos los hijos de 25 años o más,4,,yes
HH_696,1 persona,Sur,Hogar con un hombre solo menor de 65 años,Hogar con un hombre solo menor de 65 años,1,Madrid,city
HH_697,3 personas,Sur,Hogar con un solo progenitor que convive con todos sus hijos de 25 años o más,Hogar con un solo progenitor que convive con todos sus hijos de 25 años o más,3,,yes
HH_698,2 personas,Zarzaquemada,Hogar formado por pareja sin hijos,Hogar formado por pareja sin hijos,2,,apartments
HH_699,3 personas,Zarzaquemada,Hogar con un solo progenitor que convive con todos sus hijos de 25 años o más,Hogar con un solo progenitor que convive con todos sus hijos de 25 años o más,3,Madrid,city
HH_700,3 personas,Sur,Hogar formado por pareja o un solo progenitor que convive con algún hijo menor de 25 años y otra(s) persona(s),Hogar formado por pareja o un solo progenitor que convive con algún hijo menor de 25 años y otra(s) persona(s),3,Mostoles,city
HH_701,5 o mas personas,Polvoranca,Hogar formado por pareja con hijos en donde algún hijo es menor de 25 años,Hogar formado por pareja con hijos en donde algún hijo es menor de 25 años,5,,semidetached_house
HH_702,1 persona,Sur,Hogar con un hombre solo menor de 65 años,Hogar con un hombre solo menor de 65 años,1,Madrid,city
HH_703,1 persona,Carrascal,Hogar con un hombre solo menor de 65 años,Hogar con un hombre solo menor de 65 años,1,,semidetached_house
HH_704,3 personas,Carrascal,Hogar formado por pareja con hijos en donde todos los hijos de 25 años o más,Hogar formado por pareja con hijos en donde todos los hijos de 25 años o más,3,,yes
HH_705,2 personas,Carrascal,Hogar con un solo progenitor que convive con algún hijo menor de 25 años,Hogar con un solo progenitor que convive con algún hijo menor de 25 años,2,,yes
HH_706,3 personas,Zarzaquemada,Hogar formado por pareja con hijos en donde algún hijo es menor de 25 años,Hogar formado por pareja con hijos en donde algún hijo es menor de 25 años,3,Madrid,city
HH_707,1 persona,Carrascal,Hogar con una mujer sola menor de 65 años,Hogar con una mujer sola menor de 65 años,1,Alcorcon,city
HH_708,1 persona,San Nicasio,Hogar con una mujer sola menor de 65 años,Hogar con una mujer sola menor de 65 años,1,,yes
HH_709,2 personas,Zarzaquemada,Otro tipo de hogar,Otro tipo de hogar,2,Mostoles,city
HH_710,2 personas,Carrascal,Hogar formado por pareja sin hijos,Hogar formado por pareja sin hijos,2,,house
HH_711,2 personas,Polvoranca,Hogar formado por pareja sin hijos,Hogar formado por pareja sin hijos,2,,semidetached_house
HH_712,4 personas,San Nicasio,Hogar formado por pareja con hijos en donde algún hijo es menor de 25 años,Hogar formado por pareja con hijos en donde algún hijo es menor de 25 años,4,,residential
HH_713,3 personas,Carrascal,Otro tipo de hogar,Otro tipo de hogar,3,,residential
HH_714,1 persona,Norte,Hogar con una mujer sola de 65 años o más,Hogar con una mujer sola de 65 años o más,1,Getafe norte,city
HH_715,3 personas,Norte,Otro tipo de hogar,Otro tipo de hogar,3,,yes
HH_716,4 personas,Norte,Otro tipo de hogar,Otro tipo de hogar,4,,apartments
HH_717,3 personas,Norte,Hogar formado por pareja con hijos en donde todos los hijos de 25 años o más,Hogar formado por pareja con hijos en donde todos los hijos de 25 años o más,3,,yes
HH_718,1 persona,San Nicasio,Hogar con un hombre solo menor de 65 años,Hogar con un hombre solo menor de 65 años,1,,semidetached_house
HH_719,2 personas,Zarzaquemada,Hogar con un solo progenitor que convive con algún hijo menor de 25 años,Hogar con un solo progenitor que convive con algún hijo menor de 25 años,2,Alcorcon,city
HH_720,1 persona,Zarzaquemada,Hogar con una mujer sola menor de 65 años,Hogar con una mujer sola menor de 65 años,1,,residential
HH_721,2 personas,San Nicasio,Hogar formado por pareja sin hijos,Hogar formado por pareja sin hijos,2,Fuenlabrada,city
HH_722,2 personas,Carrascal,Hogar con un solo progenitor que convive con algún hijo menor de 25 años,Hogar con un solo progenitor que convive con algún hijo menor de 25 años,2,,house
HH_723,4 personas,San Nicasio,Hogar formado por pareja con hijos en donde algún hijo es menor de 25 años,Hogar formado por pareja con hijos en donde algún hijo es menor de 25 años,4,,semidetached_house
HH_724,4 personas,Polvoranca,Hogar formado por pareja o un solo progenitor que convive con algún hijo menor de 25 años y otra(s) persona(s),Hogar formado por pareja o un solo progenitor que convive con algún hijo menor de 25 años y otra(s) persona(s),4,,house
HH_725,4 personas,San Nicasio,Hogar formado por pareja con hijos en donde algún hijo es menor de 25 años,Hogar formado por pareja con hijos en donde algún hijo es menor de 25 años,4,Getafe norte,city
HH_726,3 personas,San Nicasio,Hogar formado por pareja con hijos en donde todos los hijos de 25 años o más,Hogar formado por pareja con hijos en donde todos los hijos de 25 años o más,3,,yes
HH_727,1 persona,Carrascal,Hogar con una mujer sola de 65 años o más,Hogar con una mujer sola de 65 años o más,1,,yes
HH_728,5 o mas personas,Zarzaquemada,Hogar formado por pareja o un solo progenitor que convive con algún hijo menor de 25 años y otra(s) persona(s),Hogar formado por pareja o un solo progenitor que convive con algún hijo menor de 25 años y otra(s) persona(s),5,,apartments
HH_729,1 persona,San Nicasio,Hogar con una mujer sola menor de 65 años,Hogar con una mujer sola menor de 65 años,1,,house
HH_730,2 personas,Polvoranca,Hogar formado por pareja sin hijos,Hogar formado por pareja sin hijos,2,,semidetached_house
HH_731,1 persona,Zarzaquemada,Hogar con una mujer sola de 65 años o más,Hogar con una mujer sola de 65 años o más,1,Alcorcon,city
HH_732,1 persona,Fortuna,Hogar con un hombre solo menor de 65 años,Hogar con un hombre solo menor de 65 años,1,Madrid,city
HH_733,1 persona,Polvoranca,Hogar con un hombre solo menor de 65 años,Hogar con un hombre solo menor de 65 años,1,Madrid,city
HH_734,4 personas,Polvoranca,Hogar formado por pareja con hijos en donde algún hijo es menor de 25 años,Hogar formado por pareja con hijos en donde algún hijo es menor de 25 años,4,,semidetached_house
HH_735,2 personas,San Nicasio,Hogar con un solo progenitor que convive con algún hijo menor de 25 años,Hogar con un solo progenitor que convive con algún hijo menor de 25 años,2,,semidetached_house
HH_736,2 personas,Norte,Hogar formado por pareja sin hijos,Hogar formado por pareja sin hijos,2,Madrid,city
HH_737,3 personas,Fortuna,Hogar formado por pareja con hijos en donde todos los hijos de 25 años o más,Hogar formado por pareja con hijos en donde todos los hijos de 25 años o más,3,,yes
HH_738,3 personas,Carrascal,Hogar formado por pareja con hijos en donde todos los hijos de 25 años o más,Hogar formado por pareja con hijos en donde todos los hijos de 25 años o más,3,Alcorcon,city
HH_739,5 o mas personas,Carrascal,Hogar formado por pareja con hijos en donde algún hijo es menor de 25 años,Hogar formado por pareja con hijos en donde algún hijo es menor de 25 años,5,,semidetached_house
HH_740,2 personas,Carrascal,Otro tipo de hogar,Otro tipo de hogar,2,Fuenlabrada,city
HH_741,5 o mas personas,Zarzaquemada,Hogar formado por pareja o un solo progenitor que convive con algún hijo menor de 25 años y otra(s) persona(s),Hogar formado por pareja o un solo progenitor que convive con algún hijo menor de 25 años y otra(s) persona(s),5,,residential
HH_742,2 personas,Zarzaquemada,Hogar formado por pareja sin hijos,Hogar formado por pareja sin hijos,2,,apartments
HH_743,1 persona,Zarzaquemada,Hogar con una mujer sola de 65 años o más,Hogar con una mujer sola de 65 años o más,1,,residential
HH_744,3 personas,Carrascal,Hogar formado por pareja con hijos en donde algún hijo es menor de 25 años,Hogar formado por pareja con hijos en donde algún hijo es menor de 25 años,3,,apartments
HH_745,5 o mas personas,Zarzaquemada,Hogar formado por pareja o un solo progenitor que convive con algún hijo menor de 25 años y otra(s) persona(s),Hogar formado por pareja o un solo progenitor que convive con algún hijo menor de 25 años y otra(s) persona(s),5,Fuenlabrada,city
HH_746,2 personas,Fortuna,Hogar formado por pareja sin hijos,Hogar formado por pareja sin hijos,2,,semidetached_house
HH_747,1 persona,Fortuna,Hogar con una mujer sola de 65 años o más,Hogar con una mujer sola de 65 años o más,1,Getafe norte,city
HH_748,1 persona,San Nicasio,Hogar con un hombre solo menor de 65 años,Hogar con un hombre solo menor de 65 años,1,,apartments
HH_749,2 personas,Zarzaquemada,Hogar con un solo progenitor que convive con todos sus hijos de 25 años o más,Hogar con un solo progenitor que convive con todos sus hijos de 25 años o más,2,,residential
HH_750,3 personas,Sur,Otro tipo de hogar,Otro tipo de hogar,3,,apartments
HH_751,3 personas,Sur,Hogar formado por pareja con hijos en donde algún hijo es menor de 25 años,Hogar formado por pareja con hijos en donde algún hijo es menor de 25 años,3,,yes
HH_752,1 persona,Carrascal,Hogar con un hombre solo menor de 65 años,Hogar con un hombre solo menor de 65 años,1,,detached
HH_753,4 personas,San Nicasio,Hogar formado por pareja con hijos en donde algún hijo es menor de 25 años,Hogar formado por pareja con hijos en donde algún hijo es menor de 25 años,4,Getafe norte,city
HH_754,3 personas,Norte,Hogar formado por pareja con hijos en donde algún hijo es menor de 25 años,Hogar formado por pareja con hijos en donde algún hijo es menor de 25 años,3,,apartments
HH_755,4 personas,Zarzaquemada,Hogar formado por pareja con hijos en donde algún hijo es menor de 25 años,Hogar formado por pareja con hijos en donde algún hijo es menor de 25 años,4,,residential
HH_756,1 persona,Sur,Hogar con una mujer sola de 65 años o más,Hogar con una mujer sola de 65 años o más,1,Getafe norte,city
HH_757,2 personas,Zarzaquemada,Hogar formado por pareja sin hijos,Hogar formado por pareja sin hijos,2,,residential
HH_758,1 persona,San Nicasio,Hogar con una mujer sola menor de 65 años,Hogar con una mujer sola menor de 65 años,1,,house
HH_759,2 personas,Zarzaquemada,Hogar formado por pareja sin hijos,Hogar formado por pareja sin hijos,2,,residential
HH_760,4 personas,Carrascal,Hogar formado por pareja con hijos en donde algún hijo es menor de 25 años,Hogar formado por pareja con hijos en donde algún hijo es menor de 25 años,4,,house
HH_761,2 personas,Sur,Hogar con un solo progenitor que convive con todos sus hijos de 25 años o más,Hogar con un solo progenitor que convive con todos sus hijos de 25 años o más,2,,residential
HH_762,2 personas,Zarzaquemada,Hogar formado por pareja sin hijos,Hogar formado por pareja sin hijos,2,Madrid,city
HH_763,4 personas,San Nicasio,Hogar formado por pareja o un solo progenitor que convive con algún hijo menor de 25 años y otra(s) persona(s),Hogar formado por pareja o un solo progenitor que convive con algún hijo menor de 25 años y otra(s) persona(s),4,,house
HH_764,2 personas,Zarzaquemada,Hogar formado por pareja sin hijos,Hogar formado por pareja sin hijos,2,,apartments
HH_765,5 o mas personas,Zarzaquemada,Otro tipo de hogar,Otro tipo de hogar,5,,yes
HH_766,1 persona,Carrascal,Hogar con una mujer sola de 65 años o más,Hogar con una mujer sola de 65 años o más,1,,apartments
HH_767,1 persona,Zarzaquemada,Hogar con un hombre solo menor de 65 años,Hogar con un hombre solo menor de 65 años,1,,residential
HH_768,1 persona,Carrascal,Hogar con una mujer sola menor de 65 años,Hogar con una mujer sola menor de 65 años,1,,house
HH_769,2 personas,Sur,Hogar formado por pareja sin hijos,Hogar formado por pareja sin hijos,2,,residential
HH_770,4 personas,Zarzaquemada,Hogar formado por pareja con hijos en donde algún hijo es menor de 25 años,Hogar formado por pareja con hijos en donde algún hijo es menor de 25 años,4,,residential
HH_771,5 o mas personas,Fortuna,Hogar formado por pareja con hijos en donde algún hijo es menor de 25 años,Hogar formado por pareja con hijos en donde algún hijo es menor de 25 años,5,,yes
HH_772,1 persona,Carrascal,Hogar con una mujer sola de 65 años o más,Hogar con una mujer sola de 65 años o más,1,,yes
HH_773,3 personas,Zarzaquemada,Hogar formado por pareja con hijos en donde algún hijo es menor de 25 años,Hogar formado por pareja con hijos en donde algún hijo es menor de 25 años,3,,residential
HH_774,1 persona,Zarzaquemada,Hogar con una mujer sola de 65 años o más,Hogar con una mujer sola de 65 años o más,1,Madrid,city
HH_775,2 personas,Zarzaquemada,Hogar formado por pareja sin hijos,Hogar formado por pareja sin hijos,2,,residential
HH_776,1 persona,Zarzaquemada,Hogar con una mujer sola menor de 65 años,Hogar con una mujer sola menor de 65 años,1,,residential
HH_777,4 personas,Sur,Otro tipo de hogar,Otro tipo de hogar,4,,apartments
HH_778,5 o mas personas,Norte,Hogar formado por pareja con hijos en donde algún hijo es menor de 25 años,Hogar formado por pareja con hijos en donde algún hijo es menor de 25 años,5,Madrid,city
HH_779,1 persona,Zarzaquemada,Hogar con una mujer sola de 65 años o más,Hogar con una mujer sola de 65 años o más,1,,apartments
HH_780,3 personas,Zarzaquemada,Hogar formado por pareja con hijos en donde algún hijo es menor de 25 años,Hogar formado por pareja con hijos en donde algún hijo es menor de 25 años,3,,apartments
HH_781,2 personas,Zarzaquemada,Hogar con un solo progenitor que convive con todos sus hijos de 25 años o más,Hogar con un solo progenitor que convive con todos sus hijos de 25 años o más,2,,residential
HH_782,1 persona,Fortuna,Hogar con un hombre solo menor de 65 años,Hogar con un hombre solo menor de 65 años,1,,yes
HH_783,4 personas,Zarzaquemada,Otro tipo de hogar,Otro tipo de hogar,4,,residential
HH_784,2 personas,Fortuna,Hogar formado por pareja sin hijos,Hogar formado por pareja sin hijos,2,,semidetached_house
HH_785,3 personas,Fortuna,Hogar con un solo progenitor que convive con algún hijo menor de 25 años,Hogar con un solo progenitor que convive con algún hijo menor de 25 años,3,Madrid,city
HH_786,4 personas,Norte,Hogar formado por pareja con hijos en donde todos los hijos de 25 años o más,Hogar formado por pareja con hijos en donde todos los hijos de 25 años o más,4,,apartments
HH_787,2 personas,Zarzaquemada,Hogar formado por pareja sin hijos,Hogar formado por pareja sin hijos,2,,apartments
HH_788,2 personas,Sur,Hogar formado por pareja sin hijos,Hogar formado por pareja sin hijos,2,,apartments
HH_789,1 persona,Zarzaquemada,Hogar con un hombre solo de 65 años o más,Hogar con un hombre solo de 65 años o más,1,,residential
HH_790,2 personas,Carrascal,Hogar formado por pareja sin hijos,Hogar formado por pareja sin hijos,2,Alcorcon,city
HH_791,4 personas,San Nicasio,Hogar formado por pareja con hijos en donde algún hijo es menor de 25 años,Hogar formado por pareja con hijos en donde algún hijo es menor de 25 años,4,Madrid,city
HH_792,1 persona,Sur,Hogar con una mujer sola menor de 65 años,Hogar con una mujer sola menor de 65 años,1,Madrid,city
HH_793,4 personas,Carrascal,Hogar formado por pareja con hijos en donde algún hijo es menor de 25 años,Hogar formado por pareja con hijos en donde algún hijo es menor de 25 años,4,,yes
HH_794,2 personas,Carrascal,Hogar con un solo progenitor que convive con todos sus hijos de 25 años o más,Hogar con un solo progenitor que convive con todos sus hijos de 25 años o más,2,Getafe norte,city
HH_795,1 persona,Zarzaquemada,Hogar con una mujer sola de 65 años o más,Hogar con una mujer sola de 65 años o más,1,Madrid,city
HH_796,1 persona,Norte,Hogar con un hombre solo menor de 65 años,Hogar con un hombre solo menor de 65 años,1,Getafe norte,city
HH_797,2 personas,Sur,Hogar formado por pareja sin hijos,Hogar formado por pareja sin hijos,2,,yes
HH_798,3 personas,Norte,Otro tipo de hogar,Otro tipo de hogar,3,,apartments
HH_799,2 personas,San Nicasio,Hogar con un solo progenitor que convive con algún hijo menor de 25 años,Hogar con un solo progenitor que convive con algún hijo menor de 25 años,2,,apartments
HH_800,2 personas,Zarzaquemada,Hogar formado por pareja sin hijos,Hogar formado por pareja sin hijos,2,Madrid,city
HH_801,4 personas,Norte,Hogar formado por pareja con hijos en donde algún hijo es menor de 25 años,Hogar formado por pareja con hijos en donde algún hijo es menor de 25 años,4,Madrid,city
HH_802,1 persona,Polvoranca,Hogar con un hombre solo menor de 65 años,Hogar con un hombre solo menor de 65 años,1,,yes
HH_803,2 personas,Polvoranca,Hogar formado por pareja sin hijos,Hogar formado por pareja sin hijos,2,,semidetached_house
HH_804,3 personas,Carrascal,Hogar formado por pareja con hijos en donde todos los hijos de 25 años o más,Hogar formado por pareja con hijos en donde todos los hijos de 25 años o más,3,Madrid,city
HH_805,3 personas,Sur,Hogar formado por pareja con hijos en donde algún hijo es menor de 25 años,Hogar formado por pareja con hijos en donde algún hijo es menor de 25 años,3,,yes
HH_806,1 persona,Polvoranca,Hogar con un hombre solo menor de 65 años,Hogar con un hombre solo menor de 65 años,1,Madrid,city
HH_807,2 personas,Fortuna,Hogar formado por pareja sin hijos,Hogar formado por pareja sin hijos,2,,yes
HH_808,1 persona,Zarzaquemada,Hogar con una mujer sola de 65 años o más,Hogar con una mujer sola de 65 años o más,1,,apartments
HH_809,4 personas,Zarzaquemada,Hogar formado por pareja con hijos en donde algún hijo es menor de 25 años,Hogar formado por pareja con hijos en donde algún hijo es menor de 25 años,4,,apartments
HH_810,4 personas,San Nicasio,Otro tipo de hogar,Otro tipo de hogar,4,Madrid,city
HH_811,5 o mas personas,Fortuna,Hogar formado por pareja o un solo progenitor que convive con algún hijo menor de 25 años y otra(s) persona(s),Hogar formado por pareja o un solo progenitor que convive con algún hijo menor de 25 años y otra(s) persona(s),5,Getafe norte,city
HH_812,4 personas,Carrascal,Hogar formado por pareja con hijos en donde todos los hijos de 25 años o más,Hogar formado por pareja con hijos en donde todos los hijos de 25 años o más,4,Fuenlabrada,city
HH_813,1 persona,Zarzaquemada,Hogar con un hombre solo menor de 65 años,Hogar con un hombre solo menor de 65 años,1,,residential
HH_814,3 personas,Sur,Hogar formado por pareja con hijos en donde algún hijo es menor de 25 años,Hogar formado por pareja con hijos en donde algún hijo es menor de 25 años,3,,apartments
HH_815,2 personas,Sur,Hogar con un solo progenitor que convive con algún hijo menor de 25 años,Hogar con un solo progenitor que convive con algún hijo menor de 25 años,2,Madrid,city
HH_816,1 persona,Zarzaquemada,Hogar con una mujer sola de 65 años o más,Hogar con una mujer sola de 65 años o más,1,Mostoles,city
HH_817,1 persona,Polvoranca,Hogar con una mujer sola menor de 65 años,Hogar con una mujer sola menor de 65 años,1,,house
HH_818,4 personas,Norte,Hogar formado por pareja con hijos en donde algún hijo es menor de 25 años,Hogar formado por pareja con hijos en donde algún hijo es menor de 25 años,4,Madrid,city
HH_819,2 personas,Fortuna,Hogar formado por pareja sin hijos,Hogar formado por pareja sin hijos,2,,yes
HH_820,2 personas,Sur,Hogar con un solo progenitor que convive con todos sus hijos de 25 años o más,Hogar con un solo progenitor que convive con todos sus hijos de 25 años o más,2,,apartments
HH_821,1 persona,San Nicasio,Hogar con un hombre solo de 65 años o más,Hogar con un hombre solo de 65 años o más,1,,semidetached_house
HH_822,1 persona,Zarzaquemada,Hogar con una mujer sola de 65 años o más,Hogar con una mujer sola de 65 años o más,1,Fuenlabrada,city
HH_823,4 personas,Sur,Hogar formado por pareja con hijos en donde algún hijo es menor de 25 años,Hogar formado por pareja con hijos en donde algún hijo es menor de 25 años,4,,yes
HH_824,3 personas,Carrascal,Hogar formado por pareja con hijos en donde algún hijo es menor de 25 años,Hogar formado por pareja con hijos en donde algún hijo es menor de 25 años,3,,detached
HH_825,3 personas,Sur,Otro tipo de hogar,Otro tipo de hogar,3,,apartments
HH_826,4 personas,Carrascal,Hogar con un solo progenitor que convive con algún hijo menor de 25 años,Hogar con un solo progenitor que convive con algún hijo menor de 25 años,4,Madrid,city
HH_827,2 personas,San Nicasio,Hogar formado por pareja sin hijos,Hogar formado por pareja sin hijos,2,,semidetached_house
HH_828,2 personas,Carrascal,Hogar formado por pareja sin hijos,Hogar formado por pareja sin hijos,2,,apartments
HH_829,2 personas,Sur,Hogar formado por pareja sin hijos,Hogar formado por pareja sin hijos,2,Mostoles,city
HH_830,1 persona,Sur,Hogar con una mujer sola menor de 65 años,Hogar con una mujer sola menor de 65 años,1,,apartments
HH_831,4 personas,Sur,Hogar formado por pareja con hijos en donde algún hijo es menor de 25 años,Hogar formado por pareja con hijos en donde algún hijo es menor de 25 años,4,,yes
HH_832,2 personas,Zarzaquemada,Hogar con un solo progenitor que convive con todos sus hijos de 25 años o más,Hogar con un solo progenitor que convive con todos sus hijos de 25 años o más,2,,apartments
HH_833,3 personas,Norte,Hogar con un solo progenitor que convive con algún hijo menor de 25 años,Hogar con un solo progenitor que convive con algún hijo menor de 25 años,3,Bar Saloon El Paso,yes
HH_834,3 personas,Zarzaquemada,Hogar formado por pareja con hijos en donde algún hijo es menor de 25 años,Hogar formado por pareja con hijos en donde algún hijo es menor de 25 años,3,Madrid,city
HH_835,4 personas,Carrascal,Hogar formado por pareja con hijos en donde algún hijo es menor de 25 años,Hogar formado por pareja con hijos en donde algún hijo es menor de 25 años,4,,house
HH_836,4 personas,Norte,Otro tipo de hogar,Otro tipo de hogar,4,Casa Regional de Castilla la Mancha,yes
HH_837,2 personas,Norte,Hogar formado por pareja sin hijos,Hogar formado por pareja sin hijos,2,,apartments
HH_838,4 personas,Zarzaquemada,Hogar formado por pareja con hijos en donde algún hijo es menor de 25 años,Hogar formado por pareja con hijos en donde algún hijo es menor de 25 años,4,,apartments
HH_839,1 persona,San Nicasio,Hogar con una mujer sola de 65 años o más,Hogar con una mujer sola de 65 años o más,1,,yes
HH_840,1 persona,Carrascal,Hogar con un hombre solo de 65 años o más,Hogar con un hombre solo de 65 años o más,1,,apartments
HH_841,1 persona,Carrascal,Hogar con un hombre solo de 65 años o más,Hogar con un hombre solo de 65 años o más,1,,residential
HH_842,3 personas,Carrascal,Hogar formado por pareja con hijos en donde todos los hijos de 25 años o más,Hogar formado por pareja con hijos en donde todos los hijos de 25 años o más,3,,yes
HH_843,1 persona,Sur,Hogar con una mujer sola menor de 65 años,Hogar con una mujer sola menor de 65 años,1,Madrid,city
HH_844,2 personas,Fortuna,Hogar con un solo progenitor que convive con algún hijo menor de 25 años,Hogar con un solo progenitor que convive con algún hijo menor de 25 años,2,,house
HH_845,1 persona,Zarzaquemada,Hogar con una mujer sola de 65 años o más,Hogar con una mujer sola de 65 años o más,1,,residential
HH_846,2 personas,Carrascal,Hogar formado por pareja sin hijos,Hogar formado por pareja sin hijos,2,,yes
HH_847,2 personas,Carrascal,Hogar formado por pareja sin hijos,Hogar formado por pareja sin hijos,2,Madrid,city
HH_848,2 personas,Carrascal,Hogar formado por pareja sin hijos,Hogar formado por pareja sin hijos,2,,apartments
HH_849,2 personas,San Nicasio,Otro tipo de hogar,Otro tipo de hogar,2,,yes
HH_850,1 persona,Zarzaquemada,Hogar con una mujer sola menor de 65 años,Hogar con una mujer sola menor de 65 años,1,,apartments
HH_851,2 personas,Carrascal,Hogar formado por pareja sin hijos,Hogar formado por pareja sin hijos,2,Fuenlabrada,city
HH_852,1 persona,San Nicasio,Hogar con una mujer sola de 65 años o más,Hogar con una mujer sola de 65 años o más,1,Madrid,city
HH_853,2 personas,Sur,Hogar formado por pareja sin hijos,Hogar formado por pareja sin hijos,2,,yes
HH_854,3 personas,Zarzaquemada,Hogar formado por pareja con hijos en donde algún hijo es menor de 25 años,Hogar formado por pareja con hijos en donde algún hijo es menor de 25 años,3,,residential
HH_855,1 persona,San Nicasio,Hogar con una mujer sola de 65 años o más,Hogar con una mujer sola de 65 años o más,1,,residential
HH_856,2 personas,Carrascal,Hogar formado por pareja sin hijos,Hogar formado por pareja sin hijos,2,,semidetached_house
HH_857,3 personas,Zarzaquemada,Hogar formado por pareja o un solo progenitor que convive con algún hijo menor de 25 años y otra(s) persona(s),Hogar formado por pareja o un solo progenitor que convive con algún hijo menor de 25 años y otra(s) persona(s),3,,apartments
HH_858,2 personas,Zarzaquemada,Hogar formado por pareja sin hijos,Hogar formado por pareja sin hijos,2,,residential
HH_859,2 personas,Norte,Hogar con un solo progenitor que convive con algún hijo menor de 25 años,Hogar con un solo progenitor que convive con algún hijo menor de 25 años,2,Casa del Reloj,yes
HH_860,4 personas,San Nicasio,Hogar formado por pareja con hijos en donde algún hijo es menor de 25 años,Hogar formado por pareja con hijos en donde algún hijo es menor de 25 años,4,,yes
HH_861,1 persona,Norte,Hogar con una mujer sola de 65 años o más,Hogar con una mujer sola de 65 años o más,1,,yes
HH_862,1 persona,Carrascal,Hogar con un hombre solo menor de 65 años,Hogar con un hombre solo menor de 65 años,1,Madrid,city
HH_863,3 personas,Zarzaquemada,Otro tipo de hogar,Otro tipo de hogar,3,Madrid,city
HH_864,3 personas,San Nicasio,Hogar con un solo progenitor que convive con algún hijo menor de 25 años,Hogar con un solo progenitor que convive con algún hijo menor de 25 años,3,,semidetached_house
HH_865,5 o mas personas,Fortuna,Otro tipo de hogar,Otro tipo de hogar,5,,yes
HH_866,1 persona,Norte,Hogar con una mujer sola menor de 65 años,Hogar con una mujer sola menor de 65 años,1,,apartments
HH_867,1 persona,Carrascal,Hogar con una mujer sola de 65 años o más,Hogar con una mujer sola de 65 años o más,1,,apartments
HH_868,3 personas,Zarzaquemada,Otro tipo de hogar,Otro tipo de hogar,3,,residential
HH_869,5 o mas personas,Zarzaquemada,Otro tipo de hogar,Otro tipo de hogar,5,,residential
HH_870,3 personas,Zarzaquemada,Hogar formado por pareja con hijos en donde algún hijo es menor de 25 años,Hogar formado por pareja con hijos en donde algún hijo es menor de 25 años,3,Alcorcon,city
HH_871,1 persona,San Nicasio,Hogar con una mujer sola de 65 años o más,Hogar con una mujer sola de 65 años o más,1,,semidetached_house
HH_872,2 personas,Carrascal,Otro tipo de hogar,Otro tipo de hogar,2,,residential
HH_873,4 personas,Sur,Hogar formado por pareja con hijos en donde algún hijo es menor de 25 años,Hogar formado por pareja con hijos en donde algún hijo es menor de 25 años,4,,yes
HH_874,2 personas,Zarzaquemada,Hogar formado por pareja sin hijos,Hogar formado por pareja sin hijos,2,Madrid,city
HH_875,1 persona,Sur,Hogar con una mujer sola de 65 años o más,Hogar con una mujer sola de 65 años o más,1,,apartments
HH_876,3 personas,Polvoranca,Hogar formado por pareja con hijos en donde algún hijo es menor de 25 años,Hogar formado por pareja con hijos en donde algún hijo es menor de 25 años,3,,house
HH_877,5 o mas personas,Zarzaquemada,Hogar formado por pareja o un solo progenitor que convive con algún hijo menor de 25 años y otra(s) persona(s),Hogar formado por pareja o un solo progenitor que convive con algún hijo menor de 25 años y otra(s) persona(s),5,,residential
HH_878,3 personas,Carrascal,Hogar con un solo progenitor que convive con algún hijo menor de 25 años,Hogar con un solo progenitor que convive con algún hijo menor de 25 años,3,Verdecora,yes
HH_879,3 personas,Sur,Hogar formado por pareja con hijos en donde algún hijo es menor de 25 años,Hogar formado por pareja con hijos en donde algún hijo es menor de 25 años,3,,residential
HH_880,2 personas,Norte,Hogar con un solo progenitor que convive con algún hijo menor de 25 años,Hogar con un solo progenitor que convive con algún hijo menor de 25 años,2,,yes
HH_881,4 personas,Fortuna,Hogar formado por pareja con hijos en donde algún hijo es menor de 25 años,Hogar formado por pareja con hijos en donde algún hijo es menor de 25 años,4,,yes
HH_882,3 personas,Zarzaquemada,Otro tipo de hogar,Otro tipo de hogar,3,,residential
HH_883,2 personas,Zarzaquemada,Hogar formado por pareja sin hijos,Hogar formado por pareja sin hijos,2,,residential
HH_884,2 personas,Carrascal,Hogar formado por pareja sin hijos,Hogar formado por pareja sin hijos,2,,yes
HH_885,4 personas,San Nicasio,Hogar formado por pareja con hijos en donde algún hijo es menor de 25 años,Hogar formado por pareja con hijos en donde algún hijo es menor de 25 años,4,,semidetached_house
HH_886,2 personas,San Nicasio,Hogar formado por pareja sin hijos,Hogar formado por pareja sin hijos,2,,yes
HH_887,1 persona,Sur,Hogar con un hombre solo menor de 65 años,Hogar con un hombre solo menor de 65 años,1,Madrid,city
HH_888,1 persona,Zarzaquemada,Hogar con una mujer sola de 65 años o más,Hogar con una mujer sola de 65 años o más,1,Madrid,city
HH_889,3 personas,Zarzaquemada,Hogar formado por pareja o un solo progenitor que convive con algún hijo menor de 25 años y otra(s) persona(s),Hogar formado por pareja o un solo progenitor que convive con algún hijo menor de 25 años y otra(s) persona(s),3,Mostoles,city
HH_890,2 personas,Zarzaquemada,Hogar formado por pareja sin hijos,Hogar formado por pareja sin hijos,2,Fuenlabrada,city
HH_891,1 persona,Carrascal,Hogar con un hombre solo de 65 años o más,Hogar con un hombre solo de 65 años o más,1,,detached
HH_892,4 personas,Zarzaquemada,Hogar formado por pareja con hijos en donde algún hijo es menor de 25 años,Hogar formado por pareja con hijos en donde algún hijo es menor de 25 años,4,,apartments
HH_893,3 personas,Carrascal,Otro tipo de hogar,Otro tipo de hogar,3,,yes
HH_894,4 personas,Carrascal,Hogar formado por pareja o un solo progenitor que convive con algún hijo menor de 25 años y otra(s) persona(s),Hogar formado por pareja o un solo progenitor que convive con algún hijo menor de 25 años y otra(s) persona(s),4,,apartments
HH_895,2 personas,Sur,Hogar con un solo progenitor que convive con todos sus hijos de 25 años o más,Hogar con un solo progenitor que convive con todos sus hijos de 25 años o más,2,Madrid,city
HH_896,3 personas,Norte,Hogar formado por pareja con hijos en donde todos los hijos de 25 años o más,Hogar formado por pareja con hijos en donde todos los hijos de 25 años o más,3,,apartments
HH_897,1 persona,Zarzaquemada,Hogar con una mujer sola de 65 años o más,Hogar con una mujer sola de 65 años o más,1,,apartments
HH_898,3 personas,Norte,Hogar formado por pareja con hijos en donde algún hijo es menor de 25 años,Hogar formado por pareja con hijos en donde algún hijo es menor de 25 años,3,,apartments
HH_899,3 personas,Zarzaquemada,Hogar con un solo progenitor que convive con algún hijo menor de 25 años,Hogar con un solo progenitor que convive con algún hijo menor de 25 años,3,Fuenlabrada,city
HH_900,3 personas,San Nicasio,Hogar formado por pareja con hijos en donde algún hijo es menor de 25 años,Hogar formado por pareja con hijos en donde algún hijo es menor de 25 años,3,,residential
HH_901,3 personas,Norte,Hogar formado por pareja con hijos en donde algún hijo es menor de 25 años,Hogar formado por pareja con hijos en donde algún hijo es menor de 25 años,3,,yes
HH_902,3 personas,Polvoranca,Otro tipo de hogar,Otro tipo de hogar,3,Mostoles,city
HH_903,2 personas,Zarzaquemada,Otro tipo de hogar,Otro tipo de hogar,2,Fuenlabrada,city
HH_904,2 personas,Polvoranca,Hogar formado por pareja sin hijos,Hogar formado por pareja sin hijos,2,,house
HH_905,2 personas,Carrascal,Hogar formado por pareja sin hijos,Hogar formado por pareja sin hijos,2,,semidetached_house
HH_906,3 personas,San Nicasio,Hogar formado por pareja con hijos en donde algún hijo es menor de 25 años,Hogar formado por pareja con hijos en donde algún hijo es menor de 25 años,3,,yes
HH_907,4 personas,San Nicasio,Hogar formado por pareja con hijos en donde algún hijo es menor de 25 años,Hogar formado por pareja con hijos en donde algún hijo es menor de 25 años,4,,terrace
HH_908,2 personas,Carrascal,Hogar formado por pareja sin hijos,Hogar formado por pareja sin hijos,2,,yes
HH_909,1 persona,Sur,Hogar con un hombre solo menor de 65 años,Hogar con un hombre solo menor de 65 años,1,Madrid,city
HH_910,2 personas,Carrascal,Hogar formado por pareja sin hijos,Hogar formado por pareja sin hijos,2,,apartments
HH_911,3 personas,Fortuna,Hogar formado por pareja con hijos en donde todos los hijos de 25 años o más,Hogar formado por pareja con hijos en donde todos los hijos de 25 años o más,3,,yes
HH_912,3 personas,Zarzaquemada,Hogar formado por pareja o un solo progenitor que convive con algún hijo menor de 25 años y otra(s) persona(s),Hogar formado por pareja o un solo progenitor que convive con algún hijo menor de 25 años y otra(s) persona(s),3,,apartments
HH_913,1 persona,Sur,Hogar con una mujer sola menor de 65 años,Hogar con una mujer sola menor de 65 años,1,,yes
HH_914,3 personas,Sur,Hogar formado por pareja con hijos en donde todos los hijos de 25 años o más,Hogar formado por pareja con hijos en donde todos los hijos de 25 años o más,3,,residential
HH_915,2 personas,Carrascal,Hogar con un solo progenitor que convive con algún hijo menor de 25 años,Hogar con un solo progenitor que convive con algún hijo menor de 25 años,2,,apartments
HH_916,2 personas,Zarzaquemada,Otro tipo de hogar,Otro tipo de hogar,2,,apartments
HH_917,4 personas,Sur,Hogar formado por pareja con hijos en donde algún hijo es menor de 25 años,Hogar formado por pareja con hijos en donde algún hijo es menor de 25 años,4,,apartments
HH_918,4 personas,Sur,Hogar formado por pareja con hijos en donde algún hijo es menor de 25 años,Hogar formado por pareja con hijos en donde algún hijo es menor de 25 años,4,,yes
HH_919,3 personas,San Nicasio,Otro tipo de hogar,Otro tipo de hogar,3,,semidetached_house
HH_920,1 persona,Sur,Hogar con una mujer sola de 65 años o más,Hogar con una mujer sola de 65 años o más,1,Madrid,city
HH_921,2 personas,Norte,Hogar formado por pareja sin hijos,Hogar formado por pareja sin hijos,2,,yes
HH_922,2 personas,Sur,Hogar formado por pareja sin hijos,Hogar formado por pareja sin hijos,2,,house
HH_923,1 persona,San Nicasio,Hogar con una mujer sola de 65 años o más,Hogar con una mujer sola de 65 años o más,1,,house
HH_924,5 o mas personas,Zarzaquemada,Hogar con un solo progenitor que convive con algún hijo menor de 25 años,Hogar con un solo progenitor que convive con algún hijo menor de 25 años,5,Mostoles,city
HH_925,2 personas,Carrascal,Hogar con un solo progenitor que convive con todos sus hijos de 25 años o más,Hogar con un solo progenitor que convive con todos sus hijos de 25 años o más,2,Getafe norte,city
HH_926,2 personas,Carrascal,Hogar con un solo progenitor que convive con todos sus hijos de 25 años o más,Hogar con un solo progenitor que convive con todos sus hijos de 25 años o más,2,,yes
HH_927,4 personas,Sur,Hogar formado por pareja con hijos en donde algún hijo es menor de 25 años,Hogar formado por pareja con hijos en donde algún hijo es menor de 25 años,4,Madrid,city
HH_928,1 persona,Zarzaquemada,Hogar con una mujer sola de 65 años o más,Hogar con una mujer sola de 65 años o más,1,,residential
HH_929,1 persona,San Nicasio,Hogar con una mujer sola de 65 años o más,Hogar con una mujer sola de 65 años o más,1,,semidetached_house
HH_930,5 o mas personas,Carrascal,Hogar formado por pareja o un solo progenitor que convive con algún hijo menor de 25 años y otra(s) persona(s),Hogar formado por pareja o un solo progenitor que convive con algún hijo menor de 25 años y otra(s) persona(s),5,Madrid,city
HH_931,1 persona,San Nicasio,Hogar con una mujer sola de 65 años o más,Hogar con una mujer sola de 65 años o más,1,,yes
HH_932,1 persona,Fortuna,Hogar con un hombre solo de 65 años o más,Hogar con un hombre solo de 65 años o más,1,,terrace
HH_933,2 personas,Norte,Hogar formado por pareja sin hijos,Hogar formado por pareja sin hijos,2,,yes
HH_934,1 persona,Zarzaquemada,Hogar con un hombre solo menor de 65 años,Hogar con un hombre solo menor de 65 años,1,,residential
HH_935,3 personas,Zarzaquemada,Hogar formado por pareja con hijos en donde todos los hijos de 25 años o más,Hogar formado por pareja con hijos en donde todos los hijos de 25 años o más,3,Getafe norte,city
HH_936,4 personas,Fortuna,Hogar formado por pareja con hijos en donde algún hijo es menor de 25 años,Hogar formado por pareja con hijos en donde algún hijo es menor de 25 años,4,,yes
HH_937,5 o mas personas,Fortuna,Otro tipo de hogar,Otro tipo de hogar,5,,yes
HH_938,3 personas,San Nicasio,Hogar formado por pareja con hijos en donde algún hijo es menor de 25 años,Hogar formado por pareja con hijos en donde algún hijo es menor de 25 años,3,Getafe norte,city
HH_939,5 o mas personas,Sur,Hogar formado por pareja o un solo progenitor que convive con algún hijo menor de 25 años y otra(s) persona(s),Hogar formado por pareja o un solo progenitor que convive con algún hijo menor de 25 años y otra(s) persona(s),5,Madrid,city
HH_940,2 personas,San Nicasio,Hogar formado por pareja sin hijos,Hogar formado por pareja sin hijos,2,Getafe norte,city
HH_941,1 persona,Carrascal,Hogar con un hombre solo de 65 años o más,Hogar con un hombre solo de 65 años o más,1,,apartments
HH_942,2 personas,Polvoranca,Hogar formado por pareja sin hijos,Hogar formado por pareja sin hijos,2,Madrid,city
HH_943,2 personas,Fortuna,Hogar formado por pareja sin hijos,Hogar formado por pareja sin hijos,2,Madrid,city
HH_944,2 personas,San Nicasio,Hogar formado por pareja sin hijos,Hogar formado por pareja sin hijos,2,,yes
HH_945,2 personas,Carrascal,Hogar formado por pareja sin hijos,Hogar formado por pareja sin hijos,2,,semidetached_house
HH_946,2 personas,Polvoranca,Hogar formado por pareja sin hijos,Hogar formado por pareja sin hijos,2,,semidetached_house
HH_947,3 personas,San Nicasio,Hogar formado por pareja con hijos en donde algún hijo es menor de 25 años,Hogar formado por pareja con hijos en donde algún hijo es menor de 25 años,3,,apartments
HH_948,3 personas,San Nicasio,Otro tipo de hogar,Otro tipo de hogar,3,,house
HH_949,4 personas,Norte,Hogar formado por pareja con hijos en donde algún hijo es menor de 25 años,Hogar formado por pareja con hijos en donde algún hijo es menor de 25 años,4,Fuenlabrada,city
HH_950,1 persona,San Nicasio,Hogar con un hombre solo de 65 años o más,Hogar con un hombre solo de 65 años o más,1,Getafe norte,city
HH_951,1 persona,San Nicasio,Hogar con un hombre solo menor de 65 años,Hogar con un hombre solo menor de 65 años,1,Madrid,city
HH_952,2 personas,Zarzaquemada,Hogar formado por pareja sin hijos,Hogar formado por pareja sin hijos,2,,apartments
HH_953,4 personas,San Nicasio,Hogar formado por pareja con hijos en donde algún hijo es menor de 25 años,Hogar formado por pareja con hijos en donde algún hijo es menor de 25 años,4,,semidetached_house
HH_954,2 personas,Zarzaquemada,Hogar formado por pareja sin hijos,Hogar formado por pareja sin hijos,2,,residential
HH_955,2 personas,Norte,Hogar formado por pareja sin hijos,Hogar formado por pareja sin hijos,2,Madrid,city
HH_956,4 personas,Zarzaquemada,Hogar formado por pareja con hijos en donde algún hijo es menor de 25 años,Hogar formado por pareja con hijos en donde algún hijo es menor de 25 años,4,Madrid,city
HH_957,2 personas,Carrascal,Hogar formado por pareja sin hijos,Hogar formado por pareja sin hijos,2,,detached
HH_958,2 personas,Carrascal,Hogar formado por pareja sin hijos,Hogar formado por pareja sin hijos,2,,apartments
HH_959,2 personas,Zarzaquemada,Hogar con un solo progenitor que convive con algún hijo menor de 25 años,Hogar con un solo progenitor que convive con algún hijo menor de 25 años,2,Madrid,city
HH_960,1 persona,Zarzaquemada,Hogar con una mujer sola de 65 años o más,Hogar con una mujer sola de 65 años o más,1,Madrid,city
HH_961,2 personas,Sur,Hogar formado por pareja sin hijos,Hogar formado por pareja sin hijos,2,Madrid,city
HH_962,2 personas,Zarzaquemada,Hogar con un solo progenitor que convive con todos sus hijos de 25 años o más,Hogar con un solo progenitor que convive con todos sus hijos de 25 años o más,2,,residential
HH_963,2 personas,Sur,Hogar formado por pareja sin hijos,Hogar formado por pareja sin hijos,2,Madrid,city
HH_964,1 persona,San Nicasio,Hogar con una mujer sola de 65 años o más,Hogar con una mujer sola de 65 años o más,1,,terrace
HH_965,1 persona,Sur,Hogar con un hombre solo menor de 65 años,Hogar con un hombre solo menor de 65 años,1,Getafe norte,city
HH_966,3 personas,San Nicasio,Hogar formado por pareja con hijos en donde algún hijo es menor de 25 años,Hogar formado por pareja con hijos en donde algún hijo es menor de 25 años,3,,yes
HH_967,5 o mas personas,San Nicasio,Hogar formado por pareja o un solo progenitor que convive con algún hijo menor de 25 años y otra(s) persona(s),Hogar formado por pareja o un solo progenitor que convive con algún hijo menor de 25 años y otra(s) persona(s),5,,house
HH_968,1 persona,San Nicasio,Hogar con una mujer sola de 65 años o más,Hogar con una mujer sola de 65 años o más,1,Madrid,city
HH_969,3 personas,Norte,Hogar formado por pareja con hijos en donde todos los hijos de 25 años o más,Hogar formado por pareja con hijos en donde todos los hijos de 25 años o más,3,,yes
HH_970,5 o mas personas,Sur,Hogar formado por pareja con hijos en donde algún hijo es menor de 25 años,Hogar formado por pareja con hijos en donde algún hijo es menor de 25 años,5,,yes
HH_971,2 personas,Norte,Hogar formado por pareja sin hijos,Hogar formado por pareja sin hijos,2,,apartments
HH_972,3 personas,San Nicasio,Hogar formado por pareja con hijos en donde algún hijo es menor de 25 años,Hogar formado por pareja con hijos en donde algún hijo es menor de 25 años,3,,semidetached_house
HH_973,2 personas,San Nicasio,Hogar formado por pareja sin hijos,Hogar formado por pareja sin hijos,2,,semidetached_house
HH_974,5 o mas personas,Norte,Hogar formado por pareja o un solo progenitor que convive con algún hijo menor de 25 años y otra(s) persona(s),Hogar formado por pareja o un solo progenitor que convive con algún hijo menor de 25 años y otra(s) persona(s),5,,yes
HH_975,1 persona,Sur,Hogar con un hombre solo menor de 65 años,Hogar con un hombre solo menor de 65 años,1,,yes
HH_976,1 persona,Polvoranca,Hogar con una mujer sola menor de 65 años,Hogar con una mujer sola menor de 65 años,1,,yes
HH_977,2 personas,Carrascal,Hogar formado por pareja sin hijos,Hogar formado por pareja sin hijos,2,,detached
HH_978,1 persona,Carrascal,Hogar con una mujer sola de 65 años o más,Hogar con una mujer sola de 65 años o más,1,,house
HH_979,4 personas,Zarzaquemada,Hogar formado por pareja con hijos en donde algún hijo es menor de 25 años,Hogar formado por pareja con hijos en donde algún hijo es menor de 25 años,4,Madrid,city
HH_980,3 personas,Fortuna,Hogar formado por pareja con hijos en donde todos los hijos de 25 años o más,Hogar formado por pareja con hijos en donde todos los hijos de 25 años o más,3,,yes
HH_981,3 personas,Zarzaquemada,Hogar formado por pareja con hijos en donde todos los hijos de 25 años o más,Hogar formado por pareja con hijos en donde todos los hijos de 25 años o más,3,Madrid,city
HH_982,3 personas,Carrascal,Hogar con un solo progenitor que convive con todos sus hijos de 25 años o más,Hogar con un solo progenitor que convive con todos sus hijos de 25 años o más,3,Fuenlabrada,city
HH_983,4 personas,San Nicasio,Hogar formado por pareja con hijos en donde todos los hijos de 25 años o más,Hogar formado por pareja con hijos en donde todos los hijos de 25 años o más,4,Madrid,city
HH_984,2 personas,Zarzaquemada,Hogar formado por pareja sin hijos,Hogar formado por pareja sin hijos,2,,apartments
HH_985,2 personas,San Nicasio,Hogar formado por pareja sin hijos,Hogar formado por pareja sin hijos,2,Madrid,city
HH_986,3 personas,Zarzaquemada,Hogar formado por pareja con hijos en donde algún hijo es menor de 25 años,Hogar formado por pareja con hijos en donde algún hijo es menor de 25 años,3,,apartments
HH_987,4 personas,San Nicasio,Hogar formado por pareja con hijos en donde algún hijo es menor de 25 años,Hogar formado por pareja con hijos en donde algún hijo es menor de 25 años,4,,semidetached_house
HH_988,4 personas,Zarzaquemada,Hogar formado por pareja con hijos en donde algún hijo es menor de 25 años,Hogar formado por pareja con hijos en donde algún hijo es menor de 25 años,4,Fuenlabrada,city
HH_989,3 personas,Carrascal,Hogar formado por pareja con hijos en donde algún hijo es menor de 25 años,Hogar formado por pareja con hijos en donde algún hijo es menor de 25 años,3,,semidetached_house
HH_990,3 personas,Norte,Hogar formado por pareja con hijos en donde algún hijo es menor de 25 años,Hogar formado por pareja con hijos en donde algún hijo es menor de 25 años,3,,apartments
HH_991,1 persona,Zarzaquemada,Hogar con una mujer sola de 65 años o más,Hogar con una mujer sola de 65 años o más,1,Alcorcon,city
HH_992,3 personas,Fortuna,Hogar formado por pareja o un solo progenitor que convive con algún hijo menor de 25 años y otra(s) persona(s),Hogar formado por pareja o un solo progenitor que convive con algún hijo menor de 25 años y otra(s) persona(s),3,,yes
HH_993,3 personas,San Nicasio,Hogar formado por pareja con hijos en donde todos los hijos de 25 años o más,Hogar formado por pareja con hijos en donde todos los hijos de 25 años o más,3,,semidetached_house
HH_994,2 personas,Norte,Hogar formado por pareja sin hijos,Hogar formado por pareja sin hijos,2,Fuenlabrada,city
HH_995,1 persona,Carrascal,Hogar con una mujer sola menor de 65 años,Hogar con una mujer sola menor de 65 años,1,Alcorcon,city
HH_996,2 personas,Zarzaquemada,Hogar formado por pareja sin hijos,Hogar formado por pareja sin hijos,2,Madrid,city
HH_997,4 personas,Norte,Hogar formado por pareja con hijos en donde todos los hijos de 25 años o más,Hogar formado por pareja con hijos en donde todos los hijos de 25 años o más,4,,apartments
HH_998,2 personas,San Nicasio,Hogar formado por pareja sin hijos,Hogar formado por pareja sin hijos,2,Alcorcon,city
HH_999,4 personas,Polvoranca,Hogar formado por pareja con hijos en donde algún hijo es menor de 25 años,Hogar formado por pareja con hijos en donde algún hijo es menor de 25 años,4,,semidetached_house
HH_1000,1 persona,Sur,Hogar con un hombre solo menor de 65 años,Hogar con un hombre solo menor de 65 años,1,,apartments
HH_1001,3 personas,Norte,Hogar formado por pareja con hijos en donde todos los hijos de 25 años o más,Hogar formado por pareja con hijos en donde todos los hijos de 25 años o más,3,,yes
HH_1002,3 personas,San Nicasio,Hogar formado por pareja con hijos en donde algún hijo es menor de 25 años,Hogar formado por pareja con hijos en donde algún hijo es menor de 25 años,3,,yes
HH_1003,3 personas,Fortuna,Hogar formado por pareja con hijos en donde algún hijo es menor de 25 años,Hogar formado por pareja con hijos en donde algún hijo es menor de 25 años,3,,semidetached_house
HH_1004,2 personas,San Nicasio,Hogar formado por pareja sin hijos,Hogar formado por pareja sin hijos,2,Madrid,city
HH_1005,4 personas,Zarzaquemada,Hogar formado por pareja con hijos en donde algún hijo es menor de 25 años,Hogar formado por pareja con hijos en donde algún hijo es menor de 25 años,4,Fuenlabrada,city
HH_1006,4 personas,Sur,Otro tipo de hogar,Otro tipo de hogar,4,,house
HH_1007,3 personas,Sur,Otro tipo de hogar,Otro tipo de hogar,3,,apartments
HH_1008,1 persona,Carrascal,Hogar con una mujer sola menor de 65 años,Hogar con una mujer sola menor de 65 años,1,Madrid,city
HH_1009,1 persona,Zarzaquemada,Hogar con una mujer sola de 65 años o más,Hogar con una mujer sola de 65 años o más,1,,apartments
HH_1010,3 personas,Zarzaquemada,Hogar formado por pareja con hijos en donde todos los hijos de 25 años o más,Hogar formado por pareja con hijos en donde todos los hijos de 25 años o más,3,,apartments
HH_1011,1 persona,Carrascal,Hogar con una mujer sola de 65 años o más,Hogar con una mujer sola de 65 años o más,1,Madrid,city
HH_1012,4 personas,San Nicasio,Hogar formado por pareja con hijos en donde algún hijo es menor de 25 años,Hogar formado por pareja con hijos en donde algún hijo es menor de 25 años,4,Fuenlabrada,city
HH_1013,2 personas,Carrascal,Hogar formado por pareja sin hijos,Hogar formado por pareja sin hijos,2,,yes
HH_1014,1 persona,Carrascal,Hogar con una mujer sola de 65 años o más,Hogar con una mujer sola de 65 años o más,1,,apartments
HH_1015,4 personas,Sur,Hogar formado por pareja con hijos en donde algún hijo es menor de 25 años,Hogar formado por pareja con hijos en donde algún hijo es menor de 25 años,4,Madrid,city
HH_1016,1 persona,Carrascal,Hogar con una mujer sola de 65 años o más,Hogar con una mujer sola de 65 años o más,1,Madrid,city
HH_1017,3 personas,Polvoranca,Hogar formado por pareja con hijos en donde algún hijo es menor de 25 años,Hogar formado por pareja con hijos en donde algún hijo es menor de 25 años,3,Madrid,city
HH_1018,2 personas,Zarzaquemada,Hogar formado por pareja sin hijos,Hogar formado por pareja sin hijos,2,,residential
HH_1019,2 personas,Sur,Hogar formado por pareja sin hijos,Hogar formado por pareja sin hijos,2,,yes
HH_1020,3 personas,Norte,Hogar formado por pareja con hijos en donde algún hijo es menor de 25 años,Hogar formado por pareja con hijos en donde algún hijo es menor de 25 años,3,,apartments
HH_1021,1 persona,Polvoranca,Hogar con un hombre solo menor de 65 años,Hogar con un hombre solo menor de 65 años,1,,house
HH_1022,3 personas,Zarzaquemada,Hogar formado por pareja con hijos en donde algún hijo es menor de 25 años,Hogar formado por pareja con hijos en donde algún hijo es menor de 25 años,3,,residential
HH_1023,2 personas,Sur,Hogar formado por pareja sin hijos,Hogar formado por pareja sin hijos,2,Madrid,city
HH_1024,3 personas,Zarzaquemada,Hogar formado por pareja con hijos en donde algún hijo es menor de 25 años,Hogar formado por pareja con hijos en donde algún hijo es menor de 25 años,3,,apartments
HH_1025,3 personas,Norte,Hogar formado por pareja con hijos en donde algún hijo es menor de 25 años,Hogar formado por pareja con hijos en donde algún hijo es menor de 25 años,3,,apartments
HH_1026,4 personas,Sur,Hogar formado por pareja con hijos en donde algún hijo es menor de 25 años,Hogar formado por pareja con hijos en donde algún hijo es menor de 25 años,4,,yes
HH_1027,4 personas,Norte,Hogar formado por pareja con hijos en donde algún hijo es menor de 25 años,Hogar formado por pareja con hijos en donde algún hijo es menor de 25 años,4,Delegación de Hacienda,yes
HH_1028,1 persona,Carrascal,Hogar con una mujer sola de 65 años o más,Hogar con una mujer sola de 65 años o más,1,,apartments
HH_1029,3 personas,Norte,Hogar formado por pareja con hijos en donde todos los hijos de 25 años o más,Hogar formado por pareja con hijos en donde todos los hijos de 25 años o más,3,,apartments
HH_1030,2 personas,Sur,Hogar formado por pareja sin hijos,Hogar formado por pareja sin hijos,2,Madrid,city
HH_1031,1 persona,Norte,Hogar con un hombre solo menor de 65 años,Hogar con un hombre solo menor de 65 años,1,Madrid,city
HH_1032,3 personas,Zarzaquemada,Hogar formado por pareja con hijos en donde algún hijo es menor de 25 años,Hogar formado por pareja con hijos en donde algún hijo es menor de 25 años,3,,residential
HH_1033,2 personas,San Nicasio,Otro tipo de hogar,Otro tipo de hogar,2,,yes
HH_1034,3 personas,Carrascal,Hogar formado por pareja con hijos en donde todos los hijos de 25 años o más,Hogar formado por pareja con hijos en donde todos los hijos de 25 años o más,3,Madrid,city
HH_1035,3 personas,Sur,Hogar formado por pareja con hijos en donde algún hijo es menor de 25 años,Hogar formado por pareja con hijos en donde algún hijo es menor de 25 años,3,,residential
HH_1036,3 personas,Zarzaquemada,Hogar con un solo progenitor que convive con todos sus hijos de 25 años o más,Hogar con un solo progenitor que convive con todos sus hijos de 25 años o más,3,,apartments
HH_1037,3 personas,San Nicasio,Hogar con un solo progenitor que convive con algún hijo menor de 25 años,Hogar con un solo progenitor que convive con algún hijo menor de 25 años,3,Getafe norte,city
HH_1038,1 persona,San Nicasio,Hogar con un hombre solo menor de 65 años,Hogar con un hombre solo menor de 65 años,1,,house
HH_1039,4 personas,Sur,Hogar formado por pareja con hijos en donde algún hijo es menor de 25 años,Hogar formado por pareja con hijos en donde algún hijo es menor de 25 años,4,Madrid,city
HH_1040,2 personas,Zarzaquemada,Hogar con un solo progenitor que convive con algún hijo menor de 25 años,Hogar con un solo progenitor que convive con algún hijo menor de 25 años,2,,residential
HH_1041,5 o mas personas,Carrascal,Hogar formado por pareja con hijos en donde algún hijo es menor de 25 años,Hogar formado por pareja con hijos en donde algún hijo es menor de 25 años,5,,detached
HH_1042,3 personas,Carrascal,Hogar formado por pareja con hijos en donde todos los hijos de 25 años o más,Hogar formado por pareja con hijos en donde todos los hijos de 25 años o más,3,,yes
HH_1043,4 personas,Fortuna,Otro tipo de hogar,Otro tipo de hogar,4,,yes
HH_1044,2 personas,San Nicasio,Hogar con un solo progenitor que convive con algún hijo menor de 25 años,Hogar con un solo progenitor que convive con algún hijo menor de 25 años,2,Madrid,city
HH_1045,4 personas,Carrascal,Hogar formado por pareja con hijos en donde algún hijo es menor de 25 años,Hogar formado por pareja con hijos en donde algún hijo es menor de 25 años,4,,yes
HH_1046,2 personas,Sur,Hogar con un solo progenitor que convive con todos sus hijos de 25 años o más,Hogar con un solo progenitor que convive con todos sus hijos de 25 años o más,2,Unidad de Rehabiltación,yes
HH_1047,2 personas,Fortuna,Hogar formado por pareja sin hijos,Hogar formado por pareja sin hijos,2,,yes
HH_1048,1 persona,San Nicasio,Hogar con una mujer sola de 65 años o más,Hogar con una mujer sola de 65 años o más,1,Madrid,city
HH_1049,4 personas,Sur,Hogar formado por pareja o un solo progenitor que convive con algún hijo menor de 25 años y otra(s) persona(s),Hogar formado por pareja o un solo progenitor que convive con algún hijo menor de 25 años y otra(s) persona(s),4,,yes
HH_1050,1 persona,Norte,Hogar con una mujer sola menor de 65 años,Hogar con una mujer sola menor de 65 años,1,Madrid,city
HH_1051,3 personas,Carrascal,Hogar formado por pareja con hijos en donde algún hijo es menor de 25 años,Hogar formado por pareja con hijos en donde algún hijo es menor de 25 años,3,Getafe norte,city
HH_1052,4 personas,San Nicasio,Hogar formado por pareja con hijos en donde algún hijo es menor de 25 años,Hogar formado por pareja con hijos en donde algún hijo es menor de 25 años,4,Fuenlabrada,city
HH_1053,2 personas,Sur,Otro tipo de hogar,Otro tipo de hogar,2,Madrid,city
HH_1054,2 personas,Fortuna,Hogar con un solo progenitor que convive con algún hijo menor de 25 años,Hogar con un solo progenitor que convive con algún hijo menor de 25 años,2,Mostoles,city
HH_1055,1 persona,Zarzaquemada,Hogar con una mujer sola de 65 años o más,Hogar con una mujer sola de 65 años o más,1,Fuenlabrada,city
HH_1056,2 personas,Sur,Hogar con un solo progenitor que convive con algún hijo menor de 25 años,Hogar con un solo progenitor que convive con algún hijo menor de 25 años,2,,yes
HH_1057,3 personas,San Nicasio,Hogar formado por pareja con hijos en donde todos los hijos de 25 años o más,Hogar formado por pareja con hijos en donde todos los hijos de 25 años o más,3,Extremadura,city
HH_1058,3 personas,Carrascal,Hogar formado por pareja con hijos en donde todos los hijos de 25 años o más,Hogar formado por pareja con hijos en donde todos los hijos de 25 años o más,3,Madrid,city
HH_1059,2 personas,Zarzaquemada,Hogar formado por pareja sin hijos,Hogar formado por pareja sin hijos,2,,apartments
HH_1060,4 personas,Polvoranca,Hogar formado por pareja con hijos en donde algún hijo es menor de 25 años,Hogar formado por pareja con hijos en donde algún hijo es menor de 25 años,4,,yes
HH_1061,1 persona,San Nicasio,Hogar con un hombre solo menor de 65 años,Hogar con un hombre solo menor de 65 años,1,,house
HH_1062,4 personas,Zarzaquemada,Hogar formado por pareja o un solo progenitor que convive con algún hijo menor de 25 años y otra(s) persona(s),Hogar formado por pareja o un solo progenitor que convive con algún hijo menor de 25 años y otra(s) persona(s),4,,residential
HH_1063,1 persona,Norte,Hogar con una mujer sola menor de 65 años,Hogar con una mujer sola menor de 65 años,1,,apartments
HH_1064,3 personas,Fortuna,Hogar formado por pareja con hijos en donde algún hijo es menor de 25 años,Hogar formado por pareja con hijos en donde algún hijo es menor de 25 años,3,Fuenlabrada,city
HH_1065,1 persona,Carrascal,Hogar con un hombre solo menor de 65 años,Hogar con un hombre solo menor de 65 años,1,,residential
HH_1066,4 personas,Norte,Hogar formado por pareja con hijos en donde algún hijo es menor de 25 años,Hogar formado por pareja con hijos en donde algún hijo es menor de 25 años,4,Mostoles,city
HH_1067,1 persona,Zarzaquemada,Hogar con una mujer sola de 65 años o más,Hogar con una mujer sola de 65 años o más,1,Madrid,city
HH_1068,1 persona,San Nicasio,Hogar con una mujer sola menor de 65 años,Hogar con una mujer sola menor de 65 años,1,Madrid,city
HH_1069,4 personas,Zarzaquemada,Otro tipo de hogar,Otro tipo de hogar,4,,apartments
HH_1070,1 persona,Zarzaquemada,Hogar con un hombre solo de 65 años o más,Hogar con un hombre solo de 65 años o más,1,,apartments
HH_1071,3 personas,Zarzaquemada,Hogar con un solo progenitor que convive con algún hijo menor de 25 años,Hogar con un solo progenitor que convive con algún hijo menor de 25 años,3,Madrid,city
HH_1072,1 persona,Norte,Hogar con un hombre solo menor de 65 años,Hogar con un hombre solo menor de 65 años,1,,yes
HH_1073,3 personas,Zarzaquemada,Hogar formado por pareja con hijos en donde algún hijo es menor de 25 años,Hogar formado por pareja con hijos en donde algún hijo es menor de 25 años,3,,residential
HH_1074,3 personas,Carrascal,Hogar formado por pareja con hijos en donde algún hijo es menor de 25 años,Hogar formado por pareja con hijos en donde algún hijo es menor de 25 años,3,Madrid,city
HH_1075,3 personas,Zarzaquemada,Hogar formado por pareja con hijos en donde todos los hijos de 25 años o más,Hogar formado por pareja con hijos en donde todos los hijos de 25 años o más,3,,residential
HH_1076,1 persona,Carrascal,Hogar con una mujer sola menor de 65 años,Hogar con una mujer sola menor de 65 años,1,,yes
HH_1077,2 personas,Carrascal,Hogar formado por pareja sin hijos,Hogar formado por pareja sin hijos,2,,semidetached_house
HH_1078,1 persona,Zarzaquemada,Hogar con un hombre solo menor de 65 años,Hogar con un hombre solo menor de 65 años,1,,residential
HH_1079,4 personas,Zarzaquemada,Hogar formado por pareja o un solo progenitor que convive con algún hijo menor de 25 años y otra(s) persona(s),Hogar formado por pareja o un solo progenitor que convive con algún hijo menor de 25 años y otra(s) persona(s),4,,apartments
HH_1080,1 persona,San Nicasio,Hogar con una mujer sola de 65 años o más,Hogar con una mujer sola de 65 años o más,1,,semidetached_house
HH_1081,3 personas,Zarzaquemada,Hogar formado por pareja con hijos en donde algún hijo es menor de 25 años,Hogar formado por pareja con hijos en donde algún hijo es menor de 25 años,3,,residential
HH_1082,2 personas,Norte,Hogar formado por pareja sin hijos,Hogar formado por pareja sin hijos,2,,apartments
HH_1083,3 personas,Fortuna,Hogar formado por pareja con hijos en donde algún hijo es menor de 25 años,Hogar formado por pareja con hijos en donde algún hijo es menor de 25 años,3,,yes
HH_1084,2 personas,Zarzaquemada,Hogar formado por pareja sin hijos,Hogar formado por pareja sin hijos,2,Mostoles,city
HH_1085,5 o mas personas,Sur,Hogar formado por pareja o un solo progenitor que convive con algún hijo menor de 25 años y otra(s) persona(s),Hogar formado por pareja o un solo progenitor que convive con algún hijo menor de 25 años y otra(s) persona(s),5,,apartments
HH_1086,2 personas,Fortuna,Hogar formado por pareja sin hijos,Hogar formado por pareja sin hijos,2,Madrid,city
HH_1087,5 o mas personas,Sur,Hogar formado por pareja o un solo progenitor que convive con algún hijo menor de 25 años y otra(s) persona(s),Hogar formado por pareja o un solo progenitor que convive con algún hijo menor de 25 años y otra(s) persona(s),5,,house
HH_1088,3 personas,Carrascal,Hogar formado por pareja con hijos en donde todos los hijos de 25 años o más,Hogar formado por pareja con hijos en donde todos los hijos de 25 años o más,3,,house
HH_1089,3 personas,Polvoranca,Hogar formado por pareja con hijos en donde todos los hijos de 25 años o más,Hogar formado por pareja con hijos en donde todos los hijos de 25 años o más,3,,semidetached_house
HH_1090,2 personas,Carrascal,Hogar formado por pareja sin hijos,Hogar formado por pareja sin hijos,2,Madrid,city
HH_1091,1 persona,Carrascal,Hogar con un hombre solo menor de 65 años,Hogar con un hombre solo menor de 65 años,1,Madrid,city
HH_1092,2 personas,Zarzaquemada,Hogar formado por pareja sin hijos,Hogar formado por pareja sin hijos,2,Teatro Egaleo,yes
HH_1093,1 persona,San Nicasio,Hogar con un hombre solo menor de 65 años,Hogar con un hombre solo menor de 65 años,1,Madrid,city
HH_1094,4 personas,Zarzaquemada,Hogar formado por pareja o un solo progenitor que convive con algún hijo menor de 25 años y otra(s) persona(s),Hogar formado por pareja o un solo progenitor que convive con algún hijo menor de 25 años y otra(s) persona(s),4,Madrid,city
HH_1095,1 persona,Carrascal,Hogar con un hombre solo de 65 años o más,Hogar con un hombre solo de 65 años o más,1,Fuenlabrada,city
HH_1096,3 personas,Polvoranca,Hogar formado por pareja o un solo progenitor que convive con algún hijo menor de 25 años y otra(s) persona(s),Hogar formado por pareja o un solo progenitor que convive con algún hijo menor de 25 años y otra(s) persona(s),3,,house
HH_1097,4 personas,Zarzaquemada,Hogar formado por pareja con hijos en donde todos los hijos de 25 años o más,Hogar formado por pareja con hijos en donde todos los hijos de 25 años o más,4,Madrid,city
HH_1098,1 persona,Fortuna,Hogar con una mujer sola de 65 años o más,Hogar con una mujer sola de 65 años o más,1,,yes
HH_1099,2 personas,Sur,Hogar con un solo progenitor que convive con todos sus hijos de 25 años o más,Hogar con un solo progenitor que convive con todos sus hijos de 25 años o más,2,Mostoles,city
HH_1100,4 personas,Polvoranca,Hogar formado por pareja con hijos en donde algún hijo es menor de 25 años,Hogar formado por pareja con hijos en donde algún hijo es menor de 25 años,4,Madrid,city
HH_1101,2 personas,Zarzaquemada,Hogar formado por pareja sin hijos,Hogar formado por pareja sin hijos,2,,apartments
HH_1102,5 o mas personas,Zarzaquemada,Hogar formado por pareja o un solo progenitor que convive con algún hijo menor de 25 años y otra(s) persona(s),Hogar formado por pareja o un solo progenitor que convive con algún hijo menor de 25 años y otra(s) persona(s),5,,apartments
HH_1103,3 personas,Sur,Hogar formado por pareja con hijos en donde algún hijo es menor de 25 años,Hogar formado por pareja con hijos en donde algún hijo es menor de 25 años,3,,yes
HH_1104,4 personas,San Nicasio,Hogar formado por pareja con hijos en donde algún hijo es menor de 25 años,Hogar formado por pareja con hijos en donde algún hijo es menor de 25 años,4,Madrid,city
HH_1105,3 personas,Zarzaquemada,Hogar formado por pareja con hijos en donde todos los hijos de 25 años o más,Hogar formado por pareja con hijos en donde todos los hijos de 25 años o más,3,Fuenlabrada,city
HH_1106,3 personas,Zarzaquemada,Hogar formado por pareja con hijos en donde todos los hijos de 25 años o más,Hogar formado por pareja con hijos en donde todos los hijos de 25 años o más,3,Madrid,city
HH_1107,1 persona,Fortuna,Hogar con una mujer sola de 65 años o más,Hogar con una mujer sola de 65 años o más,1,,yes
HH_1108,2 personas,Zarzaquemada,Hogar formado por pareja sin hijos,Hogar formado por pareja sin hijos,2,Madrid,city
HH_1109,1 persona,Zarzaquemada,Hogar con una mujer sola de 65 años o más,Hogar con una mujer sola de 65 años o más,1,Alcorcon,city
HH_1110,4 personas,Carrascal,Otro tipo de hogar,Otro tipo de hogar,4,Sol y Vida,yes
HH_1111,2 personas,Zarzaquemada,Hogar formado por pareja sin hijos,Hogar formado por pareja sin hijos,2,,yes
HH_1112,3 personas,Polvoranca,Hogar formado por pareja con hijos en donde algún hijo es menor de 25 años,Hogar formado por pareja con hijos en donde algún hijo es menor de 25 años,3,Fuenlabrada,city
HH_1113,2 personas,San Nicasio,Hogar formado por pareja sin hijos,Hogar formado por pareja sin hijos,2,,yes
HH_1114,1 persona,Zarzaquemada,Hogar con una mujer sola menor de 65 años,Hogar con una mujer sola menor de 65 años,1,,apartments
HH_1115,3 personas,San Nicasio,Otro tipo de hogar,Otro tipo de hogar,3,,yes
HH_1116,2 personas,Zarzaquemada,Otro tipo de hogar,Otro tipo de hogar,2,,yes
HH_1117,2 personas,Zarzaquemada,Otro tipo de hogar,Otro tipo de hogar,2,,apartments
HH_1118,2 personas,Norte,Hogar formado por pareja sin hijos,Hogar formado por pareja sin hijos,2,,yes
HH_1119,3 personas,Sur,Hogar con un solo progenitor que convive con todos sus hijos de 25 años o más,Hogar con un solo progenitor que convive con todos sus hijos de 25 años o más,3,,yes
HH_1120,2 personas,Zarzaquemada,Hogar formado por pareja sin hijos,Hogar formado por pareja sin hijos,2,,apartments
HH_1121,2 personas,Sur,Hogar formado por pareja sin hijos,Hogar formado por pareja sin hijos,2,,apartments
HH_1122,3 personas,Norte,Hogar formado por pareja con hijos en donde algún hijo es menor de 25 años,Hogar formado por pareja con hijos en donde algún hijo es menor de 25 años,3,Alcorcon,city
HH_1123,3 personas,Polvoranca,Hogar formado por pareja o un solo progenitor que convive con algún hijo menor de 25 años y otra(s) persona(s),Hogar formado por pareja o un solo progenitor que convive con algún hijo menor de 25 años y otra(s) persona(s),3,Madrid,city
HH_1124,4 personas,Zarzaquemada,Hogar formado por pareja con hijos en donde algún hijo es menor de 25 años,Hogar formado por pareja con hijos en donde algún hijo es menor de 25 años,4,,apartments
HH_1125,1 persona,Zarzaquemada,Hogar con una mujer sola de 65 años o más,Hogar con una mujer sola de 65 años o más,1,,yes
HH_1126,2 personas,Carrascal,Hogar formado por pareja sin hijos,Hogar formado por pareja sin hijos,2,,yes
HH_1127,4 personas,Sur,Hogar formado por pareja con hijos en donde algún hijo es menor de 25 años,Hogar formado por pareja con hijos en donde algún hijo es menor de 25 años,4,Mostoles,city
HH_1128,4 personas,Zarzaquemada,Hogar formado por pareja con hijos en donde algún hijo es menor de 25 años,Hogar formado por pareja con hijos en donde algún hijo es menor de 25 años,4,Fuenlabrada,city
HH_1129,1 persona,Carrascal,Hogar con un hombre solo de 65 años o más,Hogar con un hombre solo de 65 años o más,1,Fuenlabrada,city
HH_1130,5 o mas personas,Zarzaquemada,Otro tipo de hogar,Otro tipo de hogar,5,Getafe norte,city
HH_1131,2 personas,Zarzaquemada,Hogar con un solo progenitor que convive con algún hijo menor de 25 años,Hogar con un solo progenitor que convive con algún hijo menor de 25 años,2,,apartments
HH_1132,1 persona,Norte,Hogar con una mujer sola de 65 años o más,Hogar con una mujer sola de 65 años o más,1,,apartments
HH_1133,1 persona,Zarzaquemada,Hogar con una mujer sola de 65 años o más,Hogar con una mujer sola de 65 años o más,1,,residential
HH_1134,4 personas,Sur,Hogar formado por pareja con hijos en donde algún hijo es menor de 25 años,Hogar formado por pareja con hijos en donde algún hijo es menor de 25 años,4,Madrid,city
HH_1135,3 personas,Fortuna,Otro tipo de hogar,Otro tipo de hogar,3,,semidetached_house
HH_1136,2 personas,Zarzaquemada,Otro tipo de hogar,Otro tipo de hogar,2,,residential
HH_1137,2 personas,Norte,Hogar formado por pareja sin hijos,Hogar formado por pareja sin hijos,2,Madrid,city
HH_1138,2 personas,Carrascal,Hogar con un solo progenitor que convive con todos sus hijos de 25 años o más,Hogar con un solo progenitor que convive con todos sus hijos de 25 años o más,2,,yes
HH_1139,4 personas,Carrascal,Hogar formado por pareja con hijos en donde algún hijo es menor de 25 años,Hogar formado por pareja con hijos en donde algún hijo es menor de 25 años,4,Madrid,city
HH_1140,5 o mas personas,Sur,Hogar formado por pareja con hijos en donde algún hijo es menor de 25 años,Hogar formado por pareja con hijos en donde algún hijo es menor de 25 años,5,,apartments
HH_1141,1 persona,Polvoranca,Hogar con una mujer sola de 65 años o más,Hogar con una mujer sola de 65 años o más,1,,semidetached_house
HH_1142,3 personas,San Nicasio,Otro tipo de hogar,Otro tipo de hogar,3,Madrid,city
HH_1143,4 personas,Norte,Hogar formado por pareja con hijos en donde algún hijo es menor de 25 años,Hogar formado por pareja con hijos en donde algún hijo es menor de 25 años,4,,yes
HH_1144,4 personas,Zarzaquemada,Hogar formado por pareja con hijos en donde algún hijo es menor de 25 años,Hogar formado por pareja con hijos en donde algún hijo es menor de 25 años,4,,apartments
HH_1145,2 personas,Carrascal,Hogar formado por pareja sin hijos,Hogar formado por pareja sin hijos,2,Madrid,city
HH_1146,2 personas,San Nicasio,Hogar con un solo progenitor que convive con todos sus hijos de 25 años o más,Hogar con un solo progenitor que convive con todos sus hijos de 25 años o más,2,,semidetached_house
HH_1147,2 personas,Fortuna,Hogar con un solo progenitor que convive con todos sus hijos de 25 años o más,Hogar con un solo progenitor que convive con todos sus hijos de 25 años o más,2,,yes
HH_1148,3 personas,Zarzaquemada,Hogar formado por pareja con hijos en donde algún hijo es menor de 25 años,Hogar formado por pareja con hijos en donde algún hijo es menor de 25 años,3,Madrid,city
HH_1149,3 personas,Zarzaquemada,Hogar con un solo progenitor que convive con algún hijo menor de 25 años,Hogar con un solo progenitor que convive con algún hijo menor de 25 años,3,,apartments
HH_1150,1 persona,Norte,Hogar con un hombre solo de 65 años o más,Hogar con un hombre solo de 65 años o más,1,,apartments
HH_1151,1 persona,Zarzaquemada,Hogar con una mujer sola de 65 años o más,Hogar con una mujer sola de 65 años o más,1,Madrid,city
HH_1152,4 personas,Sur,Hogar formado por pareja con hijos en donde algún hijo es menor de 25 años,Hogar formado por pareja con hijos en donde algún hijo es menor de 25 años,4,,yes
HH_1153,5 o mas personas,Polvoranca,Hogar formado por pareja o un solo progenitor que convive con algún hijo menor de 25 años y otra(s) persona(s),Hogar formado por pareja o un solo progenitor que convive con algún hijo menor de 25 años y otra(s) persona(s),5,,terrace
HH_1154,1 persona,Zarzaquemada,Hogar con un hombre solo menor de 65 años,Hogar con un hombre solo menor de 65 años,1,,residential
HH_1155,3 personas,Fortuna,Hogar formado por pareja con hijos en donde algún hijo es menor de 25 años,Hogar formado por pareja con hijos en donde algún hijo es menor de 25 años,3,Madrid,city
HH_1156,3 personas,Zarzaquemada,Hogar formado por pareja con hijos en donde todos los hijos de 25 años o más,Hogar formado por pareja con hijos en donde todos los hijos de 25 años o más,3,,residential
HH_1157,1 persona,Norte,Hogar con una mujer sola menor de 65 años,Hogar con una mujer sola menor de 65 años,1,Fuenlabrada,city
HH_1158,2 personas,Polvoranca,Hogar formado por pareja sin hijos,Hogar formado por pareja sin hijos,2,Fuenlabrada,city
HH_1159,2 personas,Polvoranca,Hogar formado por pareja sin hijos,Hogar formado por pareja sin hijos,2,,house
HH_1160,1 persona,San Nicasio,Hogar con una mujer sola menor de 65 años,Hogar con una mujer sola menor de 65 años,1,,residential
HH_1161,5 o mas personas,San Nicasio,Hogar formado por pareja con hijos en donde algún hijo es menor de 25 años,Hogar formado por pareja con hijos en donde algún hijo es menor de 25 años,5,Fuenlabrada,city
HH_1162,1 persona,Sur,Hogar con una mujer sola menor de 65 años,Hogar con una mujer sola menor de 65 años,1,,yes
HH_1163,3 personas,San Nicasio,Hogar formado por pareja con hijos en donde algún hijo es menor de 25 años,Hogar formado por pareja con hijos en donde algún hijo es menor de 25 años,3,,semidetached_house
HH_1164,2 personas,Norte,Hogar formado por pareja sin hijos,Hogar formado por pareja sin hijos,2,,yes
HH_1165,2 personas,San Nicasio,Hogar formado por pareja sin hijos,Hogar formado por pareja sin hijos,2,,semidetached_house
HH_1166,2 personas,Norte,Hogar formado por pareja sin hijos,Hogar formado por pareja sin hijos,2,,yes
HH_1167,2 personas,Zarzaquemada,Hogar formado por pareja sin hijos,Hogar formado por pareja sin hijos,2,Madrid,city
HH_1168,3 personas,Zarzaquemada,Hogar formado por pareja con hijos en donde algún hijo es menor de 25 años,Hogar formado por pareja con hijos en donde algún hijo es menor de 25 años,3,Getafe norte,city
HH_1169,1 persona,Carrascal,Hogar con un hombre solo de 65 años o más,Hogar con un hombre solo de 65 años o más,1,Madrid,city
HH_1170,1 persona,Zarzaquemada,Hogar con una mujer sola menor de 65 años,Hogar con una mujer sola menor de 65 años,1,,yes
HH_1171,4 personas,Polvoranca,Otro tipo de hogar,Otro tipo de hogar,4,Madrid,city
HH_1172,4 personas,Zarzaquemada,Hogar formado por pareja o un solo progenitor que convive con algún hijo menor de 25 años y otra(s) persona(s),Hogar formado por pareja o un solo progenitor que convive con algún hijo menor de 25 años y otra(s) persona(s),4,Madrid,city
HH_1173,3 personas,Zarzaquemada,Otro tipo de hogar,Otro tipo de hogar,3,,residential
HH_1174,2 personas,San Nicasio,Hogar formado por pareja sin hijos,Hogar formado por pareja sin hijos,2,Madrid,city
HH_1175,2 personas,Norte,Hogar formado por pareja sin hijos,Hogar formado por pareja sin hijos,2,,apartments
HH_1176,2 personas,Polvoranca,Hogar formado por pareja sin hijos,Hogar formado por pareja sin hijos,2,Mostoles,city
HH_1177,2 personas,Sur,Hogar formado por pareja sin hijos,Hogar formado por pareja sin hijos,2,,apartments
HH_1178,2 personas,Polvoranca,Hogar formado por pareja sin hijos,Hogar formado por pareja sin hijos,2,,house
HH_1179,1 persona,Norte,Hogar con un hombre solo menor de 65 años,Hogar con un hombre solo menor de 65 años,1,Madrid,city
HH_1180,2 personas,Sur,Hogar formado por pareja sin hijos,Hogar formado por pareja sin hijos,2,,yes
HH_1181,4 personas,Zarzaquemada,Hogar formado por pareja con hijos en donde algún hijo es menor de 25 años,Hogar formado por pareja con hijos en donde algún hijo es menor de 25 años,4,Madrid,city
HH_1182,4 personas,Carrascal,Hogar formado por pareja con hijos en donde todos los hijos de 25 años o más,Hogar formado por pareja con hijos en donde todos los hijos de 25 años o más,4,,apartments
HH_1183,3 personas,Norte,Otro tipo de hogar,Otro tipo de hogar,3,Madrid,city
HH_1184,2 personas,Carrascal,Otro tipo de hogar,Otro tipo de hogar,2,Radiotrans Iberia,yes
HH_1185,5 o mas personas,Carrascal,Hogar formado por pareja con hijos en donde algún hijo es menor de 25 años,Hogar formado por pareja con hijos en donde algún hijo es menor de 25 años,5,,semidetached_house
HH_1186,3 personas,Sur,Hogar formado por pareja con hijos en donde algún hijo es menor de 25 años,Hogar formado por pareja con hijos en donde algún hijo es menor de 25 años,3,,yes
HH_1187,3 personas,San Nicasio,Hogar formado por pareja con hijos en donde algún hijo es menor de 25 años,Hogar formado por pareja con hijos en donde algún hijo es menor de 25 años,3,,terrace
HH_1188,3 personas,San Nicasio,Hogar formado por pareja con hijos en donde algún hijo es menor de 25 años,Hogar formado por pareja con hijos en donde algún hijo es menor de 25 años,3,Mostoles,city
HH_1189,2 personas,Norte,Hogar con un solo progenitor que convive con algún hijo menor de 25 años,Hogar con un solo progenitor que convive con algún hijo menor de 25 años,2,,apartments
HH_1190,1 persona,Carrascal,Hogar con una mujer sola de 65 años o más,Hogar con una mujer sola de 65 años o más,1,,residential
HH_1191,3 personas,Norte,Hogar formado por pareja con hijos en donde algún hijo es menor de 25 años,Hogar formado por pareja con hijos en donde algún hijo es menor de 25 años,3,,apartments
HH_1192,2 personas,Polvoranca,Otro tipo de hogar,Otro tipo de hogar,2,Alcorcon,city
HH_1193,1 persona,Zarzaquemada,Hogar con un hombre solo de 65 años o más,Hogar con un hombre solo de 65 años o más,1,,yes
HH_1194,2 personas,Zarzaquemada,Hogar formado por pareja sin hijos,Hogar formado por pareja sin hijos,2,,apartments
HH_1195,5 o mas personas,Polvoranca,Hogar formado por pareja o un solo progenitor que convive con algún hijo menor de 25 años y otra(s) persona(s),Hogar formado por pareja o un solo progenitor que convive con algún hijo menor de 25 años y otra(s) persona(s),5,,semidetached_house
HH_1196,4 personas,Zarzaquemada,Hogar formado por pareja o un solo progenitor que convive con algún hijo menor de 25 años y otra(s) persona(s),Hogar formado por pareja o un solo progenitor que convive con algún hijo menor de 25 años y otra(s) persona(s),4,Alcorcon,city
HH_1197,4 personas,Carrascal,Hogar formado por pareja con hijos en donde algún hijo es menor de 25 años,Hogar formado por pareja con hijos en donde algún hijo es menor de 25 años,4,,apartments
HH_1198,2 personas,Zarzaquemada,Hogar formado por pareja sin hijos,Hogar formado por pareja sin hijos,2,,yes
HH_1199,2 personas,San Nicasio,Hogar formado por pareja sin hijos,Hogar formado por pareja sin hijos,2,,residential
HH_1200,2 personas,Zarzaquemada,Hogar formado por pareja sin hijos,Hogar formado por pareja sin hijos,2,,residential
HH_1201,2 personas,Sur,Hogar formado por pareja sin hijos,Hogar formado por pareja sin hijos,2,,apartments
HH_1202,4 personas,Zarzaquemada,Hogar formado por pareja con hijos en donde algún hijo es menor de 25 años,Hogar formado por pareja con hijos en donde algún hijo es menor de 25 años,4,,residential
HH_1203,2 personas,Carrascal,Hogar con un solo progenitor que convive con algún hijo menor de 25 años,Hogar con un solo progenitor que convive con algún hijo menor de 25 años,2,,apartments
HH_1204,4 personas,San Nicasio,Hogar formado por pareja con hijos en donde algún hijo es menor de 25 años,Hogar formado por pareja con hijos en donde algún hijo es menor de 25 años,4,,semidetached_house
HH_1205,1 persona,Fortuna,Hogar con una mujer sola de 65 años o más,Hogar con una mujer sola de 65 años o más,1,,yes
HH_1206,1 persona,Norte,Hogar con una mujer sola menor de 65 años,Hogar con una mujer sola menor de 65 años,1,,apartments
HH_1207,2 personas,Fortuna,Hogar con un solo progenitor que convive con todos sus hijos de 25 años o más,Hogar con un solo progenitor que convive con todos sus hijos de 25 años o más,2,,yes
HH_1208,4 personas,Carrascal,Hogar formado por pareja con hijos en donde algún hijo es menor de 25 años,Hogar formado por pareja con hijos en donde algún hijo es menor de 25 años,4,Madrid,city
HH_1209,2 personas,Zarzaquemada,Hogar formado por pareja sin hijos,Hogar formado por pareja sin hijos,2,Madrid,city
HH_1210,1 persona,Norte,Hogar con una mujer sola de 65 años o más,Hogar con una mujer sola de 65 años o más,1,,apartments
HH_1211,4 personas,Norte,Hogar formado por pareja o un solo progenitor que convive con algún hijo menor de 25 años y otra(s) persona(s),Hogar formado por pareja o un solo progenitor que convive con algún hijo menor de 25 años y otra(s) persona(s),4,,apartments
HH_1212,1 persona,Sur,Hogar con una mujer sola de 65 años o más,Hogar con una mujer sola de 65 años o más,1,Extremadura,city
HH_1213,1 persona,Zarzaquemada,Hogar con una mujer sola de 65 años o más,Hogar con una mujer sola de 65 años o más,1,,yes
HH_1214,1 persona,Zarzaquemada,Hogar con una mujer sola menor de 65 años,Hogar con una mujer sola menor de 65 años,1,Fuenlabrada,city
HH_1215,3 personas,Sur,Hogar formado por pareja con hijos en donde todos los hijos de 25 años o más,Hogar formado por pareja con hijos en donde todos los hijos de 25 años o más,3,Alcorcon,city
HH_1216,2 personas,Norte,Hogar formado por pareja sin hijos,Hogar formado por pareja sin hijos,2,Madrid,city
HH_1217,2 personas,Fortuna,Hogar formado por pareja sin hijos,Hogar formado por pareja sin hijos,2,,yes
HH_1218,2 personas,Sur,Hogar con un solo progenitor que convive con algún hijo menor de 25 años,Hogar con un solo progenitor que convive con algún hijo menor de 25 años,2,,yes
HH_1219,3 personas,Fortuna,Hogar formado por pareja con hijos en donde algún hijo es menor de 25 años,Hogar formado por pareja con hijos en donde algún hijo es menor de 25 años,3,,yes
HH_1220,1 persona,Fortuna,Hogar con un hombre solo de 65 años o más,Hogar con un hombre solo de 65 años o más,1,Fuenlabrada,city
HH_1221,1 persona,Polvoranca,Hogar con una mujer sola de 65 años o más,Hogar con una mujer sola de 65 años o más,1,Madrid,city
HH_1222,4 personas,Zarzaquemada,Hogar formado por pareja con hijos en donde algún hijo es menor de 25 años,Hogar formado por pareja con hijos en donde algún hijo es menor de 25 años,4,Madrid,city
HH_1223,1 persona,Carrascal,Hogar con un hombre solo de 65 años o más,Hogar con un hombre solo de 65 años o más,1,Fuenlabrada,city
HH_1224,1 persona,Sur,Hogar con una mujer sola menor de 65 años,Hogar con una mujer sola menor de 65 años,1,,apartments
HH_1225,2 personas,San Nicasio,Hogar formado por pareja sin hijos,Hogar formado por pareja sin hijos,2,,semidetached_house
HH_1226,2 personas,San Nicasio,Hogar formado por pareja sin hijos,Hogar formado por pareja sin hijos,2,,semidetached_house
HH_1227,2 personas,Sur,Hogar con un solo progenitor que convive con algún hijo menor de 25 años,Hogar con un solo progenitor que convive con algún hijo menor de 25 años,2,,yes
HH_1228,1 persona,Norte,Hogar con un hombre solo menor de 65 años,Hogar con un hombre solo menor de 65 años,1,,yes
HH_1229,3 personas,Zarzaquemada,Hogar formado por pareja con hijos en donde algún hijo es menor de 25 años,Hogar formado por pareja con hijos en donde algún hijo es menor de 25 años,3,Madrid,city
HH_1230,1 persona,Carrascal,Hogar con una mujer sola de 65 años o más,Hogar con una mujer sola de 65 años o más,1,,house
HH_1231,1 persona,Polvoranca,Hogar con una mujer sola de 65 años o más,Hogar con una mujer sola de 65 años o más,1,Fuenlabrada,city
HH_1232,1 persona,San Nicasio,Hogar con una mujer sola menor de 65 años,Hogar con una mujer sola menor de 65 años,1,,yes
HH_1233,5 o mas personas,Zarzaquemada,Hogar formado por pareja con hijos en donde algún hijo es menor de 25 años,Hogar formado por pareja con hijos en donde algún hijo es menor de 25 años,5,,residential
HH_1234,4 personas,Sur,Hogar formado por pareja con hijos en donde algún hijo es menor de 25 años,Hogar formado por pareja con hijos en donde algún hijo es menor de 25 años,4,,residential
HH_1235,2 personas,Zarzaquemada,Hogar con un solo progenitor que convive con algún hijo menor de 25 años,Hogar con un solo progenitor que convive con algún hijo menor de 25 años,2,,apartments
HH_1236,1 persona,San Nicasio,Hogar con un hombre solo menor de 65 años,Hogar con un hombre solo menor de 65 años,1,Alcorcon,city
HH_1237,4 personas,San Nicasio,Hogar formado por pareja con hijos en donde algún hijo es menor de 25 años,Hogar formado por pareja con hijos en donde algún hijo es menor de 25 años,4,,semidetached_house
HH_1238,1 persona,Norte,Hogar con un hombre solo menor de 65 años,Hogar con un hombre solo menor de 65 años,1,,apartments
HH_1239,2 personas,Sur,Hogar formado por pareja sin hijos,Hogar formado por pareja sin hijos,2,Fuenlabrada,city
HH_1240,1 persona,Norte,Hogar con un hombre solo menor de 65 años,Hogar con un hombre solo menor de 65 años,1,Madrid,city
HH_1241,4 personas,Carrascal,Hogar formado por pareja con hijos en donde algún hijo es menor de 25 años,Hogar formado por pareja con hijos en donde algún hijo es menor de 25 años,4,,semidetached_house
HH_1242,4 personas,Carrascal,Hogar formado por pareja con hijos en donde algún hijo es menor de 25 años,Hogar formado por pareja con hijos en donde algún hijo es menor de 25 años,4,Fuenlabrada,city
HH_1243,4 personas,San Nicasio,Hogar formado por pareja con hijos en donde algún hijo es menor de 25 años,Hogar formado por pareja con hijos en donde algún hijo es menor de 25 años,4,,semidetached_house
HH_1244,4 personas,Zarzaquemada,Hogar formado por pareja con hijos en donde algún hijo es menor de 25 años,Hogar formado por pareja con hijos en donde algún hijo es menor de 25 años,4,,apartments
HH_1245,4 personas,Norte,Hogar formado por pareja con hijos en donde algún hijo es menor de 25 años,Hogar formado por pareja con hijos en donde algún hijo es menor de 25 años,4,,apartments
HH_1246,2 personas,Zarzaquemada,Hogar formado por pareja sin hijos,Hogar formado por pareja sin hijos,2,,residential
HH_1247,1 persona,Carrascal,Hogar con una mujer sola menor de 65 años,Hogar con una mujer sola menor de 65 años,1,,detached
HH_1248,4 personas,Zarzaquemada,Hogar formado por pareja o un solo progenitor que convive con algún hijo menor de 25 años y otra(s) persona(s),Hogar formado por pareja o un solo progenitor que convive con algún hijo menor de 25 años y otra(s) persona(s),4,,apartments
HH_1249,4 personas,Norte,Hogar formado por pareja o un solo progenitor que convive con algún hijo menor de 25 años y otra(s) persona(s),Hogar formado por pareja o un solo progenitor que convive con algún hijo menor de 25 años y otra(s) persona(s),4,,apartments
HH_1250,1 persona,Zarzaquemada,Hogar con un hombre solo menor de 65 años,Hogar con un hombre solo menor de 65 años,1,Madrid,city
HH_1251,2 personas,Sur,Hogar con un solo progenitor que convive con todos sus hijos de 25 años o más,Hogar con un solo progenitor que convive con todos sus hijos de 25 años o más,2,,residential
HH_1252,3 personas,San Nicasio,Hogar formado por pareja con hijos en donde todos los hijos de 25 años o más,Hogar formado por pareja con hijos en donde todos los hijos de 25 años o más,3,,semidetached_house
HH_1253,1 persona,Sur,Hogar con un hombre solo menor de 65 años,Hogar con un hombre solo menor de 65 años,1,,yes
HH_1254,2 personas,Polvoranca,Hogar formado por pareja sin hijos,Hogar formado por pareja sin hijos,2,,semidetached_house
HH_1255,1 persona,San Nicasio,Hogar con un hombre solo de 65 años o más,Hogar con un hombre solo de 65 años o más,1,,yes
HH_1256,1 persona,Zarzaquemada,Hogar con una mujer sola de 65 años o más,Hogar con una mujer sola de 65 años o más,1,Extremadura,city
HH_1257,3 personas,Zarzaquemada,Hogar formado por pareja con hijos en donde algún hijo es menor de 25 años,Hogar formado por pareja con hijos en donde algún hijo es menor de 25 años,3,,apartments
HH_1258,2 personas,Sur,Hogar con un solo progenitor que convive con todos sus hijos de 25 años o más,Hogar con un solo progenitor que convive con todos sus hijos de 25 años o más,2,Getafe norte,city
HH_1259,1 persona,Zarzaquemada,Hogar con un hombre solo menor de 65 años,Hogar con un hombre solo menor de 65 años,1,,residential
HH_1260,2 personas,Zarzaquemada,Hogar formado por pareja sin hijos,Hogar formado por pareja sin hijos,2,,residential
HH_1261,1 persona,Zarzaquemada,Hogar con un hombre solo de 65 años o más,Hogar con un hombre solo de 65 años o más,1,,yes
HH_1262,2 personas,San Nicasio,Hogar formado por pareja sin hijos,Hogar formado por pareja sin hijos,2,Madrid,city
HH_1263,2 personas,San Nicasio,Hogar con un solo progenitor que convive con todos sus hijos de 25 años o más,Hogar con un solo progenitor que convive con todos sus hijos de 25 años o más,2,,house
HH_1264,2 personas,Zarzaquemada,Hogar formado por pareja sin hijos,Hogar formado por pareja sin hijos,2,Madrid,city
HH_1265,4 personas,Zarzaquemada,Hogar formado por pareja con hijos en donde algún hijo es menor de 25 años,Hogar formado por pareja con hijos en donde algún hijo es menor de 25 años,4,,residential
HH_1266,2 personas,Sur,Hogar formado por pareja sin hijos,Hogar formado por pareja sin hijos,2,,yes
HH_1267,2 personas,Zarzaquemada,Hogar con un solo progenitor que convive con todos sus hijos de 25 años o más,Hogar con un solo progenitor que convive con todos sus hijos de 25 años o más,2,,apartments
HH_1268,1 persona,Norte,Hogar con una mujer sola de 65 años o más,Hogar con una mujer sola de 65 años o más,1,Madrid,city
HH_1269,2 personas,Carrascal,Hogar formado por pareja sin hijos,Hogar formado por pareja sin hijos,2,,detached
HH_1270,3 personas,Fortuna,Hogar formado por pareja con hijos en donde todos los hijos de 25 años o más,Hogar formado por pareja con hijos en donde todos los hijos de 25 años o más,3,,yes
HH_1271,5 o mas personas,Carrascal,Hogar formado por pareja o un solo progenitor que convive con algún hijo menor de 25 años y otra(s) persona(s),Hogar formado por pareja o un solo progenitor que convive con algún hijo menor de 25 años y otra(s) persona(s),5,Madrid,city
HH_1272,3 personas,Zarzaquemada,Hogar formado por pareja con hijos en donde algún hijo es menor de 25 años,Hogar formado por pareja con hijos en donde algún hijo es menor de 25 años,3,,residential
HH_1273,3 personas,San Nicasio,Hogar formado por pareja con hijos en donde algún hijo es menor de 25 años,Hogar formado por pareja con hijos en donde algún hijo es menor de 25 años,3,,yes
HH_1274,2 personas,San Nicasio,Hogar formado por pareja sin hijos,Hogar formado por pareja sin hijos,2,Getafe norte,city
HH_1275,3 personas,Norte,Hogar formado por pareja con hijos en donde algún hijo es menor de 25 años,Hogar formado por pareja con hijos en donde algún hijo es menor de 25 años,3,,yes
HH_1276,2 personas,Sur,Hogar formado por pareja sin hijos,Hogar formado por pareja sin hijos,2,,yes
HH_1277,1 persona,Carrascal,Hogar con una mujer sola menor de 65 años,Hogar con una mujer sola menor de 65 años,1,,yes
HH_1278,5 o mas personas,Sur,Hogar formado por pareja o un solo progenitor que convive con algún hijo menor de 25 años y otra(s) persona(s),Hogar formado por pareja o un solo progenitor que convive con algún hijo menor de 25 años y otra(s) persona(s),5,,yes
HH_1279,4 personas,San Nicasio,Hogar formado por pareja con hijos en donde algún hijo es menor de 25 años,Hogar formado por pareja con hijos en donde algún hijo es menor de 25 años,4,Madrid,city
HH_1280,3 personas,Zarzaquemada,Hogar formado por pareja con hijos en donde algún hijo es menor de 25 años,Hogar formado por pareja con hijos en donde algún hijo es menor de 25 años,3,,residential
HH_1281,2 personas,San Nicasio,Hogar formado por pareja sin hijos,Hogar formado por pareja sin hijos,2,,semidetached_house
HH_1282,4 personas,Fortuna,Hogar formado por pareja con hijos en donde algún hijo es menor de 25 años,Hogar formado por pareja con hijos en donde algún hijo es menor de 25 años,4,,semidetached_house
HH_1283,4 personas,Zarzaquemada,Otro tipo de hogar,Otro tipo de hogar,4,,residential
HH_1284,4 personas,Carrascal,Hogar formado por pareja con hijos en donde algún hijo es menor de 25 años,Hogar formado por pareja con hijos en donde algún hijo es menor de 25 años,4,Madrid,city
HH_1285,2 personas,Zarzaquemada,Hogar formado por pareja sin hijos,Hogar formado por pareja sin hijos,2,Getafe norte,city
HH_1286,4 personas,Zarzaquemada,Hogar formado por pareja o un solo progenitor que convive con algún hijo menor de 25 años y otra(s) persona(s),Hogar formado por pareja o un solo progenitor que convive con algún hijo menor de 25 años y otra(s) persona(s),4,,residential
HH_1287,2 personas,San Nicasio,Hogar formado por pareja sin hijos,Hogar formado por pareja sin hijos,2,,yes
HH_1288,3 personas,Sur,Hogar formado por pareja con hijos en donde todos los hijos de 25 años o más,Hogar formado por pareja con hijos en donde todos los hijos de 25 años o más,3,,apartments
HH_1289,2 personas,Sur,Hogar formado por pareja sin hijos,Hogar formado por pareja sin hijos,2,Madrid,city
HH_1290,1 persona,Norte,Hogar con una mujer sola de 65 años o más,Hogar con una mujer sola de 65 años o más,1,,apartments
HH_1291,2 personas,Zarzaquemada,Hogar con un solo progenitor que convive con todos sus hijos de 25 años o más,Hogar con un solo progenitor que convive con todos sus hijos de 25 años o más,2,,apartments
HH_1292,1 persona,San Nicasio,Hogar con un hombre solo de 65 años o más,Hogar con un hombre solo de 65 años o más,1,,apartments
HH_1293,1 persona,San Nicasio,Hogar con una mujer sola menor de 65 años,Hogar con una mujer sola menor de 65 años,1,,terrace
HH_1294,2 personas,Sur,Otro tipo de hogar,Otro tipo de hogar,2,,yes
HH_1295,5 o mas personas,San Nicasio,Hogar formado por pareja o un solo progenitor que convive con algún hijo menor de 25 años y otra(s) persona(s),Hogar formado por pareja o un solo progenitor que convive con algún hijo menor de 25 años y otra(s) persona(s),5,,semidetached_house
HH_1296,2 personas,Carrascal,Hogar formado por pareja sin hijos,Hogar formado por pareja sin hijos,2,,yes
HH_1297,4 personas,Polvoranca,Hogar formado por pareja con hijos en donde algún hijo es menor de 25 años,Hogar formado por pareja con hijos en donde algún hijo es menor de 25 años,4,,semidetached_house
HH_1298,1 persona,Carrascal,Hogar con un hombre solo menor de 65 años,Hogar con un hombre solo menor de 65 años,1,Madrid,city
HH_1299,4 personas,Norte,Hogar formado por pareja con hijos en donde algún hijo es menor de 25 años,Hogar formado por pareja con hijos en donde algún hijo es menor de 25 años,4,,yes
HH_1300,2 personas,Zarzaquemada,Hogar formado por pareja sin hijos,Hogar formado por pareja sin hijos,2,,yes
HH_1301,2 personas,Carrascal,Hogar formado por pareja sin hijos,Hogar formado por pareja sin hijos,2,,house
HH_1302,2 personas,San Nicasio,Otro tipo de hogar,Otro tipo de hogar,2,,yes
HH_1303,2 personas,Carrascal,Hogar formado por pareja sin hijos,Hogar formado por pareja sin hijos,2,,apartments
HH_1304,1 persona,San Nicasio,Hogar con un hombre solo menor de 65 años,Hogar con un hombre solo menor de 65 años,1,,semidetached_house
HH_1305,1 persona,Zarzaquemada,Hogar con un hombre solo menor de 65 años,Hogar con un hombre solo menor de 65 años,1,Fuenlabrada,city
HH_1306,5 o mas personas,San Nicasio,Hogar formado por pareja o un solo progenitor que convive con algún hijo menor de 25 años y otra(s) persona(s),Hogar formado por pareja o un solo progenitor que convive con algún hijo menor de 25 años y otra(s) persona(s),5,,yes
HH_1307,5 o mas personas,San Nicasio,Hogar formado por pareja o un solo progenitor que convive con algún hijo menor de 25 años y otra(s) persona(s),Hogar formado por pareja o un solo progenitor que convive con algún hijo menor de 25 años y otra(s) persona(s),5,,yes
HH_1308,2 personas,Fortuna,Hogar formado por pareja sin hijos,Hogar formado por pareja sin hijos,2,,yes
HH_1309,5 o mas personas,Zarzaquemada,Hogar formado por pareja con hijos en donde algún hijo es menor de 25 años,Hogar formado por pareja con hijos en donde algún hijo es menor de 25 años,5,,yes
HH_1310,5 o mas personas,Norte,Hogar formado por pareja o un solo progenitor que convive con algún hijo menor de 25 años y otra(s) persona(s),Hogar formado por pareja o un solo progenitor que convive con algún hijo menor de 25 años y otra(s) persona(s),5,,yes
HH_1311,5 o mas personas,Sur,Hogar formado por pareja con hijos en donde algún hijo es menor de 25 años,Hogar formado por pareja con hijos en donde algún hijo es menor de 25 años,5,,yes
HH_1312,3 personas,Sur,Hogar con un solo progenitor que convive con algún hijo menor de 25 años,Hogar con un solo progenitor que convive con algún hijo menor de 25 años,3,,house
HH_1313,3 personas,San Nicasio,Hogar formado por pareja con hijos en donde algún hijo es menor de 25 años,Hogar formado por pareja con hijos en donde algún hijo es menor de 25 años,3,Madrid,city
HH_1314,2 personas,Polvoranca,Hogar formado por pareja sin hijos,Hogar formado por pareja sin hijos,2,,house
HH_1315,4 personas,Zarzaquemada,Otro tipo de hogar,Otro tipo de hogar,4,Mostoles,city
HH_1316,1 persona,Norte,Hogar con una mujer sola menor de 65 años,Hogar con una mujer sola menor de 65 años,1,Madrid,city
HH_1317,5 o mas personas,Fortuna,Hogar formado por pareja o un solo progenitor que convive con algún hijo menor de 25 años y otra(s) persona(s),Hogar formado por pareja o un solo progenitor que convive con algún hijo menor de 25 años y otra(s) persona(s),5,,terrace
HH_1318,4 personas,Fortuna,Hogar formado por pareja con hijos en donde algún hijo es menor de 25 años,Hogar formado por pareja con hijos en donde algún hijo es menor de 25 años,4,,semidetached_house
HH_1319,1 persona,Zarzaquemada,Hogar con una mujer sola de 65 años o más,Hogar con una mujer sola de 65 años o más,1,Alcorcon,city
HH_1320,3 personas,Zarzaquemada,Hogar formado por pareja con hijos en donde algún hijo es menor de 25 años,Hogar formado por pareja con hijos en donde algún hijo es menor de 25 años,3,,apartments
HH_1321,1 persona,Norte,Hogar con una mujer sola de 65 años o más,Hogar con una mujer sola de 65 años o más,1,Alcorcon,city
HH_1322,2 personas,Carrascal,Hogar formado por pareja sin hijos,Hogar formado por pareja sin hijos,2,,yes
HH_1323,5 o mas personas,San Nicasio,Hogar formado por pareja con hijos en donde algún hijo es menor de 25 años,Hogar formado por pareja con hijos en donde algún hijo es menor de 25 años,5,,yes
HH_1324,2 personas,Sur,Hogar formado por pareja sin hijos,Hogar formado por pareja sin hijos,2,Madrid,city
HH_1325,4 personas,Sur,Hogar formado por pareja o un solo progenitor que convive con algún hijo menor de 25 años y otra(s) persona(s),Hogar formado por pareja o un solo progenitor que convive con algún hijo menor de 25 años y otra(s) persona(s),4,,apartments
HH_1326,4 personas,Polvoranca,Hogar formado por pareja con hijos en donde algún hijo es menor de 25 años,Hogar formado por pareja con hijos en donde algún hijo es menor de 25 años,4,,house
HH_1327,4 personas,Zarzaquemada,Hogar formado por pareja con hijos en donde algún hijo es menor de 25 años,Hogar formado por pareja con hijos en donde algún hijo es menor de 25 años,4,Madrid,city
HH_1328,2 personas,Zarzaquemada,Hogar con un solo progenitor que convive con todos sus hijos de 25 años o más,Hogar con un solo progenitor que convive con todos sus hijos de 25 años o más,2,Mostoles,city
HH_1329,3 personas,Norte,Hogar formado por pareja con hijos en donde todos los hijos de 25 años o más,Hogar formado por pareja con hijos en donde todos los hijos de 25 años o más,3,Madrid,city
HH_1330,1 persona,Norte,Hogar con una mujer sola menor de 65 años,Hogar con una mujer sola menor de 65 años,1,,yes
HH_1331,1 persona,Zarzaquemada,Hogar con un hombre solo de 65 años o más,Hogar con un hombre solo de 65 años o más,1,,yes
HH_1332,1 persona,Sur,Hogar con un hombre solo de 65 años o más,Hogar con un hombre solo de 65 años o más,1,,apartments
HH_1333,1 persona,Sur,Hogar con un hombre solo menor de 65 años,Hogar con un hombre solo menor de 65 años,1,Alcorcon,city
HH_1334,3 personas,Carrascal,Hogar formado por pareja con hijos en donde algún hijo es menor de 25 años,Hogar formado por pareja con hijos en donde algún hijo es menor de 25 años,3,,apartments
HH_1335,1 persona,Zarzaquemada,Hogar con un hombre solo menor de 65 años,Hogar con un hombre solo menor de 65 años,1,,apartments
HH_1336,4 personas,Sur,Hogar formado por pareja con hijos en donde algún hijo es menor de 25 años,Hogar formado por pareja con hijos en donde algún hijo es menor de 25 años,4,Peugeot,yes
HH_1337,4 personas,Zarzaquemada,Hogar formado por pareja con hijos en donde algún hijo es menor de 25 años,Hogar formado por pareja con hijos en donde algún hijo es menor de 25 años,4,,apartments
HH_1338,3 personas,Fortuna,Hogar formado por pareja con hijos en donde algún hijo es menor de 25 años,Hogar formado por pareja con hijos en donde algún hijo es menor de 25 años,3,Mostoles,city
HH_1339,1 persona,Zarzaquemada,Hogar con una mujer sola de 65 años o más,Hogar con una mujer sola de 65 años o más,1,,residential
HH_1340,1 persona,Zarzaquemada,Hogar con una mujer sola menor de 65 años,Hogar con una mujer sola menor de 65 años,1,,residential
HH_1341,3 personas,Polvoranca,Hogar formado por pareja con hijos en donde algún hijo es menor de 25 años,Hogar formado por pareja con hijos en donde algún hijo es menor de 25 años,3,,terrace
HH_1342,1 persona,Zarzaquemada,Hogar con una mujer sola menor de 65 años,Hogar con una mujer sola menor de 65 años,1,,yes
HH_1343,1 persona,Sur,Hogar con un hombre solo menor de 65 años,Hogar con un hombre solo menor de 65 años,1,Fuenlabrada,city
HH_1344,3 personas,Fortuna,Hogar formado por pareja con hijos en donde algún hijo es menor de 25 años,Hogar formado por pareja con hijos en donde algún hijo es menor de 25 años,3,,yes
HH_1345,2 personas,Zarzaquemada,Hogar con un solo progenitor que convive con todos sus hijos de 25 años o más,Hogar con un solo progenitor que convive con todos sus hijos de 25 años o más,2,,apartments
HH_1346,4 personas,Zarzaquemada,Hogar formado por pareja o un solo progenitor que convive con algún hijo menor de 25 años y otra(s) persona(s),Hogar formado por pareja o un solo progenitor que convive con algún hijo menor de 25 años y otra(s) persona(s),4,,apartments
HH_1347,4 personas,Zarzaquemada,Hogar formado por pareja con hijos en donde algún hijo es menor de 25 años,Hogar formado por pareja con hijos en donde algún hijo es menor de 25 años,4,,apartments
HH_1348,3 personas,Polvoranca,Hogar formado por pareja con hijos en donde todos los hijos de 25 años o más,Hogar formado por pareja con hijos en donde todos los hijos de 25 años o más,3,,semidetached_house
HH_1349,5 o mas personas,Sur,Hogar formado por pareja o un solo progenitor que convive con algún hijo menor de 25 años y otra(s) persona(s),Hogar formado por pareja o un solo progenitor que convive con algún hijo menor de 25 años y otra(s) persona(s),5,,house
HH_1350,5 o mas personas,San Nicasio,Hogar formado por pareja con hijos en donde algún hijo es menor de 25 años,Hogar formado por pareja con hijos en donde algún hijo es menor de 25 años,5,,yes
HH_1351,1 persona,Fortuna,Hogar con una mujer sola menor de 65 años,Hogar con una mujer sola menor de 65 años,1,,yes
HH_1352,3 personas,Carrascal,Hogar formado por pareja con hijos en donde todos los hijos de 25 años o más,Hogar formado por pareja con hijos en donde todos los hijos de 25 años o más,3,Fuenlabrada,city
HH_1353,4 personas,Carrascal,Hogar formado por pareja con hijos en donde algún hijo es menor de 25 años,Hogar formado por pareja con hijos en donde algún hijo es menor de 25 años,4,Extremadura,city
HH_1354,3 personas,Polvoranca,Hogar formado por pareja con hijos en donde algún hijo es menor de 25 años,Hogar formado por pareja con hijos en donde algún hijo es menor de 25 años,3,,house
HH_1355,3 personas,San Nicasio,Hogar con un solo progenitor que convive con algún hijo menor de 25 años,Hogar con un solo progenitor que convive con algún hijo menor de 25 años,3,,semidetached_house
HH_1356,3 personas,Zarzaquemada,Hogar formado por pareja con hijos en donde todos los hijos de 25 años o más,Hogar formado por pareja con hijos en donde todos los hijos de 25 años o más,3,Alcorcon,city
HH_1357,2 personas,San Nicasio,Hogar formado por pareja sin hijos,Hogar formado por pareja sin hijos,2,Madrid,city
HH_1358,3 personas,San Nicasio,Hogar formado por pareja o un solo progenitor que convive con algún hijo menor de 25 años y otra(s) persona(s),Hogar formado por pareja o un solo progenitor que convive con algún hijo menor de 25 años y otra(s) persona(s),3,Fuenlabrada,city
HH_1359,1 persona,Polvoranca,Hogar con una mujer sola de 65 años o más,Hogar con una mujer sola de 65 años o más,1,Extremadura,city
HH_1360,2 personas,Carrascal,Hogar formado por pareja sin hijos,Hogar formado por pareja sin hijos,2,,house
HH_1361,4 personas,Fortuna,Hogar formado por pareja con hijos en donde algún hijo es menor de 25 años,Hogar formado por pareja con hijos en donde algún hijo es menor de 25 años,4,,yes
HH_1362,2 personas,Norte,Hogar formado por pareja sin hijos,Hogar formado por pareja sin hijos,2,,apartments
HH_1363,3 personas,Fortuna,Hogar formado por pareja con hijos en donde algún hijo es menor de 25 años,Hogar formado por pareja con hijos en donde algún hijo es menor de 25 años,3,,yes
HH_1364,3 personas,San Nicasio,Hogar formado por pareja con hijos en donde algún hijo es menor de 25 años,Hogar formado por pareja con hijos en donde algún hijo es menor de 25 años,3,Madrid,city
HH_1365,1 persona,Carrascal,Hogar con un hombre solo menor de 65 años,Hogar con un hombre solo menor de 65 años,1,,yes
HH_1366,3 personas,Sur,Hogar formado por pareja con hijos en donde algún hijo es menor de 25 años,Hogar formado por pareja con hijos en donde algún hijo es menor de 25 años,3,,yes
HH_1367,1 persona,Sur,Hogar con un hombre solo menor de 65 años,Hogar con un hombre solo menor de 65 años,1,Madrid,city
HH_1368,4 personas,Norte,Hogar formado por pareja o un solo progenitor que convive con algún hijo menor de 25 años y otra(s) persona(s),Hogar formado por pareja o un solo progenitor que convive con algún hijo menor de 25 años y otra(s) persona(s),4,Madrid,city
HH_1369,5 o mas personas,Sur,Hogar formado por pareja con hijos en donde algún hijo es menor de 25 años,Hogar formado por pareja con hijos en donde algún hijo es menor de 25 años,5,Madrid,city
HH_1370,1 persona,Polvoranca,Hogar con una mujer sola de 65 años o más,Hogar con una mujer sola de 65 años o más,1,,semidetached_house
HH_1371,1 persona,San Nicasio,Hogar con una mujer sola de 65 años o más,Hogar con una mujer sola de 65 años o más,1,,house
HH_1372,3 personas,Carrascal,Hogar formado por pareja con hijos en donde algún hijo es menor de 25 años,Hogar formado por pareja con hijos en donde algún hijo es menor de 25 años,3,Madrid,city
HH_1373,2 personas,Carrascal,Hogar con un solo progenitor que convive con todos sus hijos de 25 años o más,Hogar con un solo progenitor que convive con todos sus hijos de 25 años o más,2,,apartments
HH_1374,2 personas,Carrascal,Hogar con un solo progenitor que convive con algún hijo menor de 25 años,Hogar con un solo progenitor que convive con algún hijo menor de 25 años,2,Getafe norte,city
HH_1375,2 personas,Carrascal,Hogar formado por pareja sin hijos,Hogar formado por pareja sin hijos,2,,house
HH_1376,2 personas,Zarzaquemada,Hogar con un solo progenitor que convive con algún hijo menor de 25 años,Hogar con un solo progenitor que convive con algún hijo menor de 25 años,2,Madrid,city
HH_1377,2 personas,Zarzaquemada,Hogar con un solo progenitor que convive con algún hijo menor de 25 años,Hogar con un solo progenitor que convive con algún hijo menor de 25 años,2,,apartments
HH_1378,4 personas,Carrascal,Hogar formado por pareja con hijos en donde algún hijo es menor de 25 años,Hogar formado por pareja con hijos en donde algún hijo es menor de 25 años,4,Getafe norte,city
HH_1379,2 personas,Polvoranca,Hogar formado por pareja sin hijos,Hogar formado por pareja sin hijos,2,,yes
HH_1380,2 personas,Carrascal,Hogar formado por pareja sin hijos,Hogar formado por pareja sin hijos,2,,yes
HH_1381,3 personas,San Nicasio,Hogar formado por pareja con hijos en donde algún hijo es menor de 25 años,Hogar formado por pareja con hijos en donde algún hijo es menor de 25 años,3,,residential
HH_1382,2 personas,Fortuna,Hogar formado por pareja sin hijos,Hogar formado por pareja sin hijos,2,,yes
HH_1383,1 persona,San Nicasio,Hogar con un hombre solo menor de 65 años,Hogar con un hombre solo menor de 65 años,1,Alcorcon,city
HH_1384,3 personas,San Nicasio,Hogar formado por pareja con hijos en donde algún hijo es menor de 25 años,Hogar formado por pareja con hijos en donde algún hijo es menor de 25 años,3,Madrid,city
HH_1385,3 personas,Polvoranca,Otro tipo de hogar,Otro tipo de hogar,3,,house
HH_1386,3 personas,Carrascal,Otro tipo de hogar,Otro tipo de hogar,3,,house
HH_1387,1 persona,Sur,Hogar con un hombre solo menor de 65 años,Hogar con un hombre solo menor de 65 años,1,,apartments
HH_1388,3 personas,Sur,Otro tipo de hogar,Otro tipo de hogar,3,,yes
HH_1389,3 personas,Norte,Otro tipo de hogar,Otro tipo de hogar,3,Madrid,city
HH_1390,4 personas,Zarzaquemada,Hogar formado por pareja con hijos en donde algún hijo es menor de 25 años,Hogar formado por pareja con hijos en donde algún hijo es menor de 25 años,4,,apartments
HH_1391,3 personas,San Nicasio,Hogar formado por pareja con hijos en donde algún hijo es menor de 25 años,Hogar formado por pareja con hijos en donde algún hijo es menor de 25 años,3,,semidetached_house
HH_1392,2 personas,Zarzaquemada,Hogar con un solo progenitor que convive con todos sus hijos de 25 años o más,Hogar con un solo progenitor que convive con todos sus hijos de 25 años o más,2,Madrid,city
HH_1393,3 personas,Sur,Hogar formado por pareja con hijos en donde algún hijo es menor de 25 años,Hogar formado por pareja con hijos en donde algún hijo es menor de 25 años,3,,apartments
HH_1394,3 personas,Carrascal,Hogar formado por pareja con hijos en donde algún hijo es menor de 25 años,Hogar formado por pareja con hijos en donde algún hijo es menor de 25 años,3,,residential
HH_1395,1 persona,Carrascal,Hogar con un hombre solo menor de 65 años,Hogar con un hombre solo menor de 65 años,1,Alcorcon,city
HH_1396,2 personas,San Nicasio,Hogar formado por pareja sin hijos,Hogar formado por pareja sin hijos,2,,yes
HH_1397,3 personas,Norte,Hogar formado por pareja con hijos en donde algún hijo es menor de 25 años,Hogar formado por pareja con hijos en donde algún hijo es menor de 25 años,3,,yes
HH_1398,2 personas,Polvoranca,Hogar con un solo progenitor que convive con algún hijo menor de 25 años,Hogar con un solo progenitor que convive con algún hijo menor de 25 años,2,,house
HH_1399,3 personas,Sur,Hogar formado por pareja con hijos en donde algún hijo es menor de 25 años,Hogar formado por pareja con hijos en donde algún hijo es menor de 25 años,3,Mostoles,city
HH_1400,2 personas,Norte,Hogar formado por pareja sin hijos,Hogar formado por pareja sin hijos,2,,yes
HH_1401,2 personas,Carrascal,Hogar formado por pareja sin hijos,Hogar formado por pareja sin hijos,2,,detached
HH_1402,3 personas,Sur,Hogar formado por pareja con hijos en donde todos los hijos de 25 años o más,Hogar formado por pareja con hijos en donde todos los hijos de 25 años o más,3,Madrid,city
HH_1403,2 personas,San Nicasio,Hogar formado por pareja sin hijos,Hogar formado por pareja sin hijos,2,,yes
HH_1404,3 personas,Zarzaquemada,Hogar formado por pareja con hijos en donde todos los hijos de 25 años o más,Hogar formado por pareja con hijos en donde todos los hijos de 25 años o más,3,,apartments
HH_1405,3 personas,Zarzaquemada,Hogar formado por pareja con hijos en donde algún hijo es menor de 25 años,Hogar formado por pareja con hijos en donde algún hijo es menor de 25 años,3,,apartments
HH_1406,1 persona,Polvoranca,Hogar con un hombre solo menor de 65 años,Hogar con un hombre solo menor de 65 años,1,Mostoles,city
HH_1407,2 personas,Fortuna,Hogar formado por pareja sin hijos,Hogar formado por pareja sin hijos,2,,semidetached_house
HH_1408,2 personas,San Nicasio,Hogar formado por pareja sin hijos,Hogar formado por pareja sin hijos,2,Alcorcon,city
HH_1409,2 personas,Zarzaquemada,Hogar formado por pareja sin hijos,Hogar formado por pareja sin hijos,2,Getafe norte,city
HH_1410,4 personas,Sur,Hogar formado por pareja con hijos en donde algún hijo es menor de 25 años,Hogar formado por pareja con hijos en donde algún hijo es menor de 25 años,4,,yes
HH_1411,3 personas,Sur,Hogar formado por pareja con hijos en donde algún hijo es menor de 25 años,Hogar formado por pareja con hijos en donde algún hijo es menor de 25 años,3,,yes
HH_1412,3 personas,Zarzaquemada,Otro tipo de hogar,Otro tipo de hogar,3,Madrid,city
HH_1413,5 o mas personas,San Nicasio,Hogar formado por pareja o un solo progenitor que convive con algún hijo menor de 25 años y otra(s) persona(s),Hogar formado por pareja o un solo progenitor que convive con algún hijo menor de 25 años y otra(s) persona(s),5,Mostoles,city
HH_1414,2 personas,San Nicasio,Hogar con un solo progenitor que convive con todos sus hijos de 25 años o más,Hogar con un solo progenitor que convive con todos sus hijos de 25 años o más,2,Madrid,city
HH_1415,3 personas,Polvoranca,Hogar formado por pareja con hijos en donde algún hijo es menor de 25 años,Hogar formado por pareja con hijos en donde algún hijo es menor de 25 años,3,,yes
HH_1416,4 personas,Zarzaquemada,Hogar formado por pareja con hijos en donde algún hijo es menor de 25 años,Hogar formado por pareja con hijos en donde algún hijo es menor de 25 años,4,,residential
HH_1417,1 persona,Zarzaquemada,Hogar con una mujer sola de 65 años o más,Hogar con una mujer sola de 65 años o más,1,,apartments
HH_1418,3 personas,Carrascal,Otro tipo de hogar,Otro tipo de hogar,3,,apartments
HH_1419,5 o mas personas,San Nicasio,Hogar formado por pareja o un solo progenitor que convive con algún hijo menor de 25 años y otra(s) persona(s),Hogar formado por pareja o un solo progenitor que convive con algún hijo menor de 25 años y otra(s) persona(s),5,,house
HH_1420,4 personas,San Nicasio,Hogar formado por pareja con hijos en donde algún hijo es menor de 25 años,Hogar formado por pareja con hijos en donde algún hijo es menor de 25 años,4,,yes
HH_1421,2 personas,Norte,Hogar con un solo progenitor que convive con algún hijo menor de 25 años,Hogar con un solo progenitor que convive con algún hijo menor de 25 años,2,Mostoles,city
HH_1422,2 personas,Norte,Hogar con un solo progenitor que convive con algún hijo menor de 25 años,Hogar con un solo progenitor que convive con algún hijo menor de 25 años,2,,apartments
HH_1423,1 persona,Norte,Hogar con una mujer sola menor de 65 años,Hogar con una mujer sola menor de 65 años,1,,apartments
HH_1424,1 persona,Carrascal,Hogar con una mujer sola de 65 años o más,Hogar con una mujer sola de 65 años o más,1,,apartments
HH_1425,2 personas,Norte,Hogar formado por pareja sin hijos,Hogar formado por pareja sin hijos,2,Madrid,city
HH_1426,3 personas,San Nicasio,Otro tipo de hogar,Otro tipo de hogar,3,Madrid,city
HH_1427,2 personas,Carrascal,Otro tipo de hogar,Otro tipo de hogar,2,,yes
HH_1428,3 personas,Zarzaquemada,Hogar formado por pareja con hijos en donde todos los hijos de 25 años o más,Hogar formado por pareja con hijos en donde todos los hijos de 25 años o más,3,,yes
HH_1429,3 personas,Norte,Hogar formado por pareja con hijos en donde todos los hijos de 25 años o más,Hogar formado por pareja con hijos en donde todos los hijos de 25 años o más,3,Madrid,city
HH_1430,2 personas,Carrascal,Hogar con un solo progenitor que convive con todos sus hijos de 25 años o más,Hogar con un solo progenitor que convive con todos sus hijos de 25 años o más,2,,residential
HH_1431,3 personas,Polvoranca,Hogar formado por pareja con hijos en donde algún hijo es menor de 25 años,Hogar formado por pareja con hijos en donde algún hijo es menor de 25 años,3,,semidetached_house
HH_1432,1 persona,Norte,Hogar con un hombre solo menor de 65 años,Hogar con un hombre solo menor de 65 años,1,,yes
HH_1433,2 personas,Carrascal,Hogar con un solo progenitor que convive con todos sus hijos de 25 años o más,Hogar con un solo progenitor que convive con todos sus hijos de 25 años o más,2,,apartments
HH_1434,2 personas,Zarzaquemada,Hogar formado por pareja sin hijos,Hogar formado por pareja sin hijos,2,,apartments
HH_1435,5 o mas personas,Norte,Hogar formado por pareja o un solo progenitor que convive con algún hijo menor de 25 años y otra(s) persona(s),Hogar formado por pareja o un solo progenitor que convive con algún hijo menor de 25 años y otra(s) persona(s),5,,yes
HH_1436,4 personas,San Nicasio,Hogar formado por pareja con hijos en donde algún hijo es menor de 25 años,Hogar formado por pareja con hijos en donde algún hijo es menor de 25 años,4,,yes
HH_1437,2 personas,Carrascal,Hogar formado por pareja sin hijos,Hogar formado por pareja sin hijos,2,Mostoles,city
HH_1438,2 personas,Zarzaquemada,Hogar formado por pareja sin hijos,Hogar formado por pareja sin hijos,2,,apartments
HH_1439,3 personas,Zarzaquemada,Hogar formado por pareja con hijos en donde algún hijo es menor de 25 años,Hogar formado por pareja con hijos en donde algún hijo es menor de 25 años,3,Getafe norte,city
HH_1440,4 personas,San Nicasio,Hogar con un solo progenitor que convive con algún hijo menor de 25 años,Hogar con un solo progenitor que convive con algún hijo menor de 25 años,4,,semidetached_house
HH_1441,3 personas,San Nicasio,Hogar formado por pareja con hijos en donde algún hijo es menor de 25 años,Hogar formado por pareja con hijos en donde algún hijo es menor de 25 años,3,,yes
HH_1442,2 personas,Carrascal,Hogar formado por pareja sin hijos,Hogar formado por pareja sin hijos,2,Fuenlabrada,city
HH_1443,4 personas,Sur,Hogar formado por pareja con hijos en donde algún hijo es menor de 25 años,Hogar formado por pareja con hijos en donde algún hijo es menor de 25 años,4,,apartments
HH_1444,2 personas,Carrascal,Hogar formado por pareja sin hijos,Hogar formado por pareja sin hijos,2,,apartments
HH_1445,4 personas,Sur,Hogar formado por pareja con hijos en donde algún hijo es menor de 25 años,Hogar formado por pareja con hijos en donde algún hijo es menor de 25 años,4,,apartments
HH_1446,3 personas,Zarzaquemada,Hogar formado por pareja con hijos en donde algún hijo es menor de 25 años,Hogar formado por pareja con hijos en donde algún hijo es menor de 25 años,3,,yes
HH_1447,1 persona,San Nicasio,Hogar con un hombre solo menor de 65 años,Hogar con un hombre solo menor de 65 años,1,,residential
HH_1448,1 persona,Norte,Hogar con un hombre solo menor de 65 años,Hogar con un hombre solo menor de 65 años,1,,apartments
HH_1449,5 o mas personas,Zarzaquemada,Otro tipo de hogar,Otro tipo de hogar,5,Getafe norte,city
HH_1450,2 personas,San Nicasio,Hogar formado por pareja sin hijos,Hogar formado por pareja sin hijos,2,,yes
HH_1451,2 personas,Polvoranca,Hogar formado por pareja sin hijos,Hogar formado por pareja sin hijos,2,,house
HH_1452,1 persona,Sur,Hogar con una mujer sola menor de 65 años,Hogar con una mujer sola menor de 65 años,1,,yes
HH_1453,1 persona,Carrascal,Hogar con una mujer sola de 65 años o más,Hogar con una mujer sola de 65 años o más,1,Fuenlabrada,city
HH_1454,2 personas,Zarzaquemada,Hogar formado por pareja sin hijos,Hogar formado por pareja sin hijos,2,,residential
HH_1455,2 personas,San Nicasio,Hogar formado por pareja sin hijos,Hogar formado por pareja sin hijos,2,,semidetached_house
HH_1456,4 personas,Zarzaquemada,Hogar formado por pareja con hijos en donde algún hijo es menor de 25 años,Hogar formado por pareja con hijos en donde algún hijo es menor de 25 años,4,,residential
HH_1457,1 persona,Carrascal,Hogar con una mujer sola menor de 65 años,Hogar con una mujer sola menor de 65 años,1,Mercadona,yes
HH_1458,3 personas,Norte,Hogar formado por pareja con hijos en donde algún hijo es menor de 25 años,Hogar formado por pareja con hijos en donde algún hijo es menor de 25 años,3,Mostoles,city
HH_1459,3 personas,Norte,Hogar formado por pareja con hijos en donde algún hijo es menor de 25 años,Hogar formado por pareja con hijos en donde algún hijo es menor de 25 años,3,,yes
HH_1460,1 persona,Sur,Hogar con una mujer sola de 65 años o más,Hogar con una mujer sola de 65 años o más,1,Fuenlabrada,city
HH_1461,4 personas,Zarzaquemada,Otro tipo de hogar,Otro tipo de hogar,4,Madrid,city
HH_1462,4 personas,Fortuna,Hogar formado por pareja con hijos en donde algún hijo es menor de 25 años,Hogar formado por pareja con hijos en donde algún hijo es menor de 25 años,4,,yes
HH_1463,2 personas,Norte,Hogar con un solo progenitor que convive con todos sus hijos de 25 años o más,Hogar con un solo progenitor que convive con todos sus hijos de 25 años o más,2,Fuenlabrada,city
HH_1464,2 personas,Sur,Hogar formado por pareja sin hijos,Hogar formado por pareja sin hijos,2,,yes
HH_1465,2 personas,San Nicasio,Hogar con un solo progenitor que convive con algún hijo menor de 25 años,Hogar con un solo progenitor que convive con algún hijo menor de 25 años,2,,house
HH_1466,3 personas,San Nicasio,Hogar formado por pareja con hijos en donde todos los hijos de 25 años o más,Hogar formado por pareja con hijos en donde todos los hijos de 25 años o más,3,,house
HH_1467,2 personas,Zarzaquemada,Hogar con un solo progenitor que convive con todos sus hijos de 25 años o más,Hogar con un solo progenitor que convive con todos sus hijos de 25 años o más,2,,apartments
HH_1468,1 persona,Carrascal,Hogar con un hombre solo menor de 65 años,Hogar con un hombre solo menor de 65 años,1,Madrid,city
HH_1469,1 persona,San Nicasio,Hogar con una mujer sola menor de 65 años,Hogar con una mujer sola menor de 65 años,1,,yes
HH_1470,1 persona,Sur,Hogar con un hombre solo menor de 65 años,Hogar con un hombre solo menor de 65 años,1,Madrid,city
HH_1471,1 persona,Carrascal,Hogar con una mujer sola de 65 años o más,Hogar con una mujer sola de 65 años o más,1,Fuenlabrada,city
HH_1472,3 personas,Zarzaquemada,Hogar formado por pareja con hijos en donde algún hijo es menor de 25 años,Hogar formado por pareja con hijos en donde algún hijo es menor de 25 años,3,,apartments
HH_1473,1 persona,Carrascal,Hogar con un hombre solo menor de 65 años,Hogar con un hombre solo menor de 65 años,1,,yes
HH_1474,4 personas,Norte,Hogar formado por pareja con hijos en donde algún hijo es menor de 25 años,Hogar formado por pareja con hijos en donde algún hijo es menor de 25 años,4,,apartments
HH_1475,2 personas,San Nicasio,Hogar formado por pareja sin hijos,Hogar formado por pareja sin hijos,2,,semidetached_house
HH_1476,5 o mas personas,Carrascal,Hogar formado por pareja con hijos en donde algún hijo es menor de 25 años,Hogar formado por pareja con hijos en donde algún hijo es menor de 25 años,5,,yes
HH_1477,2 personas,Polvoranca,Hogar formado por pareja sin hijos,Hogar formado por pareja sin hijos,2,,semidetached_house
HH_1478,2 personas,Norte,Hogar formado por pareja sin hijos,Hogar formado por pareja sin hijos,2,,yes
HH_1479,4 personas,San Nicasio,Hogar formado por pareja con hijos en donde algún hijo es menor de 25 años,Hogar formado por pareja con hijos en donde algún hijo es menor de 25 años,4,,semidetached_house
HH_1480,2 personas,Carrascal,Hogar formado por pareja sin hijos,Hogar formado por pareja sin hijos,2,,apartments
HH_1481,1 persona,Carrascal,Hogar con un hombre solo menor de 65 años,Hogar con un hombre solo menor de 65 años,1,Madrid,city
HH_1482,2 personas,Zarzaquemada,Hogar con un solo progenitor que convive con todos sus hijos de 25 años o más,Hogar con un solo progenitor que convive con todos sus hijos de 25 años o más,2,,residential
HH_1483,3 personas,Carrascal,Hogar formado por pareja con hijos en donde algún hijo es menor de 25 años,Hogar formado por pareja con hijos en donde algún hijo es menor de 25 años,3,,house
HH_1484,2 personas,Fortuna,Hogar con un solo progenitor que convive con todos sus hijos de 25 años o más,Hogar con un solo progenitor que convive con todos sus hijos de 25 años o más,2,,yes
HH_1485,2 personas,Carrascal,Otro tipo de hogar,Otro tipo de hogar,2,,construction
HH_1486,5 o mas personas,Zarzaquemada,Otro tipo de hogar,Otro tipo de hogar,5,,apartments
HH_1487,2 personas,San Nicasio,Otro tipo de hogar,Otro tipo de hogar,2,,semidetached_house
HH_1488,2 personas,Zarzaquemada,Hogar formado por pareja sin hijos,Hogar formado por pareja sin hijos,2,,apartments
HH_1489,2 personas,Sur,Hogar formado por pareja sin hijos,Hogar formado por pareja sin hijos,2,,house
HH_1490,3 personas,Norte,Hogar formado por pareja con hijos en donde todos los hijos de 25 años o más,Hogar formado por pareja con hijos en donde todos los hijos de 25 años o más,3,,apartments
HH_1491,3 personas,Polvoranca,Hogar formado por pareja con hijos en donde algún hijo es menor de 25 años,Hogar formado por pareja con hijos en donde algún hijo es menor de 25 años,3,,semidetached_house
HH_1492,1 persona,Fortuna,Hogar con una mujer sola de 65 años o más,Hogar con una mujer sola de 65 años o más,1,,yes
HH_1493,2 personas,Sur,Hogar formado por pareja sin hijos,Hogar formado por pareja sin hijos,2,,yes
HH_1494,1 persona,Zarzaquemada,Hogar con una mujer sola de 65 años o más,Hogar con una mujer sola de 65 años o más,1,,apartments
HH_1495,3 personas,Carrascal,Hogar formado por pareja con hijos en donde algún hijo es menor de 25 años,Hogar formado por pareja con hijos en donde algún hijo es menor de 25 años,3,Centro de Salud María Montessori,yes
HH_1496,4 personas,Sur,Hogar formado por pareja con hijos en donde algún hijo es menor de 25 años,Hogar formado por pareja con hijos en donde algún hijo es menor de 25 años,4,,yes
HH_1497,4 personas,San Nicasio,Hogar formado por pareja con hijos en donde algún hijo es menor de 25 años,Hogar formado por pareja con hijos en donde algún hijo es menor de 25 años,4,,apartments
HH_1498,2 personas,Zarzaquemada,Hogar con un solo progenitor que convive con todos sus hijos de 25 años o más,Hogar con un solo progenitor que convive con todos sus hijos de 25 años o más,2,,apartments
HH_1499,2 personas,San Nicasio,Hogar formado por pareja sin hijos,Hogar formado por pareja sin hijos,2,,yes
HH_1500,1 persona,Norte,Hogar con una mujer sola de 65 años o más,Hogar con una mujer sola de 65 años o más,1,,apartments
HH_1501,2 personas,Fortuna,Hogar con un solo progenitor que convive con todos sus hijos de 25 años o más,Hogar con un solo progenitor que convive con todos sus hijos de 25 años o más,2,Madrid,city
HH_1502,3 personas,Sur,Hogar formado por pareja con hijos en donde algún hijo es menor de 25 años,Hogar formado por pareja con hijos en donde algún hijo es menor de 25 años,3,,apartments
HH_1503,1 persona,Polvoranca,Hogar con una mujer sola de 65 años o más,Hogar con una mujer sola de 65 años o más,1,,semidetached_house
HH_1504,1 persona,Zarzaquemada,Hogar con un hombre solo de 65 años o más,Hogar con un hombre solo de 65 años o más,1,,apartments
HH_1505,1 persona,Sur,Hogar con una mujer sola de 65 años o más,Hogar con una mujer sola de 65 años o más,1,,yes
HH_1506,1 persona,Sur,Hogar con un hombre solo menor de 65 años,Hogar con un hombre solo menor de 65 años,1,Fuenlabrada,city
HH_1507,2 personas,Carrascal,Hogar formado por pareja sin hijos,Hogar formado por pareja sin hijos,2,Madrid,city
HH_1508,5 o mas personas,Zarzaquemada,Hogar formado por pareja o un solo progenitor que convive con algún hijo menor de 25 años y otra(s) persona(s),Hogar formado por pareja o un solo progenitor que convive con algún hijo menor de 25 años y otra(s) persona(s),5,,yes
HH_1509,2 personas,Carrascal,Hogar formado por pareja sin hijos,Hogar formado por pareja sin hijos,2,,detached
HH_1510,2 personas,Norte,Hogar con un solo progenitor que convive con algún hijo menor de 25 años,Hogar con un solo progenitor que convive con algún hijo menor de 25 años,2,,apartments
HH_1511,2 personas,Zarzaquemada,Hogar formado por pareja sin hijos,Hogar formado por pareja sin hijos,2,,yes
HH_1512,2 personas,Norte,Otro tipo de hogar,Otro tipo de hogar,2,Madrid,city
HH_1513,5 o mas personas,Fortuna,Hogar formado por pareja con hijos en donde algún hijo es menor de 25 años,Hogar formado por pareja con hijos en donde algún hijo es menor de 25 años,5,,yes
HH_1514,5 o mas personas,Polvoranca,Hogar formado por pareja o un solo progenitor que convive con algún hijo menor de 25 años y otra(s) persona(s),Hogar formado por pareja o un solo progenitor que convive con algún hijo menor de 25 años y otra(s) persona(s),5,,semidetached_house
HH_1515,3 personas,Zarzaquemada,Hogar formado por pareja con hijos en donde algún hijo es menor de 25 años,Hogar formado por pareja con hijos en donde algún hijo es menor de 25 años,3,,apartments
HH_1516,5 o mas personas,Polvoranca,Hogar formado por pareja con hijos en donde algún hijo es menor de 25 años,Hogar formado por pareja con hijos en donde algún hijo es menor de 25 años,5,Madrid,city
HH_1517,1 persona,Norte,Hogar con un hombre solo menor de 65 años,Hogar con un hombre solo menor de 65 años,1,Getafe norte,city
HH_1518,4 personas,Polvoranca,Hogar formado por pareja con hijos en donde algún hijo es menor de 25 años,Hogar formado por pareja con hijos en donde algún hijo es menor de 25 años,4,Fuenlabrada,city
HH_1519,1 persona,Sur,Hogar con un hombre solo menor de 65 años,Hogar con un hombre solo menor de 65 años,1,Madrid,city
HH_1520,2 personas,Carrascal,Hogar formado por pareja sin hijos,Hogar formado por pareja sin hijos,2,,apartments
HH_1521,3 personas,Sur,Otro tipo de hogar,Otro tipo de hogar,3,,apartments
HH_1522,4 personas,Carrascal,Otro tipo de hogar,Otro tipo de hogar,4,,semidetached_house
HH_1523,5 o mas personas,San Nicasio,Hogar formado por pareja o un solo progenitor que convive con algún hijo menor de 25 años y otra(s) persona(s),Hogar formado por pareja o un solo progenitor que convive con algún hijo menor de 25 años y otra(s) persona(s),5,,yes
HH_1524,2 personas,Carrascal,Hogar con un solo progenitor que convive con algún hijo menor de 25 años,Hogar con un solo progenitor que convive con algún hijo menor de 25 años,2,,apartments
HH_1525,2 personas,Norte,Hogar formado por pareja sin hijos,Hogar formado por pareja sin hijos,2,,yes
HH_1526,1 persona,Zarzaquemada,Hogar con un hombre solo de 65 años o más,Hogar con un hombre solo de 65 años o más,1,Madrid,city
HH_1527,1 persona,Zarzaquemada,Hogar con un hombre solo menor de 65 años,Hogar con un hombre solo menor de 65 años,1,,apartments
HH_1528,1 persona,Zarzaquemada,Hogar con una mujer sola de 65 años o más,Hogar con una mujer sola de 65 años o más,1,,apartments
HH_1529,3 personas,Sur,Hogar formado por pareja con hijos en donde algún hijo es menor de 25 años,Hogar formado por pareja con hijos en donde algún hijo es menor de 25 años,3,,apartments
HH_1530,4 personas,Norte,Hogar formado por pareja con hijos en donde algún hijo es menor de 25 años,Hogar formado por pareja con hijos en donde algún hijo es menor de 25 años,4,,yes
HH_1531,2 personas,Polvoranca,Hogar formado por pareja sin hijos,Hogar formado por pareja sin hijos,2,,terrace
HH_1532,1 persona,Sur,Hogar con una mujer sola de 65 años o más,Hogar con una mujer sola de 65 años o más,1,,apartments
HH_1533,1 persona,Sur,Hogar con una mujer sola de 65 años o más,Hogar con una mujer sola de 65 años o más,1,Fuenlabrada,city
HH_1534,2 personas,Zarzaquemada,Hogar formado por pareja sin hijos,Hogar formado por pareja sin hijos,2,Madrid,city
HH_1535,2 personas,Zarzaquemada,Hogar formado por pareja sin hijos,Hogar formado por pareja sin hijos,2,Getafe norte,city
HH_1536,3 personas,San Nicasio,Hogar con un solo progenitor que convive con algún hijo menor de 25 años,Hogar con un solo progenitor que convive con algún hijo menor de 25 años,3,Madrid,city
HH_1537,2 personas,Sur,Hogar formado por pareja sin hijos,Hogar formado por pareja sin hijos,2,Madrid,city
HH_1538,2 personas,Zarzaquemada,Hogar formado por pareja sin hijos,Hogar formado por pareja sin hijos,2,,residential
HH_1539,3 personas,Sur,Hogar formado por pareja con hijos en donde todos los hijos de 25 años o más,Hogar formado por pareja con hijos en donde todos los hijos de 25 años o más,3,Madrid,city
HH_1540,2 personas,Sur,Hogar formado por pareja sin hijos,Hogar formado por pareja sin hijos,2,,yes
HH_1541,2 personas,San Nicasio,Hogar formado por pareja sin hijos,Hogar formado por pareja sin hijos,2,,house
HH_1542,4 personas,Norte,Hogar formado por pareja con hijos en donde todos los hijos de 25 años o más,Hogar formado por pareja con hijos en donde todos los hijos de 25 años o más,4,,apartments
HH_1543,1 persona,Zarzaquemada,Hogar con una mujer sola menor de 65 años,Hogar con una mujer sola menor de 65 años,1,Mostoles,city
HH_1544,1 persona,Norte,Hogar con una mujer sola menor de 65 años,Hogar con una mujer sola menor de 65 años,1,,apartments
HH_1545,3 personas,Zarzaquemada,Hogar formado por pareja con hijos en donde algún hijo es menor de 25 años,Hogar formado por pareja con hijos en donde algún hijo es menor de 25 años,3,Extremadura,city
HH_1546,4 personas,Sur,Hogar formado por pareja con hijos en donde algún hijo es menor de 25 años,Hogar formado por pareja con hijos en donde algún hijo es menor de 25 años,4,,yes
HH_1547,1 persona,Zarzaquemada,Hogar con una mujer sola menor de 65 años,Hogar con una mujer sola menor de 65 años,1,Madrid,city
HH_1548,3 personas,Zarzaquemada,Hogar formado por pareja con hijos en donde todos los hijos de 25 años o más,Hogar formado por pareja con hijos en donde todos los hijos de 25 años o más,3,,apartments
HH_1549,2 personas,Sur,Hogar formado por pareja sin hijos,Hogar formado por pareja sin hijos,2,Centro Ocupacional Fundación F.A.D.,yes
HH_1550,2 personas,Sur,Hogar formado por pareja sin hijos,Hogar formado por pareja sin hijos,2,,yes
HH_1551,4 personas,Carrascal,Hogar formado por pareja con hijos en donde algún hijo es menor de 25 años,Hogar formado por pareja con hijos en donde algún hijo es menor de 25 años,4,,semidetached_house
HH_1552,2 personas,San Nicasio,Hogar formado por pareja sin hijos,Hogar formado por pareja sin hijos,2,Mostoles,city
HH_1553,3 personas,Zarzaquemada,Hogar formado por pareja con hijos en donde todos los hijos de 25 años o más,Hogar formado por pareja con hijos en donde todos los hijos de 25 años o más,3,Fuenlabrada,city
HH_1554,2 personas,Carrascal,Hogar formado por pareja sin hijos,Hogar formado por pareja sin hijos,2,Alcorcon,city
HH_1555,1 persona,Fortuna,Hogar con un hombre solo menor de 65 años,Hogar con un hombre solo menor de 65 años,1,,yes
HH_1556,3 personas,Zarzaquemada,Hogar formado por pareja con hijos en donde todos los hijos de 25 años o más,Hogar formado por pareja con hijos en donde todos los hijos de 25 años o más,3,,residential
HH_1557,3 personas,Norte,Hogar formado por pareja con hijos en donde algún hijo es menor de 25 años,Hogar formado por pareja con hijos en donde algún hijo es menor de 25 años,3,,yes
HH_1558,2 personas,Norte,Hogar con un solo progenitor que convive con algún hijo menor de 25 años,Hogar con un solo progenitor que convive con algún hijo menor de 25 años,2,,apartments
HH_1559,3 personas,Zarzaquemada,Hogar formado por pareja o un solo progenitor que convive con algún hijo menor de 25 años y otra(s) persona(s),Hogar formado por pareja o un solo progenitor que convive con algún hijo menor de 25 años y otra(s) persona(s),3,,residential
HH_1560,3 personas,Sur,Hogar formado por pareja con hijos en donde algún hijo es menor de 25 años,Hogar formado por pareja con hijos en donde algún hijo es menor de 25 años,3,Alcorcon,city
HH_1561,3 personas,Carrascal,Hogar formado por pareja con hijos en donde algún hijo es menor de 25 años,Hogar formado por pareja con hijos en donde algún hijo es menor de 25 años,3,Madrid,city
HH_1562,4 personas,Norte,Hogar formado por pareja con hijos en donde algún hijo es menor de 25 años,Hogar formado por pareja con hijos en donde algún hijo es menor de 25 años,4,,yes
HH_1563,1 persona,Norte,Hogar con un hombre solo menor de 65 años,Hogar con un hombre solo menor de 65 años,1,,apartments
HH_1564,1 persona,Carrascal,Hogar con una mujer sola de 65 años o más,Hogar con una mujer sola de 65 años o más,1,Lidl,yes
HH_1565,5 o mas personas,San Nicasio,Hogar formado por pareja con hijos en donde algún hijo es menor de 25 años,Hogar formado por pareja con hijos en donde algún hijo es menor de 25 años,5,Fuenlabrada,city
HH_1566,3 personas,Zarzaquemada,Hogar formado por pareja con hijos en donde algún hijo es menor de 25 años,Hogar formado por pareja con hijos en donde algún hijo es menor de 25 años,3,,apartments
HH_1567,2 personas,San Nicasio,Hogar formado por pareja sin hijos,Hogar formado por pareja sin hijos,2,,semidetached_house
HH_1568,3 personas,Carrascal,Hogar formado por pareja con hijos en donde algún hijo es menor de 25 años,Hogar formado por pareja con hijos en donde algún hijo es menor de 25 años,3,Getafe norte,city
HH_1569,4 personas,Sur,Hogar formado por pareja o un solo progenitor que convive con algún hijo menor de 25 años y otra(s) persona(s),Hogar formado por pareja o un solo progenitor que convive con algún hijo menor de 25 años y otra(s) persona(s),4,,yes
HH_1570,3 personas,Zarzaquemada,Hogar formado por pareja con hijos en donde todos los hijos de 25 años o más,Hogar formado por pareja con hijos en donde todos los hijos de 25 años o más,3,Madrid,city
HH_1571,2 personas,Polvoranca,Hogar formado por pareja sin hijos,Hogar formado por pareja sin hijos,2,,semidetached_house
HH_1572,2 personas,Zarzaquemada,Hogar formado por pareja sin hijos,Hogar formado por pareja sin hijos,2,Madrid,city
HH_1573,4 personas,Norte,Hogar con un solo progenitor que convive con algún hijo menor de 25 años,Hogar con un solo progenitor que convive con algún hijo menor de 25 años,4,,yes
HH_1574,2 personas,Polvoranca,Hogar formado por pareja sin hijos,Hogar formado por pareja sin hijos,2,,semidetached_house
HH_1575,1 persona,Carrascal,Hogar con una mujer sola de 65 años o más,Hogar con una mujer sola de 65 años o más,1,Madrid,city
HH_1576,3 personas,Carrascal,Hogar formado por pareja con hijos en donde todos los hijos de 25 años o más,Hogar formado por pareja con hijos en donde todos los hijos de 25 años o más,3,Thales,yes
HH_1577,5 o mas personas,Sur,Otro tipo de hogar,Otro tipo de hogar,5,Mostoles,city
HH_1578,2 personas,Polvoranca,Hogar formado por pareja sin hijos,Hogar formado por pareja sin hijos,2,,semidetached_house
HH_1579,1 persona,Zarzaquemada,Hogar con una mujer sola menor de 65 años,Hogar con una mujer sola menor de 65 años,1,,apartments
HH_1580,5 o mas personas,Sur,Otro tipo de hogar,Otro tipo de hogar,5,Madrid,city
HH_1581,2 personas,Carrascal,Hogar con un solo progenitor que convive con todos sus hijos de 25 años o más,Hogar con un solo progenitor que convive con todos sus hijos de 25 años o más,2,Madrid,city
HH_1582,1 persona,Zarzaquemada,Hogar con un hombre solo menor de 65 años,Hogar con un hombre solo menor de 65 años,1,,residential
HH_1583,3 personas,Zarzaquemada,Hogar formado por pareja con hijos en donde algún hijo es menor de 25 años,Hogar formado por pareja con hijos en donde algún hijo es menor de 25 años,3,,residential
HH_1584,2 personas,Norte,Hogar formado por pareja sin hijos,Hogar formado por pareja sin hijos,2,,yes
HH_1585,3 personas,Zarzaquemada,Hogar formado por pareja con hijos en donde algún hijo es menor de 25 años,Hogar formado por pareja con hijos en donde algún hijo es menor de 25 años,3,,apartments
HH_1586,3 personas,Carrascal,Hogar formado por pareja con hijos en donde algún hijo es menor de 25 años,Hogar formado por pareja con hijos en donde algún hijo es menor de 25 años,3,Extremadura,city
HH_1587,4 personas,Zarzaquemada,Otro tipo de hogar,Otro tipo de hogar,4,,apartments
HH_1588,3 personas,Sur,Hogar formado por pareja con hijos en donde todos los hijos de 25 años o más,Hogar formado por pareja con hijos en donde todos los hijos de 25 años o más,3,,yes
HH_1589,4 personas,Carrascal,Hogar formado por pareja con hijos en donde algún hijo es menor de 25 años,Hogar formado por pareja con hijos en donde algún hijo es menor de 25 años,4,Fuenlabrada,city
HH_1590,2 personas,San Nicasio,Hogar formado por pareja sin hijos,Hogar formado por pareja sin hijos,2,,house
HH_1591,1 persona,Zarzaquemada,Hogar con una mujer sola de 65 años o más,Hogar con una mujer sola de 65 años o más,1,,yes
HH_1592,3 personas,San Nicasio,Hogar formado por pareja con hijos en donde algún hijo es menor de 25 años,Hogar formado por pareja con hijos en donde algún hijo es menor de 25 años,3,,semidetached_house
HH_1593,3 personas,Norte,Hogar formado por pareja o un solo progenitor que convive con algún hijo menor de 25 años y otra(s) persona(s),Hogar formado por pareja o un solo progenitor que convive con algún hijo menor de 25 años y otra(s) persona(s),3,,apartments
HH_1594,2 personas,Fortuna,Hogar formado por pareja sin hijos,Hogar formado por pareja sin hijos,2,,yes
HH_1595,2 personas,Zarzaquemada,Hogar con un solo progenitor que convive con algún hijo menor de 25 años,Hogar con un solo progenitor que convive con algún hijo menor de 25 años,2,,yes
HH_1596,4 personas,Carrascal,Hogar formado por pareja con hijos en donde algún hijo es menor de 25 años,Hogar formado por pareja con hijos en donde algún hijo es menor de 25 años,4,Madrid,city
HH_1597,4 personas,Carrascal,Hogar formado por pareja con hijos en donde algún hijo es menor de 25 años,Hogar formado por pareja con hijos en donde algún hijo es menor de 25 años,4,,apartments
HH_1598,4 personas,Fortuna,Hogar formado por pareja o un solo progenitor que convive con algún hijo menor de 25 años y otra(s) persona(s),Hogar formado por pareja o un solo progenitor que convive con algún hijo menor de 25 años y otra(s) persona(s),4,,yes
HH_1599,1 persona,Carrascal,Hogar con una mujer sola de 65 años o más,Hogar con una mujer sola de 65 años o más,1,,yes
HH_1600,4 personas,Sur,Hogar formado por pareja con hijos en donde algún hijo es menor de 25 años,Hogar formado por pareja con hijos en donde algún hijo es menor de 25 años,4,,yes
HH_1601,3 personas,Polvoranca,Hogar formado por pareja con hijos en donde algún hijo es menor de 25 años,Hogar formado por pareja con hijos en donde algún hijo es menor de 25 años,3,Madrid,city
HH_1602,4 personas,Norte,Hogar formado por pareja con hijos en donde algún hijo es menor de 25 años,Hogar formado por pareja con hijos en donde algún hijo es menor de 25 años,4,,yes
HH_1603,2 personas,San Nicasio,Hogar con un solo progenitor que convive con algún hijo menor de 25 años,Hogar con un solo progenitor que convive con algún hijo menor de 25 años,2,,yes
HH_1604,2 personas,Carrascal,Hogar formado por pareja sin hijos,Hogar formado por pareja sin hijos,2,,yes
HH_1605,4 personas,Norte,Hogar formado por pareja o un solo progenitor que convive con algún hijo menor de 25 años y otra(s) persona(s),Hogar formado por pareja o un solo progenitor que convive con algún hijo menor de 25 años y otra(s) persona(s),4,,apartments
HH_1606,2 personas,Norte,Hogar formado por pareja sin hijos,Hogar formado por pareja sin hijos,2,Madrid,city
HH_1607,4 personas,Zarzaquemada,Hogar formado por pareja con hijos en donde algún hijo es menor de 25 años,Hogar formado por pareja con hijos en donde algún hijo es menor de 25 años,4,,apartments
HH_1608,3 personas,Sur,Hogar formado por pareja con hijos en donde algún hijo es menor de 25 años,Hogar formado por pareja con hijos en donde algún hijo es menor de 25 años,3,,residential
HH_1609,1 persona,San Nicasio,Hogar con una mujer sola menor de 65 años,Hogar con una mujer sola menor de 65 años,1,,yes
HH_1610,1 persona,Sur,Hogar con una mujer sola de 65 años o más,Hogar con una mujer sola de 65 años o más,1,,yes
HH_1611,3 personas,Carrascal,Hogar formado por pareja con hijos en donde algún hijo es menor de 25 años,Hogar formado por pareja con hijos en donde algún hijo es menor de 25 años,3,,residential
HH_1612,1 persona,San Nicasio,Hogar con una mujer sola de 65 años o más,Hogar con una mujer sola de 65 años o más,1,,house
HH_1613,3 personas,Zarzaquemada,Hogar formado por pareja con hijos en donde algún hijo es menor de 25 años,Hogar formado por pareja con hijos en donde algún hijo es menor de 25 años,3,,residential
HH_1614,2 personas,Carrascal,Hogar formado por pareja sin hijos,Hogar formado por pareja sin hijos,2,,house
HH_1615,4 personas,Zarzaquemada,Hogar formado por pareja con hijos en donde algún hijo es menor de 25 años,Hogar formado por pareja con hijos en donde algún hijo es menor de 25 años,4,,apartments
HH_1616,3 personas,Norte,Otro tipo de hogar,Otro tipo de hogar,3,Alcorcon,city
HH_1617,1 persona,Zarzaquemada,Hogar con un hombre solo menor de 65 años,Hogar con un hombre solo menor de 65 años,1,,residential
HH_1618,1 persona,Norte,Hogar con una mujer sola de 65 años o más,Hogar con una mujer sola de 65 años o más,1,Madrid,city
HH_1619,4 personas,Sur,Hogar formado por pareja o un solo progenitor que convive con algún hijo menor de 25 años y otra(s) persona(s),Hogar formado por pareja o un solo progenitor que convive con algún hijo menor de 25 años y otra(s) persona(s),4,,yes
HH_1620,4 personas,Carrascal,Hogar formado por pareja con hijos en donde todos los hijos de 25 años o más,Hogar formado por pareja con hijos en donde todos los hijos de 25 años o más,4,,apartments
HH_1621,5 o mas personas,Fortuna,Hogar formado por pareja o un solo progenitor que convive con algún hijo menor de 25 años y otra(s) persona(s),Hogar formado por pareja o un solo progenitor que convive con algún hijo menor de 25 años y otra(s) persona(s),5,,yes
HH_1622,5 o mas personas,Zarzaquemada,Hogar formado por pareja con hijos en donde algún hijo es menor de 25 años,Hogar formado por pareja con hijos en donde algún hijo es menor de 25 años,5,,residential
HH_1623,4 personas,San Nicasio,Hogar formado por pareja con hijos en donde todos los hijos de 25 años o más,Hogar formado por pareja con hijos en donde todos los hijos de 25 años o más,4,Madrid,city
HH_1624,4 personas,Zarzaquemada,Hogar formado por pareja con hijos en donde algún hijo es menor de 25 años,Hogar formado por pareja con hijos en donde algún hijo es menor de 25 años,4,,residential
HH_1625,2 personas,Fortuna,Hogar formado por pareja sin hijos,Hogar formado por pareja sin hijos,2,,yes
HH_1626,5 o mas personas,Sur,Hogar formado por pareja o un solo progenitor que convive con algún hijo menor de 25 años y otra(s) persona(s),Hogar formado por pareja o un solo progenitor que convive con algún hijo menor de 25 años y otra(s) persona(s),5,Madrid,city
HH_1627,1 persona,Norte,Hogar con una mujer sola menor de 65 años,Hogar con una mujer sola menor de 65 años,1,,apartments
HH_1628,2 personas,Fortuna,Hogar con un solo progenitor que convive con algún hijo menor de 25 años,Hogar con un solo progenitor que convive con algún hijo menor de 25 años,2,,yes
HH_1629,4 personas,San Nicasio,Otro tipo de hogar,Otro tipo de hogar,4,,residential
HH_1630,3 personas,San Nicasio,Hogar formado por pareja con hijos en donde algún hijo es menor de 25 años,Hogar formado por pareja con hijos en donde algún hijo es menor de 25 años,3,Alcorcon,city
HH_1631,3 personas,Sur,Hogar formado por pareja con hijos en donde todos los hijos de 25 años o más,Hogar formado por pareja con hijos en donde todos los hijos de 25 años o más,3,,yes
HH_1632,2 personas,Carrascal,Hogar formado por pareja sin hijos,Hogar formado por pareja sin hijos,2,,apartments
HH_1633,2 personas,Sur,Hogar formado por pareja sin hijos,Hogar formado por pareja sin hijos,2,,yes
HH_1634,2 personas,Norte,Hogar con un solo progenitor que convive con algún hijo menor de 25 años,Hogar con un solo progenitor que convive con algún hijo menor de 25 años,2,,yes
HH_1635,1 persona,Polvoranca,Hogar con una mujer sola menor de 65 años,Hogar con una mujer sola menor de 65 años,1,Madrid,city
HH_1636,1 persona,Norte,Hogar con una mujer sola de 65 años o más,Hogar con una mujer sola de 65 años o más,1,,yes
HH_1637,2 personas,Zarzaquemada,Hogar con un solo progenitor que convive con todos sus hijos de 25 años o más,Hogar con un solo progenitor que convive con todos sus hijos de 25 años o más,2,Alcorcon,city
HH_1638,3 personas,Zarzaquemada,Hogar formado por pareja con hijos en donde todos los hijos de 25 años o más,Hogar formado por pareja con hijos en donde todos los hijos de 25 años o más,3,Fuenlabrada,city
HH_1639,1 persona,Sur,Hogar con una mujer sola de 65 años o más,Hogar con una mujer sola de 65 años o más,1,,yes
HH_1640,2 personas,Zarzaquemada,Hogar formado por pareja sin hijos,Hogar formado por pareja sin hijos,2,Madrid,city
HH_1641,3 personas,Norte,Hogar formado por pareja con hijos en donde todos los hijos de 25 años o más,Hogar formado por pareja con hijos en donde todos los hijos de 25 años o más,3,,yes
HH_1642,2 personas,San Nicasio,Hogar con un solo progenitor que convive con algún hijo menor de 25 años,Hogar con un solo progenitor que convive con algún hijo menor de 25 años,2,,house
HH_1643,4 personas,San Nicasio,Hogar formado por pareja con hijos en donde algún hijo es menor de 25 años,Hogar formado por pareja con hijos en donde algún hijo es menor de 25 años,4,,yes
HH_1644,4 personas,Zarzaquemada,Hogar formado por pareja con hijos en donde algún hijo es menor de 25 años,Hogar formado por pareja con hijos en donde algún hijo es menor de 25 años,4,REPALAB,yes
HH_1645,1 persona,Fortuna,Hogar con una mujer sola de 65 años o más,Hogar con una mujer sola de 65 años o más,1,,yes
HH_1646,2 personas,Carrascal,Hogar formado por pareja sin hijos,Hogar formado por pareja sin hijos,2,,yes
HH_1647,1 persona,Carrascal,Hogar con un hombre solo menor de 65 años,Hogar con un hombre solo menor de 65 años,1,,house
HH_1648,3 personas,Zarzaquemada,Hogar formado por pareja con hijos en donde algún hijo es menor de 25 años,Hogar formado por pareja con hijos en donde algún hijo es menor de 25 años,3,,residential
HH_1649,4 personas,San Nicasio,Hogar formado por pareja con hijos en donde algún hijo es menor de 25 años,Hogar formado por pareja con hijos en donde algún hijo es menor de 25 años,4,,house
HH_1650,2 personas,Zarzaquemada,Hogar formado por pareja sin hijos,Hogar formado por pareja sin hijos,2,Fuenlabrada,city
HH_1651,1 persona,Zarzaquemada,Hogar con un hombre solo menor de 65 años,Hogar con un hombre solo menor de 65 años,1,,residential
HH_1652,4 personas,San Nicasio,Hogar con un solo progenitor que convive con algún hijo menor de 25 años,Hogar con un solo progenitor que convive con algún hijo menor de 25 años,4,,house
HH_1653,1 persona,San Nicasio,Hogar con una mujer sola de 65 años o más,Hogar con una mujer sola de 65 años o más,1,,house
HH_1654,1 persona,Carrascal,Hogar con un hombre solo menor de 65 años,Hogar con un hombre solo menor de 65 años,1,,residential
HH_1655,3 personas,Norte,Hogar con un solo progenitor que convive con algún hijo menor de 25 años,Hogar con un solo progenitor que convive con algún hijo menor de 25 años,3,,apartments
HH_1656,2 personas,Zarzaquemada,Hogar formado por pareja sin hijos,Hogar formado por pareja sin hijos,2,,apartments
HH_1657,2 personas,Polvoranca,Hogar con un solo progenitor que convive con todos sus hijos de 25 años o más,Hogar con un solo progenitor que convive con todos sus hijos de 25 años o más,2,,semidetached_house
HH_1658,3 personas,Zarzaquemada,Hogar formado por pareja con hijos en donde algún hijo es menor de 25 años,Hogar formado por pareja con hijos en donde algún hijo es menor de 25 años,3,,residential
HH_1659,1 persona,Fortuna,Hogar con un hombre solo de 65 años o más,Hogar con un hombre solo de 65 años o más,1,,house
HH_1660,1 persona,Carrascal,Hogar con una mujer sola de 65 años o más,Hogar con una mujer sola de 65 años o más,1,,apartments
HH_1661,3 personas,Zarzaquemada,Hogar formado por pareja con hijos en donde todos los hijos de 25 años o más,Hogar formado por pareja con hijos en donde todos los hijos de 25 años o más,3,,residential
HH_1662,1 persona,Carrascal,Hogar con un hombre solo menor de 65 años,Hogar con un hombre solo menor de 65 años,1,,house
HH_1663,4 personas,Carrascal,Hogar formado por pareja con hijos en donde algún hijo es menor de 25 años,Hogar formado por pareja con hijos en donde algún hijo es menor de 25 años,4,,yes
HH_1664,1 persona,Zarzaquemada,Hogar con una mujer sola menor de 65 años,Hogar con una mujer sola menor de 65 años,1,Getafe norte,city
HH_1665,3 personas,Zarzaquemada,Hogar formado por pareja con hijos en donde algún hijo es menor de 25 años,Hogar formado por pareja con hijos en donde algún hijo es menor de 25 años,3,,apartments
HH_1666,5 o mas personas,Zarzaquemada,Hogar formado por pareja con hijos en donde algún hijo es menor de 25 años,Hogar formado por pareja con hijos en donde algún hijo es menor de 25 años,5,Fuenlabrada,city
HH_1667,1 persona,Sur,Hogar con una mujer sola de 65 años o más,Hogar con una mujer sola de 65 años o más,1,,residential
HH_1668,1 persona,Zarzaquemada,Hogar con una mujer sola de 65 años o más,Hogar con una mujer sola de 65 años o más,1,Centro de Especialidades Mª Ángeles López Gómez,yes
HH_1669,1 persona,Zarzaquemada,Hogar con una mujer sola de 65 años o más,Hogar con una mujer sola de 65 años o más,1,,apartments
HH_1670,2 personas,San Nicasio,Hogar formado por pareja sin hijos,Hogar formado por pareja sin hijos,2,Madrid,city
HH_1671,3 personas,San Nicasio,Hogar con un solo progenitor que convive con algún hijo menor de 25 años,Hogar con un solo progenitor que convive con algún hijo menor de 25 años,3,Fuenlabrada,city
HH_1672,2 personas,Norte,Hogar formado por pareja sin hijos,Hogar formado por pareja sin hijos,2,,apartments
HH_1673,4 personas,Zarzaquemada,Hogar formado por pareja con hijos en donde algún hijo es menor de 25 años,Hogar formado por pareja con hijos en donde algún hijo es menor de 25 años,4,,residential
HH_1674,4 personas,Norte,Hogar formado por pareja con hijos en donde algún hijo es menor de 25 años,Hogar formado por pareja con hijos en donde algún hijo es menor de 25 años,4,,apartments
HH_1675,4 personas,Norte,Hogar formado por pareja con hijos en donde algún hijo es menor de 25 años,Hogar formado por pareja con hijos en donde algún hijo es menor de 25 años,4,,apartments
HH_1676,2 personas,Sur,Hogar formado por pareja sin hijos,Hogar formado por pareja sin hijos,2,Mostoles,city
HH_1677,2 personas,Zarzaquemada,Hogar formado por pareja sin hijos,Hogar formado por pareja sin hijos,2,Fuenlabrada,city
HH_1678,1 persona,Carrascal,Hogar con un hombre solo menor de 65 años,Hogar con un hombre solo menor de 65 años,1,Ford,yes
HH_1679,4 personas,San Nicasio,Hogar formado por pareja con hijos en donde algún hijo es menor de 25 años,Hogar formado por pareja con hijos en donde algún hijo es menor de 25 años,4,,house
HH_1680,4 personas,Carrascal,Hogar formado por pareja con hijos en donde algún hijo es menor de 25 años,Hogar formado por pareja con hijos en donde algún hijo es menor de 25 años,4,Madrid,city
HH_1681,2 personas,Carrascal,Hogar formado por pareja sin hijos,Hogar formado por pareja sin hijos,2,,semidetached_house
HH_1682,3 personas,Zarzaquemada,Hogar formado por pareja con hijos en donde todos los hijos de 25 años o más,Hogar formado por pareja con hijos en donde todos los hijos de 25 años o más,3,Madrid,city
HH_1683,2 personas,Sur,Otro tipo de hogar,Otro tipo de hogar,2,,apartments
HH_1684,1 persona,Carrascal,Hogar con una mujer sola menor de 65 años,Hogar con una mujer sola menor de 65 años,1,,detached
HH_1685,2 personas,Norte,Otro tipo de hogar,Otro tipo de hogar,2,,apartments
HH_1686,3 personas,San Nicasio,Otro tipo de hogar,Otro tipo de hogar,3,Madrid,city
HH_1687,4 personas,Polvoranca,Hogar formado por pareja con hijos en donde algún hijo es menor de 25 años,Hogar formado por pareja con hijos en donde algún hijo es menor de 25 años,4,,semidetached_house
HH_1688,2 personas,Sur,Hogar formado por pareja sin hijos,Hogar formado por pareja sin hijos,2,,residential
HH_1689,3 personas,Polvoranca,Hogar con un solo progenitor que convive con algún hijo menor de 25 años,Hogar con un solo progenitor que convive con algún hijo menor de 25 años,3,,house
HH_1690,3 personas,San Nicasio,Hogar formado por pareja con hijos en donde algún hijo es menor de 25 años,Hogar formado por pareja con hijos en donde algún hijo es menor de 25 años,3,Alcorcon,city
HH_1691,2 personas,San Nicasio,Hogar formado por pareja sin hijos,Hogar formado por pareja sin hijos,2,,house
HH_1692,5 o mas personas,Sur,Hogar formado por pareja o un solo progenitor que convive con algún hijo menor de 25 años y otra(s) persona(s),Hogar formado por pareja o un solo progenitor que convive con algún hijo menor de 25 años y otra(s) persona(s),5,,apartments
HH_1693,4 personas,Carrascal,Hogar formado por pareja o un solo progenitor que convive con algún hijo menor de 25 años y otra(s) persona(s),Hogar formado por pareja o un solo progenitor que convive con algún hijo menor de 25 años y otra(s) persona(s),4,,yes
HH_1694,3 personas,Carrascal,Hogar formado por pareja con hijos en donde algún hijo es menor de 25 años,Hogar formado por pareja con hijos en donde algún hijo es menor de 25 años,3,,semidetached_house
HH_1695,3 personas,Zarzaquemada,Hogar formado por pareja con hijos en donde algún hijo es menor de 25 años,Hogar formado por pareja con hijos en donde algún hijo es menor de 25 años,3,,residential
HH_1696,3 personas,Polvoranca,Otro tipo de hogar,Otro tipo de hogar,3,,house
HH_1697,3 personas,Zarzaquemada,Hogar formado por pareja con hijos en donde todos los hijos de 25 años o más,Hogar formado por pareja con hijos en donde todos los hijos de 25 años o más,3,Fuenlabrada,city
HH_1698,5 o mas personas,Norte,Hogar formado por pareja o un solo progenitor que convive con algún hijo menor de 25 años y otra(s) persona(s),Hogar formado por pareja o un solo progenitor que convive con algún hijo menor de 25 años y otra(s) persona(s),5,,apartments
HH_1699,4 personas,Norte,Hogar formado por pareja con hijos en donde algún hijo es menor de 25 años,Hogar formado por pareja con hijos en donde algún hijo es menor de 25 años,4,,yes
HH_1700,3 personas,San Nicasio,Hogar formado por pareja con hijos en donde todos los hijos de 25 años o más,Hogar formado por pareja con hijos en donde todos los hijos de 25 años o más,3,Getafe norte,city
HH_1701,2 personas,San Nicasio,Hogar formado por pareja sin hijos,Hogar formado por pareja sin hijos,2,Madrid,city
HH_1702,3 personas,Zarzaquemada,Hogar con un solo progenitor que convive con algún hijo menor de 25 años,Hogar con un solo progenitor que convive con algún hijo menor de 25 años,3,,apartments
HH_1703,3 personas,Zarzaquemada,Otro tipo de hogar,Otro tipo de hogar,3,Madrid,city
HH_1704,1 persona,Polvoranca,Hogar con una mujer sola de 65 años o más,Hogar con una mujer sola de 65 años o más,1,,semidetached_house
HH_1705,5 o mas personas,Zarzaquemada,Hogar formado por pareja o un solo progenitor que convive con algún hijo menor de 25 años y otra(s) persona(s),Hogar formado por pareja o un solo progenitor que convive con algún hijo menor de 25 años y otra(s) persona(s),5,,residential
HH_1706,2 personas,San Nicasio,Hogar formado por pareja sin hijos,Hogar formado por pareja sin hijos,2,,yes
HH_1707,4 personas,Carrascal,Hogar formado por pareja con hijos en donde algún hijo es menor de 25 años,Hogar formado por pareja con hijos en donde algún hijo es menor de 25 años,4,,semidetached_house
HH_1708,2 personas,Carrascal,Hogar formado por pareja sin hijos,Hogar formado por pareja sin hijos,2,,yes
HH_1709,2 personas,Zarzaquemada,Hogar formado por pareja sin hijos,Hogar formado por pareja sin hijos,2,Madrid,city
HH_1710,2 personas,Fortuna,Hogar con un solo progenitor que convive con todos sus hijos de 25 años o más,Hogar con un solo progenitor que convive con todos sus hijos de 25 años o más,2,Madrid,city
HH_1711,2 personas,Carrascal,Otro tipo de hogar,Otro tipo de hogar,2,,construction
HH_1712,1 persona,Carrascal,Hogar con una mujer sola de 65 años o más,Hogar con una mujer sola de 65 años o más,1,,yes
HH_1713,3 personas,Carrascal,Hogar con un solo progenitor que convive con algún hijo menor de 25 años,Hogar con un solo progenitor que convive con algún hijo menor de 25 años,3,Extremadura,city
HH_1714,1 persona,Norte,Hogar con una mujer sola de 65 años o más,Hogar con una mujer sola de 65 años o más,1,Madrid,city
HH_1715,2 personas,Zarzaquemada,Hogar formado por pareja sin hijos,Hogar formado por pareja sin hijos,2,Mostoles,city
HH_1716,2 personas,Norte,Hogar formado por pareja sin hijos,Hogar formado por pareja sin hijos,2,,yes
HH_1717,3 personas,Zarzaquemada,Hogar formado por pareja con hijos en donde todos los hijos de 25 años o más,Hogar formado por pareja con hijos en donde todos los hijos de 25 años o más,3,,apartments
HH_1718,1 persona,Norte,Hogar con un hombre solo menor de 65 años,Hogar con un hombre solo menor de 65 años,1,,yes
HH_1719,5 o mas personas,San Nicasio,Hogar formado por pareja o un solo progenitor que convive con algún hijo menor de 25 años y otra(s) persona(s),Hogar formado por pareja o un solo progenitor que convive con algún hijo menor de 25 años y otra(s) persona(s),5,,house
HH_1720,3 personas,Carrascal,Hogar formado por pareja con hijos en donde todos los hijos de 25 años o más,Hogar formado por pareja con hijos en donde todos los hijos de 25 años o más,3,,apartments
HH_1721,2 personas,Carrascal,Hogar formado por pareja sin hijos,Hogar formado por pareja sin hijos,2,Madrid,city
HH_1722,1 persona,San Nicasio,Hogar con un hombre solo de 65 años o más,Hogar con un hombre solo de 65 años o más,1,,yes
HH_1723,2 personas,San Nicasio,Hogar formado por pareja sin hijos,Hogar formado por pareja sin hijos,2,Madrid,city
HH_1724,3 personas,Sur,Hogar formado por pareja con hijos en donde algún hijo es menor de 25 años,Hogar formado por pareja con hijos en donde algún hijo es menor de 25 años,3,,apartments
HH_1725,2 personas,Zarzaquemada,Hogar formado por pareja sin hijos,Hogar formado por pareja sin hijos,2,Madrid,city
HH_1726,2 personas,Sur,Hogar formado por pareja sin hijos,Hogar formado por pareja sin hijos,2,,yes
HH_1727,3 personas,Norte,Hogar formado por pareja con hijos en donde todos los hijos de 25 años o más,Hogar formado por pareja con hijos en donde todos los hijos de 25 años o más,3,Madrid,city
HH_1728,4 personas,Zarzaquemada,Hogar formado por pareja o un solo progenitor que convive con algún hijo menor de 25 años y otra(s) persona(s),Hogar formado por pareja o un solo progenitor que convive con algún hijo menor de 25 años y otra(s) persona(s),4,,residential
HH_1729,3 personas,Norte,Hogar formado por pareja con hijos en donde todos los hijos de 25 años o más,Hogar formado por pareja con hijos en donde todos los hijos de 25 años o más,3,Madrid,city
HH_1730,4 personas,Carrascal,Hogar formado por pareja con hijos en donde algún hijo es menor de 25 años,Hogar formado por pareja con hijos en donde algún hijo es menor de 25 años,4,,house
HH_1731,2 personas,Zarzaquemada,Hogar formado por pareja sin hijos,Hogar formado por pareja sin hijos,2,,residential
HH_1732,4 personas,Zarzaquemada,Hogar formado por pareja con hijos en donde todos los hijos de 25 años o más,Hogar formado por pareja con hijos en donde todos los hijos de 25 años o más,4,,residential
HH_1733,4 personas,Polvoranca,Hogar formado por pareja o un solo progenitor que convive con algún hijo menor de 25 años y otra(s) persona(s),Hogar formado por pareja o un solo progenitor que convive con algún hijo menor de 25 años y otra(s) persona(s),4,Madrid,city
HH_1734,2 personas,Polvoranca,Hogar con un solo progenitor que convive con todos sus hijos de 25 años o más,Hogar con un solo progenitor que convive con todos sus hijos de 25 años o más,2,,semidetached_house
HH_1735,2 personas,Norte,Otro tipo de hogar,Otro tipo de hogar,2,Madrid,city
HH_1736,5 o mas personas,Sur,Hogar con un solo progenitor que convive con algún hijo menor de 25 años,Hogar con un solo progenitor que convive con algún hijo menor de 25 años,5,Madrid,city
HH_1737,5 o mas personas,San Nicasio,Hogar formado por pareja o un solo progenitor que convive con algún hijo menor de 25 años y otra(s) persona(s),Hogar formado por pareja o un solo progenitor que convive con algún hijo menor de 25 años y otra(s) persona(s),5,Madrid,city
HH_1738,2 personas,Norte,Hogar con un solo progenitor que convive con todos sus hijos de 25 años o más,Hogar con un solo progenitor que convive con todos sus hijos de 25 años o más,2,Madrid,city
HH_1739,3 personas,Polvoranca,Hogar con un solo progenitor que convive con algún hijo menor de 25 años,Hogar con un solo progenitor que convive con algún hijo menor de 25 años,3,,house
HH_1740,2 personas,San Nicasio,Hogar formado por pareja sin hijos,Hogar formado por pareja sin hijos,2,,yes
HH_1741,3 personas,Fortuna,Hogar con un solo progenitor que convive con algún hijo menor de 25 años,Hogar con un solo progenitor que convive con algún hijo menor de 25 años,3,,yes
HH_1742,1 persona,Zarzaquemada,Hogar con un hombre solo menor de 65 años,Hogar con un hombre solo menor de 65 años,1,Madrid,city
HH_1743,3 personas,Sur,Hogar formado por pareja con hijos en donde todos los hijos de 25 años o más,Hogar formado por pareja con hijos en donde todos los hijos de 25 años o más,3,Fuenlabrada,city
HH_1744,3 personas,San Nicasio,Hogar formado por pareja con hijos en donde todos los hijos de 25 años o más,Hogar formado por pareja con hijos en donde todos los hijos de 25 años o más,3,,semidetached_house
HH_1745,4 personas,Fortuna,Hogar formado por pareja o un solo progenitor que convive con algún hijo menor de 25 años y otra(s) persona(s),Hogar formado por pareja o un solo progenitor que convive con algún hijo menor de 25 años y otra(s) persona(s),4,,semidetached_house
HH_1746,1 persona,Carrascal,Hogar con un hombre solo menor de 65 años,Hogar con un hombre solo menor de 65 años,1,,semidetached_house
HH_1747,2 personas,Carrascal,Hogar formado por pareja sin hijos,Hogar formado por pareja sin hijos,2,,detached
HH_1748,3 personas,Zarzaquemada,Hogar con un solo progenitor que convive con algún hijo menor de 25 años,Hogar con un solo progenitor que convive con algún hijo menor de 25 años,3,Madrid,city
HH_1749,3 personas,Zarzaquemada,Otro tipo de hogar,Otro tipo de hogar,3,,residential
HH_1750,1 persona,Zarzaquemada,Hogar con un hombre solo menor de 65 años,Hogar con un hombre solo menor de 65 años,1,,yes
HH_1751,3 personas,Carrascal,Hogar con un solo progenitor que convive con algún hijo menor de 25 años,Hogar con un solo progenitor que convive con algún hijo menor de 25 años,3,,residential
HH_1752,3 personas,Polvoranca,Otro tipo de hogar,Otro tipo de hogar,3,,yes
HH_1753,1 persona,Zarzaquemada,Hogar con un hombre solo menor de 65 años,Hogar con un hombre solo menor de 65 años,1,Fuenlabrada,city
HH_1754,1 persona,Fortuna,Hogar con una mujer sola de 65 años o más,Hogar con una mujer sola de 65 años o más,1,,yes
HH_1755,1 persona,Carrascal,Hogar con una mujer sola menor de 65 años,Hogar con una mujer sola menor de 65 años,1,,yes
HH_1756,1 persona,Zarzaquemada,Hogar con un hombre solo de 65 años o más,Hogar con un hombre solo de 65 años o más,1,,apartments
HH_1757,2 personas,Zarzaquemada,Hogar con un solo progenitor que convive con todos sus hijos de 25 años o más,Hogar con un solo progenitor que convive con todos sus hijos de 25 años o más,2,Fuenlabrada,city
HH_1758,4 personas,Zarzaquemada,Hogar formado por pareja con hijos en donde algún hijo es menor de 25 años,Hogar formado por pareja con hijos en donde algún hijo es menor de 25 años,4,,apartments
HH_1759,2 personas,Zarzaquemada,Hogar formado por pareja sin hijos,Hogar formado por pareja sin hijos,2,Madrid,city
HH_1760,3 personas,Sur,Hogar formado por pareja con hijos en donde algún hijo es menor de 25 años,Hogar formado por pareja con hijos en donde algún hijo es menor de 25 años,3,Fuenlabrada,city
HH_1761,3 personas,Zarzaquemada,Hogar formado por pareja con hijos en donde algún hijo es menor de 25 años,Hogar formado por pareja con hijos en donde algún hijo es menor de 25 años,3,,residential
HH_1762,2 personas,Carrascal,Hogar con un solo progenitor que convive con todos sus hijos de 25 años o más,Hogar con un solo progenitor que convive con todos sus hijos de 25 años o más,2,,yes
HH_1763,3 personas,Polvoranca,Hogar formado por pareja con hijos en donde todos los hijos de 25 años o más,Hogar formado por pareja con hijos en donde todos los hijos de 25 años o más,3,Mostoles,city
HH_1764,4 personas,Norte,Hogar formado por pareja con hijos en donde algún hijo es menor de 25 años,Hogar formado por pareja con hijos en donde algún hijo es menor de 25 años,4,,apartments
HH_1765,1 persona,Zarzaquemada,Hogar con un hombre solo menor de 65 años,Hogar con un hombre solo menor de 65 años,1,Mostoles,city
HH_1766,2 personas,San Nicasio,Hogar formado por pareja sin hijos,Hogar formado por pareja sin hijos,2,,semidetached_house
HH_1767,4 personas,San Nicasio,Hogar formado por pareja con hijos en donde algún hijo es menor de 25 años,Hogar formado por pareja con hijos en donde algún hijo es menor de 25 años,4,,semidetached_house
HH_1768,3 personas,Carrascal,Hogar formado por pareja con hijos en donde algún hijo es menor de 25 años,Hogar formado por pareja con hijos en donde algún hijo es menor de 25 años,3,Madrid,city
HH_1769,5 o mas personas,Sur,Hogar formado por pareja o un solo progenitor que convive con algún hijo menor de 25 años y otra(s) persona(s),Hogar formado por pareja o un solo progenitor que convive con algún hijo menor de 25 años y otra(s) persona(s),5,Madrid,city
HH_1770,3 personas,San Nicasio,Otro tipo de hogar,Otro tipo de hogar,3,Madrid,city
HH_1771,1 persona,Zarzaquemada,Hogar con un hombre solo menor de 65 años,Hogar con un hombre solo menor de 65 años,1,Fuenlabrada,city
HH_1772,2 personas,San Nicasio,Hogar formado por pareja sin hijos,Hogar formado por pareja sin hijos,2,,house
HH_1773,4 personas,Zarzaquemada,Hogar formado por pareja con hijos en donde algún hijo es menor de 25 años,Hogar formado por pareja con hijos en donde algún hijo es menor de 25 años,4,Madrid,city
HH_1774,2 personas,San Nicasio,Hogar con un solo progenitor que convive con algún hijo menor de 25 años,Hogar con un solo progenitor que convive con algún hijo menor de 25 años,2,,house
HH_1775,2 personas,Carrascal,Hogar con un solo progenitor que convive con todos sus hijos de 25 años o más,Hogar con un solo progenitor que convive con todos sus hijos de 25 años o más,2,,residential
HH_1776,3 personas,San Nicasio,Hogar formado por pareja con hijos en donde todos los hijos de 25 años o más,Hogar formado por pareja con hijos en donde todos los hijos de 25 años o más,3,,house
HH_1777,3 personas,Fortuna,Hogar formado por pareja con hijos en donde algún hijo es menor de 25 años,Hogar formado por pareja con hijos en donde algún hijo es menor de 25 años,3,,semidetached_house
HH_1778,1 persona,Fortuna,Hogar con una mujer sola de 65 años o más,Hogar con una mujer sola de 65 años o más,1,Madrid,city
HH_1779,1 persona,Carrascal,Hogar con un hombre solo de 65 años o más,Hogar con un hombre solo de 65 años o más,1,,house
HH_1780,4 personas,Zarzaquemada,Hogar formado por pareja con hijos en donde algún hijo es menor de 25 años,Hogar formado por pareja con hijos en donde algún hijo es menor de 25 años,4,,apartments
HH_1781,1 persona,Zarzaquemada,Hogar con un hombre solo menor de 65 años,Hogar con un hombre solo menor de 65 años,1,Madrid,city
HH_1782,1 persona,Zarzaquemada,Hogar con una mujer sola de 65 años o más,Hogar con una mujer sola de 65 años o más,1,,residential
HH_1783,4 personas,San Nicasio,Hogar formado por pareja con hijos en donde algún hijo es menor de 25 años,Hogar formado por pareja con hijos en donde algún hijo es menor de 25 años,4,Fuenlabrada,city
HH_1784,1 persona,Sur,Hogar con una mujer sola de 65 años o más,Hogar con una mujer sola de 65 años o más,1,,apartments
HH_1785,4 personas,Fortuna,Hogar formado por pareja o un solo progenitor que convive con algún hijo menor de 25 años y otra(s) persona(s),Hogar formado por pareja o un solo progenitor que convive con algún hijo menor de 25 años y otra(s) persona(s),4,,yes
HH_1786,4 personas,Zarzaquemada,Hogar formado por pareja con hijos en donde algún hijo es menor de 25 años,Hogar formado por pareja con hijos en donde algún hijo es menor de 25 años,4,,apartments
HH_1787,3 personas,San Nicasio,Hogar formado por pareja con hijos en donde todos los hijos de 25 años o más,Hogar formado por pareja con hijos en donde todos los hijos de 25 años o más,3,Getafe norte,city
HH_1788,2 personas,Zarzaquemada,Hogar formado por pareja sin hijos,Hogar formado por pareja sin hijos,2,,yes
HH_1789,3 personas,Carrascal,Otro tipo de hogar,Otro tipo de hogar,3,,apartments
HH_1790,3 personas,Sur,Hogar formado por pareja con hijos en donde algún hijo es menor de 25 años,Hogar formado por pareja con hijos en donde algún hijo es menor de 25 años,3,,residential
HH_1791,1 persona,Zarzaquemada,Hogar con una mujer sola menor de 65 años,Hogar con una mujer sola menor de 65 años,1,,residential
HH_1792,2 personas,Carrascal,Hogar con un solo progenitor que convive con todos sus hijos de 25 años o más,Hogar con un solo progenitor que convive con todos sus hijos de 25 años o más,2,,apartments
HH_1793,1 persona,Carrascal,Hogar con una mujer sola de 65 años o más,Hogar con una mujer sola de 65 años o más,1,Madrid,city
HH_1794,2 personas,Sur,Hogar formado por pareja sin hijos,Hogar formado por pareja sin hijos,2,,house
HH_1795,2 personas,Sur,Hogar formado por pareja sin hijos,Hogar formado por pareja sin hijos,2,Madrid,city
HH_1796,3 personas,Norte,Hogar con un solo progenitor que convive con algún hijo menor de 25 años,Hogar con un solo progenitor que convive con algún hijo menor de 25 años,3,,apartments
HH_1797,3 personas,Fortuna,Hogar formado por pareja con hijos en donde algún hijo es menor de 25 años,Hogar formado por pareja con hijos en donde algún hijo es menor de 25 años,3,,semidetached_house
HH_1798,4 personas,San Nicasio,Hogar formado por pareja con hijos en donde algún hijo es menor de 25 años,Hogar formado por pareja con hijos en donde algún hijo es menor de 25 años,4,Madrid,city
HH_1799,1 persona,Zarzaquemada,Hogar con una mujer sola menor de 65 años,Hogar con una mujer sola menor de 65 años,1,,residential
HH_1800,3 personas,Carrascal,Otro tipo de hogar,Otro tipo de hogar,3,,yes
HH_1801,1 persona,Sur,Hogar con una mujer sola menor de 65 años,Hogar con una mujer sola menor de 65 años,1,Volkswagen Ardasa 2000,yes
HH_1802,3 personas,Norte,Hogar formado por pareja con hijos en donde todos los hijos de 25 años o más,Hogar formado por pareja con hijos en donde todos los hijos de 25 años o más,3,,semidetached_house
HH_1803,3 personas,Fortuna,Hogar formado por pareja con hijos en donde todos los hijos de 25 años o más,Hogar formado por pareja con hijos en donde todos los hijos de 25 años o más,3,,yes
HH_1804,2 personas,Sur,Hogar formado por pareja sin hijos,Hogar formado por pareja sin hijos,2,,apartments
HH_1805,2 personas,San Nicasio,Hogar formado por pareja sin hijos,Hogar formado por pareja sin hijos,2,,semidetached_house
HH_1806,2 personas,Norte,Otro tipo de hogar,Otro tipo de hogar,2,Madrid,city
HH_1807,2 personas,Zarzaquemada,Hogar con un solo progenitor que convive con todos sus hijos de 25 años o más,Hogar con un solo progenitor que convive con todos sus hijos de 25 años o más,2,Fuenlabrada,city
HH_1808,3 personas,San Nicasio,Hogar formado por pareja con hijos en donde algún hijo es menor de 25 años,Hogar formado por pareja con hijos en donde algún hijo es menor de 25 años,3,,yes
HH_1809,3 personas,Polvoranca,Hogar formado por pareja con hijos en donde todos los hijos de 25 años o más,Hogar formado por pareja con hijos en donde todos los hijos de 25 años o más,3,Madrid,city
HH_1810,2 personas,Polvoranca,Hogar formado por pareja sin hijos,Hogar formado por pareja sin hijos,2,,house
HH_1811,4 personas,Carrascal,Hogar formado por pareja con hijos en donde todos los hijos de 25 años o más,Hogar formado por pareja con hijos en donde todos los hijos de 25 años o más,4,Sol y Vida,yes
HH_1812,4 personas,Zarzaquemada,Hogar formado por pareja con hijos en donde algún hijo es menor de 25 años,Hogar formado por pareja con hijos en donde algún hijo es menor de 25 años,4,Fuenlabrada,city
HH_1813,3 personas,Zarzaquemada,Hogar formado por pareja con hijos en donde algún hijo es menor de 25 años,Hogar formado por pareja con hijos en donde algún hijo es menor de 25 años,3,,apartments
HH_1814,3 personas,Fortuna,Hogar formado por pareja con hijos en donde algún hijo es menor de 25 años,Hogar formado por pareja con hijos en donde algún hijo es menor de 25 años,3,,yes
HH_1815,4 personas,Zarzaquemada,Hogar formado por pareja con hijos en donde algún hijo es menor de 25 años,Hogar formado por pareja con hijos en donde algún hijo es menor de 25 años,4,,apartments
HH_1816,2 personas,Carrascal,Hogar formado por pareja sin hijos,Hogar formado por pareja sin hijos,2,,yes
HH_1817,3 personas,Carrascal,Hogar formado por pareja o un solo progenitor que convive con algún hijo menor de 25 años y otra(s) persona(s),Hogar formado por pareja o un solo progenitor que convive con algún hijo menor de 25 años y otra(s) persona(s),3,Madrid,city
HH_1818,2 personas,Carrascal,Hogar formado por pareja sin hijos,Hogar formado por pareja sin hijos,2,Lidl,yes
HH_1819,3 personas,Carrascal,Hogar con un solo progenitor que convive con algún hijo menor de 25 años,Hogar con un solo progenitor que convive con algún hijo menor de 25 años,3,,yes
HH_1820,4 personas,Norte,Hogar formado por pareja con hijos en donde algún hijo es menor de 25 años,Hogar formado por pareja con hijos en donde algún hijo es menor de 25 años,4,,yes
HH_1821,1 persona,San Nicasio,Hogar con una mujer sola menor de 65 años,Hogar con una mujer sola menor de 65 años,1,,semidetached_house
HH_1822,3 personas,Carrascal,Hogar formado por pareja con hijos en donde todos los hijos de 25 años o más,Hogar formado por pareja con hijos en donde todos los hijos de 25 años o más,3,Fuenlabrada,city
HH_1823,2 personas,Zarzaquemada,Hogar con un solo progenitor que convive con todos sus hijos de 25 años o más,Hogar con un solo progenitor que convive con todos sus hijos de 25 años o más,2,,residential
HH_1824,2 personas,San Nicasio,Hogar formado por pareja sin hijos,Hogar formado por pareja sin hijos,2,,house
HH_1825,4 personas,Sur,Hogar con un solo progenitor que convive con algún hijo menor de 25 años,Hogar con un solo progenitor que convive con algún hijo menor de 25 años,4,,yes
HH_1826,4 personas,San Nicasio,Hogar formado por pareja con hijos en donde algún hijo es menor de 25 años,Hogar formado por pareja con hijos en donde algún hijo es menor de 25 años,4,,semidetached_house
HH_1827,1 persona,San Nicasio,Hogar con un hombre solo menor de 65 años,Hogar con un hombre solo menor de 65 años,1,Madrid,city
HH_1828,2 personas,Sur,Hogar formado por pareja sin hijos,Hogar formado por pareja sin hijos,2,,house
HH_1829,1 persona,Sur,Hogar con una mujer sola de 65 años o más,Hogar con una mujer sola de 65 años o más,1,Getafe norte,city
HH_1830,1 persona,Norte,Hogar con un hombre solo de 65 años o más,Hogar con un hombre solo de 65 años o más,1,,apartments
HH_1831,1 persona,Fortuna,Hogar con un hombre solo menor de 65 años,Hogar con un hombre solo menor de 65 años,1,,yes
HH_1832,3 personas,Norte,Hogar formado por pareja con hijos en donde algún hijo es menor de 25 años,Hogar formado por pareja con hijos en donde algún hijo es menor de 25 años,3,,apartments
HH_1833,3 personas,Norte,Hogar formado por pareja con hijos en donde algún hijo es menor de 25 años,Hogar formado por pareja con hijos en donde algún hijo es menor de 25 años,3,Getafe norte,city
HH_1834,1 persona,Polvoranca,Hogar con una mujer sola menor de 65 años,Hogar con una mujer sola menor de 65 años,1,Mostoles,city
HH_1835,3 personas,Fortuna,Hogar formado por pareja con hijos en donde todos los hijos de 25 años o más,Hogar formado por pareja con hijos en donde todos los hijos de 25 años o más,3,,yes
HH_1836,1 persona,Zarzaquemada,Hogar con una mujer sola de 65 años o más,Hogar con una mujer sola de 65 años o más,1,,residential
HH_1837,3 personas,Carrascal,Hogar formado por pareja con hijos en donde algún hijo es menor de 25 años,Hogar formado por pareja con hijos en donde algún hijo es menor de 25 años,3,,semidetached_house
HH_1838,1 persona,Carrascal,Hogar con una mujer sola de 65 años o más,Hogar con una mujer sola de 65 años o más,1,,semidetached_house
HH_1839,2 personas,Carrascal,Hogar formado por pareja sin hijos,Hogar formado por pareja sin hijos,2,,residential
HH_1840,3 personas,San Nicasio,Hogar formado por pareja con hijos en donde todos los hijos de 25 años o más,Hogar formado por pareja con hijos en donde todos los hijos de 25 años o más,3,Madrid,city
HH_1841,2 personas,Fortuna,Hogar con un solo progenitor que convive con algún hijo menor de 25 años,Hogar con un solo progenitor que convive con algún hijo menor de 25 años,2,,semidetached_house
HH_1842,3 personas,Norte,Hogar formado por pareja o un solo progenitor que convive con algún hijo menor de 25 años y otra(s) persona(s),Hogar formado por pareja o un solo progenitor que convive con algún hijo menor de 25 años y otra(s) persona(s),3,,apartments
HH_1843,2 personas,San Nicasio,Hogar formado por pareja sin hijos,Hogar formado por pareja sin hijos,2,,semidetached_house
HH_1844,4 personas,Polvoranca,Hogar formado por pareja con hijos en donde algún hijo es menor de 25 años,Hogar formado por pareja con hijos en donde algún hijo es menor de 25 años,4,,terrace
HH_1845,3 personas,Zarzaquemada,Hogar formado por pareja con hijos en donde algún hijo es menor de 25 años,Hogar formado por pareja con hijos en donde algún hijo es menor de 25 años,3,,residential
HH_1846,2 personas,Carrascal,Hogar con un solo progenitor que convive con algún hijo menor de 25 años,Hogar con un solo progenitor que convive con algún hijo menor de 25 años,2,,yes
HH_1847,2 personas,Zarzaquemada,Hogar formado por pareja sin hijos,Hogar formado por pareja sin hijos,2,Madrid,city
HH_1848,5 o mas personas,Sur,Hogar formado por pareja o un solo progenitor que convive con algún hijo menor de 25 años y otra(s) persona(s),Hogar formado por pareja o un solo progenitor que convive con algún hijo menor de 25 años y otra(s) persona(s),5,Alcorcon,city
HH_1849,4 personas,Sur,Hogar formado por pareja con hijos en donde algún hijo es menor de 25 años,Hogar formado por pareja con hijos en donde algún hijo es menor de 25 años,4,Madrid,city
HH_1850,3 personas,Fortuna,Hogar formado por pareja con hijos en donde todos los hijos de 25 años o más,Hogar formado por pareja con hijos en donde todos los hijos de 25 años o más,3,,yes
HH_1851,1 persona,Norte,Hogar con una mujer sola de 65 años o más,Hogar con una mujer sola de 65 años o más,1,Madrid,city
HH_1852,1 persona,San Nicasio,Hogar con un hombre solo menor de 65 años,Hogar con un hombre solo menor de 65 años,1,,semidetached_house
HH_1853,2 personas,Polvoranca,Hogar formado por pareja sin hijos,Hogar formado por pareja sin hijos,2,,semidetached_house
HH_1854,2 personas,Sur,Hogar formado por pareja sin hijos,Hogar formado por pareja sin hijos,2,Getafe norte,city
HH_1855,2 personas,Carrascal,Hogar formado por pareja sin hijos,Hogar formado por pareja sin hijos,2,Madrid,city
HH_1856,4 personas,Carrascal,Hogar formado por pareja con hijos en donde algún hijo es menor de 25 años,Hogar formado por pareja con hijos en donde algún hijo es menor de 25 años,4,Fuenlabrada,city
HH_1857,1 persona,Sur,Hogar con un hombre solo de 65 años o más,Hogar con un hombre solo de 65 años o más,1,,yes
HH_1858,1 persona,Zarzaquemada,Hogar con una mujer sola de 65 años o más,Hogar con una mujer sola de 65 años o más,1,Madrid,city
HH_1859,2 personas,Sur,Hogar formado por pareja sin hijos,Hogar formado por pareja sin hijos,2,,apartments
HH_1860,5 o mas personas,Sur,Otro tipo de hogar,Otro tipo de hogar,5,,yes
HH_1861,4 personas,Sur,Hogar formado por pareja con hijos en donde algún hijo es menor de 25 años,Hogar formado por pareja con hijos en donde algún hijo es menor de 25 años,4,,yes
HH_1862,2 personas,Zarzaquemada,Hogar formado por pareja sin hijos,Hogar formado por pareja sin hijos,2,,apartments
HH_1863,4 personas,Sur,Hogar formado por pareja con hijos en donde todos los hijos de 25 años o más,Hogar formado por pareja con hijos en donde todos los hijos de 25 años o más,4,Fuenlabrada,city
HH_1864,3 personas,San Nicasio,Hogar formado por pareja con hijos en donde todos los hijos de 25 años o más,Hogar formado por pareja con hijos en donde todos los hijos de 25 años o más,3,,semidetached_house
HH_1865,2 personas,Zarzaquemada,Otro tipo de hogar,Otro tipo de hogar,2,,apartments
HH_1866,5 o mas personas,Carrascal,Hogar formado por pareja o un solo progenitor que convive con algún hijo menor de 25 años y otra(s) persona(s),Hogar formado por pareja o un solo progenitor que convive con algún hijo menor de 25 años y otra(s) persona(s),5,Mostoles,city
HH_1867,2 personas,Sur,Hogar formado por pareja sin hijos,Hogar formado por pareja sin hijos,2,,yes
HH_1868,4 personas,Zarzaquemada,Hogar formado por pareja con hijos en donde algún hijo es menor de 25 años,Hogar formado por pareja con hijos en donde algún hijo es menor de 25 años,4,Centro de Especialidades Mª Ángeles López Gómez,yes
HH_1869,4 personas,San Nicasio,Hogar formado por pareja con hijos en donde algún hijo es menor de 25 años,Hogar formado por pareja con hijos en donde algún hijo es menor de 25 años,4,Madrid,city
HH_1870,3 personas,Zarzaquemada,Otro tipo de hogar,Otro tipo de hogar,3,Fuenlabrada,city
HH_1871,4 personas,Carrascal,Hogar formado por pareja con hijos en donde algún hijo es menor de 25 años,Hogar formado por pareja con hijos en donde algún hijo es menor de 25 años,4,,yes
HH_1872,5 o mas personas,Norte,Hogar formado por pareja con hijos en donde algún hijo es menor de 25 años,Hogar formado por pareja con hijos en donde algún hijo es menor de 25 años,5,,yes
HH_1873,2 personas,San Nicasio,Hogar formado por pareja sin hijos,Hogar formado por pareja sin hijos,2,,semidetached_house
HH_1874,3 personas,Zarzaquemada,Hogar formado por pareja con hijos en donde todos los hijos de 25 años o más,Hogar formado por pareja con hijos en donde todos los hijos de 25 años o más,3,Alcorcon,city
HH_1875,2 personas,Zarzaquemada,Hogar formado por pareja sin hijos,Hogar formado por pareja sin hijos,2,Extremadura,city
HH_1876,4 personas,Norte,Hogar formado por pareja con hijos en donde algún hijo es menor de 25 años,Hogar formado por pareja con hijos en donde algún hijo es menor de 25 años,4,,apartments
HH_1877,2 personas,Norte,Hogar con un solo progenitor que convive con todos sus hijos de 25 años o más,Hogar con un solo progenitor que convive con todos sus hijos de 25 años o más,2,Madrid,city
HH_1878,4 personas,San Nicasio,Hogar formado por pareja con hijos en donde algún hijo es menor de 25 años,Hogar formado por pareja con hijos en donde algún hijo es menor de 25 años,4,,semidetached_house
HH_1879,1 persona,San Nicasio,Hogar con una mujer sola de 65 años o más,Hogar con una mujer sola de 65 años o más,1,,semidetached_house
HH_1880,2 personas,Sur,Hogar formado por pareja sin hijos,Hogar formado por pareja sin hijos,2,,yes
HH_1881,2 personas,Zarzaquemada,Hogar formado por pareja sin hijos,Hogar formado por pareja sin hijos,2,,apartments
HH_1882,1 persona,Carrascal,Hogar con un hombre solo menor de 65 años,Hogar con un hombre solo menor de 65 años,1,,yes
HH_1883,3 personas,San Nicasio,Hogar formado por pareja con hijos en donde algún hijo es menor de 25 años,Hogar formado por pareja con hijos en donde algún hijo es menor de 25 años,3,,house
HH_1884,3 personas,Norte,Hogar formado por pareja con hijos en donde algún hijo es menor de 25 años,Hogar formado por pareja con hijos en donde algún hijo es menor de 25 años,3,,yes
HH_1885,2 personas,Zarzaquemada,Hogar formado por pareja sin hijos,Hogar formado por pareja sin hijos,2,,residential
HH_1886,1 persona,San Nicasio,Hogar con un hombre solo menor de 65 años,Hogar con un hombre solo menor de 65 años,1,,apartments
HH_1887,3 personas,Carrascal,Hogar formado por pareja con hijos en donde todos los hijos de 25 años o más,Hogar formado por pareja con hijos en donde todos los hijos de 25 años o más,3,,semidetached_house
HH_1888,2 personas,San Nicasio,Hogar formado por pareja sin hijos,Hogar formado por pareja sin hijos,2,,house
HH_1889,2 personas,Fortuna,Hogar formado por pareja sin hijos,Hogar formado por pareja sin hijos,2,Mostoles,city
HH_1890,2 personas,Zarzaquemada,Hogar formado por pareja sin hijos,Hogar formado por pareja sin hijos,2,,apartments
HH_1891,4 personas,Zarzaquemada,Hogar formado por pareja con hijos en donde algún hijo es menor de 25 años,Hogar formado por pareja con hijos en donde algún hijo es menor de 25 años,4,Madrid,city
HH_1892,4 personas,Fortuna,Hogar formado por pareja con hijos en donde algún hijo es menor de 25 años,Hogar formado por pareja con hijos en donde algún hijo es menor de 25 años,4,Madrid,city
HH_1893,4 personas,San Nicasio,Hogar formado por pareja con hijos en donde algún hijo es menor de 25 años,Hogar formado por pareja con hijos en donde algún hijo es menor de 25 años,4,,yes
HH_1894,2 personas,San Nicasio,Hogar con un solo progenitor que convive con todos sus hijos de 25 años o más,Hogar con un solo progenitor que convive con todos sus hijos de 25 años o más,2,,residential
HH_1895,2 personas,Polvoranca,Hogar formado por pareja sin hijos,Hogar formado por pareja sin hijos,2,,semidetached_house
HH_1896,2 personas,Polvoranca,Hogar formado por pareja sin hijos,Hogar formado por pareja sin hijos,2,,house
HH_1897,1 persona,San Nicasio,Hogar con un hombre solo menor de 65 años,Hogar con un hombre solo menor de 65 años,1,Getafe norte,city
HH_1898,1 persona,Sur,Hogar con un hombre solo menor de 65 años,Hogar con un hombre solo menor de 65 años,1,Madrid,city
HH_1899,2 personas,Zarzaquemada,Hogar formado por pareja sin hijos,Hogar formado por pareja sin hijos,2,,apartments
HH_1900,3 personas,San Nicasio,Hogar formado por pareja con hijos en donde todos los hijos de 25 años o más,Hogar formado por pareja con hijos en donde todos los hijos de 25 años o más,3,,semidetached_house
HH_1901,3 personas,Zarzaquemada,Hogar formado por pareja con hijos en donde algún hijo es menor de 25 años,Hogar formado por pareja con hijos en donde algún hijo es menor de 25 años,3,,residential
HH_1902,3 personas,Norte,Hogar formado por pareja con hijos en donde todos los hijos de 25 años o más,Hogar formado por pareja con hijos en donde todos los hijos de 25 años o más,3,,yes
HH_1903,3 personas,San Nicasio,Hogar con un solo progenitor que convive con algún hijo menor de 25 años,Hogar con un solo progenitor que convive con algún hijo menor de 25 años,3,Mostoles,city
HH_1904,1 persona,Zarzaquemada,Hogar con un hombre solo menor de 65 años,Hogar con un hombre solo menor de 65 años,1,Mostoles,city
HH_1905,1 persona,Fortuna,Hogar con una mujer sola de 65 años o más,Hogar con una mujer sola de 65 años o más,1,,yes
HH_1906,4 personas,Zarzaquemada,Hogar formado por pareja o un solo progenitor que convive con algún hijo menor de 25 años y otra(s) persona(s),Hogar formado por pareja o un solo progenitor que convive con algún hijo menor de 25 años y otra(s) persona(s),4,Madrid,city
HH_1907,1 persona,Norte,Hogar con una mujer sola de 65 años o más,Hogar con una mujer sola de 65 años o más,1,,apartments
HH_1908,3 personas,Zarzaquemada,Hogar formado por pareja con hijos en donde todos los hijos de 25 años o más,Hogar formado por pareja con hijos en donde todos los hijos de 25 años o más,3,Madrid,city
HH_1909,1 persona,Carrascal,Hogar con un hombre solo de 65 años o más,Hogar con un hombre solo de 65 años o más,1,,yes
HH_1910,3 personas,Zarzaquemada,Hogar formado por pareja con hijos en donde algún hijo es menor de 25 años,Hogar formado por pareja con hijos en donde algún hijo es menor de 25 años,3,,residential
HH_1911,5 o mas personas,Zarzaquemada,Hogar formado por pareja o un solo progenitor que convive con algún hijo menor de 25 años y otra(s) persona(s),Hogar formado por pareja o un solo progenitor que convive con algún hijo menor de 25 años y otra(s) persona(s),5,Mostoles,city
HH_1912,1 persona,Zarzaquemada,Hogar con un hombre solo menor de 65 años,Hogar con un hombre solo menor de 65 años,1,,apartments
HH_1913,1 persona,Norte,Hogar con un hombre solo menor de 65 años,Hogar con un hombre solo menor de 65 años,1,,apartments
HH_1914,2 personas,Sur,Hogar formado por pareja sin hijos,Hogar formado por pareja sin hijos,2,Fuenlabrada,city
HH_1915,2 personas,Sur,Hogar formado por pareja sin hijos,Hogar formado por pareja sin hijos,2,,yes
HH_1916,3 personas,Carrascal,Hogar formado por pareja con hijos en donde algún hijo es menor de 25 años,Hogar formado por pareja con hijos en donde algún hijo es menor de 25 años,3,,apartments
HH_1917,3 personas,Zarzaquemada,Hogar con un solo progenitor que convive con todos sus hijos de 25 años o más,Hogar con un solo progenitor que convive con todos sus hijos de 25 años o más,3,,apartments
HH_1918,5 o mas personas,Norte,Hogar formado por pareja con hijos en donde todos los hijos de 25 años o más,Hogar formado por pareja con hijos en donde todos los hijos de 25 años o más,5,Fuenlabrada,city
HH_1919,5 o mas personas,Polvoranca,Hogar formado por pareja o un solo progenitor que convive con algún hijo menor de 25 años y otra(s) persona(s),Hogar formado por pareja o un solo progenitor que convive con algún hijo menor de 25 años y otra(s) persona(s),5,,house
HH_1920,5 o mas personas,Fortuna,Hogar formado por pareja o un solo progenitor que convive con algún hijo menor de 25 años y otra(s) persona(s),Hogar formado por pareja o un solo progenitor que convive con algún hijo menor de 25 años y otra(s) persona(s),5,,yes
HH_1921,1 persona,Carrascal,Hogar con una mujer sola de 65 años o más,Hogar con una mujer sola de 65 años o más,1,,yes
HH_1922,2 personas,San Nicasio,Hogar con un solo progenitor que convive con algún hijo menor de 25 años,Hogar con un solo progenitor que convive con algún hijo menor de 25 años,2,,residential
HH_1923,4 personas,Norte,Hogar formado por pareja con hijos en donde algún hijo es menor de 25 años,Hogar formado por pareja con hijos en donde algún hijo es menor de 25 años,4,,apartments
HH_1924,1 persona,Carrascal,Hogar con una mujer sola de 65 años o más,Hogar con una mujer sola de 65 años o más,1,,semidetached_house
HH_1925,3 personas,Fortuna,Otro tipo de hogar,Otro tipo de hogar,3,,terrace
HH_1926,4 personas,Zarzaquemada,Hogar formado por pareja con hijos en donde algún hijo es menor de 25 años,Hogar formado por pareja con hijos en donde algún hijo es menor de 25 años,4,Getafe norte,city
HH_1927,4 personas,San Nicasio,Hogar formado por pareja con hijos en donde algún hijo es menor de 25 años,Hogar formado por pareja con hijos en donde algún hijo es menor de 25 años,4,Madrid,city
HH_1928,2 personas,Zarzaquemada,Hogar formado por pareja sin hijos,Hogar formado por pareja sin hijos,2,,yes
HH_1929,1 persona,Norte,Hogar con una mujer sola de 65 años o más,Hogar con una mujer sola de 65 años o más,1,Mostoles,city
HH_1930,3 personas,Carrascal,Hogar con un solo progenitor que convive con algún hijo menor de 25 años,Hogar con un solo progenitor que convive con algún hijo menor de 25 años,3,Madrid,city
HH_1931,1 persona,Carrascal,Hogar con una mujer sola de 65 años o más,Hogar con una mujer sola de 65 años o más,1,Madrid,city
HH_1932,2 personas,San Nicasio,Hogar formado por pareja sin hijos,Hogar formado por pareja sin hijos,2,Madrid,city
HH_1933,2 personas,Zarzaquemada,Hogar con un solo progenitor que convive con todos sus hijos de 25 años o más,Hogar con un solo progenitor que convive con todos sus hijos de 25 años o más,2,,residential
HH_1934,1 persona,Norte,Hogar con una mujer sola de 65 años o más,Hogar con una mujer sola de 65 años o más,1,Fuenlabrada,city
HH_1935,1 persona,Zarzaquemada,Hogar con un hombre solo menor de 65 años,Hogar con un hombre solo menor de 65 años,1,,apartments
HH_1936,1 persona,Zarzaquemada,Hogar con una mujer sola menor de 65 años,Hogar con una mujer sola menor de 65 años,1,,residential
HH_1937,2 personas,Zarzaquemada,Hogar formado por pareja sin hijos,Hogar formado por pareja sin hijos,2,,residential
HH_1938,4 personas,Carrascal,Hogar formado por pareja con hijos en donde algún hijo es menor de 25 años,Hogar formado por pareja con hijos en donde algún hijo es menor de 25 años,4,,yes
HH_1939,1 persona,Zarzaquemada,Hogar con un hombre solo de 65 años o más,Hogar con un hombre solo de 65 años o más,1,,yes
HH_1940,2 personas,Norte,Hogar formado por pareja sin hijos,Hogar formado por pareja sin hijos,2,,apartments
HH_1941,3 personas,Sur,Hogar formado por pareja con hijos en donde algún hijo es menor de 25 años,Hogar formado por pareja con hijos en donde algún hijo es menor de 25 años,3,Mostoles,city
HH_1942,1 persona,Carrascal,Hogar con una mujer sola de 65 años o más,Hogar con una mujer sola de 65 años o más,1,,yes
HH_1943,2 personas,San Nicasio,Hogar con un solo progenitor que convive con algún hijo menor de 25 años,Hogar con un solo progenitor que convive con algún hijo menor de 25 años,2,Getafe norte,city
HH_1944,1 persona,Zarzaquemada,Hogar con una mujer sola de 65 años o más,Hogar con una mujer sola de 65 años o más,1,,yes
HH_1945,2 personas,Sur,Hogar formado por pareja sin hijos,Hogar formado por pareja sin hijos,2,Madrid,city
HH_1946,2 personas,Carrascal,Hogar formado por pareja sin hijos,Hogar formado por pareja sin hijos,2,,residential
HH_1947,2 personas,Norte,Hogar formado por pareja sin hijos,Hogar formado por pareja sin hijos,2,,yes
HH_1948,1 persona,Zarzaquemada,Hogar con un hombre solo de 65 años o más,Hogar con un hombre solo de 65 años o más,1,,apartments
HH_1949,5 o mas personas,San Nicasio,Hogar formado por pareja con hijos en donde algún hijo es menor de 25 años,Hogar formado por pareja con hijos en donde algún hijo es menor de 25 años,5,Madrid,city
HH_1950,4 personas,Zarzaquemada,Otro tipo de hogar,Otro tipo de hogar,4,,apartments
HH_1951,2 personas,Sur,Hogar con un solo progenitor que convive con algún hijo menor de 25 años,Hogar con un solo progenitor que convive con algún hijo menor de 25 años,2,,apartments
HH_1952,2 personas,Carrascal,Hogar formado por pareja sin hijos,Hogar formado por pareja sin hijos,2,,construction
HH_1953,3 personas,Sur,Hogar formado por pareja con hijos en donde algún hijo es menor de 25 años,Hogar formado por pareja con hijos en donde algún hijo es menor de 25 años,3,,apartments
HH_1954,2 personas,San Nicasio,Hogar formado por pareja sin hijos,Hogar formado por pareja sin hijos,2,,house
HH_1955,2 personas,San Nicasio,Hogar con un solo progenitor que convive con algún hijo menor de 25 años,Hogar con un solo progenitor que convive con algún hijo menor de 25 años,2,Centro de Protección Animal,yes
HH_1956,2 personas,Carrascal,Hogar con un solo progenitor que convive con algún hijo menor de 25 años,Hogar con un solo progenitor que convive con algún hijo menor de 25 años,2,,semidetached_house
HH_1957,4 personas,Polvoranca,Hogar formado por pareja con hijos en donde algún hijo es menor de 25 años,Hogar formado por pareja con hijos en donde algún hijo es menor de 25 años,4,,semidetached_house
HH_1958,2 personas,San Nicasio,Hogar formado por pareja sin hijos,Hogar formado por pareja sin hijos,2,,apartments
HH_1959,5 o mas personas,San Nicasio,Hogar formado por pareja o un solo progenitor que convive con algún hijo menor de 25 años y otra(s) persona(s),Hogar formado por pareja o un solo progenitor que convive con algún hijo menor de 25 años y otra(s) persona(s),5,,yes
HH_1960,2 personas,Zarzaquemada,Hogar formado por pareja sin hijos,Hogar formado por pareja sin hijos,2,Fuenlabrada,city
HH_1961,2 personas,Sur,Hogar con un solo progenitor que convive con algún hijo menor de 25 años,Hogar con un solo progenitor que convive con algún hijo menor de 25 años,2,,apartments
HH_1962,2 personas,Fortuna,Hogar formado por pareja sin hijos,Hogar formado por pareja sin hijos,2,,yes
HH_1963,1 persona,San Nicasio,Hogar con un hombre solo menor de 65 años,Hogar con un hombre solo menor de 65 años,1,,yes
HH_1964,3 personas,Carrascal,Hogar formado por pareja con hijos en donde algún hijo es menor de 25 años,Hogar formado por pareja con hijos en donde algún hijo es menor de 25 años,3,,semidetached_house
HH_1965,1 persona,Zarzaquemada,Hogar con una mujer sola menor de 65 años,Hogar con una mujer sola menor de 65 años,1,Madrid,city
HH_1966,1 persona,Sur,Hogar con una mujer sola de 65 años o más,Hogar con una mujer sola de 65 años o más,1,Tapón Spain, S.L.U.,yes
HH_1967,5 o mas personas,Carrascal,Hogar formado por pareja o un solo progenitor que convive con algún hijo menor de 25 años y otra(s) persona(s),Hogar formado por pareja o un solo progenitor que convive con algún hijo menor de 25 años y otra(s) persona(s),5,,house
HH_1968,1 persona,Zarzaquemada,Hogar con una mujer sola de 65 años o más,Hogar con una mujer sola de 65 años o más,1,,residential
HH_1969,1 persona,Zarzaquemada,Hogar con una mujer sola de 65 años o más,Hogar con una mujer sola de 65 años o más,1,,apartments
HH_1970,3 personas,Zarzaquemada,Hogar formado por pareja con hijos en donde algún hijo es menor de 25 años,Hogar formado por pareja con hijos en donde algún hijo es menor de 25 años,3,,residential
HH_1971,3 personas,San Nicasio,Hogar formado por pareja con hijos en donde todos los hijos de 25 años o más,Hogar formado por pareja con hijos en donde todos los hijos de 25 años o más,3,,residential
HH_1972,3 personas,Fortuna,Hogar formado por pareja con hijos en donde todos los hijos de 25 años o más,Hogar formado por pareja con hijos en donde todos los hijos de 25 años o más,3,,yes
HH_1973,3 personas,Zarzaquemada,Hogar formado por pareja con hijos en donde algún hijo es menor de 25 años,Hogar formado por pareja con hijos en donde algún hijo es menor de 25 años,3,,apartments
HH_1974,1 persona,Norte,Hogar con una mujer sola menor de 65 años,Hogar con una mujer sola menor de 65 años,1,,yes
HH_1975,1 persona,Norte,Hogar con un hombre solo menor de 65 años,Hogar con un hombre solo menor de 65 años,1,,yes
HH_1976,3 personas,Sur,Hogar formado por pareja con hijos en donde algún hijo es menor de 25 años,Hogar formado por pareja con hijos en donde algún hijo es menor de 25 años,3,,residential
HH_1977,1 persona,Carrascal,Hogar con una mujer sola menor de 65 años,Hogar con una mujer sola menor de 65 años,1,,residential
HH_1978,3 personas,Carrascal,Hogar formado por pareja con hijos en donde todos los hijos de 25 años o más,Hogar formado por pareja con hijos en donde todos los hijos de 25 años o más,3,,apartments
HH_1979,5 o mas personas,Zarzaquemada,Hogar formado por pareja o un solo progenitor que convive con algún hijo menor de 25 años y otra(s) persona(s),Hogar formado por pareja o un solo progenitor que convive con algún hijo menor de 25 años y otra(s) persona(s),5,,residential
HH_1980,4 personas,San Nicasio,Hogar formado por pareja con hijos en donde algún hijo es menor de 25 años,Hogar formado por pareja con hijos en donde algún hijo es menor de 25 años,4,,semidetached_house
HH_1981,3 personas,Sur,Hogar formado por pareja con hijos en donde todos los hijos de 25 años o más,Hogar formado por pareja con hijos en donde todos los hijos de 25 años o más,3,,yes
HH_1982,4 personas,Carrascal,Hogar formado por pareja con hijos en donde todos los hijos de 25 años o más,Hogar formado por pareja con hijos en donde todos los hijos de 25 años o más,4,Madrid,city
HH_1983,1 persona,Carrascal,Hogar con un hombre solo de 65 años o más,Hogar con un hombre solo de 65 años o más,1,,semidetached_house
HH_1984,4 personas,Carrascal,Hogar formado por pareja con hijos en donde todos los hijos de 25 años o más,Hogar formado por pareja con hijos en donde todos los hijos de 25 años o más,4,,yes
HH_1985,4 personas,Polvoranca,Hogar formado por pareja con hijos en donde algún hijo es menor de 25 años,Hogar formado por pareja con hijos en donde algún hijo es menor de 25 años,4,Madrid,city
HH_1986,1 persona,San Nicasio,Hogar con un hombre solo menor de 65 años,Hogar con un hombre solo menor de 65 años,1,,semidetached_house
HH_1987,2 personas,Carrascal,Hogar formado por pareja sin hijos,Hogar formado por pareja sin hijos,2,,yes
HH_1988,3 personas,San Nicasio,Hogar con un solo progenitor que convive con algún hijo menor de 25 años,Hogar con un solo progenitor que convive con algún hijo menor de 25 años,3,Madrid,city
HH_1989,2 personas,San Nicasio,Hogar formado por pareja sin hijos,Hogar formado por pareja sin hijos,2,,semidetached_house
HH_1990,2 personas,Fortuna,Hogar con un solo progenitor que convive con todos sus hijos de 25 años o más,Hogar con un solo progenitor que convive con todos sus hijos de 25 años o más,2,,yes
HH_1991,4 personas,San Nicasio,Hogar formado por pareja con hijos en donde algún hijo es menor de 25 años,Hogar formado por pareja con hijos en donde algún hijo es menor de 25 años,4,,yes
HH_1992,3 personas,Zarzaquemada,Hogar formado por pareja con hijos en donde todos los hijos de 25 años o más,Hogar formado por pareja con hijos en donde todos los hijos de 25 años o más,3,Mostoles,city
HH_1993,2 personas,Sur,Hogar formado por pareja sin hijos,Hogar formado por pareja sin hijos,2,,apartments
HH_1994,4 personas,San Nicasio,Hogar formado por pareja con hijos en donde algún hijo es menor de 25 años,Hogar formado por pareja con hijos en donde algún hijo es menor de 25 años,4,Madrid,city
HH_1995,2 personas,Sur,Hogar formado por pareja sin hijos,Hogar formado por pareja sin hijos,2,,apartments
HH_1996,2 personas,Sur,Hogar formado por pareja sin hijos,Hogar formado por pareja sin hijos,2,,apartments
HH_1997,3 personas,Carrascal,Otro tipo de hogar,Otro tipo de hogar,3,,house
HH_1998,3 personas,San Nicasio,Hogar formado por pareja con hijos en donde todos los hijos de 25 años o más,Hogar formado por pareja con hijos en donde todos los hijos de 25 años o más,3,,semidetached_house
HH_1999,3 personas,Polvoranca,Hogar formado por pareja con hijos en donde algún hijo es menor de 25 años,Hogar formado por pareja con hijos en donde algún hijo es menor de 25 años,3,,terrace
HH_2000,4 personas,Zarzaquemada,Hogar formado por pareja con hijos en donde algún hijo es menor de 25 años,Hogar formado por pareja con hijos en donde algún hijo es menor de 25 años,4,,residential
HH_2001,2 personas,Norte,Hogar formado por pareja sin hijos,Hogar formado por pareja sin hijos,2,,yes
HH_2002,1 persona,Zarzaquemada,Hogar con una mujer sola de 65 años o más,Hogar con una mujer sola de 65 años o más,1,,apartments
HH_2003,4 personas,Norte,Hogar formado por pareja con hijos en donde algún hijo es menor de 25 años,Hogar formado por pareja con hijos en donde algún hijo es menor de 25 años,4,Madrid,city
HH_2004,1 persona,Norte,Hogar con un hombre solo de 65 años o más,Hogar con un hombre solo de 65 años o más,1,Madrid,city
HH_2005,5 o mas personas,Sur,Hogar formado por pareja o un solo progenitor que convive con algún hijo menor de 25 años y otra(s) persona(s),Hogar formado por pareja o un solo progenitor que convive con algún hijo menor de 25 años y otra(s) persona(s),5,,house
HH_2006,3 personas,Sur,Hogar formado por pareja con hijos en donde todos los hijos de 25 años o más,Hogar formado por pareja con hijos en donde todos los hijos de 25 años o más,3,Extremadura,city
HH_2007,2 personas,Zarzaquemada,Hogar formado por pareja sin hijos,Hogar formado por pareja sin hijos,2,Madrid,city
HH_2008,2 personas,San Nicasio,Hogar formado por pareja sin hijos,Hogar formado por pareja sin hijos,2,,semidetached_house
HH_2009,2 personas,San Nicasio,Hogar con un solo progenitor que convive con algún hijo menor de 25 años,Hogar con un solo progenitor que convive con algún hijo menor de 25 años,2,Madrid,city
HH_2010,1 persona,Zarzaquemada,Hogar con una mujer sola menor de 65 años,Hogar con una mujer sola menor de 65 años,1,,residential
HH_2011,2 personas,Carrascal,Hogar formado por pareja sin hijos,Hogar formado por pareja sin hijos,2,,house
HH_2012,2 personas,San Nicasio,Otro tipo de hogar,Otro tipo de hogar,2,,house
HH_2013,1 persona,Carrascal,Hogar con una mujer sola de 65 años o más,Hogar con una mujer sola de 65 años o más,1,Madrid,city
HH_2014,4 personas,Sur,Otro tipo de hogar,Otro tipo de hogar,4,,apartments
HH_2015,1 persona,Zarzaquemada,Hogar con un hombre solo menor de 65 años,Hogar con un hombre solo menor de 65 años,1,,residential
HH_2016,5 o mas personas,Sur,Hogar formado por pareja o un solo progenitor que convive con algún hijo menor de 25 años y otra(s) persona(s),Hogar formado por pareja o un solo progenitor que convive con algún hijo menor de 25 años y otra(s) persona(s),5,,yes
HH_2017,4 personas,Zarzaquemada,Hogar formado por pareja con hijos en donde algún hijo es menor de 25 años,Hogar formado por pareja con hijos en donde algún hijo es menor de 25 años,4,,apartments
HH_2018,1 persona,Carrascal,Hogar con una mujer sola menor de 65 años,Hogar con una mujer sola menor de 65 años,1,Fuenlabrada,city
HH_2019,3 personas,Sur,Otro tipo de hogar,Otro tipo de hogar,3,,yes
HH_2020,1 persona,Fortuna,Hogar con un hombre solo de 65 años o más,Hogar con un hombre solo de 65 años o más,1,Madrid,city
HH_2021,3 personas,Zarzaquemada,Hogar formado por pareja con hijos en donde todos los hijos de 25 años o más,Hogar formado por pareja con hijos en donde todos los hijos de 25 años o más,3,,apartments
HH_2022,3 personas,Zarzaquemada,Otro tipo de hogar,Otro tipo de hogar,3,,apartments
HH_2023,5 o mas personas,Norte,Hogar formado por pareja o un solo progenitor que convive con algún hijo menor de 25 años y otra(s) persona(s),Hogar formado por pareja o un solo progenitor que convive con algún hijo menor de 25 años y otra(s) persona(s),5,,apartments
HH_2024,1 persona,Polvoranca,Hogar con una mujer sola de 65 años o más,Hogar con una mujer sola de 65 años o más,1,,house
HH_2025,2 personas,Carrascal,Hogar formado por pareja sin hijos,Hogar formado por pareja sin hijos,2,,yes
HH_2026,3 personas,Carrascal,Hogar formado por pareja o un solo progenitor que convive con algún hijo menor de 25 años y otra(s) persona(s),Hogar formado por pareja o un solo progenitor que convive con algún hijo menor de 25 años y otra(s) persona(s),3,,apartments
HH_2027,1 persona,Fortuna,Hogar con una mujer sola menor de 65 años,Hogar con una mujer sola menor de 65 años,1,,yes
HH_2028,2 personas,Zarzaquemada,Hogar formado por pareja sin hijos,Hogar formado por pareja sin hijos,2,,residential
HH_2029,2 personas,Carrascal,Hogar formado por pareja sin hijos,Hogar formado por pareja sin hijos,2,,semidetached_house
HH_2030,3 personas,Norte,Otro tipo de hogar,Otro tipo de hogar,3,,yes
HH_2031,5 o mas personas,Zarzaquemada,Hogar formado por pareja o un solo progenitor que convive con algún hijo menor de 25 años y otra(s) persona(s),Hogar formado por pareja o un solo progenitor que convive con algún hijo menor de 25 años y otra(s) persona(s),5,,apartments
HH_2032,4 personas,San Nicasio,Hogar formado por pareja con hijos en donde algún hijo es menor de 25 años,Hogar formado por pareja con hijos en donde algún hijo es menor de 25 años,4,,apartments
HH_2033,1 persona,Carrascal,Hogar con una mujer sola menor de 65 años,Hogar con una mujer sola menor de 65 años,1,,apartments
HH_2034,2 personas,Sur,Hogar formado por pareja sin hijos,Hogar formado por pareja sin hijos,2,,yes
HH_2035,3 personas,Polvoranca,Hogar con un solo progenitor que convive con algún hijo menor de 25 años,Hogar con un solo progenitor que convive con algún hijo menor de 25 años,3,Madrid,city
HH_2036,1 persona,Sur,Hogar con una mujer sola de 65 años o más,Hogar con una mujer sola de 65 años o más,1,Fuenlabrada,city
HH_2037,4 personas,Sur,Hogar formado por pareja con hijos en donde algún hijo es menor de 25 años,Hogar formado por pareja con hijos en donde algún hijo es menor de 25 años,4,,yes
HH_2038,1 persona,Sur,Hogar con un hombre solo menor de 65 años,Hogar con un hombre solo menor de 65 años,1,,yes
HH_2039,4 personas,Sur,Hogar formado por pareja con hijos en donde algún hijo es menor de 25 años,Hogar formado por pareja con hijos en donde algún hijo es menor de 25 años,4,Opel Seliauto,yes
HH_2040,3 personas,Zarzaquemada,Otro tipo de hogar,Otro tipo de hogar,3,,residential
HH_2041,1 persona,San Nicasio,Hogar con un hombre solo menor de 65 años,Hogar con un hombre solo menor de 65 años,1,Fuenlabrada,city
HH_2042,4 personas,Sur,Hogar formado por pareja con hijos en donde algún hijo es menor de 25 años,Hogar formado por pareja con hijos en donde algún hijo es menor de 25 años,4,,house
HH_2043,2 personas,San Nicasio,Hogar formado por pareja sin hijos,Hogar formado por pareja sin hijos,2,,semidetached_house
HH_2044,3 personas,Polvoranca,Hogar formado por pareja con hijos en donde todos los hijos de 25 años o más,Hogar formado por pareja con hijos en donde todos los hijos de 25 años o más,3,,yes
HH_2045,2 personas,Polvoranca,Hogar formado por pareja sin hijos,Hogar formado por pareja sin hijos,2,,semidetached_house
HH_2046,2 personas,Zarzaquemada,Hogar formado por pareja sin hijos,Hogar formado por pareja sin hijos,2,Madrid,city
HH_2047,4 personas,Carrascal,Hogar formado por pareja o un solo progenitor que convive con algún hijo menor de 25 años y otra(s) persona(s),Hogar formado por pareja o un solo progenitor que convive con algún hijo menor de 25 años y otra(s) persona(s),4,,semidetached_house
HH_2048,4 personas,Carrascal,Hogar formado por pareja con hijos en donde algún hijo es menor de 25 años,Hogar formado por pareja con hijos en donde algún hijo es menor de 25 años,4,,semidetached_house
HH_2049,2 personas,San Nicasio,Hogar formado por pareja sin hijos,Hogar formado por pareja sin hijos,2,,apartments
HH_2050,5 o mas personas,Zarzaquemada,Hogar formado por pareja con hijos en donde algún hijo es menor de 25 años,Hogar formado por pareja con hijos en donde algún hijo es menor de 25 años,5,Mostoles,city
HH_2051,1 persona,Fortuna,Hogar con una mujer sola de 65 años o más,Hogar con una mujer sola de 65 años o más,1,,yes
HH_2052,3 personas,Zarzaquemada,Hogar formado por pareja con hijos en donde algún hijo es menor de 25 años,Hogar formado por pareja con hijos en donde algún hijo es menor de 25 años,3,,residential
HH_2053,2 personas,Sur,Hogar con un solo progenitor que convive con todos sus hijos de 25 años o más,Hogar con un solo progenitor que convive con todos sus hijos de 25 años o más,2,,yes
HH_2054,5 o mas personas,Zarzaquemada,Hogar formado por pareja con hijos en donde algún hijo es menor de 25 años,Hogar formado por pareja con hijos en donde algún hijo es menor de 25 años,5,Madrid,city
HH_2055,2 personas,Norte,Hogar formado por pareja sin hijos,Hogar formado por pareja sin hijos,2,,apartments
HH_2056,3 personas,Zarzaquemada,Hogar formado por pareja con hijos en donde algún hijo es menor de 25 años,Hogar formado por pareja con hijos en donde algún hijo es menor de 25 años,3,,apartments
HH_2057,4 personas,Sur,Hogar formado por pareja o un solo progenitor que convive con algún hijo menor de 25 años y otra(s) persona(s),Hogar formado por pareja o un solo progenitor que convive con algún hijo menor de 25 años y otra(s) persona(s),4,Madrid,city
HH_2058,2 personas,Zarzaquemada,Hogar formado por pareja sin hijos,Hogar formado por pareja sin hijos,2,,residential
HH_2059,1 persona,Fortuna,Hogar con un hombre solo menor de 65 años,Hogar con un hombre solo menor de 65 años,1,,yes
HH_2060,1 persona,Sur,Hogar con una mujer sola de 65 años o más,Hogar con una mujer sola de 65 años o más,1,,house
HH_2061,1 persona,Zarzaquemada,Hogar con un hombre solo menor de 65 años,Hogar con un hombre solo menor de 65 años,1,Madrid,city
HH_2062,4 personas,Sur,Hogar formado por pareja con hijos en donde algún hijo es menor de 25 años,Hogar formado por pareja con hijos en donde algún hijo es menor de 25 años,4,Madrid,city
HH_2063,1 persona,Sur,Hogar con una mujer sola de 65 años o más,Hogar con una mujer sola de 65 años o más,1,Volkswagen Ardasa 2000,yes
HH_2064,3 personas,Fortuna,Hogar formado por pareja con hijos en donde algún hijo es menor de 25 años,Hogar formado por pareja con hijos en donde algún hijo es menor de 25 años,3,,yes
HH_2065,3 personas,Carrascal,Hogar formado por pareja con hijos en donde todos los hijos de 25 años o más,Hogar formado por pareja con hijos en donde todos los hijos de 25 años o más,3,,yes
HH_2066,3 personas,Zarzaquemada,Hogar con un solo progenitor que convive con algún hijo menor de 25 años,Hogar con un solo progenitor que convive con algún hijo menor de 25 años,3,,yes
HH_2067,3 personas,Zarzaquemada,Otro tipo de hogar,Otro tipo de hogar,3,Madrid,city
HH_2068,4 personas,San Nicasio,Hogar formado por pareja con hijos en donde algún hijo es menor de 25 años,Hogar formado por pareja con hijos en donde algún hijo es menor de 25 años,4,,yes
HH_2069,2 personas,Norte,Hogar formado por pareja sin hijos,Hogar formado por pareja sin hijos,2,Fuenlabrada,city
HH_2070,3 personas,Carrascal,Otro tipo de hogar,Otro tipo de hogar,3,Madrid,city
HH_2071,2 personas,San Nicasio,Hogar con un solo progenitor que convive con todos sus hijos de 25 años o más,Hogar con un solo progenitor que convive con todos sus hijos de 25 años o más,2,Fuenlabrada,city
HH_2072,3 personas,Zarzaquemada,Hogar formado por pareja con hijos en donde algún hijo es menor de 25 años,Hogar formado por pareja con hijos en donde algún hijo es menor de 25 años,3,Alcorcon,city
HH_2073,2 personas,Zarzaquemada,Hogar formado por pareja sin hijos,Hogar formado por pareja sin hijos,2,,residential
HH_2074,3 personas,Polvoranca,Hogar formado por pareja con hijos en donde todos los hijos de 25 años o más,Hogar formado por pareja con hijos en donde todos los hijos de 25 años o más,3,,semidetached_house
HH_2075,2 personas,Zarzaquemada,Hogar con un solo progenitor que convive con algún hijo menor de 25 años,Hogar con un solo progenitor que convive con algún hijo menor de 25 años,2,Madrid,city
HH_2076,5 o mas personas,Carrascal,Hogar formado por pareja con hijos en donde algún hijo es menor de 25 años,Hogar formado por pareja con hijos en donde algún hijo es menor de 25 años,5,,apartments
HH_2077,4 personas,San Nicasio,Hogar formado por pareja con hijos en donde algún hijo es menor de 25 años,Hogar formado por pareja con hijos en donde algún hijo es menor de 25 años,4,Mostoles,city
HH_2078,1 persona,Zarzaquemada,Hogar con un hombre solo de 65 años o más,Hogar con un hombre solo de 65 años o más,1,,residential
HH_2079,4 personas,Norte,Hogar formado por pareja con hijos en donde algún hijo es menor de 25 años,Hogar formado por pareja con hijos en donde algún hijo es menor de 25 años,4,,yes
HH_2080,2 personas,Zarzaquemada,Hogar con un solo progenitor que convive con algún hijo menor de 25 años,Hogar con un solo progenitor que convive con algún hijo menor de 25 años,2,,apartments
HH_2081,4 personas,Norte,Hogar formado por pareja con hijos en donde algún hijo es menor de 25 años,Hogar formado por pareja con hijos en donde algún hijo es menor de 25 años,4,,yes
HH_2082,2 personas,Carrascal,Hogar formado por pareja sin hijos,Hogar formado por pareja sin hijos,2,Fuenlabrada,city
HH_2083,1 persona,San Nicasio,Hogar con una mujer sola de 65 años o más,Hogar con una mujer sola de 65 años o más,1,,house
HH_2084,2 personas,Polvoranca,Hogar formado por pareja sin hijos,Hogar formado por pareja sin hijos,2,,house
HH_2085,4 personas,San Nicasio,Otro tipo de hogar,Otro tipo de hogar,4,,yes
HH_2086,1 persona,Zarzaquemada,Hogar con una mujer sola menor de 65 años,Hogar con una mujer sola menor de 65 años,1,,apartments
HH_2087,1 persona,Carrascal,Hogar con un hombre solo menor de 65 años,Hogar con un hombre solo menor de 65 años,1,Madrid,city
HH_2088,2 personas,Norte,Hogar formado por pareja sin hijos,Hogar formado por pareja sin hijos,2,Madrid,city
HH_2089,4 personas,San Nicasio,Hogar formado por pareja con hijos en donde algún hijo es menor de 25 años,Hogar formado por pareja con hijos en donde algún hijo es menor de 25 años,4,Mostoles,city
HH_2090,1 persona,Fortuna,Hogar con un hombre solo menor de 65 años,Hogar con un hombre solo menor de 65 años,1,Madrid,city
HH_2091,3 personas,Polvoranca,Hogar formado por pareja con hijos en donde algún hijo es menor de 25 años,Hogar formado por pareja con hijos en donde algún hijo es menor de 25 años,3,,house
HH_2092,3 personas,Zarzaquemada,Hogar formado por pareja con hijos en donde algún hijo es menor de 25 años,Hogar formado por pareja con hijos en donde algún hijo es menor de 25 años,3,,residential
HH_2093,2 personas,Carrascal,Hogar con un solo progenitor que convive con todos sus hijos de 25 años o más,Hogar con un solo progenitor que convive con todos sus hijos de 25 años o más,2,,semidetached_house
HH_2094,4 personas,Fortuna,Hogar formado por pareja con hijos en donde algún hijo es menor de 25 años,Hogar formado por pareja con hijos en donde algún hijo es menor de 25 años,4,Madrid,city
HH_2095,3 personas,Norte,Hogar formado por pareja con hijos en donde algún hijo es menor de 25 años,Hogar formado por pareja con hijos en donde algún hijo es menor de 25 años,3,,yes
HH_2096,3 personas,San Nicasio,Hogar formado por pareja con hijos en donde todos los hijos de 25 años o más,Hogar formado por pareja con hijos en donde todos los hijos de 25 años o más,3,Alcorcon,city
HH_2097,2 personas,Zarzaquemada,Hogar formado por pareja sin hijos,Hogar formado por pareja sin hijos,2,Getafe norte,city
HH_2098,2 personas,Zarzaquemada,Hogar formado por pareja sin hijos,Hogar formado por pareja sin hijos,2,,apartments
HH_2099,2 personas,Fortuna,Hogar formado por pareja sin hijos,Hogar formado por pareja sin hijos,2,,yes
HH_2100,3 personas,Polvoranca,Hogar formado por pareja con hijos en donde todos los hijos de 25 años o más,Hogar formado por pareja con hijos en donde todos los hijos de 25 años o más,3,Mostoles,city
HH_2101,3 personas,Fortuna,Hogar formado por pareja con hijos en donde todos los hijos de 25 años o más,Hogar formado por pareja con hijos en donde todos los hijos de 25 años o más,3,,yes
HH_2102,2 personas,Fortuna,Hogar formado por pareja sin hijos,Hogar formado por pareja sin hijos,2,,yes
HH_2103,1 persona,Sur,Hogar con una mujer sola menor de 65 años,Hogar con una mujer sola menor de 65 años,1,,yes
HH_2104,2 personas,Sur,Hogar formado por pareja sin hijos,Hogar formado por pareja sin hijos,2,,yes
HH_2105,2 personas,San Nicasio,Hogar formado por pareja sin hijos,Hogar formado por pareja sin hijos,2,,semidetached_house
HH_2106,5 o mas personas,Carrascal,Hogar formado por pareja o un solo progenitor que convive con algún hijo menor de 25 años y otra(s) persona(s),Hogar formado por pareja o un solo progenitor que convive con algún hijo menor de 25 años y otra(s) persona(s),5,,apartments
HH_2107,1 persona,Carrascal,Hogar con un hombre solo de 65 años o más,Hogar con un hombre solo de 65 años o más,1,,yes
HH_2108,4 personas,Zarzaquemada,Hogar formado por pareja con hijos en donde algún hijo es menor de 25 años,Hogar formado por pareja con hijos en donde algún hijo es menor de 25 años,4,,apartments
HH_2109,2 personas,San Nicasio,Hogar formado por pareja sin hijos,Hogar formado por pareja sin hijos,2,Madrid,city
HH_2110,1 persona,Zarzaquemada,Hogar con un hombre solo de 65 años o más,Hogar con un hombre solo de 65 años o más,1,,apartments
HH_2111,2 personas,San Nicasio,Hogar con un solo progenitor que convive con algún hijo menor de 25 años,Hogar con un solo progenitor que convive con algún hijo menor de 25 años,2,,semidetached_house
HH_2112,3 personas,San Nicasio,Hogar formado por pareja con hijos en donde algún hijo es menor de 25 años,Hogar formado por pareja con hijos en donde algún hijo es menor de 25 años,3,,semidetached_house
HH_2113,3 personas,San Nicasio,Hogar formado por pareja con hijos en donde algún hijo es menor de 25 años,Hogar formado por pareja con hijos en donde algún hijo es menor de 25 años,3,,house
HH_2114,3 personas,San Nicasio,Hogar formado por pareja o un solo progenitor que convive con algún hijo menor de 25 años y otra(s) persona(s),Hogar formado por pareja o un solo progenitor que convive con algún hijo menor de 25 años y otra(s) persona(s),3,Madrid,city
HH_2115,2 personas,Zarzaquemada,Hogar formado por pareja sin hijos,Hogar formado por pareja sin hijos,2,Getafe norte,city
HH_2116,2 personas,Zarzaquemada,Otro tipo de hogar,Otro tipo de hogar,2,,yes
HH_2117,3 personas,Norte,Otro tipo de hogar,Otro tipo de hogar,3,,apartments
HH_2118,2 personas,Zarzaquemada,Hogar formado por pareja sin hijos,Hogar formado por pareja sin hijos,2,Getafe norte,city
HH_2119,3 personas,San Nicasio,Otro tipo de hogar,Otro tipo de hogar,3,,semidetached_house
HH_2120,4 personas,Zarzaquemada,Hogar formado por pareja con hijos en donde algún hijo es menor de 25 años,Hogar formado por pareja con hijos en donde algún hijo es menor de 25 años,4,,apartments
HH_2121,3 personas,Polvoranca,Hogar formado por pareja con hijos en donde algún hijo es menor de 25 años,Hogar formado por pareja con hijos en donde algún hijo es menor de 25 años,3,,semidetached_house
HH_2122,1 persona,Sur,Hogar con una mujer sola menor de 65 años,Hogar con una mujer sola menor de 65 años,1,,apartments
HH_2123,1 persona,Carrascal,Hogar con una mujer sola menor de 65 años,Hogar con una mujer sola menor de 65 años,1,,semidetached_house
HH_2124,3 personas,Polvoranca,Hogar con un solo progenitor que convive con algún hijo menor de 25 años,Hogar con un solo progenitor que convive con algún hijo menor de 25 años,3,,yes
HH_2125,2 personas,Carrascal,Hogar formado por pareja sin hijos,Hogar formado por pareja sin hijos,2,,detached
HH_2126,1 persona,San Nicasio,Hogar con una mujer sola menor de 65 años,Hogar con una mujer sola menor de 65 años,1,,house
HH_2127,3 personas,Carrascal,Hogar formado por pareja con hijos en donde algún hijo es menor de 25 años,Hogar formado por pareja con hijos en donde algún hijo es menor de 25 años,3,Madrid,city
HH_2128,2 personas,Sur,Hogar con un solo progenitor que convive con todos sus hijos de 25 años o más,Hogar con un solo progenitor que convive con todos sus hijos de 25 años o más,2,,apartments
HH_2129,1 persona,Carrascal,Hogar con un hombre solo menor de 65 años,Hogar con un hombre solo menor de 65 años,1,Mostoles,city
HH_2130,4 personas,Zarzaquemada,Hogar formado por pareja con hijos en donde algún hijo es menor de 25 años,Hogar formado por pareja con hijos en donde algún hijo es menor de 25 años,4,,residential
HH_2131,4 personas,Norte,Hogar formado por pareja con hijos en donde algún hijo es menor de 25 años,Hogar formado por pareja con hijos en donde algún hijo es menor de 25 años,4,,apartments
HH_2132,5 o mas personas,Norte,Hogar formado por pareja o un solo progenitor que convive con algún hijo menor de 25 años y otra(s) persona(s),Hogar formado por pareja o un solo progenitor que convive con algún hijo menor de 25 años y otra(s) persona(s),5,,yes
HH_2133,5 o mas personas,Zarzaquemada,Hogar formado por pareja o un solo progenitor que convive con algún hijo menor de 25 años y otra(s) persona(s),Hogar formado por pareja o un solo progenitor que convive con algún hijo menor de 25 años y otra(s) persona(s),5,,residential
HH_2134,4 personas,Carrascal,Hogar formado por pareja o un solo progenitor que convive con algún hijo menor de 25 años y otra(s) persona(s),Hogar formado por pareja o un solo progenitor que convive con algún hijo menor de 25 años y otra(s) persona(s),4,,semidetached_house
HH_2135,1 persona,Zarzaquemada,Hogar con una mujer sola de 65 años o más,Hogar con una mujer sola de 65 años o más,1,Mostoles,city
HH_2136,5 o mas personas,Zarzaquemada,Hogar formado por pareja con hijos en donde algún hijo es menor de 25 años,Hogar formado por pareja con hijos en donde algún hijo es menor de 25 años,5,,yes
HH_2137,3 personas,Norte,Hogar formado por pareja con hijos en donde todos los hijos de 25 años o más,Hogar formado por pareja con hijos en donde todos los hijos de 25 años o más,3,,apartments
HH_2138,1 persona,Zarzaquemada,Hogar con una mujer sola de 65 años o más,Hogar con una mujer sola de 65 años o más,1,Madrid,city
HH_2139,2 personas,San Nicasio,Hogar formado por pareja sin hijos,Hogar formado por pareja sin hijos,2,,semidetached_house
HH_2140,3 personas,Carrascal,Hogar formado por pareja con hijos en donde algún hijo es menor de 25 años,Hogar formado por pareja con hijos en donde algún hijo es menor de 25 años,3,Fuenlabrada,city
HH_2141,1 persona,San Nicasio,Hogar con una mujer sola de 65 años o más,Hogar con una mujer sola de 65 años o más,1,Madrid,city
HH_2142,1 persona,Fortuna,Hogar con un hombre solo menor de 65 años,Hogar con un hombre solo menor de 65 años,1,Madrid,city
HH_2143,1 persona,Carrascal,Hogar con una mujer sola de 65 años o más,Hogar con una mujer sola de 65 años o más,1,Fuenlabrada,city
HH_2144,2 personas,Zarzaquemada,Hogar formado por pareja sin hijos,Hogar formado por pareja sin hijos,2,,residential
HH_2145,2 personas,Zarzaquemada,Hogar formado por pareja sin hijos,Hogar formado por pareja sin hijos,2,Hotel de Asociaciones,yes
HH_2146,5 o mas personas,Norte,Hogar formado por pareja o un solo progenitor que convive con algún hijo menor de 25 años y otra(s) persona(s),Hogar formado por pareja o un solo progenitor que convive con algún hijo menor de 25 años y otra(s) persona(s),5,,yes
HH_2147,3 personas,Carrascal,Hogar formado por pareja con hijos en donde algún hijo es menor de 25 años,Hogar formado por pareja con hijos en donde algún hijo es menor de 25 años,3,,detached
HH_2148,4 personas,Zarzaquemada,Hogar formado por pareja con hijos en donde algún hijo es menor de 25 años,Hogar formado por pareja con hijos en donde algún hijo es menor de 25 años,4,,residential
HH_2149,3 personas,Fortuna,Hogar formado por pareja con hijos en donde algún hijo es menor de 25 años,Hogar formado por pareja con hijos en donde algún hijo es menor de 25 años,3,Madrid,city
HH_2150,3 personas,Carrascal,Hogar formado por pareja con hijos en donde algún hijo es menor de 25 años,Hogar formado por pareja con hijos en donde algún hijo es menor de 25 años,3,,yes
HH_2151,1 persona,Norte,Hogar con una mujer sola de 65 años o más,Hogar con una mujer sola de 65 años o más,1,Madrid,city
HH_2152,1 persona,Norte,Hogar con un hombre solo de 65 años o más,Hogar con un hombre solo de 65 años o más,1,,yes
HH_2153,5 o mas personas,Zarzaquemada,Hogar formado por pareja o un solo progenitor que convive con algún hijo menor de 25 años y otra(s) persona(s),Hogar formado por pareja o un solo progenitor que convive con algún hijo menor de 25 años y otra(s) persona(s),5,,apartments
HH_2154,4 personas,Zarzaquemada,Hogar formado por pareja con hijos en donde algún hijo es menor de 25 años,Hogar formado por pareja con hijos en donde algún hijo es menor de 25 años,4,Madrid,city
HH_2155,3 personas,Norte,Hogar con un solo progenitor que convive con algún hijo menor de 25 años,Hogar con un solo progenitor que convive con algún hijo menor de 25 años,3,,yes
HH_2156,4 personas,Zarzaquemada,Hogar formado por pareja o un solo progenitor que convive con algún hijo menor de 25 años y otra(s) persona(s),Hogar formado por pareja o un solo progenitor que convive con algún hijo menor de 25 años y otra(s) persona(s),4,,yes
HH_2157,2 personas,Zarzaquemada,Hogar formado por pareja sin hijos,Hogar formado por pareja sin hijos,2,,apartments
HH_2158,1 persona,Zarzaquemada,Hogar con un hombre solo menor de 65 años,Hogar con un hombre solo menor de 65 años,1,,apartments
HH_2159,1 persona,Zarzaquemada,Hogar con una mujer sola de 65 años o más,Hogar con una mujer sola de 65 años o más,1,,residential
HH_2160,1 persona,Zarzaquemada,Hogar con una mujer sola menor de 65 años,Hogar con una mujer sola menor de 65 años,1,Mostoles,city
HH_2161,1 persona,Fortuna,Hogar con un hombre solo de 65 años o más,Hogar con un hombre solo de 65 años o más,1,Mostoles,city
HH_2162,2 personas,Zarzaquemada,Hogar con un solo progenitor que convive con todos sus hijos de 25 años o más,Hogar con un solo progenitor que convive con todos sus hijos de 25 años o más,2,Madrid,city
HH_2163,2 personas,Polvoranca,Hogar formado por pareja sin hijos,Hogar formado por pareja sin hijos,2,Fuenlabrada,city
HH_2164,2 personas,Fortuna,Hogar formado por pareja sin hijos,Hogar formado por pareja sin hijos,2,,yes
HH_2165,4 personas,Carrascal,Hogar formado por pareja o un solo progenitor que convive con algún hijo menor de 25 años y otra(s) persona(s),Hogar formado por pareja o un solo progenitor que convive con algún hijo menor de 25 años y otra(s) persona(s),4,Fuenlabrada,city
HH_2166,4 personas,Carrascal,Hogar formado por pareja con hijos en donde algún hijo es menor de 25 años,Hogar formado por pareja con hijos en donde algún hijo es menor de 25 años,4,,apartments
HH_2167,4 personas,Zarzaquemada,Hogar formado por pareja con hijos en donde algún hijo es menor de 25 años,Hogar formado por pareja con hijos en donde algún hijo es menor de 25 años,4,Madrid,city
HH_2168,3 personas,Carrascal,Hogar formado por pareja con hijos en donde algún hijo es menor de 25 años,Hogar formado por pareja con hijos en donde algún hijo es menor de 25 años,3,Madrid,city
HH_2169,1 persona,San Nicasio,Hogar con un hombre solo de 65 años o más,Hogar con un hombre solo de 65 años o más,1,,house
HH_2170,1 persona,Zarzaquemada,Hogar con una mujer sola menor de 65 años,Hogar con una mujer sola menor de 65 años,1,,residential
HH_2171,1 persona,Carrascal,Hogar con una mujer sola menor de 65 años,Hogar con una mujer sola menor de 65 años,1,Getafe norte,city
HH_2172,1 persona,Zarzaquemada,Hogar con una mujer sola de 65 años o más,Hogar con una mujer sola de 65 años o más,1,,residential
HH_2173,2 personas,Norte,Hogar formado por pareja sin hijos,Hogar formado por pareja sin hijos,2,Getafe norte,city
HH_2174,1 persona,Zarzaquemada,Hogar con una mujer sola menor de 65 años,Hogar con una mujer sola menor de 65 años,1,Madrid,city
HH_2175,2 personas,Zarzaquemada,Hogar formado por pareja sin hijos,Hogar formado por pareja sin hijos,2,,residential
HH_2176,2 personas,San Nicasio,Hogar formado por pareja sin hijos,Hogar formado por pareja sin hijos,2,Alcorcon,city
HH_2177,2 personas,San Nicasio,Hogar con un solo progenitor que convive con algún hijo menor de 25 años,Hogar con un solo progenitor que convive con algún hijo menor de 25 años,2,,house
HH_2178,2 personas,Sur,Hogar formado por pareja sin hijos,Hogar formado por pareja sin hijos,2,Madrid,city
HH_2179,4 personas,Sur,Hogar formado por pareja o un solo progenitor que convive con algún hijo menor de 25 años y otra(s) persona(s),Hogar formado por pareja o un solo progenitor que convive con algún hijo menor de 25 años y otra(s) persona(s),4,,yes
HH_2180,2 personas,Polvoranca,Hogar formado por pareja sin hijos,Hogar formado por pareja sin hijos,2,Madrid,city
HH_2181,1 persona,San Nicasio,Hogar con una mujer sola de 65 años o más,Hogar con una mujer sola de 65 años o más,1,,yes
HH_2182,4 personas,Zarzaquemada,Hogar formado por pareja con hijos en donde algún hijo es menor de 25 años,Hogar formado por pareja con hijos en donde algún hijo es menor de 25 años,4,,apartments
HH_2183,1 persona,Sur,Hogar con una mujer sola menor de 65 años,Hogar con una mujer sola menor de 65 años,1,,yes
HH_2184,2 personas,Zarzaquemada,Hogar formado por pareja sin hijos,Hogar formado por pareja sin hijos,2,Getafe norte,city
HH_2185,5 o mas personas,San Nicasio,Hogar formado por pareja o un solo progenitor que convive con algún hijo menor de 25 años y otra(s) persona(s),Hogar formado por pareja o un solo progenitor que convive con algún hijo menor de 25 años y otra(s) persona(s),5,,house
HH_2186,2 personas,Zarzaquemada,Hogar con un solo progenitor que convive con todos sus hijos de 25 años o más,Hogar con un solo progenitor que convive con todos sus hijos de 25 años o más,2,Madrid,city
HH_2187,4 personas,Norte,Hogar formado por pareja con hijos en donde algún hijo es menor de 25 años,Hogar formado por pareja con hijos en donde algún hijo es menor de 25 años,4,,apartments
HH_2188,4 personas,Carrascal,Hogar formado por pareja con hijos en donde todos los hijos de 25 años o más,Hogar formado por pareja con hijos en donde todos los hijos de 25 años o más,4,Mostoles,city
HH_2189,1 persona,Sur,Hogar con un hombre solo menor de 65 años,Hogar con un hombre solo menor de 65 años,1,Fuenlabrada,city
HH_2190,2 personas,San Nicasio,Hogar formado por pareja sin hijos,Hogar formado por pareja sin hijos,2,,semidetached_house
HH_2191,2 personas,San Nicasio,Hogar con un solo progenitor que convive con todos sus hijos de 25 años o más,Hogar con un solo progenitor que convive con todos sus hijos de 25 años o más,2,Madrid,city
HH_2192,1 persona,Sur,Hogar con un hombre solo menor de 65 años,Hogar con un hombre solo menor de 65 años,1,Madrid,city
HH_2193,2 personas,Sur,Hogar formado por pareja sin hijos,Hogar formado por pareja sin hijos,2,,yes
HH_2194,3 personas,Fortuna,Otro tipo de hogar,Otro tipo de hogar,3,Madrid,city
HH_2195,1 persona,Sur,Hogar con una mujer sola menor de 65 años,Hogar con una mujer sola menor de 65 años,1,,yes
HH_2196,3 personas,Fortuna,Hogar formado por pareja con hijos en donde todos los hijos de 25 años o más,Hogar formado por pareja con hijos en donde todos los hijos de 25 años o más,3,,yes
HH_2197,4 personas,Carrascal,Hogar formado por pareja con hijos en donde algún hijo es menor de 25 años,Hogar formado por pareja con hijos en donde algún hijo es menor de 25 años,4,,semidetached_house
HH_2198,3 personas,Sur,Otro tipo de hogar,Otro tipo de hogar,3,,yes
HH_2199,4 personas,Polvoranca,Hogar formado por pareja con hijos en donde algún hijo es menor de 25 años,Hogar formado por pareja con hijos en donde algún hijo es menor de 25 años,4,Madrid,city
HH_2200,1 persona,Norte,Hogar con un hombre solo menor de 65 años,Hogar con un hombre solo menor de 65 años,1,,apartments
HH_2201,4 personas,Norte,Otro tipo de hogar,Otro tipo de hogar,4,Alcorcon,city
HH_2202,2 personas,Zarzaquemada,Hogar formado por pareja sin hijos,Hogar formado por pareja sin hijos,2,Fuenlabrada,city
HH_2203,4 personas,Polvoranca,Hogar formado por pareja con hijos en donde algún hijo es menor de 25 años,Hogar formado por pareja con hijos en donde algún hijo es menor de 25 años,4,,semidetached_house
HH_2204,1 persona,Zarzaquemada,Hogar con una mujer sola menor de 65 años,Hogar con una mujer sola menor de 65 años,1,Madrid,city
HH_2205,2 personas,Norte,Hogar con un solo progenitor que convive con todos sus hijos de 25 años o más,Hogar con un solo progenitor que convive con todos sus hijos de 25 años o más,2,Madrid,city
HH_2206,2 personas,Carrascal,Hogar con un solo progenitor que convive con todos sus hijos de 25 años o más,Hogar con un solo progenitor que convive con todos sus hijos de 25 años o más,2,,apartments
HH_2207,2 personas,Carrascal,Hogar formado por pareja sin hijos,Hogar formado por pareja sin hijos,2,,apartments
HH_2208,3 personas,San Nicasio,Hogar formado por pareja con hijos en donde algún hijo es menor de 25 años,Hogar formado por pareja con hijos en donde algún hijo es menor de 25 años,3,,yes
HH_2209,4 personas,San Nicasio,Hogar formado por pareja con hijos en donde algún hijo es menor de 25 años,Hogar formado por pareja con hijos en donde algún hijo es menor de 25 años,4,,semidetached_house
HH_2210,3 personas,Sur,Hogar con un solo progenitor que convive con algún hijo menor de 25 años,Hogar con un solo progenitor que convive con algún hijo menor de 25 años,3,,house
HH_2211,3 personas,Zarzaquemada,Hogar formado por pareja con hijos en donde todos los hijos de 25 años o más,Hogar formado por pareja con hijos en donde todos los hijos de 25 años o más,3,Alcorcon,city
HH_2212,2 personas,San Nicasio,Hogar formado por pareja sin hijos,Hogar formado por pareja sin hijos,2,,house
HH_2213,4 personas,Zarzaquemada,Hogar formado por pareja con hijos en donde algún hijo es menor de 25 años,Hogar formado por pareja con hijos en donde algún hijo es menor de 25 años,4,,apartments
HH_2214,3 personas,Fortuna,Otro tipo de hogar,Otro tipo de hogar,3,,yes
HH_2215,1 persona,Zarzaquemada,Hogar con un hombre solo de 65 años o más,Hogar con un hombre solo de 65 años o más,1,,apartments
HH_2216,2 personas,San Nicasio,Hogar formado por pareja sin hijos,Hogar formado por pareja sin hijos,2,,yes
HH_2217,2 personas,Zarzaquemada,Otro tipo de hogar,Otro tipo de hogar,2,,residential
HH_2218,2 personas,Zarzaquemada,Otro tipo de hogar,Otro tipo de hogar,2,,residential
HH_2219,1 persona,San Nicasio,Hogar con una mujer sola menor de 65 años,Hogar con una mujer sola menor de 65 años,1,Fuenlabrada,city
HH_2220,2 personas,San Nicasio,Otro tipo de hogar,Otro tipo de hogar,2,Fuenlabrada,city
HH_2221,3 personas,San Nicasio,Hogar formado por pareja con hijos en donde algún hijo es menor de 25 años,Hogar formado por pareja con hijos en donde algún hijo es menor de 25 años,3,,semidetached_house
HH_2222,4 personas,Zarzaquemada,Hogar formado por pareja con hijos en donde algún hijo es menor de 25 años,Hogar formado por pareja con hijos en donde algún hijo es menor de 25 años,4,,residential
HH_2223,2 personas,Zarzaquemada,Hogar formado por pareja sin hijos,Hogar formado por pareja sin hijos,2,,residential
HH_2224,1 persona,Carrascal,Hogar con una mujer sola de 65 años o más,Hogar con una mujer sola de 65 años o más,1,Madrid,city
HH_2225,2 personas,Zarzaquemada,Hogar formado por pareja sin hijos,Hogar formado por pareja sin hijos,2,Madrid,city
HH_2226,2 personas,Carrascal,Hogar formado por pareja sin hijos,Hogar formado por pareja sin hijos,2,,residential
HH_2227,3 personas,Sur,Hogar formado por pareja con hijos en donde todos los hijos de 25 años o más,Hogar formado por pareja con hijos en donde todos los hijos de 25 años o más,3,,yes
HH_2228,3 personas,Polvoranca,Hogar formado por pareja con hijos en donde todos los hijos de 25 años o más,Hogar formado por pareja con hijos en donde todos los hijos de 25 años o más,3,,house
HH_2229,3 personas,Zarzaquemada,Hogar formado por pareja con hijos en donde algún hijo es menor de 25 años,Hogar formado por pareja con hijos en donde algún hijo es menor de 25 años,3,,residential
HH_2230,2 personas,Sur,Hogar formado por pareja sin hijos,Hogar formado por pareja sin hijos,2,Mostoles,city
HH_2231,2 personas,Zarzaquemada,Hogar formado por pareja sin hijos,Hogar formado por pareja sin hijos,2,,apartments
HH_2232,3 personas,San Nicasio,Hogar formado por pareja con hijos en donde todos los hijos de 25 años o más,Hogar formado por pareja con hijos en donde todos los hijos de 25 años o más,3,,residential
HH_2233,1 persona,Norte,Hogar con una mujer sola de 65 años o más,Hogar con una mujer sola de 65 años o más,1,,apartments
HH_2234,1 persona,Norte,Hogar con una mujer sola de 65 años o más,Hogar con una mujer sola de 65 años o más,1,Madrid,city
HH_2235,4 personas,Carrascal,Hogar formado por pareja con hijos en donde algún hijo es menor de 25 años,Hogar formado por pareja con hijos en donde algún hijo es menor de 25 años,4,Madrid,city
HH_2236,3 personas,Carrascal,Hogar formado por pareja con hijos en donde algún hijo es menor de 25 años,Hogar formado por pareja con hijos en donde algún hijo es menor de 25 años,3,,yes
HH_2237,3 personas,Norte,Hogar formado por pareja con hijos en donde algún hijo es menor de 25 años,Hogar formado por pareja con hijos en donde algún hijo es menor de 25 años,3,Madrid,city
HH_2238,4 personas,Carrascal,Hogar formado por pareja o un solo progenitor que convive con algún hijo menor de 25 años y otra(s) persona(s),Hogar formado por pareja o un solo progenitor que convive con algún hijo menor de 25 años y otra(s) persona(s),4,Madrid,city
HH_2239,4 personas,Zarzaquemada,Hogar formado por pareja con hijos en donde algún hijo es menor de 25 años,Hogar formado por pareja con hijos en donde algún hijo es menor de 25 años,4,Tecnocasa,yes
HH_2240,5 o mas personas,Sur,Hogar formado por pareja con hijos en donde algún hijo es menor de 25 años,Hogar formado por pareja con hijos en donde algún hijo es menor de 25 años,5,,yes
HH_2241,4 personas,Zarzaquemada,Hogar formado por pareja con hijos en donde algún hijo es menor de 25 años,Hogar formado por pareja con hijos en donde algún hijo es menor de 25 años,4,,yes
HH_2242,3 personas,San Nicasio,Hogar formado por pareja con hijos en donde algún hijo es menor de 25 años,Hogar formado por pareja con hijos en donde algún hijo es menor de 25 años,3,Madrid,city
HH_2243,1 persona,Carrascal,Hogar con una mujer sola de 65 años o más,Hogar con una mujer sola de 65 años o más,1,,house
HH_2244,1 persona,Sur,Hogar con una mujer sola menor de 65 años,Hogar con una mujer sola menor de 65 años,1,,residential
HH_2245,2 personas,Carrascal,Hogar con un solo progenitor que convive con todos sus hijos de 25 años o más,Hogar con un solo progenitor que convive con todos sus hijos de 25 años o más,2,,yes
HH_2246,3 personas,Zarzaquemada,Hogar formado por pareja con hijos en donde algún hijo es menor de 25 años,Hogar formado por pareja con hijos en donde algún hijo es menor de 25 años,3,,yes
HH_2247,3 personas,Zarzaquemada,Hogar con un solo progenitor que convive con todos sus hijos de 25 años o más,Hogar con un solo progenitor que convive con todos sus hijos de 25 años o más,3,,residential
HH_2248,2 personas,Zarzaquemada,Otro tipo de hogar,Otro tipo de hogar,2,,apartments
HH_2249,4 personas,Norte,Hogar formado por pareja con hijos en donde algún hijo es menor de 25 años,Hogar formado por pareja con hijos en donde algún hijo es menor de 25 años,4,,apartments
HH_2250,2 personas,Polvoranca,Hogar formado por pareja sin hijos,Hogar formado por pareja sin hijos,2,,house
HH_2251,2 personas,Zarzaquemada,Otro tipo de hogar,Otro tipo de hogar,2,Madrid,city
HH_2252,4 personas,Zarzaquemada,Hogar formado por pareja con hijos en donde todos los hijos de 25 años o más,Hogar formado por pareja con hijos en donde todos los hijos de 25 años o más,4,Madrid,city
HH_2253,5 o mas personas,Norte,Hogar formado por pareja con hijos en donde algún hijo es menor de 25 años,Hogar formado por pareja con hijos en donde algún hijo es menor de 25 años,5,,apartments
HH_2254,2 personas,Zarzaquemada,Hogar formado por pareja sin hijos,Hogar formado por pareja sin hijos,2,,apartments
HH_2255,1 persona,Zarzaquemada,Hogar con una mujer sola de 65 años o más,Hogar con una mujer sola de 65 años o más,1,,yes
HH_2256,3 personas,San Nicasio,Hogar formado por pareja con hijos en donde algún hijo es menor de 25 años,Hogar formado por pareja con hijos en donde algún hijo es menor de 25 años,3,,house
HH_2257,3 personas,Zarzaquemada,Hogar formado por pareja con hijos en donde algún hijo es menor de 25 años,Hogar formado por pareja con hijos en donde algún hijo es menor de 25 años,3,,apartments
HH_2258,4 personas,Sur,Hogar formado por pareja con hijos en donde algún hijo es menor de 25 años,Hogar formado por pareja con hijos en donde algún hijo es menor de 25 años,4,,apartments
HH_2259,4 personas,San Nicasio,Otro tipo de hogar,Otro tipo de hogar,4,,house
HH_2260,1 persona,Polvoranca,Hogar con un hombre solo de 65 años o más,Hogar con un hombre solo de 65 años o más,1,,house
HH_2261,1 persona,Sur,Hogar con una mujer sola de 65 años o más,Hogar con una mujer sola de 65 años o más,1,Fuenlabrada,city
HH_2262,3 personas,Norte,Hogar formado por pareja con hijos en donde todos los hijos de 25 años o más,Hogar formado por pareja con hijos en donde todos los hijos de 25 años o más,3,,yes
HH_2263,3 personas,Carrascal,Hogar formado por pareja con hijos en donde algún hijo es menor de 25 años,Hogar formado por pareja con hijos en donde algún hijo es menor de 25 años,3,,residential
HH_2264,4 personas,Fortuna,Hogar formado por pareja con hijos en donde algún hijo es menor de 25 años,Hogar formado por pareja con hijos en donde algún hijo es menor de 25 años,4,,semidetached_house
HH_2265,4 personas,Zarzaquemada,Hogar formado por pareja con hijos en donde algún hijo es menor de 25 años,Hogar formado por pareja con hijos en donde algún hijo es menor de 25 años,4,,residential
HH_2266,1 persona,San Nicasio,Hogar con un hombre solo menor de 65 años,Hogar con un hombre solo menor de 65 años,1,,house
HH_2267,4 personas,Carrascal,Hogar formado por pareja con hijos en donde todos los hijos de 25 años o más,Hogar formado por pareja con hijos en donde todos los hijos de 25 años o más,4,,yes
HH_2268,4 personas,Carrascal,Hogar formado por pareja con hijos en donde algún hijo es menor de 25 años,Hogar formado por pareja con hijos en donde algún hijo es menor de 25 años,4,,residential
HH_2269,2 personas,Zarzaquemada,Hogar con un solo progenitor que convive con algún hijo menor de 25 años,Hogar con un solo progenitor que convive con algún hijo menor de 25 años,2,Madrid,city
HH_2270,1 persona,Carrascal,Hogar con un hombre solo de 65 años o más,Hogar con un hombre solo de 65 años o más,1,,apartments
HH_2271,1 persona,San Nicasio,Hogar con una mujer sola de 65 años o más,Hogar con una mujer sola de 65 años o más,1,,semidetached_house
HH_2272,3 personas,Norte,Hogar formado por pareja con hijos en donde todos los hijos de 25 años o más,Hogar formado por pareja con hijos en donde todos los hijos de 25 años o más,3,,yes
HH_2273,3 personas,Sur,Hogar formado por pareja con hijos en donde algún hijo es menor de 25 años,Hogar formado por pareja con hijos en donde algún hijo es menor de 25 años,3,,yes
HH_2274,3 personas,San Nicasio,Hogar con un solo progenitor que convive con algún hijo menor de 25 años,Hogar con un solo progenitor que convive con algún hijo menor de 25 años,3,Mostoles,city
HH_2275,4 personas,Polvoranca,Hogar formado por pareja con hijos en donde algún hijo es menor de 25 años,Hogar formado por pareja con hijos en donde algún hijo es menor de 25 años,4,Madrid,city
HH_2276,4 personas,Zarzaquemada,Hogar formado por pareja o un solo progenitor que convive con algún hijo menor de 25 años y otra(s) persona(s),Hogar formado por pareja o un solo progenitor que convive con algún hijo menor de 25 años y otra(s) persona(s),4,,residential
HH_2277,2 personas,San Nicasio,Hogar formado por pareja sin hijos,Hogar formado por pareja sin hijos,2,Fuenlabrada,city
HH_2278,1 persona,Norte,Hogar con una mujer sola de 65 años o más,Hogar con una mujer sola de 65 años o más,1,,apartments
HH_2279,4 personas,San Nicasio,Hogar formado por pareja con hijos en donde algún hijo es menor de 25 años,Hogar formado por pareja con hijos en donde algún hijo es menor de 25 años,4,Alcorcon,city
HH_2280,1 persona,Zarzaquemada,Hogar con un hombre solo menor de 65 años,Hogar con un hombre solo menor de 65 años,1,,residential
HH_2281,5 o mas personas,Zarzaquemada,Hogar formado por pareja con hijos en donde algún hijo es menor de 25 años,Hogar formado por pareja con hijos en donde algún hijo es menor de 25 años,5,Fuenlabrada,city
HH_2282,3 personas,Sur,Hogar formado por pareja con hijos en donde todos los hijos de 25 años o más,Hogar formado por pareja con hijos en donde todos los hijos de 25 años o más,3,,apartments
HH_2283,4 personas,Polvoranca,Hogar formado por pareja o un solo progenitor que convive con algún hijo menor de 25 años y otra(s) persona(s),Hogar formado por pareja o un solo progenitor que convive con algún hijo menor de 25 años y otra(s) persona(s),4,,semidetached_house
HH_2284,2 personas,Zarzaquemada,Hogar formado por pareja sin hijos,Hogar formado por pareja sin hijos,2,Madrid,city
HH_2285,2 personas,Carrascal,Hogar con un solo progenitor que convive con todos sus hijos de 25 años o más,Hogar con un solo progenitor que convive con todos sus hijos de 25 años o más,2,,yes
HH_2286,3 personas,Fortuna,Hogar formado por pareja con hijos en donde algún hijo es menor de 25 años,Hogar formado por pareja con hijos en donde algún hijo es menor de 25 años,3,,yes
HH_2287,2 personas,Zarzaquemada,Hogar formado por pareja sin hijos,Hogar formado por pareja sin hijos,2,,residential
HH_2288,1 persona,San Nicasio,Hogar con una mujer sola de 65 años o más,Hogar con una mujer sola de 65 años o más,1,,semidetached_house
HH_2289,3 personas,Zarzaquemada,Hogar formado por pareja con hijos en donde todos los hijos de 25 años o más,Hogar formado por pareja con hijos en donde todos los hijos de 25 años o más,3,Madrid,city
HH_2290,2 personas,Polvoranca,Hogar con un solo progenitor que convive con todos sus hijos de 25 años o más,Hogar con un solo progenitor que convive con todos sus hijos de 25 años o más,2,,yes
HH_2291,4 personas,Sur,Hogar formado por pareja con hijos en donde todos los hijos de 25 años o más,Hogar formado por pareja con hijos en donde todos los hijos de 25 años o más,4,,yes
HH_2292,4 personas,Zarzaquemada,Hogar formado por pareja con hijos en donde algún hijo es menor de 25 años,Hogar formado por pareja con hijos en donde algún hijo es menor de 25 años,4,,apartments
HH_2293,2 personas,Zarzaquemada,Hogar formado por pareja sin hijos,Hogar formado por pareja sin hijos,2,Madrid,city
HH_2294,2 personas,Polvoranca,Hogar con un solo progenitor que convive con todos sus hijos de 25 años o más,Hogar con un solo progenitor que convive con todos sus hijos de 25 años o más,2,Madrid,city
HH_2295,1 persona,Polvoranca,Hogar con una mujer sola menor de 65 años,Hogar con una mujer sola menor de 65 años,1,Madrid,city
HH_2296,1 persona,Norte,Hogar con una mujer sola menor de 65 años,Hogar con una mujer sola menor de 65 años,1,,apartments
HH_2297,3 personas,Carrascal,Hogar formado por pareja con hijos en donde todos los hijos de 25 años o más,Hogar formado por pareja con hijos en donde todos los hijos de 25 años o más,3,Alcorcon,city
HH_2298,2 personas,Norte,Hogar formado por pareja sin hijos,Hogar formado por pareja sin hijos,2,Madrid,city
HH_2299,2 personas,Zarzaquemada,Hogar formado por pareja sin hijos,Hogar formado por pareja sin hijos,2,,apartments
HH_2300,5 o mas personas,Fortuna,Hogar formado por pareja o un solo progenitor que convive con algún hijo menor de 25 años y otra(s) persona(s),Hogar formado por pareja o un solo progenitor que convive con algún hijo menor de 25 años y otra(s) persona(s),5,,semidetached_house
HH_2301,2 personas,Norte,Hogar formado por pareja sin hijos,Hogar formado por pareja sin hijos,2,,yes
HH_2302,2 personas,Zarzaquemada,Hogar con un solo progenitor que convive con todos sus hijos de 25 años o más,Hogar con un solo progenitor que convive con todos sus hijos de 25 años o más,2,,apartments
HH_2303,2 personas,Zarzaquemada,Hogar formado por pareja sin hijos,Hogar formado por pareja sin hijos,2,Fuenlabrada,city
HH_2304,1 persona,Fortuna,Hogar con un hombre solo menor de 65 años,Hogar con un hombre solo menor de 65 años,1,,yes
HH_2305,2 personas,Sur,Hogar formado por pareja sin hijos,Hogar formado por pareja sin hijos,2,,yes
HH_2306,4 personas,Carrascal,Hogar formado por pareja con hijos en donde algún hijo es menor de 25 años,Hogar formado por pareja con hijos en donde algún hijo es menor de 25 años,4,,apartments
HH_2307,1 persona,Carrascal,Hogar con una mujer sola menor de 65 años,Hogar con una mujer sola menor de 65 años,1,Fuenlabrada,city
HH_2308,5 o mas personas,Fortuna,Hogar formado por pareja con hijos en donde algún hijo es menor de 25 años,Hogar formado por pareja con hijos en donde algún hijo es menor de 25 años,5,,yes
HH_2309,2 personas,San Nicasio,Hogar con un solo progenitor que convive con todos sus hijos de 25 años o más,Hogar con un solo progenitor que convive con todos sus hijos de 25 años o más,2,,residential
HH_2310,4 personas,Sur,Hogar formado por pareja con hijos en donde algún hijo es menor de 25 años,Hogar formado por pareja con hijos en donde algún hijo es menor de 25 años,4,,apartments
HH_2311,5 o mas personas,Sur,Hogar formado por pareja con hijos en donde algún hijo es menor de 25 años,Hogar formado por pareja con hijos en donde algún hijo es menor de 25 años,5,,yes
HH_2312,2 personas,San Nicasio,Hogar con un solo progenitor que convive con algún hijo menor de 25 años,Hogar con un solo progenitor que convive con algún hijo menor de 25 años,2,,terrace
HH_2313,4 personas,Fortuna,Hogar formado por pareja con hijos en donde algún hijo es menor de 25 años,Hogar formado por pareja con hijos en donde algún hijo es menor de 25 años,4,Madrid,city
HH_2314,3 personas,Carrascal,Hogar formado por pareja con hijos en donde algún hijo es menor de 25 años,Hogar formado por pareja con hijos en donde algún hijo es menor de 25 años,3,,yes
HH_2315,1 persona,Sur,Hogar con una mujer sola menor de 65 años,Hogar con una mujer sola menor de 65 años,1,,yes
HH_2316,4 personas,Sur,Hogar formado por pareja con hijos en donde algún hijo es menor de 25 años,Hogar formado por pareja con hijos en donde algún hijo es menor de 25 años,4,Fuenlabrada,city
HH_2317,3 personas,Sur,Hogar formado por pareja con hijos en donde algún hijo es menor de 25 años,Hogar formado por pareja con hijos en donde algún hijo es menor de 25 años,3,Fuenlabrada,city
HH_2318,3 personas,San Nicasio,Hogar formado por pareja con hijos en donde algún hijo es menor de 25 años,Hogar formado por pareja con hijos en donde algún hijo es menor de 25 años,3,,semidetached_house
HH_2319,1 persona,Sur,Hogar con un hombre solo menor de 65 años,Hogar con un hombre solo menor de 65 años,1,,yes
HH_2320,1 persona,Fortuna,Hogar con un hombre solo de 65 años o más,Hogar con un hombre solo de 65 años o más,1,,yes
HH_2321,1 persona,Sur,Hogar con una mujer sola de 65 años o más,Hogar con una mujer sola de 65 años o más,1,,yes
HH_2322,1 persona,Polvoranca,Hogar con un hombre solo menor de 65 años,Hogar con un hombre solo menor de 65 años,1,,semidetached_house
HH_2323,2 personas,Carrascal,Hogar formado por pareja sin hijos,Hogar formado por pareja sin hijos,2,,semidetached_house
HH_2324,1 persona,San Nicasio,Hogar con un hombre solo menor de 65 años,Hogar con un hombre solo menor de 65 años,1,,semidetached_house
HH_2325,2 personas,Polvoranca,Hogar formado por pareja sin hijos,Hogar formado por pareja sin hijos,2,,house
HH_2326,4 personas,Carrascal,Hogar formado por pareja con hijos en donde algún hijo es menor de 25 años,Hogar formado por pareja con hijos en donde algún hijo es menor de 25 años,4,Madrid,city
HH_2327,3 personas,Sur,Hogar formado por pareja con hijos en donde todos los hijos de 25 años o más,Hogar formado por pareja con hijos en donde todos los hijos de 25 años o más,3,,apartments
HH_2328,1 persona,Sur,Hogar con un hombre solo menor de 65 años,Hogar con un hombre solo menor de 65 años,1,,yes
HH_2329,3 personas,Zarzaquemada,Hogar formado por pareja o un solo progenitor que convive con algún hijo menor de 25 años y otra(s) persona(s),Hogar formado por pareja o un solo progenitor que convive con algún hijo menor de 25 años y otra(s) persona(s),3,,residential
HH_2330,2 personas,Carrascal,Hogar formado por pareja sin hijos,Hogar formado por pareja sin hijos,2,,apartments
HH_2331,2 personas,San Nicasio,Hogar formado por pareja sin hijos,Hogar formado por pareja sin hijos,2,,yes
HH_2332,3 personas,Zarzaquemada,Hogar formado por pareja con hijos en donde algún hijo es menor de 25 años,Hogar formado por pareja con hijos en donde algún hijo es menor de 25 años,3,,yes
HH_2333,3 personas,Norte,Otro tipo de hogar,Otro tipo de hogar,3,,apartments
HH_2334,4 personas,Sur,Hogar formado por pareja con hijos en donde algún hijo es menor de 25 años,Hogar formado por pareja con hijos en donde algún hijo es menor de 25 años,4,Fuenlabrada,city
HH_2335,2 personas,San Nicasio,Hogar formado por pareja sin hijos,Hogar formado por pareja sin hijos,2,,semidetached_house
HH_2336,2 personas,Zarzaquemada,Hogar formado por pareja sin hijos,Hogar formado por pareja sin hijos,2,Derry Irish Tavern,yes
HH_2337,4 personas,Zarzaquemada,Hogar formado por pareja con hijos en donde algún hijo es menor de 25 años,Hogar formado por pareja con hijos en donde algún hijo es menor de 25 años,4,,apartments
HH_2338,4 personas,Norte,Hogar formado por pareja con hijos en donde algún hijo es menor de 25 años,Hogar formado por pareja con hijos en donde algún hijo es menor de 25 años,4,,yes
HH_2339,3 personas,Carrascal,Hogar formado por pareja con hijos en donde algún hijo es menor de 25 años,Hogar formado por pareja con hijos en donde algún hijo es menor de 25 años,3,Fuenlabrada,city
HH_2340,2 personas,Zarzaquemada,Hogar formado por pareja sin hijos,Hogar formado por pareja sin hijos,2,Madrid,city
HH_2341,1 persona,Zarzaquemada,Hogar con una mujer sola de 65 años o más,Hogar con una mujer sola de 65 años o más,1,,apartments
HH_2342,3 personas,Fortuna,Hogar formado por pareja con hijos en donde algún hijo es menor de 25 años,Hogar formado por pareja con hijos en donde algún hijo es menor de 25 años,3,,yes
HH_2343,2 personas,San Nicasio,Hogar formado por pareja sin hijos,Hogar formado por pareja sin hijos,2,,house
HH_2344,4 personas,Zarzaquemada,Hogar formado por pareja con hijos en donde algún hijo es menor de 25 años,Hogar formado por pareja con hijos en donde algún hijo es menor de 25 años,4,Madrid,city
HH_2345,1 persona,San Nicasio,Hogar con una mujer sola de 65 años o más,Hogar con una mujer sola de 65 años o más,1,Fuenlabrada,city
HH_2346,3 personas,San Nicasio,Hogar formado por pareja con hijos en donde todos los hijos de 25 años o más,Hogar formado por pareja con hijos en donde todos los hijos de 25 años o más,3,,yes
HH_2347,4 personas,Carrascal,Hogar formado por pareja con hijos en donde algún hijo es menor de 25 años,Hogar formado por pareja con hijos en donde algún hijo es menor de 25 años,4,Fuenlabrada,city
HH_2348,3 personas,Zarzaquemada,Hogar formado por pareja con hijos en donde algún hijo es menor de 25 años,Hogar formado por pareja con hijos en donde algún hijo es menor de 25 años,3,,residential
HH_2349,2 personas,Norte,Hogar con un solo progenitor que convive con algún hijo menor de 25 años,Hogar con un solo progenitor que convive con algún hijo menor de 25 años,2,Madrid,city
HH_2350,3 personas,Zarzaquemada,Hogar formado por pareja o un solo progenitor que convive con algún hijo menor de 25 años y otra(s) persona(s),Hogar formado por pareja o un solo progenitor que convive con algún hijo menor de 25 años y otra(s) persona(s),3,Madrid,city
HH_2351,4 personas,Zarzaquemada,Hogar formado por pareja con hijos en donde algún hijo es menor de 25 años,Hogar formado por pareja con hijos en donde algún hijo es menor de 25 años,4,Extremadura,city
HH_2352,4 personas,Zarzaquemada,Hogar formado por pareja con hijos en donde algún hijo es menor de 25 años,Hogar formado por pareja con hijos en donde algún hijo es menor de 25 años,4,Madrid,city
HH_2353,4 personas,Zarzaquemada,Hogar formado por pareja con hijos en donde algún hijo es menor de 25 años,Hogar formado por pareja con hijos en donde algún hijo es menor de 25 años,4,,apartments
HH_2354,1 persona,Sur,Hogar con una mujer sola de 65 años o más,Hogar con una mujer sola de 65 años o más,1,,yes
HH_2355,3 personas,Carrascal,Hogar formado por pareja o un solo progenitor que convive con algún hijo menor de 25 años y otra(s) persona(s),Hogar formado por pareja o un solo progenitor que convive con algún hijo menor de 25 años y otra(s) persona(s),3,,apartments
HH_2356,1 persona,Norte,Hogar con un hombre solo de 65 años o más,Hogar con un hombre solo de 65 años o más,1,,apartments
HH_2357,2 personas,San Nicasio,Hogar formado por pareja sin hijos,Hogar formado por pareja sin hijos,2,,semidetached_house
HH_2358,2 personas,San Nicasio,Hogar formado por pareja sin hijos,Hogar formado por pareja sin hijos,2,Madrid,city
HH_2359,1 persona,San Nicasio,Hogar con un hombre solo menor de 65 años,Hogar con un hombre solo menor de 65 años,1,Madrid,city
HH_2360,1 persona,Fortuna,Hogar con una mujer sola de 65 años o más,Hogar con una mujer sola de 65 años o más,1,,yes
HH_2361,4 personas,San Nicasio,Hogar formado por pareja con hijos en donde algún hijo es menor de 25 años,Hogar formado por pareja con hijos en donde algún hijo es menor de 25 años,4,,yes
HH_2362,4 personas,Carrascal,Hogar formado por pareja o un solo progenitor que convive con algún hijo menor de 25 años y otra(s) persona(s),Hogar formado por pareja o un solo progenitor que convive con algún hijo menor de 25 años y otra(s) persona(s),4,,yes
HH_2363,5 o mas personas,Polvoranca,Hogar formado por pareja o un solo progenitor que convive con algún hijo menor de 25 años y otra(s) persona(s),Hogar formado por pareja o un solo progenitor que convive con algún hijo menor de 25 años y otra(s) persona(s),5,Madrid,city
HH_2364,3 personas,Sur,Hogar formado por pareja con hijos en donde algún hijo es menor de 25 años,Hogar formado por pareja con hijos en donde algún hijo es menor de 25 años,3,Ayuntamiento de Leganés,yes
HH_2365,3 personas,Zarzaquemada,Hogar formado por pareja con hijos en donde algún hijo es menor de 25 años,Hogar formado por pareja con hijos en donde algún hijo es menor de 25 años,3,,apartments
HH_2366,1 persona,Polvoranca,Hogar con un hombre solo menor de 65 años,Hogar con un hombre solo menor de 65 años,1,Madrid,city
HH_2367,5 o mas personas,Carrascal,Hogar formado por pareja con hijos en donde algún hijo es menor de 25 años,Hogar formado por pareja con hijos en donde algún hijo es menor de 25 años,5,Madrid,city
HH_2368,2 personas,San Nicasio,Hogar formado por pareja sin hijos,Hogar formado por pareja sin hijos,2,,house
HH_2369,5 o mas personas,Sur,Hogar formado por pareja o un solo progenitor que convive con algún hijo menor de 25 años y otra(s) persona(s),Hogar formado por pareja o un solo progenitor que convive con algún hijo menor de 25 años y otra(s) persona(s),5,Fuenlabrada,city
HH_2370,4 personas,Norte,Hogar formado por pareja con hijos en donde algún hijo es menor de 25 años,Hogar formado por pareja con hijos en donde algún hijo es menor de 25 años,4,Delegación de Hacienda,yes
HH_2371,2 personas,Carrascal,Otro tipo de hogar,Otro tipo de hogar,2,,house
HH_2372,4 personas,Norte,Hogar formado por pareja con hijos en donde algún hijo es menor de 25 años,Hogar formado por pareja con hijos en donde algún hijo es menor de 25 años,4,,apartments
HH_2373,4 personas,San Nicasio,Hogar formado por pareja con hijos en donde algún hijo es menor de 25 años,Hogar formado por pareja con hijos en donde algún hijo es menor de 25 años,4,Madrid,city
HH_2374,3 personas,Norte,Hogar formado por pareja con hijos en donde todos los hijos de 25 años o más,Hogar formado por pareja con hijos en donde todos los hijos de 25 años o más,3,,yes
HH_2375,4 personas,Zarzaquemada,Hogar formado por pareja con hijos en donde algún hijo es menor de 25 años,Hogar formado por pareja con hijos en donde algún hijo es menor de 25 años,4,,residential
HH_2376,2 personas,Carrascal,Hogar formado por pareja sin hijos,Hogar formado por pareja sin hijos,2,,semidetached_house
HH_2377,3 personas,San Nicasio,Hogar formado por pareja con hijos en donde algún hijo es menor de 25 años,Hogar formado por pareja con hijos en donde algún hijo es menor de 25 años,3,Madrid,city
HH_2378,2 personas,Zarzaquemada,Hogar formado por pareja sin hijos,Hogar formado por pareja sin hijos,2,,residential
HH_2379,4 personas,San Nicasio,Hogar formado por pareja con hijos en donde algún hijo es menor de 25 años,Hogar formado por pareja con hijos en donde algún hijo es menor de 25 años,4,Getafe norte,city
HH_2380,1 persona,San Nicasio,Hogar con un hombre solo menor de 65 años,Hogar con un hombre solo menor de 65 años,1,Madrid,city
HH_2381,5 o mas personas,Zarzaquemada,Hogar formado por pareja o un solo progenitor que convive con algún hijo menor de 25 años y otra(s) persona(s),Hogar formado por pareja o un solo progenitor que convive con algún hijo menor de 25 años y otra(s) persona(s),5,,apartments
HH_2382,4 personas,Sur,Hogar formado por pareja con hijos en donde algún hijo es menor de 25 años,Hogar formado por pareja con hijos en donde algún hijo es menor de 25 años,4,Fuenlabrada,city
HH_2383,2 personas,Carrascal,Hogar con un solo progenitor que convive con todos sus hijos de 25 años o más,Hogar con un solo progenitor que convive con todos sus hijos de 25 años o más,2,,apartments
HH_2384,3 personas,Sur,Hogar formado por pareja con hijos en donde algún hijo es menor de 25 años,Hogar formado por pareja con hijos en donde algún hijo es menor de 25 años,3,,yes
HH_2385,4 personas,Sur,Otro tipo de hogar,Otro tipo de hogar,4,,yes
HH_2386,2 personas,Norte,Hogar con un solo progenitor que convive con algún hijo menor de 25 años,Hogar con un solo progenitor que convive con algún hijo menor de 25 años,2,,yes
HH_2387,1 persona,San Nicasio,Hogar con una mujer sola menor de 65 años,Hogar con una mujer sola menor de 65 años,1,,house
HH_2388,2 personas,Carrascal,Hogar formado por pareja sin hijos,Hogar formado por pareja sin hijos,2,,yes
HH_2389,4 personas,Carrascal,Hogar formado por pareja con hijos en donde algún hijo es menor de 25 años,Hogar formado por pareja con hijos en donde algún hijo es menor de 25 años,4,,semidetached_house
HH_2390,3 personas,Sur,Otro tipo de hogar,Otro tipo de hogar,3,,yes
HH_2391,4 personas,Zarzaquemada,Otro tipo de hogar,Otro tipo de hogar,4,Madrid,city
HH_2392,3 personas,San Nicasio,Hogar formado por pareja con hijos en donde todos los hijos de 25 años o más,Hogar formado por pareja con hijos en donde todos los hijos de 25 años o más,3,,yes
HH_2393,1 persona,Sur,Hogar con un hombre solo menor de 65 años,Hogar con un hombre solo menor de 65 años,1,Madrid,city
HH_2394,4 personas,Sur,Hogar formado por pareja con hijos en donde todos los hijos de 25 años o más,Hogar formado por pareja con hijos en donde todos los hijos de 25 años o más,4,,yes
HH_2395,3 personas,Sur,Hogar formado por pareja con hijos en donde algún hijo es menor de 25 años,Hogar formado por pareja con hijos en donde algún hijo es menor de 25 años,3,,residential
HH_2396,1 persona,Carrascal,Hogar con un hombre solo menor de 65 años,Hogar con un hombre solo menor de 65 años,1,,apartments
HH_2397,2 personas,Sur,Otro tipo de hogar,Otro tipo de hogar,2,,house
HH_2398,2 personas,Polvoranca,Hogar formado por pareja sin hijos,Hogar formado por pareja sin hijos,2,,terrace
HH_2399,4 personas,San Nicasio,Hogar formado por pareja con hijos en donde todos los hijos de 25 años o más,Hogar formado por pareja con hijos en donde todos los hijos de 25 años o más,4,,semidetached_house
HH_2400,2 personas,Norte,Hogar con un solo progenitor que convive con algún hijo menor de 25 años,Hogar con un solo progenitor que convive con algún hijo menor de 25 años,2,,yes
HH_2401,1 persona,San Nicasio,Hogar con un hombre solo menor de 65 años,Hogar con un hombre solo menor de 65 años,1,Madrid,city
HH_2402,2 personas,Fortuna,Hogar formado por pareja sin hijos,Hogar formado por pareja sin hijos,2,,yes
HH_2403,3 personas,Carrascal,Hogar formado por pareja con hijos en donde algún hijo es menor de 25 años,Hogar formado por pareja con hijos en donde algún hijo es menor de 25 años,3,Madrid,city
HH_2404,4 personas,Zarzaquemada,Hogar formado por pareja con hijos en donde todos los hijos de 25 años o más,Hogar formado por pareja con hijos en donde todos los hijos de 25 años o más,4,Fuenlabrada,city
HH_2405,3 personas,San Nicasio,Hogar formado por pareja con hijos en donde algún hijo es menor de 25 años,Hogar formado por pareja con hijos en donde algún hijo es menor de 25 años,3,,house
HH_2406,3 personas,Zarzaquemada,Hogar formado por pareja con hijos en donde algún hijo es menor de 25 años,Hogar formado por pareja con hijos en donde algún hijo es menor de 25 años,3,Hotel de Asociaciones,yes
HH_2407,1 persona,Polvoranca,Hogar con una mujer sola menor de 65 años,Hogar con una mujer sola menor de 65 años,1,,house
HH_2408,1 persona,Polvoranca,Hogar con una mujer sola menor de 65 años,Hogar con una mujer sola menor de 65 años,1,,semidetached_house
HH_2409,2 personas,Fortuna,Otro tipo de hogar,Otro tipo de hogar,2,Mostoles,city
HH_2410,5 o mas personas,Carrascal,Hogar formado por pareja o un solo progenitor que convive con algún hijo menor de 25 años y otra(s) persona(s),Hogar formado por pareja o un solo progenitor que convive con algún hijo menor de 25 años y otra(s) persona(s),5,,semidetached_house
HH_2411,2 personas,Carrascal,Hogar formado por pareja sin hijos,Hogar formado por pareja sin hijos,2,,house
HH_2412,4 personas,Fortuna,Hogar formado por pareja con hijos en donde algún hijo es menor de 25 años,Hogar formado por pareja con hijos en donde algún hijo es menor de 25 años,4,Madrid,city
HH_2413,1 persona,Fortuna,Hogar con un hombre solo de 65 años o más,Hogar con un hombre solo de 65 años o más,1,,yes
HH_2414,2 personas,Zarzaquemada,Otro tipo de hogar,Otro tipo de hogar,2,,apartments
HH_2415,5 o mas personas,San Nicasio,Hogar formado por pareja con hijos en donde algún hijo es menor de 25 años,Hogar formado por pareja con hijos en donde algún hijo es menor de 25 años,5,,house
HH_2416,4 personas,San Nicasio,Hogar formado por pareja con hijos en donde algún hijo es menor de 25 años,Hogar formado por pareja con hijos en donde algún hijo es menor de 25 años,4,,yes
HH_2417,3 personas,Polvoranca,Hogar formado por pareja con hijos en donde todos los hijos de 25 años o más,Hogar formado por pareja con hijos en donde todos los hijos de 25 años o más,3,,house
HH_2418,2 personas,Carrascal,Hogar formado por pareja sin hijos,Hogar formado por pareja sin hijos,2,,yes
HH_2419,1 persona,Zarzaquemada,Hogar con una mujer sola de 65 años o más,Hogar con una mujer sola de 65 años o más,1,,yes
HH_2420,4 personas,Zarzaquemada,Hogar formado por pareja o un solo progenitor que convive con algún hijo menor de 25 años y otra(s) persona(s),Hogar formado por pareja o un solo progenitor que convive con algún hijo menor de 25 años y otra(s) persona(s),4,,apartments
HH_2421,4 personas,Norte,Hogar formado por pareja con hijos en donde algún hijo es menor de 25 años,Hogar formado por pareja con hijos en donde algún hijo es menor de 25 años,4,Madrid,city
HH_2422,2 personas,Sur,Hogar formado por pareja sin hijos,Hogar formado por pareja sin hijos,2,Madrid,city
HH_2423,5 o mas personas,San Nicasio,Otro tipo de hogar,Otro tipo de hogar,5,,semidetached_house
HH_2424,1 persona,Fortuna,Hogar con un hombre solo de 65 años o más,Hogar con un hombre solo de 65 años o más,1,,yes
HH_2425,4 personas,Zarzaquemada,Hogar formado por pareja con hijos en donde algún hijo es menor de 25 años,Hogar formado por pareja con hijos en donde algún hijo es menor de 25 años,4,,residential
HH_2426,2 personas,Zarzaquemada,Hogar formado por pareja sin hijos,Hogar formado por pareja sin hijos,2,,apartments
HH_2427,3 personas,Zarzaquemada,Hogar formado por pareja con hijos en donde todos los hijos de 25 años o más,Hogar formado por pareja con hijos en donde todos los hijos de 25 años o más,3,,yes
HH_2428,4 personas,Zarzaquemada,Hogar formado por pareja con hijos en donde algún hijo es menor de 25 años,Hogar formado por pareja con hijos en donde algún hijo es menor de 25 años,4,,residential
HH_2429,3 personas,Polvoranca,Hogar formado por pareja con hijos en donde todos los hijos de 25 años o más,Hogar formado por pareja con hijos en donde todos los hijos de 25 años o más,3,,semidetached_house
HH_2430,2 personas,Sur,Otro tipo de hogar,Otro tipo de hogar,2,Madrid,city
HH_2431,5 o mas personas,San Nicasio,Hogar formado por pareja o un solo progenitor que convive con algún hijo menor de 25 años y otra(s) persona(s),Hogar formado por pareja o un solo progenitor que convive con algún hijo menor de 25 años y otra(s) persona(s),5,,semidetached_house
HH_2432,1 persona,Sur,Hogar con una mujer sola de 65 años o más,Hogar con una mujer sola de 65 años o más,1,,yes
HH_2433,2 personas,Zarzaquemada,Hogar con un solo progenitor que convive con todos sus hijos de 25 años o más,Hogar con un solo progenitor que convive con todos sus hijos de 25 años o más,2,Getafe norte,city
HH_2434,1 persona,Carrascal,Hogar con una mujer sola menor de 65 años,Hogar con una mujer sola menor de 65 años,1,,house
HH_2435,1 persona,Norte,Hogar con un hombre solo menor de 65 años,Hogar con un hombre solo menor de 65 años,1,,yes
HH_2436,3 personas,Sur,Hogar formado por pareja con hijos en donde algún hijo es menor de 25 años,Hogar formado por pareja con hijos en donde algún hijo es menor de 25 años,3,,yes
HH_2437,1 persona,Zarzaquemada,Hogar con un hombre solo de 65 años o más,Hogar con un hombre solo de 65 años o más,1,,residential
HH_2438,1 persona,Fortuna,Hogar con un hombre solo menor de 65 años,Hogar con un hombre solo menor de 65 años,1,,yes
HH_2439,1 persona,Norte,Hogar con una mujer sola de 65 años o más,Hogar con una mujer sola de 65 años o más,1,La Plaza Leganés,yes
HH_2440,2 personas,Zarzaquemada,Hogar formado por pareja sin hijos,Hogar formado por pareja sin hijos,2,,residential
HH_2441,2 personas,Zarzaquemada,Hogar con un solo progenitor que convive con todos sus hijos de 25 años o más,Hogar con un solo progenitor que convive con todos sus hijos de 25 años o más,2,Madrid,city
HH_2442,3 personas,Fortuna,Hogar formado por pareja con hijos en donde algún hijo es menor de 25 años,Hogar formado por pareja con hijos en donde algún hijo es menor de 25 años,3,,semidetached_house
HH_2443,3 personas,Carrascal,Hogar formado por pareja o un solo progenitor que convive con algún hijo menor de 25 años y otra(s) persona(s),Hogar formado por pareja o un solo progenitor que convive con algún hijo menor de 25 años y otra(s) persona(s),3,Madrid,city
HH_2444,4 personas,Sur,Hogar formado por pareja con hijos en donde algún hijo es menor de 25 años,Hogar formado por pareja con hijos en donde algún hijo es menor de 25 años,4,,apartments
HH_2445,3 personas,Polvoranca,Hogar formado por pareja o un solo progenitor que convive con algún hijo menor de 25 años y otra(s) persona(s),Hogar formado por pareja o un solo progenitor que convive con algún hijo menor de 25 años y otra(s) persona(s),3,,house
HH_2446,3 personas,Carrascal,Hogar con un solo progenitor que convive con algún hijo menor de 25 años,Hogar con un solo progenitor que convive con algún hijo menor de 25 años,3,,yes
HH_2447,4 personas,Zarzaquemada,Hogar formado por pareja con hijos en donde algún hijo es menor de 25 años,Hogar formado por pareja con hijos en donde algún hijo es menor de 25 años,4,,residential
HH_2448,1 persona,Zarzaquemada,Hogar con un hombre solo menor de 65 años,Hogar con un hombre solo menor de 65 años,1,,apartments
HH_2449,1 persona,Carrascal,Hogar con una mujer sola de 65 años o más,Hogar con una mujer sola de 65 años o más,1,,house
HH_2450,2 personas,Norte,Hogar con un solo progenitor que convive con todos sus hijos de 25 años o más,Hogar con un solo progenitor que convive con todos sus hijos de 25 años o más,2,Fuenlabrada,city
HH_2451,2 personas,Carrascal,Hogar formado por pareja sin hijos,Hogar formado por pareja sin hijos,2,,semidetached_house
HH_2452,2 personas,Sur,Hogar formado por pareja sin hijos,Hogar formado por pareja sin hijos,2,,yes
HH_2453,3 personas,Carrascal,Hogar formado por pareja con hijos en donde algún hijo es menor de 25 años,Hogar formado por pareja con hijos en donde algún hijo es menor de 25 años,3,Madrid,city
HH_2454,2 personas,Norte,Hogar con un solo progenitor que convive con todos sus hijos de 25 años o más,Hogar con un solo progenitor que convive con todos sus hijos de 25 años o más,2,,yes
HH_2455,4 personas,Fortuna,Hogar formado por pareja con hijos en donde todos los hijos de 25 años o más,Hogar formado por pareja con hijos en donde todos los hijos de 25 años o más,4,,terrace
HH_2456,2 personas,Sur,Hogar formado por pareja sin hijos,Hogar formado por pareja sin hijos,2,,yes
HH_2457,2 personas,Norte,Hogar con un solo progenitor que convive con todos sus hijos de 25 años o más,Hogar con un solo progenitor que convive con todos sus hijos de 25 años o más,2,,apartments
HH_2458,3 personas,Carrascal,Hogar formado por pareja con hijos en donde todos los hijos de 25 años o más,Hogar formado por pareja con hijos en donde todos los hijos de 25 años o más,3,,apartments
HH_2459,3 personas,Norte,Hogar formado por pareja con hijos en donde algún hijo es menor de 25 años,Hogar formado por pareja con hijos en donde algún hijo es menor de 25 años,3,,yes
HH_2460,2 personas,Carrascal,Hogar formado por pareja sin hijos,Hogar formado por pareja sin hijos,2,,apartments
HH_2461,3 personas,Carrascal,Hogar con un solo progenitor que convive con algún hijo menor de 25 años,Hogar con un solo progenitor que convive con algún hijo menor de 25 años,3,,yes
HH_2462,5 o mas personas,Fortuna,Hogar formado por pareja o un solo progenitor que convive con algún hijo menor de 25 años y otra(s) persona(s),Hogar formado por pareja o un solo progenitor que convive con algún hijo menor de 25 años y otra(s) persona(s),5,,yes
HH_2463,4 personas,San Nicasio,Hogar formado por pareja o un solo progenitor que convive con algún hijo menor de 25 años y otra(s) persona(s),Hogar formado por pareja o un solo progenitor que convive con algún hijo menor de 25 años y otra(s) persona(s),4,,yes
HH_2464,3 personas,San Nicasio,Hogar con un solo progenitor que convive con algún hijo menor de 25 años,Hogar con un solo progenitor que convive con algún hijo menor de 25 años,3,,semidetached_house
HH_2465,1 persona,Zarzaquemada,Hogar con un hombre solo menor de 65 años,Hogar con un hombre solo menor de 65 años,1,REPALAB,yes
HH_2466,1 persona,Zarzaquemada,Hogar con una mujer sola de 65 años o más,Hogar con una mujer sola de 65 años o más,1,,apartments
HH_2467,3 personas,Sur,Hogar formado por pareja con hijos en donde todos los hijos de 25 años o más,Hogar formado por pareja con hijos en donde todos los hijos de 25 años o más,3,,yes
HH_2468,4 personas,Fortuna,Hogar formado por pareja con hijos en donde algún hijo es menor de 25 años,Hogar formado por pareja con hijos en donde algún hijo es menor de 25 años,4,Getafe norte,city
HH_2469,3 personas,Norte,Hogar formado por pareja o un solo progenitor que convive con algún hijo menor de 25 años y otra(s) persona(s),Hogar formado por pareja o un solo progenitor que convive con algún hijo menor de 25 años y otra(s) persona(s),3,,yes
HH_2470,4 personas,Zarzaquemada,Hogar formado por pareja con hijos en donde algún hijo es menor de 25 años,Hogar formado por pareja con hijos en donde algún hijo es menor de 25 años,4,,apartments
HH_2471,5 o mas personas,Sur,Hogar formado por pareja o un solo progenitor que convive con algún hijo menor de 25 años y otra(s) persona(s),Hogar formado por pareja o un solo progenitor que convive con algún hijo menor de 25 años y otra(s) persona(s),5,,yes
HH_2472,2 personas,Norte,Hogar formado por pareja sin hijos,Hogar formado por pareja sin hijos,2,Mostoles,city
HH_2473,4 personas,Sur,Hogar formado por pareja con hijos en donde algún hijo es menor de 25 años,Hogar formado por pareja con hijos en donde algún hijo es menor de 25 años,4,Madrid,city
HH_2474,3 personas,San Nicasio,Hogar formado por pareja con hijos en donde algún hijo es menor de 25 años,Hogar formado por pareja con hijos en donde algún hijo es menor de 25 años,3,Mostoles,city
HH_2475,4 personas,Norte,Hogar formado por pareja con hijos en donde algún hijo es menor de 25 años,Hogar formado por pareja con hijos en donde algún hijo es menor de 25 años,4,Fuenlabrada,city
HH_2476,4 personas,Sur,Otro tipo de hogar,Otro tipo de hogar,4,,residential
HH_2477,3 personas,Sur,Hogar formado por pareja con hijos en donde todos los hijos de 25 años o más,Hogar formado por pareja con hijos en donde todos los hijos de 25 años o más,3,,apartments
HH_2478,5 o mas personas,San Nicasio,Hogar formado por pareja o un solo progenitor que convive con algún hijo menor de 25 años y otra(s) persona(s),Hogar formado por pareja o un solo progenitor que convive con algún hijo menor de 25 años y otra(s) persona(s),5,Mostoles,city
HH_2479,5 o mas personas,Zarzaquemada,Hogar formado por pareja con hijos en donde algún hijo es menor de 25 años,Hogar formado por pareja con hijos en donde algún hijo es menor de 25 años,5,Madrid,city
HH_2480,1 persona,Norte,Hogar con una mujer sola de 65 años o más,Hogar con una mujer sola de 65 años o más,1,,apartments
HH_2481,2 personas,Carrascal,Hogar con un solo progenitor que convive con algún hijo menor de 25 años,Hogar con un solo progenitor que convive con algún hijo menor de 25 años,2,,apartments
HH_2482,3 personas,Zarzaquemada,Hogar formado por pareja con hijos en donde algún hijo es menor de 25 años,Hogar formado por pareja con hijos en donde algún hijo es menor de 25 años,3,,apartments
HH_2483,3 personas,Fortuna,Otro tipo de hogar,Otro tipo de hogar,3,,yes
HH_2484,1 persona,Carrascal,Hogar con un hombre solo menor de 65 años,Hogar con un hombre solo menor de 65 años,1,,apartments
HH_2485,2 personas,Carrascal,Hogar formado por pareja sin hijos,Hogar formado por pareja sin hijos,2,,house
HH_2486,3 personas,San Nicasio,Hogar formado por pareja con hijos en donde todos los hijos de 25 años o más,Hogar formado por pareja con hijos en donde todos los hijos de 25 años o más,3,Alcorcon,city
HH_2487,4 personas,Fortuna,Hogar formado por pareja con hijos en donde algún hijo es menor de 25 años,Hogar formado por pareja con hijos en donde algún hijo es menor de 25 años,4,,yes
HH_2488,3 personas,Norte,Hogar formado por pareja o un solo progenitor que convive con algún hijo menor de 25 años y otra(s) persona(s),Hogar formado por pareja o un solo progenitor que convive con algún hijo menor de 25 años y otra(s) persona(s),3,Fuenlabrada,city
HH_2489,1 persona,Norte,Hogar con una mujer sola de 65 años o más,Hogar con una mujer sola de 65 años o más,1,,apartments
HH_2490,4 personas,Zarzaquemada,Hogar formado por pareja con hijos en donde todos los hijos de 25 años o más,Hogar formado por pareja con hijos en donde todos los hijos de 25 años o más,4,Getafe norte,city
HH_2491,2 personas,Carrascal,Hogar formado por pareja sin hijos,Hogar formado por pareja sin hijos,2,,detached
HH_2492,2 personas,Norte,Hogar formado por pareja sin hijos,Hogar formado por pareja sin hijos,2,,yes
HH_2493,2 personas,Fortuna,Hogar con un solo progenitor que convive con todos sus hijos de 25 años o más,Hogar con un solo progenitor que convive con todos sus hijos de 25 años o más,2,Madrid,city
HH_2494,2 personas,Zarzaquemada,Hogar formado por pareja sin hijos,Hogar formado por pareja sin hijos,2,Fuenlabrada,city
HH_2495,1 persona,Norte,Hogar con una mujer sola de 65 años o más,Hogar con una mujer sola de 65 años o más,1,,apartments
HH_2496,5 o mas personas,Carrascal,Hogar formado por pareja o un solo progenitor que convive con algún hijo menor de 25 años y otra(s) persona(s),Hogar formado por pareja o un solo progenitor que convive con algún hijo menor de 25 años y otra(s) persona(s),5,,apartments
HH_2497,3 personas,Norte,Hogar con un solo progenitor que convive con todos sus hijos de 25 años o más,Hogar con un solo progenitor que convive con todos sus hijos de 25 años o más,3,,apartments
HH_2498,4 personas,Polvoranca,Hogar formado por pareja con hijos en donde algún hijo es menor de 25 años,Hogar formado por pareja con hijos en donde algún hijo es menor de 25 años,4,,semidetached_house
HH_2499,2 personas,Carrascal,Hogar formado por pareja sin hijos,Hogar formado por pareja sin hijos,2,,yes
HH_2500,3 personas,San Nicasio,Hogar formado por pareja con hijos en donde algún hijo es menor de 25 años,Hogar formado por pareja con hijos en donde algún hijo es menor de 25 años,3,Madrid,city
HH_2501,1 persona,San Nicasio,Hogar con una mujer sola de 65 años o más,Hogar con una mujer sola de 65 años o más,1,,yes
HH_2502,4 personas,San Nicasio,Hogar formado por pareja con hijos en donde algún hijo es menor de 25 años,Hogar formado por pareja con hijos en donde algún hijo es menor de 25 años,4,,yes
HH_2503,2 personas,Polvoranca,Hogar con un solo progenitor que convive con todos sus hijos de 25 años o más,Hogar con un solo progenitor que convive con todos sus hijos de 25 años o más,2,,yes
HH_2504,2 personas,Sur,Hogar formado por pareja sin hijos,Hogar formado por pareja sin hijos,2,,yes
HH_2505,3 personas,Norte,Hogar formado por pareja con hijos en donde algún hijo es menor de 25 años,Hogar formado por pareja con hijos en donde algún hijo es menor de 25 años,3,,yes
HH_2506,3 personas,Zarzaquemada,Hogar con un solo progenitor que convive con todos sus hijos de 25 años o más,Hogar con un solo progenitor que convive con todos sus hijos de 25 años o más,3,,residential
HH_2507,2 personas,Sur,Hogar formado por pareja sin hijos,Hogar formado por pareja sin hijos,2,,apartments
HH_2508,4 personas,Zarzaquemada,Hogar formado por pareja con hijos en donde algún hijo es menor de 25 años,Hogar formado por pareja con hijos en donde algún hijo es menor de 25 años,4,,residential
HH_2509,2 personas,San Nicasio,Hogar con un solo progenitor que convive con algún hijo menor de 25 años,Hogar con un solo progenitor que convive con algún hijo menor de 25 años,2,,house
HH_2510,4 personas,Fortuna,Otro tipo de hogar,Otro tipo de hogar,4,,yes
HH_2511,3 personas,Norte,Hogar formado por pareja con hijos en donde todos los hijos de 25 años o más,Hogar formado por pareja con hijos en donde todos los hijos de 25 años o más,3,,yes
HH_2512,2 personas,Polvoranca,Hogar formado por pareja sin hijos,Hogar formado por pareja sin hijos,2,,yes
HH_2513,3 personas,Norte,Hogar formado por pareja con hijos en donde todos los hijos de 25 años o más,Hogar formado por pareja con hijos en donde todos los hijos de 25 años o más,3,,apartments
HH_2514,2 personas,Carrascal,Hogar con un solo progenitor que convive con algún hijo menor de 25 años,Hogar con un solo progenitor que convive con algún hijo menor de 25 años,2,,house
HH_2515,4 personas,Zarzaquemada,Hogar formado por pareja con hijos en donde algún hijo es menor de 25 años,Hogar formado por pareja con hijos en donde algún hijo es menor de 25 años,4,,apartments
HH_2516,2 personas,Norte,Hogar formado por pareja sin hijos,Hogar formado por pareja sin hijos,2,,yes
HH_2517,1 persona,San Nicasio,Hogar con una mujer sola de 65 años o más,Hogar con una mujer sola de 65 años o más,1,Madrid,city
HH_2518,4 personas,Zarzaquemada,Hogar formado por pareja con hijos en donde algún hijo es menor de 25 años,Hogar formado por pareja con hijos en donde algún hijo es menor de 25 años,4,,residential
HH_2519,2 personas,Zarzaquemada,Hogar formado por pareja sin hijos,Hogar formado por pareja sin hijos,2,,residential
HH_2520,2 personas,Zarzaquemada,Hogar formado por pareja sin hijos,Hogar formado por pareja sin hijos,2,,apartments
HH_2521,4 personas,Carrascal,Hogar formado por pareja con hijos en donde algún hijo es menor de 25 años,Hogar formado por pareja con hijos en donde algún hijo es menor de 25 años,4,Mostoles,city
HH_2522,2 personas,Zarzaquemada,Hogar con un solo progenitor que convive con algún hijo menor de 25 años,Hogar con un solo progenitor que convive con algún hijo menor de 25 años,2,,apartments
HH_2523,2 personas,Carrascal,Hogar formado por pareja sin hijos,Hogar formado por pareja sin hijos,2,,apartments
HH_2524,3 personas,Fortuna,Hogar formado por pareja con hijos en donde todos los hijos de 25 años o más,Hogar formado por pareja con hijos en donde todos los hijos de 25 años o más,3,,yes
HH_2525,2 personas,San Nicasio,Hogar con un solo progenitor que convive con algún hijo menor de 25 años,Hogar con un solo progenitor que convive con algún hijo menor de 25 años,2,,semidetached_house
HH_2526,4 personas,Sur,Hogar formado por pareja o un solo progenitor que convive con algún hijo menor de 25 años y otra(s) persona(s),Hogar formado por pareja o un solo progenitor que convive con algún hijo menor de 25 años y otra(s) persona(s),4,,yes
HH_2527,4 personas,San Nicasio,Hogar formado por pareja con hijos en donde algún hijo es menor de 25 años,Hogar formado por pareja con hijos en donde algún hijo es menor de 25 años,4,,house
HH_2528,4 personas,Sur,Hogar formado por pareja o un solo progenitor que convive con algún hijo menor de 25 años y otra(s) persona(s),Hogar formado por pareja o un solo progenitor que convive con algún hijo menor de 25 años y otra(s) persona(s),4,,yes
HH_2529,2 personas,Fortuna,Hogar con un solo progenitor que convive con algún hijo menor de 25 años,Hogar con un solo progenitor que convive con algún hijo menor de 25 años,2,Fuenlabrada,city
HH_2530,3 personas,Sur,Otro tipo de hogar,Otro tipo de hogar,3,Getafe norte,city
HH_2531,2 personas,Sur,Hogar formado por pareja sin hijos,Hogar formado por pareja sin hijos,2,,yes
HH_2532,5 o mas personas,Sur,Hogar formado por pareja o un solo progenitor que convive con algún hijo menor de 25 años y otra(s) persona(s),Hogar formado por pareja o un solo progenitor que convive con algún hijo menor de 25 años y otra(s) persona(s),5,Madrid,city
HH_2533,2 personas,Zarzaquemada,Hogar con un solo progenitor que convive con algún hijo menor de 25 años,Hogar con un solo progenitor que convive con algún hijo menor de 25 años,2,,residential
HH_2534,1 persona,Carrascal,Hogar con una mujer sola de 65 años o más,Hogar con una mujer sola de 65 años o más,1,,yes
HH_2535,1 persona,Zarzaquemada,Hogar con un hombre solo menor de 65 años,Hogar con un hombre solo menor de 65 años,1,Madrid,city
HH_2536,1 persona,Fortuna,Hogar con una mujer sola menor de 65 años,Hogar con una mujer sola menor de 65 años,1,,yes
HH_2537,4 personas,Polvoranca,Hogar formado por pareja o un solo progenitor que convive con algún hijo menor de 25 años y otra(s) persona(s),Hogar formado por pareja o un solo progenitor que convive con algún hijo menor de 25 años y otra(s) persona(s),4,,terrace
HH_2538,4 personas,Zarzaquemada,Hogar formado por pareja con hijos en donde todos los hijos de 25 años o más,Hogar formado por pareja con hijos en donde todos los hijos de 25 años o más,4,,residential
HH_2539,1 persona,Norte,Hogar con un hombre solo menor de 65 años,Hogar con un hombre solo menor de 65 años,1,,yes
HH_2540,3 personas,Carrascal,Hogar formado por pareja con hijos en donde todos los hijos de 25 años o más,Hogar formado por pareja con hijos en donde todos los hijos de 25 años o más,3,,house
HH_2541,2 personas,Zarzaquemada,Hogar formado por pareja sin hijos,Hogar formado por pareja sin hijos,2,Madrid,city
HH_2542,1 persona,Zarzaquemada,Hogar con una mujer sola menor de 65 años,Hogar con una mujer sola menor de 65 años,1,,residential
HH_2543,3 personas,Zarzaquemada,Otro tipo de hogar,Otro tipo de hogar,3,,residential
HH_2544,1 persona,Carrascal,Hogar con una mujer sola menor de 65 años,Hogar con una mujer sola menor de 65 años,1,,apartments
HH_2545,3 personas,Fortuna,Hogar formado por pareja o un solo progenitor que convive con algún hijo menor de 25 años y otra(s) persona(s),Hogar formado por pareja o un solo progenitor que convive con algún hijo menor de 25 años y otra(s) persona(s),3,,yes
HH_2546,4 personas,Carrascal,Hogar formado por pareja con hijos en donde algún hijo es menor de 25 años,Hogar formado por pareja con hijos en donde algún hijo es menor de 25 años,4,Fuenlabrada,city
HH_2547,2 personas,Carrascal,Otro tipo de hogar,Otro tipo de hogar,2,,yes
HH_2548,5 o mas personas,Polvoranca,Hogar formado por pareja con hijos en donde algún hijo es menor de 25 años,Hogar formado por pareja con hijos en donde algún hijo es menor de 25 años,5,,house
HH_2549,1 persona,Fortuna,Hogar con un hombre solo de 65 años o más,Hogar con un hombre solo de 65 años o más,1,,yes
HH_2550,2 personas,Sur,Otro tipo de hogar,Otro tipo de hogar,2,,apartments
HH_2551,1 persona,San Nicasio,Hogar con una mujer sola de 65 años o más,Hogar con una mujer sola de 65 años o más,1,Fuenlabrada,city
HH_2552,2 personas,Sur,Hogar formado por pareja sin hijos,Hogar formado por pareja sin hijos,2,Madrid,city
HH_2553,1 persona,Sur,Hogar con una mujer sola menor de 65 años,Hogar con una mujer sola menor de 65 años,1,,yes
HH_2554,5 o mas personas,San Nicasio,Hogar formado por pareja o un solo progenitor que convive con algún hijo menor de 25 años y otra(s) persona(s),Hogar formado por pareja o un solo progenitor que convive con algún hijo menor de 25 años y otra(s) persona(s),5,,house
HH_2555,1 persona,Sur,Hogar con una mujer sola de 65 años o más,Hogar con una mujer sola de 65 años o más,1,Fuenlabrada,city
HH_2556,2 personas,Carrascal,Hogar formado por pareja sin hijos,Hogar formado por pareja sin hijos,2,,house
HH_2557,2 personas,Polvoranca,Hogar formado por pareja sin hijos,Hogar formado por pareja sin hijos,2,,semidetached_house
HH_2558,2 personas,Norte,Hogar con un solo progenitor que convive con algún hijo menor de 25 años,Hogar con un solo progenitor que convive con algún hijo menor de 25 años,2,,yes
HH_2559,1 persona,Polvoranca,Hogar con una mujer sola de 65 años o más,Hogar con una mujer sola de 65 años o más,1,Madrid,city
HH_2560,1 persona,San Nicasio,Hogar con una mujer sola menor de 65 años,Hogar con una mujer sola menor de 65 años,1,Fuenlabrada,city
HH_2561,1 persona,Carrascal,Hogar con un hombre solo de 65 años o más,Hogar con un hombre solo de 65 años o más,1,,apartments
HH_2562,2 personas,Sur,Hogar con un solo progenitor que convive con algún hijo menor de 25 años,Hogar con un solo progenitor que convive con algún hijo menor de 25 años,2,,yes
HH_2563,2 personas,Sur,Hogar formado por pareja sin hijos,Hogar formado por pareja sin hijos,2,Madrid,city
HH_2564,4 personas,Zarzaquemada,Otro tipo de hogar,Otro tipo de hogar,4,,residential
HH_2565,1 persona,San Nicasio,Hogar con un hombre solo de 65 años o más,Hogar con un hombre solo de 65 años o más,1,Getafe norte,city
HH_2566,1 persona,San Nicasio,Hogar con una mujer sola menor de 65 años,Hogar con una mujer sola menor de 65 años,1,Getafe norte,city
HH_2567,4 personas,Sur,Hogar formado por pareja con hijos en donde algún hijo es menor de 25 años,Hogar formado por pareja con hijos en donde algún hijo es menor de 25 años,4,,yes
HH_2568,4 personas,San Nicasio,Hogar formado por pareja con hijos en donde algún hijo es menor de 25 años,Hogar formado por pareja con hijos en donde algún hijo es menor de 25 años,4,Madrid,city
HH_2569,5 o mas personas,Polvoranca,Hogar formado por pareja con hijos en donde algún hijo es menor de 25 años,Hogar formado por pareja con hijos en donde algún hijo es menor de 25 años,5,,semidetached_house
HH_2570,5 o mas personas,Carrascal,Hogar formado por pareja con hijos en donde algún hijo es menor de 25 años,Hogar formado por pareja con hijos en donde algún hijo es menor de 25 años,5,Getafe norte,city
HH_2571,3 personas,Carrascal,Hogar formado por pareja con hijos en donde todos los hijos de 25 años o más,Hogar formado por pareja con hijos en donde todos los hijos de 25 años o más,3,Fuenlabrada,city
HH_2572,2 personas,San Nicasio,Otro tipo de hogar,Otro tipo de hogar,2,,yes
HH_2573,2 personas,Sur,Hogar formado por pareja sin hijos,Hogar formado por pareja sin hijos,2,Madrid,city
HH_2574,1 persona,Zarzaquemada,Hogar con una mujer sola de 65 años o más,Hogar con una mujer sola de 65 años o más,1,,residential
HH_2575,2 personas,Zarzaquemada,Hogar con un solo progenitor que convive con algún hijo menor de 25 años,Hogar con un solo progenitor que convive con algún hijo menor de 25 años,2,,yes
HH_2576,2 personas,San Nicasio,Hogar con un solo progenitor que convive con todos sus hijos de 25 años o más,Hogar con un solo progenitor que convive con todos sus hijos de 25 años o más,2,,semidetached_house
HH_2577,3 personas,Norte,Hogar formado por pareja con hijos en donde todos los hijos de 25 años o más,Hogar formado por pareja con hijos en donde todos los hijos de 25 años o más,3,Fuenlabrada,city
HH_2578,2 personas,San Nicasio,Hogar formado por pareja sin hijos,Hogar formado por pareja sin hijos,2,,semidetached_house
HH_2579,2 personas,Fortuna,Hogar con un solo progenitor que convive con todos sus hijos de 25 años o más,Hogar con un solo progenitor que convive con todos sus hijos de 25 años o más,2,,yes
HH_2580,4 personas,San Nicasio,Hogar formado por pareja o un solo progenitor que convive con algún hijo menor de 25 años y otra(s) persona(s),Hogar formado por pareja o un solo progenitor que convive con algún hijo menor de 25 años y otra(s) persona(s),4,Mostoles,city
HH_2581,3 personas,Sur,Hogar con un solo progenitor que convive con algún hijo menor de 25 años,Hogar con un solo progenitor que convive con algún hijo menor de 25 años,3,Madrid,city
HH_2582,2 personas,San Nicasio,Hogar formado por pareja sin hijos,Hogar formado por pareja sin hijos,2,,semidetached_house
HH_2583,1 persona,Fortuna,Hogar con una mujer sola de 65 años o más,Hogar con una mujer sola de 65 años o más,1,,yes
HH_2584,5 o mas personas,Carrascal,Hogar formado por pareja o un solo progenitor que convive con algún hijo menor de 25 años y otra(s) persona(s),Hogar formado por pareja o un solo progenitor que convive con algún hijo menor de 25 años y otra(s) persona(s),5,,house
HH_2585,4 personas,Zarzaquemada,Hogar formado por pareja con hijos en donde algún hijo es menor de 25 años,Hogar formado por pareja con hijos en donde algún hijo es menor de 25 años,4,,apartments
HH_2586,4 personas,Polvoranca,Hogar formado por pareja con hijos en donde algún hijo es menor de 25 años,Hogar formado por pareja con hijos en donde algún hijo es menor de 25 años,4,,house
HH_2587,1 persona,San Nicasio,Hogar con un hombre solo menor de 65 años,Hogar con un hombre solo menor de 65 años,1,,apartments
HH_2588,3 personas,Norte,Hogar con un solo progenitor que convive con algún hijo menor de 25 años,Hogar con un solo progenitor que convive con algún hijo menor de 25 años,3,,yes
HH_2589,3 personas,San Nicasio,Hogar formado por pareja con hijos en donde algún hijo es menor de 25 años,Hogar formado por pareja con hijos en donde algún hijo es menor de 25 años,3,Fuenlabrada,city
HH_2590,5 o mas personas,Zarzaquemada,Otro tipo de hogar,Otro tipo de hogar,5,Madrid,city
HH_2591,1 persona,Zarzaquemada,Hogar con una mujer sola menor de 65 años,Hogar con una mujer sola menor de 65 años,1,Madrid,city
HH_2592,2 personas,San Nicasio,Hogar formado por pareja sin hijos,Hogar formado por pareja sin hijos,2,,semidetached_house
HH_2593,2 personas,Zarzaquemada,Hogar con un solo progenitor que convive con todos sus hijos de 25 años o más,Hogar con un solo progenitor que convive con todos sus hijos de 25 años o más,2,Madrid,city
HH_2594,2 personas,Carrascal,Otro tipo de hogar,Otro tipo de hogar,2,,residential
HH_2595,3 personas,Fortuna,Hogar formado por pareja con hijos en donde todos los hijos de 25 años o más,Hogar formado por pareja con hijos en donde todos los hijos de 25 años o más,3,Mostoles,city
HH_2596,1 persona,Carrascal,Hogar con una mujer sola de 65 años o más,Hogar con una mujer sola de 65 años o más,1,Madrid,city
HH_2597,4 personas,Zarzaquemada,Hogar formado por pareja con hijos en donde algún hijo es menor de 25 años,Hogar formado por pareja con hijos en donde algún hijo es menor de 25 años,4,,yes
HH_2598,5 o mas personas,Sur,Hogar formado por pareja con hijos en donde algún hijo es menor de 25 años,Hogar formado por pareja con hijos en donde algún hijo es menor de 25 años,5,,yes
HH_2599,4 personas,Zarzaquemada,Hogar formado por pareja con hijos en donde algún hijo es menor de 25 años,Hogar formado por pareja con hijos en donde algún hijo es menor de 25 años,4,,apartments
HH_2600,1 persona,Polvoranca,Hogar con una mujer sola de 65 años o más,Hogar con una mujer sola de 65 años o más,1,,semidetached_house
HH_2601,1 persona,Zarzaquemada,Hogar con una mujer sola de 65 años o más,Hogar con una mujer sola de 65 años o más,1,,apartments
HH_2602,5 o mas personas,San Nicasio,Hogar formado por pareja o un solo progenitor que convive con algún hijo menor de 25 años y otra(s) persona(s),Hogar formado por pareja o un solo progenitor que convive con algún hijo menor de 25 años y otra(s) persona(s),5,,semidetached_house
HH_2603,2 personas,Norte,Hogar formado por pareja sin hijos,Hogar formado por pareja sin hijos,2,Mostoles,city
HH_2604,4 personas,San Nicasio,Hogar formado por pareja con hijos en donde algún hijo es menor de 25 años,Hogar formado por pareja con hijos en donde algún hijo es menor de 25 años,4,Mostoles,city
HH_2605,3 personas,San Nicasio,Hogar formado por pareja con hijos en donde todos los hijos de 25 años o más,Hogar formado por pareja con hijos en donde todos los hijos de 25 años o más,3,,house
HH_2606,3 personas,Sur,Hogar formado por pareja con hijos en donde todos los hijos de 25 años o más,Hogar formado por pareja con hijos en donde todos los hijos de 25 años o más,3,,residential
HH_2607,2 personas,Sur,Hogar formado por pareja sin hijos,Hogar formado por pareja sin hijos,2,,apartments
HH_2608,2 personas,Carrascal,Hogar formado por pareja sin hijos,Hogar formado por pareja sin hijos,2,,semidetached_house
HH_2609,3 personas,San Nicasio,Hogar formado por pareja con hijos en donde todos los hijos de 25 años o más,Hogar formado por pareja con hijos en donde todos los hijos de 25 años o más,3,,house
HH_2610,5 o mas personas,Sur,Hogar formado por pareja o un solo progenitor que convive con algún hijo menor de 25 años y otra(s) persona(s),Hogar formado por pareja o un solo progenitor que convive con algún hijo menor de 25 años y otra(s) persona(s),5,,apartments
HH_2611,4 personas,Carrascal,Hogar formado por pareja con hijos en donde algún hijo es menor de 25 años,Hogar formado por pareja con hijos en donde algún hijo es menor de 25 años,4,,yes
HH_2612,1 persona,Zarzaquemada,Hogar con una mujer sola menor de 65 años,Hogar con una mujer sola menor de 65 años,1,Getafe norte,city
HH_2613,1 persona,Sur,Hogar con un hombre solo menor de 65 años,Hogar con un hombre solo menor de 65 años,1,,yes
HH_2614,2 personas,San Nicasio,Hogar formado por pareja sin hijos,Hogar formado por pareja sin hijos,2,,house
HH_2615,3 personas,San Nicasio,Hogar formado por pareja con hijos en donde todos los hijos de 25 años o más,Hogar formado por pareja con hijos en donde todos los hijos de 25 años o más,3,Madrid,city
HH_2616,1 persona,Carrascal,Hogar con un hombre solo menor de 65 años,Hogar con un hombre solo menor de 65 años,1,Extremadura,city
HH_2617,1 persona,Polvoranca,Hogar con una mujer sola de 65 años o más,Hogar con una mujer sola de 65 años o más,1,,semidetached_house
HH_2618,1 persona,Zarzaquemada,Hogar con una mujer sola menor de 65 años,Hogar con una mujer sola menor de 65 años,1,,apartments
HH_2619,5 o mas personas,Sur,Hogar formado por pareja con hijos en donde algún hijo es menor de 25 años,Hogar formado por pareja con hijos en donde algún hijo es menor de 25 años,5,,apartments
HH_2620,3 personas,San Nicasio,Otro tipo de hogar,Otro tipo de hogar,3,,semidetached_house
HH_2621,3 personas,Polvoranca,Hogar con un solo progenitor que convive con algún hijo menor de 25 años,Hogar con un solo progenitor que convive con algún hijo menor de 25 años,3,Madrid,city
HH_2622,5 o mas personas,Zarzaquemada,Hogar formado por pareja con hijos en donde algún hijo es menor de 25 años,Hogar formado por pareja con hijos en donde algún hijo es menor de 25 años,5,Getafe norte,city
HH_2623,1 persona,Polvoranca,Hogar con una mujer sola menor de 65 años,Hogar con una mujer sola menor de 65 años,1,,house
HH_2624,5 o mas personas,San Nicasio,Hogar formado por pareja o un solo progenitor que convive con algún hijo menor de 25 años y otra(s) persona(s),Hogar formado por pareja o un solo progenitor que convive con algún hijo menor de 25 años y otra(s) persona(s),5,,semidetached_house
HH_2625,3 personas,Fortuna,Hogar con un solo progenitor que convive con algún hijo menor de 25 años,Hogar con un solo progenitor que convive con algún hijo menor de 25 años,3,Madrid,city
HH_2626,2 personas,Zarzaquemada,Hogar formado por pareja sin hijos,Hogar formado por pareja sin hijos,2,,residential
HH_2627,2 personas,Sur,Otro tipo de hogar,Otro tipo de hogar,2,,apartments
HH_2628,2 personas,Norte,Otro tipo de hogar,Otro tipo de hogar,2,Fuenlabrada,city
HH_2629,3 personas,San Nicasio,Hogar formado por pareja con hijos en donde algún hijo es menor de 25 años,Hogar formado por pareja con hijos en donde algún hijo es menor de 25 años,3,,yes
HH_2630,3 personas,Sur,Hogar formado por pareja con hijos en donde todos los hijos de 25 años o más,Hogar formado por pareja con hijos en donde todos los hijos de 25 años o más,3,Madrid,city
HH_2631,2 personas,Carrascal,Otro tipo de hogar,Otro tipo de hogar,2,Fuenlabrada,city
HH_2632,4 personas,Sur,Hogar formado por pareja o un solo progenitor que convive con algún hijo menor de 25 años y otra(s) persona(s),Hogar formado por pareja o un solo progenitor que convive con algún hijo menor de 25 años y otra(s) persona(s),4,,yes
HH_2633,2 personas,Polvoranca,Hogar formado por pareja sin hijos,Hogar formado por pareja sin hijos,2,Getafe norte,city
HH_2634,4 personas,San Nicasio,Hogar formado por pareja con hijos en donde algún hijo es menor de 25 años,Hogar formado por pareja con hijos en donde algún hijo es menor de 25 años,4,Fuenlabrada,city
HH_2635,1 persona,San Nicasio,Hogar con una mujer sola de 65 años o más,Hogar con una mujer sola de 65 años o más,1,Madrid,city
HH_2636,5 o mas personas,San Nicasio,Hogar formado por pareja con hijos en donde algún hijo es menor de 25 años,Hogar formado por pareja con hijos en donde algún hijo es menor de 25 años,5,,semidetached_house
HH_2637,2 personas,Norte,Hogar formado por pareja sin hijos,Hogar formado por pareja sin hijos,2,,yes
HH_2638,2 personas,San Nicasio,Hogar formado por pareja sin hijos,Hogar formado por pareja sin hijos,2,,yes
HH_2639,3 personas,Sur,Otro tipo de hogar,Otro tipo de hogar,3,,apartments
HH_2640,1 persona,Polvoranca,Hogar con una mujer sola de 65 años o más,Hogar con una mujer sola de 65 años o más,1,Madrid,city
HH_2641,4 personas,Carrascal,Hogar formado por pareja con hijos en donde algún hijo es menor de 25 años,Hogar formado por pareja con hijos en donde algún hijo es menor de 25 años,4,,residential
HH_2642,5 o mas personas,San Nicasio,Hogar formado por pareja o un solo progenitor que convive con algún hijo menor de 25 años y otra(s) persona(s),Hogar formado por pareja o un solo progenitor que convive con algún hijo menor de 25 años y otra(s) persona(s),5,Madrid,city
HH_2643,3 personas,Fortuna,Hogar formado por pareja con hijos en donde algún hijo es menor de 25 años,Hogar formado por pareja con hijos en donde algún hijo es menor de 25 años,3,,yes
HH_2644,1 persona,Polvoranca,Hogar con una mujer sola menor de 65 años,Hogar con una mujer sola menor de 65 años,1,,semidetached_house
HH_2645,1 persona,Carrascal,Hogar con una mujer sola menor de 65 años,Hogar con una mujer sola menor de 65 años,1,,house
HH_2646,1 persona,Zarzaquemada,Hogar con un hombre solo de 65 años o más,Hogar con un hombre solo de 65 años o más,1,Getafe norte,city
HH_2647,4 personas,Carrascal,Hogar formado por pareja con hijos en donde algún hijo es menor de 25 años,Hogar formado por pareja con hijos en donde algún hijo es menor de 25 años,4,,residential
HH_2648,4 personas,Fortuna,Hogar formado por pareja con hijos en donde algún hijo es menor de 25 años,Hogar formado por pareja con hijos en donde algún hijo es menor de 25 años,4,Mostoles,city
HH_2649,3 personas,Carrascal,Hogar con un solo progenitor que convive con algún hijo menor de 25 años,Hogar con un solo progenitor que convive con algún hijo menor de 25 años,3,Fuenlabrada,city
HH_2650,2 personas,San Nicasio,Hogar formado por pareja sin hijos,Hogar formado por pareja sin hijos,2,,yes
HH_2651,2 personas,Zarzaquemada,Hogar formado por pareja sin hijos,Hogar formado por pareja sin hijos,2,,apartments
HH_2652,4 personas,Carrascal,Hogar formado por pareja con hijos en donde algún hijo es menor de 25 años,Hogar formado por pareja con hijos en donde algún hijo es menor de 25 años,4,,semidetached_house
HH_2653,4 personas,Carrascal,Hogar formado por pareja con hijos en donde algún hijo es menor de 25 años,Hogar formado por pareja con hijos en donde algún hijo es menor de 25 años,4,,yes
HH_2654,1 persona,Carrascal,Hogar con un hombre solo menor de 65 años,Hogar con un hombre solo menor de 65 años,1,,apartments
HH_2655,2 personas,Norte,Otro tipo de hogar,Otro tipo de hogar,2,,yes
HH_2656,4 personas,San Nicasio,Otro tipo de hogar,Otro tipo de hogar,4,,yes
HH_2657,2 personas,Zarzaquemada,Hogar formado por pareja sin hijos,Hogar formado por pareja sin hijos,2,,residential
HH_2658,2 personas,Norte,Otro tipo de hogar,Otro tipo de hogar,2,,yes
HH_2659,3 personas,Carrascal,Hogar con un solo progenitor que convive con todos sus hijos de 25 años o más,Hogar con un solo progenitor que convive con todos sus hijos de 25 años o más,3,Fuenlabrada,city
HH_2660,2 personas,Carrascal,Hogar formado por pareja sin hijos,Hogar formado por pareja sin hijos,2,,semidetached_house
HH_2661,3 personas,Carrascal,Hogar formado por pareja con hijos en donde algún hijo es menor de 25 años,Hogar formado por pareja con hijos en donde algún hijo es menor de 25 años,3,,house
HH_2662,1 persona,Norte,Hogar con un hombre solo de 65 años o más,Hogar con un hombre solo de 65 años o más,1,,apartments
HH_2663,2 personas,Carrascal,Hogar formado por pareja sin hijos,Hogar formado por pareja sin hijos,2,,yes
HH_2664,2 personas,Zarzaquemada,Hogar con un solo progenitor que convive con todos sus hijos de 25 años o más,Hogar con un solo progenitor que convive con todos sus hijos de 25 años o más,2,Madrid,city
HH_2665,3 personas,Sur,Hogar formado por pareja con hijos en donde algún hijo es menor de 25 años,Hogar formado por pareja con hijos en donde algún hijo es menor de 25 años,3,Madrid,city
HH_2666,3 personas,San Nicasio,Hogar formado por pareja con hijos en donde todos los hijos de 25 años o más,Hogar formado por pareja con hijos en donde todos los hijos de 25 años o más,3,,semidetached_house
HH_2667,5 o mas personas,Fortuna,Hogar formado por pareja o un solo progenitor que convive con algún hijo menor de 25 años y otra(s) persona(s),Hogar formado por pareja o un solo progenitor que convive con algún hijo menor de 25 años y otra(s) persona(s),5,,yes
HH_2668,2 personas,Norte,Hogar formado por pareja sin hijos,Hogar formado por pareja sin hijos,2,,yes
HH_2669,4 personas,San Nicasio,Hogar formado por pareja con hijos en donde algún hijo es menor de 25 años,Hogar formado por pareja con hijos en donde algún hijo es menor de 25 años,4,,semidetached_house
HH_2670,3 personas,Sur,Hogar formado por pareja con hijos en donde algún hijo es menor de 25 años,Hogar formado por pareja con hijos en donde algún hijo es menor de 25 años,3,,residential
HH_2671,2 personas,Carrascal,Hogar formado por pareja sin hijos,Hogar formado por pareja sin hijos,2,,yes
HH_2672,4 personas,Carrascal,Hogar formado por pareja con hijos en donde algún hijo es menor de 25 años,Hogar formado por pareja con hijos en donde algún hijo es menor de 25 años,4,Getafe norte,city
HH_2673,4 personas,San Nicasio,Hogar formado por pareja con hijos en donde algún hijo es menor de 25 años,Hogar formado por pareja con hijos en donde algún hijo es menor de 25 años,4,,semidetached_house
HH_2674,2 personas,Fortuna,Hogar formado por pareja sin hijos,Hogar formado por pareja sin hijos,2,,yes
HH_2675,4 personas,Carrascal,Hogar formado por pareja con hijos en donde algún hijo es menor de 25 años,Hogar formado por pareja con hijos en donde algún hijo es menor de 25 años,4,,residential
HH_2676,3 personas,Carrascal,Hogar formado por pareja con hijos en donde todos los hijos de 25 años o más,Hogar formado por pareja con hijos en donde todos los hijos de 25 años o más,3,,yes
HH_2677,1 persona,Norte,Hogar con una mujer sola de 65 años o más,Hogar con una mujer sola de 65 años o más,1,,yes
HH_2678,4 personas,Norte,Hogar formado por pareja con hijos en donde algún hijo es menor de 25 años,Hogar formado por pareja con hijos en donde algún hijo es menor de 25 años,4,,yes
HH_2679,4 personas,Zarzaquemada,Hogar formado por pareja con hijos en donde todos los hijos de 25 años o más,Hogar formado por pareja con hijos en donde todos los hijos de 25 años o más,4,,residential
HH_2680,2 personas,Norte,Hogar formado por pareja sin hijos,Hogar formado por pareja sin hijos,2,,apartments
HH_2681,3 personas,Carrascal,Hogar formado por pareja con hijos en donde algún hijo es menor de 25 años,Hogar formado por pareja con hijos en donde algún hijo es menor de 25 años,3,Verdecora,yes
HH_2682,4 personas,Norte,Hogar formado por pareja con hijos en donde algún hijo es menor de 25 años,Hogar formado por pareja con hijos en donde algún hijo es menor de 25 años,4,,yes
HH_2683,3 personas,Zarzaquemada,Hogar con un solo progenitor que convive con todos sus hijos de 25 años o más,Hogar con un solo progenitor que convive con todos sus hijos de 25 años o más,3,Fuenlabrada,city
HH_2684,3 personas,San Nicasio,Hogar formado por pareja con hijos en donde todos los hijos de 25 años o más,Hogar formado por pareja con hijos en donde todos los hijos de 25 años o más,3,,semidetached_house
HH_2685,3 personas,Fortuna,Hogar formado por pareja con hijos en donde todos los hijos de 25 años o más,Hogar formado por pareja con hijos en donde todos los hijos de 25 años o más,3,,yes
HH_2686,1 persona,Norte,Hogar con una mujer sola menor de 65 años,Hogar con una mujer sola menor de 65 años,1,Mostoles,city
HH_2687,2 personas,Sur,Hogar con un solo progenitor que convive con todos sus hijos de 25 años o más,Hogar con un solo progenitor que convive con todos sus hijos de 25 años o más,2,,apartments
HH_2688,3 personas,Sur,Hogar formado por pareja con hijos en donde algún hijo es menor de 25 años,Hogar formado por pareja con hijos en donde algún hijo es menor de 25 años,3,,apartments
HH_2689,1 persona,Sur,Hogar con una mujer sola de 65 años o más,Hogar con una mujer sola de 65 años o más,1,,yes
HH_2690,4 personas,Sur,Hogar formado por pareja con hijos en donde algún hijo es menor de 25 años,Hogar formado por pareja con hijos en donde algún hijo es menor de 25 años,4,,apartments
HH_2691,2 personas,Carrascal,Hogar formado por pareja sin hijos,Hogar formado por pareja sin hijos,2,,apartments
HH_2692,2 personas,Norte,Hogar formado por pareja sin hijos,Hogar formado por pareja sin hijos,2,,yes
HH_2693,1 persona,Sur,Hogar con un hombre solo menor de 65 años,Hogar con un hombre solo menor de 65 años,1,,yes
HH_2694,1 persona,San Nicasio,Hogar con una mujer sola de 65 años o más,Hogar con una mujer sola de 65 años o más,1,,yes
HH_2695,2 personas,Carrascal,Hogar formado por pareja sin hijos,Hogar formado por pareja sin hijos,2,Madrid,city
HH_2696,4 personas,Norte,Hogar formado por pareja o un solo progenitor que convive con algún hijo menor de 25 años y otra(s) persona(s),Hogar formado por pareja o un solo progenitor que convive con algún hijo menor de 25 años y otra(s) persona(s),4,,yes
HH_2697,2 personas,Zarzaquemada,Otro tipo de hogar,Otro tipo de hogar,2,,residential
HH_2698,4 personas,Norte,Hogar formado por pareja con hijos en donde algún hijo es menor de 25 años,Hogar formado por pareja con hijos en donde algún hijo es menor de 25 años,4,Alcorcon,city
HH_2699,3 personas,Sur,Hogar formado por pareja con hijos en donde algún hijo es menor de 25 años,Hogar formado por pareja con hijos en donde algún hijo es menor de 25 años,3,,yes
HH_2700,2 personas,Zarzaquemada,Hogar con un solo progenitor que convive con todos sus hijos de 25 años o más,Hogar con un solo progenitor que convive con todos sus hijos de 25 años o más,2,,residential
HH_2701,1 persona,Fortuna,Hogar con una mujer sola menor de 65 años,Hogar con una mujer sola menor de 65 años,1,,yes
HH_2702,3 personas,Zarzaquemada,Hogar formado por pareja con hijos en donde algún hijo es menor de 25 años,Hogar formado por pareja con hijos en donde algún hijo es menor de 25 años,3,,residential
HH_2703,4 personas,Sur,Hogar formado por pareja con hijos en donde algún hijo es menor de 25 años,Hogar formado por pareja con hijos en donde algún hijo es menor de 25 años,4,Fuenlabrada,city
HH_2704,3 personas,Zarzaquemada,Hogar formado por pareja con hijos en donde algún hijo es menor de 25 años,Hogar formado por pareja con hijos en donde algún hijo es menor de 25 años,3,Fuenlabrada,city
HH_2705,1 persona,Sur,Hogar con una mujer sola menor de 65 años,Hogar con una mujer sola menor de 65 años,1,,apartments
HH_2706,2 personas,Zarzaquemada,Otro tipo de hogar,Otro tipo de hogar,2,Fuenlabrada,city
HH_2707,4 personas,Carrascal,Hogar formado por pareja con hijos en donde algún hijo es menor de 25 años,Hogar formado por pareja con hijos en donde algún hijo es menor de 25 años,4,,residential
HH_2708,2 personas,Zarzaquemada,Hogar formado por pareja sin hijos,Hogar formado por pareja sin hijos,2,,residential
HH_2709,4 personas,San Nicasio,Hogar formado por pareja con hijos en donde algún hijo es menor de 25 años,Hogar formado por pareja con hijos en donde algún hijo es menor de 25 años,4,Madrid,city
HH_2710,1 persona,Carrascal,Hogar con un hombre solo menor de 65 años,Hogar con un hombre solo menor de 65 años,1,,apartments
HH_2711,4 personas,Carrascal,Hogar formado por pareja con hijos en donde algún hijo es menor de 25 años,Hogar formado por pareja con hijos en donde algún hijo es menor de 25 años,4,Alcorcon,city
HH_2712,1 persona,Carrascal,Hogar con una mujer sola de 65 años o más,Hogar con una mujer sola de 65 años o más,1,,apartments
HH_2713,2 personas,Zarzaquemada,Hogar formado por pareja sin hijos,Hogar formado por pareja sin hijos,2,,residential
HH_2714,2 personas,Carrascal,Hogar formado por pareja sin hijos,Hogar formado por pareja sin hijos,2,,yes
HH_2715,2 personas,Carrascal,Hogar formado por pareja sin hijos,Hogar formado por pareja sin hijos,2,,house
HH_2716,3 personas,Sur,Hogar formado por pareja con hijos en donde algún hijo es menor de 25 años,Hogar formado por pareja con hijos en donde algún hijo es menor de 25 años,3,Madrid,city
HH_2717,3 personas,Carrascal,Hogar formado por pareja con hijos en donde todos los hijos de 25 años o más,Hogar formado por pareja con hijos en donde todos los hijos de 25 años o más,3,Fuenlabrada,city
HH_2718,2 personas,Norte,Hogar formado por pareja sin hijos,Hogar formado por pareja sin hijos,2,,yes
HH_2719,2 personas,Carrascal,Hogar con un solo progenitor que convive con todos sus hijos de 25 años o más,Hogar con un solo progenitor que convive con todos sus hijos de 25 años o más,2,,house
HH_2720,1 persona,Carrascal,Hogar con un hombre solo menor de 65 años,Hogar con un hombre solo menor de 65 años,1,Extremadura,city
HH_2721,3 personas,San Nicasio,Hogar formado por pareja con hijos en donde todos los hijos de 25 años o más,Hogar formado por pareja con hijos en donde todos los hijos de 25 años o más,3,,semidetached_house
HH_2722,3 personas,San Nicasio,Hogar formado por pareja con hijos en donde algún hijo es menor de 25 años,Hogar formado por pareja con hijos en donde algún hijo es menor de 25 años,3,,house
HH_2723,4 personas,Carrascal,Hogar formado por pareja con hijos en donde todos los hijos de 25 años o más,Hogar formado por pareja con hijos en donde todos los hijos de 25 años o más,4,,house
HH_2724,4 personas,San Nicasio,Hogar formado por pareja con hijos en donde algún hijo es menor de 25 años,Hogar formado por pareja con hijos en donde algún hijo es menor de 25 años,4,Madrid,city
HH_2725,3 personas,Sur,Hogar formado por pareja con hijos en donde algún hijo es menor de 25 años,Hogar formado por pareja con hijos en donde algún hijo es menor de 25 años,3,,apartments
HH_2726,3 personas,San Nicasio,Hogar formado por pareja con hijos en donde todos los hijos de 25 años o más,Hogar formado por pareja con hijos en donde todos los hijos de 25 años o más,3,,semidetached_house
HH_2727,5 o mas personas,San Nicasio,Hogar formado por pareja o un solo progenitor que convive con algún hijo menor de 25 años y otra(s) persona(s),Hogar formado por pareja o un solo progenitor que convive con algún hijo menor de 25 años y otra(s) persona(s),5,,semidetached_house
HH_2728,1 persona,Sur,Hogar con un hombre solo menor de 65 años,Hogar con un hombre solo menor de 65 años,1,Fuenlabrada,city
HH_2729,4 personas,Norte,Hogar con un solo progenitor que convive con algún hijo menor de 25 años,Hogar con un solo progenitor que convive con algún hijo menor de 25 años,4,Madrid,city
HH_2730,3 personas,Polvoranca,Hogar formado por pareja con hijos en donde algún hijo es menor de 25 años,Hogar formado por pareja con hijos en donde algún hijo es menor de 25 años,3,,yes
HH_2731,2 personas,Zarzaquemada,Hogar formado por pareja sin hijos,Hogar formado por pareja sin hijos,2,,apartments
HH_2732,4 personas,San Nicasio,Hogar formado por pareja o un solo progenitor que convive con algún hijo menor de 25 años y otra(s) persona(s),Hogar formado por pareja o un solo progenitor que convive con algún hijo menor de 25 años y otra(s) persona(s),4,Alcorcon,city
HH_2733,3 personas,Sur,Hogar formado por pareja con hijos en donde todos los hijos de 25 años o más,Hogar formado por pareja con hijos en donde todos los hijos de 25 años o más,3,,apartments
HH_2734,4 personas,Carrascal,Hogar formado por pareja con hijos en donde algún hijo es menor de 25 años,Hogar formado por pareja con hijos en donde algún hijo es menor de 25 años,4,,house
HH_2735,1 persona,Fortuna,Hogar con una mujer sola menor de 65 años,Hogar con una mujer sola menor de 65 años,1,,yes
HH_2736,2 personas,San Nicasio,Hogar formado por pareja sin hijos,Hogar formado por pareja sin hijos,2,,semidetached_house
HH_2737,3 personas,Zarzaquemada,Hogar formado por pareja con hijos en donde algún hijo es menor de 25 años,Hogar formado por pareja con hijos en donde algún hijo es menor de 25 años,3,,residential
HH_2738,1 persona,Sur,Hogar con una mujer sola de 65 años o más,Hogar con una mujer sola de 65 años o más,1,,yes
HH_2739,2 personas,Sur,Hogar formado por pareja sin hijos,Hogar formado por pareja sin hijos,2,,apartments
HH_2740,2 personas,Carrascal,Hogar formado por pareja sin hijos,Hogar formado por pareja sin hijos,2,,semidetached_house
HH_2741,2 personas,San Nicasio,Hogar formado por pareja sin hijos,Hogar formado por pareja sin hijos,2,,house
HH_2742,3 personas,Zarzaquemada,Otro tipo de hogar,Otro tipo de hogar,3,,residential
HH_2743,4 personas,Norte,Hogar formado por pareja con hijos en donde algún hijo es menor de 25 años,Hogar formado por pareja con hijos en donde algún hijo es menor de 25 años,4,,yes
HH_2744,1 persona,San Nicasio,Hogar con un hombre solo menor de 65 años,Hogar con un hombre solo menor de 65 años,1,,semidetached_house
HH_2745,4 personas,Zarzaquemada,Hogar formado por pareja o un solo progenitor que convive con algún hijo menor de 25 años y otra(s) persona(s),Hogar formado por pareja o un solo progenitor que convive con algún hijo menor de 25 años y otra(s) persona(s),4,Getafe norte,city
HH_2746,3 personas,San Nicasio,Hogar con un solo progenitor que convive con algún hijo menor de 25 años,Hogar con un solo progenitor que convive con algún hijo menor de 25 años,3,,house
HH_2747,4 personas,Fortuna,Hogar formado por pareja con hijos en donde algún hijo es menor de 25 años,Hogar formado por pareja con hijos en donde algún hijo es menor de 25 años,4,,yes
HH_2748,1 persona,Carrascal,Hogar con una mujer sola de 65 años o más,Hogar con una mujer sola de 65 años o más,1,,semidetached_house
HH_2749,3 personas,San Nicasio,Hogar formado por pareja con hijos en donde algún hijo es menor de 25 años,Hogar formado por pareja con hijos en donde algún hijo es menor de 25 años,3,,semidetached_house
HH_2750,2 personas,Zarzaquemada,Hogar con un solo progenitor que convive con todos sus hijos de 25 años o más,Hogar con un solo progenitor que convive con todos sus hijos de 25 años o más,2,Mostoles,city
HH_2751,2 personas,San Nicasio,Hogar con un solo progenitor que convive con algún hijo menor de 25 años,Hogar con un solo progenitor que convive con algún hijo menor de 25 años,2,,apartments
HH_2752,1 persona,Fortuna,Hogar con una mujer sola de 65 años o más,Hogar con una mujer sola de 65 años o más,1,,yes
HH_2753,3 personas,Carrascal,Hogar formado por pareja con hijos en donde todos los hijos de 25 años o más,Hogar formado por pareja con hijos en donde todos los hijos de 25 años o más,3,,semidetached_house
HH_2754,1 persona,Sur,Hogar con un hombre solo menor de 65 años,Hogar con un hombre solo menor de 65 años,1,,residential
HH_2755,2 personas,San Nicasio,Otro tipo de hogar,Otro tipo de hogar,2,,semidetached_house
HH_2756,2 personas,Fortuna,Hogar formado por pareja sin hijos,Hogar formado por pareja sin hijos,2,Madrid,city
HH_2757,2 personas,Sur,Hogar formado por pareja sin hijos,Hogar formado por pareja sin hijos,2,,yes
HH_2758,1 persona,Zarzaquemada,Hogar con una mujer sola menor de 65 años,Hogar con una mujer sola menor de 65 años,1,,apartments
HH_2759,2 personas,Fortuna,Hogar formado por pareja sin hijos,Hogar formado por pareja sin hijos,2,,semidetached_house
HH_2760,2 personas,Sur,Hogar con un solo progenitor que convive con algún hijo menor de 25 años,Hogar con un solo progenitor que convive con algún hijo menor de 25 años,2,,apartments
HH_2761,3 personas,Zarzaquemada,Hogar formado por pareja con hijos en donde algún hijo es menor de 25 años,Hogar formado por pareja con hijos en donde algún hijo es menor de 25 años,3,,residential
HH_2762,3 personas,Zarzaquemada,Hogar con un solo progenitor que convive con algún hijo menor de 25 años,Hogar con un solo progenitor que convive con algún hijo menor de 25 años,3,,residential
HH_2763,4 personas,Zarzaquemada,Hogar formado por pareja con hijos en donde algún hijo es menor de 25 años,Hogar formado por pareja con hijos en donde algún hijo es menor de 25 años,4,,apartments
HH_2764,1 persona,Zarzaquemada,Hogar con un hombre solo menor de 65 años,Hogar con un hombre solo menor de 65 años,1,Madrid,city
HH_2765,2 personas,Sur,Hogar formado por pareja sin hijos,Hogar formado por pareja sin hijos,2,Getafe norte,city
HH_2766,3 personas,Fortuna,Hogar formado por pareja con hijos en donde todos los hijos de 25 años o más,Hogar formado por pareja con hijos en donde todos los hijos de 25 años o más,3,,yes
HH_2767,3 personas,Carrascal,Hogar formado por pareja con hijos en donde todos los hijos de 25 años o más,Hogar formado por pareja con hijos en donde todos los hijos de 25 años o más,3,,yes
HH_2768,3 personas,Norte,Hogar formado por pareja con hijos en donde algún hijo es menor de 25 años,Hogar formado por pareja con hijos en donde algún hijo es menor de 25 años,3,Madrid,city
HH_2769,1 persona,San Nicasio,Hogar con una mujer sola de 65 años o más,Hogar con una mujer sola de 65 años o más,1,Alcorcon,city
HH_2770,4 personas,Norte,Hogar formado por pareja con hijos en donde algún hijo es menor de 25 años,Hogar formado por pareja con hijos en donde algún hijo es menor de 25 años,4,Getafe norte,city
HH_2771,1 persona,Sur,Hogar con una mujer sola de 65 años o más,Hogar con una mujer sola de 65 años o más,1,Madrid,city
HH_2772,3 personas,Carrascal,Hogar formado por pareja con hijos en donde algún hijo es menor de 25 años,Hogar formado por pareja con hijos en donde algún hijo es menor de 25 años,3,,yes
HH_2773,1 persona,Fortuna,Hogar con una mujer sola menor de 65 años,Hogar con una mujer sola menor de 65 años,1,,yes
HH_2774,4 personas,San Nicasio,Hogar formado por pareja con hijos en donde algún hijo es menor de 25 años,Hogar formado por pareja con hijos en donde algún hijo es menor de 25 años,4,,residential
HH_2775,4 personas,Zarzaquemada,Hogar formado por pareja con hijos en donde algún hijo es menor de 25 años,Hogar formado por pareja con hijos en donde algún hijo es menor de 25 años,4,,residential
HH_2776,4 personas,Zarzaquemada,Otro tipo de hogar,Otro tipo de hogar,4,,apartments
HH_2777,4 personas,Zarzaquemada,Hogar formado por pareja con hijos en donde algún hijo es menor de 25 años,Hogar formado por pareja con hijos en donde algún hijo es menor de 25 años,4,,residential
HH_2778,2 personas,Zarzaquemada,Hogar formado por pareja sin hijos,Hogar formado por pareja sin hijos,2,Madrid,city
HH_2779,3 personas,Fortuna,Otro tipo de hogar,Otro tipo de hogar,3,,yes
HH_2780,1 persona,San Nicasio,Hogar con un hombre solo menor de 65 años,Hogar con un hombre solo menor de 65 años,1,Alcorcon,city
HH_2781,2 personas,Fortuna,Hogar con un solo progenitor que convive con todos sus hijos de 25 años o más,Hogar con un solo progenitor que convive con todos sus hijos de 25 años o más,2,Madrid,city
HH_2782,4 personas,Polvoranca,Hogar formado por pareja con hijos en donde algún hijo es menor de 25 años,Hogar formado por pareja con hijos en donde algún hijo es menor de 25 años,4,Madrid,city
HH_2783,3 personas,Carrascal,Otro tipo de hogar,Otro tipo de hogar,3,,house
HH_2784,2 personas,Sur,Hogar con un solo progenitor que convive con todos sus hijos de 25 años o más,Hogar con un solo progenitor que convive con todos sus hijos de 25 años o más,2,,yes
HH_2785,1 persona,San Nicasio,Hogar con una mujer sola menor de 65 años,Hogar con una mujer sola menor de 65 años,1,,terrace
HH_2786,2 personas,Polvoranca,Hogar formado por pareja sin hijos,Hogar formado por pareja sin hijos,2,,semidetached_house
HH_2787,2 personas,San Nicasio,Hogar formado por pareja sin hijos,Hogar formado por pareja sin hijos,2,Madrid,city
HH_2788,2 personas,Fortuna,Hogar formado por pareja sin hijos,Hogar formado por pareja sin hijos,2,Madrid,city
HH_2789,1 persona,Sur,Hogar con una mujer sola de 65 años o más,Hogar con una mujer sola de 65 años o más,1,,yes
HH_2790,2 personas,Sur,Hogar formado por pareja sin hijos,Hogar formado por pareja sin hijos,2,Madrid,city
HH_2791,2 personas,Sur,Hogar con un solo progenitor que convive con todos sus hijos de 25 años o más,Hogar con un solo progenitor que convive con todos sus hijos de 25 años o más,2,Mercadona,yes
HH_2792,3 personas,Zarzaquemada,Otro tipo de hogar,Otro tipo de hogar,3,,residential
HH_2793,2 personas,Sur,Otro tipo de hogar,Otro tipo de hogar,2,Madrid,city
HH_2794,1 persona,Zarzaquemada,Hogar con una mujer sola menor de 65 años,Hogar con una mujer sola menor de 65 años,1,Fuenlabrada,city
HH_2795,4 personas,San Nicasio,Hogar formado por pareja con hijos en donde algún hijo es menor de 25 años,Hogar formado por pareja con hijos en donde algún hijo es menor de 25 años,4,Madrid,city
HH_2796,4 personas,Sur,Hogar formado por pareja o un solo progenitor que convive con algún hijo menor de 25 años y otra(s) persona(s),Hogar formado por pareja o un solo progenitor que convive con algún hijo menor de 25 años y otra(s) persona(s),4,,yes
HH_2797,1 persona,Sur,Hogar con una mujer sola de 65 años o más,Hogar con una mujer sola de 65 años o más,1,,yes
HH_2798,4 personas,Carrascal,Hogar formado por pareja o un solo progenitor que convive con algún hijo menor de 25 años y otra(s) persona(s),Hogar formado por pareja o un solo progenitor que convive con algún hijo menor de 25 años y otra(s) persona(s),4,,yes
HH_2799,3 personas,Fortuna,Otro tipo de hogar,Otro tipo de hogar,3,,yes
HH_2800,3 personas,Norte,Hogar formado por pareja con hijos en donde algún hijo es menor de 25 años,Hogar formado por pareja con hijos en donde algún hijo es menor de 25 años,3,Madrid,city
HH_2801,1 persona,Norte,Hogar con una mujer sola menor de 65 años,Hogar con una mujer sola menor de 65 años,1,,yes
HH_2802,4 personas,Polvoranca,Hogar formado por pareja con hijos en donde algún hijo es menor de 25 años,Hogar formado por pareja con hijos en donde algún hijo es menor de 25 años,4,,semidetached_house
HH_2803,3 personas,Norte,Hogar con un solo progenitor que convive con algún hijo menor de 25 años,Hogar con un solo progenitor que convive con algún hijo menor de 25 años,3,Madrid,city
HH_2804,4 personas,Polvoranca,Hogar formado por pareja con hijos en donde algún hijo es menor de 25 años,Hogar formado por pareja con hijos en donde algún hijo es menor de 25 años,4,,house
HH_2805,4 personas,Sur,Hogar formado por pareja con hijos en donde algún hijo es menor de 25 años,Hogar formado por pareja con hijos en donde algún hijo es menor de 25 años,4,Getafe norte,city
HH_2806,4 personas,San Nicasio,Otro tipo de hogar,Otro tipo de hogar,4,,semidetached_house
HH_2807,4 personas,Zarzaquemada,Hogar formado por pareja con hijos en donde algún hijo es menor de 25 años,Hogar formado por pareja con hijos en donde algún hijo es menor de 25 años,4,,residential
HH_2808,1 persona,Fortuna,Hogar con un hombre solo menor de 65 años,Hogar con un hombre solo menor de 65 años,1,,yes
HH_2809,4 personas,Zarzaquemada,Hogar formado por pareja con hijos en donde algún hijo es menor de 25 años,Hogar formado por pareja con hijos en donde algún hijo es menor de 25 años,4,Madrid,city
HH_2810,5 o mas personas,Fortuna,Hogar con un solo progenitor que convive con todos sus hijos de 25 años o más,Hogar con un solo progenitor que convive con todos sus hijos de 25 años o más,5,,yes
HH_2811,2 personas,Carrascal,Hogar formado por pareja sin hijos,Hogar formado por pareja sin hijos,2,,yes
HH_2812,1 persona,Carrascal,Hogar con un hombre solo menor de 65 años,Hogar con un hombre solo menor de 65 años,1,,house
HH_2813,4 personas,Norte,Hogar formado por pareja con hijos en donde algún hijo es menor de 25 años,Hogar formado por pareja con hijos en donde algún hijo es menor de 25 años,4,,yes
HH_2814,4 personas,Carrascal,Hogar formado por pareja o un solo progenitor que convive con algún hijo menor de 25 años y otra(s) persona(s),Hogar formado por pareja o un solo progenitor que convive con algún hijo menor de 25 años y otra(s) persona(s),4,,house
HH_2815,3 personas,Norte,Hogar con un solo progenitor que convive con todos sus hijos de 25 años o más,Hogar con un solo progenitor que convive con todos sus hijos de 25 años o más,3,,apartments
HH_2816,2 personas,Zarzaquemada,Hogar formado por pareja sin hijos,Hogar formado por pareja sin hijos,2,Madrid,city
HH_2817,3 personas,San Nicasio,Hogar formado por pareja con hijos en donde algún hijo es menor de 25 años,Hogar formado por pareja con hijos en donde algún hijo es menor de 25 años,3,Fuenlabrada,city
HH_2818,1 persona,Sur,Hogar con un hombre solo menor de 65 años,Hogar con un hombre solo menor de 65 años,1,,yes
HH_2819,2 personas,San Nicasio,Hogar formado por pareja sin hijos,Hogar formado por pareja sin hijos,2,,yes
HH_2820,2 personas,Zarzaquemada,Hogar con un solo progenitor que convive con algún hijo menor de 25 años,Hogar con un solo progenitor que convive con algún hijo menor de 25 años,2,Fuenlabrada,city
HH_2821,1 persona,Norte,Hogar con un hombre solo de 65 años o más,Hogar con un hombre solo de 65 años o más,1,,apartments
HH_2822,2 personas,Carrascal,Otro tipo de hogar,Otro tipo de hogar,2,,yes
HH_2823,1 persona,Polvoranca,Hogar con un hombre solo menor de 65 años,Hogar con un hombre solo menor de 65 años,1,,house
HH_2824,2 personas,Sur,Hogar formado por pareja sin hijos,Hogar formado por pareja sin hijos,2,Fuenlabrada,city
HH_2825,1 persona,Polvoranca,Hogar con una mujer sola menor de 65 años,Hogar con una mujer sola menor de 65 años,1,,semidetached_house
HH_2826,5 o mas personas,Carrascal,Hogar formado por pareja con hijos en donde algún hijo es menor de 25 años,Hogar formado por pareja con hijos en donde algún hijo es menor de 25 años,5,,detached
HH_2827,4 personas,Sur,Hogar formado por pareja con hijos en donde algún hijo es menor de 25 años,Hogar formado por pareja con hijos en donde algún hijo es menor de 25 años,4,,house
HH_2828,5 o mas personas,San Nicasio,Hogar formado por pareja o un solo progenitor que convive con algún hijo menor de 25 años y otra(s) persona(s),Hogar formado por pareja o un solo progenitor que convive con algún hijo menor de 25 años y otra(s) persona(s),5,,yes
HH_2829,2 personas,Polvoranca,Hogar formado por pareja sin hijos,Hogar formado por pareja sin hijos,2,,semidetached_house
HH_2830,3 personas,San Nicasio,Hogar formado por pareja con hijos en donde todos los hijos de 25 años o más,Hogar formado por pareja con hijos en donde todos los hijos de 25 años o más,3,,house
HH_2831,2 personas,Zarzaquemada,Hogar formado por pareja sin hijos,Hogar formado por pareja sin hijos,2,Madrid,city
HH_2832,1 persona,Zarzaquemada,Hogar con una mujer sola de 65 años o más,Hogar con una mujer sola de 65 años o más,1,,residential
HH_2833,1 persona,Zarzaquemada,Hogar con una mujer sola de 65 años o más,Hogar con una mujer sola de 65 años o más,1,,residential
HH_2834,2 personas,Carrascal,Hogar formado por pareja sin hijos,Hogar formado por pareja sin hijos,2,,apartments
HH_2835,1 persona,Fortuna,Hogar con una mujer sola de 65 años o más,Hogar con una mujer sola de 65 años o más,1,Madrid,city
HH_2836,2 personas,Zarzaquemada,Hogar con un solo progenitor que convive con todos sus hijos de 25 años o más,Hogar con un solo progenitor que convive con todos sus hijos de 25 años o más,2,Madrid,city
HH_2837,2 personas,Carrascal,Hogar con un solo progenitor que convive con algún hijo menor de 25 años,Hogar con un solo progenitor que convive con algún hijo menor de 25 años,2,Madrid,city
HH_2838,2 personas,San Nicasio,Hogar con un solo progenitor que convive con todos sus hijos de 25 años o más,Hogar con un solo progenitor que convive con todos sus hijos de 25 años o más,2,,yes
HH_2839,1 persona,Zarzaquemada,Hogar con un hombre solo menor de 65 años,Hogar con un hombre solo menor de 65 años,1,Hotel de Asociaciones,yes
HH_2840,4 personas,Zarzaquemada,Hogar formado por pareja con hijos en donde todos los hijos de 25 años o más,Hogar formado por pareja con hijos en donde todos los hijos de 25 años o más,4,,yes
HH_2841,4 personas,Carrascal,Hogar formado por pareja o un solo progenitor que convive con algún hijo menor de 25 años y otra(s) persona(s),Hogar formado por pareja o un solo progenitor que convive con algún hijo menor de 25 años y otra(s) persona(s),4,Aurgi,yes
HH_2842,4 personas,San Nicasio,Hogar formado por pareja con hijos en donde algún hijo es menor de 25 años,Hogar formado por pareja con hijos en donde algún hijo es menor de 25 años,4,Extremadura,city
HH_2843,2 personas,Zarzaquemada,Hogar con un solo progenitor que convive con algún hijo menor de 25 años,Hogar con un solo progenitor que convive con algún hijo menor de 25 años,2,,residential
HH_2844,1 persona,San Nicasio,Hogar con una mujer sola menor de 65 años,Hogar con una mujer sola menor de 65 años,1,,house
HH_2845,2 personas,Norte,Hogar formado por pareja sin hijos,Hogar formado por pareja sin hijos,2,,yes
HH_2846,2 personas,Zarzaquemada,Hogar formado por pareja sin hijos,Hogar formado por pareja sin hijos,2,,apartments
HH_2847,2 personas,Sur,Hogar con un solo progenitor que convive con todos sus hijos de 25 años o más,Hogar con un solo progenitor que convive con todos sus hijos de 25 años o más,2,,yes
HH_2848,4 personas,Fortuna,Hogar formado por pareja con hijos en donde algún hijo es menor de 25 años,Hogar formado por pareja con hijos en donde algún hijo es menor de 25 años,4,,yes
HH_2849,3 personas,Sur,Hogar formado por pareja con hijos en donde algún hijo es menor de 25 años,Hogar formado por pareja con hijos en donde algún hijo es menor de 25 años,3,,yes
HH_2850,2 personas,Sur,Hogar formado por pareja sin hijos,Hogar formado por pareja sin hijos,2,,yes
HH_2851,4 personas,Zarzaquemada,Hogar formado por pareja o un solo progenitor que convive con algún hijo menor de 25 años y otra(s) persona(s),Hogar formado por pareja o un solo progenitor que convive con algún hijo menor de 25 años y otra(s) persona(s),4,,apartments
HH_2852,1 persona,Zarzaquemada,Hogar con una mujer sola de 65 años o más,Hogar con una mujer sola de 65 años o más,1,Madrid,city
HH_2853,3 personas,Zarzaquemada,Hogar formado por pareja con hijos en donde algún hijo es menor de 25 años,Hogar formado por pareja con hijos en donde algún hijo es menor de 25 años,3,,apartments
HH_2854,2 personas,Sur,Hogar formado por pareja sin hijos,Hogar formado por pareja sin hijos,2,Madrid,city
HH_2855,1 persona,Zarzaquemada,Hogar con un hombre solo de 65 años o más,Hogar con un hombre solo de 65 años o más,1,,residential
HH_2856,2 personas,Sur,Hogar formado por pareja sin hijos,Hogar formado por pareja sin hijos,2,Mercedes-Benz Citycar Sur S.A.,yes
HH_2857,2 personas,Norte,Hogar formado por pareja sin hijos,Hogar formado por pareja sin hijos,2,,yes
HH_2858,2 personas,San Nicasio,Hogar con un solo progenitor que convive con todos sus hijos de 25 años o más,Hogar con un solo progenitor que convive con todos sus hijos de 25 años o más,2,Madrid,city
HH_2859,4 personas,Carrascal,Hogar formado por pareja con hijos en donde algún hijo es menor de 25 años,Hogar formado por pareja con hijos en donde algún hijo es menor de 25 años,4,,apartments
HH_2860,3 personas,Zarzaquemada,Hogar formado por pareja con hijos en donde algún hijo es menor de 25 años,Hogar formado por pareja con hijos en donde algún hijo es menor de 25 años,3,,apartments
HH_2861,4 personas,Fortuna,Hogar formado por pareja con hijos en donde algún hijo es menor de 25 años,Hogar formado por pareja con hijos en donde algún hijo es menor de 25 años,4,,yes
HH_2862,1 persona,Sur,Hogar con un hombre solo menor de 65 años,Hogar con un hombre solo menor de 65 años,1,Madrid,city
HH_2863,2 personas,Zarzaquemada,Hogar con un solo progenitor que convive con todos sus hijos de 25 años o más,Hogar con un solo progenitor que convive con todos sus hijos de 25 años o más,2,,apartments
HH_2864,2 personas,Zarzaquemada,Hogar formado por pareja sin hijos,Hogar formado por pareja sin hijos,2,,apartments
HH_2865,4 personas,San Nicasio,Hogar formado por pareja con hijos en donde algún hijo es menor de 25 años,Hogar formado por pareja con hijos en donde algún hijo es menor de 25 años,4,,house
HH_2866,3 personas,Carrascal,Hogar con un solo progenitor que convive con algún hijo menor de 25 años,Hogar con un solo progenitor que convive con algún hijo menor de 25 años,3,,yes
HH_2867,1 persona,Zarzaquemada,Hogar con un hombre solo menor de 65 años,Hogar con un hombre solo menor de 65 años,1,,yes
HH_2868,2 personas,Fortuna,Hogar formado por pareja sin hijos,Hogar formado por pareja sin hijos,2,,yes
HH_2869,4 personas,Fortuna,Hogar formado por pareja con hijos en donde algún hijo es menor de 25 años,Hogar formado por pareja con hijos en donde algún hijo es menor de 25 años,4,,yes
HH_2870,5 o mas personas,San Nicasio,Hogar formado por pareja o un solo progenitor que convive con algún hijo menor de 25 años y otra(s) persona(s),Hogar formado por pareja o un solo progenitor que convive con algún hijo menor de 25 años y otra(s) persona(s),5,,house
HH_2871,3 personas,Norte,Otro tipo de hogar,Otro tipo de hogar,3,Madrid,city
HH_2872,4 personas,Norte,Hogar formado por pareja con hijos en donde algún hijo es menor de 25 años,Hogar formado por pareja con hijos en donde algún hijo es menor de 25 años,4,Madrid,city
HH_2873,1 persona,Norte,Hogar con una mujer sola menor de 65 años,Hogar con una mujer sola menor de 65 años,1,,yes
HH_2874,4 personas,Zarzaquemada,Hogar formado por pareja o un solo progenitor que convive con algún hijo menor de 25 años y otra(s) persona(s),Hogar formado por pareja o un solo progenitor que convive con algún hijo menor de 25 años y otra(s) persona(s),4,,apartments
HH_2875,2 personas,Carrascal,Hogar formado por pareja sin hijos,Hogar formado por pareja sin hijos,2,,semidetached_house
HH_2876,3 personas,Zarzaquemada,Hogar formado por pareja con hijos en donde algún hijo es menor de 25 años,Hogar formado por pareja con hijos en donde algún hijo es menor de 25 años,3,,apartments
HH_2877,5 o mas personas,Zarzaquemada,Hogar formado por pareja con hijos en donde algún hijo es menor de 25 años,Hogar formado por pareja con hijos en donde algún hijo es menor de 25 años,5,,apartments
HH_2878,2 personas,Fortuna,Hogar formado por pareja sin hijos,Hogar formado por pareja sin hijos,2,,yes
HH_2879,4 personas,San Nicasio,Hogar formado por pareja con hijos en donde algún hijo es menor de 25 años,Hogar formado por pareja con hijos en donde algún hijo es menor de 25 años,4,,yes
HH_2880,3 personas,Zarzaquemada,Hogar formado por pareja con hijos en donde algún hijo es menor de 25 años,Hogar formado por pareja con hijos en donde algún hijo es menor de 25 años,3,,yes
HH_2881,4 personas,San Nicasio,Hogar formado por pareja con hijos en donde todos los hijos de 25 años o más,Hogar formado por pareja con hijos en donde todos los hijos de 25 años o más,4,,house
HH_2882,3 personas,San Nicasio,Hogar formado por pareja con hijos en donde algún hijo es menor de 25 años,Hogar formado por pareja con hijos en donde algún hijo es menor de 25 años,3,,semidetached_house
HH_2883,4 personas,Sur,Hogar formado por pareja con hijos en donde algún hijo es menor de 25 años,Hogar formado por pareja con hijos en donde algún hijo es menor de 25 años,4,,yes
HH_2884,2 personas,San Nicasio,Hogar formado por pareja sin hijos,Hogar formado por pareja sin hijos,2,Madrid,city
HH_2885,1 persona,Zarzaquemada,Hogar con una mujer sola de 65 años o más,Hogar con una mujer sola de 65 años o más,1,,residential
HH_2886,2 personas,Fortuna,Otro tipo de hogar,Otro tipo de hogar,2,,semidetached_house
HH_2887,1 persona,Carrascal,Hogar con un hombre solo menor de 65 años,Hogar con un hombre solo menor de 65 años,1,Madrid,city
HH_2888,2 personas,Norte,Hogar formado por pareja sin hijos,Hogar formado por pareja sin hijos,2,,apartments
HH_2889,3 personas,Carrascal,Hogar con un solo progenitor que convive con algún hijo menor de 25 años,Hogar con un solo progenitor que convive con algún hijo menor de 25 años,3,,yes
HH_2890,2 personas,Norte,Hogar formado por pareja sin hijos,Hogar formado por pareja sin hijos,2,Madrid,city
HH_2891,3 personas,Carrascal,Hogar con un solo progenitor que convive con algún hijo menor de 25 años,Hogar con un solo progenitor que convive con algún hijo menor de 25 años,3,,detached
HH_2892,3 personas,Zarzaquemada,Hogar formado por pareja con hijos en donde algún hijo es menor de 25 años,Hogar formado por pareja con hijos en donde algún hijo es menor de 25 años,3,,apartments
HH_2893,1 persona,Fortuna,Hogar con una mujer sola de 65 años o más,Hogar con una mujer sola de 65 años o más,1,,yes
HH_2894,2 personas,Zarzaquemada,Hogar formado por pareja sin hijos,Hogar formado por pareja sin hijos,2,,apartments
HH_2895,2 personas,Zarzaquemada,Hogar formado por pareja sin hijos,Hogar formado por pareja sin hijos,2,,apartments
HH_2896,1 persona,Carrascal,Hogar con una mujer sola de 65 años o más,Hogar con una mujer sola de 65 años o más,1,,apartments
HH_2897,4 personas,Sur,Hogar formado por pareja con hijos en donde algún hijo es menor de 25 años,Hogar formado por pareja con hijos en donde algún hijo es menor de 25 años,4,,yes
HH_2898,3 personas,Carrascal,Otro tipo de hogar,Otro tipo de hogar,3,Getafe norte,city
HH_2899,5 o mas personas,Sur,Hogar formado por pareja con hijos en donde algún hijo es menor de 25 años,Hogar formado por pareja con hijos en donde algún hijo es menor de 25 años,5,,yes
HH_2900,4 personas,Norte,Hogar formado por pareja con hijos en donde algún hijo es menor de 25 años,Hogar formado por pareja con hijos en donde algún hijo es menor de 25 años,4,,residential
HH_2901,3 personas,Norte,Hogar con un solo progenitor que convive con algún hijo menor de 25 años,Hogar con un solo progenitor que convive con algún hijo menor de 25 años,3,Madrid,city
HH_2902,1 persona,Zarzaquemada,Hogar con un hombre solo menor de 65 años,Hogar con un hombre solo menor de 65 años,1,Madrid,city
HH_2903,2 personas,Polvoranca,Hogar formado por pareja sin hijos,Hogar formado por pareja sin hijos,2,,semidetached_house
HH_2904,1 persona,Carrascal,Hogar con una mujer sola menor de 65 años,Hogar con una mujer sola menor de 65 años,1,,apartments
HH_2905,1 persona,San Nicasio,Hogar con un hombre solo menor de 65 años,Hogar con un hombre solo menor de 65 años,1,Madrid,city
HH_2906,2 personas,Carrascal,Hogar formado por pareja sin hijos,Hogar formado por pareja sin hijos,2,,yes
HH_2907,4 personas,Zarzaquemada,Hogar formado por pareja con hijos en donde todos los hijos de 25 años o más,Hogar formado por pareja con hijos en donde todos los hijos de 25 años o más,4,,apartments
HH_2908,5 o mas personas,San Nicasio,Hogar formado por pareja con hijos en donde algún hijo es menor de 25 años,Hogar formado por pareja con hijos en donde algún hijo es menor de 25 años,5,,yes
HH_2909,2 personas,San Nicasio,Hogar con un solo progenitor que convive con todos sus hijos de 25 años o más,Hogar con un solo progenitor que convive con todos sus hijos de 25 años o más,2,Fuenlabrada,city
HH_2910,1 persona,San Nicasio,Hogar con una mujer sola de 65 años o más,Hogar con una mujer sola de 65 años o más,1,,yes
HH_2911,3 personas,San Nicasio,Hogar formado por pareja con hijos en donde algún hijo es menor de 25 años,Hogar formado por pareja con hijos en donde algún hijo es menor de 25 años,3,,semidetached_house
HH_2912,1 persona,Carrascal,Hogar con una mujer sola de 65 años o más,Hogar con una mujer sola de 65 años o más,1,,residential
HH_2913,2 personas,Sur,Hogar con un solo progenitor que convive con algún hijo menor de 25 años,Hogar con un solo progenitor que convive con algún hijo menor de 25 años,2,,yes
HH_2914,5 o mas personas,San Nicasio,Otro tipo de hogar,Otro tipo de hogar,5,,house
HH_2915,1 persona,Zarzaquemada,Hogar con un hombre solo menor de 65 años,Hogar con un hombre solo menor de 65 años,1,Alcorcon,city
HH_2916,2 personas,Carrascal,Hogar formado por pareja sin hijos,Hogar formado por pareja sin hijos,2,,residential
HH_2917,1 persona,Zarzaquemada,Hogar con una mujer sola menor de 65 años,Hogar con una mujer sola menor de 65 años,1,,yes
HH_2918,4 personas,San Nicasio,Hogar formado por pareja con hijos en donde algún hijo es menor de 25 años,Hogar formado por pareja con hijos en donde algún hijo es menor de 25 años,4,,yes
HH_2919,2 personas,Zarzaquemada,Hogar formado por pareja sin hijos,Hogar formado por pareja sin hijos,2,,apartments
HH_2920,3 personas,San Nicasio,Hogar con un solo progenitor que convive con algún hijo menor de 25 años,Hogar con un solo progenitor que convive con algún hijo menor de 25 años,3,,terrace
HH_2921,2 personas,Fortuna,Hogar formado por pareja sin hijos,Hogar formado por pareja sin hijos,2,,yes
HH_2922,3 personas,Zarzaquemada,Hogar formado por pareja con hijos en donde algún hijo es menor de 25 años,Hogar formado por pareja con hijos en donde algún hijo es menor de 25 años,3,Getafe norte,city
HH_2923,2 personas,Norte,Hogar formado por pareja sin hijos,Hogar formado por pareja sin hijos,2,,apartments
HH_2924,4 personas,Norte,Hogar formado por pareja con hijos en donde algún hijo es menor de 25 años,Hogar formado por pareja con hijos en donde algún hijo es menor de 25 años,4,Getafe norte,city
HH_2925,3 personas,Sur,Hogar formado por pareja con hijos en donde todos los hijos de 25 años o más,Hogar formado por pareja con hijos en donde todos los hijos de 25 años o más,3,,apartments
HH_2926,3 personas,Zarzaquemada,Hogar formado por pareja con hijos en donde todos los hijos de 25 años o más,Hogar formado por pareja con hijos en donde todos los hijos de 25 años o más,3,,residential
HH_2927,3 personas,Carrascal,Hogar con un solo progenitor que convive con algún hijo menor de 25 años,Hogar con un solo progenitor que convive con algún hijo menor de 25 años,3,Fuenlabrada,city
HH_2928,3 personas,Zarzaquemada,Hogar formado por pareja con hijos en donde todos los hijos de 25 años o más,Hogar formado por pareja con hijos en donde todos los hijos de 25 años o más,3,Madrid,city
HH_2929,3 personas,Zarzaquemada,Otro tipo de hogar,Otro tipo de hogar,3,,apartments
HH_2930,2 personas,Zarzaquemada,Hogar con un solo progenitor que convive con todos sus hijos de 25 años o más,Hogar con un solo progenitor que convive con todos sus hijos de 25 años o más,2,,residential
HH_2931,5 o mas personas,Polvoranca,Hogar formado por pareja con hijos en donde algún hijo es menor de 25 años,Hogar formado por pareja con hijos en donde algún hijo es menor de 25 años,5,,semidetached_house
HH_2932,2 personas,Zarzaquemada,Hogar con un solo progenitor que convive con todos sus hijos de 25 años o más,Hogar con un solo progenitor que convive con todos sus hijos de 25 años o más,2,Madrid,city
HH_2933,1 persona,Norte,Hogar con un hombre solo de 65 años o más,Hogar con un hombre solo de 65 años o más,1,,yes
HH_2934,1 persona,Polvoranca,Hogar con un hombre solo menor de 65 años,Hogar con un hombre solo menor de 65 años,1,Extremadura,city
HH_2935,2 personas,Zarzaquemada,Hogar formado por pareja sin hijos,Hogar formado por pareja sin hijos,2,,residential
HH_2936,5 o mas personas,Zarzaquemada,Hogar formado por pareja con hijos en donde algún hijo es menor de 25 años,Hogar formado por pareja con hijos en donde algún hijo es menor de 25 años,5,,apartments
HH_2937,4 personas,Carrascal,Hogar formado por pareja con hijos en donde algún hijo es menor de 25 años,Hogar formado por pareja con hijos en donde algún hijo es menor de 25 años,4,Fuenlabrada,city
HH_2938,5 o mas personas,Zarzaquemada,Hogar formado por pareja con hijos en donde algún hijo es menor de 25 años,Hogar formado por pareja con hijos en donde algún hijo es menor de 25 años,5,,apartments
HH_2939,1 persona,Carrascal,Hogar con una mujer sola menor de 65 años,Hogar con una mujer sola menor de 65 años,1,Madrid,city
HH_2940,4 personas,Norte,Hogar formado por pareja con hijos en donde todos los hijos de 25 años o más,Hogar formado por pareja con hijos en donde todos los hijos de 25 años o más,4,,yes
HH_2941,1 persona,Sur,Hogar con una mujer sola de 65 años o más,Hogar con una mujer sola de 65 años o más,1,,residential
HH_2942,1 persona,Sur,Hogar con un hombre solo menor de 65 años,Hogar con un hombre solo menor de 65 años,1,,residential
HH_2943,1 persona,San Nicasio,Hogar con una mujer sola de 65 años o más,Hogar con una mujer sola de 65 años o más,1,,yes
HH_2944,2 personas,Norte,Hogar formado por pareja sin hijos,Hogar formado por pareja sin hijos,2,,house
HH_2945,3 personas,Zarzaquemada,Hogar formado por pareja con hijos en donde algún hijo es menor de 25 años,Hogar formado por pareja con hijos en donde algún hijo es menor de 25 años,3,Mostoles,city
HH_2946,1 persona,Zarzaquemada,Hogar con una mujer sola de 65 años o más,Hogar con una mujer sola de 65 años o más,1,,apartments
HH_2947,5 o mas personas,Carrascal,Hogar formado por pareja o un solo progenitor que convive con algún hijo menor de 25 años y otra(s) persona(s),Hogar formado por pareja o un solo progenitor que convive con algún hijo menor de 25 años y otra(s) persona(s),5,,yes
HH_2948,3 personas,Carrascal,Hogar formado por pareja con hijos en donde algún hijo es menor de 25 años,Hogar formado por pareja con hijos en donde algún hijo es menor de 25 años,3,,apartments
HH_2949,1 persona,San Nicasio,Hogar con un hombre solo menor de 65 años,Hogar con un hombre solo menor de 65 años,1,,yes
HH_2950,2 personas,Sur,Hogar con un solo progenitor que convive con todos sus hijos de 25 años o más,Hogar con un solo progenitor que convive con todos sus hijos de 25 años o más,2,Madrid,city
HH_2951,3 personas,Zarzaquemada,Hogar formado por pareja con hijos en donde todos los hijos de 25 años o más,Hogar formado por pareja con hijos en donde todos los hijos de 25 años o más,3,,apartments
HH_2952,2 personas,Zarzaquemada,Hogar con un solo progenitor que convive con algún hijo menor de 25 años,Hogar con un solo progenitor que convive con algún hijo menor de 25 años,2,,apartments
HH_2953,2 personas,San Nicasio,Hogar formado por pareja sin hijos,Hogar formado por pareja sin hijos,2,Alcorcon,city
HH_2954,1 persona,Carrascal,Hogar con una mujer sola de 65 años o más,Hogar con una mujer sola de 65 años o más,1,,residential
HH_2955,3 personas,Carrascal,Hogar formado por pareja con hijos en donde todos los hijos de 25 años o más,Hogar formado por pareja con hijos en donde todos los hijos de 25 años o más,3,,apartments
HH_2956,3 personas,Zarzaquemada,Hogar formado por pareja o un solo progenitor que convive con algún hijo menor de 25 años y otra(s) persona(s),Hogar formado por pareja o un solo progenitor que convive con algún hijo menor de 25 años y otra(s) persona(s),3,,yes
HH_2957,1 persona,Carrascal,Hogar con una mujer sola de 65 años o más,Hogar con una mujer sola de 65 años o más,1,,semidetached_house
HH_2958,4 personas,Carrascal,Hogar formado por pareja con hijos en donde algún hijo es menor de 25 años,Hogar formado por pareja con hijos en donde algún hijo es menor de 25 años,4,Madrid,city
HH_2959,3 personas,Sur,Hogar con un solo progenitor que convive con algún hijo menor de 25 años,Hogar con un solo progenitor que convive con algún hijo menor de 25 años,3,Madrid,city
HH_2960,2 personas,San Nicasio,Hogar formado por pareja sin hijos,Hogar formado por pareja sin hijos,2,Fuenlabrada,city
HH_2961,1 persona,San Nicasio,Hogar con una mujer sola menor de 65 años,Hogar con una mujer sola menor de 65 años,1,Madrid,city
HH_2962,2 personas,Norte,Hogar formado por pareja sin hijos,Hogar formado por pareja sin hijos,2,Madrid,city
HH_2963,1 persona,San Nicasio,Hogar con una mujer sola de 65 años o más,Hogar con una mujer sola de 65 años o más,1,,semidetached_house
HH_2964,3 personas,Polvoranca,Hogar formado por pareja con hijos en donde todos los hijos de 25 años o más,Hogar formado por pareja con hijos en donde todos los hijos de 25 años o más,3,,house
HH_2965,3 personas,Carrascal,Hogar con un solo progenitor que convive con algún hijo menor de 25 años,Hogar con un solo progenitor que convive con algún hijo menor de 25 años,3,,semidetached_house
HH_2966,3 personas,Sur,Hogar formado por pareja con hijos en donde todos los hijos de 25 años o más,Hogar formado por pareja con hijos en donde todos los hijos de 25 años o más,3,,yes
HH_2967,3 personas,Norte,Hogar formado por pareja con hijos en donde todos los hijos de 25 años o más,Hogar formado por pareja con hijos en donde todos los hijos de 25 años o más,3,Fuenlabrada,city
HH_2968,4 personas,Zarzaquemada,Hogar formado por pareja o un solo progenitor que convive con algún hijo menor de 25 años y otra(s) persona(s),Hogar formado por pareja o un solo progenitor que convive con algún hijo menor de 25 años y otra(s) persona(s),4,,residential
HH_2969,1 persona,San Nicasio,Hogar con una mujer sola de 65 años o más,Hogar con una mujer sola de 65 años o más,1,,house
HH_2970,2 personas,Polvoranca,Hogar formado por pareja sin hijos,Hogar formado por pareja sin hijos,2,,house
HH_2971,3 personas,Norte,Hogar formado por pareja con hijos en donde todos los hijos de 25 años o más,Hogar formado por pareja con hijos en donde todos los hijos de 25 años o más,3,Madrid,city
HH_2972,4 personas,San Nicasio,Hogar formado por pareja con hijos en donde algún hijo es menor de 25 años,Hogar formado por pareja con hijos en donde algún hijo es menor de 25 años,4,,house
HH_2973,1 persona,Zarzaquemada,Hogar con una mujer sola menor de 65 años,Hogar con una mujer sola menor de 65 años,1,,apartments
HH_2974,2 personas,Zarzaquemada,Hogar formado por pareja sin hijos,Hogar formado por pareja sin hijos,2,,apartments
HH_2975,2 personas,Zarzaquemada,Hogar con un solo progenitor que convive con algún hijo menor de 25 años,Hogar con un solo progenitor que convive con algún hijo menor de 25 años,2,,yes
HH_2976,2 personas,Norte,Hogar con un solo progenitor que convive con algún hijo menor de 25 años,Hogar con un solo progenitor que convive con algún hijo menor de 25 años,2,,yes
HH_2977,1 persona,Zarzaquemada,Hogar con una mujer sola menor de 65 años,Hogar con una mujer sola menor de 65 años,1,Getafe norte,city
HH_2978,4 personas,Zarzaquemada,Hogar formado por pareja con hijos en donde algún hijo es menor de 25 años,Hogar formado por pareja con hijos en donde algún hijo es menor de 25 años,4,,residential
HH_2979,4 personas,Carrascal,Hogar formado por pareja con hijos en donde algún hijo es menor de 25 años,Hogar formado por pareja con hijos en donde algún hijo es menor de 25 años,4,,residential
HH_2980,2 personas,Fortuna,Hogar formado por pareja sin hijos,Hogar formado por pareja sin hijos,2,,yes
HH_2981,1 persona,Norte,Hogar con una mujer sola de 65 años o más,Hogar con una mujer sola de 65 años o más,1,,yes
HH_2982,4 personas,Zarzaquemada,Hogar formado por pareja con hijos en donde algún hijo es menor de 25 años,Hogar formado por pareja con hijos en donde algún hijo es menor de 25 años,4,,residential
HH_2983,3 personas,Carrascal,Hogar formado por pareja con hijos en donde todos los hijos de 25 años o más,Hogar formado por pareja con hijos en donde todos los hijos de 25 años o más,3,,yes
HH_2984,3 personas,Carrascal,Hogar formado por pareja con hijos en donde algún hijo es menor de 25 años,Hogar formado por pareja con hijos en donde algún hijo es menor de 25 años,3,Fuenlabrada,city
HH_2985,1 persona,Zarzaquemada,Hogar con una mujer sola de 65 años o más,Hogar con una mujer sola de 65 años o más,1,Madrid,city
HH_2986,3 personas,Zarzaquemada,Hogar formado por pareja con hijos en donde todos los hijos de 25 años o más,Hogar formado por pareja con hijos en donde todos los hijos de 25 años o más,3,,apartments
HH_2987,1 persona,Sur,Hogar con una mujer sola de 65 años o más,Hogar con una mujer sola de 65 años o más,1,,residential
HH_2988,3 personas,Carrascal,Hogar formado por pareja con hijos en donde algún hijo es menor de 25 años,Hogar formado por pareja con hijos en donde algún hijo es menor de 25 años,3,,house
HH_2989,3 personas,Zarzaquemada,Hogar formado por pareja con hijos en donde algún hijo es menor de 25 años,Hogar formado por pareja con hijos en donde algún hijo es menor de 25 años,3,Madrid,city
HH_2990,4 personas,Sur,Hogar formado por pareja con hijos en donde algún hijo es menor de 25 años,Hogar formado por pareja con hijos en donde algún hijo es menor de 25 años,4,Madrid,city
HH_2991,2 personas,Zarzaquemada,Hogar con un solo progenitor que convive con todos sus hijos de 25 años o más,Hogar con un solo progenitor que convive con todos sus hijos de 25 años o más,2,,apartments
HH_2992,1 persona,Carrascal,Hogar con un hombre solo menor de 65 años,Hogar con un hombre solo menor de 65 años,1,Madrid,city
HH_2993,1 persona,Carrascal,Hogar con una mujer sola menor de 65 años,Hogar con una mujer sola menor de 65 años,1,,semidetached_house
HH_2994,3 personas,Fortuna,Hogar con un solo progenitor que convive con todos sus hijos de 25 años o más,Hogar con un solo progenitor que convive con todos sus hijos de 25 años o más,3,,yes
HH_2995,4 personas,Norte,Hogar formado por pareja con hijos en donde algún hijo es menor de 25 años,Hogar formado por pareja con hijos en donde algún hijo es menor de 25 años,4,,apartments
HH_2996,2 personas,Polvoranca,Otro tipo de hogar,Otro tipo de hogar,2,,semidetached_house
HH_2997,5 o mas personas,Carrascal,Hogar formado por pareja o un solo progenitor que convive con algún hijo menor de 25 años y otra(s) persona(s),Hogar formado por pareja o un solo progenitor que convive con algún hijo menor de 25 años y otra(s) persona(s),5,,apartments
HH_2998,2 personas,Sur,Hogar formado por pareja sin hijos,Hogar formado por pareja sin hijos,2,,yes
HH_2999,1 persona,Fortuna,Hogar con una mujer sola menor de 65 años,Hogar con una mujer sola menor de 65 años,1,,semidetached_house
HH_3000,2 personas,Norte,Hogar formado por pareja sin hijos,Hogar formado por pareja sin hijos,2,Madrid,city
HH_3001,1 persona,Zarzaquemada,Hogar con una mujer sola de 65 años o más,Hogar con una mujer sola de 65 años o más,1,Madrid,city
HH_3002,3 personas,Norte,Otro tipo de hogar,Otro tipo de hogar,3,,apartments
HH_3003,1 persona,Sur,Hogar con un hombre solo menor de 65 años,Hogar con un hombre solo menor de 65 años,1,Madrid,city
HH_3004,5 o mas personas,Zarzaquemada,Hogar formado por pareja o un solo progenitor que convive con algún hijo menor de 25 años y otra(s) persona(s),Hogar formado por pareja o un solo progenitor que convive con algún hijo menor de 25 años y otra(s) persona(s),5,,residential
HH_3005,4 personas,San Nicasio,Hogar formado por pareja o un solo progenitor que convive con algún hijo menor de 25 años y otra(s) persona(s),Hogar formado por pareja o un solo progenitor que convive con algún hijo menor de 25 años y otra(s) persona(s),4,,apartments
HH_3006,1 persona,Norte,Hogar con una mujer sola menor de 65 años,Hogar con una mujer sola menor de 65 años,1,,apartments
HH_3007,4 personas,Sur,Hogar formado por pareja con hijos en donde algún hijo es menor de 25 años,Hogar formado por pareja con hijos en donde algún hijo es menor de 25 años,4,Alcorcon,city
HH_3008,3 personas,Sur,Hogar formado por pareja con hijos en donde todos los hijos de 25 años o más,Hogar formado por pareja con hijos en donde todos los hijos de 25 años o más,3,,house
HH_3009,2 personas,Polvoranca,Hogar formado por pareja sin hijos,Hogar formado por pareja sin hijos,2,,house
HH_3010,3 personas,Polvoranca,Hogar formado por pareja con hijos en donde algún hijo es menor de 25 años,Hogar formado por pareja con hijos en donde algún hijo es menor de 25 años,3,,semidetached_house
HH_3011,5 o mas personas,Sur,Hogar formado por pareja o un solo progenitor que convive con algún hijo menor de 25 años y otra(s) persona(s),Hogar formado por pareja o un solo progenitor que convive con algún hijo menor de 25 años y otra(s) persona(s),5,Mazda,yes
HH_3012,2 personas,Sur,Hogar formado por pareja sin hijos,Hogar formado por pareja sin hijos,2,,yes
HH_3013,3 personas,Sur,Hogar formado por pareja con hijos en donde algún hijo es menor de 25 años,Hogar formado por pareja con hijos en donde algún hijo es menor de 25 años,3,,yes
HH_3014,2 personas,Zarzaquemada,Hogar con un solo progenitor que convive con algún hijo menor de 25 años,Hogar con un solo progenitor que convive con algún hijo menor de 25 años,2,Getafe norte,city
HH_3015,2 personas,Zarzaquemada,Hogar formado por pareja sin hijos,Hogar formado por pareja sin hijos,2,,apartments
HH_3016,3 personas,Zarzaquemada,Hogar formado por pareja con hijos en donde todos los hijos de 25 años o más,Hogar formado por pareja con hijos en donde todos los hijos de 25 años o más,3,,apartments
HH_3017,2 personas,San Nicasio,Hogar con un solo progenitor que convive con todos sus hijos de 25 años o más,Hogar con un solo progenitor que convive con todos sus hijos de 25 años o más,2,,semidetached_house
HH_3018,2 personas,Zarzaquemada,Otro tipo de hogar,Otro tipo de hogar,2,Extremadura,city
HH_3019,2 personas,Zarzaquemada,Hogar con un solo progenitor que convive con algún hijo menor de 25 años,Hogar con un solo progenitor que convive con algún hijo menor de 25 años,2,,apartments
HH_3020,2 personas,Fortuna,Hogar con un solo progenitor que convive con algún hijo menor de 25 años,Hogar con un solo progenitor que convive con algún hijo menor de 25 años,2,Madrid,city
HH_3021,1 persona,Sur,Hogar con una mujer sola de 65 años o más,Hogar con una mujer sola de 65 años o más,1,Fuenlabrada,city
HH_3022,3 personas,Norte,Hogar formado por pareja con hijos en donde todos los hijos de 25 años o más,Hogar formado por pareja con hijos en donde todos los hijos de 25 años o más,3,,yes
HH_3023,4 personas,Carrascal,Hogar con un solo progenitor que convive con algún hijo menor de 25 años,Hogar con un solo progenitor que convive con algún hijo menor de 25 años,4,,semidetached_house
HH_3024,2 personas,Zarzaquemada,Hogar con un solo progenitor que convive con todos sus hijos de 25 años o más,Hogar con un solo progenitor que convive con todos sus hijos de 25 años o más,2,Madrid,city
HH_3025,4 personas,Norte,Hogar formado por pareja con hijos en donde algún hijo es menor de 25 años,Hogar formado por pareja con hijos en donde algún hijo es menor de 25 años,4,Alcorcon,city
HH_3026,1 persona,Sur,Hogar con una mujer sola menor de 65 años,Hogar con una mujer sola menor de 65 años,1,,yes
HH_3027,2 personas,Carrascal,Otro tipo de hogar,Otro tipo de hogar,2,,semidetached_house
HH_3028,5 o mas personas,Sur,Otro tipo de hogar,Otro tipo de hogar,5,,yes
HH_3029,2 personas,Carrascal,Hogar formado por pareja sin hijos,Hogar formado por pareja sin hijos,2,Centro de Salud Leganés Norte,yes
HH_3030,2 personas,Zarzaquemada,Hogar formado por pareja sin hijos,Hogar formado por pareja sin hijos,2,,residential
HH_3031,1 persona,Carrascal,Hogar con un hombre solo menor de 65 años,Hogar con un hombre solo menor de 65 años,1,,residential
HH_3032,3 personas,Sur,Hogar formado por pareja con hijos en donde algún hijo es menor de 25 años,Hogar formado por pareja con hijos en donde algún hijo es menor de 25 años,3,Madrid,city
HH_3033,3 personas,Sur,Hogar formado por pareja con hijos en donde todos los hijos de 25 años o más,Hogar formado por pareja con hijos en donde todos los hijos de 25 años o más,3,Madrid,city
HH_3034,3 personas,Carrascal,Hogar formado por pareja con hijos en donde algún hijo es menor de 25 años,Hogar formado por pareja con hijos en donde algún hijo es menor de 25 años,3,,house
HH_3035,1 persona,Zarzaquemada,Hogar con una mujer sola de 65 años o más,Hogar con una mujer sola de 65 años o más,1,,apartments
HH_3036,2 personas,Norte,Hogar con un solo progenitor que convive con todos sus hijos de 25 años o más,Hogar con un solo progenitor que convive con todos sus hijos de 25 años o más,2,Madrid,city
HH_3037,2 personas,Norte,Hogar formado por pareja sin hijos,Hogar formado por pareja sin hijos,2,,apartments
HH_3038,5 o mas personas,Carrascal,Hogar formado por pareja con hijos en donde algún hijo es menor de 25 años,Hogar formado por pareja con hijos en donde algún hijo es menor de 25 años,5,,yes
HH_3039,1 persona,San Nicasio,Hogar con una mujer sola de 65 años o más,Hogar con una mujer sola de 65 años o más,1,,yes
HH_3040,2 personas,Sur,Hogar con un solo progenitor que convive con todos sus hijos de 25 años o más,Hogar con un solo progenitor que convive con todos sus hijos de 25 años o más,2,,yes
HH_3041,2 personas,Sur,Hogar formado por pareja sin hijos,Hogar formado por pareja sin hijos,2,,yes
HH_3042,1 persona,Polvoranca,Hogar con un hombre solo menor de 65 años,Hogar con un hombre solo menor de 65 años,1,,semidetached_house
HH_3043,2 personas,Norte,Hogar con un solo progenitor que convive con todos sus hijos de 25 años o más,Hogar con un solo progenitor que convive con todos sus hijos de 25 años o más,2,,apartments
HH_3044,2 personas,Sur,Hogar formado por pareja sin hijos,Hogar formado por pareja sin hijos,2,Alcorcon,city
HH_3045,4 personas,Polvoranca,Hogar formado por pareja con hijos en donde algún hijo es menor de 25 años,Hogar formado por pareja con hijos en donde algún hijo es menor de 25 años,4,,semidetached_house
HH_3046,3 personas,Zarzaquemada,Hogar formado por pareja con hijos en donde todos los hijos de 25 años o más,Hogar formado por pareja con hijos en donde todos los hijos de 25 años o más,3,,apartments
HH_3047,2 personas,Zarzaquemada,Otro tipo de hogar,Otro tipo de hogar,2,Madrid,city
HH_3048,2 personas,Norte,Hogar con un solo progenitor que convive con algún hijo menor de 25 años,Hogar con un solo progenitor que convive con algún hijo menor de 25 años,2,,residential
HH_3049,2 personas,Polvoranca,Hogar formado por pareja sin hijos,Hogar formado por pareja sin hijos,2,,house
HH_3050,4 personas,Norte,Hogar formado por pareja con hijos en donde algún hijo es menor de 25 años,Hogar formado por pareja con hijos en donde algún hijo es menor de 25 años,4,,apartments
HH_3051,4 personas,San Nicasio,Hogar formado por pareja con hijos en donde algún hijo es menor de 25 años,Hogar formado por pareja con hijos en donde algún hijo es menor de 25 años,4,,yes
HH_3052,3 personas,Sur,Hogar formado por pareja con hijos en donde algún hijo es menor de 25 años,Hogar formado por pareja con hijos en donde algún hijo es menor de 25 años,3,Madrid,city
HH_3053,3 personas,Zarzaquemada,Hogar formado por pareja con hijos en donde todos los hijos de 25 años o más,Hogar formado por pareja con hijos en donde todos los hijos de 25 años o más,3,,apartments
HH_3054,1 persona,Sur,Hogar con una mujer sola de 65 años o más,Hogar con una mujer sola de 65 años o más,1,,yes
HH_3055,4 personas,Sur,Hogar formado por pareja con hijos en donde algún hijo es menor de 25 años,Hogar formado por pareja con hijos en donde algún hijo es menor de 25 años,4,Madrid,city
HH_3056,1 persona,Zarzaquemada,Hogar con un hombre solo menor de 65 años,Hogar con un hombre solo menor de 65 años,1,,residential
HH_3057,2 personas,Zarzaquemada,Hogar con un solo progenitor que convive con todos sus hijos de 25 años o más,Hogar con un solo progenitor que convive con todos sus hijos de 25 años o más,2,,residential
HH_3058,4 personas,Polvoranca,Hogar formado por pareja con hijos en donde algún hijo es menor de 25 años,Hogar formado por pareja con hijos en donde algún hijo es menor de 25 años,4,,house
HH_3059,3 personas,Carrascal,Hogar formado por pareja con hijos en donde todos los hijos de 25 años o más,Hogar formado por pareja con hijos en donde todos los hijos de 25 años o más,3,,house
HH_3060,3 personas,San Nicasio,Hogar formado por pareja con hijos en donde algún hijo es menor de 25 años,Hogar formado por pareja con hijos en donde algún hijo es menor de 25 años,3,,semidetached_house
HH_3061,2 personas,San Nicasio,Hogar con un solo progenitor que convive con algún hijo menor de 25 años,Hogar con un solo progenitor que convive con algún hijo menor de 25 años,2,,apartments
HH_3062,3 personas,San Nicasio,Hogar formado por pareja con hijos en donde algún hijo es menor de 25 años,Hogar formado por pareja con hijos en donde algún hijo es menor de 25 años,3,,yes
HH_3063,2 personas,San Nicasio,Hogar con un solo progenitor que convive con todos sus hijos de 25 años o más,Hogar con un solo progenitor que convive con todos sus hijos de 25 años o más,2,,house
HH_3064,5 o mas personas,San Nicasio,Hogar formado por pareja o un solo progenitor que convive con algún hijo menor de 25 años y otra(s) persona(s),Hogar formado por pareja o un solo progenitor que convive con algún hijo menor de 25 años y otra(s) persona(s),5,,semidetached_house
HH_3065,2 personas,Carrascal,Hogar formado por pareja sin hijos,Hogar formado por pareja sin hijos,2,,house
HH_3066,3 personas,Sur,Hogar con un solo progenitor que convive con todos sus hijos de 25 años o más,Hogar con un solo progenitor que convive con todos sus hijos de 25 años o más,3,,house
HH_3067,2 personas,Sur,Hogar formado por pareja sin hijos,Hogar formado por pareja sin hijos,2,,yes
HH_3068,2 personas,Fortuna,Hogar formado por pareja sin hijos,Hogar formado por pareja sin hijos,2,,semidetached_house
HH_3069,2 personas,Zarzaquemada,Hogar formado por pareja sin hijos,Hogar formado por pareja sin hijos,2,,residential
HH_3070,2 personas,San Nicasio,Hogar formado por pareja sin hijos,Hogar formado por pareja sin hijos,2,Mostoles,city
HH_3071,1 persona,Zarzaquemada,Hogar con un hombre solo menor de 65 años,Hogar con un hombre solo menor de 65 años,1,Madrid,city
HH_3072,3 personas,Fortuna,Hogar formado por pareja con hijos en donde todos los hijos de 25 años o más,Hogar formado por pareja con hijos en donde todos los hijos de 25 años o más,3,,yes
HH_3073,4 personas,Norte,Hogar formado por pareja con hijos en donde algún hijo es menor de 25 años,Hogar formado por pareja con hijos en donde algún hijo es menor de 25 años,4,,apartments
HH_3074,2 personas,Polvoranca,Hogar formado por pareja sin hijos,Hogar formado por pareja sin hijos,2,,semidetached_house
HH_3075,2 personas,Fortuna,Hogar formado por pareja sin hijos,Hogar formado por pareja sin hijos,2,,yes
HH_3076,3 personas,Zarzaquemada,Hogar con un solo progenitor que convive con algún hijo menor de 25 años,Hogar con un solo progenitor que convive con algún hijo menor de 25 años,3,,apartments
HH_3077,4 personas,San Nicasio,Hogar formado por pareja con hijos en donde algún hijo es menor de 25 años,Hogar formado por pareja con hijos en donde algún hijo es menor de 25 años,4,Getafe norte,city
HH_3078,4 personas,Polvoranca,Hogar formado por pareja con hijos en donde algún hijo es menor de 25 años,Hogar formado por pareja con hijos en donde algún hijo es menor de 25 años,4,,house
HH_3079,1 persona,Carrascal,Hogar con un hombre solo de 65 años o más,Hogar con un hombre solo de 65 años o más,1,,apartments
HH_3080,1 persona,Zarzaquemada,Hogar con una mujer sola menor de 65 años,Hogar con una mujer sola menor de 65 años,1,Centro Cultural Julián Besteiro,yes
HH_3081,2 personas,Carrascal,Hogar con un solo progenitor que convive con algún hijo menor de 25 años,Hogar con un solo progenitor que convive con algún hijo menor de 25 años,2,Fuenlabrada,city
HH_3082,1 persona,Sur,Hogar con una mujer sola menor de 65 años,Hogar con una mujer sola menor de 65 años,1,Madrid,city
HH_3083,5 o mas personas,Zarzaquemada,Hogar formado por pareja o un solo progenitor que convive con algún hijo menor de 25 años y otra(s) persona(s),Hogar formado por pareja o un solo progenitor que convive con algún hijo menor de 25 años y otra(s) persona(s),5,,residential
HH_3084,4 personas,Polvoranca,Hogar formado por pareja con hijos en donde algún hijo es menor de 25 años,Hogar formado por pareja con hijos en donde algún hijo es menor de 25 años,4,,semidetached_house
HH_3085,5 o mas personas,Zarzaquemada,Hogar formado por pareja con hijos en donde todos los hijos de 25 años o más,Hogar formado por pareja con hijos en donde todos los hijos de 25 años o más,5,Madrid,city
HH_3086,5 o mas personas,San Nicasio,Hogar formado por pareja o un solo progenitor que convive con algún hijo menor de 25 años y otra(s) persona(s),Hogar formado por pareja o un solo progenitor que convive con algún hijo menor de 25 años y otra(s) persona(s),5,Madrid,city
HH_3087,3 personas,Zarzaquemada,Hogar formado por pareja con hijos en donde algún hijo es menor de 25 años,Hogar formado por pareja con hijos en donde algún hijo es menor de 25 años,3,Madrid,city
HH_3088,3 personas,Sur,Hogar con un solo progenitor que convive con algún hijo menor de 25 años,Hogar con un solo progenitor que convive con algún hijo menor de 25 años,3,,yes
HH_3089,4 personas,Zarzaquemada,Hogar formado por pareja con hijos en donde algún hijo es menor de 25 años,Hogar formado por pareja con hijos en donde algún hijo es menor de 25 años,4,,apartments
HH_3090,5 o mas personas,Sur,Hogar formado por pareja o un solo progenitor que convive con algún hijo menor de 25 años y otra(s) persona(s),Hogar formado por pareja o un solo progenitor que convive con algún hijo menor de 25 años y otra(s) persona(s),5,Madrid,city
HH_3091,2 personas,Sur,Otro tipo de hogar,Otro tipo de hogar,2,,yes
HH_3092,3 personas,Sur,Hogar con un solo progenitor que convive con algún hijo menor de 25 años,Hogar con un solo progenitor que convive con algún hijo menor de 25 años,3,,yes
HH_3093,4 personas,Polvoranca,Hogar formado por pareja con hijos en donde algún hijo es menor de 25 años,Hogar formado por pareja con hijos en donde algún hijo es menor de 25 años,4,Fuenlabrada,city
HH_3094,5 o mas personas,Zarzaquemada,Hogar formado por pareja o un solo progenitor que convive con algún hijo menor de 25 años y otra(s) persona(s),Hogar formado por pareja o un solo progenitor que convive con algún hijo menor de 25 años y otra(s) persona(s),5,,apartments
HH_3095,4 personas,Sur,Hogar formado por pareja con hijos en donde algún hijo es menor de 25 años,Hogar formado por pareja con hijos en donde algún hijo es menor de 25 años,4,,yes
HH_3096,3 personas,San Nicasio,Hogar formado por pareja con hijos en donde algún hijo es menor de 25 años,Hogar formado por pareja con hijos en donde algún hijo es menor de 25 años,3,,semidetached_house
HH_3097,4 personas,Zarzaquemada,Hogar formado por pareja con hijos en donde algún hijo es menor de 25 años,Hogar formado por pareja con hijos en donde algún hijo es menor de 25 años,4,Madrid,city
HH_3098,1 persona,San Nicasio,Hogar con una mujer sola menor de 65 años,Hogar con una mujer sola menor de 65 años,1,Madrid,city
HH_3099,2 personas,Carrascal,Hogar formado por pareja sin hijos,Hogar formado por pareja sin hijos,2,Mostoles,city
HH_3100,4 personas,San Nicasio,Hogar formado por pareja con hijos en donde algún hijo es menor de 25 años,Hogar formado por pareja con hijos en donde algún hijo es menor de 25 años,4,Alcorcon,city
HH_3101,2 personas,San Nicasio,Hogar formado por pareja sin hijos,Hogar formado por pareja sin hijos,2,,yes
HH_3102,3 personas,San Nicasio,Hogar formado por pareja con hijos en donde todos los hijos de 25 años o más,Hogar formado por pareja con hijos en donde todos los hijos de 25 años o más,3,,house
HH_3103,2 personas,Zarzaquemada,Hogar formado por pareja sin hijos,Hogar formado por pareja sin hijos,2,,residential
HH_3104,4 personas,San Nicasio,Hogar formado por pareja con hijos en donde algún hijo es menor de 25 años,Hogar formado por pareja con hijos en donde algún hijo es menor de 25 años,4,Madrid,city
HH_3105,2 personas,Zarzaquemada,Hogar formado por pareja sin hijos,Hogar formado por pareja sin hijos,2,,apartments
HH_3106,4 personas,Fortuna,Hogar formado por pareja o un solo progenitor que convive con algún hijo menor de 25 años y otra(s) persona(s),Hogar formado por pareja o un solo progenitor que convive con algún hijo menor de 25 años y otra(s) persona(s),4,,house
HH_3107,4 personas,Zarzaquemada,Hogar formado por pareja con hijos en donde algún hijo es menor de 25 años,Hogar formado por pareja con hijos en donde algún hijo es menor de 25 años,4,Madrid,city
HH_3108,2 personas,Sur,Hogar formado por pareja sin hijos,Hogar formado por pareja sin hijos,2,,yes
HH_3109,1 persona,Polvoranca,Hogar con una mujer sola de 65 años o más,Hogar con una mujer sola de 65 años o más,1,,semidetached_house
HH_3110,4 personas,San Nicasio,Hogar formado por pareja con hijos en donde algún hijo es menor de 25 años,Hogar formado por pareja con hijos en donde algún hijo es menor de 25 años,4,Madrid,city
HH_3111,2 personas,San Nicasio,Hogar formado por pareja sin hijos,Hogar formado por pareja sin hijos,2,,yes
HH_3112,4 personas,Carrascal,Hogar formado por pareja con hijos en donde algún hijo es menor de 25 años,Hogar formado por pareja con hijos en donde algún hijo es menor de 25 años,4,,apartments
HH_3113,3 personas,Zarzaquemada,Hogar formado por pareja con hijos en donde todos los hijos de 25 años o más,Hogar formado por pareja con hijos en donde todos los hijos de 25 años o más,3,,residential
HH_3114,2 personas,San Nicasio,Hogar formado por pareja sin hijos,Hogar formado por pareja sin hijos,2,,yes
HH_3115,4 personas,Zarzaquemada,Hogar formado por pareja con hijos en donde algún hijo es menor de 25 años,Hogar formado por pareja con hijos en donde algún hijo es menor de 25 años,4,,residential
HH_3116,3 personas,Norte,Hogar formado por pareja con hijos en donde todos los hijos de 25 años o más,Hogar formado por pareja con hijos en donde todos los hijos de 25 años o más,3,,apartments
HH_3117,2 personas,Norte,Hogar formado por pareja sin hijos,Hogar formado por pareja sin hijos,2,,apartments
HH_3118,1 persona,Sur,Hogar con una mujer sola de 65 años o más,Hogar con una mujer sola de 65 años o más,1,Madrid,city
HH_3119,3 personas,Fortuna,Hogar formado por pareja con hijos en donde algún hijo es menor de 25 años,Hogar formado por pareja con hijos en donde algún hijo es menor de 25 años,3,Madrid,city
HH_3120,3 personas,Sur,Hogar formado por pareja con hijos en donde todos los hijos de 25 años o más,Hogar formado por pareja con hijos en donde todos los hijos de 25 años o más,3,Centro de la Mujer Rosa de Luxemburgo,yes
HH_3121,1 persona,Sur,Hogar con un hombre solo de 65 años o más,Hogar con un hombre solo de 65 años o más,1,,yes
HH_3122,2 personas,Carrascal,Hogar formado por pareja sin hijos,Hogar formado por pareja sin hijos,2,,detached
HH_3123,3 personas,Polvoranca,Hogar con un solo progenitor que convive con algún hijo menor de 25 años,Hogar con un solo progenitor que convive con algún hijo menor de 25 años,3,,yes
HH_3124,2 personas,Sur,Hogar formado por pareja sin hijos,Hogar formado por pareja sin hijos,2,,yes
HH_3125,2 personas,San Nicasio,Hogar formado por pareja sin hijos,Hogar formado por pareja sin hijos,2,,semidetached_house
HH_3126,1 persona,Norte,Hogar con una mujer sola de 65 años o más,Hogar con una mujer sola de 65 años o más,1,Madrid,city
HH_3127,2 personas,Zarzaquemada,Hogar formado por pareja sin hijos,Hogar formado por pareja sin hijos,2,,residential
HH_3128,1 persona,Zarzaquemada,Hogar con una mujer sola menor de 65 años,Hogar con una mujer sola menor de 65 años,1,,apartments
HH_3129,1 persona,Norte,Hogar con una mujer sola menor de 65 años,Hogar con una mujer sola menor de 65 años,1,,yes
HH_3130,1 persona,Norte,Hogar con un hombre solo de 65 años o más,Hogar con un hombre solo de 65 años o más,1,,yes
HH_3131,1 persona,San Nicasio,Hogar con una mujer sola menor de 65 años,Hogar con una mujer sola menor de 65 años,1,,yes
HH_3132,2 personas,Carrascal,Hogar con un solo progenitor que convive con todos sus hijos de 25 años o más,Hogar con un solo progenitor que convive con todos sus hijos de 25 años o más,2,,detached
HH_3133,3 personas,Polvoranca,Hogar formado por pareja con hijos en donde algún hijo es menor de 25 años,Hogar formado por pareja con hijos en donde algún hijo es menor de 25 años,3,,house
HH_3134,2 personas,Sur,Hogar formado por pareja sin hijos,Hogar formado por pareja sin hijos,2,Madrid,city
HH_3135,1 persona,Norte,Hogar con una mujer sola de 65 años o más,Hogar con una mujer sola de 65 años o más,1,,apartments
HH_3136,1 persona,Zarzaquemada,Hogar con un hombre solo menor de 65 años,Hogar con un hombre solo menor de 65 años,1,,residential
HH_3137,2 personas,Zarzaquemada,Hogar formado por pareja sin hijos,Hogar formado por pareja sin hijos,2,,residential
HH_3138,1 persona,Zarzaquemada,Hogar con un hombre solo menor de 65 años,Hogar con un hombre solo menor de 65 años,1,Fuenlabrada,city
HH_3139,4 personas,San Nicasio,Otro tipo de hogar,Otro tipo de hogar,4,,yes
HH_3140,5 o mas personas,Sur,Hogar formado por pareja o un solo progenitor que convive con algún hijo menor de 25 años y otra(s) persona(s),Hogar formado por pareja o un solo progenitor que convive con algún hijo menor de 25 años y otra(s) persona(s),5,Madrid,city
HH_3141,1 persona,Sur,Hogar con un hombre solo de 65 años o más,Hogar con un hombre solo de 65 años o más,1,,yes
HH_3142,4 personas,Sur,Hogar formado por pareja con hijos en donde algún hijo es menor de 25 años,Hogar formado por pareja con hijos en donde algún hijo es menor de 25 años,4,Fuenlabrada,city
HH_3143,1 persona,Carrascal,Hogar con un hombre solo menor de 65 años,Hogar con un hombre solo menor de 65 años,1,Getafe norte,city
HH_3144,4 personas,San Nicasio,Hogar formado por pareja con hijos en donde algún hijo es menor de 25 años,Hogar formado por pareja con hijos en donde algún hijo es menor de 25 años,4,,semidetached_house
HH_3145,2 personas,Zarzaquemada,Hogar formado por pareja sin hijos,Hogar formado por pareja sin hijos,2,Madrid,city
HH_3146,3 personas,Zarzaquemada,Otro tipo de hogar,Otro tipo de hogar,3,,yes
HH_3147,5 o mas personas,Sur,Hogar formado por pareja o un solo progenitor que convive con algún hijo menor de 25 años y otra(s) persona(s),Hogar formado por pareja o un solo progenitor que convive con algún hijo menor de 25 años y otra(s) persona(s),5,,apartments
HH_3148,1 persona,Carrascal,Hogar con un hombre solo de 65 años o más,Hogar con un hombre solo de 65 años o más,1,,yes
HH_3149,2 personas,Zarzaquemada,Otro tipo de hogar,Otro tipo de hogar,2,,residential
HH_3150,2 personas,Polvoranca,Hogar formado por pareja sin hijos,Hogar formado por pareja sin hijos,2,,semidetached_house
HH_3151,2 personas,Norte,Hogar formado por pareja sin hijos,Hogar formado por pareja sin hijos,2,La nueva cubierta,yes
HH_3152,3 personas,Zarzaquemada,Hogar formado por pareja con hijos en donde algún hijo es menor de 25 años,Hogar formado por pareja con hijos en donde algún hijo es menor de 25 años,3,,residential
HH_3153,4 personas,Carrascal,Hogar formado por pareja con hijos en donde algún hijo es menor de 25 años,Hogar formado por pareja con hijos en donde algún hijo es menor de 25 años,4,,yes
HH_3154,1 persona,Carrascal,Hogar con un hombre solo menor de 65 años,Hogar con un hombre solo menor de 65 años,1,Madrid,city
HH_3155,2 personas,Zarzaquemada,Hogar con un solo progenitor que convive con todos sus hijos de 25 años o más,Hogar con un solo progenitor que convive con todos sus hijos de 25 años o más,2,,residential
HH_3156,5 o mas personas,Norte,Otro tipo de hogar,Otro tipo de hogar,5,La Plaza Leganés,yes
HH_3157,4 personas,Carrascal,Hogar formado por pareja con hijos en donde algún hijo es menor de 25 años,Hogar formado por pareja con hijos en donde algún hijo es menor de 25 años,4,,apartments
HH_3158,4 personas,Zarzaquemada,Hogar formado por pareja o un solo progenitor que convive con algún hijo menor de 25 años y otra(s) persona(s),Hogar formado por pareja o un solo progenitor que convive con algún hijo menor de 25 años y otra(s) persona(s),4,,apartments
HH_3159,3 personas,Norte,Hogar formado por pareja con hijos en donde todos los hijos de 25 años o más,Hogar formado por pareja con hijos en donde todos los hijos de 25 años o más,3,Getafe norte,city
HH_3160,2 personas,Carrascal,Hogar formado por pareja sin hijos,Hogar formado por pareja sin hijos,2,,yes
HH_3161,2 personas,San Nicasio,Hogar con un solo progenitor que convive con algún hijo menor de 25 años,Hogar con un solo progenitor que convive con algún hijo menor de 25 años,2,Madrid,city
HH_3162,4 personas,Zarzaquemada,Hogar formado por pareja con hijos en donde algún hijo es menor de 25 años,Hogar formado por pareja con hijos en donde algún hijo es menor de 25 años,4,,apartments
HH_3163,1 persona,Carrascal,Hogar con un hombre solo menor de 65 años,Hogar con un hombre solo menor de 65 años,1,,semidetached_house
HH_3164,1 persona,Norte,Hogar con una mujer sola menor de 65 años,Hogar con una mujer sola menor de 65 años,1,,apartments
HH_3165,2 personas,Zarzaquemada,Hogar formado por pareja sin hijos,Hogar formado por pareja sin hijos,2,,residential
HH_3166,4 personas,San Nicasio,Hogar formado por pareja con hijos en donde algún hijo es menor de 25 años,Hogar formado por pareja con hijos en donde algún hijo es menor de 25 años,4,,house
HH_3167,1 persona,Zarzaquemada,Hogar con una mujer sola de 65 años o más,Hogar con una mujer sola de 65 años o más,1,,apartments
HH_3168,1 persona,Carrascal,Hogar con una mujer sola menor de 65 años,Hogar con una mujer sola menor de 65 años,1,,yes
HH_3169,4 personas,San Nicasio,Hogar formado por pareja con hijos en donde algún hijo es menor de 25 años,Hogar formado por pareja con hijos en donde algún hijo es menor de 25 años,4,,semidetached_house
HH_3170,1 persona,Sur,Hogar con una mujer sola de 65 años o más,Hogar con una mujer sola de 65 años o más,1,,yes
HH_3171,1 persona,Zarzaquemada,Hogar con un hombre solo de 65 años o más,Hogar con un hombre solo de 65 años o más,1,Madrid,city
HH_3172,4 personas,Zarzaquemada,Hogar formado por pareja con hijos en donde algún hijo es menor de 25 años,Hogar formado por pareja con hijos en donde algún hijo es menor de 25 años,4,,residential
HH_3173,2 personas,Sur,Hogar con un solo progenitor que convive con algún hijo menor de 25 años,Hogar con un solo progenitor que convive con algún hijo menor de 25 años,2,Madrid,city
HH_3174,5 o mas personas,Norte,Hogar formado por pareja o un solo progenitor que convive con algún hijo menor de 25 años y otra(s) persona(s),Hogar formado por pareja o un solo progenitor que convive con algún hijo menor de 25 años y otra(s) persona(s),5,Madrid,city
HH_3175,1 persona,Sur,Hogar con un hombre solo menor de 65 años,Hogar con un hombre solo menor de 65 años,1,,yes
HH_3176,5 o mas personas,Carrascal,Hogar formado por pareja con hijos en donde algún hijo es menor de 25 años,Hogar formado por pareja con hijos en donde algún hijo es menor de 25 años,5,,house
HH_3177,3 personas,Carrascal,Hogar formado por pareja con hijos en donde algún hijo es menor de 25 años,Hogar formado por pareja con hijos en donde algún hijo es menor de 25 años,3,Extremadura,city
HH_3178,2 personas,Fortuna,Hogar formado por pareja sin hijos,Hogar formado por pareja sin hijos,2,,yes
HH_3179,3 personas,Sur,Hogar formado por pareja con hijos en donde todos los hijos de 25 años o más,Hogar formado por pareja con hijos en donde todos los hijos de 25 años o más,3,Madrid,city
HH_3180,5 o mas personas,Carrascal,Hogar formado por pareja con hijos en donde algún hijo es menor de 25 años,Hogar formado por pareja con hijos en donde algún hijo es menor de 25 años,5,Fuenlabrada,city
HH_3181,3 personas,Polvoranca,Hogar con un solo progenitor que convive con algún hijo menor de 25 años,Hogar con un solo progenitor que convive con algún hijo menor de 25 años,3,,house
HH_3182,2 personas,Fortuna,Hogar formado por pareja sin hijos,Hogar formado por pareja sin hijos,2,,yes
HH_3183,3 personas,San Nicasio,Hogar formado por pareja con hijos en donde todos los hijos de 25 años o más,Hogar formado por pareja con hijos en donde todos los hijos de 25 años o más,3,,yes
HH_3184,2 personas,San Nicasio,Hogar formado por pareja sin hijos,Hogar formado por pareja sin hijos,2,Mostoles,city
HH_3185,3 personas,Zarzaquemada,Hogar formado por pareja con hijos en donde todos los hijos de 25 años o más,Hogar formado por pareja con hijos en donde todos los hijos de 25 años o más,3,,residential
HH_3186,3 personas,San Nicasio,Hogar formado por pareja con hijos en donde todos los hijos de 25 años o más,Hogar formado por pareja con hijos en donde todos los hijos de 25 años o más,3,Fuenlabrada,city
HH_3187,3 personas,Sur,Hogar formado por pareja con hijos en donde algún hijo es menor de 25 años,Hogar formado por pareja con hijos en donde algún hijo es menor de 25 años,3,,yes
HH_3188,5 o mas personas,Fortuna,Hogar formado por pareja o un solo progenitor que convive con algún hijo menor de 25 años y otra(s) persona(s),Hogar formado por pareja o un solo progenitor que convive con algún hijo menor de 25 años y otra(s) persona(s),5,,semidetached_house
HH_3189,3 personas,Carrascal,Hogar formado por pareja con hijos en donde todos los hijos de 25 años o más,Hogar formado por pareja con hijos en donde todos los hijos de 25 años o más,3,,yes
HH_3190,1 persona,Fortuna,Hogar con un hombre solo menor de 65 años,Hogar con un hombre solo menor de 65 años,1,,yes
HH_3191,2 personas,Norte,Hogar formado por pareja sin hijos,Hogar formado por pareja sin hijos,2,,apartments
HH_3192,2 personas,Carrascal,Otro tipo de hogar,Otro tipo de hogar,2,,semidetached_house
HH_3193,3 personas,Fortuna,Hogar formado por pareja con hijos en donde algún hijo es menor de 25 años,Hogar formado por pareja con hijos en donde algún hijo es menor de 25 años,3,,semidetached_house
HH_3194,3 personas,Norte,Hogar formado por pareja con hijos en donde todos los hijos de 25 años o más,Hogar formado por pareja con hijos en donde todos los hijos de 25 años o más,3,,apartments
HH_3195,2 personas,Carrascal,Hogar formado por pareja sin hijos,Hogar formado por pareja sin hijos,2,Madrid,city
HH_3196,1 persona,Polvoranca,Hogar con una mujer sola de 65 años o más,Hogar con una mujer sola de 65 años o más,1,,semidetached_house
HH_3197,3 personas,San Nicasio,Hogar con un solo progenitor que convive con algún hijo menor de 25 años,Hogar con un solo progenitor que convive con algún hijo menor de 25 años,3,,semidetached_house
HH_3198,4 personas,Zarzaquemada,Hogar formado por pareja con hijos en donde algún hijo es menor de 25 años,Hogar formado por pareja con hijos en donde algún hijo es menor de 25 años,4,,residential
HH_3199,1 persona,Zarzaquemada,Hogar con un hombre solo menor de 65 años,Hogar con un hombre solo menor de 65 años,1,Madrid,city
HH_3200,1 persona,San Nicasio,Hogar con una mujer sola de 65 años o más,Hogar con una mujer sola de 65 años o más,1,,yes
HH_3201,2 personas,Zarzaquemada,Hogar formado por pareja sin hijos,Hogar formado por pareja sin hijos,2,,yes
HH_3202,1 persona,Carrascal,Hogar con una mujer sola de 65 años o más,Hogar con una mujer sola de 65 años o más,1,,detached
HH_3203,5 o mas personas,Zarzaquemada,Hogar formado por pareja con hijos en donde algún hijo es menor de 25 años,Hogar formado por pareja con hijos en donde algún hijo es menor de 25 años,5,Madrid,city
HH_3204,3 personas,San Nicasio,Otro tipo de hogar,Otro tipo de hogar,3,,semidetached_house
HH_3205,4 personas,Fortuna,Hogar formado por pareja con hijos en donde algún hijo es menor de 25 años,Hogar formado por pareja con hijos en donde algún hijo es menor de 25 años,4,,yes
HH_3206,4 personas,Sur,Hogar formado por pareja o un solo progenitor que convive con algún hijo menor de 25 años y otra(s) persona(s),Hogar formado por pareja o un solo progenitor que convive con algún hijo menor de 25 años y otra(s) persona(s),4,,yes
HH_3207,4 personas,Zarzaquemada,Hogar formado por pareja con hijos en donde algún hijo es menor de 25 años,Hogar formado por pareja con hijos en donde algún hijo es menor de 25 años,4,,residential
HH_3208,1 persona,Polvoranca,Hogar con una mujer sola menor de 65 años,Hogar con una mujer sola menor de 65 años,1,Madrid,city
HH_3209,4 personas,Zarzaquemada,Hogar formado por pareja con hijos en donde algún hijo es menor de 25 años,Hogar formado por pareja con hijos en donde algún hijo es menor de 25 años,4,Madrid,city
HH_3210,1 persona,San Nicasio,Hogar con un hombre solo menor de 65 años,Hogar con un hombre solo menor de 65 años,1,Getafe norte,city
HH_3211,5 o mas personas,Norte,Hogar formado por pareja o un solo progenitor que convive con algún hijo menor de 25 años y otra(s) persona(s),Hogar formado por pareja o un solo progenitor que convive con algún hijo menor de 25 años y otra(s) persona(s),5,,yes
HH_3212,5 o mas personas,Polvoranca,Hogar formado por pareja con hijos en donde algún hijo es menor de 25 años,Hogar formado por pareja con hijos en donde algún hijo es menor de 25 años,5,,semidetached_house
HH_3213,3 personas,Sur,Hogar formado por pareja con hijos en donde todos los hijos de 25 años o más,Hogar formado por pareja con hijos en donde todos los hijos de 25 años o más,3,,residential
HH_3214,1 persona,Zarzaquemada,Hogar con un hombre solo menor de 65 años,Hogar con un hombre solo menor de 65 años,1,Madrid,city
HH_3215,1 persona,Zarzaquemada,Hogar con una mujer sola de 65 años o más,Hogar con una mujer sola de 65 años o más,1,Madrid,city
HH_3216,5 o mas personas,Norte,Hogar formado por pareja con hijos en donde algún hijo es menor de 25 años,Hogar formado por pareja con hijos en donde algún hijo es menor de 25 años,5,,yes
HH_3217,2 personas,Sur,Hogar con un solo progenitor que convive con algún hijo menor de 25 años,Hogar con un solo progenitor que convive con algún hijo menor de 25 años,2,Madrid,city
HH_3218,4 personas,Fortuna,Hogar formado por pareja con hijos en donde algún hijo es menor de 25 años,Hogar formado por pareja con hijos en donde algún hijo es menor de 25 años,4,,yes
HH_3219,2 personas,Zarzaquemada,Hogar formado por pareja sin hijos,Hogar formado por pareja sin hijos,2,,residential
HH_3220,3 personas,Carrascal,Hogar formado por pareja con hijos en donde algún hijo es menor de 25 años,Hogar formado por pareja con hijos en donde algún hijo es menor de 25 años,3,,residential
HH_3221,2 personas,San Nicasio,Hogar formado por pareja sin hijos,Hogar formado por pareja sin hijos,2,,yes
HH_3222,1 persona,Carrascal,Hogar con una mujer sola de 65 años o más,Hogar con una mujer sola de 65 años o más,1,Madrid,city
HH_3223,4 personas,San Nicasio,Hogar formado por pareja con hijos en donde algún hijo es menor de 25 años,Hogar formado por pareja con hijos en donde algún hijo es menor de 25 años,4,,semidetached_house
HH_3224,2 personas,Norte,Hogar formado por pareja sin hijos,Hogar formado por pareja sin hijos,2,Madrid,city
HH_3225,2 personas,Sur,Hogar con un solo progenitor que convive con algún hijo menor de 25 años,Hogar con un solo progenitor que convive con algún hijo menor de 25 años,2,,yes
HH_3226,1 persona,Zarzaquemada,Hogar con un hombre solo menor de 65 años,Hogar con un hombre solo menor de 65 años,1,,yes
HH_3227,1 persona,San Nicasio,Hogar con una mujer sola menor de 65 años,Hogar con una mujer sola menor de 65 años,1,,house
HH_3228,3 personas,Sur,Hogar formado por pareja con hijos en donde algún hijo es menor de 25 años,Hogar formado por pareja con hijos en donde algún hijo es menor de 25 años,3,Madrid,city
HH_3229,1 persona,Sur,Hogar con una mujer sola menor de 65 años,Hogar con una mujer sola menor de 65 años,1,Ayuntamiento de Leganés,yes
HH_3230,2 personas,San Nicasio,Hogar con un solo progenitor que convive con todos sus hijos de 25 años o más,Hogar con un solo progenitor que convive con todos sus hijos de 25 años o más,2,,house
HH_3231,1 persona,Carrascal,Hogar con un hombre solo menor de 65 años,Hogar con un hombre solo menor de 65 años,1,,yes
HH_3232,2 personas,Sur,Otro tipo de hogar,Otro tipo de hogar,2,Madrid,city
HH_3233,2 personas,Norte,Hogar formado por pareja sin hijos,Hogar formado por pareja sin hijos,2,,apartments
HH_3234,3 personas,Sur,Hogar formado por pareja con hijos en donde algún hijo es menor de 25 años,Hogar formado por pareja con hijos en donde algún hijo es menor de 25 años,3,,yes
HH_3235,2 personas,Zarzaquemada,Hogar formado por pareja sin hijos,Hogar formado por pareja sin hijos,2,Madrid,city
HH_3236,4 personas,Carrascal,Hogar formado por pareja con hijos en donde todos los hijos de 25 años o más,Hogar formado por pareja con hijos en donde todos los hijos de 25 años o más,4,,yes
HH_3237,5 o mas personas,Sur,Hogar formado por pareja con hijos en donde algún hijo es menor de 25 años,Hogar formado por pareja con hijos en donde algún hijo es menor de 25 años,5,,yes
HH_3238,3 personas,Polvoranca,Hogar formado por pareja con hijos en donde algún hijo es menor de 25 años,Hogar formado por pareja con hijos en donde algún hijo es menor de 25 años,3,,semidetached_house
HH_3239,1 persona,Carrascal,Hogar con una mujer sola de 65 años o más,Hogar con una mujer sola de 65 años o más,1,,yes
HH_3240,1 persona,Sur,Hogar con un hombre solo de 65 años o más,Hogar con un hombre solo de 65 años o más,1,Fuenlabrada,city
HH_3241,4 personas,Zarzaquemada,Hogar formado por pareja con hijos en donde algún hijo es menor de 25 años,Hogar formado por pareja con hijos en donde algún hijo es menor de 25 años,4,,yes
HH_3242,4 personas,Sur,Hogar formado por pareja con hijos en donde algún hijo es menor de 25 años,Hogar formado por pareja con hijos en donde algún hijo es menor de 25 años,4,Volkswagen Ardasa 2000,yes
HH_3243,3 personas,Zarzaquemada,Hogar formado por pareja con hijos en donde todos los hijos de 25 años o más,Hogar formado por pareja con hijos en donde todos los hijos de 25 años o más,3,,residential
HH_3244,2 personas,Norte,Hogar formado por pareja sin hijos,Hogar formado por pareja sin hijos,2,,apartments
HH_3245,1 persona,Norte,Hogar con una mujer sola de 65 años o más,Hogar con una mujer sola de 65 años o más,1,,apartments
HH_3246,3 personas,Norte,Hogar formado por pareja con hijos en donde algún hijo es menor de 25 años,Hogar formado por pareja con hijos en donde algún hijo es menor de 25 años,3,,apartments
HH_3247,2 personas,Zarzaquemada,Hogar con un solo progenitor que convive con todos sus hijos de 25 años o más,Hogar con un solo progenitor que convive con todos sus hijos de 25 años o más,2,Madrid,city
HH_3248,2 personas,Zarzaquemada,Hogar formado por pareja sin hijos,Hogar formado por pareja sin hijos,2,,apartments
HH_3249,4 personas,Norte,Hogar formado por pareja o un solo progenitor que convive con algún hijo menor de 25 años y otra(s) persona(s),Hogar formado por pareja o un solo progenitor que convive con algún hijo menor de 25 años y otra(s) persona(s),4,Madrid,city
HH_3250,2 personas,Fortuna,Hogar formado por pareja sin hijos,Hogar formado por pareja sin hijos,2,,yes
HH_3251,4 personas,Fortuna,Otro tipo de hogar,Otro tipo de hogar,4,,yes
HH_3252,5 o mas personas,San Nicasio,Hogar formado por pareja con hijos en donde algún hijo es menor de 25 años,Hogar formado por pareja con hijos en donde algún hijo es menor de 25 años,5,,semidetached_house
HH_3253,3 personas,Polvoranca,Hogar formado por pareja con hijos en donde algún hijo es menor de 25 años,Hogar formado por pareja con hijos en donde algún hijo es menor de 25 años,3,,semidetached_house
HH_3254,2 personas,San Nicasio,Hogar formado por pareja sin hijos,Hogar formado por pareja sin hijos,2,,house
HH_3255,5 o mas personas,Carrascal,Otro tipo de hogar,Otro tipo de hogar,5,Fuenlabrada,city
HH_3256,1 persona,Sur,Hogar con una mujer sola de 65 años o más,Hogar con una mujer sola de 65 años o más,1,,yes
HH_3257,2 personas,San Nicasio,Hogar formado por pareja sin hijos,Hogar formado por pareja sin hijos,2,,house
HH_3258,1 persona,Sur,Hogar con una mujer sola de 65 años o más,Hogar con una mujer sola de 65 años o más,1,,yes
HH_3259,2 personas,Norte,Hogar formado por pareja sin hijos,Hogar formado por pareja sin hijos,2,,apartments
HH_3260,2 personas,Sur,Hogar formado por pareja sin hijos,Hogar formado por pareja sin hijos,2,,apartments
HH_3261,3 personas,Carrascal,Hogar formado por pareja con hijos en donde algún hijo es menor de 25 años,Hogar formado por pareja con hijos en donde algún hijo es menor de 25 años,3,Madrid,city
HH_3262,4 personas,Sur,Hogar formado por pareja o un solo progenitor que convive con algún hijo menor de 25 años y otra(s) persona(s),Hogar formado por pareja o un solo progenitor que convive con algún hijo menor de 25 años y otra(s) persona(s),4,,yes
HH_3263,2 personas,Fortuna,Hogar con un solo progenitor que convive con todos sus hijos de 25 años o más,Hogar con un solo progenitor que convive con todos sus hijos de 25 años o más,2,,terrace
HH_3264,2 personas,Norte,Hogar formado por pareja sin hijos,Hogar formado por pareja sin hijos,2,,apartments
HH_3265,4 personas,Zarzaquemada,Hogar formado por pareja con hijos en donde algún hijo es menor de 25 años,Hogar formado por pareja con hijos en donde algún hijo es menor de 25 años,4,,residential
HH_3266,3 personas,Carrascal,Hogar formado por pareja con hijos en donde algún hijo es menor de 25 años,Hogar formado por pareja con hijos en donde algún hijo es menor de 25 años,3,Madrid,city
HH_3267,4 personas,Carrascal,Hogar formado por pareja con hijos en donde algún hijo es menor de 25 años,Hogar formado por pareja con hijos en donde algún hijo es menor de 25 años,4,Ford,yes
HH_3268,1 persona,Norte,Hogar con una mujer sola menor de 65 años,Hogar con una mujer sola menor de 65 años,1,Alcorcon,city
HH_3269,2 personas,Sur,Hogar formado por pareja sin hijos,Hogar formado por pareja sin hijos,2,,yes
HH_3270,1 persona,Sur,Hogar con una mujer sola de 65 años o más,Hogar con una mujer sola de 65 años o más,1,Getafe norte,city
HH_3271,4 personas,San Nicasio,Hogar formado por pareja con hijos en donde algún hijo es menor de 25 años,Hogar formado por pareja con hijos en donde algún hijo es menor de 25 años,4,,yes
HH_3272,2 personas,Zarzaquemada,Hogar formado por pareja sin hijos,Hogar formado por pareja sin hijos,2,,residential
HH_3273,5 o mas personas,Carrascal,Hogar formado por pareja o un solo progenitor que convive con algún hijo menor de 25 años y otra(s) persona(s),Hogar formado por pareja o un solo progenitor que convive con algún hijo menor de 25 años y otra(s) persona(s),5,,yes
HH_3274,1 persona,Sur,Hogar con un hombre solo menor de 65 años,Hogar con un hombre solo menor de 65 años,1,,yes
HH_3275,4 personas,Zarzaquemada,Hogar formado por pareja con hijos en donde algún hijo es menor de 25 años,Hogar formado por pareja con hijos en donde algún hijo es menor de 25 años,4,,apartments
HH_3276,4 personas,Norte,Hogar formado por pareja con hijos en donde algún hijo es menor de 25 años,Hogar formado por pareja con hijos en donde algún hijo es menor de 25 años,4,,apartments
HH_3277,4 personas,Norte,Hogar formado por pareja con hijos en donde algún hijo es menor de 25 años,Hogar formado por pareja con hijos en donde algún hijo es menor de 25 años,4,,yes
HH_3278,5 o mas personas,Sur,Hogar formado por pareja con hijos en donde algún hijo es menor de 25 años,Hogar formado por pareja con hijos en donde algún hijo es menor de 25 años,5,,apartments
HH_3279,3 personas,Polvoranca,Hogar con un solo progenitor que convive con algún hijo menor de 25 años,Hogar con un solo progenitor que convive con algún hijo menor de 25 años,3,Madrid,city
HH_3280,3 personas,San Nicasio,Hogar formado por pareja con hijos en donde todos los hijos de 25 años o más,Hogar formado por pareja con hijos en donde todos los hijos de 25 años o más,3,,yes
HH_3281,2 personas,San Nicasio,Hogar formado por pareja sin hijos,Hogar formado por pareja sin hijos,2,,semidetached_house
HH_3282,1 persona,San Nicasio,Hogar con una mujer sola de 65 años o más,Hogar con una mujer sola de 65 años o más,1,,yes
HH_3283,4 personas,Carrascal,Hogar formado por pareja con hijos en donde todos los hijos de 25 años o más,Hogar formado por pareja con hijos en donde todos los hijos de 25 años o más,4,Getafe norte,city
HH_3284,2 personas,Norte,Hogar formado por pareja sin hijos,Hogar formado por pareja sin hijos,2,,apartments
HH_3285,1 persona,San Nicasio,Hogar con un hombre solo de 65 años o más,Hogar con un hombre solo de 65 años o más,1,,terrace
HH_3286,2 personas,Zarzaquemada,Hogar formado por pareja sin hijos,Hogar formado por pareja sin hijos,2,Mostoles,city
HH_3287,2 personas,Carrascal,Hogar formado por pareja sin hijos,Hogar formado por pareja sin hijos,2,,yes
HH_3288,4 personas,Zarzaquemada,Hogar formado por pareja o un solo progenitor que convive con algún hijo menor de 25 años y otra(s) persona(s),Hogar formado por pareja o un solo progenitor que convive con algún hijo menor de 25 años y otra(s) persona(s),4,Madrid,city
HH_3289,2 personas,Zarzaquemada,Hogar formado por pareja sin hijos,Hogar formado por pareja sin hijos,2,,apartments
HH_3290,2 personas,Norte,Hogar formado por pareja sin hijos,Hogar formado por pareja sin hijos,2,,apartments
HH_3291,5 o mas personas,Carrascal,Hogar formado por pareja o un solo progenitor que convive con algún hijo menor de 25 años y otra(s) persona(s),Hogar formado por pareja o un solo progenitor que convive con algún hijo menor de 25 años y otra(s) persona(s),5,,apartments
HH_3292,3 personas,Polvoranca,Hogar con un solo progenitor que convive con algún hijo menor de 25 años,Hogar con un solo progenitor que convive con algún hijo menor de 25 años,3,,semidetached_house
HH_3293,2 personas,Sur,Hogar formado por pareja sin hijos,Hogar formado por pareja sin hijos,2,,apartments
HH_3294,2 personas,Sur,Hogar formado por pareja sin hijos,Hogar formado por pareja sin hijos,2,Getafe norte,city
HH_3295,3 personas,Zarzaquemada,Hogar formado por pareja con hijos en donde algún hijo es menor de 25 años,Hogar formado por pareja con hijos en donde algún hijo es menor de 25 años,3,Fuenlabrada,city
HH_3296,2 personas,Norte,Hogar con un solo progenitor que convive con algún hijo menor de 25 años,Hogar con un solo progenitor que convive con algún hijo menor de 25 años,2,Madrid,city
HH_3297,1 persona,Zarzaquemada,Hogar con un hombre solo de 65 años o más,Hogar con un hombre solo de 65 años o más,1,,yes
HH_3298,2 personas,Carrascal,Hogar con un solo progenitor que convive con algún hijo menor de 25 años,Hogar con un solo progenitor que convive con algún hijo menor de 25 años,2,Getafe norte,city
HH_3299,2 personas,San Nicasio,Hogar formado por pareja sin hijos,Hogar formado por pareja sin hijos,2,,semidetached_house
HH_3300,4 personas,Sur,Hogar formado por pareja o un solo progenitor que convive con algún hijo menor de 25 años y otra(s) persona(s),Hogar formado por pareja o un solo progenitor que convive con algún hijo menor de 25 años y otra(s) persona(s),4,Getafe norte,city
HH_3301,2 personas,Zarzaquemada,Hogar formado por pareja sin hijos,Hogar formado por pareja sin hijos,2,Madrid,city
HH_3302,4 personas,Sur,Hogar formado por pareja con hijos en donde algún hijo es menor de 25 años,Hogar formado por pareja con hijos en donde algún hijo es menor de 25 años,4,Alcorcon,city
HH_3303,3 personas,Zarzaquemada,Hogar con un solo progenitor que convive con todos sus hijos de 25 años o más,Hogar con un solo progenitor que convive con todos sus hijos de 25 años o más,3,,residential
HH_3304,4 personas,San Nicasio,Otro tipo de hogar,Otro tipo de hogar,4,Madrid,city
HH_3305,2 personas,Zarzaquemada,Hogar formado por pareja sin hijos,Hogar formado por pareja sin hijos,2,,apartments
HH_3306,1 persona,Norte,Hogar con un hombre solo de 65 años o más,Hogar con un hombre solo de 65 años o más,1,,apartments
HH_3307,1 persona,Zarzaquemada,Hogar con una mujer sola menor de 65 años,Hogar con una mujer sola menor de 65 años,1,,apartments
HH_3308,2 personas,Carrascal,Hogar formado por pareja sin hijos,Hogar formado por pareja sin hijos,2,,apartments
HH_3309,5 o mas personas,Sur,Otro tipo de hogar,Otro tipo de hogar,5,,yes
HH_3310,4 personas,Sur,Otro tipo de hogar,Otro tipo de hogar,4,,yes
HH_3311,5 o mas personas,Sur,Hogar formado por pareja con hijos en donde algún hijo es menor de 25 años,Hogar formado por pareja con hijos en donde algún hijo es menor de 25 años,5,,yes
HH_3312,3 personas,Zarzaquemada,Hogar formado por pareja con hijos en donde algún hijo es menor de 25 años,Hogar formado por pareja con hijos en donde algún hijo es menor de 25 años,3,,apartments
HH_3313,1 persona,San Nicasio,Hogar con una mujer sola de 65 años o más,Hogar con una mujer sola de 65 años o más,1,,semidetached_house
HH_3314,2 personas,Zarzaquemada,Hogar formado por pareja sin hijos,Hogar formado por pareja sin hijos,2,,residential
HH_3315,2 personas,Zarzaquemada,Hogar formado por pareja sin hijos,Hogar formado por pareja sin hijos,2,,residential
HH_3316,4 personas,San Nicasio,Hogar formado por pareja con hijos en donde algún hijo es menor de 25 años,Hogar formado por pareja con hijos en donde algún hijo es menor de 25 años,4,Fuenlabrada,city
HH_3317,5 o mas personas,Zarzaquemada,Hogar formado por pareja o un solo progenitor que convive con algún hijo menor de 25 años y otra(s) persona(s),Hogar formado por pareja o un solo progenitor que convive con algún hijo menor de 25 años y otra(s) persona(s),5,,residential
HH_3318,4 personas,San Nicasio,Otro tipo de hogar,Otro tipo de hogar,4,Mostoles,city
HH_3319,4 personas,Sur,Hogar formado por pareja con hijos en donde algún hijo es menor de 25 años,Hogar formado por pareja con hijos en donde algún hijo es menor de 25 años,4,,yes
HH_3320,4 personas,San Nicasio,Hogar con un solo progenitor que convive con algún hijo menor de 25 años,Hogar con un solo progenitor que convive con algún hijo menor de 25 años,4,Fuenlabrada,city
HH_3321,5 o mas personas,San Nicasio,Hogar formado por pareja con hijos en donde todos los hijos de 25 años o más,Hogar formado por pareja con hijos en donde todos los hijos de 25 años o más,5,Getafe norte,city
HH_3322,1 persona,Polvoranca,Hogar con una mujer sola menor de 65 años,Hogar con una mujer sola menor de 65 años,1,,semidetached_house
HH_3323,1 persona,Fortuna,Hogar con un hombre solo de 65 años o más,Hogar con un hombre solo de 65 años o más,1,Madrid,city
HH_3324,3 personas,Zarzaquemada,Hogar formado por pareja con hijos en donde todos los hijos de 25 años o más,Hogar formado por pareja con hijos en donde todos los hijos de 25 años o más,3,Alcorcon,city
HH_3325,2 personas,Sur,Hogar formado por pareja sin hijos,Hogar formado por pareja sin hijos,2,Mostoles,city
HH_3326,4 personas,Sur,Hogar formado por pareja con hijos en donde algún hijo es menor de 25 años,Hogar formado por pareja con hijos en donde algún hijo es menor de 25 años,4,Madrid,city
HH_3327,1 persona,San Nicasio,Hogar con una mujer sola de 65 años o más,Hogar con una mujer sola de 65 años o más,1,Madrid,city
HH_3328,2 personas,Sur,Otro tipo de hogar,Otro tipo de hogar,2,Getafe norte,city
HH_3329,1 persona,San Nicasio,Hogar con un hombre solo menor de 65 años,Hogar con un hombre solo menor de 65 años,1,,house
HH_3330,3 personas,Norte,Otro tipo de hogar,Otro tipo de hogar,3,Madrid,city
HH_3331,3 personas,San Nicasio,Hogar formado por pareja con hijos en donde algún hijo es menor de 25 años,Hogar formado por pareja con hijos en donde algún hijo es menor de 25 años,3,,semidetached_house
HH_3332,2 personas,Polvoranca,Hogar formado por pareja sin hijos,Hogar formado por pareja sin hijos,2,,semidetached_house
HH_3333,1 persona,San Nicasio,Hogar con un hombre solo menor de 65 años,Hogar con un hombre solo menor de 65 años,1,,semidetached_house
HH_3334,4 personas,Sur,Hogar formado por pareja con hijos en donde algún hijo es menor de 25 años,Hogar formado por pareja con hijos en donde algún hijo es menor de 25 años,4,Madrid,city
HH_3335,3 personas,Carrascal,Otro tipo de hogar,Otro tipo de hogar,3,,house
HH_3336,3 personas,Norte,Hogar formado por pareja con hijos en donde algún hijo es menor de 25 años,Hogar formado por pareja con hijos en donde algún hijo es menor de 25 años,3,,yes
HH_3337,3 personas,Norte,Hogar formado por pareja con hijos en donde todos los hijos de 25 años o más,Hogar formado por pareja con hijos en donde todos los hijos de 25 años o más,3,,residential
HH_3338,5 o mas personas,Zarzaquemada,Hogar formado por pareja con hijos en donde algún hijo es menor de 25 años,Hogar formado por pareja con hijos en donde algún hijo es menor de 25 años,5,Alcorcon,city
HH_3339,1 persona,Zarzaquemada,Hogar con una mujer sola de 65 años o más,Hogar con una mujer sola de 65 años o más,1,Madrid,city
HH_3340,1 persona,Zarzaquemada,Hogar con un hombre solo de 65 años o más,Hogar con un hombre solo de 65 años o más,1,,yes
HH_3341,2 personas,Fortuna,Hogar formado por pareja sin hijos,Hogar formado por pareja sin hijos,2,,semidetached_house
HH_3342,4 personas,Carrascal,Hogar formado por pareja con hijos en donde algún hijo es menor de 25 años,Hogar formado por pareja con hijos en donde algún hijo es menor de 25 años,4,Madrid,city
HH_3343,2 personas,San Nicasio,Hogar con un solo progenitor que convive con algún hijo menor de 25 años,Hogar con un solo progenitor que convive con algún hijo menor de 25 años,2,,yes
HH_3344,1 persona,Sur,Hogar con una mujer sola de 65 años o más,Hogar con una mujer sola de 65 años o más,1,,yes
HH_3345,3 personas,Sur,Hogar con un solo progenitor que convive con algún hijo menor de 25 años,Hogar con un solo progenitor que convive con algún hijo menor de 25 años,3,Alcorcon,city
HH_3346,2 personas,Sur,Otro tipo de hogar,Otro tipo de hogar,2,,apartments
HH_3347,2 personas,Sur,Hogar formado por pareja sin hijos,Hogar formado por pareja sin hijos,2,Madrid,city
HH_3348,2 personas,Norte,Hogar formado por pareja sin hijos,Hogar formado por pareja sin hijos,2,,yes
HH_3349,2 personas,Fortuna,Hogar formado por pareja sin hijos,Hogar formado por pareja sin hijos,2,,yes
HH_3350,3 personas,Fortuna,Hogar formado por pareja con hijos en donde todos los hijos de 25 años o más,Hogar formado por pareja con hijos en donde todos los hijos de 25 años o más,3,,yes
HH_3351,2 personas,Norte,Hogar formado por pareja sin hijos,Hogar formado por pareja sin hijos,2,,yes
HH_3352,4 personas,San Nicasio,Hogar formado por pareja con hijos en donde algún hijo es menor de 25 años,Hogar formado por pareja con hijos en donde algún hijo es menor de 25 años,4,,semidetached_house
HH_3353,3 personas,San Nicasio,Hogar con un solo progenitor que convive con todos sus hijos de 25 años o más,Hogar con un solo progenitor que convive con todos sus hijos de 25 años o más,3,,semidetached_house
HH_3354,4 personas,Sur,Hogar formado por pareja con hijos en donde algún hijo es menor de 25 años,Hogar formado por pareja con hijos en donde algún hijo es menor de 25 años,4,,yes
HH_3355,2 personas,Norte,Hogar formado por pareja sin hijos,Hogar formado por pareja sin hijos,2,,yes
HH_3356,3 personas,Fortuna,Hogar formado por pareja o un solo progenitor que convive con algún hijo menor de 25 años y otra(s) persona(s),Hogar formado por pareja o un solo progenitor que convive con algún hijo menor de 25 años y otra(s) persona(s),3,Madrid,city
HH_3357,3 personas,Carrascal,Hogar formado por pareja con hijos en donde todos los hijos de 25 años o más,Hogar formado por pareja con hijos en donde todos los hijos de 25 años o más,3,,residential
HH_3358,1 persona,Carrascal,Hogar con una mujer sola de 65 años o más,Hogar con una mujer sola de 65 años o más,1,,apartments
HH_3359,2 personas,Fortuna,Hogar formado por pareja sin hijos,Hogar formado por pareja sin hijos,2,Fuenlabrada,city
HH_3360,3 personas,San Nicasio,Hogar con un solo progenitor que convive con algún hijo menor de 25 años,Hogar con un solo progenitor que convive con algún hijo menor de 25 años,3,,semidetached_house
HH_3361,3 personas,Norte,Hogar formado por pareja con hijos en donde algún hijo es menor de 25 años,Hogar formado por pareja con hijos en donde algún hijo es menor de 25 años,3,,apartments
HH_3362,5 o mas personas,Fortuna,Hogar formado por pareja con hijos en donde algún hijo es menor de 25 años,Hogar formado por pareja con hijos en donde algún hijo es menor de 25 años,5,Getafe norte,city
HH_3363,1 persona,Norte,Hogar con una mujer sola menor de 65 años,Hogar con una mujer sola menor de 65 años,1,,apartments
HH_3364,2 personas,Carrascal,Hogar formado por pareja sin hijos,Hogar formado por pareja sin hijos,2,,yes
HH_3365,1 persona,San Nicasio,Hogar con una mujer sola menor de 65 años,Hogar con una mujer sola menor de 65 años,1,,semidetached_house
HH_3366,3 personas,Zarzaquemada,Hogar con un solo progenitor que convive con algún hijo menor de 25 años,Hogar con un solo progenitor que convive con algún hijo menor de 25 años,3,,residential
HH_3367,1 persona,Polvoranca,Hogar con un hombre solo menor de 65 años,Hogar con un hombre solo menor de 65 años,1,Madrid,city
HH_3368,2 personas,San Nicasio,Hogar formado por pareja sin hijos,Hogar formado por pareja sin hijos,2,,house
HH_3369,2 personas,Sur,Hogar formado por pareja sin hijos,Hogar formado por pareja sin hijos,2,,yes
HH_3370,2 personas,Carrascal,Hogar con un solo progenitor que convive con algún hijo menor de 25 años,Hogar con un solo progenitor que convive con algún hijo menor de 25 años,2,,yes
HH_3371,1 persona,Norte,Hogar con un hombre solo menor de 65 años,Hogar con un hombre solo menor de 65 años,1,Madrid,city
HH_3372,1 persona,San Nicasio,Hogar con una mujer sola de 65 años o más,Hogar con una mujer sola de 65 años o más,1,,apartments
HH_3373,3 personas,Sur,Hogar formado por pareja con hijos en donde todos los hijos de 25 años o más,Hogar formado por pareja con hijos en donde todos los hijos de 25 años o más,3,,yes
HH_3374,4 personas,Polvoranca,Hogar formado por pareja o un solo progenitor que convive con algún hijo menor de 25 años y otra(s) persona(s),Hogar formado por pareja o un solo progenitor que convive con algún hijo menor de 25 años y otra(s) persona(s),4,,semidetached_house
HH_3375,4 personas,Sur,Hogar formado por pareja o un solo progenitor que convive con algún hijo menor de 25 años y otra(s) persona(s),Hogar formado por pareja o un solo progenitor que convive con algún hijo menor de 25 años y otra(s) persona(s),4,,apartments
HH_3376,2 personas,Sur,Hogar formado por pareja sin hijos,Hogar formado por pareja sin hijos,2,Madrid,city
HH_3377,1 persona,Sur,Hogar con una mujer sola de 65 años o más,Hogar con una mujer sola de 65 años o más,1,,yes
HH_3378,2 personas,Zarzaquemada,Hogar con un solo progenitor que convive con todos sus hijos de 25 años o más,Hogar con un solo progenitor que convive con todos sus hijos de 25 años o más,2,Alcorcon,city
HH_3379,4 personas,Zarzaquemada,Hogar formado por pareja con hijos en donde algún hijo es menor de 25 años,Hogar formado por pareja con hijos en donde algún hijo es menor de 25 años,4,Mostoles,city
HH_3380,2 personas,Norte,Hogar formado por pareja sin hijos,Hogar formado por pareja sin hijos,2,,yes
HH_3381,1 persona,Polvoranca,Hogar con una mujer sola de 65 años o más,Hogar con una mujer sola de 65 años o más,1,,semidetached_house
HH_3382,4 personas,Carrascal,Hogar formado por pareja con hijos en donde algún hijo es menor de 25 años,Hogar formado por pareja con hijos en donde algún hijo es menor de 25 años,4,,semidetached_house
HH_3383,2 personas,Sur,Hogar con un solo progenitor que convive con todos sus hijos de 25 años o más,Hogar con un solo progenitor que convive con todos sus hijos de 25 años o más,2,,apartments
HH_3384,4 personas,San Nicasio,Hogar formado por pareja con hijos en donde algún hijo es menor de 25 años,Hogar formado por pareja con hijos en donde algún hijo es menor de 25 años,4,Madrid,city
HH_3385,2 personas,Carrascal,Hogar formado por pareja sin hijos,Hogar formado por pareja sin hijos,2,,yes
HH_3386,3 personas,Zarzaquemada,Hogar formado por pareja con hijos en donde algún hijo es menor de 25 años,Hogar formado por pareja con hijos en donde algún hijo es menor de 25 años,3,,residential
HH_3387,5 o mas personas,Polvoranca,Hogar formado por pareja o un solo progenitor que convive con algún hijo menor de 25 años y otra(s) persona(s),Hogar formado por pareja o un solo progenitor que convive con algún hijo menor de 25 años y otra(s) persona(s),5,Madrid,city
HH_3388,2 personas,Carrascal,Hogar con un solo progenitor que convive con todos sus hijos de 25 años o más,Hogar con un solo progenitor que convive con todos sus hijos de 25 años o más,2,,detached
HH_3389,1 persona,Sur,Hogar con una mujer sola menor de 65 años,Hogar con una mujer sola menor de 65 años,1,,yes
HH_3390,2 personas,Zarzaquemada,Hogar formado por pareja sin hijos,Hogar formado por pareja sin hijos,2,,residential
HH_3391,2 personas,Sur,Hogar formado por pareja sin hijos,Hogar formado por pareja sin hijos,2,,yes
HH_3392,1 persona,Norte,Hogar con un hombre solo de 65 años o más,Hogar con un hombre solo de 65 años o más,1,,apartments
HH_3393,4 personas,Norte,Otro tipo de hogar,Otro tipo de hogar,4,,residential
HH_3394,2 personas,Fortuna,Hogar formado por pareja sin hijos,Hogar formado por pareja sin hijos,2,,yes
HH_3395,1 persona,San Nicasio,Hogar con una mujer sola menor de 65 años,Hogar con una mujer sola menor de 65 años,1,,residential
HH_3396,3 personas,Sur,Hogar formado por pareja con hijos en donde todos los hijos de 25 años o más,Hogar formado por pareja con hijos en donde todos los hijos de 25 años o más,3,,yes
HH_3397,2 personas,San Nicasio,Hogar formado por pareja sin hijos,Hogar formado por pareja sin hijos,2,Mostoles,city
HH_3398,1 persona,San Nicasio,Hogar con una mujer sola de 65 años o más,Hogar con una mujer sola de 65 años o más,1,Madrid,city
HH_3399,2 personas,Norte,Hogar con un solo progenitor que convive con todos sus hijos de 25 años o más,Hogar con un solo progenitor que convive con todos sus hijos de 25 años o más,2,,apartments
HH_3400,3 personas,San Nicasio,Hogar formado por pareja con hijos en donde algún hijo es menor de 25 años,Hogar formado por pareja con hijos en donde algún hijo es menor de 25 años,3,,terrace
HH_3401,2 personas,Sur,Hogar formado por pareja sin hijos,Hogar formado por pareja sin hijos,2,Madrid,city
HH_3402,1 persona,Zarzaquemada,Hogar con una mujer sola de 65 años o más,Hogar con una mujer sola de 65 años o más,1,,apartments
HH_3403,2 personas,Carrascal,Hogar formado por pareja sin hijos,Hogar formado por pareja sin hijos,2,,apartments
HH_3404,3 personas,Sur,Otro tipo de hogar,Otro tipo de hogar,3,,yes
HH_3405,3 personas,Zarzaquemada,Otro tipo de hogar,Otro tipo de hogar,3,Mostoles,city
HH_3406,2 personas,Norte,Hogar formado por pareja sin hijos,Hogar formado por pareja sin hijos,2,,yes
HH_3407,1 persona,Sur,Hogar con una mujer sola de 65 años o más,Hogar con una mujer sola de 65 años o más,1,,apartments
HH_3408,1 persona,Norte,Hogar con una mujer sola menor de 65 años,Hogar con una mujer sola menor de 65 años,1,,apartments
HH_3409,2 personas,Carrascal,Hogar con un solo progenitor que convive con algún hijo menor de 25 años,Hogar con un solo progenitor que convive con algún hijo menor de 25 años,2,,yes
HH_3410,4 personas,Sur,Hogar formado por pareja con hijos en donde algún hijo es menor de 25 años,Hogar formado por pareja con hijos en donde algún hijo es menor de 25 años,4,,yes
HH_3411,2 personas,Sur,Hogar formado por pareja sin hijos,Hogar formado por pareja sin hijos,2,,apartments
HH_3412,1 persona,Norte,Hogar con una mujer sola de 65 años o más,Hogar con una mujer sola de 65 años o más,1,,apartments
HH_3413,2 personas,San Nicasio,Hogar con un solo progenitor que convive con todos sus hijos de 25 años o más,Hogar con un solo progenitor que convive con todos sus hijos de 25 años o más,2,,yes
HH_3414,3 personas,Zarzaquemada,Hogar con un solo progenitor que convive con algún hijo menor de 25 años,Hogar con un solo progenitor que convive con algún hijo menor de 25 años,3,,residential
HH_3415,5 o mas personas,Sur,Hogar formado por pareja o un solo progenitor que convive con algún hijo menor de 25 años y otra(s) persona(s),Hogar formado por pareja o un solo progenitor que convive con algún hijo menor de 25 años y otra(s) persona(s),5,,yes
HH_3416,3 personas,Zarzaquemada,Otro tipo de hogar,Otro tipo de hogar,3,,residential
HH_3417,3 personas,San Nicasio,Hogar formado por pareja con hijos en donde algún hijo es menor de 25 años,Hogar formado por pareja con hijos en donde algún hijo es menor de 25 años,3,,house
HH_3418,4 personas,Zarzaquemada,Hogar formado por pareja o un solo progenitor que convive con algún hijo menor de 25 años y otra(s) persona(s),Hogar formado por pareja o un solo progenitor que convive con algún hijo menor de 25 años y otra(s) persona(s),4,,apartments
HH_3419,1 persona,Fortuna,Hogar con un hombre solo menor de 65 años,Hogar con un hombre solo menor de 65 años,1,,yes
HH_3420,1 persona,Sur,Hogar con una mujer sola menor de 65 años,Hogar con una mujer sola menor de 65 años,1,,apartments
HH_3421,2 personas,Sur,Hogar formado por pareja sin hijos,Hogar formado por pareja sin hijos,2,,apartments
HH_3422,2 personas,Zarzaquemada,Hogar formado por pareja sin hijos,Hogar formado por pareja sin hijos,2,Madrid,city
HH_3423,3 personas,Zarzaquemada,Hogar formado por pareja con hijos en donde todos los hijos de 25 años o más,Hogar formado por pareja con hijos en donde todos los hijos de 25 años o más,3,,apartments
HH_3424,1 persona,Zarzaquemada,Hogar con un hombre solo menor de 65 años,Hogar con un hombre solo menor de 65 años,1,,residential
HH_3425,4 personas,San Nicasio,Hogar formado por pareja con hijos en donde algún hijo es menor de 25 años,Hogar formado por pareja con hijos en donde algún hijo es menor de 25 años,4,,yes
HH_3426,3 personas,San Nicasio,Hogar formado por pareja con hijos en donde algún hijo es menor de 25 años,Hogar formado por pareja con hijos en donde algún hijo es menor de 25 años,3,,semidetached_house
HH_3427,2 personas,Zarzaquemada,Hogar formado por pareja sin hijos,Hogar formado por pareja sin hijos,2,,apartments
HH_3428,2 personas,Zarzaquemada,Hogar con un solo progenitor que convive con todos sus hijos de 25 años o más,Hogar con un solo progenitor que convive con todos sus hijos de 25 años o más,2,,residential
HH_3429,1 persona,Zarzaquemada,Hogar con una mujer sola de 65 años o más,Hogar con una mujer sola de 65 años o más,1,Mostoles,city
HH_3430,2 personas,Norte,Hogar formado por pareja sin hijos,Hogar formado por pareja sin hijos,2,,apartments
HH_3431,1 persona,Zarzaquemada,Hogar con una mujer sola de 65 años o más,Hogar con una mujer sola de 65 años o más,1,Madrid,city
HH_3432,1 persona,Carrascal,Hogar con una mujer sola de 65 años o más,Hogar con una mujer sola de 65 años o más,1,,semidetached_house
HH_3433,2 personas,Norte,Hogar formado por pareja sin hijos,Hogar formado por pareja sin hijos,2,,apartments
HH_3434,5 o mas personas,Carrascal,Hogar formado por pareja o un solo progenitor que convive con algún hijo menor de 25 años y otra(s) persona(s),Hogar formado por pareja o un solo progenitor que convive con algún hijo menor de 25 años y otra(s) persona(s),5,,apartments
HH_3435,3 personas,Carrascal,Hogar formado por pareja con hijos en donde algún hijo es menor de 25 años,Hogar formado por pareja con hijos en donde algún hijo es menor de 25 años,3,,yes
HH_3436,4 personas,San Nicasio,Hogar formado por pareja con hijos en donde algún hijo es menor de 25 años,Hogar formado por pareja con hijos en donde algún hijo es menor de 25 años,4,,semidetached_house
HH_3437,3 personas,Zarzaquemada,Hogar formado por pareja con hijos en donde todos los hijos de 25 años o más,Hogar formado por pareja con hijos en donde todos los hijos de 25 años o más,3,,residential
HH_3438,3 personas,Carrascal,Hogar formado por pareja con hijos en donde algún hijo es menor de 25 años,Hogar formado por pareja con hijos en donde algún hijo es menor de 25 años,3,,apartments
HH_3439,4 personas,Polvoranca,Hogar formado por pareja con hijos en donde algún hijo es menor de 25 años,Hogar formado por pareja con hijos en donde algún hijo es menor de 25 años,4,Madrid,city
HH_3440,4 personas,Norte,Hogar formado por pareja con hijos en donde algún hijo es menor de 25 años,Hogar formado por pareja con hijos en donde algún hijo es menor de 25 años,4,,yes
HH_3441,2 personas,Zarzaquemada,Hogar con un solo progenitor que convive con algún hijo menor de 25 años,Hogar con un solo progenitor que convive con algún hijo menor de 25 años,2,,residential
HH_3442,2 personas,Sur,Hogar formado por pareja sin hijos,Hogar formado por pareja sin hijos,2,Madrid,city
HH_3443,4 personas,Sur,Hogar formado por pareja con hijos en donde algún hijo es menor de 25 años,Hogar formado por pareja con hijos en donde algún hijo es menor de 25 años,4,Madrid,city
HH_3444,3 personas,Carrascal,Hogar formado por pareja con hijos en donde algún hijo es menor de 25 años,Hogar formado por pareja con hijos en donde algún hijo es menor de 25 años,3,,semidetached_house
HH_3445,4 personas,Zarzaquemada,Otro tipo de hogar,Otro tipo de hogar,4,,apartments
HH_3446,3 personas,Zarzaquemada,Hogar formado por pareja o un solo progenitor que convive con algún hijo menor de 25 años y otra(s) persona(s),Hogar formado por pareja o un solo progenitor que convive con algún hijo menor de 25 años y otra(s) persona(s),3,,apartments
HH_3447,2 personas,Carrascal,Hogar formado por pareja sin hijos,Hogar formado por pareja sin hijos,2,Madrid,city
HH_3448,4 personas,Carrascal,Hogar formado por pareja con hijos en donde algún hijo es menor de 25 años,Hogar formado por pareja con hijos en donde algún hijo es menor de 25 años,4,,semidetached_house
HH_3449,4 personas,Sur,Hogar formado por pareja con hijos en donde algún hijo es menor de 25 años,Hogar formado por pareja con hijos en donde algún hijo es menor de 25 años,4,Fuenlabrada,city
HH_3450,3 personas,Sur,Otro tipo de hogar,Otro tipo de hogar,3,Mostoles,city
HH_3451,2 personas,Zarzaquemada,Hogar con un solo progenitor que convive con algún hijo menor de 25 años,Hogar con un solo progenitor que convive con algún hijo menor de 25 años,2,,apartments
HH_3452,3 personas,San Nicasio,Hogar con un solo progenitor que convive con algún hijo menor de 25 años,Hogar con un solo progenitor que convive con algún hijo menor de 25 años,3,,residential
HH_3453,2 personas,San Nicasio,Hogar con un solo progenitor que convive con todos sus hijos de 25 años o más,Hogar con un solo progenitor que convive con todos sus hijos de 25 años o más,2,,yes
HH_3454,2 personas,Carrascal,Hogar formado por pareja sin hijos,Hogar formado por pareja sin hijos,2,Fuenlabrada,city
HH_3455,3 personas,San Nicasio,Otro tipo de hogar,Otro tipo de hogar,3,Alcorcon,city
HH_3456,1 persona,Sur,Hogar con una mujer sola de 65 años o más,Hogar con una mujer sola de 65 años o más,1,,apartments
HH_3457,3 personas,Carrascal,Hogar formado por pareja con hijos en donde todos los hijos de 25 años o más,Hogar formado por pareja con hijos en donde todos los hijos de 25 años o más,3,Madrid,city
HH_3458,2 personas,Norte,Hogar formado por pareja sin hijos,Hogar formado por pareja sin hijos,2,,yes
HH_3459,3 personas,San Nicasio,Hogar formado por pareja con hijos en donde todos los hijos de 25 años o más,Hogar formado por pareja con hijos en donde todos los hijos de 25 años o más,3,,semidetached_house
HH_3460,4 personas,Zarzaquemada,Hogar con un solo progenitor que convive con algún hijo menor de 25 años,Hogar con un solo progenitor que convive con algún hijo menor de 25 años,4,,apartments
HH_3461,4 personas,Sur,Hogar formado por pareja con hijos en donde algún hijo es menor de 25 años,Hogar formado por pareja con hijos en donde algún hijo es menor de 25 años,4,Fuenlabrada,city
HH_3462,3 personas,San Nicasio,Hogar formado por pareja o un solo progenitor que convive con algún hijo menor de 25 años y otra(s) persona(s),Hogar formado por pareja o un solo progenitor que convive con algún hijo menor de 25 años y otra(s) persona(s),3,,semidetached_house
HH_3463,2 personas,Zarzaquemada,Hogar formado por pareja sin hijos,Hogar formado por pareja sin hijos,2,,apartments
HH_3464,2 personas,Fortuna,Hogar formado por pareja sin hijos,Hogar formado por pareja sin hijos,2,,terrace
HH_3465,2 personas,Zarzaquemada,Hogar formado por pareja sin hijos,Hogar formado por pareja sin hijos,2,Fuenlabrada,city
HH_3466,1 persona,Norte,Hogar con un hombre solo menor de 65 años,Hogar con un hombre solo menor de 65 años,1,Alcorcon,city
HH_3467,2 personas,Polvoranca,Hogar formado por pareja sin hijos,Hogar formado por pareja sin hijos,2,,house
HH_3468,1 persona,Carrascal,Hogar con una mujer sola de 65 años o más,Hogar con una mujer sola de 65 años o más,1,,yes
HH_3469,2 personas,San Nicasio,Hogar formado por pareja sin hijos,Hogar formado por pareja sin hijos,2,Madrid,city
HH_3470,3 personas,Norte,Otro tipo de hogar,Otro tipo de hogar,3,,yes
HH_3471,2 personas,San Nicasio,Hogar formado por pareja sin hijos,Hogar formado por pareja sin hijos,2,Madrid,city
HH_3472,1 persona,San Nicasio,Hogar con un hombre solo de 65 años o más,Hogar con un hombre solo de 65 años o más,1,,house
HH_3473,1 persona,Zarzaquemada,Hogar con un hombre solo de 65 años o más,Hogar con un hombre solo de 65 años o más,1,Madrid,city
HH_3474,1 persona,Fortuna,Hogar con una mujer sola menor de 65 años,Hogar con una mujer sola menor de 65 años,1,,semidetached_house
HH_3475,2 personas,Carrascal,Hogar formado por pareja sin hijos,Hogar formado por pareja sin hijos,2,Madrid,city
HH_3476,1 persona,Carrascal,Hogar con un hombre solo menor de 65 años,Hogar con un hombre solo menor de 65 años,1,,apartments
HH_3477,4 personas,Zarzaquemada,Hogar formado por pareja con hijos en donde algún hijo es menor de 25 años,Hogar formado por pareja con hijos en donde algún hijo es menor de 25 años,4,Getafe norte,city
HH_3478,3 personas,San Nicasio,Hogar formado por pareja con hijos en donde algún hijo es menor de 25 años,Hogar formado por pareja con hijos en donde algún hijo es menor de 25 años,3,,yes
HH_3479,2 personas,Polvoranca,Hogar con un solo progenitor que convive con todos sus hijos de 25 años o más,Hogar con un solo progenitor que convive con todos sus hijos de 25 años o más,2,,yes
HH_3480,3 personas,Norte,Hogar formado por pareja con hijos en donde todos los hijos de 25 años o más,Hogar formado por pareja con hijos en donde todos los hijos de 25 años o más,3,Madrid,city
HH_3481,2 personas,Zarzaquemada,Otro tipo de hogar,Otro tipo de hogar,2,,residential
HH_3482,4 personas,Zarzaquemada,Hogar formado por pareja con hijos en donde algún hijo es menor de 25 años,Hogar formado por pareja con hijos en donde algún hijo es menor de 25 años,4,Madrid,city
HH_3483,3 personas,Sur,Hogar con un solo progenitor que convive con algún hijo menor de 25 años,Hogar con un solo progenitor que convive con algún hijo menor de 25 años,3,,apartments
HH_3484,5 o mas personas,San Nicasio,Otro tipo de hogar,Otro tipo de hogar,5,,semidetached_house
HH_3485,3 personas,Polvoranca,Hogar formado por pareja con hijos en donde algún hijo es menor de 25 años,Hogar formado por pareja con hijos en donde algún hijo es menor de 25 años,3,,semidetached_house
HH_3486,3 personas,Polvoranca,Hogar formado por pareja con hijos en donde algún hijo es menor de 25 años,Hogar formado por pareja con hijos en donde algún hijo es menor de 25 años,3,,terrace
HH_3487,3 personas,Sur,Hogar formado por pareja con hijos en donde algún hijo es menor de 25 años,Hogar formado por pareja con hijos en donde algún hijo es menor de 25 años,3,,yes
HH_3488,3 personas,Polvoranca,Otro tipo de hogar,Otro tipo de hogar,3,,semidetached_house
HH_3489,3 personas,Sur,Hogar formado por pareja con hijos en donde algún hijo es menor de 25 años,Hogar formado por pareja con hijos en donde algún hijo es menor de 25 años,3,Madrid,city
HH_3490,4 personas,Carrascal,Hogar formado por pareja con hijos en donde algún hijo es menor de 25 años,Hogar formado por pareja con hijos en donde algún hijo es menor de 25 años,4,Madrid,city
HH_3491,2 personas,Zarzaquemada,Hogar formado por pareja sin hijos,Hogar formado por pareja sin hijos,2,,residential
HH_3492,4 personas,Zarzaquemada,Hogar formado por pareja con hijos en donde algún hijo es menor de 25 años,Hogar formado por pareja con hijos en donde algún hijo es menor de 25 años,4,,residential
HH_3493,3 personas,Sur,Hogar formado por pareja con hijos en donde algún hijo es menor de 25 años,Hogar formado por pareja con hijos en donde algún hijo es menor de 25 años,3,Madrid,city
HH_3494,2 personas,Norte,Hogar con un solo progenitor que convive con todos sus hijos de 25 años o más,Hogar con un solo progenitor que convive con todos sus hijos de 25 años o más,2,,apartments
HH_3495,2 personas,San Nicasio,Otro tipo de hogar,Otro tipo de hogar,2,,semidetached_house
HH_3496,3 personas,Carrascal,Otro tipo de hogar,Otro tipo de hogar,3,,house
HH_3497,5 o mas personas,Zarzaquemada,Hogar formado por pareja o un solo progenitor que convive con algún hijo menor de 25 años y otra(s) persona(s),Hogar formado por pareja o un solo progenitor que convive con algún hijo menor de 25 años y otra(s) persona(s),5,,residential
HH_3498,1 persona,Sur,Hogar con un hombre solo menor de 65 años,Hogar con un hombre solo menor de 65 años,1,,yes
HH_3499,3 personas,Carrascal,Hogar formado por pareja con hijos en donde algún hijo es menor de 25 años,Hogar formado por pareja con hijos en donde algún hijo es menor de 25 años,3,,yes
HH_3500,5 o mas personas,Zarzaquemada,Hogar formado por pareja con hijos en donde algún hijo es menor de 25 años,Hogar formado por pareja con hijos en donde algún hijo es menor de 25 años,5,,apartments
HH_3501,4 personas,San Nicasio,Hogar formado por pareja con hijos en donde algún hijo es menor de 25 años,Hogar formado por pareja con hijos en donde algún hijo es menor de 25 años,4,Madrid,city
HH_3502,4 personas,Carrascal,Hogar formado por pareja con hijos en donde algún hijo es menor de 25 años,Hogar formado por pareja con hijos en donde algún hijo es menor de 25 años,4,Madrid,city
HH_3503,2 personas,Sur,Hogar formado por pareja sin hijos,Hogar formado por pareja sin hijos,2,,residential
HH_3504,4 personas,Sur,Hogar formado por pareja con hijos en donde algún hijo es menor de 25 años,Hogar formado por pareja con hijos en donde algún hijo es menor de 25 años,4,Madrid,city
HH_3505,2 personas,Zarzaquemada,Hogar formado por pareja sin hijos,Hogar formado por pareja sin hijos,2,Madrid,city
HH_3506,4 personas,Zarzaquemada,Hogar formado por pareja con hijos en donde todos los hijos de 25 años o más,Hogar formado por pareja con hijos en donde todos los hijos de 25 años o más,4,Mostoles,city
HH_3507,3 personas,Polvoranca,Hogar formado por pareja con hijos en donde todos los hijos de 25 años o más,Hogar formado por pareja con hijos en donde todos los hijos de 25 años o más,3,Madrid,city
HH_3508,4 personas,Norte,Hogar formado por pareja con hijos en donde algún hijo es menor de 25 años,Hogar formado por pareja con hijos en donde algún hijo es menor de 25 años,4,,apartments
HH_3509,2 personas,Fortuna,Hogar formado por pareja sin hijos,Hogar formado por pareja sin hijos,2,,yes
HH_3510,3 personas,Fortuna,Hogar formado por pareja con hijos en donde algún hijo es menor de 25 años,Hogar formado por pareja con hijos en donde algún hijo es menor de 25 años,3,,yes
HH_3511,5 o mas personas,Sur,Hogar formado por pareja con hijos en donde algún hijo es menor de 25 años,Hogar formado por pareja con hijos en donde algún hijo es menor de 25 años,5,Mostoles,city
HH_3512,4 personas,Norte,Hogar formado por pareja con hijos en donde algún hijo es menor de 25 años,Hogar formado por pareja con hijos en donde algún hijo es menor de 25 años,4,Mostoles,city
HH_3513,2 personas,Norte,Hogar con un solo progenitor que convive con todos sus hijos de 25 años o más,Hogar con un solo progenitor que convive con todos sus hijos de 25 años o más,2,,apartments
HH_3514,2 personas,Norte,Hogar formado por pareja sin hijos,Hogar formado por pareja sin hijos,2,,apartments
HH_3515,4 personas,Carrascal,Hogar formado por pareja con hijos en donde algún hijo es menor de 25 años,Hogar formado por pareja con hijos en donde algún hijo es menor de 25 años,4,,apartments
HH_3516,1 persona,Fortuna,Hogar con una mujer sola menor de 65 años,Hogar con una mujer sola menor de 65 años,1,Alcorcon,city
HH_3517,2 personas,Zarzaquemada,Hogar con un solo progenitor que convive con algún hijo menor de 25 años,Hogar con un solo progenitor que convive con algún hijo menor de 25 años,2,,apartments
HH_3518,2 personas,Zarzaquemada,Hogar con un solo progenitor que convive con algún hijo menor de 25 años,Hogar con un solo progenitor que convive con algún hijo menor de 25 años,2,,residential
HH_3519,4 personas,Sur,Hogar formado por pareja con hijos en donde todos los hijos de 25 años o más,Hogar formado por pareja con hijos en donde todos los hijos de 25 años o más,4,,yes
HH_3520,3 personas,Carrascal,Hogar formado por pareja con hijos en donde algún hijo es menor de 25 años,Hogar formado por pareja con hijos en donde algún hijo es menor de 25 años,3,,yes
HH_3521,3 personas,Sur,Hogar formado por pareja con hijos en donde todos los hijos de 25 años o más,Hogar formado por pareja con hijos en donde todos los hijos de 25 años o más,3,,yes
HH_3522,4 personas,Sur,Hogar formado por pareja con hijos en donde algún hijo es menor de 25 años,Hogar formado por pareja con hijos en donde algún hijo es menor de 25 años,4,,apartments
HH_3523,4 personas,Norte,Hogar formado por pareja con hijos en donde algún hijo es menor de 25 años,Hogar formado por pareja con hijos en donde algún hijo es menor de 25 años,4,,apartments
HH_3524,3 personas,Carrascal,Hogar formado por pareja con hijos en donde algún hijo es menor de 25 años,Hogar formado por pareja con hijos en donde algún hijo es menor de 25 años,3,,house
HH_3525,3 personas,San Nicasio,Hogar formado por pareja con hijos en donde todos los hijos de 25 años o más,Hogar formado por pareja con hijos en donde todos los hijos de 25 años o más,3,,yes
HH_3526,3 personas,Carrascal,Hogar formado por pareja con hijos en donde algún hijo es menor de 25 años,Hogar formado por pareja con hijos en donde algún hijo es menor de 25 años,3,,house
HH_3527,2 personas,Sur,Hogar con un solo progenitor que convive con algún hijo menor de 25 años,Hogar con un solo progenitor que convive con algún hijo menor de 25 años,2,,yes
HH_3528,1 persona,Carrascal,Hogar con una mujer sola de 65 años o más,Hogar con una mujer sola de 65 años o más,1,,residential
HH_3529,3 personas,Sur,Hogar formado por pareja o un solo progenitor que convive con algún hijo menor de 25 años y otra(s) persona(s),Hogar formado por pareja o un solo progenitor que convive con algún hijo menor de 25 años y otra(s) persona(s),3,,yes
HH_3530,2 personas,Fortuna,Hogar formado por pareja sin hijos,Hogar formado por pareja sin hijos,2,,terrace
HH_3531,3 personas,San Nicasio,Hogar formado por pareja con hijos en donde todos los hijos de 25 años o más,Hogar formado por pareja con hijos en donde todos los hijos de 25 años o más,3,,yes
HH_3532,3 personas,Sur,Hogar con un solo progenitor que convive con todos sus hijos de 25 años o más,Hogar con un solo progenitor que convive con todos sus hijos de 25 años o más,3,Getafe norte,city
HH_3533,2 personas,Sur,Hogar formado por pareja sin hijos,Hogar formado por pareja sin hijos,2,,yes
HH_3534,2 personas,Carrascal,Hogar formado por pareja sin hijos,Hogar formado por pareja sin hijos,2,,house
HH_3535,5 o mas personas,Norte,Hogar formado por pareja o un solo progenitor que convive con algún hijo menor de 25 años y otra(s) persona(s),Hogar formado por pareja o un solo progenitor que convive con algún hijo menor de 25 años y otra(s) persona(s),5,,apartments
HH_3536,1 persona,Sur,Hogar con un hombre solo menor de 65 años,Hogar con un hombre solo menor de 65 años,1,Fuenlabrada,city
HH_3537,4 personas,Zarzaquemada,Hogar formado por pareja con hijos en donde algún hijo es menor de 25 años,Hogar formado por pareja con hijos en donde algún hijo es menor de 25 años,4,,apartments
HH_3538,2 personas,Carrascal,Hogar formado por pareja sin hijos,Hogar formado por pareja sin hijos,2,,semidetached_house
HH_3539,5 o mas personas,Zarzaquemada,Hogar formado por pareja con hijos en donde algún hijo es menor de 25 años,Hogar formado por pareja con hijos en donde algún hijo es menor de 25 años,5,,residential
HH_3540,5 o mas personas,Sur,Hogar formado por pareja con hijos en donde algún hijo es menor de 25 años,Hogar formado por pareja con hijos en donde algún hijo es menor de 25 años,5,,apartments
HH_3541,3 personas,Polvoranca,Hogar formado por pareja con hijos en donde algún hijo es menor de 25 años,Hogar formado por pareja con hijos en donde algún hijo es menor de 25 años,3,,semidetached_house
HH_3542,1 persona,Zarzaquemada,Hogar con un hombre solo menor de 65 años,Hogar con un hombre solo menor de 65 años,1,,residential
HH_3543,1 persona,Carrascal,Hogar con una mujer sola de 65 años o más,Hogar con una mujer sola de 65 años o más,1,,house
HH_3544,5 o mas personas,Fortuna,Hogar formado por pareja o un solo progenitor que convive con algún hijo menor de 25 años y otra(s) persona(s),Hogar formado por pareja o un solo progenitor que convive con algún hijo menor de 25 años y otra(s) persona(s),5,,semidetached_house
HH_3545,1 persona,Polvoranca,Hogar con una mujer sola de 65 años o más,Hogar con una mujer sola de 65 años o más,1,Fuenlabrada,city
HH_3546,4 personas,Sur,Hogar formado por pareja con hijos en donde algún hijo es menor de 25 años,Hogar formado por pareja con hijos en donde algún hijo es menor de 25 años,4,,yes
HH_3547,4 personas,Sur,Hogar formado por pareja o un solo progenitor que convive con algún hijo menor de 25 años y otra(s) persona(s),Hogar formado por pareja o un solo progenitor que convive con algún hijo menor de 25 años y otra(s) persona(s),4,,apartments
HH_3548,1 persona,San Nicasio,Hogar con una mujer sola de 65 años o más,Hogar con una mujer sola de 65 años o más,1,,semidetached_house
HH_3549,5 o mas personas,Fortuna,Otro tipo de hogar,Otro tipo de hogar,5,,yes
HH_3550,5 o mas personas,Sur,Hogar formado por pareja o un solo progenitor que convive con algún hijo menor de 25 años y otra(s) persona(s),Hogar formado por pareja o un solo progenitor que convive con algún hijo menor de 25 años y otra(s) persona(s),5,Madrid,city
HH_3551,3 personas,Zarzaquemada,Hogar formado por pareja con hijos en donde todos los hijos de 25 años o más,Hogar formado por pareja con hijos en donde todos los hijos de 25 años o más,3,,residential
HH_3552,1 persona,Sur,Hogar con una mujer sola menor de 65 años,Hogar con una mujer sola menor de 65 años,1,Madrid,city
HH_3553,3 personas,Zarzaquemada,Otro tipo de hogar,Otro tipo de hogar,3,Madrid,city
HH_3554,1 persona,Zarzaquemada,Hogar con un hombre solo menor de 65 años,Hogar con un hombre solo menor de 65 años,1,,residential
HH_3555,2 personas,Carrascal,Hogar formado por pareja sin hijos,Hogar formado por pareja sin hijos,2,,apartments
HH_3556,4 personas,Norte,Hogar formado por pareja con hijos en donde algún hijo es menor de 25 años,Hogar formado por pareja con hijos en donde algún hijo es menor de 25 años,4,,yes
HH_3557,1 persona,Sur,Hogar con un hombre solo de 65 años o más,Hogar con un hombre solo de 65 años o más,1,,yes
HH_3558,4 personas,San Nicasio,Hogar formado por pareja con hijos en donde algún hijo es menor de 25 años,Hogar formado por pareja con hijos en donde algún hijo es menor de 25 años,4,Getafe norte,city
HH_3559,2 personas,Norte,Hogar formado por pareja sin hijos,Hogar formado por pareja sin hijos,2,,apartments
HH_3560,2 personas,San Nicasio,Hogar formado por pareja sin hijos,Hogar formado por pareja sin hijos,2,,semidetached_house
HH_3561,4 personas,Carrascal,Hogar formado por pareja o un solo progenitor que convive con algún hijo menor de 25 años y otra(s) persona(s),Hogar formado por pareja o un solo progenitor que convive con algún hijo menor de 25 años y otra(s) persona(s),4,,semidetached_house
HH_3562,2 personas,San Nicasio,Otro tipo de hogar,Otro tipo de hogar,2,,yes
HH_3563,4 personas,Zarzaquemada,Hogar formado por pareja con hijos en donde todos los hijos de 25 años o más,Hogar formado por pareja con hijos en donde todos los hijos de 25 años o más,4,,residential
HH_3564,3 personas,Fortuna,Otro tipo de hogar,Otro tipo de hogar,3,,yes
HH_3565,4 personas,Norte,Hogar formado por pareja con hijos en donde algún hijo es menor de 25 años,Hogar formado por pareja con hijos en donde algún hijo es menor de 25 años,4,Fuenlabrada,city
HH_3566,1 persona,Norte,Hogar con un hombre solo de 65 años o más,Hogar con un hombre solo de 65 años o más,1,Madrid,city
HH_3567,1 persona,Carrascal,Hogar con un hombre solo de 65 años o más,Hogar con un hombre solo de 65 años o más,1,,house
HH_3568,1 persona,Zarzaquemada,Hogar con un hombre solo menor de 65 años,Hogar con un hombre solo menor de 65 años,1,,residential
HH_3569,1 persona,Sur,Hogar con una mujer sola menor de 65 años,Hogar con una mujer sola menor de 65 años,1,,house
HH_3570,2 personas,Zarzaquemada,Hogar formado por pareja sin hijos,Hogar formado por pareja sin hijos,2,,apartments
HH_3571,1 persona,Zarzaquemada,Hogar con una mujer sola menor de 65 años,Hogar con una mujer sola menor de 65 años,1,,apartments
HH_3572,2 personas,Norte,Hogar formado por pareja sin hijos,Hogar formado por pareja sin hijos,2,,apartments
HH_3573,2 personas,Zarzaquemada,Hogar formado por pareja sin hijos,Hogar formado por pareja sin hijos,2,Madrid,city
HH_3574,2 personas,Polvoranca,Hogar formado por pareja sin hijos,Hogar formado por pareja sin hijos,2,Getafe norte,city
HH_3575,4 personas,Zarzaquemada,Hogar formado por pareja con hijos en donde algún hijo es menor de 25 años,Hogar formado por pareja con hijos en donde algún hijo es menor de 25 años,4,,apartments
HH_3576,3 personas,Polvoranca,Hogar formado por pareja con hijos en donde algún hijo es menor de 25 años,Hogar formado por pareja con hijos en donde algún hijo es menor de 25 años,3,,house
HH_3577,1 persona,Sur,Hogar con un hombre solo menor de 65 años,Hogar con un hombre solo menor de 65 años,1,,yes
HH_3578,4 personas,Carrascal,Hogar formado por pareja o un solo progenitor que convive con algún hijo menor de 25 años y otra(s) persona(s),Hogar formado por pareja o un solo progenitor que convive con algún hijo menor de 25 años y otra(s) persona(s),4,Fuenlabrada,city
HH_3579,4 personas,Zarzaquemada,Hogar formado por pareja con hijos en donde todos los hijos de 25 años o más,Hogar formado por pareja con hijos en donde todos los hijos de 25 años o más,4,,apartments
HH_3580,3 personas,Fortuna,Hogar con un solo progenitor que convive con todos sus hijos de 25 años o más,Hogar con un solo progenitor que convive con todos sus hijos de 25 años o más,3,,yes
HH_3581,3 personas,Sur,Hogar formado por pareja con hijos en donde algún hijo es menor de 25 años,Hogar formado por pareja con hijos en donde algún hijo es menor de 25 años,3,Mostoles,city
HH_3582,2 personas,San Nicasio,Hogar formado por pareja sin hijos,Hogar formado por pareja sin hijos,2,,residential
HH_3583,1 persona,Norte,Hogar con una mujer sola menor de 65 años,Hogar con una mujer sola menor de 65 años,1,,yes
HH_3584,3 personas,Polvoranca,Hogar formado por pareja con hijos en donde algún hijo es menor de 25 años,Hogar formado por pareja con hijos en donde algún hijo es menor de 25 años,3,,terrace
HH_3585,3 personas,Zarzaquemada,Hogar formado por pareja con hijos en donde algún hijo es menor de 25 años,Hogar formado por pareja con hijos en donde algún hijo es menor de 25 años,3,,apartments
HH_3586,3 personas,Zarzaquemada,Hogar formado por pareja con hijos en donde algún hijo es menor de 25 años,Hogar formado por pareja con hijos en donde algún hijo es menor de 25 años,3,,residential
HH_3587,4 personas,Polvoranca,Hogar formado por pareja con hijos en donde algún hijo es menor de 25 años,Hogar formado por pareja con hijos en donde algún hijo es menor de 25 años,4,Madrid,city
HH_3588,2 personas,Polvoranca,Hogar con un solo progenitor que convive con algún hijo menor de 25 años,Hogar con un solo progenitor que convive con algún hijo menor de 25 años,2,,house
HH_3589,2 personas,Carrascal,Hogar formado por pareja sin hijos,Hogar formado por pareja sin hijos,2,,yes
HH_3590,3 personas,Zarzaquemada,Hogar formado por pareja con hijos en donde algún hijo es menor de 25 años,Hogar formado por pareja con hijos en donde algún hijo es menor de 25 años,3,Fuenlabrada,city
HH_3591,4 personas,San Nicasio,Hogar formado por pareja con hijos en donde algún hijo es menor de 25 años,Hogar formado por pareja con hijos en donde algún hijo es menor de 25 años,4,,semidetached_house
HH_3592,2 personas,Zarzaquemada,Hogar formado por pareja sin hijos,Hogar formado por pareja sin hijos,2,Fuenlabrada,city
HH_3593,5 o mas personas,Fortuna,Hogar formado por pareja o un solo progenitor que convive con algún hijo menor de 25 años y otra(s) persona(s),Hogar formado por pareja o un solo progenitor que convive con algún hijo menor de 25 años y otra(s) persona(s),5,,yes
HH_3594,5 o mas personas,San Nicasio,Hogar formado por pareja o un solo progenitor que convive con algún hijo menor de 25 años y otra(s) persona(s),Hogar formado por pareja o un solo progenitor que convive con algún hijo menor de 25 años y otra(s) persona(s),5,Alcorcon,city
HH_3595,2 personas,San Nicasio,Hogar formado por pareja sin hijos,Hogar formado por pareja sin hijos,2,,house
HH_3596,5 o mas personas,Zarzaquemada,Hogar formado por pareja o un solo progenitor que convive con algún hijo menor de 25 años y otra(s) persona(s),Hogar formado por pareja o un solo progenitor que convive con algún hijo menor de 25 años y otra(s) persona(s),5,Madrid,city
HH_3597,5 o mas personas,Sur,Hogar formado por pareja con hijos en donde algún hijo es menor de 25 años,Hogar formado por pareja con hijos en donde algún hijo es menor de 25 años,5,,yes
HH_3598,1 persona,Zarzaquemada,Hogar con un hombre solo de 65 años o más,Hogar con un hombre solo de 65 años o más,1,Mostoles,city
HH_3599,3 personas,Polvoranca,Hogar formado por pareja con hijos en donde algún hijo es menor de 25 años,Hogar formado por pareja con hijos en donde algún hijo es menor de 25 años,3,,semidetached_house
HH_3600,3 personas,Sur,Hogar formado por pareja con hijos en donde todos los hijos de 25 años o más,Hogar formado por pareja con hijos en donde todos los hijos de 25 años o más,3,,yes
HH_3601,3 personas,Carrascal,Hogar formado por pareja con hijos en donde todos los hijos de 25 años o más,Hogar formado por pareja con hijos en donde todos los hijos de 25 años o más,3,,residential
HH_3602,4 personas,Zarzaquemada,Hogar formado por pareja con hijos en donde algún hijo es menor de 25 años,Hogar formado por pareja con hijos en donde algún hijo es menor de 25 años,4,,apartments
HH_3603,2 personas,Norte,Hogar formado por pareja sin hijos,Hogar formado por pareja sin hijos,2,,apartments
HH_3604,3 personas,Polvoranca,Hogar formado por pareja con hijos en donde todos los hijos de 25 años o más,Hogar formado por pareja con hijos en donde todos los hijos de 25 años o más,3,,semidetached_house
HH_3605,3 personas,Zarzaquemada,Hogar formado por pareja con hijos en donde algún hijo es menor de 25 años,Hogar formado por pareja con hijos en donde algún hijo es menor de 25 años,3,Madrid,city
HH_3606,1 persona,Zarzaquemada,Hogar con una mujer sola menor de 65 años,Hogar con una mujer sola menor de 65 años,1,,yes
HH_3607,3 personas,Carrascal,Hogar con un solo progenitor que convive con algún hijo menor de 25 años,Hogar con un solo progenitor que convive con algún hijo menor de 25 años,3,,yes
HH_3608,3 personas,Polvoranca,Hogar formado por pareja con hijos en donde algún hijo es menor de 25 años,Hogar formado por pareja con hijos en donde algún hijo es menor de 25 años,3,Fuenlabrada,city
HH_3609,4 personas,San Nicasio,Hogar formado por pareja o un solo progenitor que convive con algún hijo menor de 25 años y otra(s) persona(s),Hogar formado por pareja o un solo progenitor que convive con algún hijo menor de 25 años y otra(s) persona(s),4,,yes
HH_3610,3 personas,Zarzaquemada,Hogar formado por pareja con hijos en donde todos los hijos de 25 años o más,Hogar formado por pareja con hijos en donde todos los hijos de 25 años o más,3,Madrid,city
HH_3611,4 personas,Sur,Hogar formado por pareja con hijos en donde algún hijo es menor de 25 años,Hogar formado por pareja con hijos en donde algún hijo es menor de 25 años,4,Madrid,city
HH_3612,2 personas,Sur,Hogar con un solo progenitor que convive con algún hijo menor de 25 años,Hogar con un solo progenitor que convive con algún hijo menor de 25 años,2,Madrid,city
HH_3613,1 persona,Norte,Hogar con un hombre solo menor de 65 años,Hogar con un hombre solo menor de 65 años,1,,apartments
HH_3614,2 personas,Sur,Hogar formado por pareja sin hijos,Hogar formado por pareja sin hijos,2,Alcorcon,city
HH_3615,2 personas,Norte,Hogar formado por pareja sin hijos,Hogar formado por pareja sin hijos,2,,apartments
HH_3616,1 persona,Sur,Hogar con una mujer sola de 65 años o más,Hogar con una mujer sola de 65 años o más,1,,yes
HH_3617,2 personas,Sur,Hogar formado por pareja sin hijos,Hogar formado por pareja sin hijos,2,Madrid,city
HH_3618,1 persona,Norte,Hogar con una mujer sola de 65 años o más,Hogar con una mujer sola de 65 años o más,1,Madrid,city
HH_3619,4 personas,Zarzaquemada,Hogar formado por pareja con hijos en donde algún hijo es menor de 25 años,Hogar formado por pareja con hijos en donde algún hijo es menor de 25 años,4,Madrid,city
HH_3620,4 personas,Carrascal,Hogar con un solo progenitor que convive con todos sus hijos de 25 años o más,Hogar con un solo progenitor que convive con todos sus hijos de 25 años o más,4,,semidetached_house
HH_3621,1 persona,San Nicasio,Hogar con una mujer sola de 65 años o más,Hogar con una mujer sola de 65 años o más,1,,apartments
HH_3622,1 persona,Zarzaquemada,Hogar con una mujer sola de 65 años o más,Hogar con una mujer sola de 65 años o más,1,Madrid,city
HH_3623,1 persona,San Nicasio,Hogar con un hombre solo de 65 años o más,Hogar con un hombre solo de 65 años o más,1,,semidetached_house
HH_3624,5 o mas personas,Zarzaquemada,Hogar formado por pareja con hijos en donde algún hijo es menor de 25 años,Hogar formado por pareja con hijos en donde algún hijo es menor de 25 años,5,Madrid,city
HH_3625,1 persona,Zarzaquemada,Hogar con una mujer sola menor de 65 años,Hogar con una mujer sola menor de 65 años,1,Mostoles,city
HH_3626,2 personas,Carrascal,Hogar con un solo progenitor que convive con todos sus hijos de 25 años o más,Hogar con un solo progenitor que convive con todos sus hijos de 25 años o más,2,Getafe norte,city
HH_3627,4 personas,Sur,Hogar formado por pareja con hijos en donde algún hijo es menor de 25 años,Hogar formado por pareja con hijos en donde algún hijo es menor de 25 años,4,Getafe norte,city
HH_3628,2 personas,Sur,Hogar formado por pareja sin hijos,Hogar formado por pareja sin hijos,2,,yes
HH_3629,2 personas,Polvoranca,Hogar formado por pareja sin hijos,Hogar formado por pareja sin hijos,2,,semidetached_house
HH_3630,4 personas,Carrascal,Hogar formado por pareja con hijos en donde algún hijo es menor de 25 años,Hogar formado por pareja con hijos en donde algún hijo es menor de 25 años,4,,semidetached_house
HH_3631,3 personas,Zarzaquemada,Hogar formado por pareja con hijos en donde todos los hijos de 25 años o más,Hogar formado por pareja con hijos en donde todos los hijos de 25 años o más,3,Madrid,city
HH_3632,2 personas,Zarzaquemada,Hogar formado por pareja sin hijos,Hogar formado por pareja sin hijos,2,Madrid,city
HH_3633,2 personas,Carrascal,Hogar con un solo progenitor que convive con todos sus hijos de 25 años o más,Hogar con un solo progenitor que convive con todos sus hijos de 25 años o más,2,,semidetached_house
HH_3634,1 persona,San Nicasio,Hogar con un hombre solo de 65 años o más,Hogar con un hombre solo de 65 años o más,1,,yes
HH_3635,1 persona,Polvoranca,Hogar con una mujer sola de 65 años o más,Hogar con una mujer sola de 65 años o más,1,,semidetached_house
HH_3636,2 personas,Fortuna,Hogar formado por pareja sin hijos,Hogar formado por pareja sin hijos,2,Fuenlabrada,city
HH_3637,4 personas,Zarzaquemada,Hogar formado por pareja con hijos en donde algún hijo es menor de 25 años,Hogar formado por pareja con hijos en donde algún hijo es menor de 25 años,4,Madrid,city
HH_3638,1 persona,Carrascal,Hogar con un hombre solo menor de 65 años,Hogar con un hombre solo menor de 65 años,1,,house
HH_3639,3 personas,Sur,Hogar formado por pareja con hijos en donde algún hijo es menor de 25 años,Hogar formado por pareja con hijos en donde algún hijo es menor de 25 años,3,,yes
HH_3640,4 personas,Carrascal,Hogar formado por pareja o un solo progenitor que convive con algún hijo menor de 25 años y otra(s) persona(s),Hogar formado por pareja o un solo progenitor que convive con algún hijo menor de 25 años y otra(s) persona(s),4,,house
HH_3641,4 personas,Norte,Hogar formado por pareja con hijos en donde algún hijo es menor de 25 años,Hogar formado por pareja con hijos en donde algún hijo es menor de 25 años,4,,yes
HH_3642,4 personas,Zarzaquemada,Hogar formado por pareja con hijos en donde algún hijo es menor de 25 años,Hogar formado por pareja con hijos en donde algún hijo es menor de 25 años,4,Madrid,city
HH_3643,3 personas,Norte,Hogar con un solo progenitor que convive con todos sus hijos de 25 años o más,Hogar con un solo progenitor que convive con todos sus hijos de 25 años o más,3,,yes
HH_3644,4 personas,Sur,Hogar formado por pareja con hijos en donde todos los hijos de 25 años o más,Hogar formado por pareja con hijos en donde todos los hijos de 25 años o más,4,,yes
HH_3645,3 personas,Zarzaquemada,Otro tipo de hogar,Otro tipo de hogar,3,Madrid,city
HH_3646,4 personas,Polvoranca,Hogar formado por pareja con hijos en donde algún hijo es menor de 25 años,Hogar formado por pareja con hijos en donde algún hijo es menor de 25 años,4,,house
HH_3647,4 personas,Zarzaquemada,Hogar formado por pareja con hijos en donde algún hijo es menor de 25 años,Hogar formado por pareja con hijos en donde algún hijo es menor de 25 años,4,,yes
HH_3648,1 persona,Polvoranca,Hogar con una mujer sola de 65 años o más,Hogar con una mujer sola de 65 años o más,1,,house
HH_3649,4 personas,Zarzaquemada,Hogar formado por pareja con hijos en donde algún hijo es menor de 25 años,Hogar formado por pareja con hijos en donde algún hijo es menor de 25 años,4,,apartments
HH_3650,3 personas,Sur,Hogar formado por pareja con hijos en donde algún hijo es menor de 25 años,Hogar formado por pareja con hijos en donde algún hijo es menor de 25 años,3,,yes
HH_3651,3 personas,Zarzaquemada,Hogar formado por pareja con hijos en donde todos los hijos de 25 años o más,Hogar formado por pareja con hijos en donde todos los hijos de 25 años o más,3,Madrid,city
HH_3652,1 persona,Carrascal,Hogar con un hombre solo menor de 65 años,Hogar con un hombre solo menor de 65 años,1,,apartments
HH_3653,2 personas,San Nicasio,Hogar formado por pareja sin hijos,Hogar formado por pareja sin hijos,2,,semidetached_house
HH_3654,2 personas,San Nicasio,Hogar con un solo progenitor que convive con todos sus hijos de 25 años o más,Hogar con un solo progenitor que convive con todos sus hijos de 25 años o más,2,,house
HH_3655,3 personas,Zarzaquemada,Otro tipo de hogar,Otro tipo de hogar,3,,apartments
HH_3656,2 personas,Carrascal,Hogar formado por pareja sin hijos,Hogar formado por pareja sin hijos,2,,yes
HH_3657,4 personas,Sur,Hogar formado por pareja con hijos en donde algún hijo es menor de 25 años,Hogar formado por pareja con hijos en donde algún hijo es menor de 25 años,4,,apartments
HH_3658,2 personas,Zarzaquemada,Otro tipo de hogar,Otro tipo de hogar,2,,apartments
HH_3659,4 personas,Carrascal,Hogar formado por pareja con hijos en donde algún hijo es menor de 25 años,Hogar formado por pareja con hijos en donde algún hijo es menor de 25 años,4,,apartments
HH_3660,2 personas,Norte,Hogar formado por pareja sin hijos,Hogar formado por pareja sin hijos,2,,yes
HH_3661,2 personas,San Nicasio,Hogar formado por pareja sin hijos,Hogar formado por pareja sin hijos,2,Mostoles,city
HH_3662,1 persona,Zarzaquemada,Hogar con una mujer sola de 65 años o más,Hogar con una mujer sola de 65 años o más,1,,apartments
HH_3663,3 personas,Zarzaquemada,Otro tipo de hogar,Otro tipo de hogar,3,,apartments
HH_3664,2 personas,Carrascal,Hogar con un solo progenitor que convive con todos sus hijos de 25 años o más,Hogar con un solo progenitor que convive con todos sus hijos de 25 años o más,2,,house
HH_3665,2 personas,Fortuna,Hogar con un solo progenitor que convive con todos sus hijos de 25 años o más,Hogar con un solo progenitor que convive con todos sus hijos de 25 años o más,2,Getafe norte,city
HH_3666,2 personas,Norte,Hogar formado por pareja sin hijos,Hogar formado por pareja sin hijos,2,,yes
HH_3667,4 personas,Carrascal,Hogar formado por pareja con hijos en donde algún hijo es menor de 25 años,Hogar formado por pareja con hijos en donde algún hijo es menor de 25 años,4,,apartments
HH_3668,2 personas,San Nicasio,Hogar formado por pareja sin hijos,Hogar formado por pareja sin hijos,2,,yes
HH_3669,2 personas,Zarzaquemada,Hogar con un solo progenitor que convive con algún hijo menor de 25 años,Hogar con un solo progenitor que convive con algún hijo menor de 25 años,2,,residential
HH_3670,3 personas,Carrascal,Otro tipo de hogar,Otro tipo de hogar,3,,house
HH_3671,3 personas,Carrascal,Hogar formado por pareja con hijos en donde todos los hijos de 25 años o más,Hogar formado por pareja con hijos en donde todos los hijos de 25 años o más,3,,yes
HH_3672,2 personas,Zarzaquemada,Hogar formado por pareja sin hijos,Hogar formado por pareja sin hijos,2,,yes
HH_3673,2 personas,Sur,Hogar formado por pareja sin hijos,Hogar formado por pareja sin hijos,2,Madrid,city
HH_3674,2 personas,Carrascal,Hogar formado por pareja sin hijos,Hogar formado por pareja sin hijos,2,,semidetached_house
HH_3675,4 personas,Zarzaquemada,Hogar formado por pareja con hijos en donde algún hijo es menor de 25 años,Hogar formado por pareja con hijos en donde algún hijo es menor de 25 años,4,Madrid,city
HH_3676,2 personas,San Nicasio,Hogar formado por pareja sin hijos,Hogar formado por pareja sin hijos,2,,semidetached_house
HH_3677,3 personas,Norte,Otro tipo de hogar,Otro tipo de hogar,3,Madrid,city
HH_3678,5 o mas personas,Zarzaquemada,Hogar formado por pareja o un solo progenitor que convive con algún hijo menor de 25 años y otra(s) persona(s),Hogar formado por pareja o un solo progenitor que convive con algún hijo menor de 25 años y otra(s) persona(s),5,Madrid,city
HH_3679,3 personas,San Nicasio,Hogar formado por pareja con hijos en donde algún hijo es menor de 25 años,Hogar formado por pareja con hijos en donde algún hijo es menor de 25 años,3,Alcorcon,city
HH_3680,1 persona,Fortuna,Hogar con una mujer sola de 65 años o más,Hogar con una mujer sola de 65 años o más,1,,yes
HH_3681,3 personas,Zarzaquemada,Hogar formado por pareja con hijos en donde algún hijo es menor de 25 años,Hogar formado por pareja con hijos en donde algún hijo es menor de 25 años,3,,residential
HH_3682,2 personas,Fortuna,Hogar con un solo progenitor que convive con todos sus hijos de 25 años o más,Hogar con un solo progenitor que convive con todos sus hijos de 25 años o más,2,Madrid,city
HH_3683,2 personas,Zarzaquemada,Hogar con un solo progenitor que convive con todos sus hijos de 25 años o más,Hogar con un solo progenitor que convive con todos sus hijos de 25 años o más,2,,apartments
HH_3684,1 persona,Sur,Hogar con una mujer sola de 65 años o más,Hogar con una mujer sola de 65 años o más,1,,yes
HH_3685,5 o mas personas,Zarzaquemada,Otro tipo de hogar,Otro tipo de hogar,5,,residential
HH_3686,3 personas,Zarzaquemada,Hogar formado por pareja con hijos en donde algún hijo es menor de 25 años,Hogar formado por pareja con hijos en donde algún hijo es menor de 25 años,3,,apartments
HH_3687,2 personas,Zarzaquemada,Hogar formado por pareja sin hijos,Hogar formado por pareja sin hijos,2,,apartments
HH_3688,1 persona,Norte,Hogar con un hombre solo de 65 años o más,Hogar con un hombre solo de 65 años o más,1,,apartments
HH_3689,2 personas,Zarzaquemada,Hogar formado por pareja sin hijos,Hogar formado por pareja sin hijos,2,Centro Cultural Julián Besteiro,yes
HH_3690,1 persona,Norte,Hogar con una mujer sola menor de 65 años,Hogar con una mujer sola menor de 65 años,1,,apartments
HH_3691,2 personas,San Nicasio,Hogar formado por pareja sin hijos,Hogar formado por pareja sin hijos,2,Madrid,city
HH_3692,2 personas,Sur,Hogar formado por pareja sin hijos,Hogar formado por pareja sin hijos,2,Fuenlabrada,city
HH_3693,2 personas,San Nicasio,Hogar formado por pareja sin hijos,Hogar formado por pareja sin hijos,2,,terrace
HH_3694,4 personas,San Nicasio,Hogar formado por pareja con hijos en donde todos los hijos de 25 años o más,Hogar formado por pareja con hijos en donde todos los hijos de 25 años o más,4,Madrid,city
HH_3695,2 personas,San Nicasio,Hogar formado por pareja sin hijos,Hogar formado por pareja sin hijos,2,,residential
HH_3696,2 personas,Zarzaquemada,Hogar con un solo progenitor que convive con algún hijo menor de 25 años,Hogar con un solo progenitor que convive con algún hijo menor de 25 años,2,,residential
HH_3697,1 persona,San Nicasio,Hogar con una mujer sola de 65 años o más,Hogar con una mujer sola de 65 años o más,1,,semidetached_house
HH_3698,2 personas,Zarzaquemada,Hogar con un solo progenitor que convive con algún hijo menor de 25 años,Hogar con un solo progenitor que convive con algún hijo menor de 25 años,2,Fuenlabrada,city
HH_3699,1 persona,Sur,Hogar con una mujer sola menor de 65 años,Hogar con una mujer sola menor de 65 años,1,Madrid,city
HH_3700,4 personas,Sur,Hogar formado por pareja con hijos en donde todos los hijos de 25 años o más,Hogar formado por pareja con hijos en donde todos los hijos de 25 años o más,4,,apartments
HH_3701,3 personas,Zarzaquemada,Hogar formado por pareja con hijos en donde todos los hijos de 25 años o más,Hogar formado por pareja con hijos en donde todos los hijos de 25 años o más,3,Madrid,city
HH_3702,2 personas,Carrascal,Hogar formado por pareja sin hijos,Hogar formado por pareja sin hijos,2,Fuenlabrada,city
HH_3703,2 personas,Sur,Hogar formado por pareja sin hijos,Hogar formado por pareja sin hijos,2,Mostoles,city
HH_3704,1 persona,San Nicasio,Hogar con una mujer sola de 65 años o más,Hogar con una mujer sola de 65 años o más,1,,semidetached_house
HH_3705,2 personas,Zarzaquemada,Hogar formado por pareja sin hijos,Hogar formado por pareja sin hijos,2,,apartments
HH_3706,1 persona,Zarzaquemada,Hogar con una mujer sola menor de 65 años,Hogar con una mujer sola menor de 65 años,1,Madrid,city
HH_3707,2 personas,Zarzaquemada,Hogar formado por pareja sin hijos,Hogar formado por pareja sin hijos,2,Madrid,city
HH_3708,2 personas,Polvoranca,Hogar formado por pareja sin hijos,Hogar formado por pareja sin hijos,2,,semidetached_house
HH_3709,2 personas,Sur,Hogar formado por pareja sin hijos,Hogar formado por pareja sin hijos,2,,yes
HH_3710,3 personas,San Nicasio,Hogar formado por pareja con hijos en donde algún hijo es menor de 25 años,Hogar formado por pareja con hijos en donde algún hijo es menor de 25 años,3,,yes
HH_3711,2 personas,Carrascal,Hogar formado por pareja sin hijos,Hogar formado por pareja sin hijos,2,,residential
HH_3712,1 persona,Norte,Hogar con una mujer sola menor de 65 años,Hogar con una mujer sola menor de 65 años,1,,yes
HH_3713,3 personas,Zarzaquemada,Hogar con un solo progenitor que convive con todos sus hijos de 25 años o más,Hogar con un solo progenitor que convive con todos sus hijos de 25 años o más,3,Madrid,city
HH_3714,2 personas,Norte,Hogar formado por pareja sin hijos,Hogar formado por pareja sin hijos,2,,yes
HH_3715,3 personas,San Nicasio,Hogar formado por pareja con hijos en donde algún hijo es menor de 25 años,Hogar formado por pareja con hijos en donde algún hijo es menor de 25 años,3,Conalsa,yes
HH_3716,2 personas,Fortuna,Hogar formado por pareja sin hijos,Hogar formado por pareja sin hijos,2,,yes
HH_3717,1 persona,San Nicasio,Hogar con una mujer sola menor de 65 años,Hogar con una mujer sola menor de 65 años,1,Madrid,city
HH_3718,1 persona,San Nicasio,Hogar con una mujer sola de 65 años o más,Hogar con una mujer sola de 65 años o más,1,,house
HH_3719,2 personas,Carrascal,Hogar con un solo progenitor que convive con algún hijo menor de 25 años,Hogar con un solo progenitor que convive con algún hijo menor de 25 años,2,Madrid,city
HH_3720,1 persona,Carrascal,Hogar con una mujer sola menor de 65 años,Hogar con una mujer sola menor de 65 años,1,Madrid,city
HH_3721,2 personas,San Nicasio,Hogar con un solo progenitor que convive con algún hijo menor de 25 años,Hogar con un solo progenitor que convive con algún hijo menor de 25 años,2,Mostoles,city
HH_3722,4 personas,Carrascal,Hogar formado por pareja con hijos en donde algún hijo es menor de 25 años,Hogar formado por pareja con hijos en donde algún hijo es menor de 25 años,4,Fuenlabrada,city
HH_3723,2 personas,Fortuna,Hogar con un solo progenitor que convive con algún hijo menor de 25 años,Hogar con un solo progenitor que convive con algún hijo menor de 25 años,2,,yes
HH_3724,2 personas,Zarzaquemada,Hogar formado por pareja sin hijos,Hogar formado por pareja sin hijos,2,Mostoles,city
HH_3725,1 persona,Sur,Hogar con una mujer sola menor de 65 años,Hogar con una mujer sola menor de 65 años,1,Mas Automoviles,yes
HH_3726,1 persona,Polvoranca,Hogar con un hombre solo menor de 65 años,Hogar con un hombre solo menor de 65 años,1,,semidetached_house
HH_3727,2 personas,Zarzaquemada,Hogar formado por pareja sin hijos,Hogar formado por pareja sin hijos,2,,apartments
HH_3728,4 personas,Sur,Hogar formado por pareja con hijos en donde algún hijo es menor de 25 años,Hogar formado por pareja con hijos en donde algún hijo es menor de 25 años,4,,yes
HH_3729,1 persona,San Nicasio,Hogar con una mujer sola menor de 65 años,Hogar con una mujer sola menor de 65 años,1,,semidetached_house
HH_3730,3 personas,Norte,Hogar con un solo progenitor que convive con algún hijo menor de 25 años,Hogar con un solo progenitor que convive con algún hijo menor de 25 años,3,,yes
HH_3731,4 personas,Carrascal,Hogar formado por pareja con hijos en donde algún hijo es menor de 25 años,Hogar formado por pareja con hijos en donde algún hijo es menor de 25 años,4,,residential
HH_3732,1 persona,San Nicasio,Hogar con una mujer sola de 65 años o más,Hogar con una mujer sola de 65 años o más,1,,semidetached_house
HH_3733,1 persona,Polvoranca,Hogar con una mujer sola de 65 años o más,Hogar con una mujer sola de 65 años o más,1,,house
HH_3734,4 personas,Zarzaquemada,Hogar formado por pareja o un solo progenitor que convive con algún hijo menor de 25 años y otra(s) persona(s),Hogar formado por pareja o un solo progenitor que convive con algún hijo menor de 25 años y otra(s) persona(s),4,Getafe norte,city
HH_3735,1 persona,San Nicasio,Hogar con un hombre solo de 65 años o más,Hogar con un hombre solo de 65 años o más,1,Mostoles,city
HH_3736,4 personas,Carrascal,Hogar formado por pareja con hijos en donde algún hijo es menor de 25 años,Hogar formado por pareja con hijos en donde algún hijo es menor de 25 años,4,,apartments
HH_3737,1 persona,Zarzaquemada,Hogar con un hombre solo menor de 65 años,Hogar con un hombre solo menor de 65 años,1,,apartments
HH_3738,4 personas,Carrascal,Hogar formado por pareja con hijos en donde algún hijo es menor de 25 años,Hogar formado por pareja con hijos en donde algún hijo es menor de 25 años,4,,semidetached_house
HH_3739,4 personas,Carrascal,Hogar formado por pareja con hijos en donde algún hijo es menor de 25 años,Hogar formado por pareja con hijos en donde algún hijo es menor de 25 años,4,Fuenlabrada,city
HH_3740,1 persona,Polvoranca,Hogar con una mujer sola menor de 65 años,Hogar con una mujer sola menor de 65 años,1,,yes
HH_3741,2 personas,Zarzaquemada,Hogar formado por pareja sin hijos,Hogar formado por pareja sin hijos,2,,residential
HH_3742,2 personas,Fortuna,Hogar formado por pareja sin hijos,Hogar formado por pareja sin hijos,2,,yes
HH_3743,4 personas,Carrascal,Hogar formado por pareja con hijos en donde algún hijo es menor de 25 años,Hogar formado por pareja con hijos en donde algún hijo es menor de 25 años,4,,detached
HH_3744,1 persona,Norte,Hogar con una mujer sola menor de 65 años,Hogar con una mujer sola menor de 65 años,1,,apartments
HH_3745,2 personas,San Nicasio,Hogar con un solo progenitor que convive con algún hijo menor de 25 años,Hogar con un solo progenitor que convive con algún hijo menor de 25 años,2,,semidetached_house
HH_3746,3 personas,Carrascal,Otro tipo de hogar,Otro tipo de hogar,3,Madrid,city
HH_3747,3 personas,San Nicasio,Hogar formado por pareja con hijos en donde algún hijo es menor de 25 años,Hogar formado por pareja con hijos en donde algún hijo es menor de 25 años,3,,yes
HH_3748,3 personas,Zarzaquemada,Hogar con un solo progenitor que convive con algún hijo menor de 25 años,Hogar con un solo progenitor que convive con algún hijo menor de 25 años,3,,residential
HH_3749,1 persona,San Nicasio,Hogar con un hombre solo de 65 años o más,Hogar con un hombre solo de 65 años o más,1,,terrace
HH_3750,1 persona,Sur,Hogar con un hombre solo menor de 65 años,Hogar con un hombre solo menor de 65 años,1,,yes
HH_3751,2 personas,Zarzaquemada,Hogar con un solo progenitor que convive con todos sus hijos de 25 años o más,Hogar con un solo progenitor que convive con todos sus hijos de 25 años o más,2,,residential
HH_3752,1 persona,San Nicasio,Hogar con un hombre solo menor de 65 años,Hogar con un hombre solo menor de 65 años,1,,semidetached_house
HH_3753,4 personas,Zarzaquemada,Hogar formado por pareja con hijos en donde algún hijo es menor de 25 años,Hogar formado por pareja con hijos en donde algún hijo es menor de 25 años,4,,residential
HH_3754,3 personas,Sur,Hogar con un solo progenitor que convive con todos sus hijos de 25 años o más,Hogar con un solo progenitor que convive con todos sus hijos de 25 años o más,3,,yes
HH_3755,3 personas,Carrascal,Hogar formado por pareja con hijos en donde algún hijo es menor de 25 años,Hogar formado por pareja con hijos en donde algún hijo es menor de 25 años,3,Fuenlabrada,city
HH_3756,4 personas,Carrascal,Hogar formado por pareja o un solo progenitor que convive con algún hijo menor de 25 años y otra(s) persona(s),Hogar formado por pareja o un solo progenitor que convive con algún hijo menor de 25 años y otra(s) persona(s),4,,yes
HH_3757,2 personas,Fortuna,Hogar formado por pareja sin hijos,Hogar formado por pareja sin hijos,2,Alcorcon,city
HH_3758,3 personas,Zarzaquemada,Hogar formado por pareja con hijos en donde todos los hijos de 25 años o más,Hogar formado por pareja con hijos en donde todos los hijos de 25 años o más,3,,yes
HH_3759,4 personas,Fortuna,Hogar formado por pareja con hijos en donde algún hijo es menor de 25 años,Hogar formado por pareja con hijos en donde algún hijo es menor de 25 años,4,,yes
HH_3760,2 personas,Norte,Otro tipo de hogar,Otro tipo de hogar,2,,yes
HH_3761,3 personas,Sur,Hogar con un solo progenitor que convive con algún hijo menor de 25 años,Hogar con un solo progenitor que convive con algún hijo menor de 25 años,3,,yes
HH_3762,2 personas,Polvoranca,Hogar con un solo progenitor que convive con todos sus hijos de 25 años o más,Hogar con un solo progenitor que convive con todos sus hijos de 25 años o más,2,Madrid,city
HH_3763,4 personas,Zarzaquemada,Hogar formado por pareja con hijos en donde algún hijo es menor de 25 años,Hogar formado por pareja con hijos en donde algún hijo es menor de 25 años,4,Fuenlabrada,city
HH_3764,3 personas,Sur,Hogar formado por pareja con hijos en donde todos los hijos de 25 años o más,Hogar formado por pareja con hijos en donde todos los hijos de 25 años o más,3,,yes
HH_3765,2 personas,Polvoranca,Hogar formado por pareja sin hijos,Hogar formado por pareja sin hijos,2,Madrid,city
HH_3766,4 personas,Fortuna,Hogar formado por pareja con hijos en donde algún hijo es menor de 25 años,Hogar formado por pareja con hijos en donde algún hijo es menor de 25 años,4,,yes
HH_3767,1 persona,Fortuna,Hogar con una mujer sola menor de 65 años,Hogar con una mujer sola menor de 65 años,1,,yes
HH_3768,1 persona,Zarzaquemada,Hogar con una mujer sola de 65 años o más,Hogar con una mujer sola de 65 años o más,1,Getafe norte,city
HH_3769,4 personas,Fortuna,Hogar formado por pareja con hijos en donde algún hijo es menor de 25 años,Hogar formado por pareja con hijos en donde algún hijo es menor de 25 años,4,,yes
HH_3770,3 personas,Sur,Hogar formado por pareja con hijos en donde algún hijo es menor de 25 años,Hogar formado por pareja con hijos en donde algún hijo es menor de 25 años,3,,yes
HH_3771,4 personas,San Nicasio,Hogar formado por pareja con hijos en donde algún hijo es menor de 25 años,Hogar formado por pareja con hijos en donde algún hijo es menor de 25 años,4,,semidetached_house
HH_3772,1 persona,Norte,Hogar con una mujer sola de 65 años o más,Hogar con una mujer sola de 65 años o más,1,Casa del Reloj,yes
HH_3773,4 personas,Carrascal,Hogar formado por pareja o un solo progenitor que convive con algún hijo menor de 25 años y otra(s) persona(s),Hogar formado por pareja o un solo progenitor que convive con algún hijo menor de 25 años y otra(s) persona(s),4,,house
HH_3774,2 personas,Carrascal,Hogar formado por pareja sin hijos,Hogar formado por pareja sin hijos,2,,semidetached_house
HH_3775,4 personas,San Nicasio,Hogar formado por pareja con hijos en donde algún hijo es menor de 25 años,Hogar formado por pareja con hijos en donde algún hijo es menor de 25 años,4,,yes
HH_3776,2 personas,Zarzaquemada,Hogar formado por pareja sin hijos,Hogar formado por pareja sin hijos,2,,apartments
HH_3777,4 personas,San Nicasio,Hogar formado por pareja o un solo progenitor que convive con algún hijo menor de 25 años y otra(s) persona(s),Hogar formado por pareja o un solo progenitor que convive con algún hijo menor de 25 años y otra(s) persona(s),4,Fuenlabrada,city
HH_3778,1 persona,Carrascal,Hogar con una mujer sola de 65 años o más,Hogar con una mujer sola de 65 años o más,1,Madrid,city
HH_3779,2 personas,Zarzaquemada,Otro tipo de hogar,Otro tipo de hogar,2,,residential
HH_3780,4 personas,Zarzaquemada,Hogar formado por pareja con hijos en donde algún hijo es menor de 25 años,Hogar formado por pareja con hijos en donde algún hijo es menor de 25 años,4,,residential
HH_3781,5 o mas personas,Carrascal,Hogar formado por pareja o un solo progenitor que convive con algún hijo menor de 25 años y otra(s) persona(s),Hogar formado por pareja o un solo progenitor que convive con algún hijo menor de 25 años y otra(s) persona(s),5,,construction
HH_3782,2 personas,Carrascal,Hogar con un solo progenitor que convive con todos sus hijos de 25 años o más,Hogar con un solo progenitor que convive con todos sus hijos de 25 años o más,2,Centro de Salud María Montessori,yes
HH_3783,3 personas,Carrascal,Hogar formado por pareja con hijos en donde algún hijo es menor de 25 años,Hogar formado por pareja con hijos en donde algún hijo es menor de 25 años,3,,apartments
HH_3784,1 persona,Sur,Hogar con una mujer sola de 65 años o más,Hogar con una mujer sola de 65 años o más,1,,house
HH_3785,1 persona,Polvoranca,Hogar con un hombre solo menor de 65 años,Hogar con un hombre solo menor de 65 años,1,Madrid,city
HH_3786,4 personas,Polvoranca,Hogar formado por pareja con hijos en donde algún hijo es menor de 25 años,Hogar formado por pareja con hijos en donde algún hijo es menor de 25 años,4,Alcorcon,city
HH_3787,2 personas,Zarzaquemada,Hogar formado por pareja sin hijos,Hogar formado por pareja sin hijos,2,,apartments
HH_3788,1 persona,Zarzaquemada,Hogar con un hombre solo menor de 65 años,Hogar con un hombre solo menor de 65 años,1,,residential
HH_3789,3 personas,San Nicasio,Hogar formado por pareja con hijos en donde algún hijo es menor de 25 años,Hogar formado por pareja con hijos en donde algún hijo es menor de 25 años,3,Getafe norte,city
HH_3790,2 personas,Zarzaquemada,Hogar con un solo progenitor que convive con todos sus hijos de 25 años o más,Hogar con un solo progenitor que convive con todos sus hijos de 25 años o más,2,,apartments
HH_3791,1 persona,Zarzaquemada,Hogar con una mujer sola de 65 años o más,Hogar con una mujer sola de 65 años o más,1,,residential
HH_3792,3 personas,Carrascal,Otro tipo de hogar,Otro tipo de hogar,3,,semidetached_house
HH_3793,4 personas,Zarzaquemada,Hogar formado por pareja con hijos en donde algún hijo es menor de 25 años,Hogar formado por pareja con hijos en donde algún hijo es menor de 25 años,4,Fuenlabrada,city
HH_3794,1 persona,Sur,Hogar con una mujer sola de 65 años o más,Hogar con una mujer sola de 65 años o más,1,,apartments
HH_3795,2 personas,Zarzaquemada,Hogar formado por pareja sin hijos,Hogar formado por pareja sin hijos,2,,apartments
HH_3796,2 personas,Norte,Hogar con un solo progenitor que convive con todos sus hijos de 25 años o más,Hogar con un solo progenitor que convive con todos sus hijos de 25 años o más,2,Polideportivo Alfredo Di Stefano,yes
HH_3797,4 personas,San Nicasio,Hogar formado por pareja con hijos en donde algún hijo es menor de 25 años,Hogar formado por pareja con hijos en donde algún hijo es menor de 25 años,4,,semidetached_house
HH_3798,2 personas,Zarzaquemada,Hogar formado por pareja sin hijos,Hogar formado por pareja sin hijos,2,Extremadura,city
HH_3799,2 personas,Carrascal,Hogar con un solo progenitor que convive con algún hijo menor de 25 años,Hogar con un solo progenitor que convive con algún hijo menor de 25 años,2,,apartments
HH_3800,3 personas,Carrascal,Hogar formado por pareja con hijos en donde algún hijo es menor de 25 años,Hogar formado por pareja con hijos en donde algún hijo es menor de 25 años,3,,apartments
HH_3801,3 personas,Fortuna,Hogar formado por pareja con hijos en donde todos los hijos de 25 años o más,Hogar formado por pareja con hijos en donde todos los hijos de 25 años o más,3,,yes
HH_3802,5 o mas personas,Sur,Otro tipo de hogar,Otro tipo de hogar,5,,yes
HH_3803,3 personas,San Nicasio,Hogar formado por pareja con hijos en donde algún hijo es menor de 25 años,Hogar formado por pareja con hijos en donde algún hijo es menor de 25 años,3,Feu Vert,yes
HH_3804,3 personas,San Nicasio,Hogar formado por pareja con hijos en donde todos los hijos de 25 años o más,Hogar formado por pareja con hijos en donde todos los hijos de 25 años o más,3,,yes
HH_3805,3 personas,Zarzaquemada,Hogar formado por pareja con hijos en donde todos los hijos de 25 años o más,Hogar formado por pareja con hijos en donde todos los hijos de 25 años o más,3,,residential
HH_3806,2 personas,San Nicasio,Hogar formado por pareja sin hijos,Hogar formado por pareja sin hijos,2,,apartments
HH_3807,2 personas,Sur,Hogar con un solo progenitor que convive con todos sus hijos de 25 años o más,Hogar con un solo progenitor que convive con todos sus hijos de 25 años o más,2,,apartments
HH_3808,2 personas,San Nicasio,Hogar con un solo progenitor que convive con algún hijo menor de 25 años,Hogar con un solo progenitor que convive con algún hijo menor de 25 años,2,Madrid,city
HH_3809,1 persona,Carrascal,Hogar con una mujer sola de 65 años o más,Hogar con una mujer sola de 65 años o más,1,,apartments
HH_3810,4 personas,Polvoranca,Hogar formado por pareja con hijos en donde algún hijo es menor de 25 años,Hogar formado por pareja con hijos en donde algún hijo es menor de 25 años,4,Madrid,city
HH_3811,4 personas,Norte,Hogar formado por pareja con hijos en donde algún hijo es menor de 25 años,Hogar formado por pareja con hijos en donde algún hijo es menor de 25 años,4,,yes
HH_3812,1 persona,Norte,Hogar con un hombre solo menor de 65 años,Hogar con un hombre solo menor de 65 años,1,,apartments
HH_3813,5 o mas personas,Polvoranca,Hogar formado por pareja o un solo progenitor que convive con algún hijo menor de 25 años y otra(s) persona(s),Hogar formado por pareja o un solo progenitor que convive con algún hijo menor de 25 años y otra(s) persona(s),5,,semidetached_house
HH_3814,2 personas,Zarzaquemada,Hogar formado por pareja sin hijos,Hogar formado por pareja sin hijos,2,,yes
HH_3815,1 persona,Polvoranca,Hogar con un hombre solo de 65 años o más,Hogar con un hombre solo de 65 años o más,1,,yes
HH_3816,2 personas,Norte,Hogar formado por pareja sin hijos,Hogar formado por pareja sin hijos,2,,apartments
HH_3817,2 personas,San Nicasio,Hogar formado por pareja sin hijos,Hogar formado por pareja sin hijos,2,,house
HH_3818,2 personas,Carrascal,Hogar formado por pareja sin hijos,Hogar formado por pareja sin hijos,2,Madrid,city
HH_3819,2 personas,Sur,Hogar formado por pareja sin hijos,Hogar formado por pareja sin hijos,2,Madrid,city
HH_3820,3 personas,San Nicasio,Hogar formado por pareja con hijos en donde todos los hijos de 25 años o más,Hogar formado por pareja con hijos en donde todos los hijos de 25 años o más,3,,semidetached_house
HH_3821,2 personas,San Nicasio,Hogar formado por pareja sin hijos,Hogar formado por pareja sin hijos,2,Madrid,city
HH_3822,4 personas,Sur,Hogar formado por pareja con hijos en donde algún hijo es menor de 25 años,Hogar formado por pareja con hijos en donde algún hijo es menor de 25 años,4,Fuenlabrada,city
HH_3823,3 personas,Polvoranca,Hogar formado por pareja con hijos en donde algún hijo es menor de 25 años,Hogar formado por pareja con hijos en donde algún hijo es menor de 25 años,3,,house
HH_3824,3 personas,Sur,Hogar con un solo progenitor que convive con algún hijo menor de 25 años,Hogar con un solo progenitor que convive con algún hijo menor de 25 años,3,,residential
HH_3825,1 persona,Norte,Hogar con una mujer sola de 65 años o más,Hogar con una mujer sola de 65 años o más,1,Mostoles,city
HH_3826,4 personas,Sur,Hogar formado por pareja con hijos en donde algún hijo es menor de 25 años,Hogar formado por pareja con hijos en donde algún hijo es menor de 25 años,4,Madrid,city
HH_3827,1 persona,Polvoranca,Hogar con una mujer sola de 65 años o más,Hogar con una mujer sola de 65 años o más,1,,semidetached_house
HH_3828,4 personas,Polvoranca,Hogar formado por pareja con hijos en donde algún hijo es menor de 25 años,Hogar formado por pareja con hijos en donde algún hijo es menor de 25 años,4,,house
HH_3829,4 personas,Sur,Hogar formado por pareja con hijos en donde algún hijo es menor de 25 años,Hogar formado por pareja con hijos en donde algún hijo es menor de 25 años,4,,yes
HH_3830,1 persona,Carrascal,Hogar con un hombre solo de 65 años o más,Hogar con un hombre solo de 65 años o más,1,,apartments
HH_3831,2 personas,Polvoranca,Hogar formado por pareja sin hijos,Hogar formado por pareja sin hijos,2,Mostoles,city
HH_3832,3 personas,San Nicasio,Hogar formado por pareja con hijos en donde algún hijo es menor de 25 años,Hogar formado por pareja con hijos en donde algún hijo es menor de 25 años,3,,semidetached_house
HH_3833,3 personas,Norte,Hogar formado por pareja con hijos en donde todos los hijos de 25 años o más,Hogar formado por pareja con hijos en donde todos los hijos de 25 años o más,3,Getafe norte,city
HH_3834,3 personas,Carrascal,Hogar formado por pareja con hijos en donde algún hijo es menor de 25 años,Hogar formado por pareja con hijos en donde algún hijo es menor de 25 años,3,Aurgi,yes
HH_3835,1 persona,Sur,Hogar con una mujer sola de 65 años o más,Hogar con una mujer sola de 65 años o más,1,,yes
HH_3836,4 personas,Sur,Hogar formado por pareja con hijos en donde algún hijo es menor de 25 años,Hogar formado por pareja con hijos en donde algún hijo es menor de 25 años,4,,apartments
HH_3837,5 o mas personas,Carrascal,Hogar formado por pareja o un solo progenitor que convive con algún hijo menor de 25 años y otra(s) persona(s),Hogar formado por pareja o un solo progenitor que convive con algún hijo menor de 25 años y otra(s) persona(s),5,Fuenlabrada,city
HH_3838,3 personas,Carrascal,Hogar con un solo progenitor que convive con algún hijo menor de 25 años,Hogar con un solo progenitor que convive con algún hijo menor de 25 años,3,,semidetached_house
HH_3839,2 personas,Polvoranca,Hogar formado por pareja sin hijos,Hogar formado por pareja sin hijos,2,,house
HH_3840,1 persona,San Nicasio,Hogar con un hombre solo menor de 65 años,Hogar con un hombre solo menor de 65 años,1,Madrid,city
HH_3841,4 personas,Zarzaquemada,Hogar formado por pareja con hijos en donde algún hijo es menor de 25 años,Hogar formado por pareja con hijos en donde algún hijo es menor de 25 años,4,,apartments
HH_3842,2 personas,Zarzaquemada,Otro tipo de hogar,Otro tipo de hogar,2,Fuenlabrada,city
HH_3843,2 personas,Zarzaquemada,Hogar con un solo progenitor que convive con algún hijo menor de 25 años,Hogar con un solo progenitor que convive con algún hijo menor de 25 años,2,,residential
HH_3844,1 persona,Zarzaquemada,Hogar con una mujer sola de 65 años o más,Hogar con una mujer sola de 65 años o más,1,,residential
HH_3845,3 personas,Zarzaquemada,Otro tipo de hogar,Otro tipo de hogar,3,,apartments
HH_3846,2 personas,Sur,Hogar formado por pareja sin hijos,Hogar formado por pareja sin hijos,2,,residential
HH_3847,2 personas,San Nicasio,Hogar con un solo progenitor que convive con todos sus hijos de 25 años o más,Hogar con un solo progenitor que convive con todos sus hijos de 25 años o más,2,Getafe norte,city
HH_3848,2 personas,Carrascal,Hogar formado por pareja sin hijos,Hogar formado por pareja sin hijos,2,Madrid,city
HH_3849,1 persona,Carrascal,Hogar con un hombre solo menor de 65 años,Hogar con un hombre solo menor de 65 años,1,Getafe norte,city
HH_3850,2 personas,Fortuna,Hogar formado por pareja sin hijos,Hogar formado por pareja sin hijos,2,,yes
HH_3851,1 persona,Zarzaquemada,Hogar con una mujer sola de 65 años o más,Hogar con una mujer sola de 65 años o más,1,Madrid,city
HH_3852,2 personas,Polvoranca,Hogar formado por pareja sin hijos,Hogar formado por pareja sin hijos,2,Mostoles,city
HH_3853,4 personas,Fortuna,Hogar con un solo progenitor que convive con algún hijo menor de 25 años,Hogar con un solo progenitor que convive con algún hijo menor de 25 años,4,,yes
HH_3854,2 personas,Polvoranca,Hogar con un solo progenitor que convive con todos sus hijos de 25 años o más,Hogar con un solo progenitor que convive con todos sus hijos de 25 años o más,2,,house
HH_3855,5 o mas personas,Fortuna,Hogar formado por pareja con hijos en donde algún hijo es menor de 25 años,Hogar formado por pareja con hijos en donde algún hijo es menor de 25 años,5,,yes
HH_3856,2 personas,Norte,Hogar con un solo progenitor que convive con algún hijo menor de 25 años,Hogar con un solo progenitor que convive con algún hijo menor de 25 años,2,Fuenlabrada,city
HH_3857,2 personas,San Nicasio,Hogar formado por pareja sin hijos,Hogar formado por pareja sin hijos,2,,yes
HH_3858,4 personas,Zarzaquemada,Hogar formado por pareja con hijos en donde algún hijo es menor de 25 años,Hogar formado por pareja con hijos en donde algún hijo es menor de 25 años,4,,yes
HH_3859,5 o mas personas,Fortuna,Otro tipo de hogar,Otro tipo de hogar,5,,yes
HH_3860,4 personas,San Nicasio,Hogar formado por pareja con hijos en donde todos los hijos de 25 años o más,Hogar formado por pareja con hijos en donde todos los hijos de 25 años o más,4,,residential
HH_3861,3 personas,Fortuna,Hogar formado por pareja con hijos en donde algún hijo es menor de 25 años,Hogar formado por pareja con hijos en donde algún hijo es menor de 25 años,3,,yes
HH_3862,1 persona,San Nicasio,Hogar con una mujer sola menor de 65 años,Hogar con una mujer sola menor de 65 años,1,,house
HH_3863,2 personas,Sur,Hogar formado por pareja sin hijos,Hogar formado por pareja sin hijos,2,,yes
HH_3864,2 personas,Norte,Hogar formado por pareja sin hijos,Hogar formado por pareja sin hijos,2,Mostoles,city
HH_3865,4 personas,Sur,Hogar formado por pareja con hijos en donde todos los hijos de 25 años o más,Hogar formado por pareja con hijos en donde todos los hijos de 25 años o más,4,,yes
HH_3866,4 personas,San Nicasio,Hogar formado por pareja con hijos en donde algún hijo es menor de 25 años,Hogar formado por pareja con hijos en donde algún hijo es menor de 25 años,4,,semidetached_house
HH_3867,2 personas,Polvoranca,Hogar formado por pareja sin hijos,Hogar formado por pareja sin hijos,2,,house
HH_3868,1 persona,Carrascal,Hogar con un hombre solo menor de 65 años,Hogar con un hombre solo menor de 65 años,1,,yes
HH_3869,2 personas,Carrascal,Hogar con un solo progenitor que convive con algún hijo menor de 25 años,Hogar con un solo progenitor que convive con algún hijo menor de 25 años,2,,apartments
HH_3870,4 personas,Sur,Hogar formado por pareja con hijos en donde algún hijo es menor de 25 años,Hogar formado por pareja con hijos en donde algún hijo es menor de 25 años,4,Madrid,city
HH_3871,1 persona,Fortuna,Hogar con una mujer sola menor de 65 años,Hogar con una mujer sola menor de 65 años,1,Madrid,city
HH_3872,2 personas,Norte,Hogar formado por pareja sin hijos,Hogar formado por pareja sin hijos,2,Alcorcon,city
HH_3873,2 personas,Carrascal,Otro tipo de hogar,Otro tipo de hogar,2,Madrid,city
HH_3874,3 personas,San Nicasio,Hogar con un solo progenitor que convive con algún hijo menor de 25 años,Hogar con un solo progenitor que convive con algún hijo menor de 25 años,3,,apartments
HH_3875,3 personas,San Nicasio,Hogar formado por pareja con hijos en donde algún hijo es menor de 25 años,Hogar formado por pareja con hijos en donde algún hijo es menor de 25 años,3,Getafe norte,city
HH_3876,2 personas,Zarzaquemada,Hogar formado por pareja sin hijos,Hogar formado por pareja sin hijos,2,Madrid,city
HH_3877,1 persona,Carrascal,Hogar con una mujer sola menor de 65 años,Hogar con una mujer sola menor de 65 años,1,,semidetached_house
HH_3878,3 personas,Fortuna,Hogar formado por pareja con hijos en donde algún hijo es menor de 25 años,Hogar formado por pareja con hijos en donde algún hijo es menor de 25 años,3,Madrid,city
HH_3879,3 personas,Zarzaquemada,Hogar con un solo progenitor que convive con algún hijo menor de 25 años,Hogar con un solo progenitor que convive con algún hijo menor de 25 años,3,Madrid,city
HH_3880,4 personas,Fortuna,Hogar formado por pareja con hijos en donde algún hijo es menor de 25 años,Hogar formado por pareja con hijos en donde algún hijo es menor de 25 años,4,,yes
HH_3881,3 personas,Norte,Otro tipo de hogar,Otro tipo de hogar,3,Madrid,city
HH_3882,1 persona,Zarzaquemada,Hogar con una mujer sola de 65 años o más,Hogar con una mujer sola de 65 años o más,1,,residential
HH_3883,4 personas,Norte,Hogar formado por pareja con hijos en donde algún hijo es menor de 25 años,Hogar formado por pareja con hijos en donde algún hijo es menor de 25 años,4,,yes
HH_3884,1 persona,Carrascal,Hogar con un hombre solo menor de 65 años,Hogar con un hombre solo menor de 65 años,1,,yes
HH_3885,2 personas,Polvoranca,Hogar formado por pareja sin hijos,Hogar formado por pareja sin hijos,2,Madrid,city
HH_3886,2 personas,Zarzaquemada,Otro tipo de hogar,Otro tipo de hogar,2,,residential
HH_3887,1 persona,Carrascal,Hogar con una mujer sola de 65 años o más,Hogar con una mujer sola de 65 años o más,1,Extremadura,city
HH_3888,5 o mas personas,Polvoranca,Hogar formado por pareja con hijos en donde algún hijo es menor de 25 años,Hogar formado por pareja con hijos en donde algún hijo es menor de 25 años,5,,yes
HH_3889,1 persona,San Nicasio,Hogar con una mujer sola de 65 años o más,Hogar con una mujer sola de 65 años o más,1,,semidetached_house
HH_3890,4 personas,San Nicasio,Hogar formado por pareja con hijos en donde algún hijo es menor de 25 años,Hogar formado por pareja con hijos en donde algún hijo es menor de 25 años,4,Madrid,city
HH_3891,4 personas,Norte,Hogar formado por pareja con hijos en donde algún hijo es menor de 25 años,Hogar formado por pareja con hijos en donde algún hijo es menor de 25 años,4,Getafe norte,city
HH_3892,3 personas,Zarzaquemada,Hogar formado por pareja con hijos en donde todos los hijos de 25 años o más,Hogar formado por pareja con hijos en donde todos los hijos de 25 años o más,3,Alcorcon,city
HH_3893,1 persona,Zarzaquemada,Hogar con una mujer sola menor de 65 años,Hogar con una mujer sola menor de 65 años,1,,residential
HH_3894,2 personas,Carrascal,Hogar formado por pareja sin hijos,Hogar formado por pareja sin hijos,2,,semidetached_house
HH_3895,3 personas,San Nicasio,Hogar formado por pareja con hijos en donde algún hijo es menor de 25 años,Hogar formado por pareja con hijos en donde algún hijo es menor de 25 años,3,,house
HH_3896,1 persona,Carrascal,Hogar con un hombre solo menor de 65 años,Hogar con un hombre solo menor de 65 años,1,,detached
HH_3897,2 personas,Carrascal,Hogar formado por pareja sin hijos,Hogar formado por pareja sin hijos,2,,yes
HH_3898,2 personas,Zarzaquemada,Hogar formado por pareja sin hijos,Hogar formado por pareja sin hijos,2,Madrid,city
HH_3899,2 personas,Polvoranca,Hogar con un solo progenitor que convive con todos sus hijos de 25 años o más,Hogar con un solo progenitor que convive con todos sus hijos de 25 años o más,2,Getafe norte,city
HH_3900,1 persona,Carrascal,Hogar con una mujer sola de 65 años o más,Hogar con una mujer sola de 65 años o más,1,,apartments
HH_3901,4 personas,Polvoranca,Hogar formado por pareja con hijos en donde algún hijo es menor de 25 años,Hogar formado por pareja con hijos en donde algún hijo es menor de 25 años,4,,semidetached_house
