household_id,person_name,gender,age,age_range,father_name,mother_name,partner_name,children_count,living_place_name,working_place_name
HH_1,Person_0,male,1,0-4,,Person_2,,0,,
HH_1,Person_1,male,7,5-9,,Person_2,,0,,
HH_1,Person_2,female,37,35-39,,,,2,,Madrid
HH_2,Person_3,female,51,50-54,,Person_4,,0,,Madrid
HH_2,Person_4,female,80,80-84,,,,1,,
HH_3,Person_5,female,40,40-44,,,,0,,
HH_3,Person_6,male,83,80-84,,,,0,,
HH_4,Person_7,female,20,20-24,Person_9,,,0,,Madrid
HH_4,Person_8,female,29,25-29,Person_9,,,0,,Madrid
HH_4,Person_9,male,66,65-69,,,Person_10,2,,
HH_4,Person_10,male,59,55-59,,,Person_9,0,,Madrid
HH_5,Person_11,female,73,70-74,,,,0,Madrid,
HH_6,Person_12,female,97,95-99,,,,0,,
HH_7,Person_13,female,89,85-89,,,,0,,
HH_8,Person_14,male,65,65-69,,,,0,,
HH_9,Person_15,male,74,70-74,,,,0,,
HH_9,Person_16,female,72,70-74,,,,0,,
HH_9,Person_17,female,68,65-69,,,,0,,
HH_9,Person_18,male,66,65-69,,,,0,,
HH_10,Person_19,female,93,90-94,,,,0,,
HH_11,Person_20,female,88,85-89,,,,0,Alcorcon,
HH_12,Person_21,female,27,25-29,,,,0,,Madrid
HH_12,Person_22,male,31,30-34,,,,0,,Madrid
HH_13,Person_23,male,88,85-89,,,,0,Madrid,
HH_13,Person_24,female,63,60-64,,,,0,Madrid,
HH_14,Person_25,female,72,70-74,,,,0,,
HH_15,Person_26,male,3,0-4,,Person_30,,0,Toyota,
HH_15,Person_27,male,11,10-14,,Person_30,,0,Toyota,Edificio Juan de Mairena
HH_15,Person_28,male,5,5-9,,Person_30,,0,Toyota,
HH_15,Person_29,male,6,5-9,,Person_30,,0,Toyota,
HH_15,Person_30,female,45,45-49,,,,4,Toyota,Madrid
HH_16,Person_31,male,28,25-29,Person_32,,,0,,Edificio Agustín de Betancourt
HH_16,Person_32,male,43,40-44,,,,1,,Madrid
HH_17,Person_33,male,60,60-64,,,,0,,Madrid
HH_17,Person_34,male,60,60-64,,,,0,,Madrid
HH_18,Person_35,female,24,20-24,,Person_39,,0,,Biblioteca Rey Pastor
HH_18,Person_36,male,11,10-14,,Person_39,,0,,
HH_18,Person_37,female,3,0-4,,Person_39,,0,,
HH_18,Person_38,male,27,25-29,,Person_39,,0,,Madrid
HH_18,Person_39,female,52,50-54,,,,4,,Madrid
HH_19,Person_40,male,70,70-74,,,,0,,
HH_20,Person_41,female,4,0-4,,Person_45,,0,Sambil Outlet Madrid,Escuela Infantil Rosa Caramelo
HH_20,Person_42,male,13,10-14,,Person_45,,0,Sambil Outlet Madrid,
HH_20,Person_43,male,3,0-4,,Person_45,,0,Sambil Outlet Madrid,
HH_20,Person_44,male,13,10-14,,Person_45,,0,Sambil Outlet Madrid,
HH_20,Person_45,female,46,45-49,,,,4,Sambil Outlet Madrid,Madrid
HH_21,Person_46,male,23,20-24,,Person_48,,0,,Alcorcon
HH_21,Person_47,male,33,30-34,,Person_48,,0,,Alcorcon
HH_21,Person_48,female,59,55-59,,,Person_49,2,,Madrid
HH_21,Person_49,female,83,80-84,,,Person_48,0,,
HH_22,Person_50,male,37,35-39,Person_51,,,0,,Madrid
HH_22,Person_51,male,55,55-59,,,,1,,Madrid
HH_23,Person_52,male,18,15-19,Person_53,,,0,,
HH_23,Person_53,male,43,40-44,,,Person_54,1,,Madrid
HH_23,Person_54,male,38,35-39,,,Person_53,0,,Alcorcon
HH_24,Person_55,male,5,5-9,,Person_57,,0,,
HH_24,Person_56,female,31,30-34,,Person_57,,0,,
HH_24,Person_57,female,63,60-64,,,Person_58,2,,Madrid
HH_24,Person_58,female,84,80-84,,,Person_57,0,,
HH_25,Person_59,female,63,60-64,,,,0,Fuenlabrada,
HH_26,Person_60,female,19,15-19,Person_63,,,0,,Madrid
HH_26,Person_61,female,20,20-24,Person_63,,,0,,Edificio Torres Quevedo
HH_26,Person_62,male,28,25-29,Person_63,,,0,,Madrid
HH_26,Person_63,male,61,60-64,,,,3,,Alcorcon
HH_27,Person_64,female,31,30-34,,,,0,,Madrid
HH_28,Person_65,female,42,40-44,,,,0,,Madrid
HH_28,Person_66,male,38,35-39,,,,0,,Madrid
HH_29,Person_67,male,84,80-84,,,,0,,
HH_30,Person_68,male,59,55-59,,,,0,,Madrid
HH_31,Person_69,female,28,25-29,,,,0,,Madrid
HH_31,Person_70,female,57,55-59,,,,0,,Madrid
HH_32,Person_71,male,43,40-44,,,,0,Alcorcon,
HH_32,Person_72,male,31,30-34,,,,0,Alcorcon,Hospital Severo Ochoa
HH_33,Person_73,male,17,15-19,Person_75,,,0,Mas Automoviles,
HH_33,Person_74,male,35,35-39,Person_75,,,0,Mas Automoviles,
HH_33,Person_75,male,50,50-54,,,Person_76,2,Mas Automoviles,Madrid
HH_33,Person_76,male,49,45-49,,,Person_75,0,Mas Automoviles,Madrid
HH_34,Person_77,female,50,50-54,,,,0,,Madrid
HH_34,Person_78,male,24,20-24,,,,0,,Madrid
HH_35,Person_79,male,10,10-14,,Person_81,,0,,
HH_35,Person_80,female,26,25-29,,Person_81,,0,,Edificio Torres Quevedo
HH_35,Person_81,female,53,50-54,,,Person_82,2,,Madrid
HH_35,Person_82,female,44,40-44,,,Person_81,0,,Madrid
HH_36,Person_83,female,71,70-74,,,,0,,
HH_36,Person_84,male,38,35-39,,,,0,,Madrid
HH_37,Person_85,female,33,30-34,Person_86,,,0,,Madrid
HH_37,Person_86,male,71,70-74,,,Person_87,1,,
HH_37,Person_87,male,40,40-44,,,Person_86,0,,
HH_38,Person_88,female,86,85-89,,,,0,Madrid,
HH_38,Person_89,female,37,35-39,,,,0,Madrid,
HH_39,Person_90,male,16,15-19,Person_91,,,0,,
HH_39,Person_91,male,43,40-44,,,Person_92,1,,Madrid
HH_39,Person_92,male,32,30-34,,,Person_91,0,,Madrid
HH_40,Person_93,male,61,60-64,,,,0,,Madrid
HH_41,Person_94,male,16,15-19,Person_95,,,0,,
HH_41,Person_95,male,56,55-59,,,Person_96,1,,
HH_41,Person_96,male,47,45-49,,,Person_95,0,,Madrid
HH_42,Person_97,male,24,20-24,,Person_101,,0,,
HH_42,Person_98,male,28,25-29,,Person_101,,0,,
HH_42,Person_99,female,22,20-24,,Person_101,,0,,Edificio Torres Quevedo
HH_42,Person_100,female,17,15-19,,Person_101,,0,,
HH_42,Person_101,female,60,60-64,,,,4,,Madrid
HH_43,Person_102,female,23,20-24,Person_104,,,0,,
HH_43,Person_103,female,28,25-29,Person_104,,,0,,Edificio Sabatini
HH_43,Person_104,male,54,50-54,,,Person_105,2,,Madrid
HH_43,Person_105,male,42,40-44,,,Person_104,0,,Madrid
HH_44,Person_106,male,15,15-19,,Person_110,,0,,
HH_44,Person_107,female,11,10-14,,Person_110,,0,,
HH_44,Person_108,male,16,15-19,,Person_110,,0,,
HH_44,Person_109,male,5,5-9,,Person_110,,0,,Escuela Infantil Rosa Caramelo
HH_44,Person_110,female,45,45-49,,,,4,,Madrid
HH_45,Person_111,female,24,20-24,,Person_113,,0,,Madrid
HH_45,Person_112,male,33,30-34,,Person_113,,0,,Madrid
HH_45,Person_113,female,69,65-69,,,,2,,
HH_46,Person_114,female,65,65-69,,,,0,,
HH_47,Person_115,male,25,25-29,,Person_117,,0,,Edificio Juan Benet
HH_47,Person_116,female,30,30-34,,Person_117,,0,,Biblioteca Rey Pastor
HH_47,Person_117,female,62,60-64,,,Person_118,2,,
HH_47,Person_118,female,64,60-64,,,Person_117,0,,Madrid
HH_48,Person_119,male,3,0-4,,Person_122,,0,,
HH_48,Person_120,male,2,0-4,,Person_122,,0,,
HH_48,Person_121,male,8,5-9,,Person_122,,0,,
HH_48,Person_122,female,37,35-39,,,Person_123,3,,Madrid
HH_48,Person_123,female,43,40-44,,,Person_122,0,,Madrid
HH_49,Person_124,male,12,10-14,Person_126,,,0,Getafe norte,
HH_49,Person_125,male,32,30-34,Person_126,,,0,Getafe norte,
HH_49,Person_126,male,73,70-74,,,Person_127,2,Getafe norte,
HH_49,Person_127,male,88,85-89,,,Person_126,0,Getafe norte,
HH_50,Person_128,female,91,90-94,,,,0,,
HH_50,Person_129,female,54,50-54,,,,0,,Madrid
HH_51,Person_130,female,11,10-14,Person_132,,,0,Madrid,
HH_51,Person_131,male,15,15-19,Person_132,,,0,Madrid,
HH_51,Person_132,male,54,50-54,,,,2,Madrid,
HH_52,Person_133,male,28,25-29,,Person_134,,0,Madrid,
HH_52,Person_134,female,68,65-69,,,,1,Madrid,
HH_53,Person_135,female,47,45-49,,,,0,,Madrid
HH_53,Person_136,male,36,35-39,,,,0,,Madrid
HH_54,Person_137,female,70,70-74,,,,0,,
HH_55,Person_138,female,46,45-49,,Person_139,,0,Mostoles,Edificio Juan de Mairena
HH_55,Person_139,female,76,75-79,,,,1,Mostoles,
HH_56,Person_140,male,20,20-24,,,,0,,Getafe norte
HH_57,Person_141,male,27,25-29,,,,0,Madrid,
HH_57,Person_142,male,18,15-19,,,,0,Madrid,Parque Científico de la Universidad Carlos III de Madrid
HH_58,Person_143,female,10,10-14,,Person_145,,0,,
HH_58,Person_144,female,2,0-4,,Person_145,,0,,
HH_58,Person_145,female,38,35-39,,,,2,,Madrid
HH_59,Person_146,male,20,20-24,Person_148,,,0,,Madrid
HH_59,Person_147,female,35,35-39,Person_148,,,0,,Madrid
HH_59,Person_148,male,53,50-54,,,Person_149,2,,Getafe norte
HH_59,Person_149,male,30,30-34,,,Person_148,0,,Fundación IMDEA Networks
HH_60,Person_150,female,24,20-24,,Person_151,,0,,Madrid
HH_60,Person_151,female,39,35-39,,,Person_152,1,,Madrid
HH_60,Person_152,female,33,30-34,,,Person_151,0,,Madrid
HH_61,Person_153,male,8,5-9,,Person_156,,0,Fuenlabrada,
HH_61,Person_154,female,13,10-14,,Person_156,,0,Fuenlabrada,
HH_61,Person_155,male,2,0-4,,Person_156,,0,Fuenlabrada,
HH_61,Person_156,female,43,40-44,,,,3,Fuenlabrada,
HH_62,Person_157,female,60,60-64,,,,0,Iglesia de San Salvador,Madrid
HH_63,Person_158,male,24,20-24,,Person_160,,0,,Fundación IMDEA Networks
HH_63,Person_159,female,28,25-29,,Person_160,,0,,Fuenlabrada
HH_63,Person_160,female,67,65-69,,,Person_161,2,,
HH_63,Person_161,female,77,75-79,,,Person_160,0,,
HH_64,Person_162,female,14,10-14,Person_164,,,0,,
HH_64,Person_163,male,32,30-34,Person_164,,,0,,Madrid
HH_64,Person_164,male,65,65-69,,,Person_165,2,,
HH_64,Person_165,male,57,55-59,,,Person_164,0,,Madrid
HH_65,Person_166,female,77,75-79,,,,0,,
HH_66,Person_167,male,8,5-9,,Person_170,,0,,
HH_66,Person_168,female,7,5-9,,Person_170,,0,,
HH_66,Person_169,female,10,10-14,,Person_170,,0,,
HH_66,Person_170,female,43,40-44,,,Person_171,3,,Madrid
HH_66,Person_171,female,48,45-49,,,Person_170,0,,Madrid
HH_67,Person_172,female,3,0-4,,Person_173,,0,,Escuela Infantil Rosa Caramelo
HH_67,Person_173,female,32,30-34,,,,1,,Madrid
HH_68,Person_174,male,1,0-4,Person_175,,,0,Fuenlabrada,
HH_68,Person_175,male,44,40-44,,,Person_176,1,Fuenlabrada,
HH_68,Person_176,male,47,45-49,,,Person_175,0,Fuenlabrada,
HH_69,Person_177,male,18,15-19,,,,0,,Madrid
HH_69,Person_178,female,29,25-29,,,,0,,Edificio Sabatini
HH_70,Person_179,male,40,40-44,,,,0,,Madrid
HH_70,Person_180,female,66,65-69,,,,0,,
HH_71,Person_181,male,0,0-4,,Person_183,,0,Madrid,Escuela Infantil Rosa Caramelo
HH_71,Person_182,female,0,0-4,,Person_183,,0,Madrid,
HH_71,Person_183,female,34,30-34,,,,2,Madrid,
HH_72,Person_184,female,53,50-54,,,,0,,Madrid
HH_72,Person_185,female,58,55-59,,,,0,,Madrid
HH_73,Person_186,male,84,80-84,,,,0,Madrid,
HH_74,Person_187,male,80,80-84,,,,0,Madrid,
HH_74,Person_188,male,21,20-24,,,,0,Madrid,
HH_75,Person_189,female,39,35-39,,,,0,,Madrid
HH_76,Person_190,male,83,80-84,,,,0,,
HH_77,Person_191,female,74,70-74,,,,0,Madrid,
HH_77,Person_192,female,29,25-29,,,,0,Madrid,Edificio Juan Benet
HH_78,Person_193,female,78,75-79,,,,0,,
HH_79,Person_194,male,71,70-74,,,,0,Madrid,
HH_79,Person_195,female,90,90-94,,,,0,Madrid,
HH_79,Person_196,female,74,70-74,,,,0,Madrid,
HH_80,Person_197,male,9,5-9,,Person_200,,0,Madrid,
HH_80,Person_198,female,19,15-19,,Person_200,,0,Madrid,
HH_80,Person_199,female,7,5-9,,Person_200,,0,Madrid,
HH_80,Person_200,female,62,60-64,,,,3,Madrid,
HH_81,Person_201,female,27,25-29,,,,0,Alcorcon,Biblioteca Rey Pastor
HH_81,Person_202,male,87,85-89,,,,0,Alcorcon,
HH_82,Person_203,male,21,20-24,,Person_207,,0,,Mostoles
HH_82,Person_204,female,27,25-29,,Person_207,,0,,
HH_82,Person_205,female,25,25-29,,Person_207,,0,,Parque Científico de la Universidad Carlos III de Madrid
HH_82,Person_206,male,12,10-14,,Person_207,,0,,
HH_82,Person_207,female,45,45-49,,,,4,,Madrid
HH_83,Person_208,male,83,80-84,,,,0,,
HH_83,Person_209,female,21,20-24,,,,0,,Fuenlabrada
HH_84,Person_210,female,26,25-29,,Person_211,,0,,Edificio Sabatini
HH_84,Person_211,female,68,65-69,,,Person_212,1,,
HH_84,Person_212,female,64,60-64,,,Person_211,0,,
HH_85,Person_213,female,69,65-69,,,,0,,
HH_85,Person_214,male,69,65-69,,,,0,,
HH_85,Person_215,female,27,25-29,,,,0,,
HH_85,Person_216,female,98,95-99,,,,0,,
HH_86,Person_217,female,18,15-19,,,,0,,Edificio Torres Quevedo
HH_86,Person_218,male,36,35-39,,,,0,,Madrid
HH_87,Person_219,female,52,50-54,,,,0,Fuenlabrada,
HH_87,Person_220,male,46,45-49,,,,0,Fuenlabrada,
HH_88,Person_221,female,93,90-94,,,,0,,
HH_89,Person_222,female,47,45-49,Person_224,,,0,,Madrid
HH_89,Person_223,female,48,45-49,Person_224,,,0,,Madrid
HH_89,Person_224,male,91,90-94,,,Person_225,2,,
HH_89,Person_225,male,58,55-59,,,Person_224,0,,Madrid
HH_90,Person_226,male,26,25-29,,Person_227,,0,,
HH_90,Person_227,female,58,55-59,,,,1,,
HH_91,Person_228,female,20,20-24,,Person_230,,0,,Edificio Sabatini
HH_91,Person_229,female,35,35-39,,Person_230,,0,,Alcorcon
HH_91,Person_230,female,61,60-64,,,Person_231,2,,Getafe norte
HH_91,Person_231,female,57,55-59,,,Person_230,0,,Madrid
HH_92,Person_232,female,7,5-9,Person_234,,,0,Madrid,
HH_92,Person_233,female,8,5-9,Person_234,,,0,Madrid,
HH_92,Person_234,male,39,35-39,,,,2,Madrid,
HH_93,Person_235,female,79,75-79,,,,0,,
HH_93,Person_236,female,83,80-84,,,,0,,
HH_94,Person_237,female,89,85-89,,,,0,,
HH_95,Person_238,female,46,45-49,,,,0,,Mostoles
HH_96,Person_239,female,95,95-99,,,,0,Madrid,
HH_97,Person_240,female,34,30-34,,,,0,Mostoles,
HH_97,Person_241,male,55,55-59,,,,0,Mostoles,
HH_98,Person_242,female,27,25-29,,Person_243,,0,,
HH_98,Person_243,female,46,45-49,,,Person_244,1,,
HH_98,Person_244,female,57,55-59,,,Person_243,0,,
HH_99,Person_245,female,81,80-84,,,,0,,
HH_99,Person_246,female,42,40-44,,,,0,,Madrid
HH_100,Person_247,male,75,75-79,,,,0,,
HH_100,Person_248,female,18,15-19,,,,0,,
HH_101,Person_249,female,30,30-34,Person_250,,,0,Madrid,Edificio Torres Quevedo
HH_101,Person_250,male,55,55-59,,,Person_251,1,Madrid,Disagar
HH_101,Person_251,male,51,50-54,,,Person_250,0,Madrid,
HH_102,Person_252,male,12,10-14,,Person_254,,0,,
HH_102,Person_253,female,25,25-29,,Person_254,,0,,
HH_102,Person_254,female,59,55-59,,,Person_255,2,,
HH_102,Person_255,female,72,70-74,,,Person_254,0,,
HH_103,Person_256,male,56,55-59,,,,0,,Mostoles
HH_103,Person_257,female,48,45-49,,,,0,,Madrid
HH_103,Person_258,female,82,80-84,,,,0,,
HH_104,Person_259,female,43,40-44,,,,0,,
HH_104,Person_260,female,81,80-84,,,,0,,
HH_104,Person_261,male,87,85-89,,,,0,,
HH_104,Person_262,male,53,50-54,,,,0,,Fuenlabrada
HH_105,Person_263,male,29,25-29,,,,0,Centro de Formación Volkswagen,Madrid
HH_106,Person_264,male,34,30-34,,,,0,,Madrid
HH_106,Person_265,male,73,70-74,,,,0,,
HH_106,Person_266,female,19,15-19,,,,0,,Madrid
HH_107,Person_267,male,52,50-54,,,,0,,Madrid
HH_108,Person_268,female,81,80-84,,,,0,Madrid,
HH_109,Person_269,female,91,90-94,,,,0,,
HH_109,Person_270,male,98,95-99,,,,0,,
HH_110,Person_271,female,85,85-89,,,,0,,
HH_110,Person_272,male,90,90-94,,,,0,,
HH_111,Person_273,male,49,45-49,,,,0,Madrid,
HH_111,Person_274,male,23,20-24,,,,0,Madrid,Edificio Juan Benet
HH_112,Person_275,female,65,65-69,,,,0,Madrid,
HH_112,Person_276,female,25,25-29,,,,0,Madrid,Biblioteca Rey Pastor
HH_113,Person_277,male,3,0-4,Person_279,,,0,Madrid,Escuela Infantil Rosa Caramelo
HH_113,Person_278,male,26,25-29,Person_279,,,0,Madrid,
HH_113,Person_279,male,43,40-44,,,Person_280,2,Madrid,
HH_113,Person_280,male,39,35-39,,,Person_279,0,Madrid,Sánchez Elez Sanabria
HH_114,Person_281,male,6,5-9,Person_283,,,0,,
HH_114,Person_282,male,33,30-34,Person_283,,,0,,Madrid
HH_114,Person_283,male,51,50-54,,,Person_284,2,,Madrid
HH_114,Person_284,male,45,45-49,,,Person_283,0,,Alcorcon
HH_115,Person_285,female,16,15-19,Person_287,,,0,,
HH_115,Person_286,male,26,25-29,Person_287,,,0,,Edificio Juan Benet
HH_115,Person_287,male,41,40-44,,,Person_288,2,,Madrid
HH_115,Person_288,male,35,35-39,,,Person_287,0,,
HH_116,Person_289,female,99,95-99,,,,0,Getafe norte,
HH_116,Person_290,female,64,60-64,,,,0,Getafe norte,
HH_116,Person_291,male,44,40-44,,,,0,Getafe norte,
HH_117,Person_292,male,73,70-74,,,,0,,
HH_117,Person_293,female,98,95-99,,,,0,,
HH_118,Person_294,female,10,10-14,Person_296,,,0,Alcorcon,
HH_118,Person_295,male,34,30-34,Person_296,,,0,Alcorcon,
HH_118,Person_296,male,75,75-79,,,Person_297,2,Alcorcon,
HH_118,Person_297,male,93,90-94,,,Person_296,0,Alcorcon,
HH_119,Person_298,female,28,25-29,,Person_299,,0,Madrid,
HH_119,Person_299,female,58,55-59,,,Person_300,1,Madrid,
HH_119,Person_300,female,57,55-59,,,Person_299,0,Madrid,
HH_120,Person_301,female,49,45-49,,,,0,,Madrid
HH_120,Person_302,male,90,90-94,,,,0,,
HH_121,Person_303,male,29,25-29,Person_304,,,0,,Kia Selikar
HH_121,Person_304,male,60,60-64,,,Person_305,1,,Madrid
HH_121,Person_305,male,42,40-44,,,Person_304,0,,Madrid
HH_122,Person_306,male,83,80-84,,,,0,,
HH_122,Person_307,male,36,35-39,,,,0,,Madrid
HH_123,Person_308,male,10,10-14,,Person_309,,0,,
HH_123,Person_309,female,25,25-29,,,Person_310,1,,Madrid
HH_123,Person_310,female,46,45-49,,,Person_309,0,,Madrid
HH_124,Person_311,male,5,5-9,,Person_312,,0,Madrid,
HH_124,Person_312,female,42,40-44,,,Person_313,1,Madrid,
HH_124,Person_313,female,44,40-44,,,Person_312,0,Madrid,
HH_125,Person_314,male,65,65-69,,,,0,,
HH_125,Person_315,male,37,35-39,,,,0,,Madrid
HH_126,Person_316,female,5,5-9,,Person_320,,0,,
HH_126,Person_317,male,12,10-14,,Person_320,,0,,
HH_126,Person_318,female,4,0-4,,Person_320,,0,,
HH_126,Person_319,female,7,5-9,,Person_320,,0,,
HH_126,Person_320,female,29,25-29,,,,4,,Edificio Sabatini
HH_127,Person_321,male,19,15-19,,,,0,,Getafe norte
HH_128,Person_322,female,7,5-9,Person_325,,,0,Fuenlabrada,
HH_128,Person_323,male,2,0-4,Person_325,,,0,Fuenlabrada,
HH_128,Person_324,female,1,0-4,Person_325,,,0,Fuenlabrada,Escuela Infantil Rosa Caramelo
HH_128,Person_325,male,35,35-39,,,,3,Fuenlabrada,
HH_129,Person_326,male,65,65-69,,,,0,,
HH_130,Person_327,male,2,0-4,Person_329,,,0,Madrid,
HH_130,Person_328,female,0,0-4,Person_329,,,0,Madrid,
HH_130,Person_329,male,29,25-29,,,,2,Madrid,Fundación IMDEA Networks
HH_131,Person_330,male,7,5-9,,Person_332,,0,,
HH_131,Person_331,male,33,30-34,,Person_332,,0,,
HH_131,Person_332,female,62,60-64,,,Person_333,2,,Madrid
HH_131,Person_333,female,99,95-99,,,Person_332,0,,
HH_132,Person_334,female,78,75-79,,,,0,Madrid,
HH_132,Person_335,female,95,95-99,,,,0,Madrid,
HH_133,Person_336,male,25,25-29,,,,0,Madrid,Parque Científico de la Universidad Carlos III de Madrid
HH_133,Person_337,male,48,45-49,,,,0,Madrid,
HH_134,Person_338,male,22,20-24,,Person_342,,0,,Madrid
HH_134,Person_339,male,0,0-4,,Person_342,,0,,
HH_134,Person_340,male,30,30-34,,Person_342,,0,,
HH_134,Person_341,male,26,25-29,,Person_342,,0,,Edificio Torres Quevedo
HH_134,Person_342,female,48,45-49,,,,4,,Madrid
HH_135,Person_343,male,46,45-49,,,,0,,Madrid
HH_136,Person_344,male,45,45-49,,,,0,,Madrid
HH_136,Person_345,female,68,65-69,,,,0,,
HH_136,Person_346,female,95,95-99,,,,0,,
HH_137,Person_347,male,15,15-19,,Person_348,,0,,
HH_137,Person_348,female,53,50-54,,,Person_349,1,,Madrid
HH_137,Person_349,female,51,50-54,,,Person_348,0,,Madrid
HH_138,Person_350,male,11,10-14,,Person_352,,0,,
HH_138,Person_351,female,31,30-34,,Person_352,,0,,Madrid
HH_138,Person_352,female,67,65-69,,,Person_353,2,,
HH_138,Person_353,female,55,55-59,,,Person_352,0,,Madrid
HH_139,Person_354,female,35,35-39,,,,0,,Madrid
HH_139,Person_355,female,68,65-69,,,,0,,
HH_140,Person_356,male,18,15-19,Person_357,,,0,,Madrid
HH_140,Person_357,male,52,50-54,,,,1,,Edificio Juan Benet
HH_141,Person_358,male,79,75-79,,,,0,,
HH_141,Person_359,female,49,45-49,,,,0,,
HH_142,Person_360,female,15,15-19,Person_362,,,0,,
HH_142,Person_361,female,25,25-29,Person_362,,,0,,Edificio Agustín de Betancourt
HH_142,Person_362,male,58,55-59,,,Person_363,2,,Madrid
HH_142,Person_363,male,55,55-59,,,Person_362,0,,Madrid
HH_143,Person_364,male,63,60-64,,,,0,,Madrid
HH_143,Person_365,male,84,80-84,,,,0,,
HH_144,Person_366,male,3,0-4,,Person_370,,0,,
HH_144,Person_367,male,11,10-14,,Person_370,,0,,
HH_144,Person_368,male,9,5-9,,Person_370,,0,,
HH_144,Person_369,male,10,10-14,,Person_370,,0,,
HH_144,Person_370,female,45,45-49,,,,4,,Madrid
HH_145,Person_371,female,54,50-54,,,,0,,
HH_145,Person_372,female,85,85-89,,,,0,,
HH_146,Person_373,female,84,80-84,,,,0,Fuenlabrada,
HH_147,Person_374,male,9,5-9,,Person_378,,0,,
HH_147,Person_375,male,16,15-19,,Person_378,,0,,
HH_147,Person_376,female,8,5-9,,Person_378,,0,,
HH_147,Person_377,female,1,0-4,,Person_378,,0,,Escuela Infantil Rosa Caramelo
HH_147,Person_378,female,42,40-44,,,,4,,Mostoles
HH_148,Person_379,male,13,10-14,Person_382,,,0,Madrid,
HH_148,Person_380,male,8,5-9,Person_382,,,0,Madrid,
HH_148,Person_381,male,15,15-19,Person_382,,,0,Madrid,
HH_148,Person_382,male,33,30-34,,,,3,Madrid,
HH_149,Person_383,female,98,95-99,,,,0,Madrid,
HH_149,Person_384,male,85,85-89,,,,0,Madrid,
HH_150,Person_385,female,30,30-34,Person_387,,,0,Madrid,Edificio Torres Quevedo
HH_150,Person_386,female,32,30-34,Person_387,,,0,Madrid,
HH_150,Person_387,male,51,50-54,,,Person_388,2,Madrid,
HH_150,Person_388,male,32,30-34,,,Person_387,0,Madrid,
HH_151,Person_389,male,13,10-14,Person_391,,,0,Madrid,
HH_151,Person_390,female,35,35-39,Person_391,,,0,Madrid,
HH_151,Person_391,male,63,60-64,,,Person_392,2,Madrid,
HH_151,Person_392,male,56,55-59,,,Person_391,0,Madrid,
HH_152,Person_393,female,16,15-19,Person_395,,,0,,
HH_152,Person_394,male,29,25-29,Person_395,,,0,,Madrid
HH_152,Person_395,male,56,55-59,,,Person_396,2,,Madrid
HH_152,Person_396,male,55,55-59,,,Person_395,0,,Madrid
HH_153,Person_397,male,65,65-69,,,,0,,
HH_153,Person_398,female,71,70-74,,,,0,,
HH_153,Person_399,female,25,25-29,,,,0,,Edificio Juan Benet
HH_154,Person_400,male,38,35-39,Person_402,,,0,,Getafe norte
HH_154,Person_401,female,44,40-44,Person_402,,,0,,Madrid
HH_154,Person_402,male,84,80-84,,,Person_403,2,,
HH_154,Person_403,male,55,55-59,,,Person_402,0,,Madrid
HH_155,Person_404,female,92,90-94,,,,0,,
HH_155,Person_405,female,37,35-39,,,,0,,Getafe norte
HH_155,Person_406,male,32,30-34,,,,0,,Madrid
HH_156,Person_407,male,97,95-99,,,,0,Getafe norte,
HH_156,Person_408,female,60,60-64,,,,0,Getafe norte,
HH_157,Person_409,female,56,55-59,,,,0,Alcorcon,Viviendas de integración social Fundación F.A.D.
HH_157,Person_410,female,80,80-84,,,,0,Alcorcon,
HH_157,Person_411,male,67,65-69,,,,0,Alcorcon,
HH_158,Person_412,female,9,5-9,Person_413,,,0,Madrid,
HH_158,Person_413,male,26,25-29,,,Person_414,1,Madrid,
HH_158,Person_414,male,33,30-34,,,Person_413,0,Madrid,
HH_159,Person_415,male,34,30-34,,Person_416,,0,Madrid,
HH_159,Person_416,female,74,70-74,,,,1,Madrid,
HH_160,Person_417,female,21,20-24,,,,0,Getafe norte,
HH_160,Person_418,female,71,70-74,,,,0,Getafe norte,
HH_161,Person_419,female,15,15-19,,Person_420,,0,,Escuela Municipal de Música Manuel Rodríguez Sales
HH_161,Person_420,female,47,45-49,,,Person_421,1,,Madrid
HH_161,Person_421,female,49,45-49,,,Person_420,0,,Madrid
HH_162,Person_422,female,21,20-24,,Person_424,,0,,Madrid
HH_162,Person_423,female,25,25-29,,Person_424,,0,,Edificio Agustín de Betancourt
HH_162,Person_424,female,60,60-64,,,Person_425,2,,Getafe norte
HH_162,Person_425,female,66,65-69,,,Person_424,0,,
HH_163,Person_426,male,9,5-9,Person_428,,,0,,
HH_163,Person_427,female,10,10-14,Person_428,,,0,,
HH_163,Person_428,male,54,50-54,,,,2,,Madrid
HH_164,Person_429,male,31,30-34,,Person_430,,0,,Alcorcon
HH_164,Person_430,female,57,55-59,,,Person_431,1,,
HH_164,Person_431,female,56,55-59,,,Person_430,0,,
HH_165,Person_432,female,88,85-89,,,,0,,
HH_165,Person_433,male,39,35-39,,,,0,,Madrid
HH_166,Person_434,male,38,35-39,,,,0,,Madrid
HH_166,Person_435,male,40,40-44,,,,0,,Mostoles
HH_167,Person_436,female,5,5-9,Person_437,,,0,,
HH_167,Person_437,male,39,35-39,,,,1,,Madrid
HH_168,Person_438,male,12,10-14,,Person_441,,0,,
HH_168,Person_439,male,2,0-4,,Person_441,,0,,
HH_168,Person_440,female,20,20-24,,Person_441,,0,,Alcorcon
HH_168,Person_441,female,48,45-49,,,,3,,Madrid
HH_169,Person_442,female,34,30-34,,Person_443,,0,,Alcorcon
HH_169,Person_443,female,69,65-69,,,,1,,
HH_170,Person_444,male,81,80-84,,,,0,,
HH_170,Person_445,male,65,65-69,,,,0,,
HH_171,Person_446,female,61,60-64,Person_448,,,0,,Alcorcon
HH_171,Person_447,female,64,60-64,Person_448,,,0,,Madrid
HH_171,Person_448,male,93,90-94,,,Person_449,2,,
HH_171,Person_449,male,63,60-64,,,Person_448,0,,Madrid
HH_172,Person_450,female,16,15-19,,Person_451,,0,,
HH_172,Person_451,female,57,55-59,,,Person_452,1,,Madrid
HH_172,Person_452,female,67,65-69,,,Person_451,0,,
HH_173,Person_453,female,90,90-94,,,,0,,
HH_174,Person_454,female,70,70-74,,,,0,,
HH_174,Person_455,female,35,35-39,,,,0,,Madrid
HH_175,Person_456,male,34,30-34,,Person_457,,0,Fuenlabrada,
HH_175,Person_457,female,59,55-59,,,,1,Fuenlabrada,
HH_176,Person_458,female,21,20-24,,,,0,Madrid,
HH_176,Person_459,female,95,95-99,,,,0,Madrid,
HH_177,Person_460,female,10,10-14,,Person_461,,0,,
HH_177,Person_461,female,36,35-39,,,Person_462,1,,
HH_177,Person_462,female,38,35-39,,,Person_461,0,,Madrid
HH_178,Person_463,female,96,95-99,,,,0,,
HH_179,Person_464,male,77,75-79,,,,0,Ford,
HH_179,Person_465,male,83,80-84,,,,0,Ford,
HH_180,Person_466,male,57,55-59,,,,0,Fuenlabrada,
HH_181,Person_467,male,14,10-14,Person_468,,,0,,
HH_181,Person_468,male,47,45-49,,,,1,,Madrid
HH_182,Person_469,male,19,15-19,Person_470,,,0,,
HH_182,Person_470,male,53,50-54,,,Person_471,1,,Madrid
HH_182,Person_471,male,36,35-39,,,Person_470,0,,Madrid
HH_183,Person_472,male,31,30-34,Person_473,,,0,Fuenlabrada,
HH_183,Person_473,male,75,75-79,,,Person_474,1,Fuenlabrada,
HH_183,Person_474,male,55,55-59,,,Person_473,0,Fuenlabrada,
HH_184,Person_475,male,3,0-4,Person_479,,,0,,
HH_184,Person_476,male,11,10-14,Person_479,,,0,,Escuela Municipal de Música Manuel Rodríguez Sales
HH_184,Person_477,male,9,5-9,Person_479,,,0,,
HH_184,Person_478,male,9,5-9,Person_479,,,0,,
HH_184,Person_479,male,42,40-44,,,,4,,Madrid
HH_185,Person_480,male,0,0-4,,Person_482,,0,,
HH_185,Person_481,female,4,0-4,,Person_482,,0,,
HH_185,Person_482,female,36,35-39,,,,2,,Madrid
HH_186,Person_483,female,66,65-69,,,,0,,
HH_187,Person_484,male,18,15-19,,Person_485,,0,,
HH_187,Person_485,female,34,30-34,,,Person_486,1,,
HH_187,Person_486,female,31,30-34,,,Person_485,0,,Madrid
HH_188,Person_487,male,0,0-4,,Person_488,,0,,
HH_188,Person_488,female,36,35-39,,,,1,,
HH_189,Person_489,female,79,75-79,Person_490,,,0,,
HH_189,Person_490,male,119,100-120,,,,1,,
HH_190,Person_491,male,35,35-39,Person_492,,,0,,Getafe norte
HH_190,Person_492,male,53,50-54,,,,1,,
HH_191,Person_493,male,10,10-14,,Person_495,,0,Madrid,
HH_191,Person_494,male,26,25-29,,Person_495,,0,Madrid,
HH_191,Person_495,female,68,65-69,,,Person_496,2,Madrid,
HH_191,Person_496,female,84,80-84,,,Person_495,0,Madrid,
HH_192,Person_497,male,5,5-9,Person_499,,,0,,
HH_192,Person_498,male,32,30-34,Person_499,,,0,,Fuenlabrada
HH_192,Person_499,male,50,50-54,,,Person_500,2,,Madrid
HH_192,Person_500,male,54,50-54,,,Person_499,0,,Madrid
HH_193,Person_501,male,60,60-64,,,,0,,Fuenlabrada
HH_193,Person_502,male,23,20-24,,,,0,,Madrid
HH_194,Person_503,female,65,65-69,,,,0,,
HH_195,Person_504,female,36,35-39,,Person_505,,0,,Madrid
HH_195,Person_505,female,61,60-64,,,Person_506,1,,Getafe norte
HH_195,Person_506,female,86,85-89,,,Person_505,0,,
HH_196,Person_507,female,5,5-9,Person_511,,,0,,
HH_196,Person_508,male,2,0-4,Person_511,,,0,,
HH_196,Person_509,male,8,5-9,Person_511,,,0,,
HH_196,Person_510,female,13,10-14,Person_511,,,0,,
HH_196,Person_511,male,31,30-34,,,,4,,Madrid
HH_197,Person_512,female,37,35-39,,,,0,Madrid,
HH_197,Person_513,male,69,65-69,,,,0,Madrid,
HH_197,Person_514,male,65,65-69,,,,0,Madrid,
HH_198,Person_515,male,2,0-4,Person_516,,,0,,
HH_198,Person_516,male,37,35-39,,,Person_517,1,,Madrid
HH_198,Person_517,male,35,35-39,,,Person_516,0,,Madrid
HH_199,Person_518,female,65,65-69,Person_519,,,0,,
HH_199,Person_519,male,103,100-120,,,,1,,
HH_200,Person_520,female,13,10-14,,Person_524,,0,,
HH_200,Person_521,male,4,0-4,,Person_524,,0,,
HH_200,Person_522,female,19,15-19,,Person_524,,0,,Edificio Juan Benet
HH_200,Person_523,female,16,15-19,,Person_524,,0,,
HH_200,Person_524,female,59,55-59,,,,4,,Madrid
HH_201,Person_525,female,40,40-44,,,,0,,Madrid
HH_202,Person_526,male,10,10-14,,Person_529,,0,,
HH_202,Person_527,female,1,0-4,,Person_529,,0,,
HH_202,Person_528,female,2,0-4,,Person_529,,0,,Escuela Infantil Rosa Caramelo
HH_202,Person_529,female,35,35-39,,,,3,,
HH_203,Person_530,male,28,25-29,,,,0,,Biblioteca Rey Pastor
HH_204,Person_531,female,25,25-29,,Person_532,,0,,Parque Científico de la Universidad Carlos III de Madrid
HH_204,Person_532,female,57,55-59,,,Person_533,1,,Madrid
HH_204,Person_533,female,90,90-94,,,Person_532,0,,
HH_205,Person_534,male,83,80-84,Person_535,,,0,Madrid,
HH_205,Person_535,male,122,100-120,,,,1,Madrid,
HH_206,Person_536,female,25,25-29,,Person_538,,0,,
HH_206,Person_537,male,30,30-34,,Person_538,,0,,Madrid
HH_206,Person_538,female,57,55-59,,,Person_539,2,,Fuenlabrada
HH_206,Person_539,female,58,55-59,,,Person_538,0,,
HH_207,Person_540,male,4,0-4,Person_543,,,0,Madrid,
HH_207,Person_541,male,12,10-14,Person_543,,,0,Madrid,
HH_207,Person_542,female,12,10-14,Person_543,,,0,Madrid,
HH_207,Person_543,male,43,40-44,,,,3,Madrid,
HH_208,Person_544,male,18,15-19,Person_545,,,0,,
HH_208,Person_545,male,47,45-49,,,,1,,Madrid
HH_209,Person_546,male,26,25-29,,Person_548,,0,,Fuenlabrada
HH_209,Person_547,female,30,30-34,,Person_548,,0,,Fundación IMDEA Networks
HH_209,Person_548,female,45,45-49,,,,2,,Madrid
HH_210,Person_549,female,67,65-69,,,,0,,
HH_211,Person_550,female,98,95-99,,,,0,,
HH_212,Person_551,female,24,20-24,,Person_553,,0,Alcorcon,Edificio Juan Benet
HH_212,Person_552,female,34,30-34,,Person_553,,0,Alcorcon,
HH_212,Person_553,female,62,60-64,,,Person_554,2,Alcorcon,
HH_212,Person_554,female,60,60-64,,,Person_553,0,Alcorcon,
HH_213,Person_555,female,4,0-4,,Person_556,,0,Madrid,
HH_213,Person_556,female,32,30-34,,,Person_557,1,Madrid,
HH_213,Person_557,female,35,35-39,,,Person_556,0,Madrid,
HH_214,Person_558,male,19,15-19,,Person_559,,0,Madrid,
HH_214,Person_559,female,45,45-49,,,Person_560,1,Madrid,
HH_214,Person_560,female,56,55-59,,,Person_559,0,Madrid,
HH_215,Person_561,male,12,10-14,Person_564,,,0,,
HH_215,Person_562,female,3,0-4,Person_564,,,0,,
HH_215,Person_563,male,8,5-9,Person_564,,,0,,
HH_215,Person_564,male,38,35-39,,,Person_565,3,,Madrid
HH_215,Person_565,male,31,30-34,,,Person_564,0,,Madrid
HH_216,Person_566,male,70,70-74,,,,0,Madrid,
HH_216,Person_567,male,97,95-99,,,,0,Madrid,
HH_217,Person_568,female,92,90-94,,,,0,,
HH_218,Person_569,male,49,45-49,,,,0,Mostoles,
HH_219,Person_570,male,17,15-19,,Person_571,,0,Madrid,
HH_219,Person_571,female,47,45-49,,,Person_572,1,Madrid,
HH_219,Person_572,female,52,50-54,,,Person_571,0,Madrid,
HH_220,Person_573,male,6,5-9,Person_575,,,0,,
HH_220,Person_574,male,35,35-39,Person_575,,,0,,Madrid
HH_220,Person_575,male,77,75-79,,,Person_576,2,,
HH_220,Person_576,male,45,45-49,,,Person_575,0,,Alcorcon
HH_221,Person_577,male,48,45-49,,,,0,,Grúas Aguado
HH_221,Person_578,male,20,20-24,,,,0,,Edificio Sabatini
HH_222,Person_579,male,42,40-44,,,,0,Derry Irish Tavern,Madrid
HH_223,Person_580,male,8,5-9,,Person_584,,0,,
HH_223,Person_581,female,17,15-19,,Person_584,,0,,
HH_223,Person_582,female,6,5-9,,Person_584,,0,,
HH_223,Person_583,male,16,15-19,,Person_584,,0,,
HH_223,Person_584,female,59,55-59,,,,4,,Centro de la Mujer Rosa de Luxemburgo
HH_224,Person_585,male,17,15-19,Person_586,,,0,,Escuela Municipal de Música Manuel Rodríguez Sales
HH_224,Person_586,male,43,40-44,,,Person_587,1,,Madrid
HH_224,Person_587,male,41,40-44,,,Person_586,0,,Madrid
HH_225,Person_588,male,25,25-29,Person_589,,,0,,Madrid
HH_225,Person_589,male,56,55-59,,,Person_590,1,,
HH_225,Person_590,male,51,50-54,,,Person_589,0,,Madrid
HH_226,Person_591,male,37,35-39,,,,0,,Madrid
HH_227,Person_592,female,54,50-54,,,,0,,Getafe norte
HH_228,Person_593,female,50,50-54,,,,0,,
HH_228,Person_594,female,50,50-54,,,,0,,
HH_228,Person_595,male,89,85-89,,,,0,,
HH_228,Person_596,male,23,20-24,,,,0,,Edificio Sabatini
HH_228,Person_597,female,88,85-89,,,,0,,
HH_229,Person_598,female,27,25-29,,,,0,,Edificio Agustín de Betancourt
HH_230,Person_599,female,76,75-79,,,,0,,
HH_231,Person_600,male,71,70-74,,,,0,Fuenlabrada,
HH_231,Person_601,female,34,30-34,,,,0,Fuenlabrada,
HH_232,Person_602,female,55,55-59,,,,0,,
HH_232,Person_603,female,43,40-44,,,,0,,Madrid
HH_233,Person_604,male,20,20-24,,Person_605,,0,Madrid,Fundación IMDEA Networks
HH_233,Person_605,female,51,50-54,,,Person_606,1,Madrid,
HH_233,Person_606,female,63,60-64,,,Person_605,0,Madrid,
HH_234,Person_607,male,19,15-19,,Person_609,,0,,Edificio Torres Quevedo
HH_234,Person_608,female,25,25-29,,Person_609,,0,,
HH_234,Person_609,female,65,65-69,,,Person_610,2,,
HH_234,Person_610,female,72,70-74,,,Person_609,0,,
HH_235,Person_611,female,57,55-59,,,,0,,Fuenlabrada
HH_236,Person_612,male,23,20-24,,,,0,,
HH_237,Person_613,male,25,25-29,Person_614,,,0,Mostoles,
HH_237,Person_614,male,54,50-54,,,,1,Mostoles,
HH_238,Person_615,male,25,25-29,,Person_617,,0,,Madrid
HH_238,Person_616,female,13,10-14,,Person_617,,0,,
HH_238,Person_617,female,57,55-59,,,,2,,Madrid
HH_239,Person_618,male,1,0-4,Person_620,,,0,Madrid,
HH_239,Person_619,female,28,25-29,Person_620,,,0,Madrid,
HH_239,Person_620,male,62,60-64,,,Person_621,2,Madrid,
HH_239,Person_621,male,55,55-59,,,Person_620,0,Madrid,
HH_240,Person_622,male,5,5-9,,Person_624,,0,Madrid,
HH_240,Person_623,male,35,35-39,,Person_624,,0,Madrid,
HH_240,Person_624,female,61,60-64,,,Person_625,2,Madrid,
HH_240,Person_625,female,66,65-69,,,Person_624,0,Madrid,
HH_241,Person_626,female,69,65-69,,,,0,,
HH_242,Person_627,female,72,70-74,,,,0,,
HH_242,Person_628,male,88,85-89,,,,0,,
HH_243,Person_629,male,67,65-69,,,,0,,
HH_244,Person_630,male,62,60-64,,,,0,,Madrid
HH_244,Person_631,female,48,45-49,,,,0,,Alcorcon
HH_245,Person_632,female,55,55-59,,,,0,,Madrid
HH_245,Person_633,male,49,45-49,,,,0,,
HH_245,Person_634,female,80,80-84,,,,0,,
HH_246,Person_635,female,87,85-89,,,,0,,
HH_247,Person_636,male,3,0-4,Person_638,,,0,,
HH_247,Person_637,female,33,30-34,Person_638,,,0,,Madrid
HH_247,Person_638,male,65,65-69,,,Person_639,2,,
HH_247,Person_639,male,51,50-54,,,Person_638,0,,Fuenlabrada
HH_248,Person_640,female,72,70-74,,,,0,Madrid,
HH_248,Person_641,male,71,70-74,,,,0,Madrid,
HH_249,Person_642,female,20,20-24,Person_644,,,0,Isengar,Madrid
HH_249,Person_643,female,0,0-4,Person_644,,,0,Isengar,
HH_249,Person_644,male,51,50-54,,,,2,Isengar,Alcorcon
HH_250,Person_645,female,42,40-44,,,,0,,Madrid
HH_251,Person_646,male,76,75-79,,,,0,Alcorcon,
HH_251,Person_647,male,30,30-34,,,,0,Alcorcon,
HH_252,Person_648,female,7,5-9,,Person_650,,0,Madrid,
HH_252,Person_649,female,1,0-4,,Person_650,,0,Madrid,
HH_252,Person_650,female,47,45-49,,,,2,Madrid,Hotel de Asociaciones
HH_253,Person_651,male,13,10-14,,Person_653,,0,Fuenlabrada,
HH_253,Person_652,female,35,35-39,,Person_653,,0,Fuenlabrada,
HH_253,Person_653,female,62,60-64,,,Person_654,2,Fuenlabrada,
HH_253,Person_654,female,68,65-69,,,Person_653,0,Fuenlabrada,
HH_254,Person_655,male,15,15-19,Person_656,,,0,,
HH_254,Person_656,male,45,45-49,,,,1,,Madrid
HH_255,Person_657,female,5,5-9,Person_660,,,0,,
HH_255,Person_658,male,14,10-14,Person_660,,,0,,
HH_255,Person_659,male,4,0-4,Person_660,,,0,,
HH_255,Person_660,male,45,45-49,,,Person_661,3,,
HH_255,Person_661,male,36,35-39,,,Person_660,0,,
HH_256,Person_662,female,37,35-39,,,,0,,Madrid
HH_256,Person_663,female,89,85-89,,,,0,,
HH_257,Person_664,female,22,20-24,,Person_668,,0,,
HH_257,Person_665,male,6,5-9,,Person_668,,0,,
HH_257,Person_666,male,29,25-29,,Person_668,,0,,Madrid
HH_257,Person_667,female,8,5-9,,Person_668,,0,,
HH_257,Person_668,female,60,60-64,,,,4,,Madrid
HH_258,Person_669,male,20,20-24,Person_671,,,0,,Parque Científico de la Universidad Carlos III de Madrid
HH_258,Person_670,female,27,25-29,Person_671,,,0,,
HH_258,Person_671,male,66,65-69,,,Person_672,2,,
HH_258,Person_672,male,55,55-59,,,Person_671,0,,Madrid
HH_259,Person_673,male,26,25-29,,Person_675,,0,Madrid,
HH_259,Person_674,male,36,35-39,,Person_675,,0,Madrid,
HH_259,Person_675,female,78,75-79,,,,2,Madrid,
HH_260,Person_676,female,8,5-9,Person_679,,,0,,
HH_260,Person_677,male,14,10-14,Person_679,,,0,,
HH_260,Person_678,male,18,15-19,Person_679,,,0,,Edificio Sabatini
HH_260,Person_679,male,37,35-39,,,,3,,Madrid
HH_261,Person_680,female,7,5-9,,Person_684,,0,Madrid,
HH_261,Person_681,female,15,15-19,,Person_684,,0,Madrid,
HH_261,Person_682,female,15,15-19,,Person_684,,0,Madrid,
HH_261,Person_683,male,1,0-4,,Person_684,,0,Madrid,Escuela Infantil Rosa Caramelo
HH_261,Person_684,female,44,40-44,,,,4,Madrid,
HH_262,Person_685,male,36,35-39,,Person_686,,0,,Madrid
HH_262,Person_686,female,70,70-74,,,Person_687,1,,
HH_262,Person_687,female,90,90-94,,,Person_686,0,,
HH_263,Person_688,female,87,85-89,,,,0,,
HH_264,Person_689,male,38,35-39,,,,0,Getafe norte,
HH_264,Person_690,female,86,85-89,,,,0,Getafe norte,
HH_264,Person_691,female,97,95-99,,,,0,Getafe norte,
HH_265,Person_692,female,92,90-94,,,,0,,
HH_266,Person_693,male,21,20-24,,Person_694,,0,,Edificio Torres Quevedo
HH_266,Person_694,female,46,45-49,,,Person_695,1,,Madrid
HH_266,Person_695,female,45,45-49,,,Person_694,0,,Madrid
HH_267,Person_696,female,43,40-44,,,,0,,Madrid
HH_267,Person_697,male,59,55-59,,,,0,,Madrid
HH_268,Person_698,female,93,90-94,,,,0,Madrid,
HH_269,Person_699,female,19,15-19,Person_700,,,0,,Edificio Juan Benet
HH_269,Person_700,male,59,55-59,,,Person_701,1,,Madrid
HH_269,Person_701,male,51,50-54,,,Person_700,0,,Alcorcon
HH_270,Person_702,male,40,40-44,Person_703,,,0,,
HH_270,Person_703,male,76,75-79,,,,1,,
HH_271,Person_704,female,20,20-24,,Person_705,,0,,
HH_271,Person_705,female,53,50-54,,,,1,,Madrid
HH_272,Person_706,female,36,35-39,,,,0,,Madrid
HH_273,Person_707,female,85,85-89,,,,0,Madrid,
HH_274,Person_708,male,30,30-34,,,,0,,Fundación IMDEA Networks
HH_274,Person_709,male,95,95-99,,,,0,,
HH_275,Person_710,female,44,40-44,,,,0,,Madrid
HH_276,Person_711,female,48,45-49,,,,0,,Madrid
HH_276,Person_712,male,97,95-99,,,,0,,
HH_277,Person_713,male,0,0-4,,Person_714,,0,,
HH_277,Person_714,female,32,30-34,,,Person_715,1,,Madrid
HH_277,Person_715,female,36,35-39,,,Person_714,0,,Madrid
HH_278,Person_716,male,44,40-44,,,,0,,Madrid
HH_278,Person_717,male,80,80-84,,,,0,,
HH_279,Person_718,male,21,20-24,Person_720,,,0,,Madrid
HH_279,Person_719,female,29,25-29,Person_720,,,0,,
HH_279,Person_720,male,61,60-64,,,Person_721,2,,Madrid
HH_279,Person_721,male,93,90-94,,,Person_720,0,,
HH_280,Person_722,female,89,85-89,,,,0,,
HH_280,Person_723,male,28,25-29,,,,0,,
HH_281,Person_724,female,83,80-84,,,,0,,
HH_282,Person_725,male,24,20-24,,,,0,,
HH_282,Person_726,male,52,50-54,,,,0,,Mostoles
HH_283,Person_727,female,21,20-24,Person_728,,,0,Fuenlabrada,Biblioteca Rey Pastor
HH_283,Person_728,male,56,55-59,,,Person_729,1,Fuenlabrada,
HH_283,Person_729,male,56,55-59,,,Person_728,0,Fuenlabrada,
HH_284,Person_730,female,19,15-19,,Person_731,,0,,Madrid
HH_284,Person_731,female,48,45-49,,,Person_732,1,,Madrid
HH_284,Person_732,female,46,45-49,,,Person_731,0,,
HH_285,Person_733,male,96,95-99,,,,0,,
HH_285,Person_734,female,90,90-94,,,,0,,
HH_285,Person_735,female,48,45-49,,,,0,,Madrid
HH_286,Person_736,male,1,0-4,Person_737,,,0,,
HH_286,Person_737,male,18,15-19,,,Person_738,1,,Madrid
HH_286,Person_738,male,20,20-24,,,Person_737,0,,Madrid
HH_287,Person_739,female,24,20-24,,,,0,,
HH_287,Person_740,male,48,45-49,,,,0,,Madrid
HH_288,Person_741,male,25,25-29,Person_742,,,0,,Biblioteca Rey Pastor
HH_288,Person_742,male,53,50-54,,,Person_743,1,,Madrid
HH_288,Person_743,male,45,45-49,,,Person_742,0,,Madrid
HH_289,Person_744,male,37,35-39,,,,0,,Madrid
HH_289,Person_745,male,99,95-99,,,,0,,
HH_290,Person_746,male,16,15-19,,Person_748,,0,Fuenlabrada,
HH_290,Person_747,female,32,30-34,,Person_748,,0,Fuenlabrada,
HH_290,Person_748,female,61,60-64,,,Person_749,2,Fuenlabrada,
HH_290,Person_749,female,81,80-84,,,Person_748,0,Fuenlabrada,
HH_291,Person_750,female,86,85-89,,,,0,,
HH_292,Person_751,female,25,25-29,Person_753,,,0,Madrid,
HH_292,Person_752,female,16,15-19,Person_753,,,0,Madrid,
HH_292,Person_753,male,40,40-44,,,,2,Madrid,
HH_293,Person_754,male,16,15-19,Person_756,,,0,Madrid,
HH_293,Person_755,male,25,25-29,Person_756,,,0,Madrid,Edificio Juan Benet
HH_293,Person_756,male,51,50-54,,,Person_757,2,Madrid,
HH_293,Person_757,male,48,45-49,,,Person_756,0,Madrid,Edificio Gran Avenida
HH_294,Person_758,male,0,0-4,Person_762,,,0,Madrid,
HH_294,Person_759,female,3,0-4,Person_762,,,0,Madrid,Escuela Infantil Rosa Caramelo
HH_294,Person_760,female,3,0-4,Person_762,,,0,Madrid,
HH_294,Person_761,male,10,10-14,Person_762,,,0,Madrid,
HH_294,Person_762,male,43,40-44,,,,4,Madrid,
HH_295,Person_763,male,2,0-4,,Person_766,,0,,
HH_295,Person_764,male,5,5-9,,Person_766,,0,,
HH_295,Person_765,male,7,5-9,,Person_766,,0,,
HH_295,Person_766,female,34,30-34,,,Person_767,3,,Madrid
HH_295,Person_767,female,34,30-34,,,Person_766,0,,
HH_296,Person_768,female,43,40-44,,,,0,,Madrid
HH_296,Person_769,male,22,20-24,,,,0,,Madrid
HH_296,Person_770,male,22,20-24,,,,0,,Edificio Torres Quevedo
HH_296,Person_771,female,52,50-54,,,,0,,Madrid
HH_297,Person_772,female,15,15-19,Person_775,,,0,,
HH_297,Person_773,female,25,25-29,Person_775,,,0,,Madrid
HH_297,Person_774,male,21,20-24,Person_775,,,0,,Edificio Agustín de Betancourt
HH_297,Person_775,male,61,60-64,,,,3,,Madrid
HH_298,Person_776,female,30,30-34,Person_777,,,0,Madrid,Edificio Torres Quevedo
HH_298,Person_777,male,52,50-54,,,Person_778,1,Madrid,
HH_298,Person_778,male,54,50-54,,,Person_777,0,Madrid,
HH_299,Person_779,female,33,30-34,,Person_780,,0,Madrid,
HH_299,Person_780,female,77,75-79,,,Person_781,1,Madrid,
HH_299,Person_781,female,58,55-59,,,Person_780,0,Madrid,Seat
HH_300,Person_782,female,61,60-64,,,,0,,Madrid
HH_300,Person_783,female,81,80-84,,,,0,,
HH_301,Person_784,female,57,55-59,,,,0,Madrid,
HH_301,Person_785,female,56,55-59,,,,0,Madrid,
HH_302,Person_786,female,10,10-14,,Person_788,,0,Madrid,
HH_302,Person_787,male,29,25-29,,Person_788,,0,Madrid,
HH_302,Person_788,female,61,60-64,,,Person_789,2,Madrid,
HH_302,Person_789,female,65,65-69,,,Person_788,0,Madrid,
HH_303,Person_790,female,13,10-14,,Person_793,,0,Fuenlabrada,
HH_303,Person_791,female,12,10-14,,Person_793,,0,Fuenlabrada,
HH_303,Person_792,male,16,15-19,,Person_793,,0,Fuenlabrada,
HH_303,Person_793,female,42,40-44,,,Person_794,3,Fuenlabrada,
HH_303,Person_794,female,41,40-44,,,Person_793,0,Fuenlabrada,
HH_304,Person_795,male,47,45-49,,,,0,,Alcorcon
HH_305,Person_796,male,21,20-24,,Person_798,,0,,
HH_305,Person_797,female,23,20-24,,Person_798,,0,,Edificio Torres Quevedo
HH_305,Person_798,female,55,55-59,,,,2,,Madrid
HH_306,Person_799,male,40,40-44,Person_800,,,0,,Alcorcon
HH_306,Person_800,male,58,55-59,,,,1,,Madrid
HH_307,Person_801,female,1,0-4,Person_803,,,0,,Escuela Infantil Rosa Caramelo
HH_307,Person_802,female,26,25-29,Person_803,,,0,,Edificio Sabatini
HH_307,Person_803,male,60,60-64,,,Person_804,2,,Madrid
HH_307,Person_804,male,55,55-59,,,Person_803,0,,Madrid
HH_308,Person_805,male,9,5-9,,Person_807,,0,,
HH_308,Person_806,female,27,25-29,,Person_807,,0,,
HH_308,Person_807,female,56,55-59,,,Person_808,2,,Madrid
HH_308,Person_808,female,57,55-59,,,Person_807,0,,Alcorcon
HH_309,Person_809,female,46,45-49,,,,0,Madrid,
HH_310,Person_810,female,29,25-29,,,,0,,
HH_310,Person_811,female,49,45-49,,,,0,,Madrid
HH_311,Person_812,male,22,20-24,,,,0,,
HH_312,Person_813,female,11,10-14,Person_814,,,0,Madrid,
HH_312,Person_814,male,36,35-39,,,Person_815,1,Madrid,
HH_312,Person_815,male,36,35-39,,,Person_814,0,Madrid,
HH_313,Person_816,female,74,70-74,,,,0,,
HH_313,Person_817,female,82,80-84,,,,0,,
HH_314,Person_818,female,0,0-4,,Person_820,,0,,
HH_314,Person_819,male,31,30-34,,Person_820,,0,,Madrid
HH_314,Person_820,female,56,55-59,,,Person_821,2,,Madrid
HH_314,Person_821,female,57,55-59,,,Person_820,0,,Madrid
HH_315,Person_822,male,92,90-94,,,,0,Madrid,
HH_315,Person_823,female,26,25-29,,,,0,Madrid,
HH_316,Person_824,male,11,10-14,Person_825,,,0,,
HH_316,Person_825,male,39,35-39,,,,1,,Madrid
HH_317,Person_826,female,61,60-64,,,,0,,Madrid
HH_317,Person_827,female,32,30-34,,,,0,,Madrid
HH_318,Person_828,female,0,0-4,Person_829,,,0,,
HH_318,Person_829,male,41,40-44,,,Person_830,1,,Madrid
HH_318,Person_830,male,40,40-44,,,Person_829,0,,Madrid
HH_319,Person_831,female,83,80-84,,Person_832,,0,Madrid,
HH_319,Person_832,female,111,100-120,,,,1,Madrid,
HH_320,Person_833,female,8,5-9,Person_834,,,0,,
HH_320,Person_834,male,44,40-44,,,Person_835,1,,Madrid
HH_320,Person_835,male,40,40-44,,,Person_834,0,,Madrid
HH_321,Person_836,female,75,75-79,,,,0,Fuenlabrada,
HH_322,Person_837,male,21,20-24,,,,0,,Edificio Torres Quevedo
HH_322,Person_838,female,44,40-44,,,,0,,Alcorcon
HH_323,Person_839,female,42,40-44,,,,0,,
HH_324,Person_840,female,5,5-9,Person_842,,,0,,
HH_324,Person_841,male,26,25-29,Person_842,,,0,,Fundación IMDEA Networks
HH_324,Person_842,male,54,50-54,,,Person_843,2,,Madrid
HH_324,Person_843,male,47,45-49,,,Person_842,0,,Getafe norte
HH_325,Person_844,male,93,90-94,,,,0,,
HH_325,Person_845,male,97,95-99,,,,0,,
HH_326,Person_846,female,37,35-39,Person_847,,,0,,Madrid
HH_326,Person_847,male,74,70-74,,,,1,,
HH_327,Person_848,male,32,30-34,,,,0,,Madrid
HH_327,Person_849,male,63,60-64,,,,0,,Madrid
HH_328,Person_850,male,67,65-69,,,,0,,
HH_328,Person_851,female,44,40-44,,,,0,,Madrid
HH_329,Person_852,female,25,25-29,,Person_856,,0,,
HH_329,Person_853,male,28,25-29,,Person_856,,0,,Parque Científico de la Universidad Carlos III de Madrid
HH_329,Person_854,female,20,20-24,,Person_856,,0,,
HH_329,Person_855,female,14,10-14,,Person_856,,0,,
HH_329,Person_856,female,70,70-74,,,,4,,
HH_330,Person_857,female,82,80-84,Person_860,,,0,Extremadura,
HH_330,Person_858,male,44,40-44,Person_860,,,0,Extremadura,
HH_330,Person_859,male,83,80-84,Person_860,,,0,Extremadura,
HH_330,Person_860,male,116,100-120,,,,3,Extremadura,
HH_331,Person_861,male,43,40-44,,,,0,,Madrid
HH_331,Person_862,female,76,75-79,,,,0,,
HH_332,Person_863,female,1,0-4,Person_867,,,0,,
HH_332,Person_864,male,0,0-4,Person_867,,,0,,
HH_332,Person_865,male,5,5-9,Person_867,,,0,,
HH_332,Person_866,male,3,0-4,Person_867,,,0,,
HH_332,Person_867,male,45,45-49,,,,4,,Madrid
HH_333,Person_868,female,15,15-19,Person_869,,,0,,
HH_333,Person_869,male,50,50-54,,,Person_870,1,,Madrid
HH_333,Person_870,male,48,45-49,,,Person_869,0,,Madrid
HH_334,Person_871,female,76,75-79,,,,0,,
HH_334,Person_872,female,58,55-59,,,,0,,Getafe norte
HH_335,Person_873,male,24,20-24,,,,0,Thales,Madrid
HH_335,Person_874,female,30,30-34,,,,0,Thales,
HH_336,Person_875,female,20,20-24,,Person_876,,0,Mostoles,
HH_336,Person_876,female,48,45-49,,,,1,Mostoles,
HH_337,Person_877,male,76,75-79,,,,0,,
HH_337,Person_878,male,71,70-74,,,,0,,
HH_337,Person_879,female,20,20-24,,,,0,,Madrid
HH_337,Person_880,male,76,75-79,,,,0,,
HH_338,Person_881,female,73,70-74,,,,0,,
HH_339,Person_882,male,73,70-74,,,,0,Madrid,
HH_339,Person_883,female,27,25-29,,,,0,Madrid,
HH_340,Person_884,female,15,15-19,Person_886,,,0,Madrid,
HH_340,Person_885,female,27,25-29,Person_886,,,0,Madrid,
HH_340,Person_886,male,55,55-59,,,Person_887,2,Madrid,
HH_340,Person_887,male,56,55-59,,,Person_886,0,Madrid,
HH_341,Person_888,female,0,0-4,Person_889,,,0,Madrid,
HH_341,Person_889,male,17,15-19,,,Person_890,1,Madrid,
HH_341,Person_890,male,24,20-24,,,Person_889,0,Madrid,
HH_342,Person_891,male,8,5-9,,Person_893,,0,,
HH_342,Person_892,male,29,25-29,,Person_893,,0,,Madrid
HH_342,Person_893,female,66,65-69,,,Person_894,2,,
HH_342,Person_894,female,77,75-79,,,Person_893,0,,
HH_343,Person_895,male,16,15-19,,Person_896,,0,,
HH_343,Person_896,female,63,60-64,,,Person_897,1,,Madrid
HH_343,Person_897,female,59,55-59,,,Person_896,0,,Madrid
HH_344,Person_898,female,86,85-89,Person_899,,,0,,
HH_344,Person_899,male,117,100-120,,,,1,,
HH_345,Person_900,female,63,60-64,,,,0,,
HH_346,Person_901,female,49,45-49,,,,0,,Madrid
HH_347,Person_902,female,31,30-34,,Person_903,,0,,Madrid
HH_347,Person_903,female,61,60-64,,,Person_904,1,,Madrid
HH_347,Person_904,female,36,35-39,,,Person_903,0,,Madrid
HH_348,Person_905,male,15,15-19,,Person_907,,0,,
HH_348,Person_906,female,30,30-34,,Person_907,,0,,Madrid
HH_348,Person_907,female,55,55-59,,,Person_908,2,,Fuenlabrada
HH_348,Person_908,female,56,55-59,,,Person_907,0,,Getafe norte
HH_349,Person_909,male,29,25-29,,Person_910,,0,,Biblioteca Rey Pastor
HH_349,Person_910,female,67,65-69,,,,1,,
HH_350,Person_911,male,8,5-9,,Person_914,,0,Madrid,
HH_350,Person_912,male,14,10-14,,Person_914,,0,Madrid,
HH_350,Person_913,male,4,0-4,,Person_914,,0,Madrid,
HH_350,Person_914,female,49,45-49,,,Person_915,3,Madrid,Viviendas de integración social Fundación F.A.D.
HH_350,Person_915,female,50,50-54,,,Person_914,0,Madrid,
HH_351,Person_916,female,52,50-54,,,,0,,
HH_351,Person_917,male,55,55-59,,,,0,,Madrid
HH_352,Person_918,female,70,70-74,,,,0,,
HH_352,Person_919,female,23,20-24,,,,0,,Biblioteca Rey Pastor
HH_353,Person_920,male,26,25-29,,,,0,Madrid,Fundación IMDEA Networks
HH_354,Person_921,male,6,5-9,Person_923,,,0,,
HH_354,Person_922,female,12,10-14,Person_923,,,0,,
HH_354,Person_923,male,45,45-49,,,,2,,Madrid
HH_355,Person_924,female,85,85-89,,,,0,Mostoles,
HH_356,Person_925,female,98,95-99,,,,0,,
HH_356,Person_926,male,34,30-34,,,,0,,Madrid
HH_357,Person_927,female,15,15-19,,Person_929,,0,,
HH_357,Person_928,female,11,10-14,,Person_929,,0,,
HH_357,Person_929,female,43,40-44,,,,2,,
HH_358,Person_930,male,80,80-84,Person_931,,,0,Mostoles,
HH_358,Person_931,male,108,100-120,,,,1,Mostoles,
HH_359,Person_932,male,41,40-44,,Person_933,,0,,Madrid
HH_359,Person_933,female,81,80-84,,,,1,,
HH_360,Person_934,female,75,75-79,,,,0,Alcorcon,
HH_360,Person_935,male,41,40-44,,,,0,Alcorcon,
HH_361,Person_936,male,49,45-49,,,,0,,Getafe norte
HH_361,Person_937,male,58,55-59,,,,0,,Madrid
HH_362,Person_938,female,7,5-9,,Person_942,,0,,
HH_362,Person_939,male,16,15-19,,Person_942,,0,,
HH_362,Person_940,female,15,15-19,,Person_942,,0,,
HH_362,Person_941,male,0,0-4,,Person_942,,0,,Escuela Infantil Rosa Caramelo
HH_362,Person_942,female,48,45-49,,,,4,,Madrid
HH_363,Person_943,male,78,75-79,,,,0,,
HH_363,Person_944,female,59,55-59,,,,0,,Madrid
HH_364,Person_945,female,3,0-4,Person_947,,,0,Madrid,Escuela Infantil Rosa Caramelo
HH_364,Person_946,female,29,25-29,Person_947,,,0,Madrid,
HH_364,Person_947,male,68,65-69,,,Person_948,2,Madrid,
HH_364,Person_948,male,87,85-89,,,Person_947,0,Madrid,
HH_365,Person_949,male,21,20-24,,Person_950,,0,,Madrid
HH_365,Person_950,female,54,50-54,,,Person_951,1,,
HH_365,Person_951,female,58,55-59,,,Person_950,0,,Madrid
HH_366,Person_952,male,21,20-24,,,,0,,Tapón Spain, S.L.U.
HH_367,Person_953,female,20,20-24,,,,0,,Biblioteca Rey Pastor
HH_367,Person_954,female,90,90-94,,,,0,,
HH_368,Person_955,female,76,75-79,,,,0,,
HH_368,Person_956,female,69,65-69,,,,0,,
HH_369,Person_957,male,50,50-54,,,,0,,Madrid
HH_369,Person_958,male,74,70-74,,,,0,,
HH_370,Person_959,male,24,20-24,,Person_960,,0,,Madrid
HH_370,Person_960,female,57,55-59,,,Person_961,1,,Madrid
HH_370,Person_961,female,94,90-94,,,Person_960,0,,
HH_371,Person_962,male,3,0-4,Person_963,,,0,,
HH_371,Person_963,male,29,25-29,,,,1,,
HH_372,Person_964,male,21,20-24,Person_966,,,0,,
HH_372,Person_965,male,31,30-34,Person_966,,,0,,Madrid
HH_372,Person_966,male,61,60-64,,,Person_967,2,,Madrid
HH_372,Person_967,male,52,50-54,,,Person_966,0,,Madrid
HH_373,Person_968,male,27,25-29,,,,0,,Parque Científico de la Universidad Carlos III de Madrid
HH_373,Person_969,female,58,55-59,,,,0,,Madrid
HH_374,Person_970,female,25,25-29,Person_972,,,0,,Edificio Torres Quevedo
HH_374,Person_971,male,29,25-29,Person_972,,,0,,Fundación IMDEA Networks
HH_374,Person_972,male,56,55-59,,,Person_973,2,,Madrid
HH_374,Person_973,male,58,55-59,,,Person_972,0,,
HH_375,Person_974,female,23,20-24,,,,0,Alcorcon,Parque Científico de la Universidad Carlos III de Madrid
HH_376,Person_975,male,13,10-14,,Person_977,,0,Madrid,
HH_376,Person_976,male,1,0-4,,Person_977,,0,Madrid,
HH_376,Person_977,female,55,55-59,,,,2,Madrid,
HH_377,Person_978,male,54,50-54,,,,0,,Madrid
HH_378,Person_979,female,17,15-19,,Person_982,,0,Madrid,
HH_378,Person_980,male,6,5-9,,Person_982,,0,Madrid,
HH_378,Person_981,female,23,20-24,,Person_982,,0,Madrid,Parque Científico de la Universidad Carlos III de Madrid
HH_378,Person_982,female,41,40-44,,,,3,Madrid,
HH_379,Person_983,male,20,20-24,Person_985,,,0,Fuenlabrada,
HH_379,Person_984,female,25,25-29,Person_985,,,0,Fuenlabrada,
HH_379,Person_985,male,61,60-64,,,Person_986,2,Fuenlabrada,
HH_379,Person_986,male,49,45-49,,,Person_985,0,Fuenlabrada,
HH_380,Person_987,female,38,35-39,,,,0,,Madrid
HH_380,Person_988,female,87,85-89,,,,0,,
HH_381,Person_989,female,2,0-4,,Person_990,,0,Madrid,Escuela Infantil Rosa Caramelo
HH_381,Person_990,female,33,30-34,,,Person_991,1,Madrid,
HH_381,Person_991,female,34,30-34,,,Person_990,0,Madrid,Electro Depot Leganés
HH_382,Person_992,female,65,65-69,,,,0,,
HH_383,Person_993,male,13,10-14,Person_994,,,0,,
HH_383,Person_994,male,54,50-54,,,Person_995,1,,Madrid
HH_383,Person_995,male,31,30-34,,,Person_994,0,,Madrid
HH_384,Person_996,male,67,65-69,,,,0,,
HH_384,Person_997,male,61,60-64,,,,0,,
HH_385,Person_998,female,59,55-59,,,,0,,
HH_385,Person_999,male,79,75-79,,,,0,,
HH_386,Person_1000,male,62,60-64,,,,0,Fuenlabrada,
HH_386,Person_1001,female,18,15-19,,,,0,Fuenlabrada,Biblioteca Rey Pastor
HH_387,Person_1002,female,9,5-9,Person_1003,,,0,,
HH_387,Person_1003,male,40,40-44,,,Person_1004,1,,Madrid
HH_387,Person_1004,male,40,40-44,,,Person_1003,0,,Madrid
HH_388,Person_1005,male,21,20-24,,Person_1006,,0,,Madrid
HH_388,Person_1006,female,52,50-54,,,Person_1007,1,,Madrid
HH_388,Person_1007,female,74,70-74,,,Person_1006,0,,
HH_389,Person_1008,female,50,50-54,,,,0,,Madrid
HH_390,Person_1009,male,6,5-9,Person_1012,,,0,,
HH_390,Person_1010,male,10,10-14,Person_1012,,,0,,
HH_390,Person_1011,female,11,10-14,Person_1012,,,0,,
HH_390,Person_1012,male,37,35-39,,,Person_1013,3,,Madrid
HH_390,Person_1013,male,37,35-39,,,Person_1012,0,,Madrid
HH_391,Person_1014,male,94,90-94,,,,0,,
HH_391,Person_1015,male,69,65-69,,,,0,,
HH_392,Person_1016,female,29,25-29,Person_1017,,,0,Madrid,
HH_392,Person_1017,male,44,40-44,,,Person_1018,1,Madrid,
HH_392,Person_1018,male,43,40-44,,,Person_1017,0,Madrid,
HH_393,Person_1019,female,66,65-69,,,,0,,
HH_393,Person_1020,female,45,45-49,,,,0,,Madrid
HH_394,Person_1021,female,21,20-24,Person_1022,,,0,,Getafe norte
HH_394,Person_1022,male,65,65-69,,,Person_1023,1,,
HH_394,Person_1023,male,81,80-84,,,Person_1022,0,,
HH_395,Person_1024,male,15,15-19,Person_1025,,,0,,
HH_395,Person_1025,male,51,50-54,,,Person_1026,1,,
HH_395,Person_1026,male,48,45-49,,,Person_1025,0,,Madrid
HH_396,Person_1027,female,69,65-69,,,,0,Madrid,
HH_397,Person_1028,female,26,25-29,Person_1030,,,0,Getafe norte,Frigorificos Veracruz
HH_397,Person_1029,female,26,25-29,Person_1030,,,0,Getafe norte,
HH_397,Person_1030,male,60,60-64,,,Person_1031,2,Getafe norte,
HH_397,Person_1031,male,44,40-44,,,Person_1030,0,Getafe norte,
HH_398,Person_1032,male,88,85-89,,,,0,Madrid,
HH_398,Person_1033,female,97,95-99,,,,0,Madrid,
HH_399,Person_1034,male,34,30-34,,,,0,,Madrid
HH_399,Person_1035,female,66,65-69,,,,0,,
HH_400,Person_1036,male,92,90-94,,,,0,,
HH_400,Person_1037,male,24,20-24,,,,0,,
HH_401,Person_1038,female,85,85-89,,,,0,,
HH_401,Person_1039,female,83,80-84,,,,0,,
HH_402,Person_1040,female,21,20-24,,,,0,,
HH_402,Person_1041,male,79,75-79,,,,0,,
HH_402,Person_1042,male,68,65-69,,,,0,,
HH_402,Person_1043,female,35,35-39,,,,0,,Fuenlabrada
HH_402,Person_1044,female,65,65-69,,,,0,,
HH_403,Person_1045,male,81,80-84,,,,0,Alcorcon,
HH_403,Person_1046,female,57,55-59,,,,0,Alcorcon,
HH_404,Person_1047,female,29,25-29,,,,0,Madrid,
HH_405,Person_1048,male,81,80-84,,,,0,,
HH_405,Person_1049,female,99,95-99,,,,0,,
HH_406,Person_1050,male,93,90-94,,,,0,,
HH_407,Person_1051,male,37,35-39,,,,0,,
HH_408,Person_1052,male,65,65-69,,,,0,,
HH_408,Person_1053,male,31,30-34,,,,0,,
HH_408,Person_1054,female,26,25-29,,,,0,,Madrid
HH_409,Person_1055,female,93,90-94,,,,0,,
HH_410,Person_1056,female,45,45-49,Person_1058,,,0,,
HH_410,Person_1057,male,25,25-29,Person_1058,,,0,,Edificio Juan Benet
HH_410,Person_1058,male,84,80-84,,,Person_1059,2,,
HH_410,Person_1059,male,48,45-49,,,Person_1058,0,,Madrid
HH_411,Person_1060,female,81,80-84,,,,0,,
HH_411,Person_1061,female,53,50-54,,,,0,,Madrid
HH_412,Person_1062,female,30,30-34,,,,0,,
HH_412,Person_1063,male,91,90-94,,,,0,,
HH_413,Person_1064,male,26,25-29,Person_1065,,,0,Getafe norte,
HH_413,Person_1065,male,51,50-54,,,,1,Getafe norte,Tienda Tienda
HH_414,Person_1066,female,34,30-34,Person_1068,,,0,,Madrid
HH_414,Person_1067,female,28,25-29,Person_1068,,,0,,Parque Científico de la Universidad Carlos III de Madrid
HH_414,Person_1068,male,78,75-79,,,Person_1069,2,,
HH_414,Person_1069,male,78,75-79,,,Person_1068,0,,
HH_415,Person_1070,female,54,50-54,,,,0,,Madrid
HH_415,Person_1071,male,75,75-79,,,,0,,
HH_416,Person_1072,male,27,25-29,,Person_1074,,0,Fuenlabrada,Parque Científico de la Universidad Carlos III de Madrid
HH_416,Person_1073,male,26,25-29,,Person_1074,,0,Fuenlabrada,Mercadona
HH_416,Person_1074,female,58,55-59,,,Person_1075,2,Fuenlabrada,
HH_416,Person_1075,female,30,30-34,,,Person_1074,0,Fuenlabrada,
HH_417,Person_1076,female,83,80-84,,,,0,,
HH_418,Person_1077,male,16,15-19,,Person_1079,,0,,
HH_418,Person_1078,female,34,30-34,,Person_1079,,0,,Madrid
HH_418,Person_1079,female,65,65-69,,,Person_1080,2,,
HH_418,Person_1080,female,75,75-79,,,Person_1079,0,,
HH_419,Person_1081,male,3,0-4,,Person_1085,,0,,
HH_419,Person_1082,female,10,10-14,,Person_1085,,0,,
HH_419,Person_1083,male,0,0-4,,Person_1085,,0,,
HH_419,Person_1084,male,7,5-9,,Person_1085,,0,,
HH_419,Person_1085,female,36,35-39,,,,4,,Madrid
HH_420,Person_1086,male,2,0-4,Person_1090,,,0,,
HH_420,Person_1087,female,12,10-14,Person_1090,,,0,,
HH_420,Person_1088,female,10,10-14,Person_1090,,,0,,
HH_420,Person_1089,male,6,5-9,Person_1090,,,0,,
HH_420,Person_1090,male,40,40-44,,,,4,,Madrid
HH_421,Person_1091,male,62,60-64,,,,0,,Madrid
HH_421,Person_1092,male,40,40-44,,,,0,,Fuenlabrada
HH_422,Person_1093,female,6,5-9,,Person_1094,,0,,
HH_422,Person_1094,female,37,35-39,,,Person_1095,1,,Madrid
HH_422,Person_1095,female,33,30-34,,,Person_1094,0,,Madrid
HH_423,Person_1096,female,16,15-19,,Person_1098,,0,,
HH_423,Person_1097,male,13,10-14,,Person_1098,,0,,
HH_423,Person_1098,female,33,30-34,,,,2,,Madrid
HH_424,Person_1099,female,7,5-9,Person_1100,,,0,,
HH_424,Person_1100,male,33,30-34,,,Person_1101,1,,
HH_424,Person_1101,male,34,30-34,,,Person_1100,0,,
HH_425,Person_1102,male,44,40-44,,,,0,,Madrid
HH_425,Person_1103,female,24,20-24,,,,0,,Extremadura
HH_426,Person_1104,female,19,15-19,Person_1106,,,0,,Madrid
HH_426,Person_1105,male,27,25-29,Person_1106,,,0,,Edificio Torres Quevedo
HH_426,Person_1106,male,44,40-44,,,Person_1107,2,,Madrid
HH_426,Person_1107,male,42,40-44,,,Person_1106,0,,Madrid
HH_427,Person_1108,female,21,20-24,Person_1110,,,0,,Getafe norte
HH_427,Person_1109,male,30,30-34,Person_1110,,,0,,Edificio Sabatini
HH_427,Person_1110,male,49,45-49,,,Person_1111,2,,Madrid
HH_427,Person_1111,male,35,35-39,,,Person_1110,0,,Madrid
HH_428,Person_1112,male,25,25-29,Person_1113,,,0,Madrid,
HH_428,Person_1113,male,56,55-59,,,Person_1114,1,Madrid,
HH_428,Person_1114,male,50,50-54,,,Person_1113,0,Madrid,
HH_429,Person_1115,female,95,95-99,,,,0,Fuenlabrada,
HH_429,Person_1116,male,53,50-54,,,,0,Fuenlabrada,
HH_430,Person_1117,female,53,50-54,,,,0,Fuenlabrada,
HH_430,Person_1118,female,50,50-54,,,,0,Fuenlabrada,
HH_431,Person_1119,female,27,25-29,,Person_1121,,0,Madrid,
HH_431,Person_1120,male,28,25-29,,Person_1121,,0,Madrid,Parque Científico de la Universidad Carlos III de Madrid
HH_431,Person_1121,female,57,55-59,,,Person_1122,2,Madrid,
HH_431,Person_1122,female,48,45-49,,,Person_1121,0,Madrid,
HH_432,Person_1123,male,52,50-54,,,,0,,Madrid
HH_433,Person_1124,female,93,90-94,,,,0,Fuenlabrada,
HH_434,Person_1125,female,9,5-9,Person_1127,,,0,,
HH_434,Person_1126,male,34,30-34,Person_1127,,,0,,
HH_434,Person_1127,male,76,75-79,,,Person_1128,2,,
HH_434,Person_1128,male,59,55-59,,,Person_1127,0,,Madrid
HH_435,Person_1129,female,18,15-19,Person_1133,,,0,Madrid,
HH_435,Person_1130,male,18,15-19,Person_1133,,,0,Madrid,Edificio Agustín de Betancourt
HH_435,Person_1131,male,8,5-9,Person_1133,,,0,Madrid,
HH_435,Person_1132,female,2,0-4,Person_1133,,,0,Madrid,Escuela Infantil Rosa Caramelo
HH_435,Person_1133,male,49,45-49,,,,4,Madrid,
HH_436,Person_1134,male,52,50-54,,,,0,Mostoles,
HH_437,Person_1135,male,27,25-29,,,,0,,Edificio Torres Quevedo
HH_437,Person_1136,female,81,80-84,,,,0,,
HH_438,Person_1137,male,58,55-59,,,,0,Fuenlabrada,
HH_438,Person_1138,female,67,65-69,,,,0,Fuenlabrada,
HH_439,Person_1139,female,0,0-4,Person_1141,,,0,,
HH_439,Person_1140,male,25,25-29,Person_1141,,,0,,
HH_439,Person_1141,male,41,40-44,,,Person_1142,2,,Madrid
HH_439,Person_1142,male,42,40-44,,,Person_1141,0,,Madrid
HH_440,Person_1143,male,25,25-29,,Person_1146,,0,,
HH_440,Person_1144,female,23,20-24,,Person_1146,,0,,
HH_440,Person_1145,female,31,30-34,,Person_1146,,0,,Madrid
HH_440,Person_1146,female,72,70-74,,,,3,,
HH_441,Person_1147,male,87,85-89,,,,0,,
HH_441,Person_1148,female,51,50-54,,,,0,,
HH_442,Person_1149,female,2,0-4,Person_1150,,,0,Madrid,
HH_442,Person_1150,male,33,30-34,,,Person_1151,1,Madrid,
HH_442,Person_1151,male,30,30-34,,,Person_1150,0,Madrid,Edificio Torres Quevedo
HH_443,Person_1152,female,90,90-94,,,,0,,
HH_444,Person_1153,female,69,65-69,,,,0,,
HH_444,Person_1154,male,21,20-24,,,,0,,Extremadura
HH_445,Person_1155,female,1,0-4,,Person_1157,,0,,
HH_445,Person_1156,male,31,30-34,,Person_1157,,0,,Madrid
HH_445,Person_1157,female,67,65-69,,,Person_1158,2,,
HH_445,Person_1158,female,80,80-84,,,Person_1157,0,,
HH_446,Person_1159,male,4,0-4,Person_1161,,,0,,
HH_446,Person_1160,female,29,25-29,Person_1161,,,0,,Edificio Sabatini
HH_446,Person_1161,male,58,55-59,,,Person_1162,2,,Madrid
HH_446,Person_1162,male,49,45-49,,,Person_1161,0,,
HH_447,Person_1163,male,26,25-29,Person_1164,,,0,,
HH_447,Person_1164,male,59,55-59,,,Person_1165,1,,
HH_447,Person_1165,male,55,55-59,,,Person_1164,0,,Madrid
HH_448,Person_1166,female,26,25-29,Person_1167,,,0,,Edificio Juan Benet
HH_448,Person_1167,male,53,50-54,,,Person_1168,1,,Madrid
HH_448,Person_1168,male,40,40-44,,,Person_1167,0,,Madrid
HH_449,Person_1169,female,74,70-74,,,,0,,
HH_450,Person_1170,male,21,20-24,,Person_1171,,0,,Parque Científico de la Universidad Carlos III de Madrid
HH_450,Person_1171,female,63,60-64,,,Person_1172,1,,Madrid
HH_450,Person_1172,female,85,85-89,,,Person_1171,0,,
HH_451,Person_1173,female,43,40-44,Person_1174,,,0,Madrid,
HH_451,Person_1174,male,81,80-84,,,Person_1175,1,Madrid,
HH_451,Person_1175,male,53,50-54,,,Person_1174,0,Madrid,
HH_452,Person_1176,female,61,60-64,,,,0,,Madrid
HH_452,Person_1177,male,91,90-94,,,,0,,
HH_453,Person_1178,female,96,95-99,,,,0,,
HH_453,Person_1179,female,63,60-64,,,,0,,
HH_454,Person_1180,female,23,20-24,,Person_1181,,0,,Edificio Sabatini
HH_454,Person_1181,female,49,45-49,,,,1,,Alcorcon
HH_455,Person_1182,male,8,5-9,Person_1183,,,0,,
HH_455,Person_1183,male,23,20-24,,,,1,,Madrid
HH_456,Person_1184,male,5,5-9,Person_1186,,,0,,
HH_456,Person_1185,male,26,25-29,Person_1186,,,0,,Madrid
HH_456,Person_1186,male,70,70-74,,,Person_1187,2,,
HH_456,Person_1187,male,44,40-44,,,Person_1186,0,,Madrid
HH_457,Person_1188,female,23,20-24,Person_1189,,,0,,
HH_457,Person_1189,male,50,50-54,,,Person_1190,1,,Madrid
HH_457,Person_1190,male,39,35-39,,,Person_1189,0,,Madrid
HH_458,Person_1191,female,5,5-9,,Person_1192,,0,,
HH_458,Person_1192,female,45,45-49,,,Person_1193,1,,Madrid
HH_458,Person_1193,female,75,75-79,,,Person_1192,0,,
HH_459,Person_1194,female,72,70-74,,,,0,,
HH_460,Person_1195,male,60,60-64,,Person_1196,,0,,Madrid
HH_460,Person_1196,female,87,85-89,,,,1,,
HH_461,Person_1197,female,80,80-84,,,,0,,
HH_461,Person_1198,female,57,55-59,,,,0,,Madrid
HH_461,Person_1199,male,76,75-79,,,,0,,
HH_462,Person_1200,male,26,25-29,,Person_1202,,0,,Fuenlabrada
HH_462,Person_1201,female,36,35-39,,Person_1202,,0,,
HH_462,Person_1202,female,65,65-69,,,,2,,
HH_463,Person_1203,male,46,45-49,,,,0,,Madrid
HH_463,Person_1204,female,30,30-34,,,,0,,Madrid
HH_464,Person_1205,female,39,35-39,,,,0,,Madrid
HH_465,Person_1206,male,34,30-34,,Person_1207,,0,,Madrid
HH_465,Person_1207,female,49,45-49,,,,1,,Fuenlabrada
HH_466,Person_1208,male,53,50-54,,,,0,,Madrid
HH_467,Person_1209,male,77,75-79,,,,0,,
HH_467,Person_1210,male,67,65-69,,,,0,,
HH_468,Person_1211,female,10,10-14,,Person_1213,,0,Madrid,
HH_468,Person_1212,female,34,30-34,,Person_1213,,0,Madrid,
HH_468,Person_1213,female,59,55-59,,,Person_1214,2,Madrid,
HH_468,Person_1214,female,77,75-79,,,Person_1213,0,Madrid,
HH_469,Person_1215,female,15,15-19,Person_1217,,,0,,
HH_469,Person_1216,female,26,25-29,Person_1217,,,0,,Edificio Sabatini
HH_469,Person_1217,male,59,55-59,,,Person_1218,2,,Madrid
HH_469,Person_1218,male,58,55-59,,,Person_1217,0,,Madrid
HH_470,Person_1219,female,93,90-94,,,,0,Getafe norte,
HH_471,Person_1220,female,15,15-19,Person_1222,,,0,,
HH_471,Person_1221,female,17,15-19,Person_1222,,,0,,
HH_471,Person_1222,male,46,45-49,,,,2,,Madrid
HH_472,Person_1223,male,22,20-24,,,,0,,
HH_472,Person_1224,female,20,20-24,,,,0,,Parque Científico de la Universidad Carlos III de Madrid
HH_473,Person_1225,male,24,20-24,,Person_1227,,0,,Edificio Juan Benet
HH_473,Person_1226,male,35,35-39,,Person_1227,,0,,Madrid
HH_473,Person_1227,female,66,65-69,,,Person_1228,2,,
HH_473,Person_1228,female,88,85-89,,,Person_1227,0,,
HH_474,Person_1229,male,25,25-29,,,,0,,Biblioteca Rey Pastor
HH_475,Person_1230,female,38,35-39,,,,0,,Madrid
HH_475,Person_1231,male,20,20-24,,,,0,,
HH_476,Person_1232,female,32,30-34,,,,0,Madrid,
HH_476,Person_1233,male,56,55-59,,,,0,Madrid,
HH_477,Person_1234,female,84,80-84,,,,0,Madrid,
HH_478,Person_1235,male,14,10-14,Person_1236,,,0,Madrid,
HH_478,Person_1236,male,29,25-29,,,Person_1237,1,Madrid,
HH_478,Person_1237,male,30,30-34,,,Person_1236,0,Madrid,
HH_479,Person_1238,male,82,80-84,,,,0,,
HH_480,Person_1239,female,47,45-49,,,,0,Alcorcon,
HH_481,Person_1240,male,83,80-84,,,,0,,
HH_481,Person_1241,male,40,40-44,,,,0,,Fuenlabrada
HH_482,Person_1242,female,0,0-4,,Person_1244,,0,Fuenlabrada,
HH_482,Person_1243,female,28,25-29,,Person_1244,,0,Fuenlabrada,
HH_482,Person_1244,female,68,65-69,,,Person_1245,2,Fuenlabrada,
HH_482,Person_1245,female,50,50-54,,,Person_1244,0,Fuenlabrada,
HH_483,Person_1246,male,23,20-24,Person_1248,,,0,,
HH_483,Person_1247,female,34,30-34,Person_1248,,,0,,Madrid
HH_483,Person_1248,male,62,60-64,,,Person_1249,2,,Madrid
HH_483,Person_1249,male,38,35-39,,,Person_1248,0,,Madrid
HH_484,Person_1250,male,32,30-34,Person_1252,,,0,,Alcorcon
HH_484,Person_1251,male,35,35-39,Person_1252,,,0,,Fuenlabrada
HH_484,Person_1252,male,67,65-69,,,,2,,
HH_485,Person_1253,male,21,20-24,,,,0,Madrid,Edificio Agustín de Betancourt
HH_485,Person_1254,female,34,30-34,,,,0,Madrid,
HH_486,Person_1255,female,54,50-54,,,,0,Madrid,
HH_487,Person_1256,male,4,0-4,Person_1260,,,0,,Escuela Infantil Rosa Caramelo
HH_487,Person_1257,female,0,0-4,Person_1260,,,0,,
HH_487,Person_1258,female,10,10-14,Person_1260,,,0,,
HH_487,Person_1259,male,3,0-4,Person_1260,,,0,,Escuela Infantil Rosa Caramelo
HH_487,Person_1260,male,41,40-44,,,,4,,Madrid
HH_488,Person_1261,male,2,0-4,,Person_1265,,0,Fuenlabrada,
HH_488,Person_1262,male,3,0-4,,Person_1265,,0,Fuenlabrada,
HH_488,Person_1263,male,9,5-9,,Person_1265,,0,Fuenlabrada,
HH_488,Person_1264,male,0,0-4,,Person_1265,,0,Fuenlabrada,Escuela Infantil Rosa Caramelo
HH_488,Person_1265,female,47,45-49,,,,4,Fuenlabrada,
HH_489,Person_1266,female,46,45-49,,,,0,,Madrid
HH_489,Person_1267,male,23,20-24,,,,0,,
HH_490,Person_1268,male,55,55-59,,,,0,,Fuenlabrada
HH_490,Person_1269,female,53,50-54,,,,0,,Madrid
HH_491,Person_1270,male,21,20-24,Person_1271,,,0,,Parque Científico de la Universidad Carlos III de Madrid
HH_491,Person_1271,male,50,50-54,,,Person_1272,1,,
HH_491,Person_1272,male,32,30-34,,,Person_1271,0,,Madrid
HH_492,Person_1273,female,65,65-69,,,,0,Madrid,
HH_493,Person_1274,female,4,0-4,,Person_1276,,0,,Escuela Infantil Rosa Caramelo
HH_493,Person_1275,male,34,30-34,,Person_1276,,0,,Madrid
HH_493,Person_1276,female,52,50-54,,,Person_1277,2,,Madrid
HH_493,Person_1277,female,59,55-59,,,Person_1276,0,,Madrid
HH_494,Person_1278,male,54,50-54,,,,0,,Madrid
HH_494,Person_1279,female,40,40-44,,,,0,,Fuenlabrada
HH_495,Person_1280,female,43,40-44,,Person_1282,,0,,Alcorcon
HH_495,Person_1281,female,27,25-29,,Person_1282,,0,,Fundación IMDEA Networks
HH_495,Person_1282,female,73,70-74,,,Person_1283,2,,
HH_495,Person_1283,female,54,50-54,,,Person_1282,0,,Madrid
HH_496,Person_1284,male,17,15-19,Person_1286,,,0,,Edificio Juan de Mairena
HH_496,Person_1285,male,27,25-29,Person_1286,,,0,,Madrid
HH_496,Person_1286,male,68,65-69,,,Person_1287,2,,
HH_496,Person_1287,male,63,60-64,,,Person_1286,0,,Madrid
HH_497,Person_1288,female,39,35-39,,,,0,Fuenlabrada,
HH_497,Person_1289,female,30,30-34,,,,0,Fuenlabrada,Edificio Juan Benet
HH_498,Person_1290,female,22,20-24,,Person_1292,,0,Madrid,Edificio Sabatini
HH_498,Person_1291,female,31,30-34,,Person_1292,,0,Madrid,
HH_498,Person_1292,female,64,60-64,,,Person_1293,2,Madrid,
HH_498,Person_1293,female,73,70-74,,,Person_1292,0,Madrid,
HH_499,Person_1294,male,47,45-49,,,,0,,Madrid
HH_500,Person_1295,male,39,35-39,,,,0,,Madrid
HH_500,Person_1296,male,92,90-94,,,,0,,
HH_501,Person_1297,female,39,35-39,,Person_1299,,0,Getafe norte,
HH_501,Person_1298,female,42,40-44,,Person_1299,,0,Getafe norte,
HH_501,Person_1299,female,71,70-74,,,Person_1300,2,Getafe norte,
HH_501,Person_1300,female,93,90-94,,,Person_1299,0,Getafe norte,
HH_502,Person_1301,male,26,25-29,,,,0,,
HH_502,Person_1302,female,27,25-29,,,,0,,Edificio Torres Quevedo
HH_503,Person_1303,male,34,30-34,,,,0,,Madrid
HH_503,Person_1304,male,23,20-24,,,,0,,Edificio Juan Benet
HH_504,Person_1305,female,24,20-24,Person_1307,,,0,,Fundación IMDEA Networks
HH_504,Person_1306,male,34,30-34,Person_1307,,,0,,Madrid
HH_504,Person_1307,male,59,55-59,,,Person_1308,2,,Madrid
HH_504,Person_1308,male,51,50-54,,,Person_1307,0,,Madrid
HH_505,Person_1309,female,80,80-84,,,,0,,
HH_505,Person_1310,female,85,85-89,,,,0,,
HH_506,Person_1311,male,21,20-24,Person_1313,,,0,Fuenlabrada,
HH_506,Person_1312,male,32,30-34,Person_1313,,,0,Fuenlabrada,
HH_506,Person_1313,male,65,65-69,,,Person_1314,2,Fuenlabrada,
HH_506,Person_1314,male,56,55-59,,,Person_1313,0,Fuenlabrada,
HH_507,Person_1315,female,40,40-44,,,,0,,Madrid
HH_508,Person_1316,male,25,25-29,Person_1317,,,0,Madrid,
HH_508,Person_1317,male,57,55-59,,,Person_1318,1,Madrid,
HH_508,Person_1318,male,47,45-49,,,Person_1317,0,Madrid,
HH_509,Person_1319,male,17,15-19,Person_1321,,,0,,
HH_509,Person_1320,female,26,25-29,Person_1321,,,0,,Edificio Agustín de Betancourt
HH_509,Person_1321,male,69,65-69,,,,2,,
HH_510,Person_1322,female,15,15-19,,Person_1324,,0,,
HH_510,Person_1323,female,27,25-29,,Person_1324,,0,,Madrid
HH_510,Person_1324,female,61,60-64,,,Person_1325,2,,Madrid
HH_510,Person_1325,female,69,65-69,,,Person_1324,0,,
HH_511,Person_1326,female,39,35-39,,,,0,Alcorcon,
HH_511,Person_1327,female,98,95-99,,,,0,Alcorcon,
HH_512,Person_1328,male,8,5-9,,Person_1329,,0,Mostoles,
HH_512,Person_1329,female,49,45-49,,,Person_1330,1,Mostoles,
HH_512,Person_1330,female,51,50-54,,,Person_1329,0,Mostoles,
HH_513,Person_1331,female,79,75-79,,,,0,,
HH_513,Person_1332,female,89,85-89,,,,0,,
HH_514,Person_1333,female,11,10-14,Person_1335,,,0,,
HH_514,Person_1334,male,0,0-4,Person_1335,,,0,,
HH_514,Person_1335,male,40,40-44,,,,2,,
HH_515,Person_1336,female,43,40-44,,,,0,,Madrid
HH_516,Person_1337,male,36,35-39,,,,0,,Madrid
HH_517,Person_1338,female,22,20-24,,Person_1339,,0,,Madrid
HH_517,Person_1339,female,50,50-54,,,Person_1340,1,,Madrid
HH_517,Person_1340,female,48,45-49,,,Person_1339,0,,Madrid
HH_518,Person_1341,male,24,20-24,,Person_1342,,0,Oficina de Correos,
HH_518,Person_1342,female,50,50-54,,,Person_1343,1,Oficina de Correos,Madrid
HH_518,Person_1343,female,40,40-44,,,Person_1342,0,Oficina de Correos,Madrid
HH_519,Person_1344,male,26,25-29,Person_1345,,,0,,Edificio Agustín de Betancourt
HH_519,Person_1345,male,44,40-44,,,Person_1346,1,,Mostoles
HH_519,Person_1346,male,30,30-34,,,Person_1345,0,,Edificio Juan Benet
HH_520,Person_1347,male,64,60-64,,,,0,,Fuenlabrada
HH_520,Person_1348,male,88,85-89,,,,0,,
HH_521,Person_1349,male,70,70-74,,,,0,,
HH_521,Person_1350,male,59,55-59,,,,0,,Madrid
HH_522,Person_1351,male,77,75-79,,,,0,,
HH_522,Person_1352,male,90,90-94,,,,0,,
HH_522,Person_1353,male,31,30-34,,,,0,,Getafe norte
HH_523,Person_1354,male,39,35-39,,Person_1356,,0,,Madrid
HH_523,Person_1355,male,42,40-44,,Person_1356,,0,,Madrid
HH_523,Person_1356,female,85,85-89,,,Person_1357,2,,
HH_523,Person_1357,female,55,55-59,,,Person_1356,0,,Madrid
HH_524,Person_1358,female,3,0-4,Person_1360,,,0,,
HH_524,Person_1359,male,27,25-29,Person_1360,,,0,,Madrid
HH_524,Person_1360,male,61,60-64,,,Person_1361,2,,Madrid
HH_524,Person_1361,male,56,55-59,,,Person_1360,0,,Madrid
HH_525,Person_1362,female,36,35-39,,Person_1363,,0,Getafe norte,
HH_525,Person_1363,female,77,75-79,,,Person_1364,1,Getafe norte,
HH_525,Person_1364,female,58,55-59,,,Person_1363,0,Getafe norte,
HH_526,Person_1365,male,13,10-14,,Person_1366,,0,,
HH_526,Person_1366,female,31,30-34,,,Person_1367,1,,Madrid
HH_526,Person_1367,female,25,25-29,,,Person_1366,0,,
HH_527,Person_1368,male,14,10-14,Person_1370,,,0,,
HH_527,Person_1369,male,26,25-29,Person_1370,,,0,,Madrid
HH_527,Person_1370,male,44,40-44,,,Person_1371,2,,Madrid
HH_527,Person_1371,male,36,35-39,,,Person_1370,0,,Madrid
HH_528,Person_1372,female,0,0-4,,Person_1373,,0,Madrid,
HH_528,Person_1373,female,38,35-39,,,,1,Madrid,Lidl
HH_529,Person_1374,male,17,15-19,,Person_1375,,0,,
HH_529,Person_1375,female,46,45-49,,,Person_1376,1,,Madrid
HH_529,Person_1376,female,52,50-54,,,Person_1375,0,,
HH_530,Person_1377,female,5,5-9,Person_1379,,,0,,Escuela Infantil Rosa Caramelo
HH_530,Person_1378,female,4,0-4,Person_1379,,,0,,Escuela Infantil Rosa Caramelo
HH_530,Person_1379,male,39,35-39,,,,2,,Madrid
HH_531,Person_1380,male,9,5-9,,Person_1382,,0,,
HH_531,Person_1381,male,35,35-39,,Person_1382,,0,,Madrid
HH_531,Person_1382,female,61,60-64,,,Person_1383,2,,Getafe norte
HH_531,Person_1383,female,89,85-89,,,Person_1382,0,,
HH_532,Person_1384,female,95,95-99,,,,0,,
HH_533,Person_1385,female,29,25-29,Person_1387,,,0,,Madrid
HH_533,Person_1386,male,28,25-29,Person_1387,,,0,,
HH_533,Person_1387,male,62,60-64,,,Person_1388,2,,Madrid
HH_533,Person_1388,male,54,50-54,,,Person_1387,0,,Madrid
HH_534,Person_1389,female,87,85-89,,,,0,,
HH_534,Person_1390,male,82,80-84,,,,0,,
HH_535,Person_1391,female,32,30-34,,Person_1392,,0,,Madrid
HH_535,Person_1392,female,67,65-69,,,Person_1393,1,,
HH_535,Person_1393,female,39,35-39,,,Person_1392,0,,Madrid
HH_536,Person_1394,male,9,5-9,Person_1396,,,0,,
HH_536,Person_1395,female,5,5-9,Person_1396,,,0,,
HH_536,Person_1396,male,40,40-44,,,,2,,
HH_537,Person_1397,female,21,20-24,,,,0,,Fuenlabrada
HH_538,Person_1398,female,93,90-94,,,,0,,
HH_538,Person_1399,male,22,20-24,,,,0,,Madrid
HH_539,Person_1400,male,31,30-34,,,,0,,Madrid
HH_539,Person_1401,female,61,60-64,,,,0,,Madrid
HH_540,Person_1402,female,89,85-89,,,,0,,
HH_540,Person_1403,female,99,95-99,,,,0,,
HH_540,Person_1404,male,76,75-79,,,,0,,
HH_540,Person_1405,male,73,70-74,,,,0,,
HH_541,Person_1406,female,98,95-99,,,,0,,
HH_541,Person_1407,male,90,90-94,,,,0,,
HH_542,Person_1408,female,6,5-9,Person_1410,,,0,,
HH_542,Person_1409,female,35,35-39,Person_1410,,,0,,
HH_542,Person_1410,male,68,65-69,,,Person_1411,2,,
HH_542,Person_1411,male,79,75-79,,,Person_1410,0,,
HH_543,Person_1412,female,12,10-14,,Person_1414,,0,,
HH_543,Person_1413,male,34,30-34,,Person_1414,,0,,Madrid
HH_543,Person_1414,female,66,65-69,,,Person_1415,2,,
HH_543,Person_1415,female,73,70-74,,,Person_1414,0,,
HH_544,Person_1416,female,19,15-19,Person_1417,,,0,,
HH_544,Person_1417,male,37,35-39,,,Person_1418,1,,Madrid
HH_544,Person_1418,male,38,35-39,,,Person_1417,0,,Madrid
HH_545,Person_1419,female,14,10-14,,Person_1422,,0,Madrid,
HH_545,Person_1420,female,1,0-4,,Person_1422,,0,Madrid,Escuela Infantil Rosa Caramelo
HH_545,Person_1421,male,10,10-14,,Person_1422,,0,Madrid,
HH_545,Person_1422,female,47,45-49,,,Person_1423,3,Madrid,
HH_545,Person_1423,female,48,45-49,,,Person_1422,0,Madrid,
HH_546,Person_1424,female,30,30-34,,Person_1425,,0,Madrid,
HH_546,Person_1425,female,60,60-64,,,Person_1426,1,Madrid,
HH_546,Person_1426,female,70,70-74,,,Person_1425,0,Madrid,
HH_547,Person_1427,male,30,30-34,,Person_1428,,0,Getafe norte,Parque Científico de la Universidad Carlos III de Madrid
HH_547,Person_1428,female,63,60-64,,,Person_1429,1,Getafe norte,
HH_547,Person_1429,female,73,70-74,,,Person_1428,0,Getafe norte,
HH_548,Person_1430,male,26,25-29,,Person_1431,,0,,Edificio Sabatini
HH_548,Person_1431,female,42,40-44,,,Person_1432,1,,Madrid
HH_548,Person_1432,female,38,35-39,,,Person_1431,0,,Madrid
HH_549,Person_1433,male,2,0-4,,Person_1434,,0,,
HH_549,Person_1434,female,19,15-19,,,,1,,
HH_550,Person_1435,female,4,0-4,Person_1436,,,0,,Escuela Infantil Rosa Caramelo
HH_550,Person_1436,male,36,35-39,,,Person_1437,1,,Madrid
HH_550,Person_1437,male,39,35-39,,,Person_1436,0,,Madrid
HH_551,Person_1438,male,38,35-39,,,,0,,
HH_552,Person_1439,male,78,75-79,,,,0,,
HH_552,Person_1440,female,58,55-59,,,,0,,Madrid
HH_553,Person_1441,male,16,15-19,Person_1442,,,0,,
HH_553,Person_1442,male,59,55-59,,,Person_1443,1,,Madrid
HH_553,Person_1443,male,50,50-54,,,Person_1442,0,,Madrid
HH_554,Person_1444,female,5,5-9,Person_1445,,,0,,
HH_554,Person_1445,male,31,30-34,,,Person_1446,1,,Madrid
HH_554,Person_1446,male,33,30-34,,,Person_1445,0,,Alcorcon
HH_555,Person_1447,male,4,0-4,,Person_1448,,0,,
HH_555,Person_1448,female,23,20-24,,,,1,,Biblioteca Rey Pastor
HH_556,Person_1449,female,97,95-99,,,,0,,
HH_557,Person_1450,female,85,85-89,,,,0,,
HH_558,Person_1451,male,47,45-49,Person_1452,,,0,,Madrid
HH_558,Person_1452,male,66,65-69,,,,1,,
HH_559,Person_1453,female,69,65-69,,,,0,Fuenlabrada,
HH_560,Person_1454,male,45,45-49,,,,0,Getafe norte,
HH_561,Person_1455,male,18,15-19,,Person_1456,,0,,Madrid
HH_561,Person_1456,female,51,50-54,,,Person_1457,1,,Madrid
HH_561,Person_1457,female,49,45-49,,,Person_1456,0,,Madrid
HH_562,Person_1458,female,95,95-99,,,,0,,
HH_563,Person_1459,female,27,25-29,,,,0,Centro Ocupacional Fundación F.A.D.,Edificio Sabatini
HH_563,Person_1460,female,80,80-84,,,,0,Centro Ocupacional Fundación F.A.D.,
HH_564,Person_1461,female,97,95-99,,,,0,,
HH_565,Person_1462,male,22,20-24,,Person_1464,,0,,Madrid
HH_565,Person_1463,female,29,25-29,,Person_1464,,0,,Getafe norte
HH_565,Person_1464,female,58,55-59,,,Person_1465,2,,Madrid
HH_565,Person_1465,female,75,75-79,,,Person_1464,0,,
HH_566,Person_1466,female,20,20-24,,Person_1468,,0,Extremadura,
HH_566,Person_1467,male,33,30-34,,Person_1468,,0,Extremadura,
HH_566,Person_1468,female,69,65-69,,,Person_1469,2,Extremadura,
HH_566,Person_1469,female,69,65-69,,,Person_1468,0,Extremadura,
HH_567,Person_1470,female,58,55-59,,,,0,,Madrid
HH_567,Person_1471,female,20,20-24,,,,0,,Biblioteca Rey Pastor
HH_568,Person_1472,male,22,20-24,,,,0,Madrid,Biblioteca Rey Pastor
HH_569,Person_1473,female,20,20-24,,,,0,,Parque Científico de la Universidad Carlos III de Madrid
HH_569,Person_1474,male,31,30-34,,,,0,,Madrid
HH_570,Person_1475,male,27,25-29,Person_1477,,,0,Mostoles,Edificio Agustín de Betancourt
HH_570,Person_1476,female,26,25-29,Person_1477,,,0,Mostoles,Edificio Sabatini
HH_570,Person_1477,male,55,55-59,,,Person_1478,2,Mostoles,
HH_570,Person_1478,male,65,65-69,,,Person_1477,0,Mostoles,
HH_571,Person_1479,female,69,65-69,,,,0,,
HH_571,Person_1480,female,25,25-29,,,,0,,Madrid
HH_572,Person_1481,female,7,5-9,Person_1482,,,0,,
HH_572,Person_1482,male,34,30-34,,,Person_1483,1,,Madrid
HH_572,Person_1483,male,38,35-39,,,Person_1482,0,,Madrid
HH_573,Person_1484,female,12,10-14,,Person_1485,,0,Getafe norte,
HH_573,Person_1485,female,43,40-44,,,Person_1486,1,Getafe norte,
HH_573,Person_1486,female,40,40-44,,,Person_1485,0,Getafe norte,
HH_574,Person_1487,female,39,35-39,,,,0,,Madrid
HH_574,Person_1488,male,79,75-79,,,,0,,
HH_575,Person_1489,male,32,30-34,,,,0,Aurgi,Getafe norte
HH_576,Person_1490,male,58,55-59,,,,0,,Madrid
HH_577,Person_1491,male,59,55-59,Person_1492,,,0,,Madrid
HH_577,Person_1492,male,100,100-120,,,,1,,
HH_578,Person_1493,female,86,85-89,,,,0,Madrid,
HH_578,Person_1494,female,51,50-54,,,,0,Madrid,KFC
HH_579,Person_1495,female,22,20-24,Person_1497,,,0,Mostoles,
HH_579,Person_1496,male,30,30-34,Person_1497,,,0,Mostoles,
HH_579,Person_1497,male,68,65-69,,,Person_1498,2,Mostoles,
HH_579,Person_1498,male,62,60-64,,,Person_1497,0,Mostoles,
HH_580,Person_1499,male,10,10-14,Person_1500,,,0,,
HH_580,Person_1500,male,46,45-49,,,,1,,Madrid
HH_581,Person_1501,female,40,40-44,,,,0,,Madrid
HH_582,Person_1502,female,19,15-19,Person_1504,,,0,Getafe norte,
HH_582,Person_1503,male,33,30-34,Person_1504,,,0,Getafe norte,
HH_582,Person_1504,male,62,60-64,,,Person_1505,2,Getafe norte,Sanofi
HH_582,Person_1505,male,72,70-74,,,Person_1504,0,Getafe norte,
HH_583,Person_1506,female,55,55-59,,,,0,Fuenlabrada,
HH_583,Person_1507,male,21,20-24,,,,0,Fuenlabrada,
HH_584,Person_1508,female,65,65-69,,,,0,,
HH_585,Person_1509,male,1,0-4,,Person_1511,,0,Alcorcon,
HH_585,Person_1510,male,33,30-34,,Person_1511,,0,Alcorcon,CarGlass
HH_585,Person_1511,female,67,65-69,,,Person_1512,2,Alcorcon,
HH_585,Person_1512,female,85,85-89,,,Person_1511,0,Alcorcon,
HH_586,Person_1513,female,87,85-89,,,,0,,
HH_586,Person_1514,male,74,70-74,,,,0,,
HH_587,Person_1515,female,16,15-19,,Person_1517,,0,,
HH_587,Person_1516,female,30,30-34,,Person_1517,,0,,Getafe norte
HH_587,Person_1517,female,56,55-59,,,Person_1518,2,,Madrid
HH_587,Person_1518,female,85,85-89,,,Person_1517,0,,
HH_588,Person_1519,male,44,40-44,Person_1520,,,0,,Madrid
HH_588,Person_1520,male,74,70-74,,,Person_1521,1,,
HH_588,Person_1521,male,51,50-54,,,Person_1520,0,,Madrid
HH_589,Person_1522,female,2,0-4,Person_1524,,,0,Madrid,
HH_589,Person_1523,female,12,10-14,Person_1524,,,0,Madrid,
HH_589,Person_1524,male,55,55-59,,,,2,Madrid,Mudanzas Rumbo
HH_590,Person_1525,male,60,60-64,,,,0,Madrid,
HH_590,Person_1526,female,99,95-99,,,,0,Madrid,
HH_590,Person_1527,female,93,90-94,,,,0,Madrid,
HH_590,Person_1528,female,66,65-69,,,,0,Madrid,
HH_591,Person_1529,male,38,35-39,,,,0,Madrid,
HH_592,Person_1530,female,42,40-44,,Person_1531,,0,,Getafe norte
HH_592,Person_1531,female,75,75-79,,,,1,,
HH_593,Person_1532,female,69,65-69,,,,0,,
HH_593,Person_1533,male,46,45-49,,,,0,,Madrid
HH_593,Person_1534,female,59,55-59,,,,0,,Madrid
HH_593,Person_1535,female,75,75-79,,,,0,,
HH_594,Person_1536,female,10,10-14,Person_1539,,,0,,Escuela Infantil El Romancero
HH_594,Person_1537,male,0,0-4,Person_1539,,,0,,
HH_594,Person_1538,male,0,0-4,Person_1539,,,0,,
HH_594,Person_1539,male,50,50-54,,,Person_1540,3,,Madrid
HH_594,Person_1540,male,41,40-44,,,Person_1539,0,,Madrid
HH_595,Person_1541,male,72,70-74,,,,0,,
HH_596,Person_1542,male,8,5-9,,Person_1544,,0,,
HH_596,Person_1543,male,26,25-29,,Person_1544,,0,,
HH_596,Person_1544,female,55,55-59,,,Person_1545,2,,Getafe norte
HH_596,Person_1545,female,55,55-59,,,Person_1544,0,,Madrid
HH_597,Person_1546,male,0,0-4,,Person_1549,,0,Madrid,
HH_597,Person_1547,female,10,10-14,,Person_1549,,0,Madrid,
HH_597,Person_1548,female,1,0-4,,Person_1549,,0,Madrid,
HH_597,Person_1549,female,44,40-44,,,Person_1550,3,Madrid,
HH_597,Person_1550,female,41,40-44,,,Person_1549,0,Madrid,Decathlon
HH_598,Person_1551,female,45,45-49,,,,0,Madrid,
HH_598,Person_1552,male,39,35-39,,,,0,Madrid,
HH_599,Person_1553,female,5,5-9,,Person_1555,,0,,
HH_599,Person_1554,male,26,25-29,,Person_1555,,0,,Madrid
HH_599,Person_1555,female,55,55-59,,,Person_1556,2,,
HH_599,Person_1556,female,83,80-84,,,Person_1555,0,,
HH_600,Person_1557,male,33,30-34,,,,0,,Getafe norte
HH_601,Person_1558,male,54,50-54,,,,0,,Madrid
HH_602,Person_1559,male,17,15-19,Person_1560,,,0,,
HH_602,Person_1560,male,57,55-59,,,Person_1561,1,,Madrid
HH_602,Person_1561,male,53,50-54,,,Person_1560,0,,Madrid
HH_603,Person_1562,male,64,60-64,,,,0,,Madrid
HH_604,Person_1563,male,97,95-99,,,,0,Madrid,
HH_604,Person_1564,male,19,15-19,,,,0,Madrid,Fundación IMDEA Networks
HH_604,Person_1565,male,98,95-99,,,,0,Madrid,
HH_605,Person_1566,male,57,55-59,,,,0,,
HH_605,Person_1567,male,67,65-69,,,,0,,
HH_606,Person_1568,female,20,20-24,,Person_1570,,0,Getafe norte,
HH_606,Person_1569,male,1,0-4,,Person_1570,,0,Getafe norte,
HH_606,Person_1570,female,50,50-54,,,,2,Getafe norte,
HH_607,Person_1571,female,45,45-49,,,,0,,Alcorcon
HH_607,Person_1572,male,42,40-44,,,,0,,Madrid
HH_608,Person_1573,female,86,85-89,,,,0,Fuenlabrada,
HH_608,Person_1574,female,89,85-89,,,,0,Fuenlabrada,
HH_609,Person_1575,female,11,10-14,Person_1578,,,0,,
HH_609,Person_1576,male,10,10-14,Person_1578,,,0,,
HH_609,Person_1577,male,6,5-9,Person_1578,,,0,,
HH_609,Person_1578,male,28,25-29,,,,3,,Edificio Agustín de Betancourt
HH_610,Person_1579,male,61,60-64,,,,0,,Madrid
HH_611,Person_1580,male,2,0-4,Person_1584,,,0,Madrid,
HH_611,Person_1581,male,6,5-9,Person_1584,,,0,Madrid,
HH_611,Person_1582,female,5,5-9,Person_1584,,,0,Madrid,Escuela Infantil Rosa Caramelo
HH_611,Person_1583,male,6,5-9,Person_1584,,,0,Madrid,
HH_611,Person_1584,male,22,20-24,,,,4,Madrid,Sánchez Elez Sanabria
HH_612,Person_1585,female,42,40-44,,,,0,,
HH_612,Person_1586,female,30,30-34,,,,0,,
HH_613,Person_1587,male,3,0-4,,Person_1588,,0,Fuenlabrada,
HH_613,Person_1588,female,18,15-19,,,,1,Fuenlabrada,Parque Científico de la Universidad Carlos III de Madrid
HH_614,Person_1589,male,7,5-9,,Person_1592,,0,,
HH_614,Person_1590,female,10,10-14,,Person_1592,,0,,
HH_614,Person_1591,male,11,10-14,,Person_1592,,0,,
HH_614,Person_1592,female,30,30-34,,,Person_1593,3,,Madrid
HH_614,Person_1593,female,37,35-39,,,Person_1592,0,,Madrid
HH_615,Person_1594,female,29,25-29,Person_1595,,,0,,Madrid
HH_615,Person_1595,male,55,55-59,,,,1,,Extremadura
HH_616,Person_1596,female,76,75-79,,,,0,,
HH_617,Person_1597,female,13,10-14,Person_1599,,,0,,
HH_617,Person_1598,female,12,10-14,Person_1599,,,0,,
HH_617,Person_1599,male,43,40-44,,,,2,,Madrid
HH_618,Person_1600,female,35,35-39,,,,0,,Madrid
HH_618,Person_1601,female,92,90-94,,,,0,,
HH_618,Person_1602,male,38,35-39,,,,0,,Madrid
HH_618,Person_1603,female,36,35-39,,,,0,,Madrid
HH_618,Person_1604,male,19,15-19,,,,0,,Madrid
HH_619,Person_1605,male,95,95-99,,,,0,Getafe norte,
HH_619,Person_1606,female,78,75-79,,,,0,Getafe norte,
HH_620,Person_1607,male,23,20-24,Person_1608,,,0,,Edificio Torres Quevedo
HH_620,Person_1608,male,63,60-64,,,Person_1609,1,,Madrid
HH_620,Person_1609,male,83,80-84,,,Person_1608,0,,
HH_621,Person_1610,male,3,0-4,Person_1612,,,0,,
HH_621,Person_1611,male,25,25-29,Person_1612,,,0,,Edificio Sabatini
HH_621,Person_1612,male,44,40-44,,,Person_1613,2,,Madrid
HH_621,Person_1613,male,42,40-44,,,Person_1612,0,,Madrid
HH_622,Person_1614,male,35,35-39,,,,0,,Fuenlabrada
HH_623,Person_1615,male,11,10-14,Person_1619,,,0,,
HH_623,Person_1616,male,15,15-19,Person_1619,,,0,,
HH_623,Person_1617,female,16,15-19,Person_1619,,,0,,
HH_623,Person_1618,female,10,10-14,Person_1619,,,0,,
HH_623,Person_1619,male,41,40-44,,,,4,,Madrid
HH_624,Person_1620,male,93,90-94,,,,0,,
HH_624,Person_1621,male,61,60-64,,,,0,,Alcorcon
HH_625,Person_1622,male,97,95-99,,,,0,Mostoles,
HH_625,Person_1623,female,62,60-64,,,,0,Mostoles,
HH_626,Person_1624,female,67,65-69,,,,0,Fuenlabrada,
HH_626,Person_1625,male,50,50-54,,,,0,Fuenlabrada,
HH_626,Person_1626,female,81,80-84,,,,0,Fuenlabrada,
HH_627,Person_1627,female,25,25-29,Person_1628,,,0,Madrid,
HH_627,Person_1628,male,50,50-54,,,Person_1629,1,Madrid,Frutas Domingo
HH_627,Person_1629,male,49,45-49,,,Person_1628,0,Madrid,
HH_628,Person_1630,female,54,50-54,,,,0,,Madrid
HH_628,Person_1631,female,88,85-89,,,,0,,
HH_629,Person_1632,male,12,10-14,Person_1635,,,0,,
HH_629,Person_1633,female,0,0-4,Person_1635,,,0,,
HH_629,Person_1634,female,4,0-4,Person_1635,,,0,,
HH_629,Person_1635,male,28,25-29,,,Person_1636,3,,Madrid
HH_629,Person_1636,male,26,25-29,,,Person_1635,0,,
HH_630,Person_1637,female,10,10-14,Person_1641,,,0,,
HH_630,Person_1638,male,3,0-4,Person_1641,,,0,,
HH_630,Person_1639,female,7,5-9,Person_1641,,,0,,
HH_630,Person_1640,male,18,15-19,Person_1641,,,0,,Edificio Agustín de Betancourt
HH_630,Person_1641,male,50,50-54,,,,4,,Getafe norte
HH_631,Person_1642,male,74,70-74,,,,0,,
HH_631,Person_1643,male,48,45-49,,,,0,,Getafe norte
HH_632,Person_1644,male,5,5-9,,Person_1646,,0,,
HH_632,Person_1645,female,29,25-29,,Person_1646,,0,,
HH_632,Person_1646,female,59,55-59,,,Person_1647,2,,Alcorcon
HH_632,Person_1647,female,56,55-59,,,Person_1646,0,,Madrid
HH_633,Person_1648,female,42,40-44,,,,0,Madrid,
HH_633,Person_1649,male,68,65-69,,,,0,Madrid,
HH_634,Person_1650,female,10,10-14,,Person_1651,,0,,
HH_634,Person_1651,female,44,40-44,,,Person_1652,1,,Madrid
HH_634,Person_1652,female,86,85-89,,,Person_1651,0,,
HH_635,Person_1653,female,67,65-69,,,,0,Madrid,
HH_636,Person_1654,female,54,50-54,,,,0,Madrid,
HH_636,Person_1655,female,52,50-54,,,,0,Madrid,
HH_637,Person_1656,female,37,35-39,,,,0,,Madrid
HH_638,Person_1657,female,5,5-9,,Person_1659,,0,,
HH_638,Person_1658,male,34,30-34,,Person_1659,,0,,Madrid
HH_638,Person_1659,female,77,75-79,,,Person_1660,2,,
HH_638,Person_1660,female,57,55-59,,,Person_1659,0,,Madrid
HH_639,Person_1661,female,49,45-49,,,,0,,Madrid
HH_639,Person_1662,female,77,75-79,,,,0,,
HH_640,Person_1663,female,6,5-9,Person_1665,,,0,,
HH_640,Person_1664,female,29,25-29,Person_1665,,,0,,
HH_640,Person_1665,male,44,40-44,,,Person_1666,2,,Getafe norte
HH_640,Person_1666,male,39,35-39,,,Person_1665,0,,Alcorcon
HH_641,Person_1667,female,13,10-14,Person_1669,,,0,,
HH_641,Person_1668,female,27,25-29,Person_1669,,,0,,Parque Científico de la Universidad Carlos III de Madrid
HH_641,Person_1669,male,58,55-59,,,Person_1670,2,,
HH_641,Person_1670,male,57,55-59,,,Person_1669,0,,Madrid
HH_642,Person_1671,female,65,65-69,,,,0,,
HH_643,Person_1672,female,8,5-9,Person_1674,,,0,,Escuela Municipal de Música Manuel Rodríguez Sales
HH_643,Person_1673,male,9,5-9,Person_1674,,,0,,
HH_643,Person_1674,male,40,40-44,,,,2,,Getafe norte
HH_644,Person_1675,female,74,70-74,,,,0,,
HH_644,Person_1676,male,26,25-29,,,,0,,Madrid
HH_645,Person_1677,female,15,15-19,,Person_1679,,0,,
HH_645,Person_1678,male,26,25-29,,Person_1679,,0,,
HH_645,Person_1679,female,59,55-59,,,Person_1680,2,,Getafe norte
HH_645,Person_1680,female,84,80-84,,,Person_1679,0,,
HH_646,Person_1681,male,98,95-99,,,,0,,
HH_646,Person_1682,male,55,55-59,,,,0,,Madrid
HH_647,Person_1683,female,16,15-19,,Person_1684,,0,,
HH_647,Person_1684,female,44,40-44,,,Person_1685,1,,Madrid
HH_647,Person_1685,female,45,45-49,,,Person_1684,0,,Madrid
HH_648,Person_1686,male,50,50-54,,,,0,,Extremadura
HH_648,Person_1687,female,67,65-69,,,,0,,
HH_649,Person_1688,male,17,15-19,,Person_1690,,0,,Escuela Municipal de Música Manuel Rodríguez Sales
HH_649,Person_1689,female,27,25-29,,Person_1690,,0,,Madrid
HH_649,Person_1690,female,61,60-64,,,Person_1691,2,,
HH_649,Person_1691,female,86,85-89,,,Person_1690,0,,
HH_650,Person_1692,female,85,85-89,,,,0,,
HH_650,Person_1693,male,68,65-69,,,,0,,
HH_651,Person_1694,female,40,40-44,Person_1695,,,0,Getafe norte,
HH_651,Person_1695,male,72,70-74,,,Person_1696,1,Getafe norte,
HH_651,Person_1696,male,57,55-59,,,Person_1695,0,Getafe norte,
HH_652,Person_1697,male,18,15-19,Person_1701,,,0,Feu Vert,Madrid
HH_652,Person_1698,female,23,20-24,Person_1701,,,0,Feu Vert,Parque Científico de la Universidad Carlos III de Madrid
HH_652,Person_1699,female,13,10-14,Person_1701,,,0,Feu Vert,
HH_652,Person_1700,female,17,15-19,Person_1701,,,0,Feu Vert,
HH_652,Person_1701,male,57,55-59,,,,4,Feu Vert,Madrid
HH_653,Person_1702,male,23,20-24,Person_1704,,,0,,Parque Científico de la Universidad Carlos III de Madrid
HH_653,Person_1703,female,29,25-29,Person_1704,,,0,,
HH_653,Person_1704,male,60,60-64,,,Person_1705,2,,Madrid
HH_653,Person_1705,male,57,55-59,,,Person_1704,0,,Madrid
HH_654,Person_1706,female,30,30-34,,,,0,Madrid,
HH_654,Person_1707,male,82,80-84,,,,0,Madrid,
HH_655,Person_1708,male,22,20-24,,Person_1711,,0,,Madrid
HH_655,Person_1709,female,7,5-9,,Person_1711,,0,,
HH_655,Person_1710,female,16,15-19,,Person_1711,,0,,
HH_655,Person_1711,female,52,50-54,,,,3,,Madrid
HH_656,Person_1712,male,21,20-24,,Person_1713,,0,,Edificio Torres Quevedo
HH_656,Person_1713,female,64,60-64,,,Person_1714,1,,Madrid
HH_656,Person_1714,female,92,90-94,,,Person_1713,0,,
HH_657,Person_1715,male,49,45-49,,,,0,,Madrid
HH_657,Person_1716,male,51,50-54,,,,0,,Madrid
HH_657,Person_1717,female,94,90-94,,,,0,,
HH_658,Person_1718,female,30,30-34,,,,0,,
HH_658,Person_1719,female,99,95-99,,,,0,,
HH_659,Person_1720,female,23,20-24,Person_1722,,,0,,Edificio Juan Benet
HH_659,Person_1721,female,31,30-34,Person_1722,,,0,,Madrid
HH_659,Person_1722,male,58,55-59,,,Person_1723,2,,Getafe norte
HH_659,Person_1723,male,41,40-44,,,Person_1722,0,,Madrid
HH_660,Person_1724,female,18,15-19,,Person_1726,,0,,Edificio Sabatini
HH_660,Person_1725,female,29,25-29,,Person_1726,,0,,Madrid
HH_660,Person_1726,female,62,60-64,,,Person_1727,2,,Madrid
HH_660,Person_1727,female,55,55-59,,,Person_1726,0,,
HH_661,Person_1728,male,36,35-39,,,,0,,Alcorcon
HH_661,Person_1729,male,98,95-99,,,,0,,
HH_661,Person_1730,male,22,20-24,,,,0,,Edificio Torres Quevedo
HH_662,Person_1731,male,32,30-34,,Person_1732,,0,,Madrid
HH_662,Person_1732,female,66,65-69,,,Person_1733,1,,
HH_662,Person_1733,female,61,60-64,,,Person_1732,0,,
HH_663,Person_1734,female,29,25-29,Person_1736,,,0,,
HH_663,Person_1735,male,39,35-39,Person_1736,,,0,,Madrid
HH_663,Person_1736,male,54,50-54,,,,2,,Madrid
HH_664,Person_1737,male,97,95-99,,,,0,,
HH_665,Person_1738,female,96,95-99,,,,0,,
HH_666,Person_1739,female,90,90-94,,,,0,,
HH_666,Person_1740,female,38,35-39,,,,0,,Alcorcon
HH_666,Person_1741,female,93,90-94,,,,0,,
HH_667,Person_1742,female,7,5-9,Person_1743,,,0,,
HH_667,Person_1743,male,35,35-39,,,Person_1744,1,,Madrid
HH_667,Person_1744,male,31,30-34,,,Person_1743,0,,Madrid
HH_668,Person_1745,female,78,75-79,,,,0,,
HH_669,Person_1746,male,79,75-79,,,,0,Madrid,
HH_669,Person_1747,male,91,90-94,,,,0,Madrid,
HH_670,Person_1748,male,11,10-14,Person_1750,,,0,,
HH_670,Person_1749,male,34,30-34,Person_1750,,,0,,
HH_670,Person_1750,male,64,60-64,,,Person_1751,2,,Madrid
HH_670,Person_1751,male,51,50-54,,,Person_1750,0,,Fuenlabrada
HH_671,Person_1752,female,53,50-54,,,,0,,Extremadura
HH_672,Person_1753,male,80,80-84,,,,0,,
HH_672,Person_1754,female,73,70-74,,,,0,,
HH_673,Person_1755,male,1,0-4,Person_1758,,,0,Madrid,
HH_673,Person_1756,female,6,5-9,Person_1758,,,0,Madrid,
HH_673,Person_1757,male,8,5-9,Person_1758,,,0,Madrid,
HH_673,Person_1758,male,40,40-44,,,Person_1759,3,Madrid,
HH_673,Person_1759,male,31,30-34,,,Person_1758,0,Madrid,
HH_674,Person_1760,female,98,95-99,,,,0,,
HH_675,Person_1761,male,34,30-34,,,,0,Kia Selikar,Madrid
HH_675,Person_1762,female,25,25-29,,,,0,Kia Selikar,
HH_676,Person_1763,female,71,70-74,,,,0,,
HH_677,Person_1764,female,50,50-54,,,,0,,Madrid
HH_678,Person_1765,female,55,55-59,,,,0,,Madrid
HH_679,Person_1766,female,14,10-14,,Person_1768,,0,,
HH_679,Person_1767,male,8,5-9,,Person_1768,,0,,
HH_679,Person_1768,female,39,35-39,,,,2,,Madrid
HH_680,Person_1769,male,18,15-19,Person_1770,,,0,Extremadura,
HH_680,Person_1770,male,56,55-59,,,Person_1771,1,Extremadura,
HH_680,Person_1771,male,35,35-39,,,Person_1770,0,Extremadura,
HH_681,Person_1772,male,72,70-74,,,,0,Mostoles,
HH_682,Person_1773,male,39,35-39,,,,0,Madrid,
HH_683,Person_1774,male,41,40-44,,,,0,,Madrid
HH_683,Person_1775,female,99,95-99,,,,0,,
HH_684,Person_1776,female,48,45-49,,,,0,,
HH_685,Person_1777,female,28,25-29,,,,0,,
HH_685,Person_1778,male,81,80-84,,,,0,,
HH_686,Person_1779,male,49,45-49,,,,0,,Madrid
HH_687,Person_1780,male,54,50-54,,,,0,,Madrid
HH_688,Person_1781,male,66,65-69,,,,0,,
HH_689,Person_1782,female,26,25-29,,,,0,Mostoles,
HH_689,Person_1783,female,92,90-94,,,,0,Mostoles,
HH_690,Person_1784,female,21,20-24,Person_1788,,,0,,Fuenlabrada
HH_690,Person_1785,female,18,15-19,Person_1788,,,0,,Parque Científico de la Universidad Carlos III de Madrid
HH_690,Person_1786,female,0,0-4,Person_1788,,,0,,
HH_690,Person_1787,male,9,5-9,Person_1788,,,0,,
HH_690,Person_1788,male,59,55-59,,,,4,,Madrid
HH_691,Person_1789,female,69,65-69,,,,0,,
HH_692,Person_1790,male,55,55-59,,,,0,Getafe norte,
HH_693,Person_1791,male,25,25-29,,Person_1792,,0,Madrid,
HH_693,Person_1792,female,53,50-54,,,Person_1793,1,Madrid,Zardoya Otis
HH_693,Person_1793,female,58,55-59,,,Person_1792,0,Madrid,
HH_694,Person_1794,female,75,75-79,Person_1795,,,0,,
HH_694,Person_1795,male,90,90-94,,,,1,,
HH_695,Person_1796,female,36,35-39,,Person_1798,,0,,
HH_695,Person_1797,male,26,25-29,,Person_1798,,0,,Edificio Sabatini
HH_695,Person_1798,female,68,65-69,,,Person_1799,2,,
HH_695,Person_1799,female,69,65-69,,,Person_1798,0,,
HH_696,Person_1800,male,52,50-54,,,,0,Madrid,
HH_697,Person_1801,male,27,25-29,Person_1803,,,0,,Madrid
HH_697,Person_1802,female,34,30-34,Person_1803,,,0,,Alcorcon
HH_697,Person_1803,male,76,75-79,,,,2,,
HH_698,Person_1804,male,32,30-34,,,,0,,
HH_698,Person_1805,male,27,25-29,,,,0,,Fundación IMDEA Networks
HH_699,Person_1806,female,31,30-34,,Person_1808,,0,Madrid,
HH_699,Person_1807,female,37,35-39,,Person_1808,,0,Madrid,
HH_699,Person_1808,female,81,80-84,,,,2,Madrid,
HH_700,Person_1809,male,8,5-9,,Person_1811,,0,Mostoles,
HH_700,Person_1810,female,18,15-19,,Person_1811,,0,Mostoles,Edificio Sabatini
HH_700,Person_1811,female,44,40-44,,,,2,Mostoles,
HH_701,Person_1812,male,13,10-14,Person_1815,,,0,,
HH_701,Person_1813,male,4,0-4,Person_1815,,,0,,
HH_701,Person_1814,male,16,15-19,Person_1815,,,0,,
HH_701,Person_1815,male,46,45-49,,,Person_1816,3,,Madrid
HH_701,Person_1816,male,47,45-49,,,Person_1815,0,,Madrid
HH_702,Person_1817,male,44,40-44,,,,0,Madrid,
HH_703,Person_1818,male,42,40-44,,,,0,,Madrid
HH_704,Person_1819,female,32,30-34,Person_1820,,,0,,Getafe norte
HH_704,Person_1820,male,63,60-64,,,Person_1821,1,,Madrid
HH_704,Person_1821,male,55,55-59,,,Person_1820,0,,Madrid
HH_705,Person_1822,male,3,0-4,,Person_1823,,0,,
HH_705,Person_1823,female,19,15-19,,,,1,,
HH_706,Person_1824,female,4,0-4,Person_1825,,,0,Madrid,
HH_706,Person_1825,male,33,30-34,,,Person_1826,1,Madrid,
HH_706,Person_1826,male,33,30-34,,,Person_1825,0,Madrid,Centro de Atención a Personas con Discapacidad Física de Leganés
HH_707,Person_1827,female,51,50-54,,,,0,Alcorcon,
HH_708,Person_1828,female,58,55-59,,,,0,,Getafe norte
HH_709,Person_1829,female,62,60-64,,,,0,Mostoles,
HH_709,Person_1830,female,41,40-44,,,,0,Mostoles,
HH_710,Person_1831,male,92,90-94,,,,0,,
HH_710,Person_1832,female,73,70-74,,,,0,,
HH_711,Person_1833,male,81,80-84,,,,0,,
HH_711,Person_1834,female,39,35-39,,,,0,,Madrid
HH_712,Person_1835,male,11,10-14,Person_1837,,,0,,
HH_712,Person_1836,male,35,35-39,Person_1837,,,0,,
HH_712,Person_1837,male,64,60-64,,,Person_1838,2,,Madrid
HH_712,Person_1838,male,62,60-64,,,Person_1837,0,,Madrid
HH_713,Person_1839,female,30,30-34,,,,0,,Parque Científico de la Universidad Carlos III de Madrid
HH_713,Person_1840,male,25,25-29,,,,0,,
HH_713,Person_1841,male,28,25-29,,,,0,,Fundación IMDEA Networks
HH_714,Person_1842,female,85,85-89,,,,0,Getafe norte,
HH_715,Person_1843,male,36,35-39,,,,0,,Madrid
HH_715,Person_1844,female,46,45-49,,,,0,,
HH_715,Person_1845,female,49,45-49,,,,0,,Madrid
HH_716,Person_1846,female,44,40-44,,,,0,,Madrid
HH_716,Person_1847,female,84,80-84,,,,0,,
HH_716,Person_1848,female,30,30-34,,,,0,,
HH_716,Person_1849,female,22,20-24,,,,0,,Alcorcon
HH_717,Person_1850,male,26,25-29,Person_1851,,,0,,Biblioteca Rey Pastor
HH_717,Person_1851,male,61,60-64,,,Person_1852,1,,Madrid
HH_717,Person_1852,male,58,55-59,,,Person_1851,0,,Madrid
HH_718,Person_1853,male,49,45-49,,,,0,,Madrid
HH_719,Person_1854,female,7,5-9,,Person_1855,,0,Alcorcon,
HH_719,Person_1855,female,43,40-44,,,,1,Alcorcon,
HH_720,Person_1856,female,63,60-64,,,,0,,Madrid
HH_721,Person_1857,male,84,80-84,,,,0,Fuenlabrada,
HH_721,Person_1858,female,38,35-39,,,,0,Fuenlabrada,
HH_722,Person_1859,male,8,5-9,Person_1860,,,0,,
HH_722,Person_1860,male,36,35-39,,,,1,,Getafe norte
HH_723,Person_1861,male,0,0-4,,Person_1863,,0,,
HH_723,Person_1862,female,34,30-34,,Person_1863,,0,,Madrid
HH_723,Person_1863,female,67,65-69,,,Person_1864,2,,
HH_723,Person_1864,female,62,60-64,,,Person_1863,0,,
HH_724,Person_1865,male,5,5-9,,Person_1868,,0,,
HH_724,Person_1866,male,2,0-4,,Person_1868,,0,,
HH_724,Person_1867,male,3,0-4,,Person_1868,,0,,
HH_724,Person_1868,female,52,50-54,,,,3,,Getafe norte
HH_725,Person_1869,male,20,20-24,Person_1871,,,0,Getafe norte,
HH_725,Person_1870,female,26,25-29,Person_1871,,,0,Getafe norte,Edificio Agustín de Betancourt
HH_725,Person_1871,male,45,45-49,,,Person_1872,2,Getafe norte,
HH_725,Person_1872,male,33,30-34,,,Person_1871,0,Getafe norte,
HH_726,Person_1873,male,31,30-34,Person_1874,,,0,,Madrid
HH_726,Person_1874,male,71,70-74,,,Person_1875,1,,
HH_726,Person_1875,male,54,50-54,,,Person_1874,0,,Madrid
HH_727,Person_1876,female,75,75-79,,,,0,,
HH_728,Person_1877,female,4,0-4,,Person_1881,,0,,
HH_728,Person_1878,female,5,5-9,,Person_1881,,0,,
HH_728,Person_1879,male,7,5-9,,Person_1881,,0,,
HH_728,Person_1880,male,9,5-9,,Person_1881,,0,,
HH_728,Person_1881,female,37,35-39,,,,4,,Alcorcon
HH_729,Person_1882,female,44,40-44,,,,0,,Fuenlabrada
HH_730,Person_1883,male,25,25-29,,,,0,,Biblioteca Rey Pastor
HH_730,Person_1884,male,29,25-29,,,,0,,Madrid
HH_731,Person_1885,female,79,75-79,,,,0,Alcorcon,
HH_732,Person_1886,male,36,35-39,,,,0,Madrid,
HH_733,Person_1887,male,59,55-59,,,,0,Madrid,
HH_734,Person_1888,male,6,5-9,,Person_1890,,0,,
HH_734,Person_1889,female,29,25-29,,Person_1890,,0,,
HH_734,Person_1890,female,47,45-49,,,Person_1891,2,,Madrid
HH_734,Person_1891,female,48,45-49,,,Person_1890,0,,Madrid
HH_735,Person_1892,male,3,0-4,Person_1893,,,0,,
HH_735,Person_1893,male,17,15-19,,,,1,,
HH_736,Person_1894,male,39,35-39,,,,0,Madrid,
HH_736,Person_1895,female,26,25-29,,,,0,Madrid,
HH_737,Person_1896,male,30,30-34,Person_1897,,,0,,Edificio Juan Benet
HH_737,Person_1897,male,46,45-49,,,Person_1898,1,,Madrid
HH_737,Person_1898,male,48,45-49,,,Person_1897,0,,
HH_738,Person_1899,female,17,15-19,Person_1900,,,0,Alcorcon,
HH_738,Person_1900,male,34,30-34,,,Person_1901,1,Alcorcon,
HH_738,Person_1901,male,26,25-29,,,Person_1900,0,Alcorcon,Biblioteca Rey Pastor
HH_739,Person_1902,male,7,5-9,,Person_1905,,0,,
HH_739,Person_1903,female,11,10-14,,Person_1905,,0,,
HH_739,Person_1904,male,7,5-9,,Person_1905,,0,,Edificio Juan de Mairena
HH_739,Person_1905,female,44,40-44,,,Person_1906,3,,Getafe norte
HH_739,Person_1906,female,49,45-49,,,Person_1905,0,,Madrid
HH_740,Person_1907,female,38,35-39,,,,0,Fuenlabrada,
HH_740,Person_1908,male,27,25-29,,,,0,Fuenlabrada,Edificio Torres Quevedo
HH_741,Person_1909,male,23,20-24,Person_1913,,,0,,Madrid
HH_741,Person_1910,male,22,20-24,Person_1913,,,0,,Madrid
HH_741,Person_1911,female,31,30-34,Person_1913,,,0,,Madrid
HH_741,Person_1912,male,9,5-9,Person_1913,,,0,,
HH_741,Person_1913,male,66,65-69,,,,4,,
HH_742,Person_1914,male,33,30-34,,,,0,,Madrid
HH_742,Person_1915,female,33,30-34,,,,0,,Madrid
HH_743,Person_1916,female,92,90-94,,,,0,,
HH_744,Person_1917,female,14,10-14,Person_1918,,,0,,
HH_744,Person_1918,male,58,55-59,,,Person_1919,1,,
HH_744,Person_1919,male,41,40-44,,,Person_1918,0,,Madrid
HH_745,Person_1920,female,20,20-24,,Person_1924,,0,Fuenlabrada,Edificio Agustín de Betancourt
HH_745,Person_1921,female,6,5-9,,Person_1924,,0,Fuenlabrada,
HH_745,Person_1922,female,17,15-19,,Person_1924,,0,Fuenlabrada,
HH_745,Person_1923,female,2,0-4,,Person_1924,,0,Fuenlabrada,
HH_745,Person_1924,female,45,45-49,,,,4,Fuenlabrada,
HH_746,Person_1925,female,50,50-54,,,,0,,Madrid
HH_746,Person_1926,male,86,85-89,,,,0,,
HH_747,Person_1927,female,82,80-84,,,,0,Getafe norte,
HH_748,Person_1928,male,53,50-54,,,,0,,Madrid
HH_749,Person_1929,female,53,50-54,,Person_1930,,0,,
HH_749,Person_1930,female,95,95-99,,,,1,,
HH_750,Person_1931,male,64,60-64,,,,0,,Madrid
HH_750,Person_1932,male,31,30-34,,,,0,,Madrid
HH_750,Person_1933,female,77,75-79,,,,0,,
HH_751,Person_1934,male,25,25-29,,Person_1935,,0,,Biblioteca Rey Pastor
HH_751,Person_1935,female,42,40-44,,,Person_1936,1,,Madrid
HH_751,Person_1936,female,35,35-39,,,Person_1935,0,,Madrid
HH_752,Person_1937,male,20,20-24,,,,0,,Edificio Agustín de Betancourt
HH_753,Person_1938,female,17,15-19,,Person_1940,,0,Getafe norte,
HH_753,Person_1939,female,29,25-29,,Person_1940,,0,Getafe norte,Ford
HH_753,Person_1940,female,62,60-64,,,Person_1941,2,Getafe norte,
HH_753,Person_1941,female,67,65-69,,,Person_1940,0,Getafe norte,
HH_754,Person_1942,male,13,10-14,,Person_1943,,0,,
HH_754,Person_1943,female,32,30-34,,,Person_1944,1,,Madrid
HH_754,Person_1944,female,37,35-39,,,Person_1943,0,,Madrid
HH_755,Person_1945,female,4,0-4,Person_1947,,,0,,
HH_755,Person_1946,female,35,35-39,Person_1947,,,0,,Madrid
HH_755,Person_1947,male,77,75-79,,,Person_1948,2,,
HH_755,Person_1948,male,56,55-59,,,Person_1947,0,,Madrid
HH_756,Person_1949,female,69,65-69,,,,0,Getafe norte,
HH_757,Person_1950,male,81,80-84,,,,0,,
HH_757,Person_1951,male,77,75-79,,,,0,,
HH_758,Person_1952,female,62,60-64,,,,0,,Madrid
HH_759,Person_1953,female,55,55-59,,,,0,,Madrid
HH_759,Person_1954,male,82,80-84,,,,0,,
HH_760,Person_1955,female,6,5-9,Person_1957,,,0,,
HH_760,Person_1956,female,35,35-39,Person_1957,,,0,,Madrid
HH_760,Person_1957,male,51,50-54,,,Person_1958,2,,Madrid
HH_760,Person_1958,male,52,50-54,,,Person_1957,0,,Mostoles
HH_761,Person_1959,male,51,50-54,Person_1960,,,0,,Madrid
HH_761,Person_1960,male,78,75-79,,,,1,,
HH_762,Person_1961,female,94,90-94,,,,0,Madrid,
HH_762,Person_1962,female,26,25-29,,,,0,Madrid,Fundación IMDEA Networks
HH_763,Person_1963,female,23,20-24,Person_1966,,,0,,Parque Científico de la Universidad Carlos III de Madrid
HH_763,Person_1964,male,3,0-4,Person_1966,,,0,,
HH_763,Person_1965,male,2,0-4,Person_1966,,,0,,
HH_763,Person_1966,male,55,55-59,,,,3,,
HH_764,Person_1967,male,57,55-59,,,,0,,Madrid
HH_764,Person_1968,female,84,80-84,,,,0,,
HH_765,Person_1969,female,84,80-84,,,,0,,
HH_765,Person_1970,female,45,45-49,,,,0,,Madrid
HH_765,Person_1971,male,37,35-39,,,,0,,Madrid
HH_765,Person_1972,female,64,60-64,,,,0,,Getafe norte
HH_765,Person_1973,male,77,75-79,,,,0,,
HH_766,Person_1974,female,88,85-89,,,,0,,
HH_767,Person_1975,male,55,55-59,,,,0,,Madrid
HH_768,Person_1976,female,54,50-54,,,,0,,Madrid
HH_769,Person_1977,female,44,40-44,,,,0,,Madrid
HH_769,Person_1978,male,74,70-74,,,,0,,
HH_770,Person_1979,male,20,20-24,Person_1981,,,0,,Edificio Torres Quevedo
HH_770,Person_1980,male,31,30-34,Person_1981,,,0,,
HH_770,Person_1981,male,70,70-74,,,Person_1982,2,,
HH_770,Person_1982,male,87,85-89,,,Person_1981,0,,
HH_771,Person_1983,female,14,10-14,Person_1986,,,0,,
HH_771,Person_1984,female,9,5-9,Person_1986,,,0,,
HH_771,Person_1985,male,4,0-4,Person_1986,,,0,,
HH_771,Person_1986,male,54,50-54,,,Person_1987,3,,Madrid
HH_771,Person_1987,male,53,50-54,,,Person_1986,0,,Madrid
HH_772,Person_1988,female,95,95-99,,,,0,,
HH_773,Person_1989,male,21,20-24,,Person_1990,,0,,Madrid
HH_773,Person_1990,female,62,60-64,,,Person_1991,1,,Mudanzas Rumbo
HH_773,Person_1991,female,79,75-79,,,Person_1990,0,,
HH_774,Person_1992,female,72,70-74,,,,0,Madrid,
HH_775,Person_1993,female,69,65-69,,,,0,,
HH_775,Person_1994,male,37,35-39,,,,0,,Getafe norte
HH_776,Person_1995,female,50,50-54,,,,0,,Madrid
HH_777,Person_1996,female,43,40-44,,,,0,,Madrid
HH_777,Person_1997,female,63,60-64,,,,0,,Madrid
HH_777,Person_1998,male,65,65-69,,,,0,,
HH_777,Person_1999,female,41,40-44,,,,0,,Fuenlabrada
HH_778,Person_2000,male,6,5-9,,Person_2003,,0,Madrid,
HH_778,Person_2001,female,15,15-19,,Person_2003,,0,Madrid,
HH_778,Person_2002,female,3,0-4,,Person_2003,,0,Madrid,
HH_778,Person_2003,female,51,50-54,,,Person_2004,3,Madrid,
HH_778,Person_2004,female,50,50-54,,,Person_2003,0,Madrid,
HH_779,Person_2005,female,68,65-69,,,,0,,
HH_780,Person_2006,female,7,5-9,,Person_2007,,0,,
HH_780,Person_2007,female,36,35-39,,,Person_2008,1,,Madrid
HH_780,Person_2008,female,37,35-39,,,Person_2007,0,,Madrid
HH_781,Person_2009,male,79,75-79,Person_2010,,,0,,
HH_781,Person_2010,male,97,95-99,,,,1,,
HH_782,Person_2011,male,20,20-24,,,,0,,Getafe norte
HH_783,Person_2012,male,39,35-39,,,,0,,Madrid
HH_783,Person_2013,female,23,20-24,,,,0,,Madrid
HH_783,Person_2014,male,77,75-79,,,,0,,
HH_783,Person_2015,female,44,40-44,,,,0,,Getafe norte
HH_784,Person_2016,male,38,35-39,,,,0,,Madrid
HH_784,Person_2017,female,32,30-34,,,,0,,
HH_785,Person_2018,female,10,10-14,Person_2020,,,0,Madrid,
HH_785,Person_2019,female,8,5-9,Person_2020,,,0,Madrid,Centro Ocupacional Juan Ramón Jiménez
HH_785,Person_2020,male,49,45-49,,,,2,Madrid,
HH_786,Person_2021,male,33,30-34,Person_2023,,,0,,Madrid
HH_786,Person_2022,male,27,25-29,Person_2023,,,0,,
HH_786,Person_2023,male,51,50-54,,,Person_2024,2,,
HH_786,Person_2024,male,42,40-44,,,Person_2023,0,,Madrid
HH_787,Person_2025,female,76,75-79,,,,0,,
HH_787,Person_2026,female,34,30-34,,,,0,,
HH_788,Person_2027,male,66,65-69,,,,0,,
HH_788,Person_2028,male,29,25-29,,,,0,,Madrid
HH_789,Person_2029,male,91,90-94,,,,0,,
HH_790,Person_2030,female,18,15-19,,,,0,Alcorcon,Edificio Sabatini
HH_790,Person_2031,male,67,65-69,,,,0,Alcorcon,
HH_791,Person_2032,male,24,20-24,,Person_2034,,0,Madrid,
HH_791,Person_2033,female,26,25-29,,Person_2034,,0,Madrid,
HH_791,Person_2034,female,52,50-54,,,Person_2035,2,Madrid,Carmen García de Gúdal
HH_791,Person_2035,female,53,50-54,,,Person_2034,0,Madrid,
HH_792,Person_2036,female,41,40-44,,,,0,Madrid,
HH_793,Person_2037,female,6,5-9,Person_2039,,,0,,
HH_793,Person_2038,male,28,25-29,Person_2039,,,0,,Edificio Torres Quevedo
HH_793,Person_2039,male,54,50-54,,,Person_2040,2,,Madrid
HH_793,Person_2040,male,53,50-54,,,Person_2039,0,,
HH_794,Person_2041,male,43,40-44,Person_2042,,,0,Getafe norte,
HH_794,Person_2042,male,73,70-74,,,,1,Getafe norte,
HH_795,Person_2043,female,79,75-79,,,,0,Madrid,
HH_796,Person_2044,male,23,20-24,,,,0,Getafe norte,
HH_797,Person_2045,female,40,40-44,,,,0,,Madrid
HH_797,Person_2046,male,45,45-49,,,,0,,
HH_798,Person_2047,female,52,50-54,,,,0,,Madrid
HH_798,Person_2048,male,78,75-79,,,,0,,
HH_798,Person_2049,male,62,60-64,,,,0,,Madrid
HH_799,Person_2050,female,22,20-24,,Person_2051,,0,,Madrid
HH_799,Person_2051,female,62,60-64,,,,1,,Madrid
HH_800,Person_2052,female,48,45-49,,,,0,Madrid,
HH_800,Person_2053,male,37,35-39,,,,0,Madrid,
HH_801,Person_2054,male,22,20-24,Person_2056,,,0,Madrid,Biblioteca Rey Pastor
HH_801,Person_2055,female,29,25-29,Person_2056,,,0,Madrid,
HH_801,Person_2056,male,62,60-64,,,Person_2057,2,Madrid,
HH_801,Person_2057,male,70,70-74,,,Person_2056,0,Madrid,
HH_802,Person_2058,male,41,40-44,,,,0,,Madrid
HH_803,Person_2059,male,52,50-54,,,,0,,Madrid
HH_803,Person_2060,female,46,45-49,,,,0,,Madrid
HH_804,Person_2061,female,36,35-39,,Person_2062,,0,Madrid,
HH_804,Person_2062,female,70,70-74,,,Person_2063,1,Madrid,
HH_804,Person_2063,female,85,85-89,,,Person_2062,0,Madrid,
HH_805,Person_2064,male,6,5-9,,Person_2065,,0,,
HH_805,Person_2065,female,40,40-44,,,Person_2066,1,,
HH_805,Person_2066,female,44,40-44,,,Person_2065,0,,Madrid
HH_806,Person_2067,male,35,35-39,,,,0,Madrid,
HH_807,Person_2068,male,58,55-59,,,,0,,Fuenlabrada
HH_807,Person_2069,female,48,45-49,,,,0,,Mostoles
HH_808,Person_2070,female,83,80-84,,,,0,,
HH_809,Person_2071,male,18,15-19,Person_2073,,,0,,Madrid
HH_809,Person_2072,female,30,30-34,Person_2073,,,0,,Alcorcon
HH_809,Person_2073,male,61,60-64,,,Person_2074,2,,Madrid
HH_809,Person_2074,male,65,65-69,,,Person_2073,0,,
HH_810,Person_2075,female,88,85-89,,,,0,Madrid,
HH_810,Person_2076,male,50,50-54,,,,0,Madrid,
HH_810,Person_2077,female,22,20-24,,,,0,Madrid,
HH_810,Person_2078,male,76,75-79,,,,0,Madrid,
HH_811,Person_2079,female,19,15-19,Person_2083,,,0,Getafe norte,
HH_811,Person_2080,female,26,25-29,Person_2083,,,0,Getafe norte,
HH_811,Person_2081,male,1,0-4,Person_2083,,,0,Getafe norte,
HH_811,Person_2082,male,22,20-24,Person_2083,,,0,Getafe norte,
HH_811,Person_2083,male,68,65-69,,,,4,Getafe norte,
HH_812,Person_2084,female,40,40-44,Person_2086,,,0,Fuenlabrada,
HH_812,Person_2085,female,37,35-39,Person_2086,,,0,Fuenlabrada,
HH_812,Person_2086,male,67,65-69,,,Person_2087,2,Fuenlabrada,
HH_812,Person_2087,male,71,70-74,,,Person_2086,0,Fuenlabrada,
HH_813,Person_2088,male,60,60-64,,,,0,,Madrid
HH_814,Person_2089,male,16,15-19,,Person_2090,,0,,
HH_814,Person_2090,female,49,45-49,,,Person_2091,1,,Getafe norte
HH_814,Person_2091,female,31,30-34,,,Person_2090,0,,Madrid
HH_815,Person_2092,male,19,15-19,Person_2093,,,0,Madrid,
HH_815,Person_2093,male,55,55-59,,,,1,Madrid,Renault Trucks
HH_816,Person_2094,female,99,95-99,,,,0,Mostoles,
HH_817,Person_2095,female,18,15-19,,,,0,,Edificio Juan Benet
HH_818,Person_2096,male,13,10-14,,Person_2098,,0,Madrid,
HH_818,Person_2097,male,31,30-34,,Person_2098,,0,Madrid,
HH_818,Person_2098,female,58,55-59,,,Person_2099,2,Madrid,
HH_818,Person_2099,female,94,90-94,,,Person_2098,0,Madrid,
HH_819,Person_2100,female,37,35-39,,,,0,,Getafe norte
HH_819,Person_2101,female,59,55-59,,,,0,,Madrid
HH_820,Person_2102,male,37,35-39,,Person_2103,,0,,Madrid
HH_820,Person_2103,female,71,70-74,,,,1,,
HH_821,Person_2104,male,96,95-99,,,,0,,
HH_822,Person_2105,female,96,95-99,,,,0,Fuenlabrada,
HH_823,Person_2106,male,7,5-9,,Person_2108,,0,,
HH_823,Person_2107,male,33,30-34,,Person_2108,,0,,Madrid
HH_823,Person_2108,female,60,60-64,,,Person_2109,2,,Madrid
HH_823,Person_2109,female,71,70-74,,,Person_2108,0,,
HH_824,Person_2110,female,18,15-19,Person_2111,,,0,,Madrid
HH_824,Person_2111,male,46,45-49,,,Person_2112,1,,Madrid
HH_824,Person_2112,male,40,40-44,,,Person_2111,0,,Madrid
HH_825,Person_2113,female,93,90-94,,,,0,,
HH_825,Person_2114,male,18,15-19,,,,0,,
HH_825,Person_2115,male,69,65-69,,,,0,,
HH_826,Person_2116,male,12,10-14,,Person_2119,,0,Madrid,
HH_826,Person_2117,female,1,0-4,,Person_2119,,0,Madrid,
HH_826,Person_2118,female,4,0-4,,Person_2119,,0,Madrid,Escuela Infantil Rosa Caramelo
HH_826,Person_2119,female,38,35-39,,,,3,Madrid,
HH_827,Person_2120,female,99,95-99,,,,0,,
HH_827,Person_2121,male,50,50-54,,,,0,,Alcorcon
HH_828,Person_2122,female,78,75-79,,,,0,,
HH_828,Person_2123,male,52,50-54,,,,0,,Madrid
HH_829,Person_2124,female,49,45-49,,,,0,Mostoles,
HH_829,Person_2125,male,24,20-24,,,,0,Mostoles,Edificio Juan Benet
HH_830,Person_2126,female,22,20-24,,,,0,,Madrid
HH_831,Person_2127,female,20,20-24,,Person_2129,,0,,Edificio Torres Quevedo
HH_831,Person_2128,female,30,30-34,,Person_2129,,0,,
HH_831,Person_2129,female,56,55-59,,,Person_2130,2,,Madrid
HH_831,Person_2130,female,50,50-54,,,Person_2129,0,,Madrid
HH_832,Person_2131,female,36,35-39,,Person_2132,,0,,Madrid
HH_832,Person_2132,female,62,60-64,,,,1,,Madrid
HH_833,Person_2133,male,6,5-9,,Person_2135,,0,Bar Saloon El Paso,
HH_833,Person_2134,male,13,10-14,,Person_2135,,0,Bar Saloon El Paso,
HH_833,Person_2135,female,47,45-49,,,,2,Bar Saloon El Paso,Madrid
HH_834,Person_2136,male,23,20-24,Person_2137,,,0,Madrid,
HH_834,Person_2137,male,64,60-64,,,Person_2138,1,Madrid,
HH_834,Person_2138,male,93,90-94,,,Person_2137,0,Madrid,
HH_835,Person_2139,female,25,25-29,Person_2141,,,0,,
HH_835,Person_2140,female,32,30-34,Person_2141,,,0,,Madrid
HH_835,Person_2141,male,65,65-69,,,Person_2142,2,,
HH_835,Person_2142,male,47,45-49,,,Person_2141,0,,Madrid
HH_836,Person_2143,male,52,50-54,,,,0,Casa Regional de Castilla la Mancha,Madrid
HH_836,Person_2144,male,29,25-29,,,,0,Casa Regional de Castilla la Mancha,
HH_836,Person_2145,female,42,40-44,,,,0,Casa Regional de Castilla la Mancha,Madrid
HH_836,Person_2146,male,83,80-84,,,,0,Casa Regional de Castilla la Mancha,
HH_837,Person_2147,female,95,95-99,,,,0,,
HH_837,Person_2148,male,82,80-84,,,,0,,
HH_838,Person_2149,female,16,15-19,,Person_2151,,0,,
HH_838,Person_2150,male,32,30-34,,Person_2151,,0,,Madrid
HH_838,Person_2151,female,57,55-59,,,Person_2152,2,,Madrid
HH_838,Person_2152,female,65,65-69,,,Person_2151,0,,
HH_839,Person_2153,female,81,80-84,,,,0,,
HH_840,Person_2154,male,68,65-69,,,,0,,
HH_841,Person_2155,male,79,75-79,,,,0,,
HH_842,Person_2156,male,19,15-19,,Person_2157,,0,,Biblioteca Rey Pastor
HH_842,Person_2157,female,63,60-64,,,Person_2158,1,,Getafe norte
HH_842,Person_2158,female,94,90-94,,,Person_2157,0,,
HH_843,Person_2159,female,22,20-24,,,,0,Madrid,
HH_844,Person_2160,female,7,5-9,Person_2161,,,0,,
HH_844,Person_2161,male,39,35-39,,,,1,,Madrid
HH_845,Person_2162,female,74,70-74,,,,0,,
HH_846,Person_2163,female,74,70-74,,,,0,,
HH_846,Person_2164,female,64,60-64,,,,0,,Madrid
HH_847,Person_2165,male,92,90-94,,,,0,Madrid,
HH_847,Person_2166,male,87,85-89,,,,0,Madrid,
HH_848,Person_2167,male,66,65-69,,,,0,,
HH_848,Person_2168,female,29,25-29,,,,0,,Madrid
HH_849,Person_2169,female,76,75-79,,,,0,,
HH_849,Person_2170,female,68,65-69,,,,0,,
HH_850,Person_2171,female,45,45-49,,,,0,,Madrid
HH_851,Person_2172,female,96,95-99,,,,0,Fuenlabrada,
HH_851,Person_2173,male,73,70-74,,,,0,Fuenlabrada,
HH_852,Person_2174,female,68,65-69,,,,0,Madrid,
HH_853,Person_2175,female,24,20-24,,,,0,,Edificio Juan Benet
HH_853,Person_2176,female,87,85-89,,,,0,,
HH_854,Person_2177,male,12,10-14,,Person_2178,,0,,
HH_854,Person_2178,female,39,35-39,,,Person_2179,1,,Getafe norte
HH_854,Person_2179,female,39,35-39,,,Person_2178,0,,Madrid
HH_855,Person_2180,female,85,85-89,,,,0,,
HH_856,Person_2181,male,59,55-59,,,,0,,Madrid
HH_856,Person_2182,male,35,35-39,,,,0,,
HH_857,Person_2183,female,5,5-9,,Person_2185,,0,,
HH_857,Person_2184,male,1,0-4,,Person_2185,,0,,
HH_857,Person_2185,female,42,40-44,,,,2,,Madrid
HH_858,Person_2186,male,74,70-74,,,,0,,
HH_858,Person_2187,female,41,40-44,,,,0,,Madrid
HH_859,Person_2188,female,8,5-9,,Person_2189,,0,Casa del Reloj,
HH_859,Person_2189,female,38,35-39,,,,1,Casa del Reloj,
HH_860,Person_2190,female,18,15-19,Person_2192,,,0,,Madrid
HH_860,Person_2191,female,34,30-34,Person_2192,,,0,,Madrid
HH_860,Person_2192,male,61,60-64,,,Person_2193,2,,Madrid
HH_860,Person_2193,male,83,80-84,,,Person_2192,0,,
HH_861,Person_2194,female,98,95-99,,,,0,,
HH_862,Person_2195,male,45,45-49,,,,0,Madrid,
HH_863,Person_2196,male,98,95-99,,,,0,Madrid,
HH_863,Person_2197,male,42,40-44,,,,0,Madrid,
HH_863,Person_2198,female,26,25-29,,,,0,Madrid,Fundación IMDEA Networks
HH_864,Person_2199,male,16,15-19,,Person_2201,,0,,
HH_864,Person_2200,male,25,25-29,,Person_2201,,0,,Madrid
HH_864,Person_2201,female,40,40-44,,,,2,,Madrid
HH_865,Person_2202,male,48,45-49,,,,0,,Madrid
HH_865,Person_2203,female,68,65-69,,,,0,,
HH_865,Person_2204,male,54,50-54,,,,0,,Madrid
HH_865,Person_2205,female,52,50-54,,,,0,,Madrid
HH_865,Person_2206,male,55,55-59,,,,0,,Madrid
HH_866,Person_2207,female,38,35-39,,,,0,,Madrid
HH_867,Person_2208,female,89,85-89,,,,0,,
HH_868,Person_2209,male,20,20-24,,,,0,,Madrid
HH_868,Person_2210,female,60,60-64,,,,0,,Madrid
HH_868,Person_2211,female,46,45-49,,,,0,,Madrid
HH_869,Person_2212,male,48,45-49,,,,0,,Fuenlabrada
HH_869,Person_2213,female,68,65-69,,,,0,,
HH_869,Person_2214,male,91,90-94,,,,0,,
HH_869,Person_2215,female,62,60-64,,,,0,,
HH_869,Person_2216,female,28,25-29,,,,0,,Madrid
HH_870,Person_2217,female,4,0-4,,Person_2218,,0,Alcorcon,
HH_870,Person_2218,female,39,35-39,,,Person_2219,1,Alcorcon,
HH_870,Person_2219,female,38,35-39,,,Person_2218,0,Alcorcon,
HH_871,Person_2220,female,89,85-89,,,,0,,
HH_872,Person_2221,male,24,20-24,,,,0,,Parque Científico de la Universidad Carlos III de Madrid
HH_872,Person_2222,male,32,30-34,,,,0,,Madrid
HH_873,Person_2223,male,13,10-14,Person_2225,,,0,,
HH_873,Person_2224,male,33,30-34,Person_2225,,,0,,Madrid
HH_873,Person_2225,male,64,60-64,,,Person_2226,2,,Madrid
HH_873,Person_2226,male,57,55-59,,,Person_2225,0,,Madrid
HH_874,Person_2227,female,20,20-24,,,,0,Madrid,
HH_874,Person_2228,female,52,50-54,,,,0,Madrid,
HH_875,Person_2229,female,88,85-89,,,,0,,
HH_876,Person_2230,female,9,5-9,Person_2231,,,0,,
HH_876,Person_2231,male,37,35-39,,,Person_2232,1,,Madrid
HH_876,Person_2232,male,31,30-34,,,Person_2231,0,,Madrid
HH_877,Person_2233,male,5,5-9,,Person_2237,,0,,
HH_877,Person_2234,male,10,10-14,,Person_2237,,0,,
HH_877,Person_2235,female,8,5-9,,Person_2237,,0,,
HH_877,Person_2236,female,12,10-14,,Person_2237,,0,,
HH_877,Person_2237,female,43,40-44,,,,4,,Madrid
HH_878,Person_2238,female,15,15-19,,Person_2240,,0,Verdecora,
HH_878,Person_2239,male,18,15-19,,Person_2240,,0,Verdecora,Getafe norte
HH_878,Person_2240,female,50,50-54,,,,2,Verdecora,Madrid
HH_879,Person_2241,male,8,5-9,,Person_2242,,0,,
HH_879,Person_2242,female,41,40-44,,,Person_2243,1,,Madrid
HH_879,Person_2243,female,93,90-94,,,Person_2242,0,,
HH_880,Person_2244,female,5,5-9,,Person_2245,,0,,
HH_880,Person_2245,female,30,30-34,,,,1,,
HH_881,Person_2246,female,17,15-19,,Person_2248,,0,,
HH_881,Person_2247,female,33,30-34,,Person_2248,,0,,Madrid
HH_881,Person_2248,female,61,60-64,,,Person_2249,2,,Madrid
HH_881,Person_2249,female,95,95-99,,,Person_2248,0,,
HH_882,Person_2250,male,29,25-29,,,,0,,Edificio Torres Quevedo
HH_882,Person_2251,male,81,80-84,,,,0,,
HH_882,Person_2252,male,85,85-89,,,,0,,
HH_883,Person_2253,female,96,95-99,,,,0,,
HH_883,Person_2254,female,21,20-24,,,,0,,Edificio Sabatini
HH_884,Person_2255,female,93,90-94,,,,0,,
HH_884,Person_2256,male,73,70-74,,,,0,,
HH_885,Person_2257,female,18,15-19,Person_2259,,,0,,
HH_885,Person_2258,male,25,25-29,Person_2259,,,0,,
HH_885,Person_2259,male,50,50-54,,,Person_2260,2,,Madrid
HH_885,Person_2260,male,41,40-44,,,Person_2259,0,,Getafe norte
HH_886,Person_2261,male,39,35-39,,,,0,,
HH_886,Person_2262,female,56,55-59,,,,0,,Madrid
HH_887,Person_2263,male,36,35-39,,,,0,Madrid,
HH_888,Person_2264,female,94,90-94,,,,0,Madrid,
HH_889,Person_2265,female,5,5-9,Person_2267,,,0,Mostoles,
HH_889,Person_2266,female,9,5-9,Person_2267,,,0,Mostoles,
HH_889,Person_2267,male,53,50-54,,,,2,Mostoles,
HH_890,Person_2268,male,73,70-74,,,,0,Fuenlabrada,
HH_890,Person_2269,male,89,85-89,,,,0,Fuenlabrada,
HH_891,Person_2270,male,69,65-69,,,,0,,
HH_892,Person_2271,female,15,15-19,Person_2273,,,0,,
HH_892,Person_2272,female,29,25-29,Person_2273,,,0,,Edificio Torres Quevedo
HH_892,Person_2273,male,77,75-79,,,Person_2274,2,,
HH_892,Person_2274,male,57,55-59,,,Person_2273,0,,
HH_893,Person_2275,female,75,75-79,,,,0,,
HH_893,Person_2276,male,28,25-29,,,,0,,Edificio Torres Quevedo
HH_893,Person_2277,female,38,35-39,,,,0,,Madrid
HH_894,Person_2278,male,2,0-4,,Person_2281,,0,,
HH_894,Person_2279,female,2,0-4,,Person_2281,,0,,
HH_894,Person_2280,female,11,10-14,,Person_2281,,0,,
HH_894,Person_2281,female,30,30-34,,,,3,,Madrid
HH_895,Person_2282,male,31,30-34,Person_2283,,,0,Madrid,
HH_895,Person_2283,male,57,55-59,,,,1,Madrid,
HH_896,Person_2284,male,31,30-34,,Person_2285,,0,,Madrid
HH_896,Person_2285,female,71,70-74,,,Person_2286,1,,
HH_896,Person_2286,female,63,60-64,,,Person_2285,0,,Madrid
HH_897,Person_2287,female,67,65-69,,,,0,,
HH_898,Person_2288,male,10,10-14,Person_2289,,,0,,
HH_898,Person_2289,male,40,40-44,,,Person_2290,1,,Madrid
HH_898,Person_2290,male,41,40-44,,,Person_2289,0,,Madrid
HH_899,Person_2291,female,17,15-19,Person_2293,,,0,Fuenlabrada,
HH_899,Person_2292,male,8,5-9,Person_2293,,,0,Fuenlabrada,
HH_899,Person_2293,male,47,45-49,,,,2,Fuenlabrada,
HH_900,Person_2294,female,12,10-14,Person_2295,,,0,,
HH_900,Person_2295,male,38,35-39,,,Person_2296,1,,Madrid
HH_900,Person_2296,male,34,30-34,,,Person_2295,0,,Madrid
HH_901,Person_2297,female,9,5-9,Person_2298,,,0,,
HH_901,Person_2298,male,28,25-29,,,Person_2299,1,,
HH_901,Person_2299,male,25,25-29,,,Person_2298,0,,Fundación IMDEA Networks
HH_902,Person_2300,female,79,75-79,,,,0,Mostoles,
HH_902,Person_2301,male,75,75-79,,,,0,Mostoles,
HH_902,Person_2302,male,82,80-84,,,,0,Mostoles,
HH_903,Person_2303,female,18,15-19,,,,0,Fuenlabrada,
HH_903,Person_2304,male,29,25-29,,,,0,Fuenlabrada,
HH_904,Person_2305,female,59,55-59,,,,0,,Madrid
HH_904,Person_2306,male,26,25-29,,,,0,,
HH_905,Person_2307,female,61,60-64,,,,0,,Madrid
HH_905,Person_2308,female,84,80-84,,,,0,,
HH_906,Person_2309,female,24,20-24,Person_2310,,,0,,Madrid
HH_906,Person_2310,male,57,55-59,,,Person_2311,1,,Madrid
HH_906,Person_2311,male,48,45-49,,,Person_2310,0,,Madrid
HH_907,Person_2312,male,0,0-4,,Person_2314,,0,,
HH_907,Person_2313,female,29,25-29,,Person_2314,,0,,Edificio Juan Benet
HH_907,Person_2314,female,61,60-64,,,Person_2315,2,,Madrid
HH_907,Person_2315,female,71,70-74,,,Person_2314,0,,
HH_908,Person_2316,male,54,50-54,,,,0,,Madrid
HH_908,Person_2317,male,79,75-79,,,,0,,
HH_909,Person_2318,male,56,55-59,,,,0,Madrid,
HH_910,Person_2319,male,67,65-69,,,,0,,
HH_910,Person_2320,male,96,95-99,,,,0,,
HH_911,Person_2321,female,27,25-29,,Person_2322,,0,,Parque Científico de la Universidad Carlos III de Madrid
HH_911,Person_2322,female,56,55-59,,,Person_2323,1,,Madrid
HH_911,Person_2323,female,84,80-84,,,Person_2322,0,,
HH_912,Person_2324,female,6,5-9,Person_2326,,,0,,
HH_912,Person_2325,female,8,5-9,Person_2326,,,0,,
HH_912,Person_2326,male,38,35-39,,,,2,,Madrid
HH_913,Person_2327,female,49,45-49,,,,0,,Madrid
HH_914,Person_2328,male,41,40-44,,Person_2329,,0,,Getafe norte
HH_914,Person_2329,female,75,75-79,,,Person_2330,1,,
HH_914,Person_2330,female,86,85-89,,,Person_2329,0,,
HH_915,Person_2331,female,22,20-24,,Person_2332,,0,,
HH_915,Person_2332,female,56,55-59,,,,1,,Madrid
HH_916,Person_2333,male,71,70-74,,,,0,,
HH_916,Person_2334,female,31,30-34,,,,0,,Madrid
HH_917,Person_2335,male,22,20-24,,Person_2337,,0,,Edificio Sabatini
HH_917,Person_2336,female,32,30-34,,Person_2337,,0,,
HH_917,Person_2337,female,75,75-79,,,Person_2338,2,,
HH_917,Person_2338,female,72,70-74,,,Person_2337,0,,
HH_918,Person_2339,male,3,0-4,Person_2341,,,0,,
HH_918,Person_2340,male,29,25-29,Person_2341,,,0,,
HH_918,Person_2341,male,61,60-64,,,Person_2342,2,,Madrid
HH_918,Person_2342,male,62,60-64,,,Person_2341,0,,Madrid
HH_919,Person_2343,male,33,30-34,,,,0,,Madrid
HH_919,Person_2344,male,52,50-54,,,,0,,Madrid
HH_919,Person_2345,female,40,40-44,,,,0,,Madrid
HH_920,Person_2346,female,65,65-69,,,,0,Madrid,
HH_921,Person_2347,male,20,20-24,,,,0,,Madrid
HH_921,Person_2348,male,83,80-84,,,,0,,
HH_922,Person_2349,female,47,45-49,,,,0,,Getafe norte
HH_922,Person_2350,male,26,25-29,,,,0,,Edificio Agustín de Betancourt
HH_923,Person_2351,female,71,70-74,,,,0,,
HH_924,Person_2352,female,8,5-9,Person_2356,,,0,Mostoles,
HH_924,Person_2353,female,8,5-9,Person_2356,,,0,Mostoles,
HH_924,Person_2354,male,2,0-4,Person_2356,,,0,Mostoles,Escuela Infantil Rosa Caramelo
HH_924,Person_2355,male,8,5-9,Person_2356,,,0,Mostoles,
HH_924,Person_2356,male,39,35-39,,,,4,Mostoles,
HH_925,Person_2357,male,27,25-29,Person_2358,,,0,Getafe norte,
HH_925,Person_2358,male,66,65-69,,,,1,Getafe norte,
HH_926,Person_2359,male,30,30-34,,Person_2360,,0,,Madrid
HH_926,Person_2360,female,69,65-69,,,,1,,
HH_927,Person_2361,female,16,15-19,,Person_2363,,0,Madrid,
HH_927,Person_2362,male,25,25-29,,Person_2363,,0,Madrid,
HH_927,Person_2363,female,69,65-69,,,Person_2364,2,Madrid,
HH_927,Person_2364,female,56,55-59,,,Person_2363,0,Madrid,
HH_928,Person_2365,female,91,90-94,,,,0,,
HH_929,Person_2366,female,68,65-69,,,,0,,
HH_930,Person_2367,female,3,0-4,,Person_2371,,0,Madrid,
HH_930,Person_2368,female,1,0-4,,Person_2371,,0,Madrid,
HH_930,Person_2369,female,5,5-9,,Person_2371,,0,Madrid,
HH_930,Person_2370,female,0,0-4,,Person_2371,,0,Madrid,
HH_930,Person_2371,female,33,30-34,,,,4,Madrid,
HH_931,Person_2372,female,88,85-89,,,,0,,
HH_932,Person_2373,male,70,70-74,,,,0,,
HH_933,Person_2374,female,73,70-74,,,,0,,
HH_933,Person_2375,female,32,30-34,,,,0,,Madrid
HH_934,Person_2376,male,42,40-44,,,,0,,Madrid
HH_935,Person_2377,male,25,25-29,Person_2378,,,0,Getafe norte,
HH_935,Person_2378,male,60,60-64,,,Person_2379,1,Getafe norte,
HH_935,Person_2379,male,57,55-59,,,Person_2378,0,Getafe norte,
HH_936,Person_2380,female,20,20-24,Person_2382,,,0,,Madrid
HH_936,Person_2381,female,26,25-29,Person_2382,,,0,,Parque Científico de la Universidad Carlos III de Madrid
HH_936,Person_2382,male,63,60-64,,,Person_2383,2,,
HH_936,Person_2383,male,51,50-54,,,Person_2382,0,,Mostoles
HH_937,Person_2384,female,18,15-19,,,,0,,Biblioteca Rey Pastor
HH_937,Person_2385,female,49,45-49,,,,0,,Getafe norte
HH_937,Person_2386,male,66,65-69,,,,0,,
HH_937,Person_2387,female,97,95-99,,,,0,,
HH_937,Person_2388,male,59,55-59,,,,0,,Alcorcon
HH_938,Person_2389,female,0,0-4,Person_2390,,,0,Getafe norte,
HH_938,Person_2390,male,33,30-34,,,Person_2391,1,Getafe norte,
HH_938,Person_2391,male,38,35-39,,,Person_2390,0,Getafe norte,
HH_939,Person_2392,female,9,5-9,Person_2396,,,0,Madrid,
HH_939,Person_2393,male,8,5-9,Person_2396,,,0,Madrid,
HH_939,Person_2394,female,12,10-14,Person_2396,,,0,Madrid,
HH_939,Person_2395,male,5,5-9,Person_2396,,,0,Madrid,Escuela Infantil Rosa Caramelo
HH_939,Person_2396,male,29,25-29,,,,4,Madrid,
HH_940,Person_2397,female,53,50-54,,,,0,Getafe norte,
HH_940,Person_2398,female,48,45-49,,,,0,Getafe norte,
HH_941,Person_2399,male,74,70-74,,,,0,,
HH_942,Person_2400,male,25,25-29,,,,0,Madrid,
HH_942,Person_2401,male,23,20-24,,,,0,Madrid,Kia Selikar
HH_943,Person_2402,male,35,35-39,,,,0,Madrid,
HH_943,Person_2403,male,53,50-54,,,,0,Madrid,
HH_944,Person_2404,female,26,25-29,,,,0,,
HH_944,Person_2405,male,81,80-84,,,,0,,
HH_945,Person_2406,female,79,75-79,,,,0,,
HH_945,Person_2407,female,38,35-39,,,,0,,Madrid
HH_946,Person_2408,female,68,65-69,,,,0,,
HH_946,Person_2409,male,49,45-49,,,,0,,Getafe norte
HH_947,Person_2410,female,17,15-19,Person_2411,,,0,,
HH_947,Person_2411,male,48,45-49,,,Person_2412,1,,Madrid
HH_947,Person_2412,male,27,25-29,,,Person_2411,0,,Biblioteca Rey Pastor
HH_948,Person_2413,male,79,75-79,,,,0,,
HH_948,Person_2414,female,61,60-64,,,,0,,Madrid
HH_948,Person_2415,male,30,30-34,,,,0,,Edificio Torres Quevedo
HH_949,Person_2416,male,14,10-14,Person_2418,,,0,Fuenlabrada,
HH_949,Person_2417,male,32,30-34,Person_2418,,,0,Fuenlabrada,
HH_949,Person_2418,male,61,60-64,,,Person_2419,2,Fuenlabrada,
HH_949,Person_2419,male,48,45-49,,,Person_2418,0,Fuenlabrada,
HH_950,Person_2420,male,73,70-74,,,,0,Getafe norte,
HH_951,Person_2421,male,33,30-34,,,,0,Madrid,
HH_952,Person_2422,female,62,60-64,,,,0,,Madrid
HH_952,Person_2423,female,86,85-89,,,,0,,
HH_953,Person_2424,female,13,10-14,,Person_2426,,0,,
HH_953,Person_2425,male,33,30-34,,Person_2426,,0,,Madrid
HH_953,Person_2426,female,62,60-64,,,Person_2427,2,,Madrid
HH_953,Person_2427,female,96,95-99,,,Person_2426,0,,
HH_954,Person_2428,male,81,80-84,,,,0,,
HH_954,Person_2429,male,62,60-64,,,,0,,Madrid
HH_955,Person_2430,male,40,40-44,,,,0,Madrid,
HH_955,Person_2431,male,30,30-34,,,,0,Madrid,Edificio Sabatini
HH_956,Person_2432,male,24,20-24,,Person_2434,,0,Madrid,Parque Científico de la Universidad Carlos III de Madrid
HH_956,Person_2433,female,35,35-39,,Person_2434,,0,Madrid,
HH_956,Person_2434,female,63,60-64,,,Person_2435,2,Madrid,
HH_956,Person_2435,female,83,80-84,,,Person_2434,0,Madrid,
HH_957,Person_2436,male,45,45-49,,,,0,,Madrid
HH_957,Person_2437,male,62,60-64,,,,0,,Fuenlabrada
HH_958,Person_2438,female,82,80-84,,,,0,,
HH_958,Person_2439,male,60,60-64,,,,0,,Madrid
HH_959,Person_2440,female,10,10-14,Person_2441,,,0,Madrid,
HH_959,Person_2441,male,54,50-54,,,,1,Madrid,
HH_960,Person_2442,female,70,70-74,,,,0,Madrid,
HH_961,Person_2443,male,76,75-79,,,,0,Madrid,
HH_961,Person_2444,female,77,75-79,,,,0,Madrid,
HH_962,Person_2445,male,81,80-84,Person_2446,,,0,,
HH_962,Person_2446,male,123,100-120,,,,1,,
HH_963,Person_2447,male,19,15-19,,,,0,Madrid,
HH_963,Person_2448,female,61,60-64,,,,0,Madrid,
HH_964,Person_2449,female,87,85-89,,,,0,,
HH_965,Person_2450,male,19,15-19,,,,0,Getafe norte,Edificio Sabatini
HH_966,Person_2451,female,8,5-9,Person_2452,,,0,,Edificio Octavio Paz
HH_966,Person_2452,male,37,35-39,,,Person_2453,1,,Madrid
HH_966,Person_2453,male,32,30-34,,,Person_2452,0,,Madrid
HH_967,Person_2454,female,25,25-29,Person_2458,,,0,,Alcorcon
HH_967,Person_2455,female,31,30-34,Person_2458,,,0,,
HH_967,Person_2456,female,15,15-19,Person_2458,,,0,,
HH_967,Person_2457,male,28,25-29,Person_2458,,,0,,
HH_967,Person_2458,male,49,45-49,,,,4,,Madrid
HH_968,Person_2459,female,89,85-89,,,,0,Madrid,
HH_969,Person_2460,male,26,25-29,,Person_2461,,0,,Edificio Sabatini
HH_969,Person_2461,female,55,55-59,,,Person_2462,1,,Madrid
HH_969,Person_2462,female,55,55-59,,,Person_2461,0,,
HH_970,Person_2463,male,5,5-9,Person_2466,,,0,,
HH_970,Person_2464,male,14,10-14,Person_2466,,,0,,
HH_970,Person_2465,male,0,0-4,Person_2466,,,0,,
HH_970,Person_2466,male,47,45-49,,,Person_2467,3,,Madrid
HH_970,Person_2467,male,46,45-49,,,Person_2466,0,,Madrid
HH_971,Person_2468,male,37,35-39,,,,0,,Madrid
HH_971,Person_2469,female,58,55-59,,,,0,,Mostoles
HH_972,Person_2470,female,3,0-4,,Person_2471,,0,,
HH_972,Person_2471,female,20,20-24,,,Person_2472,1,,Biblioteca Rey Pastor
HH_972,Person_2472,female,26,25-29,,,Person_2471,0,,Madrid
HH_973,Person_2473,male,75,75-79,,,,0,,
HH_973,Person_2474,male,27,25-29,,,,0,,Biblioteca Rey Pastor
HH_974,Person_2475,male,2,0-4,Person_2479,,,0,,
HH_974,Person_2476,female,4,0-4,Person_2479,,,0,,
HH_974,Person_2477,female,1,0-4,Person_2479,,,0,,Escuela Infantil Rosa Caramelo
HH_974,Person_2478,female,8,5-9,Person_2479,,,0,,
HH_974,Person_2479,male,47,45-49,,,,4,,Madrid
HH_975,Person_2480,male,21,20-24,,,,0,,
HH_976,Person_2481,female,46,45-49,,,,0,,Madrid
HH_977,Person_2482,female,94,90-94,,,,0,,
HH_977,Person_2483,female,73,70-74,,,,0,,
HH_978,Person_2484,female,88,85-89,,,,0,,
HH_979,Person_2485,male,1,0-4,,Person_2487,,0,Madrid,
HH_979,Person_2486,male,26,25-29,,Person_2487,,0,Madrid,
HH_979,Person_2487,female,68,65-69,,,Person_2488,2,Madrid,
HH_979,Person_2488,female,71,70-74,,,Person_2487,0,Madrid,
HH_980,Person_2489,female,16,15-19,Person_2490,,,0,,
HH_980,Person_2490,male,50,50-54,,,Person_2491,1,,
HH_980,Person_2491,male,38,35-39,,,Person_2490,0,,Madrid
HH_981,Person_2492,female,32,30-34,Person_2493,,,0,Madrid,
HH_981,Person_2493,male,71,70-74,,,Person_2494,1,Madrid,
HH_981,Person_2494,male,55,55-59,,,Person_2493,0,Madrid,
HH_982,Person_2495,male,30,30-34,,Person_2497,,0,Fuenlabrada,
HH_982,Person_2496,female,37,35-39,,Person_2497,,0,Fuenlabrada,
HH_982,Person_2497,female,73,70-74,,,,2,Fuenlabrada,
HH_983,Person_2498,male,72,70-74,Person_2500,,,0,Madrid,
HH_983,Person_2499,male,37,35-39,Person_2500,,,0,Madrid,
HH_983,Person_2500,male,87,85-89,,,Person_2501,2,Madrid,
HH_983,Person_2501,male,65,65-69,,,Person_2500,0,Madrid,
HH_984,Person_2502,male,66,65-69,,,,0,,
HH_984,Person_2503,female,58,55-59,,,,0,,
HH_985,Person_2504,male,59,55-59,,,,0,Madrid,
HH_985,Person_2505,female,26,25-29,,,,0,Madrid,Biblioteca Rey Pastor
HH_986,Person_2506,female,21,20-24,Person_2507,,,0,,
HH_986,Person_2507,male,38,35-39,,,Person_2508,1,,Madrid
HH_986,Person_2508,male,38,35-39,,,Person_2507,0,,Mostoles
HH_987,Person_2509,male,7,5-9,Person_2511,,,0,,
HH_987,Person_2510,female,26,25-29,Person_2511,,,0,,
HH_987,Person_2511,male,52,50-54,,,Person_2512,2,,Madrid
HH_987,Person_2512,male,36,35-39,,,Person_2511,0,,Extremadura
HH_988,Person_2513,female,24,20-24,Person_2515,,,0,Fuenlabrada,
HH_988,Person_2514,male,29,25-29,Person_2515,,,0,Fuenlabrada,Edificio Torres Quevedo
HH_988,Person_2515,male,71,70-74,,,Person_2516,2,Fuenlabrada,
HH_988,Person_2516,male,55,55-59,,,Person_2515,0,Fuenlabrada,
HH_989,Person_2517,female,8,5-9,,Person_2518,,0,,
HH_989,Person_2518,female,24,20-24,,,Person_2519,1,,Fundación IMDEA Networks
HH_989,Person_2519,female,34,30-34,,,Person_2518,0,,Madrid
HH_990,Person_2520,male,17,15-19,Person_2521,,,0,,
HH_990,Person_2521,male,44,40-44,,,Person_2522,1,,Madrid
HH_990,Person_2522,male,40,40-44,,,Person_2521,0,,Madrid
HH_991,Person_2523,female,85,85-89,,,,0,Alcorcon,
HH_992,Person_2524,female,20,20-24,Person_2526,,,0,,Fundación IMDEA Networks
HH_992,Person_2525,female,4,0-4,Person_2526,,,0,,
HH_992,Person_2526,male,37,35-39,,,,2,,Madrid
HH_993,Person_2527,female,43,40-44,,Person_2528,,0,,Madrid
HH_993,Person_2528,female,76,75-79,,,Person_2529,1,,
HH_993,Person_2529,female,56,55-59,,,Person_2528,0,,Madrid
HH_994,Person_2530,female,26,25-29,,,,0,Fuenlabrada,
HH_994,Person_2531,female,93,90-94,,,,0,Fuenlabrada,
HH_995,Person_2532,female,30,30-34,,,,0,Alcorcon,
HH_996,Person_2533,female,46,45-49,,,,0,Madrid,
HH_996,Person_2534,male,86,85-89,,,,0,Madrid,
HH_997,Person_2535,female,25,25-29,Person_2537,,,0,,Madrid
HH_997,Person_2536,male,28,25-29,Person_2537,,,0,,
HH_997,Person_2537,male,44,40-44,,,Person_2538,2,,
HH_997,Person_2538,male,43,40-44,,,Person_2537,0,,Madrid
HH_998,Person_2539,male,75,75-79,,,,0,Alcorcon,
HH_998,Person_2540,female,58,55-59,,,,0,Alcorcon,
HH_999,Person_2541,male,0,0-4,Person_2543,,,0,,
HH_999,Person_2542,male,35,35-39,Person_2543,,,0,,Getafe norte
HH_999,Person_2543,male,65,65-69,,,Person_2544,2,,
HH_999,Person_2544,male,78,75-79,,,Person_2543,0,,
HH_1000,Person_2545,male,54,50-54,,,,0,,Hiber
HH_1001,Person_2546,female,16,15-19,,Person_2547,,0,,
HH_1001,Person_2547,female,48,45-49,,,Person_2548,1,,Madrid
HH_1001,Person_2548,female,40,40-44,,,Person_2547,0,,Madrid
HH_1002,Person_2549,female,17,15-19,Person_2550,,,0,,
HH_1002,Person_2550,male,56,55-59,,,Person_2551,1,,Madrid
HH_1002,Person_2551,male,50,50-54,,,Person_2550,0,,Madrid
HH_1003,Person_2552,male,16,15-19,,Person_2553,,0,,
HH_1003,Person_2553,female,42,40-44,,,Person_2554,1,,Madrid
HH_1003,Person_2554,female,43,40-44,,,Person_2553,0,,
HH_1004,Person_2555,male,57,55-59,,,,0,Madrid,Logista
HH_1004,Person_2556,female,27,25-29,,,,0,Madrid,Edificio Sabatini
HH_1005,Person_2557,male,10,10-14,Person_2559,,,0,Fuenlabrada,
HH_1005,Person_2558,female,30,30-34,Person_2559,,,0,Fuenlabrada,
HH_1005,Person_2559,male,48,45-49,,,Person_2560,2,Fuenlabrada,
HH_1005,Person_2560,male,37,35-39,,,Person_2559,0,Fuenlabrada,
HH_1006,Person_2561,female,29,25-29,,,,0,,Madrid
HH_1006,Person_2562,male,56,55-59,,,,0,,Fuenlabrada
HH_1006,Person_2563,female,64,60-64,,,,0,,Madrid
HH_1006,Person_2564,male,99,95-99,,,,0,,
HH_1007,Person_2565,female,97,95-99,,,,0,,
HH_1007,Person_2566,female,40,40-44,,,,0,,Madrid
HH_1007,Person_2567,male,82,80-84,,,,0,,
HH_1008,Person_2568,female,26,25-29,,,,0,Madrid,
HH_1009,Person_2569,female,87,85-89,,,,0,,
HH_1010,Person_2570,female,25,25-29,,Person_2571,,0,,
HH_1010,Person_2571,female,62,60-64,,,Person_2572,1,,Madrid
HH_1010,Person_2572,female,83,80-84,,,Person_2571,0,,
HH_1011,Person_2573,female,79,75-79,,,,0,Madrid,
HH_1012,Person_2574,female,13,10-14,,Person_2576,,0,Fuenlabrada,
HH_1012,Person_2575,male,26,25-29,,Person_2576,,0,Fuenlabrada,
HH_1012,Person_2576,female,61,60-64,,,Person_2577,2,Fuenlabrada,
HH_1012,Person_2577,female,96,95-99,,,Person_2576,0,Fuenlabrada,
HH_1013,Person_2578,male,59,55-59,,,,0,,Alcorcon
HH_1013,Person_2579,female,64,60-64,,,,0,,Madrid
HH_1014,Person_2580,female,95,95-99,,,,0,,
HH_1015,Person_2581,male,21,20-24,Person_2583,,,0,Madrid,
HH_1015,Person_2582,male,30,30-34,Person_2583,,,0,Madrid,Edificio Juan Benet
HH_1015,Person_2583,male,76,75-79,,,Person_2584,2,Madrid,
HH_1015,Person_2584,male,50,50-54,,,Person_2583,0,Madrid,
HH_1016,Person_2585,female,76,75-79,,,,0,Madrid,
HH_1017,Person_2586,female,7,5-9,,Person_2587,,0,Madrid,Edificio Juan de Mairena
HH_1017,Person_2587,female,50,50-54,,,Person_2588,1,Madrid,
HH_1017,Person_2588,female,52,50-54,,,Person_2587,0,Madrid,
HH_1018,Person_2589,male,81,80-84,,,,0,,
HH_1018,Person_2590,male,35,35-39,,,,0,,
HH_1019,Person_2591,male,72,70-74,,,,0,,
HH_1019,Person_2592,female,54,50-54,,,,0,,Madrid
HH_1020,Person_2593,female,10,10-14,Person_2594,,,0,,
HH_1020,Person_2594,male,37,35-39,,,Person_2595,1,,Madrid
HH_1020,Person_2595,male,37,35-39,,,Person_2594,0,,Getafe norte
HH_1021,Person_2596,male,26,25-29,,,,0,,
HH_1022,Person_2597,male,22,20-24,Person_2598,,,0,,Madrid
HH_1022,Person_2598,male,65,65-69,,,Person_2599,1,,
HH_1022,Person_2599,male,64,60-64,,,Person_2598,0,,
HH_1023,Person_2600,female,61,60-64,,,,0,Madrid,
HH_1023,Person_2601,male,34,30-34,,,,0,Madrid,
HH_1024,Person_2602,male,25,25-29,,Person_2603,,0,,
HH_1024,Person_2603,female,56,55-59,,,Person_2604,1,,Madrid
HH_1024,Person_2604,female,88,85-89,,,Person_2603,0,,
HH_1025,Person_2605,female,23,20-24,,Person_2606,,0,,
HH_1025,Person_2606,female,52,50-54,,,Person_2607,1,,Madrid
HH_1025,Person_2607,female,52,50-54,,,Person_2606,0,,Madrid
HH_1026,Person_2608,female,11,10-14,,Person_2610,,0,,
HH_1026,Person_2609,female,31,30-34,,Person_2610,,0,,Mostoles
HH_1026,Person_2610,female,73,70-74,,,Person_2611,2,,
HH_1026,Person_2611,female,97,95-99,,,Person_2610,0,,
HH_1027,Person_2612,female,4,0-4,,Person_2614,,0,Delegación de Hacienda,
HH_1027,Person_2613,male,30,30-34,,Person_2614,,0,Delegación de Hacienda,Biblioteca Rey Pastor
HH_1027,Person_2614,female,55,55-59,,,Person_2615,2,Delegación de Hacienda,Madrid
HH_1027,Person_2615,female,86,85-89,,,Person_2614,0,Delegación de Hacienda,
HH_1028,Person_2616,female,70,70-74,,,,0,,
HH_1029,Person_2617,female,32,30-34,,Person_2618,,0,,Madrid
HH_1029,Person_2618,female,49,45-49,,,Person_2619,1,,Madrid
HH_1029,Person_2619,female,53,50-54,,,Person_2618,0,,Madrid
HH_1030,Person_2620,male,26,25-29,,,,0,Madrid,
HH_1030,Person_2621,male,77,75-79,,,,0,Madrid,
HH_1031,Person_2622,male,33,30-34,,,,0,Madrid,
HH_1032,Person_2623,male,3,0-4,Person_2624,,,0,,
HH_1032,Person_2624,male,33,30-34,,,Person_2625,1,,Madrid
HH_1032,Person_2625,male,31,30-34,,,Person_2624,0,,Madrid
HH_1033,Person_2626,female,79,75-79,,,,0,,
HH_1033,Person_2627,male,51,50-54,,,,0,,Madrid
HH_1034,Person_2628,female,15,15-19,,Person_2629,,0,Madrid,
HH_1034,Person_2629,female,41,40-44,,,Person_2630,1,Madrid,
HH_1034,Person_2630,female,48,45-49,,,Person_2629,0,Madrid,
HH_1035,Person_2631,male,16,15-19,Person_2632,,,0,,
HH_1035,Person_2632,male,46,45-49,,,Person_2633,1,,Madrid
HH_1035,Person_2633,male,41,40-44,,,Person_2632,0,,Madrid
HH_1036,Person_2634,male,40,40-44,,Person_2636,,0,,Madrid
HH_1036,Person_2635,female,43,40-44,,Person_2636,,0,,
HH_1036,Person_2636,female,85,85-89,,,,2,,
HH_1037,Person_2637,male,25,25-29,Person_2639,,,0,Getafe norte,
HH_1037,Person_2638,male,27,25-29,Person_2639,,,0,Getafe norte,Edificio Sabatini
HH_1037,Person_2639,male,69,65-69,,,,2,Getafe norte,
HH_1038,Person_2640,male,47,45-49,,,,0,,Madrid
HH_1039,Person_2641,female,18,15-19,,Person_2643,,0,Madrid,Edificio Sabatini
HH_1039,Person_2642,female,35,35-39,,Person_2643,,0,Madrid,
HH_1039,Person_2643,female,75,75-79,,,Person_2644,2,Madrid,
HH_1039,Person_2644,female,69,65-69,,,Person_2643,0,Madrid,
HH_1040,Person_2645,male,25,25-29,,Person_2646,,0,,Parque Científico de la Universidad Carlos III de Madrid
HH_1040,Person_2646,female,41,40-44,,,,1,,Madrid
HH_1041,Person_2647,female,4,0-4,,Person_2650,,0,,Escuela Infantil Rosa Caramelo
HH_1041,Person_2648,male,12,10-14,,Person_2650,,0,,
HH_1041,Person_2649,male,8,5-9,,Person_2650,,0,,
HH_1041,Person_2650,female,53,50-54,,,Person_2651,3,,Madrid
HH_1041,Person_2651,female,58,55-59,,,Person_2650,0,,Madrid
HH_1042,Person_2652,male,40,40-44,,Person_2653,,0,,
HH_1042,Person_2653,female,73,70-74,,,Person_2654,1,,
HH_1042,Person_2654,female,62,60-64,,,Person_2653,0,,Madrid
HH_1043,Person_2655,female,73,70-74,,,,0,,
HH_1043,Person_2656,female,41,40-44,,,,0,,Madrid
HH_1043,Person_2657,female,51,50-54,,,,0,,Madrid
HH_1043,Person_2658,female,90,90-94,,,,0,,
HH_1044,Person_2659,male,8,5-9,Person_2660,,,0,Madrid,
HH_1044,Person_2660,male,44,40-44,,,,1,Madrid,
HH_1045,Person_2661,female,25,25-29,Person_2663,,,0,,Madrid
HH_1045,Person_2662,female,35,35-39,Person_2663,,,0,,Madrid
HH_1045,Person_2663,male,63,60-64,,,Person_2664,2,,Madrid
HH_1045,Person_2664,male,52,50-54,,,Person_2663,0,,
HH_1046,Person_2665,female,27,25-29,,Person_2666,,0,Unidad de Rehabiltación,
HH_1046,Person_2666,female,63,60-64,,,,1,Unidad de Rehabiltación,Madrid
HH_1047,Person_2667,male,62,60-64,,,,0,,Madrid
HH_1047,Person_2668,female,75,75-79,,,,0,,
HH_1048,Person_2669,female,73,70-74,,,,0,Madrid,
HH_1049,Person_2670,female,12,10-14,Person_2673,,,0,,
HH_1049,Person_2671,female,12,10-14,Person_2673,,,0,,
HH_1049,Person_2672,female,15,15-19,Person_2673,,,0,,
HH_1049,Person_2673,male,46,45-49,,,,3,,Madrid
HH_1050,Person_2674,female,38,35-39,,,,0,Madrid,
HH_1051,Person_2675,male,5,5-9,Person_2676,,,0,Getafe norte,
HH_1051,Person_2676,male,20,20-24,,,Person_2677,1,Getafe norte,
HH_1051,Person_2677,male,24,20-24,,,Person_2676,0,Getafe norte,Parque Científico de la Universidad Carlos III de Madrid
HH_1052,Person_2678,male,10,10-14,Person_2680,,,0,Fuenlabrada,
HH_1052,Person_2679,male,35,35-39,Person_2680,,,0,Fuenlabrada,Renault Automoción Qualiauto
HH_1052,Person_2680,male,75,75-79,,,Person_2681,2,Fuenlabrada,
HH_1052,Person_2681,male,62,60-64,,,Person_2680,0,Fuenlabrada,
HH_1053,Person_2682,male,55,55-59,,,,0,Madrid,
HH_1053,Person_2683,female,92,90-94,,,,0,Madrid,
HH_1054,Person_2684,female,21,20-24,Person_2685,,,0,Mostoles,Parque Científico de la Universidad Carlos III de Madrid
HH_1054,Person_2685,male,35,35-39,,,,1,Mostoles,
HH_1055,Person_2686,female,76,75-79,,,,0,Fuenlabrada,
HH_1056,Person_2687,female,20,20-24,,Person_2688,,0,,Edificio Torres Quevedo
HH_1056,Person_2688,female,46,45-49,,,,1,,Madrid
HH_1057,Person_2689,female,42,40-44,Person_2690,,,0,Extremadura,
HH_1057,Person_2690,male,82,80-84,,,Person_2691,1,Extremadura,
HH_1057,Person_2691,male,52,50-54,,,Person_2690,0,Extremadura,
HH_1058,Person_2692,male,32,30-34,Person_2693,,,0,Madrid,
HH_1058,Person_2693,male,71,70-74,,,Person_2694,1,Madrid,
HH_1058,Person_2694,male,50,50-54,,,Person_2693,0,Madrid,
HH_1059,Person_2695,female,49,45-49,,,,0,,Madrid
HH_1059,Person_2696,male,35,35-39,,,,0,,Madrid
HH_1060,Person_2697,female,17,15-19,Person_2699,,,0,,
HH_1060,Person_2698,male,32,30-34,Person_2699,,,0,,Alcorcon
HH_1060,Person_2699,male,60,60-64,,,Person_2700,2,,Madrid
HH_1060,Person_2700,male,50,50-54,,,Person_2699,0,,Madrid
HH_1061,Person_2701,male,53,50-54,,,,0,,
HH_1062,Person_2702,female,11,10-14,,Person_2705,,0,,
HH_1062,Person_2703,female,6,5-9,,Person_2705,,0,,
HH_1062,Person_2704,female,14,10-14,,Person_2705,,0,,
HH_1062,Person_2705,female,39,35-39,,,,3,,Madrid
HH_1063,Person_2706,female,59,55-59,,,,0,,Madrid
HH_1064,Person_2707,female,23,20-24,Person_2708,,,0,Fuenlabrada,
HH_1064,Person_2708,male,57,55-59,,,Person_2709,1,Fuenlabrada,
HH_1064,Person_2709,male,52,50-54,,,Person_2708,0,Fuenlabrada,
HH_1065,Person_2710,male,50,50-54,,,,0,,
HH_1066,Person_2711,female,14,10-14,Person_2713,,,0,Mostoles,
HH_1066,Person_2712,female,30,30-34,Person_2713,,,0,Mostoles,
HH_1066,Person_2713,male,58,55-59,,,Person_2714,2,Mostoles,
HH_1066,Person_2714,male,66,65-69,,,Person_2713,0,Mostoles,
HH_1067,Person_2715,female,91,90-94,,,,0,Madrid,
HH_1068,Person_2716,female,64,60-64,,,,0,Madrid,
HH_1069,Person_2717,male,35,35-39,,,,0,,Madrid
HH_1069,Person_2718,male,37,35-39,,,,0,,
HH_1069,Person_2719,female,92,90-94,,,,0,,
HH_1069,Person_2720,male,29,25-29,,,,0,,Logista
HH_1070,Person_2721,male,71,70-74,,,,0,,
HH_1071,Person_2722,female,0,0-4,,Person_2724,,0,Madrid,Escuela Infantil Rosa Caramelo
HH_1071,Person_2723,female,0,0-4,,Person_2724,,0,Madrid,
HH_1071,Person_2724,female,30,30-34,,,,2,Madrid,
HH_1072,Person_2725,male,47,45-49,,,,0,,Madrid
HH_1073,Person_2726,male,1,0-4,Person_2727,,,0,,Escuela Infantil Rosa Caramelo
HH_1073,Person_2727,male,31,30-34,,,Person_2728,1,,Madrid
HH_1073,Person_2728,male,25,25-29,,,Person_2727,0,,Edificio Agustín de Betancourt
HH_1074,Person_2729,male,23,20-24,,Person_2730,,0,Madrid,
HH_1074,Person_2730,female,50,50-54,,,Person_2731,1,Madrid,
HH_1074,Person_2731,female,54,50-54,,,Person_2730,0,Madrid,
HH_1075,Person_2732,male,26,25-29,Person_2733,,,0,,Madrid
HH_1075,Person_2733,male,57,55-59,,,Person_2734,1,,Madrid
HH_1075,Person_2734,male,53,50-54,,,Person_2733,0,,Madrid
HH_1076,Person_2735,female,59,55-59,,,,0,,Madrid
HH_1077,Person_2736,female,87,85-89,,,,0,,
HH_1077,Person_2737,female,83,80-84,,,,0,,
HH_1078,Person_2738,male,65,65-69,,,,0,,
HH_1079,Person_2739,female,2,0-4,Person_2742,,,0,,
HH_1079,Person_2740,male,7,5-9,Person_2742,,,0,,
HH_1079,Person_2741,female,3,0-4,Person_2742,,,0,,
HH_1079,Person_2742,male,32,30-34,,,,3,,Madrid
HH_1080,Person_2743,female,92,90-94,,,,0,,
HH_1081,Person_2744,male,19,15-19,,Person_2745,,0,,Madrid
HH_1081,Person_2745,female,38,35-39,,,Person_2746,1,,Madrid
HH_1081,Person_2746,female,38,35-39,,,Person_2745,0,,Madrid
HH_1082,Person_2747,male,33,30-34,,,,0,,Madrid
HH_1082,Person_2748,female,83,80-84,,,,0,,
HH_1083,Person_2749,male,3,0-4,Person_2750,,,0,,
HH_1083,Person_2750,male,32,30-34,,,Person_2751,1,,Madrid
HH_1083,Person_2751,male,32,30-34,,,Person_2750,0,,
HH_1084,Person_2752,male,47,45-49,,,,0,Mostoles,
HH_1084,Person_2753,female,71,70-74,,,,0,Mostoles,
HH_1085,Person_2754,male,19,15-19,Person_2758,,,0,,Madrid
HH_1085,Person_2755,female,16,15-19,Person_2758,,,0,,
HH_1085,Person_2756,female,9,5-9,Person_2758,,,0,,
HH_1085,Person_2757,female,5,5-9,Person_2758,,,0,,
HH_1085,Person_2758,male,48,45-49,,,,4,,Madrid
HH_1086,Person_2759,female,99,95-99,,,,0,Madrid,
HH_1086,Person_2760,female,35,35-39,,,,0,Madrid,
HH_1087,Person_2761,male,15,15-19,Person_2765,,,0,,
HH_1087,Person_2762,female,6,5-9,Person_2765,,,0,,
HH_1087,Person_2763,male,10,10-14,Person_2765,,,0,,
HH_1087,Person_2764,male,20,20-24,Person_2765,,,0,,Parque Científico de la Universidad Carlos III de Madrid
HH_1087,Person_2765,male,54,50-54,,,,4,,Madrid
HH_1088,Person_2766,male,30,30-34,,Person_2767,,0,,
HH_1088,Person_2767,female,74,70-74,,,Person_2768,1,,
HH_1088,Person_2768,female,96,95-99,,,Person_2767,0,,
HH_1089,Person_2769,male,41,40-44,Person_2770,,,0,,Madrid
HH_1089,Person_2770,male,76,75-79,,,Person_2771,1,,
HH_1089,Person_2771,male,50,50-54,,,Person_2770,0,,Madrid
HH_1090,Person_2772,male,81,80-84,,,,0,Madrid,
HH_1090,Person_2773,male,82,80-84,,,,0,Madrid,
HH_1091,Person_2774,male,60,60-64,,,,0,Madrid,
HH_1092,Person_2775,male,77,75-79,,,,0,Teatro Egaleo,
HH_1092,Person_2776,male,72,70-74,,,,0,Teatro Egaleo,
HH_1093,Person_2777,male,40,40-44,,,,0,Madrid,
HH_1094,Person_2778,female,10,10-14,,Person_2781,,0,Madrid,
HH_1094,Person_2779,male,10,10-14,,Person_2781,,0,Madrid,
HH_1094,Person_2780,female,20,20-24,,Person_2781,,0,Madrid,Edificio Agustín de Betancourt
HH_1094,Person_2781,female,39,35-39,,,,3,Madrid,
HH_1095,Person_2782,male,90,90-94,,,,0,Fuenlabrada,
HH_1096,Person_2783,female,15,15-19,Person_2785,,,0,,
HH_1096,Person_2784,male,1,0-4,Person_2785,,,0,,
HH_1096,Person_2785,male,50,50-54,,,,2,,Madrid
HH_1097,Person_2786,female,94,90-94,,Person_2788,,0,Madrid,
HH_1097,Person_2787,male,103,100-120,,Person_2788,,0,Madrid,
HH_1097,Person_2788,female,126,100-120,,,Person_2789,2,Madrid,
HH_1097,Person_2789,female,84,80-84,,,Person_2788,0,Madrid,
HH_1098,Person_2790,female,92,90-94,,,,0,,
HH_1099,Person_2791,female,74,70-74,,Person_2792,,0,Mostoles,
HH_1099,Person_2792,female,104,100-120,,,,1,Mostoles,
HH_1100,Person_2793,female,13,10-14,,Person_2795,,0,Madrid,
HH_1100,Person_2794,male,31,30-34,,Person_2795,,0,Madrid,
HH_1100,Person_2795,female,74,70-74,,,Person_2796,2,Madrid,
HH_1100,Person_2796,female,55,55-59,,,Person_2795,0,Madrid,McFit
HH_1101,Person_2797,female,90,90-94,,,,0,,
HH_1101,Person_2798,male,99,95-99,,,,0,,
HH_1102,Person_2799,female,22,20-24,,Person_2803,,0,,
HH_1102,Person_2800,female,3,0-4,,Person_2803,,0,,
HH_1102,Person_2801,male,2,0-4,,Person_2803,,0,,
HH_1102,Person_2802,male,20,20-24,,Person_2803,,0,,
HH_1102,Person_2803,female,48,45-49,,,,4,,Madrid
HH_1103,Person_2804,male,6,5-9,,Person_2805,,0,,
HH_1103,Person_2805,female,44,40-44,,,Person_2806,1,,Madrid
HH_1103,Person_2806,female,54,50-54,,,Person_2805,0,,Madrid
HH_1104,Person_2807,female,20,20-24,,Person_2809,,0,Madrid,
HH_1104,Person_2808,male,35,35-39,,Person_2809,,0,Madrid,
HH_1104,Person_2809,female,54,50-54,,,Person_2810,2,Madrid,
HH_1104,Person_2810,female,53,50-54,,,Person_2809,0,Madrid,
HH_1105,Person_2811,female,25,25-29,Person_2812,,,0,Fuenlabrada,
HH_1105,Person_2812,male,40,40-44,,,Person_2813,1,Fuenlabrada,
HH_1105,Person_2813,male,31,30-34,,,Person_2812,0,Fuenlabrada,Iberdrola Distribución Eléctrica
HH_1106,Person_2814,female,15,15-19,Person_2815,,,0,Madrid,
HH_1106,Person_2815,male,43,40-44,,,Person_2816,1,Madrid,
HH_1106,Person_2816,male,33,30-34,,,Person_2815,0,Madrid,
HH_1107,Person_2817,female,67,65-69,,,,0,,
HH_1108,Person_2818,female,75,75-79,,,,0,Madrid,
HH_1108,Person_2819,female,87,85-89,,,,0,Madrid,
HH_1109,Person_2820,female,88,85-89,,,,0,Alcorcon,
HH_1110,Person_2821,male,66,65-69,,,,0,Sol y Vida,
HH_1110,Person_2822,male,94,90-94,,,,0,Sol y Vida,
HH_1110,Person_2823,female,55,55-59,,,,0,Sol y Vida,Alcorcon
HH_1110,Person_2824,male,36,35-39,,,,0,Sol y Vida,Madrid
HH_1111,Person_2825,male,82,80-84,,,,0,,
HH_1111,Person_2826,male,76,75-79,,,,0,,
HH_1112,Person_2827,female,4,0-4,Person_2828,,,0,Fuenlabrada,
HH_1112,Person_2828,male,37,35-39,,,Person_2829,1,Fuenlabrada,
HH_1112,Person_2829,male,33,30-34,,,Person_2828,0,Fuenlabrada,
HH_1113,Person_2830,male,75,75-79,,,,0,,
HH_1113,Person_2831,female,92,90-94,,,,0,,
HH_1114,Person_2832,female,47,45-49,,,,0,,
HH_1115,Person_2833,male,63,60-64,,,,0,,Madrid
HH_1115,Person_2834,female,30,30-34,,,,0,,
HH_1115,Person_2835,female,39,35-39,,,,0,,Madrid
HH_1116,Person_2836,male,83,80-84,,,,0,,
HH_1116,Person_2837,female,36,35-39,,,,0,,Madrid
HH_1117,Person_2838,male,96,95-99,,,,0,,
HH_1117,Person_2839,male,48,45-49,,,,0,,Madrid
HH_1118,Person_2840,female,46,45-49,,,,0,,Madrid
HH_1118,Person_2841,female,24,20-24,,,,0,,
HH_1119,Person_2842,female,41,40-44,,Person_2844,,0,,Madrid
HH_1119,Person_2843,female,50,50-54,,Person_2844,,0,,
HH_1119,Person_2844,female,76,75-79,,,,2,,
HH_1120,Person_2845,female,43,40-44,,,,0,,Madrid
HH_1120,Person_2846,male,34,30-34,,,,0,,Fuenlabrada
HH_1121,Person_2847,female,87,85-89,,,,0,,
HH_1121,Person_2848,female,82,80-84,,,,0,,
HH_1122,Person_2849,male,11,10-14,Person_2850,,,0,Alcorcon,
HH_1122,Person_2850,male,36,35-39,,,Person_2851,1,Alcorcon,
HH_1122,Person_2851,male,34,30-34,,,Person_2850,0,Alcorcon,
HH_1123,Person_2852,male,0,0-4,Person_2854,,,0,Madrid,
HH_1123,Person_2853,male,0,0-4,Person_2854,,,0,Madrid,
HH_1123,Person_2854,male,37,35-39,,,,2,Madrid,
HH_1124,Person_2855,male,16,15-19,,Person_2857,,0,,
HH_1124,Person_2856,female,27,25-29,,Person_2857,,0,,
HH_1124,Person_2857,female,62,60-64,,,Person_2858,2,,Madrid
HH_1124,Person_2858,female,93,90-94,,,Person_2857,0,,
HH_1125,Person_2859,female,97,95-99,,,,0,,
HH_1126,Person_2860,female,63,60-64,,,,0,,Madrid
HH_1126,Person_2861,male,35,35-39,,,,0,,Madrid
HH_1127,Person_2862,male,18,15-19,Person_2864,,,0,Mostoles,
HH_1127,Person_2863,female,27,25-29,Person_2864,,,0,Mostoles,
HH_1127,Person_2864,male,58,55-59,,,Person_2865,2,Mostoles,
HH_1127,Person_2865,male,43,40-44,,,Person_2864,0,Mostoles,
HH_1128,Person_2866,female,22,20-24,,Person_2868,,0,Fuenlabrada,Fundación IMDEA Networks
HH_1128,Person_2867,female,30,30-34,,Person_2868,,0,Fuenlabrada,Edificio Sabatini
HH_1128,Person_2868,female,74,70-74,,,Person_2869,2,Fuenlabrada,
HH_1128,Person_2869,female,63,60-64,,,Person_2868,0,Fuenlabrada,
HH_1129,Person_2870,male,80,80-84,,,,0,Fuenlabrada,
HH_1130,Person_2871,male,88,85-89,,,,0,Getafe norte,
HH_1130,Person_2872,female,94,90-94,,,,0,Getafe norte,
HH_1130,Person_2873,male,76,75-79,,,,0,Getafe norte,
HH_1130,Person_2874,male,47,45-49,,,,0,Getafe norte,
HH_1130,Person_2875,female,45,45-49,,,,0,Getafe norte,
HH_1131,Person_2876,male,16,15-19,,Person_2877,,0,,
HH_1131,Person_2877,female,43,40-44,,,,1,,Madrid
HH_1132,Person_2878,female,71,70-74,,,,0,,
HH_1133,Person_2879,female,85,85-89,,,,0,,
HH_1134,Person_2880,male,5,5-9,Person_2882,,,0,Madrid,
HH_1134,Person_2881,male,25,25-29,Person_2882,,,0,Madrid,Edificio Sabatini
HH_1134,Person_2882,male,54,50-54,,,Person_2883,2,Madrid,
HH_1134,Person_2883,male,52,50-54,,,Person_2882,0,Madrid,
HH_1135,Person_2884,female,31,30-34,,,,0,,Madrid
HH_1135,Person_2885,female,48,45-49,,,,0,,
HH_1135,Person_2886,female,30,30-34,,,,0,,Edificio Agustín de Betancourt
HH_1136,Person_2887,female,41,40-44,,,,0,,Madrid
HH_1136,Person_2888,male,56,55-59,,,,0,,Getafe norte
HH_1137,Person_2889,male,39,35-39,,,,0,Madrid,
HH_1137,Person_2890,female,35,35-39,,,,0,Madrid,
HH_1138,Person_2891,female,40,40-44,Person_2892,,,0,,Madrid
HH_1138,Person_2892,male,69,65-69,,,,1,,
HH_1139,Person_2893,male,16,15-19,Person_2895,,,0,Madrid,
HH_1139,Person_2894,male,28,25-29,Person_2895,,,0,Madrid,Edificio Torres Quevedo
HH_1139,Person_2895,male,61,60-64,,,Person_2896,2,Madrid,
HH_1139,Person_2896,male,41,40-44,,,Person_2895,0,Madrid,
HH_1140,Person_2897,male,5,5-9,Person_2900,,,0,,
HH_1140,Person_2898,male,10,10-14,Person_2900,,,0,,
HH_1140,Person_2899,male,3,0-4,Person_2900,,,0,,
HH_1140,Person_2900,male,42,40-44,,,Person_2901,3,,Madrid
HH_1140,Person_2901,male,37,35-39,,,Person_2900,0,,Mostoles
HH_1141,Person_2902,female,73,70-74,,,,0,,
HH_1142,Person_2903,male,82,80-84,,,,0,Madrid,
HH_1142,Person_2904,female,45,45-49,,,,0,Madrid,
HH_1142,Person_2905,female,76,75-79,,,,0,Madrid,
HH_1143,Person_2906,female,3,0-4,Person_2908,,,0,,
HH_1143,Person_2907,male,31,30-34,Person_2908,,,0,,Fuenlabrada
HH_1143,Person_2908,male,47,45-49,,,Person_2909,2,,Madrid
HH_1143,Person_2909,male,41,40-44,,,Person_2908,0,,Madrid
HH_1144,Person_2910,female,2,0-4,,Person_2912,,0,,
HH_1144,Person_2911,male,35,35-39,,Person_2912,,0,,Madrid
HH_1144,Person_2912,female,68,65-69,,,Person_2913,2,,
HH_1144,Person_2913,female,72,70-74,,,Person_2912,0,,
HH_1145,Person_2914,female,36,35-39,,,,0,Madrid,
HH_1145,Person_2915,female,42,40-44,,,,0,Madrid,
HH_1146,Person_2916,female,59,55-59,Person_2917,,,0,,Madrid
HH_1146,Person_2917,male,87,85-89,,,,1,,
HH_1147,Person_2918,female,89,85-89,,Person_2919,,0,,
HH_1147,Person_2919,female,119,100-120,,,,1,,
HH_1148,Person_2920,male,12,10-14,,Person_2921,,0,Madrid,
HH_1148,Person_2921,female,46,45-49,,,Person_2922,1,Madrid,
HH_1148,Person_2922,female,43,40-44,,,Person_2921,0,Madrid,
HH_1149,Person_2923,female,12,10-14,,Person_2925,,0,,
HH_1149,Person_2924,male,13,10-14,,Person_2925,,0,,
HH_1149,Person_2925,female,30,30-34,,,,2,,Edificio Agustín de Betancourt
HH_1150,Person_2926,male,70,70-74,,,,0,,
HH_1151,Person_2927,female,94,90-94,,,,0,Madrid,
HH_1152,Person_2928,female,7,5-9,,Person_2930,,0,,
HH_1152,Person_2929,female,35,35-39,,Person_2930,,0,,Madrid
HH_1152,Person_2930,female,67,65-69,,,Person_2931,2,,
HH_1152,Person_2931,female,82,80-84,,,Person_2930,0,,
HH_1153,Person_2932,female,6,5-9,Person_2936,,,0,,
HH_1153,Person_2933,male,7,5-9,Person_2936,,,0,,
HH_1153,Person_2934,female,0,0-4,Person_2936,,,0,,
HH_1153,Person_2935,female,11,10-14,Person_2936,,,0,,
HH_1153,Person_2936,male,54,50-54,,,,4,,Madrid
HH_1154,Person_2937,male,26,25-29,,,,0,,Parque Científico de la Universidad Carlos III de Madrid
HH_1155,Person_2938,female,25,25-29,,Person_2939,,0,Madrid,
HH_1155,Person_2939,female,57,55-59,,,Person_2940,1,Madrid,
HH_1155,Person_2940,female,56,55-59,,,Person_2939,0,Madrid,
HH_1156,Person_2941,male,31,30-34,Person_2942,,,0,,
HH_1156,Person_2942,male,62,60-64,,,Person_2943,1,,Medicentro
HH_1156,Person_2943,male,41,40-44,,,Person_2942,0,,Fuenlabrada
HH_1157,Person_2944,female,53,50-54,,,,0,Fuenlabrada,
HH_1158,Person_2945,female,25,25-29,,,,0,Fuenlabrada,Parque Científico de la Universidad Carlos III de Madrid
HH_1158,Person_2946,female,53,50-54,,,,0,Fuenlabrada,
HH_1159,Person_2947,male,46,45-49,,,,0,,Madrid
HH_1159,Person_2948,male,79,75-79,,,,0,,
HH_1160,Person_2949,female,35,35-39,,,,0,,Mercadona
HH_1161,Person_2950,male,19,15-19,,Person_2953,,0,Fuenlabrada,Biblioteca Rey Pastor
HH_1161,Person_2951,male,11,10-14,,Person_2953,,0,Fuenlabrada,
HH_1161,Person_2952,male,4,0-4,,Person_2953,,0,Fuenlabrada,
HH_1161,Person_2953,female,50,50-54,,,Person_2954,3,Fuenlabrada,SNB Solo Neumáticos Baratos
HH_1161,Person_2954,female,54,50-54,,,Person_2953,0,Fuenlabrada,
HH_1162,Person_2955,female,23,20-24,,,,0,,Biblioteca Rey Pastor
HH_1163,Person_2956,male,0,0-4,Person_2957,,,0,,Escuela Infantil Rosa Caramelo
HH_1163,Person_2957,male,43,40-44,,,Person_2958,1,,Madrid
HH_1163,Person_2958,male,36,35-39,,,Person_2957,0,,
HH_1164,Person_2959,male,92,90-94,,,,0,,
HH_1164,Person_2960,male,30,30-34,,,,0,,Parque Científico de la Universidad Carlos III de Madrid
HH_1165,Person_2961,female,64,60-64,,,,0,,Madrid
HH_1165,Person_2962,female,27,25-29,,,,0,,Edificio Sabatini
HH_1166,Person_2963,female,78,75-79,,,,0,,
HH_1166,Person_2964,female,20,20-24,,,,0,,Edificio Torres Quevedo
HH_1167,Person_2965,male,30,30-34,,,,0,Madrid,
HH_1167,Person_2966,male,69,65-69,,,,0,Madrid,
HH_1168,Person_2967,female,13,10-14,,Person_2968,,0,Getafe norte,
HH_1168,Person_2968,female,32,30-34,,,Person_2969,1,Getafe norte,
HH_1168,Person_2969,female,38,35-39,,,Person_2968,0,Getafe norte,
HH_1169,Person_2970,male,74,70-74,,,,0,Madrid,
HH_1170,Person_2971,female,26,25-29,,,,0,,Biblioteca Rey Pastor
HH_1171,Person_2972,female,71,70-74,,,,0,Madrid,
HH_1171,Person_2973,male,37,35-39,,,,0,Madrid,
HH_1171,Person_2974,female,21,20-24,,,,0,Madrid,Edificio Agustín de Betancourt
HH_1171,Person_2975,female,80,80-84,,,,0,Madrid,
HH_1172,Person_2976,female,1,0-4,,Person_2979,,0,Madrid,
HH_1172,Person_2977,female,5,5-9,,Person_2979,,0,Madrid,
HH_1172,Person_2978,male,9,5-9,,Person_2979,,0,Madrid,
HH_1172,Person_2979,female,24,20-24,,,,3,Madrid,
HH_1173,Person_2980,male,65,65-69,,,,0,,
HH_1173,Person_2981,female,30,30-34,,,,0,,Edificio Juan Benet
HH_1173,Person_2982,male,50,50-54,,,,0,,Fuenlabrada
HH_1174,Person_2983,female,49,45-49,,,,0,Madrid,
HH_1174,Person_2984,female,26,25-29,,,,0,Madrid,
HH_1175,Person_2985,female,88,85-89,,,,0,,
HH_1175,Person_2986,female,31,30-34,,,,0,,Madrid
HH_1176,Person_2987,female,97,95-99,,,,0,Mostoles,
HH_1176,Person_2988,female,84,80-84,,,,0,Mostoles,
HH_1177,Person_2989,female,31,30-34,,,,0,,
HH_1177,Person_2990,male,58,55-59,,,,0,,Madrid
HH_1178,Person_2991,male,84,80-84,,,,0,,
HH_1178,Person_2992,female,42,40-44,,,,0,,Madrid
HH_1179,Person_2993,male,64,60-64,,,,0,Madrid,
HH_1180,Person_2994,female,90,90-94,,,,0,,
HH_1180,Person_2995,male,76,75-79,,,,0,,
HH_1181,Person_2996,female,13,10-14,Person_2998,,,0,Madrid,
HH_1181,Person_2997,female,32,30-34,Person_2998,,,0,Madrid,
HH_1181,Person_2998,male,73,70-74,,,Person_2999,2,Madrid,
HH_1181,Person_2999,male,73,70-74,,,Person_2998,0,Madrid,
HH_1182,Person_3000,male,72,70-74,Person_3002,,,0,,
HH_1182,Person_3001,male,78,75-79,Person_3002,,,0,,
HH_1182,Person_3002,male,108,100-120,,,Person_3003,2,,
HH_1182,Person_3003,male,67,65-69,,,Person_3002,0,,
HH_1183,Person_3004,male,84,80-84,,,,0,Madrid,
HH_1183,Person_3005,female,98,95-99,,,,0,Madrid,
HH_1183,Person_3006,female,37,35-39,,,,0,Madrid,
HH_1184,Person_3007,male,87,85-89,,,,0,Radiotrans Iberia,
HH_1184,Person_3008,female,51,50-54,,,,0,Radiotrans Iberia,Madrid
HH_1185,Person_3009,male,0,0-4,Person_3012,,,0,,Escuela Infantil Rosa Caramelo
HH_1185,Person_3010,male,2,0-4,Person_3012,,,0,,
HH_1185,Person_3011,male,2,0-4,Person_3012,,,0,,
HH_1185,Person_3012,male,28,25-29,,,Person_3013,3,,Edificio Juan Benet
HH_1185,Person_3013,male,25,25-29,,,Person_3012,0,,Edificio Torres Quevedo
HH_1186,Person_3014,male,19,15-19,Person_3015,,,0,,Fuenlabrada
HH_1186,Person_3015,male,52,50-54,,,Person_3016,1,,Madrid
HH_1186,Person_3016,male,45,45-49,,,Person_3015,0,,Madrid
HH_1187,Person_3017,male,21,20-24,,Person_3018,,0,,
HH_1187,Person_3018,female,50,50-54,,,Person_3019,1,,Madrid
HH_1187,Person_3019,female,46,45-49,,,Person_3018,0,,
HH_1188,Person_3020,male,6,5-9,Person_3021,,,0,Mostoles,
HH_1188,Person_3021,male,33,30-34,,,Person_3022,1,Mostoles,Centro Ocupacional Fundación F.A.D.
HH_1188,Person_3022,male,34,30-34,,,Person_3021,0,Mostoles,Pabellón Europa
HH_1189,Person_3023,female,8,5-9,,Person_3024,,0,,
HH_1189,Person_3024,female,42,40-44,,,,1,,Madrid
HH_1190,Person_3025,female,77,75-79,,,,0,,
HH_1191,Person_3026,female,6,5-9,,Person_3027,,0,,Escuela Municipal de Música Manuel Rodríguez Sales
HH_1191,Person_3027,female,33,30-34,,,Person_3028,1,,
HH_1191,Person_3028,female,34,30-34,,,Person_3027,0,,Madrid
HH_1192,Person_3029,female,55,55-59,,,,0,Alcorcon,
HH_1192,Person_3030,male,96,95-99,,,,0,Alcorcon,
HH_1193,Person_3031,male,76,75-79,,,,0,,
HH_1194,Person_3032,male,33,30-34,,,,0,,Getafe norte
HH_1194,Person_3033,female,66,65-69,,,,0,,
HH_1195,Person_3034,female,22,20-24,,Person_3038,,0,,Madrid
HH_1195,Person_3035,male,20,20-24,,Person_3038,,0,,Madrid
HH_1195,Person_3036,male,17,15-19,,Person_3038,,0,,
HH_1195,Person_3037,female,28,25-29,,Person_3038,,0,,Mostoles
HH_1195,Person_3038,female,75,75-79,,,,4,,
HH_1196,Person_3039,female,22,20-24,,Person_3042,,0,Alcorcon,
HH_1196,Person_3040,male,6,5-9,,Person_3042,,0,Alcorcon,
HH_1196,Person_3041,female,18,15-19,,Person_3042,,0,Alcorcon,
HH_1196,Person_3042,female,65,65-69,,,,3,Alcorcon,
HH_1197,Person_3043,female,22,20-24,,Person_3045,,0,,Madrid
HH_1197,Person_3044,male,28,25-29,,Person_3045,,0,,Parque Científico de la Universidad Carlos III de Madrid
HH_1197,Person_3045,female,71,70-74,,,Person_3046,2,,
HH_1197,Person_3046,female,86,85-89,,,Person_3045,0,,
HH_1198,Person_3047,female,42,40-44,,,,0,,Madrid
HH_1198,Person_3048,female,82,80-84,,,,0,,
HH_1199,Person_3049,male,23,20-24,,,,0,,
HH_1199,Person_3050,female,84,80-84,,,,0,,
HH_1200,Person_3051,male,64,60-64,,,,0,,Madrid
HH_1200,Person_3052,male,36,35-39,,,,0,,Madrid
HH_1201,Person_3053,male,28,25-29,,,,0,,Parque Científico de la Universidad Carlos III de Madrid
HH_1201,Person_3054,female,45,45-49,,,,0,,Madrid
HH_1202,Person_3055,male,15,15-19,Person_3057,,,0,,
HH_1202,Person_3056,female,32,30-34,Person_3057,,,0,,Madrid
HH_1202,Person_3057,male,57,55-59,,,Person_3058,2,,Madrid
HH_1202,Person_3058,male,55,55-59,,,Person_3057,0,,Madrid
HH_1203,Person_3059,female,18,15-19,Person_3060,,,0,,Edificio Juan Benet
HH_1203,Person_3060,male,44,40-44,,,,1,,Madrid
HH_1204,Person_3061,male,7,5-9,,Person_3063,,0,,
HH_1204,Person_3062,male,33,30-34,,Person_3063,,0,,Madrid
HH_1204,Person_3063,female,49,45-49,,,Person_3064,2,,Mostoles
HH_1204,Person_3064,female,58,55-59,,,Person_3063,0,,Madrid
HH_1205,Person_3065,female,71,70-74,,,,0,,
HH_1206,Person_3066,female,50,50-54,,,,0,,Madrid
HH_1207,Person_3067,male,33,30-34,,Person_3068,,0,,
HH_1207,Person_3068,female,50,50-54,,,,1,,Madrid
HH_1208,Person_3069,male,5,5-9,,Person_3071,,0,Madrid,
HH_1208,Person_3070,female,29,25-29,,Person_3071,,0,Madrid,Edificio Agustín de Betancourt
HH_1208,Person_3071,female,56,55-59,,,Person_3072,2,Madrid,
HH_1208,Person_3072,female,86,85-89,,,Person_3071,0,Madrid,
HH_1209,Person_3073,female,35,35-39,,,,0,Madrid,
HH_1209,Person_3074,female,82,80-84,,,,0,Madrid,
HH_1210,Person_3075,female,67,65-69,,,,0,,
HH_1211,Person_3076,male,4,0-4,,Person_3079,,0,,Escuela Infantil Rosa Caramelo
HH_1211,Person_3077,male,9,5-9,,Person_3079,,0,,
HH_1211,Person_3078,male,4,0-4,,Person_3079,,0,,
HH_1211,Person_3079,female,53,50-54,,,,3,,Madrid
HH_1212,Person_3080,female,97,95-99,,,,0,Extremadura,
HH_1213,Person_3081,female,73,70-74,,,,0,,
HH_1214,Person_3082,female,60,60-64,,,,0,Fuenlabrada,Hotel de Asociaciones
HH_1215,Person_3083,male,26,25-29,,Person_3084,,0,Alcorcon,Edificio Juan Benet
HH_1215,Person_3084,female,43,40-44,,,Person_3085,1,Alcorcon,
HH_1215,Person_3085,female,42,40-44,,,Person_3084,0,Alcorcon,
HH_1216,Person_3086,female,89,85-89,,,,0,Madrid,
HH_1216,Person_3087,female,36,35-39,,,,0,Madrid,
HH_1217,Person_3088,male,68,65-69,,,,0,,
HH_1217,Person_3089,female,82,80-84,,,,0,,
HH_1218,Person_3090,female,15,15-19,Person_3091,,,0,,
HH_1218,Person_3091,male,41,40-44,,,,1,,Madrid
HH_1219,Person_3092,male,11,10-14,,Person_3093,,0,,
HH_1219,Person_3093,female,27,25-29,,,Person_3094,1,,Madrid
HH_1219,Person_3094,female,29,25-29,,,Person_3093,0,,
HH_1220,Person_3095,male,67,65-69,,,,0,Fuenlabrada,
HH_1221,Person_3096,female,76,75-79,,,,0,Madrid,
HH_1222,Person_3097,female,7,5-9,Person_3099,,,0,Madrid,
HH_1222,Person_3098,female,34,30-34,Person_3099,,,0,Madrid,
HH_1222,Person_3099,male,65,65-69,,,Person_3100,2,Madrid,
HH_1222,Person_3100,male,37,35-39,,,Person_3099,0,Madrid,
HH_1223,Person_3101,male,78,75-79,,,,0,Fuenlabrada,
HH_1224,Person_3102,female,27,25-29,,,,0,,Edificio Sabatini
HH_1225,Person_3103,male,64,60-64,,,,0,,Madrid
HH_1225,Person_3104,female,41,40-44,,,,0,,
HH_1226,Person_3105,male,80,80-84,,,,0,,
HH_1226,Person_3106,male,88,85-89,,,,0,,
HH_1227,Person_3107,male,21,20-24,,Person_3108,,0,,Madrid
HH_1227,Person_3108,female,50,50-54,,,,1,,Adidas Outlet
HH_1228,Person_3109,male,46,45-49,,,,0,,
HH_1229,Person_3110,male,1,0-4,,Person_3111,,0,Madrid,
HH_1229,Person_3111,female,41,40-44,,,Person_3112,1,Madrid,
HH_1229,Person_3112,female,58,55-59,,,Person_3111,0,Madrid,
HH_1230,Person_3113,female,66,65-69,,,,0,,
HH_1231,Person_3114,female,94,90-94,,,,0,Fuenlabrada,
HH_1232,Person_3115,female,22,20-24,,,,0,,
HH_1233,Person_3116,female,6,5-9,Person_3119,,,0,,
HH_1233,Person_3117,male,8,5-9,Person_3119,,,0,,
HH_1233,Person_3118,female,6,5-9,Person_3119,,,0,,
HH_1233,Person_3119,male,27,25-29,,,Person_3120,3,,Alcorcon
HH_1233,Person_3120,male,25,25-29,,,Person_3119,0,,
HH_1234,Person_3121,female,1,0-4,,Person_3123,,0,,
HH_1234,Person_3122,female,34,30-34,,Person_3123,,0,,Alcorcon
HH_1234,Person_3123,female,74,70-74,,,Person_3124,2,,
HH_1234,Person_3124,female,75,75-79,,,Person_3123,0,,
HH_1235,Person_3125,male,16,15-19,Person_3126,,,0,,Escuela Infantil El Romancero
HH_1235,Person_3126,male,41,40-44,,,,1,,Madrid
HH_1236,Person_3127,male,34,30-34,,,,0,Alcorcon,
HH_1237,Person_3128,female,11,10-14,Person_3130,,,0,,
HH_1237,Person_3129,female,32,30-34,Person_3130,,,0,,Madrid
HH_1237,Person_3130,male,57,55-59,,,Person_3131,2,,
HH_1237,Person_3131,male,55,55-59,,,Person_3130,0,,Fuenlabrada
HH_1238,Person_3132,male,63,60-64,,,,0,,
HH_1239,Person_3133,male,56,55-59,,,,0,Fuenlabrada,Roymardi
HH_1239,Person_3134,female,55,55-59,,,,0,Fuenlabrada,
HH_1240,Person_3135,male,57,55-59,,,,0,Madrid,
HH_1241,Person_3136,male,4,0-4,Person_3138,,,0,,
HH_1241,Person_3137,female,31,30-34,Person_3138,,,0,,Madrid
HH_1241,Person_3138,male,48,45-49,,,Person_3139,2,,Getafe norte
HH_1241,Person_3139,male,47,45-49,,,Person_3138,0,,Madrid
HH_1242,Person_3140,male,3,0-4,,Person_3142,,0,Fuenlabrada,
HH_1242,Person_3141,female,32,30-34,,Person_3142,,0,Fuenlabrada,
HH_1242,Person_3142,female,76,75-79,,,Person_3143,2,Fuenlabrada,
HH_1242,Person_3143,female,59,55-59,,,Person_3142,0,Fuenlabrada,
HH_1243,Person_3144,male,25,25-29,,Person_3146,,0,,
HH_1243,Person_3145,male,35,35-39,,Person_3146,,0,,Getafe norte
HH_1243,Person_3146,female,61,60-64,,,Person_3147,2,,Madrid
HH_1243,Person_3147,female,78,75-79,,,Person_3146,0,,
HH_1244,Person_3148,female,19,15-19,,Person_3150,,0,,Biblioteca Rey Pastor
HH_1244,Person_3149,male,32,30-34,,Person_3150,,0,,Madrid
HH_1244,Person_3150,female,66,65-69,,,Person_3151,2,,
HH_1244,Person_3151,female,70,70-74,,,Person_3150,0,,
HH_1245,Person_3152,male,0,0-4,,Person_3154,,0,,
HH_1245,Person_3153,male,29,25-29,,Person_3154,,0,,Ermita de San Nicasio
HH_1245,Person_3154,female,46,45-49,,,Person_3155,2,,Madrid
HH_1245,Person_3155,female,46,45-49,,,Person_3154,0,,Madrid
HH_1246,Person_3156,female,60,60-64,,,,0,,Madrid
HH_1246,Person_3157,male,90,90-94,,,,0,,
HH_1247,Person_3158,female,48,45-49,,,,0,,Madrid
HH_1248,Person_3159,male,10,10-14,,Person_3162,,0,,
HH_1248,Person_3160,male,17,15-19,,Person_3162,,0,,
HH_1248,Person_3161,male,13,10-14,,Person_3162,,0,,
HH_1248,Person_3162,female,60,60-64,,,,3,,Alcorcon
HH_1249,Person_3163,male,21,20-24,,Person_3166,,0,,Mostoles
HH_1249,Person_3164,male,3,0-4,,Person_3166,,0,,
HH_1249,Person_3165,male,26,25-29,,Person_3166,,0,,Madrid
HH_1249,Person_3166,female,52,50-54,,,,3,,Madrid
HH_1250,Person_3167,male,31,30-34,,,,0,Madrid,
HH_1251,Person_3168,female,39,35-39,Person_3169,,,0,,
HH_1251,Person_3169,male,71,70-74,,,,1,,
HH_1252,Person_3170,female,15,15-19,Person_3171,,,0,,
HH_1252,Person_3171,male,56,55-59,,,Person_3172,1,,Madrid
HH_1252,Person_3172,male,54,50-54,,,Person_3171,0,,Getafe norte
HH_1253,Person_3173,male,65,65-69,,,,0,,
HH_1254,Person_3174,female,81,80-84,,,,0,,
HH_1254,Person_3175,female,99,95-99,,,,0,,
HH_1255,Person_3176,male,89,85-89,,,,0,,
HH_1256,Person_3177,female,67,65-69,,,,0,Extremadura,
HH_1257,Person_3178,male,15,15-19,,Person_3179,,0,,
HH_1257,Person_3179,female,43,40-44,,,Person_3180,1,,Madrid
HH_1257,Person_3180,female,37,35-39,,,Person_3179,0,,
HH_1258,Person_3181,male,32,30-34,,Person_3182,,0,Getafe norte,
HH_1258,Person_3182,female,49,45-49,,,,1,Getafe norte,
HH_1259,Person_3183,male,30,30-34,,,,0,,Madrid
HH_1260,Person_3184,female,90,90-94,,,,0,,
HH_1260,Person_3185,female,60,60-64,,,,0,,
HH_1261,Person_3186,male,76,75-79,,,,0,,
HH_1262,Person_3187,female,54,50-54,,,,0,Madrid,
HH_1262,Person_3188,female,79,75-79,,,,0,Madrid,
HH_1263,Person_3189,female,43,40-44,Person_3190,,,0,,Fuenlabrada
HH_1263,Person_3190,male,69,65-69,,,,1,,
HH_1264,Person_3191,female,34,30-34,,,,0,Madrid,
HH_1264,Person_3192,male,19,15-19,,,,0,Madrid,
HH_1265,Person_3193,male,5,5-9,,Person_3195,,0,,
HH_1265,Person_3194,male,33,30-34,,Person_3195,,0,,Madrid
HH_1265,Person_3195,female,71,70-74,,,Person_3196,2,,
HH_1265,Person_3196,female,65,65-69,,,Person_3195,0,,
HH_1266,Person_3197,female,39,35-39,,,,0,,Madrid
HH_1266,Person_3198,female,55,55-59,,,,0,,Getafe norte
HH_1267,Person_3199,female,38,35-39,,Person_3200,,0,,Madrid
HH_1267,Person_3200,female,65,65-69,,,,1,,
HH_1268,Person_3201,female,70,70-74,,,,0,Madrid,
HH_1269,Person_3202,male,89,85-89,,,,0,,
HH_1269,Person_3203,male,30,30-34,,,,0,,Fundación IMDEA Networks
HH_1270,Person_3204,female,19,15-19,Person_3205,,,0,,Edificio Sabatini
HH_1270,Person_3205,male,61,60-64,,,Person_3206,1,,Madrid
HH_1270,Person_3206,male,56,55-59,,,Person_3205,0,,Madrid
HH_1271,Person_3207,female,2,0-4,Person_3211,,,0,Madrid,
HH_1271,Person_3208,female,4,0-4,Person_3211,,,0,Madrid,
HH_1271,Person_3209,female,1,0-4,Person_3211,,,0,Madrid,
HH_1271,Person_3210,female,10,10-14,Person_3211,,,0,Madrid,
HH_1271,Person_3211,male,38,35-39,,,,4,Madrid,
HH_1272,Person_3212,male,10,10-14,Person_3213,,,0,,
HH_1272,Person_3213,male,36,35-39,,,Person_3214,1,,Madrid
HH_1272,Person_3214,male,39,35-39,,,Person_3213,0,,Madrid
HH_1273,Person_3215,female,4,0-4,,Person_3216,,0,,
HH_1273,Person_3216,female,34,30-34,,,Person_3217,1,,Alcorcon
HH_1273,Person_3217,female,26,25-29,,,Person_3216,0,,Madrid
HH_1274,Person_3218,female,65,65-69,,,,0,Getafe norte,
HH_1274,Person_3219,female,71,70-74,,,,0,Getafe norte,
HH_1275,Person_3220,female,16,15-19,Person_3221,,,0,,
HH_1275,Person_3221,male,49,45-49,,,Person_3222,1,,Madrid
HH_1275,Person_3222,male,44,40-44,,,Person_3221,0,,Mostoles
HH_1276,Person_3223,male,38,35-39,,,,0,,
HH_1276,Person_3224,male,81,80-84,,,,0,,
HH_1277,Person_3225,female,43,40-44,,,,0,,Madrid
HH_1278,Person_3226,female,3,0-4,,Person_3230,,0,,
HH_1278,Person_3227,female,9,5-9,,Person_3230,,0,,
HH_1278,Person_3228,female,13,10-14,,Person_3230,,0,,
HH_1278,Person_3229,male,5,5-9,,Person_3230,,0,,
HH_1278,Person_3230,female,31,30-34,,,,4,,Madrid
HH_1279,Person_3231,female,15,15-19,,Person_3233,,0,Madrid,
HH_1279,Person_3232,female,27,25-29,,Person_3233,,0,Madrid,
HH_1279,Person_3233,female,53,50-54,,,Person_3234,2,Madrid,
HH_1279,Person_3234,female,56,55-59,,,Person_3233,0,Madrid,
HH_1280,Person_3235,female,23,20-24,Person_3236,,,0,,
HH_1280,Person_3236,male,41,40-44,,,Person_3237,1,,
HH_1280,Person_3237,male,31,30-34,,,Person_3236,0,,Madrid
HH_1281,Person_3238,female,51,50-54,,,,0,,
HH_1281,Person_3239,female,29,25-29,,,,0,,
HH_1282,Person_3240,male,5,5-9,Person_3242,,,0,,
HH_1282,Person_3241,female,30,30-34,Person_3242,,,0,,
HH_1282,Person_3242,male,59,55-59,,,Person_3243,2,,Madrid
HH_1282,Person_3243,male,45,45-49,,,Person_3242,0,,Madrid
HH_1283,Person_3244,male,54,50-54,,,,0,,Madrid
HH_1283,Person_3245,male,24,20-24,,,,0,,
HH_1283,Person_3246,female,70,70-74,,,,0,,
HH_1283,Person_3247,male,68,65-69,,,,0,,
HH_1284,Person_3248,male,1,0-4,Person_3250,,,0,Madrid,
HH_1284,Person_3249,female,33,30-34,Person_3250,,,0,Madrid,
HH_1284,Person_3250,male,77,75-79,,,Person_3251,2,Madrid,
HH_1284,Person_3251,male,54,50-54,,,Person_3250,0,Madrid,
HH_1285,Person_3252,male,76,75-79,,,,0,Getafe norte,
HH_1285,Person_3253,male,60,60-64,,,,0,Getafe norte,
HH_1286,Person_3254,female,2,0-4,,Person_3257,,0,,
HH_1286,Person_3255,female,6,5-9,,Person_3257,,0,,
HH_1286,Person_3256,male,7,5-9,,Person_3257,,0,,Centro Ocupacional Juan Ramón Jiménez
HH_1286,Person_3257,female,38,35-39,,,,3,,Madrid
HH_1287,Person_3258,female,67,65-69,,,,0,,
HH_1287,Person_3259,female,48,45-49,,,,0,,Madrid
HH_1288,Person_3260,female,25,25-29,,Person_3261,,0,,Madrid
HH_1288,Person_3261,female,51,50-54,,,Person_3262,1,,Madrid
HH_1288,Person_3262,female,97,95-99,,,Person_3261,0,,
HH_1289,Person_3263,male,42,40-44,,,,0,Madrid,
HH_1289,Person_3264,female,34,30-34,,,,0,Madrid,
HH_1290,Person_3265,female,82,80-84,,,,0,,
HH_1291,Person_3266,female,55,55-59,,Person_3267,,0,,
HH_1291,Person_3267,female,82,80-84,,,,1,,
HH_1292,Person_3268,male,82,80-84,,,,0,,
HH_1293,Person_3269,female,57,55-59,,,,0,,Madrid
HH_1294,Person_3270,male,56,55-59,,,,0,,Madrid
HH_1294,Person_3271,female,38,35-39,,,,0,,Madrid
HH_1295,Person_3272,female,8,5-9,,Person_3276,,0,,
HH_1295,Person_3273,male,16,15-19,,Person_3276,,0,,
HH_1295,Person_3274,male,16,15-19,,Person_3276,,0,,
HH_1295,Person_3275,female,5,5-9,,Person_3276,,0,,
HH_1295,Person_3276,female,49,45-49,,,,4,,Mostoles
HH_1296,Person_3277,male,91,90-94,,,,0,,
HH_1296,Person_3278,female,63,60-64,,,,0,,Madrid
HH_1297,Person_3279,female,20,20-24,,Person_3281,,0,,Madrid
HH_1297,Person_3280,male,35,35-39,,Person_3281,,0,,
HH_1297,Person_3281,female,68,65-69,,,Person_3282,2,,
HH_1297,Person_3282,female,86,85-89,,,Person_3281,0,,
HH_1298,Person_3283,male,45,45-49,,,,0,Madrid,
HH_1299,Person_3284,male,3,0-4,Person_3286,,,0,,
HH_1299,Person_3285,female,34,30-34,Person_3286,,,0,,Madrid
HH_1299,Person_3286,male,77,75-79,,,Person_3287,2,,
HH_1299,Person_3287,male,57,55-59,,,Person_3286,0,,Madrid
HH_1300,Person_3288,male,47,45-49,,,,0,,Madrid
HH_1300,Person_3289,male,41,40-44,,,,0,,Madrid
HH_1301,Person_3290,male,81,80-84,,,,0,,
HH_1301,Person_3291,female,31,30-34,,,,0,,Fuenlabrada
HH_1302,Person_3292,female,33,30-34,,,,0,,Carmen García de Gúdal
HH_1302,Person_3293,male,28,25-29,,,,0,,Edificio Juan Benet
HH_1303,Person_3294,female,57,55-59,,,,0,,
HH_1303,Person_3295,male,44,40-44,,,,0,,Madrid
HH_1304,Person_3296,male,46,45-49,,,,0,,Madrid
HH_1305,Person_3297,male,33,30-34,,,,0,Fuenlabrada,
HH_1306,Person_3298,female,10,10-14,,Person_3302,,0,,
HH_1306,Person_3299,female,16,15-19,,Person_3302,,0,,
HH_1306,Person_3300,male,1,0-4,,Person_3302,,0,,
HH_1306,Person_3301,male,4,0-4,,Person_3302,,0,,
HH_1306,Person_3302,female,43,40-44,,,,4,,Madrid
HH_1307,Person_3303,female,3,0-4,,Person_3307,,0,,Escuela Infantil Rosa Caramelo
HH_1307,Person_3304,male,9,5-9,,Person_3307,,0,,
HH_1307,Person_3305,male,6,5-9,,Person_3307,,0,,
HH_1307,Person_3306,female,9,5-9,,Person_3307,,0,,
HH_1307,Person_3307,female,42,40-44,,,,4,,Madrid
HH_1308,Person_3308,male,24,20-24,,,,0,,
HH_1308,Person_3309,male,64,60-64,,,,0,,Madrid
HH_1309,Person_3310,male,12,10-14,Person_3313,,,0,,Escuela Municipal de Música Manuel Rodríguez Sales
HH_1309,Person_3311,female,9,5-9,Person_3313,,,0,,
HH_1309,Person_3312,male,12,10-14,Person_3313,,,0,,
HH_1309,Person_3313,male,39,35-39,,,Person_3314,3,,Madrid
HH_1309,Person_3314,male,37,35-39,,,Person_3313,0,,Getafe norte
HH_1310,Person_3315,male,5,5-9,,Person_3319,,0,,
HH_1310,Person_3316,female,8,5-9,,Person_3319,,0,,
HH_1310,Person_3317,male,2,0-4,,Person_3319,,0,,
HH_1310,Person_3318,female,3,0-4,,Person_3319,,0,,
HH_1310,Person_3319,female,27,25-29,,,,4,,Fundación IMDEA Networks
HH_1311,Person_3320,male,3,0-4,Person_3323,,,0,,
HH_1311,Person_3321,female,9,5-9,Person_3323,,,0,,
HH_1311,Person_3322,female,3,0-4,Person_3323,,,0,,Escuela Infantil Rosa Caramelo
HH_1311,Person_3323,male,49,45-49,,,Person_3324,3,,Madrid
HH_1311,Person_3324,male,40,40-44,,,Person_3323,0,,Hotel Madrid Leganés
HH_1312,Person_3325,female,22,20-24,,Person_3327,,0,,Edificio Torres Quevedo
HH_1312,Person_3326,female,28,25-29,,Person_3327,,0,,
HH_1312,Person_3327,female,68,65-69,,,,2,,
HH_1313,Person_3328,female,2,0-4,,Person_3329,,0,Madrid,Escuela Infantil Rosa Caramelo
HH_1313,Person_3329,female,39,35-39,,,Person_3330,1,Madrid,Logista
HH_1313,Person_3330,female,33,30-34,,,Person_3329,0,Madrid,
HH_1314,Person_3331,male,33,30-34,,,,0,,Madrid
HH_1314,Person_3332,male,86,85-89,,,,0,,
HH_1315,Person_3333,male,19,15-19,,,,0,Mostoles,
HH_1315,Person_3334,female,97,95-99,,,,0,Mostoles,
HH_1315,Person_3335,female,35,35-39,,,,0,Mostoles,
HH_1315,Person_3336,male,48,45-49,,,,0,Mostoles,The Climb
HH_1316,Person_3337,female,60,60-64,,,,0,Madrid,
HH_1317,Person_3338,male,5,5-9,Person_3342,,,0,,
HH_1317,Person_3339,female,3,0-4,Person_3342,,,0,,
HH_1317,Person_3340,male,9,5-9,Person_3342,,,0,,
HH_1317,Person_3341,male,15,15-19,Person_3342,,,0,,
HH_1317,Person_3342,male,40,40-44,,,,4,,Madrid
HH_1318,Person_3343,male,24,20-24,Person_3345,,,0,,
HH_1318,Person_3344,female,35,35-39,Person_3345,,,0,,Fuenlabrada
HH_1318,Person_3345,male,63,60-64,,,Person_3346,2,,Madrid
HH_1318,Person_3346,male,61,60-64,,,Person_3345,0,,Madrid
HH_1319,Person_3347,female,97,95-99,,,,0,Alcorcon,
HH_1320,Person_3348,female,23,20-24,,Person_3349,,0,,Edificio Agustín de Betancourt
HH_1320,Person_3349,female,55,55-59,,,Person_3350,1,,Madrid
HH_1320,Person_3350,female,59,55-59,,,Person_3349,0,,Madrid
HH_1321,Person_3351,female,65,65-69,,,,0,Alcorcon,
HH_1322,Person_3352,male,97,95-99,,,,0,,
HH_1322,Person_3353,male,40,40-44,,,,0,,Madrid
HH_1323,Person_3354,female,24,20-24,,Person_3357,,0,,
HH_1323,Person_3355,female,6,5-9,,Person_3357,,0,,
HH_1323,Person_3356,female,3,0-4,,Person_3357,,0,,
HH_1323,Person_3357,female,68,65-69,,,Person_3358,3,,
HH_1323,Person_3358,female,89,85-89,,,Person_3357,0,,
HH_1324,Person_3359,female,67,65-69,,,,0,Madrid,
HH_1324,Person_3360,male,36,35-39,,,,0,Madrid,
HH_1325,Person_3361,female,3,0-4,Person_3364,,,0,,
HH_1325,Person_3362,male,8,5-9,Person_3364,,,0,,guardería
HH_1325,Person_3363,female,6,5-9,Person_3364,,,0,,
HH_1325,Person_3364,male,47,45-49,,,,3,,Madrid
HH_1326,Person_3365,female,1,0-4,Person_3367,,,0,,
HH_1326,Person_3366,female,26,25-29,Person_3367,,,0,,Madrid
HH_1326,Person_3367,male,70,70-74,,,Person_3368,2,,
HH_1326,Person_3368,male,63,60-64,,,Person_3367,0,,Getafe norte
HH_1327,Person_3369,female,8,5-9,Person_3371,,,0,Madrid,
HH_1327,Person_3370,male,25,25-29,Person_3371,,,0,Madrid,
HH_1327,Person_3371,male,65,65-69,,,Person_3372,2,Madrid,
HH_1327,Person_3372,male,46,45-49,,,Person_3371,0,Madrid,
HH_1328,Person_3373,female,49,45-49,Person_3374,,,0,Mostoles,Grupo Norte
HH_1328,Person_3374,male,74,70-74,,,,1,Mostoles,
HH_1329,Person_3375,male,26,25-29,Person_3376,,,0,Madrid,
HH_1329,Person_3376,male,54,50-54,,,Person_3377,1,Madrid,
HH_1329,Person_3377,male,53,50-54,,,Person_3376,0,Madrid,
HH_1330,Person_3378,female,36,35-39,,,,0,,Madrid
HH_1331,Person_3379,male,98,95-99,,,,0,,
HH_1332,Person_3380,male,74,70-74,,,,0,,
HH_1333,Person_3381,male,23,20-24,,,,0,Alcorcon,
HH_1334,Person_3382,female,13,10-14,,Person_3383,,0,,
HH_1334,Person_3383,female,47,45-49,,,Person_3384,1,,Madrid
HH_1334,Person_3384,female,49,45-49,,,Person_3383,0,,Madrid
HH_1335,Person_3385,male,18,15-19,,,,0,,
HH_1336,Person_3386,male,11,10-14,Person_3388,,,0,Peugeot,
HH_1336,Person_3387,male,25,25-29,Person_3388,,,0,Peugeot,Edificio Torres Quevedo
HH_1336,Person_3388,male,54,50-54,,,Person_3389,2,Peugeot,
HH_1336,Person_3389,male,41,40-44,,,Person_3388,0,Peugeot,Madrid
HH_1337,Person_3390,male,5,5-9,Person_3392,,,0,,
HH_1337,Person_3391,female,34,30-34,Person_3392,,,0,,Madrid
HH_1337,Person_3392,male,68,65-69,,,Person_3393,2,,
HH_1337,Person_3393,male,55,55-59,,,Person_3392,0,,Getafe norte
HH_1338,Person_3394,male,14,10-14,,Person_3395,,0,Mostoles,
HH_1338,Person_3395,female,53,50-54,,,Person_3396,1,Mostoles,
HH_1338,Person_3396,female,56,55-59,,,Person_3395,0,Mostoles,
HH_1339,Person_3397,female,70,70-74,,,,0,,
HH_1340,Person_3398,female,61,60-64,,,,0,,Madrid
HH_1341,Person_3399,male,4,0-4,,Person_3400,,0,,
HH_1341,Person_3400,female,48,45-49,,,Person_3401,1,,Madrid
HH_1341,Person_3401,female,55,55-59,,,Person_3400,0,,Madrid
HH_1342,Person_3402,female,65,65-69,,,,0,,
HH_1343,Person_3403,male,51,50-54,,,,0,Fuenlabrada,
HH_1344,Person_3404,male,0,0-4,Person_3405,,,0,,
HH_1344,Person_3405,male,39,35-39,,,Person_3406,1,,Madrid
HH_1344,Person_3406,male,36,35-39,,,Person_3405,0,,Madrid
HH_1345,Person_3407,female,34,30-34,,Person_3408,,0,,Madrid
HH_1345,Person_3408,female,78,75-79,,,,1,,
HH_1346,Person_3409,female,22,20-24,,Person_3412,,0,,
HH_1346,Person_3410,male,21,20-24,,Person_3412,,0,,Madrid
HH_1346,Person_3411,male,20,20-24,,Person_3412,,0,,Madrid
HH_1346,Person_3412,female,55,55-59,,,,3,,Madrid
HH_1347,Person_3413,female,2,0-4,,Person_3415,,0,,
HH_1347,Person_3414,male,33,30-34,,Person_3415,,0,,Madrid
HH_1347,Person_3415,female,68,65-69,,,Person_3416,2,,
HH_1347,Person_3416,female,58,55-59,,,Person_3415,0,,Madrid
HH_1348,Person_3417,male,30,30-34,,Person_3418,,0,,
HH_1348,Person_3418,female,67,65-69,,,Person_3419,1,,
HH_1348,Person_3419,female,62,60-64,,,Person_3418,0,,Madrid
HH_1349,Person_3420,male,14,10-14,,Person_3424,,0,,
HH_1349,Person_3421,male,24,20-24,,Person_3424,,0,,
HH_1349,Person_3422,female,1,0-4,,Person_3424,,0,,
HH_1349,Person_3423,female,2,0-4,,Person_3424,,0,,Escuela Infantil Rosa Caramelo
HH_1349,Person_3424,female,50,50-54,,,,4,,Madrid
HH_1350,Person_3425,female,21,20-24,,Person_3428,,0,,Edificio Sabatini
HH_1350,Person_3426,female,4,0-4,,Person_3428,,0,,
HH_1350,Person_3427,female,16,15-19,,Person_3428,,0,,
HH_1350,Person_3428,female,39,35-39,,,Person_3429,3,,Madrid
HH_1350,Person_3429,female,32,30-34,,,Person_3428,0,,
HH_1351,Person_3430,female,57,55-59,,,,0,,Madrid
HH_1352,Person_3431,female,18,15-19,,Person_3432,,0,Fuenlabrada,Fundación IMDEA Networks
HH_1352,Person_3432,female,45,45-49,,,Person_3433,1,Fuenlabrada,
HH_1352,Person_3433,female,44,40-44,,,Person_3432,0,Fuenlabrada,
HH_1353,Person_3434,female,12,10-14,,Person_3436,,0,Extremadura,
HH_1353,Person_3435,female,26,25-29,,Person_3436,,0,Extremadura,
HH_1353,Person_3436,female,60,60-64,,,Person_3437,2,Extremadura,
HH_1353,Person_3437,female,66,65-69,,,Person_3436,0,Extremadura,
HH_1354,Person_3438,female,24,20-24,Person_3439,,,0,,Edificio Juan Benet
HH_1354,Person_3439,male,55,55-59,,,Person_3440,1,,Madrid
HH_1354,Person_3440,male,54,50-54,,,Person_3439,0,,Madrid
HH_1355,Person_3441,male,22,20-24,Person_3443,,,0,,
HH_1355,Person_3442,male,2,0-4,Person_3443,,,0,,
HH_1355,Person_3443,male,50,50-54,,,,2,,Madrid
HH_1356,Person_3444,male,30,30-34,Person_3445,,,0,Alcorcon,Edificio Sabatini
HH_1356,Person_3445,male,59,55-59,,,Person_3446,1,Alcorcon,
HH_1356,Person_3446,male,49,45-49,,,Person_3445,0,Alcorcon,
HH_1357,Person_3447,female,40,40-44,,,,0,Madrid,
HH_1357,Person_3448,male,69,65-69,,,,0,Madrid,
HH_1358,Person_3449,female,25,25-29,,Person_3451,,0,Fuenlabrada,
HH_1358,Person_3450,male,30,30-34,,Person_3451,,0,Fuenlabrada,
HH_1358,Person_3451,female,47,45-49,,,,2,Fuenlabrada,
HH_1359,Person_3452,female,76,75-79,,,,0,Extremadura,
HH_1360,Person_3453,male,41,40-44,,,,0,,Madrid
HH_1360,Person_3454,male,92,90-94,,,,0,,
HH_1361,Person_3455,male,12,10-14,,Person_3457,,0,,
HH_1361,Person_3456,male,32,30-34,,Person_3457,,0,,Madrid
HH_1361,Person_3457,female,65,65-69,,,Person_3458,2,,
HH_1361,Person_3458,female,71,70-74,,,Person_3457,0,,
HH_1362,Person_3459,female,66,65-69,,,,0,,
HH_1362,Person_3460,male,45,45-49,,,,0,,Madrid
HH_1363,Person_3461,male,19,15-19,Person_3462,,,0,,Madrid
HH_1363,Person_3462,male,63,60-64,,,Person_3463,1,,Madrid
HH_1363,Person_3463,male,63,60-64,,,Person_3462,0,,Madrid
HH_1364,Person_3464,female,0,0-4,,Person_3465,,0,Madrid,
HH_1364,Person_3465,female,44,40-44,,,Person_3466,1,Madrid,
HH_1364,Person_3466,female,41,40-44,,,Person_3465,0,Madrid,
HH_1365,Person_3467,male,48,45-49,,,,0,,Madrid
HH_1366,Person_3468,female,5,5-9,Person_3469,,,0,,Escuela Infantil Rosa Caramelo
HH_1366,Person_3469,male,33,30-34,,,Person_3470,1,,Madrid
HH_1366,Person_3470,male,30,30-34,,,Person_3469,0,,Madrid
HH_1367,Person_3471,male,45,45-49,,,,0,Madrid,
HH_1368,Person_3472,male,10,10-14,,Person_3475,,0,Madrid,
HH_1368,Person_3473,female,17,15-19,,Person_3475,,0,Madrid,
HH_1368,Person_3474,female,18,15-19,,Person_3475,,0,Madrid,
HH_1368,Person_3475,female,44,40-44,,,,3,Madrid,
HH_1369,Person_3476,male,6,5-9,,Person_3479,,0,Madrid,
HH_1369,Person_3477,female,0,0-4,,Person_3479,,0,Madrid,
HH_1369,Person_3478,female,10,10-14,,Person_3479,,0,Madrid,Escuela Municipal de Música Manuel Rodríguez Sales
HH_1369,Person_3479,female,40,40-44,,,Person_3480,3,Madrid,
HH_1369,Person_3480,female,53,50-54,,,Person_3479,0,Madrid,
HH_1370,Person_3481,female,76,75-79,,,,0,,
HH_1371,Person_3482,female,91,90-94,,,,0,,
HH_1372,Person_3483,female,15,15-19,Person_3484,,,0,Madrid,
HH_1372,Person_3484,male,45,45-49,,,Person_3485,1,Madrid,
HH_1372,Person_3485,male,50,50-54,,,Person_3484,0,Madrid,
HH_1373,Person_3486,female,26,25-29,,Person_3487,,0,,
HH_1373,Person_3487,female,57,55-59,,,,1,,Extremadura
HH_1374,Person_3488,male,19,15-19,Person_3489,,,0,Getafe norte,
HH_1374,Person_3489,male,54,50-54,,,,1,Getafe norte,
HH_1375,Person_3490,male,40,40-44,,,,0,,
HH_1375,Person_3491,female,69,65-69,,,,0,,
HH_1376,Person_3492,female,24,20-24,Person_3493,,,0,Madrid,
HH_1376,Person_3493,male,39,35-39,,,,1,Madrid,
HH_1377,Person_3494,female,8,5-9,Person_3495,,,0,,
HH_1377,Person_3495,male,38,35-39,,,,1,,Madrid
HH_1378,Person_3496,female,21,20-24,,Person_3498,,0,Getafe norte,
HH_1378,Person_3497,male,34,30-34,,Person_3498,,0,Getafe norte,
HH_1378,Person_3498,female,64,60-64,,,Person_3499,2,Getafe norte,
HH_1378,Person_3499,female,55,55-59,,,Person_3498,0,Getafe norte,
HH_1379,Person_3500,male,98,95-99,,,,0,,
HH_1379,Person_3501,male,31,30-34,,,,0,,Madrid
HH_1380,Person_3502,male,41,40-44,,,,0,,Madrid
HH_1380,Person_3503,male,79,75-79,,,,0,,
HH_1381,Person_3504,male,21,20-24,Person_3505,,,0,,
HH_1381,Person_3505,male,54,50-54,,,Person_3506,1,,Madrid
HH_1381,Person_3506,male,47,45-49,,,Person_3505,0,,Madrid
HH_1382,Person_3507,female,59,55-59,,,,0,,Madrid
HH_1382,Person_3508,male,76,75-79,,,,0,,
HH_1383,Person_3509,male,18,15-19,,,,0,Alcorcon,
HH_1384,Person_3510,male,20,20-24,Person_3511,,,0,Madrid,Parque Científico de la Universidad Carlos III de Madrid
HH_1384,Person_3511,male,46,45-49,,,Person_3512,1,Madrid,
HH_1384,Person_3512,male,45,45-49,,,Person_3511,0,Madrid,
HH_1385,Person_3513,female,45,45-49,,,,0,,Madrid
HH_1385,Person_3514,female,70,70-74,,,,0,,
HH_1385,Person_3515,female,78,75-79,,,,0,,
HH_1386,Person_3516,female,49,45-49,,,,0,,Madrid
HH_1386,Person_3517,male,27,25-29,,,,0,,
HH_1386,Person_3518,female,31,30-34,,,,0,,Madrid
HH_1387,Person_3519,male,45,45-49,,,,0,,Madrid
HH_1388,Person_3520,male,77,75-79,,,,0,,
HH_1388,Person_3521,male,26,25-29,,,,0,,
HH_1388,Person_3522,male,85,85-89,,,,0,,
HH_1389,Person_3523,female,78,75-79,,,,0,Madrid,
HH_1389,Person_3524,male,84,80-84,,,,0,Madrid,
HH_1389,Person_3525,male,23,20-24,,,,0,Madrid,Fundación IMDEA Networks
HH_1390,Person_3526,male,8,5-9,Person_3528,,,0,,
HH_1390,Person_3527,male,30,30-34,Person_3528,,,0,,
HH_1390,Person_3528,male,68,65-69,,,Person_3529,2,,
HH_1390,Person_3529,male,65,65-69,,,Person_3528,0,,
HH_1391,Person_3530,male,21,20-24,,Person_3531,,0,,Edificio Torres Quevedo
HH_1391,Person_3531,female,55,55-59,,,Person_3532,1,,Madrid
HH_1391,Person_3532,female,57,55-59,,,Person_3531,0,,Madrid
HH_1392,Person_3533,female,81,80-84,Person_3534,,,0,Madrid,
HH_1392,Person_3534,male,115,100-120,,,,1,Madrid,
HH_1393,Person_3535,male,8,5-9,,Person_3536,,0,,
HH_1393,Person_3536,female,44,40-44,,,Person_3537,1,,Madrid
HH_1393,Person_3537,female,48,45-49,,,Person_3536,0,,Madrid
HH_1394,Person_3538,female,17,15-19,Person_3539,,,0,,
HH_1394,Person_3539,male,44,40-44,,,Person_3540,1,,Madrid
HH_1394,Person_3540,male,36,35-39,,,Person_3539,0,,Madrid
HH_1395,Person_3541,male,42,40-44,,,,0,Alcorcon,
HH_1396,Person_3542,male,78,75-79,,,,0,,
HH_1396,Person_3543,male,76,75-79,,,,0,,
HH_1397,Person_3544,male,3,0-4,Person_3545,,,0,,
HH_1397,Person_3545,male,34,30-34,,,Person_3546,1,,Madrid
HH_1397,Person_3546,male,33,30-34,,,Person_3545,0,,Madrid
HH_1398,Person_3547,male,2,0-4,Person_3548,,,0,,Escuela Infantil Rosa Caramelo
HH_1398,Person_3548,male,19,15-19,,,,1,,
HH_1399,Person_3549,male,8,5-9,Person_3550,,,0,Mostoles,
HH_1399,Person_3550,male,43,40-44,,,Person_3551,1,Mostoles,
HH_1399,Person_3551,male,37,35-39,,,Person_3550,0,Mostoles,
HH_1400,Person_3552,female,96,95-99,,,,0,,
HH_1400,Person_3553,male,27,25-29,,,,0,,
HH_1401,Person_3554,female,34,30-34,,,,0,,Madrid
HH_1401,Person_3555,female,46,45-49,,,,0,,Madrid
HH_1402,Person_3556,female,15,15-19,,Person_3557,,0,Madrid,
HH_1402,Person_3557,female,56,55-59,,,Person_3558,1,Madrid,
HH_1402,Person_3558,female,88,85-89,,,Person_3557,0,Madrid,
HH_1403,Person_3559,female,64,60-64,,,,0,,Madrid
HH_1403,Person_3560,male,70,70-74,,,,0,,
HH_1404,Person_3561,female,30,30-34,,Person_3562,,0,,Edificio Sabatini
HH_1404,Person_3562,female,47,45-49,,,Person_3563,1,,Madrid
HH_1404,Person_3563,female,40,40-44,,,Person_3562,0,,Madrid
HH_1405,Person_3564,female,8,5-9,,Person_3565,,0,,
HH_1405,Person_3565,female,35,35-39,,,Person_3566,1,,Madrid
HH_1405,Person_3566,female,50,50-54,,,Person_3565,0,,Madrid
HH_1406,Person_3567,male,40,40-44,,,,0,Mostoles,
HH_1407,Person_3568,female,77,75-79,,,,0,,
HH_1407,Person_3569,female,28,25-29,,,,0,,Madrid
HH_1408,Person_3570,male,53,50-54,,,,0,Alcorcon,
HH_1408,Person_3571,female,71,70-74,,,,0,Alcorcon,
HH_1409,Person_3572,female,20,20-24,,,,0,Getafe norte,Edificio Agustín de Betancourt
HH_1409,Person_3573,male,40,40-44,,,,0,Getafe norte,
HH_1410,Person_3574,female,2,0-4,,Person_3576,,0,,
HH_1410,Person_3575,female,32,30-34,,Person_3576,,0,,Madrid
HH_1410,Person_3576,female,57,55-59,,,Person_3577,2,,Madrid
HH_1410,Person_3577,female,81,80-84,,,Person_3576,0,,
HH_1411,Person_3578,male,5,5-9,Person_3579,,,0,,
HH_1411,Person_3579,male,31,30-34,,,Person_3580,1,,
HH_1411,Person_3580,male,27,25-29,,,Person_3579,0,,Edificio Torres Quevedo
HH_1412,Person_3581,female,20,20-24,,,,0,Madrid,
HH_1412,Person_3582,male,71,70-74,,,,0,Madrid,
HH_1412,Person_3583,male,50,50-54,,,,0,Madrid,
HH_1413,Person_3584,male,0,0-4,,Person_3588,,0,Mostoles,
HH_1413,Person_3585,female,2,0-4,,Person_3588,,0,Mostoles,Escuela Infantil Rosa Caramelo
HH_1413,Person_3586,female,7,5-9,,Person_3588,,0,Mostoles,
HH_1413,Person_3587,male,2,0-4,,Person_3588,,0,Mostoles,
HH_1413,Person_3588,female,24,20-24,,,,4,Mostoles,
HH_1414,Person_3589,male,40,40-44,Person_3590,,,0,Madrid,
HH_1414,Person_3590,male,70,70-74,,,,1,Madrid,
HH_1415,Person_3591,male,5,5-9,Person_3592,,,0,,Escuela Infantil Rosa Caramelo
HH_1415,Person_3592,male,33,30-34,,,Person_3593,1,,Madrid
HH_1415,Person_3593,male,31,30-34,,,Person_3592,0,,Madrid
HH_1416,Person_3594,female,2,0-4,Person_3596,,,0,,
HH_1416,Person_3595,female,26,25-29,Person_3596,,,0,,
HH_1416,Person_3596,male,62,60-64,,,Person_3597,2,,Madrid
HH_1416,Person_3597,male,52,50-54,,,Person_3596,0,,Madrid
HH_1417,Person_3598,female,66,65-69,,,,0,,
HH_1418,Person_3599,male,51,50-54,,,,0,,Madrid
HH_1418,Person_3600,male,78,75-79,,,,0,,
HH_1418,Person_3601,male,23,20-24,,,,0,,Fuenlabrada
HH_1419,Person_3602,male,15,15-19,,Person_3606,,0,,
HH_1419,Person_3603,female,5,5-9,,Person_3606,,0,,
HH_1419,Person_3604,male,12,10-14,,Person_3606,,0,,
HH_1419,Person_3605,male,1,0-4,,Person_3606,,0,,
HH_1419,Person_3606,female,48,45-49,,,,4,,Madrid
HH_1420,Person_3607,male,22,20-24,Person_3609,,,0,,
HH_1420,Person_3608,male,27,25-29,Person_3609,,,0,,Extremadura
HH_1420,Person_3609,male,52,50-54,,,Person_3610,2,,Madrid
HH_1420,Person_3610,male,49,45-49,,,Person_3609,0,,Madrid
HH_1421,Person_3611,male,22,20-24,,Person_3612,,0,Mostoles,
HH_1421,Person_3612,female,54,50-54,,,,1,Mostoles,Residencia El Encinar Leganés
HH_1422,Person_3613,male,23,20-24,Person_3614,,,0,,
HH_1422,Person_3614,male,49,45-49,,,,1,,Madrid
HH_1423,Person_3615,female,58,55-59,,,,0,,Madrid
HH_1424,Person_3616,female,95,95-99,,,,0,,
HH_1425,Person_3617,male,65,65-69,,,,0,Madrid,
HH_1425,Person_3618,male,26,25-29,,,,0,Madrid,
HH_1426,Person_3619,female,62,60-64,,,,0,Madrid,
HH_1426,Person_3620,female,55,55-59,,,,0,Madrid,Voluntarios de Protección Civil
HH_1426,Person_3621,female,49,45-49,,,,0,Madrid,
HH_1427,Person_3622,female,76,75-79,,,,0,,
HH_1427,Person_3623,female,21,20-24,,,,0,,
HH_1428,Person_3624,female,15,15-19,Person_3625,,,0,,
HH_1428,Person_3625,male,33,30-34,,,Person_3626,1,,Madrid
HH_1428,Person_3626,male,31,30-34,,,Person_3625,0,,Madrid
HH_1429,Person_3627,male,28,25-29,,Person_3628,,0,Madrid,
HH_1429,Person_3628,female,64,60-64,,,Person_3629,1,Madrid,
HH_1429,Person_3629,female,77,75-79,,,Person_3628,0,Madrid,
HH_1430,Person_3630,male,40,40-44,,Person_3631,,0,,Getafe norte
HH_1430,Person_3631,female,72,70-74,,,,1,,
HH_1431,Person_3632,female,5,5-9,Person_3633,,,0,,Escuela Infantil Rosa Caramelo
HH_1431,Person_3633,male,22,20-24,,,Person_3634,1,,
HH_1431,Person_3634,male,17,15-19,,,Person_3633,0,,
HH_1432,Person_3635,male,21,20-24,,,,0,,Edificio Agustín de Betancourt
HH_1433,Person_3636,female,43,40-44,Person_3637,,,0,,Madrid
HH_1433,Person_3637,male,69,65-69,,,,1,,
HH_1434,Person_3638,female,57,55-59,,,,0,,Alcorcon
HH_1434,Person_3639,female,68,65-69,,,,0,,
HH_1435,Person_3640,male,2,0-4,,Person_3644,,0,,
HH_1435,Person_3641,male,5,5-9,,Person_3644,,0,,
HH_1435,Person_3642,female,1,0-4,,Person_3644,,0,,Escuela Infantil Rosa Caramelo
HH_1435,Person_3643,female,2,0-4,,Person_3644,,0,,
HH_1435,Person_3644,female,39,35-39,,,,4,,Madrid
HH_1436,Person_3645,female,3,0-4,Person_3647,,,0,,Escuela Infantil Rosa Caramelo
HH_1436,Person_3646,female,33,30-34,Person_3647,,,0,,Madrid
HH_1436,Person_3647,male,51,50-54,,,Person_3648,2,,
HH_1436,Person_3648,male,45,45-49,,,Person_3647,0,,Madrid
HH_1437,Person_3649,female,69,65-69,,,,0,Mostoles,
HH_1437,Person_3650,male,23,20-24,,,,0,Mostoles,
HH_1438,Person_3651,male,78,75-79,,,,0,,
HH_1438,Person_3652,male,92,90-94,,,,0,,
HH_1439,Person_3653,male,2,0-4,,Person_3654,,0,Getafe norte,Escuela Infantil Rosa Caramelo
HH_1439,Person_3654,female,21,20-24,,,Person_3655,1,Getafe norte,Edificio Torres Quevedo
HH_1439,Person_3655,female,28,25-29,,,Person_3654,0,Getafe norte,Biblioteca Rey Pastor
HH_1440,Person_3656,male,23,20-24,Person_3659,,,0,,Fundación IMDEA Networks
HH_1440,Person_3657,male,25,25-29,Person_3659,,,0,,Madrid
HH_1440,Person_3658,female,30,30-34,Person_3659,,,0,,Madrid
HH_1440,Person_3659,male,60,60-64,,,,3,,Madrid
HH_1441,Person_3660,male,2,0-4,Person_3661,,,0,,
HH_1441,Person_3661,male,34,30-34,,,Person_3662,1,,Madrid
HH_1441,Person_3662,male,33,30-34,,,Person_3661,0,,Madrid
HH_1442,Person_3663,male,56,55-59,,,,0,Fuenlabrada,Merkal
HH_1442,Person_3664,male,30,30-34,,,,0,Fuenlabrada,Biblioteca Rey Pastor
HH_1443,Person_3665,male,1,0-4,,Person_3667,,0,,
HH_1443,Person_3666,male,30,30-34,,Person_3667,,0,,Madrid
HH_1443,Person_3667,female,55,55-59,,,Person_3668,2,,Getafe norte
HH_1443,Person_3668,female,54,50-54,,,Person_3667,0,,Madrid
HH_1444,Person_3669,male,29,25-29,,,,0,,Edificio Sabatini
HH_1444,Person_3670,female,99,95-99,,,,0,,
HH_1445,Person_3671,male,9,5-9,Person_3673,,,0,,
HH_1445,Person_3672,female,28,25-29,Person_3673,,,0,,Edificio Sabatini
HH_1445,Person_3673,male,47,45-49,,,Person_3674,2,,Madrid
HH_1445,Person_3674,male,44,40-44,,,Person_3673,0,,Alcorcon
HH_1446,Person_3675,female,12,10-14,Person_3676,,,0,,
HH_1446,Person_3676,male,37,35-39,,,Person_3677,1,,Madrid
HH_1446,Person_3677,male,30,30-34,,,Person_3676,0,,Madrid
HH_1447,Person_3678,male,27,25-29,,,,0,,
HH_1448,Person_3679,male,30,30-34,,,,0,,
HH_1449,Person_3680,female,51,50-54,,,,0,Getafe norte,
HH_1449,Person_3681,male,46,45-49,,,,0,Getafe norte,Škoda
HH_1449,Person_3682,female,98,95-99,,,,0,Getafe norte,
HH_1449,Person_3683,female,32,30-34,,,,0,Getafe norte,
HH_1449,Person_3684,female,72,70-74,,,,0,Getafe norte,
HH_1450,Person_3685,male,20,20-24,,,,0,,Mostoles
HH_1450,Person_3686,female,35,35-39,,,,0,,Madrid
HH_1451,Person_3687,male,75,75-79,,,,0,,
HH_1451,Person_3688,male,43,40-44,,,,0,,Madrid
HH_1452,Person_3689,female,62,60-64,,,,0,,Getafe norte
HH_1453,Person_3690,female,78,75-79,,,,0,Fuenlabrada,
HH_1454,Person_3691,female,50,50-54,,,,0,,Madrid
HH_1454,Person_3692,female,50,50-54,,,,0,,Madrid
HH_1455,Person_3693,female,77,75-79,,,,0,,
HH_1455,Person_3694,female,62,60-64,,,,0,,Madrid
HH_1456,Person_3695,female,13,10-14,Person_3697,,,0,,
HH_1456,Person_3696,male,30,30-34,Person_3697,,,0,,Madrid
HH_1456,Person_3697,male,71,70-74,,,Person_3698,2,,
HH_1456,Person_3698,male,51,50-54,,,Person_3697,0,,Fuenlabrada
HH_1457,Person_3699,female,54,50-54,,,,0,Mercadona,Madrid
HH_1458,Person_3700,male,9,5-9,,Person_3701,,0,Mostoles,
HH_1458,Person_3701,female,42,40-44,,,Person_3702,1,Mostoles,
HH_1458,Person_3702,female,49,45-49,,,Person_3701,0,Mostoles,
HH_1459,Person_3703,male,10,10-14,,Person_3704,,0,,
HH_1459,Person_3704,female,33,30-34,,,Person_3705,1,,Mostoles
HH_1459,Person_3705,female,47,45-49,,,Person_3704,0,,Madrid
HH_1460,Person_3706,female,81,80-84,,,,0,Fuenlabrada,
HH_1461,Person_3707,female,98,95-99,,,,0,Madrid,
HH_1461,Person_3708,male,60,60-64,,,,0,Madrid,
HH_1461,Person_3709,male,66,65-69,,,,0,Madrid,
HH_1461,Person_3710,male,32,30-34,,,,0,Madrid,
HH_1462,Person_3711,male,19,15-19,,Person_3713,,0,,Madrid
HH_1462,Person_3712,male,25,25-29,,Person_3713,,0,,Edificio Sabatini
HH_1462,Person_3713,female,53,50-54,,,Person_3714,2,,
HH_1462,Person_3714,female,42,40-44,,,Person_3713,0,,Madrid
HH_1463,Person_3715,female,31,30-34,Person_3716,,,0,Fuenlabrada,
HH_1463,Person_3716,male,48,45-49,,,,1,Fuenlabrada,
HH_1464,Person_3717,female,77,75-79,,,,0,,
HH_1464,Person_3718,male,85,85-89,,,,0,,
HH_1465,Person_3719,male,24,20-24,Person_3720,,,0,,Edificio Agustín de Betancourt
HH_1465,Person_3720,male,53,50-54,,,,1,,Getafe norte
HH_1466,Person_3721,male,30,30-34,,Person_3722,,0,,Madrid
HH_1466,Person_3722,female,45,45-49,,,Person_3723,1,,Madrid
HH_1466,Person_3723,female,46,45-49,,,Person_3722,0,,Madrid
HH_1467,Person_3724,female,33,30-34,,Person_3725,,0,,Madrid
HH_1467,Person_3725,female,65,65-69,,,,1,,
HH_1468,Person_3726,male,50,50-54,,,,0,Madrid,
HH_1469,Person_3727,female,47,45-49,,,,0,,
HH_1470,Person_3728,male,38,35-39,,,,0,Madrid,
HH_1471,Person_3729,female,98,95-99,,,,0,Fuenlabrada,
HH_1472,Person_3730,male,10,10-14,Person_3731,,,0,,
HH_1472,Person_3731,male,42,40-44,,,Person_3732,1,,Madrid
HH_1472,Person_3732,male,32,30-34,,,Person_3731,0,,Madrid
HH_1473,Person_3733,male,63,60-64,,,,0,,Madrid
HH_1474,Person_3734,male,3,0-4,,Person_3736,,0,,
HH_1474,Person_3735,male,25,25-29,,Person_3736,,0,,Edificio Juan Benet
HH_1474,Person_3736,female,52,50-54,,,Person_3737,2,,Madrid
HH_1474,Person_3737,female,58,55-59,,,Person_3736,0,,Madrid
HH_1475,Person_3738,male,84,80-84,,,,0,,
HH_1475,Person_3739,female,20,20-24,,,,0,,Madrid
HH_1476,Person_3740,female,3,0-4,Person_3743,,,0,,
HH_1476,Person_3741,female,12,10-14,Person_3743,,,0,,
HH_1476,Person_3742,female,3,0-4,Person_3743,,,0,,
HH_1476,Person_3743,male,29,25-29,,,Person_3744,3,,
HH_1476,Person_3744,male,37,35-39,,,Person_3743,0,,Madrid
HH_1477,Person_3745,male,59,55-59,,,,0,,Madrid
HH_1477,Person_3746,female,43,40-44,,,,0,,Madrid
HH_1478,Person_3747,male,23,20-24,,,,0,,Madrid
HH_1478,Person_3748,male,43,40-44,,,,0,,Madrid
HH_1479,Person_3749,male,7,5-9,,Person_3751,,0,,
HH_1479,Person_3750,female,25,25-29,,Person_3751,,0,,Parroquia Nuestra Señora de Butarque
HH_1479,Person_3751,female,42,40-44,,,Person_3752,2,,Madrid
HH_1479,Person_3752,female,38,35-39,,,Person_3751,0,,Madrid
HH_1480,Person_3753,male,59,55-59,,,,0,,
HH_1480,Person_3754,female,55,55-59,,,,0,,Madrid
HH_1481,Person_3755,male,42,40-44,,,,0,Madrid,
HH_1482,Person_3756,female,27,25-29,Person_3757,,,0,,Edificio Agustín de Betancourt
HH_1482,Person_3757,male,55,55-59,,,,1,,
HH_1483,Person_3758,male,0,0-4,,Person_3759,,0,,
HH_1483,Person_3759,female,26,25-29,,,Person_3760,1,,Parque Científico de la Universidad Carlos III de Madrid
HH_1483,Person_3760,female,34,30-34,,,Person_3759,0,,Madrid
HH_1484,Person_3761,male,29,25-29,Person_3762,,,0,,Madrid
HH_1484,Person_3762,male,47,45-49,,,,1,,Madrid
HH_1485,Person_3763,male,72,70-74,,,,0,,
HH_1485,Person_3764,male,29,25-29,,,,0,,Edificio Sabatini
HH_1486,Person_3765,male,19,15-19,,,,0,,Madrid
HH_1486,Person_3766,male,96,95-99,,,,0,,
HH_1486,Person_3767,female,54,50-54,,,,0,,Madrid
HH_1486,Person_3768,male,44,40-44,,,,0,,Madrid
HH_1486,Person_3769,female,68,65-69,,,,0,,
HH_1487,Person_3770,male,66,65-69,,,,0,,
HH_1487,Person_3771,male,57,55-59,,,,0,,Madrid
HH_1488,Person_3772,female,18,15-19,,,,0,,
HH_1488,Person_3773,female,51,50-54,,,,0,,
HH_1489,Person_3774,female,37,35-39,,,,0,,Madrid
HH_1489,Person_3775,female,85,85-89,,,,0,,
HH_1490,Person_3776,male,16,15-19,Person_3777,,,0,,
HH_1490,Person_3777,male,50,50-54,,,Person_3778,1,,Madrid
HH_1490,Person_3778,male,49,45-49,,,Person_3777,0,,
HH_1491,Person_3779,male,23,20-24,Person_3780,,,0,,Getafe norte
HH_1491,Person_3780,male,39,35-39,,,Person_3781,1,,Madrid
HH_1491,Person_3781,male,37,35-39,,,Person_3780,0,,Fuenlabrada
HH_1492,Person_3782,female,85,85-89,,,,0,,
HH_1493,Person_3783,male,96,95-99,,,,0,,
HH_1493,Person_3784,female,66,65-69,,,,0,,
HH_1494,Person_3785,female,94,90-94,,,,0,,
HH_1495,Person_3786,male,25,25-29,Person_3787,,,0,Centro de Salud María Montessori,Getafe norte
HH_1495,Person_3787,male,68,65-69,,,Person_3788,1,Centro de Salud María Montessori,
HH_1495,Person_3788,male,46,45-49,,,Person_3787,0,Centro de Salud María Montessori,Madrid
HH_1496,Person_3789,female,9,5-9,,Person_3791,,0,,
HH_1496,Person_3790,male,34,30-34,,Person_3791,,0,,Madrid
HH_1496,Person_3791,female,65,65-69,,,Person_3792,2,,
HH_1496,Person_3792,female,79,75-79,,,Person_3791,0,,
HH_1497,Person_3793,male,12,10-14,Person_3795,,,0,,
HH_1497,Person_3794,male,31,30-34,Person_3795,,,0,,Getafe norte
HH_1497,Person_3795,male,60,60-64,,,Person_3796,2,,Madrid
HH_1497,Person_3796,male,76,75-79,,,Person_3795,0,,
HH_1498,Person_3797,male,39,35-39,,Person_3798,,0,,Madrid
HH_1498,Person_3798,female,71,70-74,,,,1,,
HH_1499,Person_3799,female,33,30-34,,,,0,,Madrid
HH_1499,Person_3800,male,90,90-94,,,,0,,
HH_1500,Person_3801,female,97,95-99,,,,0,,
HH_1501,Person_3802,male,41,40-44,,Person_3803,,0,Madrid,
HH_1501,Person_3803,female,84,80-84,,,,1,Madrid,
HH_1502,Person_3804,female,16,15-19,Person_3805,,,0,,
HH_1502,Person_3805,male,53,50-54,,,Person_3806,1,,Madrid
HH_1502,Person_3806,male,47,45-49,,,Person_3805,0,,Madrid
HH_1503,Person_3807,female,96,95-99,,,,0,,
HH_1504,Person_3808,male,83,80-84,,,,0,,
HH_1505,Person_3809,female,88,85-89,,,,0,,
HH_1506,Person_3810,male,24,20-24,,,,0,Fuenlabrada,
HH_1507,Person_3811,female,87,85-89,,,,0,Madrid,
HH_1507,Person_3812,female,93,90-94,,,,0,Madrid,
HH_1508,Person_3813,female,12,10-14,,Person_3817,,0,,
HH_1508,Person_3814,female,14,10-14,,Person_3817,,0,,
HH_1508,Person_3815,female,18,15-19,,Person_3817,,0,,
HH_1508,Person_3816,female,11,10-14,,Person_3817,,0,,Escuela Infantil El Romancero
HH_1508,Person_3817,female,61,60-64,,,,4,,Madrid
HH_1509,Person_3818,male,54,50-54,,,,0,,Madrid
HH_1509,Person_3819,male,19,15-19,,,,0,,Madrid
HH_1510,Person_3820,male,22,20-24,Person_3821,,,0,,Madrid
HH_1510,Person_3821,male,56,55-59,,,,1,,Madrid
HH_1511,Person_3822,male,95,95-99,,,,0,,
HH_1511,Person_3823,female,97,95-99,,,,0,,
HH_1512,Person_3824,female,36,35-39,,,,0,Madrid,
HH_1512,Person_3825,male,33,30-34,,,,0,Madrid,
HH_1513,Person_3826,female,15,15-19,Person_3829,,,0,,
HH_1513,Person_3827,female,24,20-24,Person_3829,,,0,,Edificio Sabatini
HH_1513,Person_3828,male,21,20-24,Person_3829,,,0,,Edificio Torres Quevedo
HH_1513,Person_3829,male,56,55-59,,,Person_3830,3,,
HH_1513,Person_3830,male,74,70-74,,,Person_3829,0,,
HH_1514,Person_3831,male,16,15-19,,Person_3835,,0,,
HH_1514,Person_3832,male,23,20-24,,Person_3835,,0,,Fundación IMDEA Networks
HH_1514,Person_3833,female,16,15-19,,Person_3835,,0,,Escuela Infantil El Romancero
HH_1514,Person_3834,male,12,10-14,,Person_3835,,0,,
HH_1514,Person_3835,female,56,55-59,,,,4,,Alcorcon
HH_1515,Person_3836,female,18,15-19,,Person_3837,,0,,Fundación IMDEA Networks
HH_1515,Person_3837,female,35,35-39,,,Person_3838,1,,Mostoles
HH_1515,Person_3838,female,31,30-34,,,Person_3837,0,,Madrid
HH_1516,Person_3839,male,8,5-9,,Person_3842,,0,Madrid,
HH_1516,Person_3840,female,4,0-4,,Person_3842,,0,Madrid,
HH_1516,Person_3841,female,4,0-4,,Person_3842,,0,Madrid,Escuela Infantil Rosa Caramelo
HH_1516,Person_3842,female,38,35-39,,,Person_3843,3,Madrid,
HH_1516,Person_3843,female,42,40-44,,,Person_3842,0,Madrid,
HH_1517,Person_3844,male,43,40-44,,,,0,Getafe norte,
HH_1518,Person_3845,female,3,0-4,Person_3847,,,0,Fuenlabrada,
HH_1518,Person_3846,male,30,30-34,Person_3847,,,0,Fuenlabrada,Edificio Agustín de Betancourt
HH_1518,Person_3847,male,45,45-49,,,Person_3848,2,Fuenlabrada,
HH_1518,Person_3848,male,52,50-54,,,Person_3847,0,Fuenlabrada,
HH_1519,Person_3849,male,63,60-64,,,,0,Madrid,
HH_1520,Person_3850,male,38,35-39,,,,0,,Madrid
HH_1520,Person_3851,male,76,75-79,,,,0,,
HH_1521,Person_3852,male,28,25-29,,,,0,,
HH_1521,Person_3853,female,23,20-24,,,,0,,Madrid
HH_1521,Person_3854,male,60,60-64,,,,0,,Madrid
HH_1522,Person_3855,female,97,95-99,,,,0,,
HH_1522,Person_3856,male,60,60-64,,,,0,,Madrid
HH_1522,Person_3857,female,63,60-64,,,,0,,Madrid
HH_1522,Person_3858,female,67,65-69,,,,0,,
HH_1523,Person_3859,male,1,0-4,Person_3863,,,0,,Escuela Infantil Rosa Caramelo
HH_1523,Person_3860,female,4,0-4,Person_3863,,,0,,
HH_1523,Person_3861,female,8,5-9,Person_3863,,,0,,
HH_1523,Person_3862,female,5,5-9,Person_3863,,,0,,
HH_1523,Person_3863,male,51,50-54,,,,4,,Alcorcon
HH_1524,Person_3864,female,24,20-24,,Person_3865,,0,,Edificio Juan Benet
HH_1524,Person_3865,female,59,55-59,,,,1,,Madrid
HH_1525,Person_3866,male,40,40-44,,,,0,,Madrid
HH_1525,Person_3867,male,41,40-44,,,,0,,Madrid
HH_1526,Person_3868,male,91,90-94,,,,0,Madrid,
HH_1527,Person_3869,male,18,15-19,,,,0,,Alcorcon
HH_1528,Person_3870,female,66,65-69,,,,0,,
HH_1529,Person_3871,male,17,15-19,Person_3872,,,0,,
HH_1529,Person_3872,male,49,45-49,,,Person_3873,1,,Madrid
HH_1529,Person_3873,male,44,40-44,,,Person_3872,0,,Madrid
HH_1530,Person_3874,female,10,10-14,Person_3876,,,0,,
HH_1530,Person_3875,female,31,30-34,Person_3876,,,0,,Madrid
HH_1530,Person_3876,male,69,65-69,,,Person_3877,2,,
HH_1530,Person_3877,male,58,55-59,,,Person_3876,0,,Madrid
HH_1531,Person_3878,male,55,55-59,,,,0,,Madrid
HH_1531,Person_3879,female,60,60-64,,,,0,,Madrid
HH_1532,Person_3880,female,77,75-79,,,,0,,
HH_1533,Person_3881,female,83,80-84,,,,0,Fuenlabrada,
HH_1534,Person_3882,female,55,55-59,,,,0,Madrid,
HH_1534,Person_3883,female,55,55-59,,,,0,Madrid,
HH_1535,Person_3884,female,79,75-79,,,,0,Getafe norte,
HH_1535,Person_3885,female,63,60-64,,,,0,Getafe norte,
HH_1536,Person_3886,male,7,5-9,Person_3888,,,0,Madrid,
HH_1536,Person_3887,female,11,10-14,Person_3888,,,0,Madrid,
HH_1536,Person_3888,male,46,45-49,,,,2,Madrid,
HH_1537,Person_3889,female,33,30-34,,,,0,Madrid,
HH_1537,Person_3890,male,97,95-99,,,,0,Madrid,
HH_1538,Person_3891,male,19,15-19,,,,0,,
HH_1538,Person_3892,male,29,25-29,,,,0,,
HH_1539,Person_3893,male,25,25-29,Person_3894,,,0,Madrid,
HH_1539,Person_3894,male,40,40-44,,,Person_3895,1,Madrid,
HH_1539,Person_3895,male,38,35-39,,,Person_3894,0,Madrid,
HH_1540,Person_3896,male,66,65-69,,,,0,,
HH_1540,Person_3897,female,25,25-29,,,,0,,Parque Científico de la Universidad Carlos III de Madrid
HH_1541,Person_3898,male,53,50-54,,,,0,,Logista
HH_1541,Person_3899,female,32,30-34,,,,0,,Madrid
HH_1542,Person_3900,female,27,25-29,Person_3902,,,0,,Alcorcon
HH_1542,Person_3901,male,33,30-34,Person_3902,,,0,,Madrid
HH_1542,Person_3902,male,61,60-64,,,Person_3903,2,,Fuenlabrada
HH_1542,Person_3903,male,58,55-59,,,Person_3902,0,,Madrid
HH_1543,Person_3904,female,62,60-64,,,,0,Mostoles,
HH_1544,Person_3905,female,49,45-49,,,,0,,Madrid
HH_1545,Person_3906,female,18,15-19,,Person_3907,,0,Extremadura,Biblioteca Rey Pastor
HH_1545,Person_3907,female,61,60-64,,,Person_3908,1,Extremadura,
HH_1545,Person_3908,female,70,70-74,,,Person_3907,0,Extremadura,
HH_1546,Person_3909,female,23,20-24,,Person_3911,,0,,Madrid
HH_1546,Person_3910,male,25,25-29,,Person_3911,,0,,Edificio Torres Quevedo
HH_1546,Person_3911,female,51,50-54,,,Person_3912,2,,
HH_1546,Person_3912,female,86,85-89,,,Person_3911,0,,
HH_1547,Person_3913,female,62,60-64,,,,0,Madrid,
HH_1548,Person_3914,female,25,25-29,Person_3915,,,0,,Fundación IMDEA Networks
HH_1548,Person_3915,male,57,55-59,,,Person_3916,1,,Madrid
HH_1548,Person_3916,male,57,55-59,,,Person_3915,0,,Madrid
HH_1549,Person_3917,female,36,35-39,,,,0,Centro Ocupacional Fundación F.A.D.,Madrid
HH_1549,Person_3918,female,77,75-79,,,,0,Centro Ocupacional Fundación F.A.D.,
HH_1550,Person_3919,female,61,60-64,,,,0,,Madrid
HH_1550,Person_3920,female,39,35-39,,,,0,,
HH_1551,Person_3921,male,11,10-14,Person_3923,,,0,,
HH_1551,Person_3922,male,27,25-29,Person_3923,,,0,,
HH_1551,Person_3923,male,59,55-59,,,Person_3924,2,,Madrid
HH_1551,Person_3924,male,54,50-54,,,Person_3923,0,,Madrid
HH_1552,Person_3925,female,82,80-84,,,,0,Mostoles,
HH_1552,Person_3926,female,21,20-24,,,,0,Mostoles,
HH_1553,Person_3927,female,42,40-44,Person_3928,,,0,Fuenlabrada,
HH_1553,Person_3928,male,71,70-74,,,Person_3929,1,Fuenlabrada,
HH_1553,Person_3929,male,64,60-64,,,Person_3928,0,Fuenlabrada,
HH_1554,Person_3930,male,66,65-69,,,,0,Alcorcon,
HH_1554,Person_3931,male,57,55-59,,,,0,Alcorcon,
HH_1555,Person_3932,male,28,25-29,,,,0,,Madrid
HH_1556,Person_3933,male,35,35-39,Person_3934,,,0,,Fuenlabrada
HH_1556,Person_3934,male,68,65-69,,,Person_3935,1,,
HH_1556,Person_3935,male,76,75-79,,,Person_3934,0,,
HH_1557,Person_3936,female,15,15-19,,Person_3937,,0,,
HH_1557,Person_3937,female,41,40-44,,,Person_3938,1,,Mostoles
HH_1557,Person_3938,female,42,40-44,,,Person_3937,0,,Madrid
HH_1558,Person_3939,female,3,0-4,Person_3940,,,0,,
HH_1558,Person_3940,male,22,20-24,,,,1,,Edificio Torres Quevedo
HH_1559,Person_3941,female,19,15-19,,Person_3943,,0,,Biblioteca Rey Pastor
HH_1559,Person_3942,female,27,25-29,,Person_3943,,0,,Madrid
HH_1559,Person_3943,female,59,55-59,,,,2,,Madrid
HH_1560,Person_3944,female,22,20-24,,Person_3945,,0,Alcorcon,Edificio Sabatini
HH_1560,Person_3945,female,48,45-49,,,Person_3946,1,Alcorcon,
HH_1560,Person_3946,female,40,40-44,,,Person_3945,0,Alcorcon,
HH_1561,Person_3947,female,19,15-19,,Person_3948,,0,Madrid,Biblioteca Rey Pastor
HH_1561,Person_3948,female,53,50-54,,,Person_3949,1,Madrid,
HH_1561,Person_3949,female,51,50-54,,,Person_3948,0,Madrid,
HH_1562,Person_3950,female,8,5-9,Person_3952,,,0,,
HH_1562,Person_3951,male,33,30-34,Person_3952,,,0,,Alcorcon
HH_1562,Person_3952,male,60,60-64,,,Person_3953,2,,Madrid
HH_1562,Person_3953,male,38,35-39,,,Person_3952,0,,Madrid
HH_1563,Person_3954,male,65,65-69,,,,0,,
HH_1564,Person_3955,female,88,85-89,,,,0,Lidl,
HH_1565,Person_3956,male,20,20-24,Person_3959,,,0,Fuenlabrada,Edificio Sabatini
HH_1565,Person_3957,male,11,10-14,Person_3959,,,0,Fuenlabrada,Edificio Juan de Mairena
HH_1565,Person_3958,female,3,0-4,Person_3959,,,0,Fuenlabrada,
HH_1565,Person_3959,male,48,45-49,,,Person_3960,3,Fuenlabrada,
HH_1565,Person_3960,male,39,35-39,,,Person_3959,0,Fuenlabrada,
HH_1566,Person_3961,male,22,20-24,Person_3962,,,0,,Edificio Agustín de Betancourt
HH_1566,Person_3962,male,53,50-54,,,Person_3963,1,,Madrid
HH_1566,Person_3963,male,43,40-44,,,Person_3962,0,,Madrid
HH_1567,Person_3964,female,90,90-94,,,,0,,
HH_1567,Person_3965,male,30,30-34,,,,0,,
HH_1568,Person_3966,male,22,20-24,Person_3967,,,0,Getafe norte,
HH_1568,Person_3967,male,63,60-64,,,Person_3968,1,Getafe norte,
HH_1568,Person_3968,male,56,55-59,,,Person_3967,0,Getafe norte,
HH_1569,Person_3969,male,8,5-9,Person_3972,,,0,,
HH_1569,Person_3970,female,7,5-9,Person_3972,,,0,,
HH_1569,Person_3971,male,3,0-4,Person_3972,,,0,,Escuela Infantil Rosa Caramelo
HH_1569,Person_3972,male,49,45-49,,,,3,,Madrid
HH_1570,Person_3973,female,32,30-34,Person_3974,,,0,Madrid,
HH_1570,Person_3974,male,62,60-64,,,Person_3975,1,Madrid,
HH_1570,Person_3975,male,63,60-64,,,Person_3974,0,Madrid,
HH_1571,Person_3976,male,95,95-99,,,,0,,
HH_1571,Person_3977,male,35,35-39,,,,0,,Madrid
HH_1572,Person_3978,female,73,70-74,,,,0,Madrid,
HH_1572,Person_3979,male,84,80-84,,,,0,Madrid,
HH_1573,Person_3980,male,5,5-9,,Person_3983,,0,,
HH_1573,Person_3981,female,13,10-14,,Person_3983,,0,,
HH_1573,Person_3982,female,1,0-4,,Person_3983,,0,,
HH_1573,Person_3983,female,42,40-44,,,,3,,Madrid
HH_1574,Person_3984,male,88,85-89,,,,0,,
HH_1574,Person_3985,female,34,30-34,,,,0,,Extremadura
HH_1575,Person_3986,female,91,90-94,,,,0,Madrid,
HH_1576,Person_3987,female,25,25-29,,Person_3988,,0,Thales,Getafe norte
HH_1576,Person_3988,female,61,60-64,,,Person_3989,1,Thales,Madrid
HH_1576,Person_3989,female,77,75-79,,,Person_3988,0,Thales,
HH_1577,Person_3990,female,62,60-64,,,,0,Mostoles,
HH_1577,Person_3991,male,99,95-99,,,,0,Mostoles,
HH_1577,Person_3992,female,30,30-34,,,,0,Mostoles,
HH_1577,Person_3993,female,61,60-64,,,,0,Mostoles,
HH_1577,Person_3994,female,58,55-59,,,,0,Mostoles,
HH_1578,Person_3995,male,57,55-59,,,,0,,Getafe norte
HH_1578,Person_3996,female,63,60-64,,,,0,,Madrid
HH_1579,Person_3997,female,62,60-64,,,,0,,
HH_1580,Person_3998,female,71,70-74,,,,0,Madrid,
HH_1580,Person_3999,male,45,45-49,,,,0,Madrid,
HH_1580,Person_4000,male,81,80-84,,,,0,Madrid,
HH_1580,Person_4001,male,81,80-84,,,,0,Madrid,
HH_1580,Person_4002,male,38,35-39,,,,0,Madrid,
HH_1581,Person_4003,male,84,80-84,,Person_4004,,0,Madrid,
HH_1581,Person_4004,female,113,100-120,,,,1,Madrid,
HH_1582,Person_4005,male,65,65-69,,,,0,,
HH_1583,Person_4006,female,14,10-14,Person_4007,,,0,,
HH_1583,Person_4007,male,57,55-59,,,Person_4008,1,,
HH_1583,Person_4008,male,52,50-54,,,Person_4007,0,,Getafe norte
HH_1584,Person_4009,female,62,60-64,,,,0,,
HH_1584,Person_4010,male,59,55-59,,,,0,,Madrid
HH_1585,Person_4011,male,20,20-24,,Person_4012,,0,,Edificio Sabatini
HH_1585,Person_4012,female,36,35-39,,,Person_4013,1,,Madrid
HH_1585,Person_4013,female,40,40-44,,,Person_4012,0,,Madrid
HH_1586,Person_4014,male,5,5-9,,Person_4015,,0,Extremadura,
HH_1586,Person_4015,female,33,30-34,,,Person_4016,1,Extremadura,
HH_1586,Person_4016,female,37,35-39,,,Person_4015,0,Extremadura,Porcelanosa
HH_1587,Person_4017,male,42,40-44,,,,0,,Madrid
HH_1587,Person_4018,male,34,30-34,,,,0,,Alcorcon
HH_1587,Person_4019,female,63,60-64,,,,0,,Alcorcon
HH_1587,Person_4020,female,92,90-94,,,,0,,
HH_1588,Person_4021,male,26,25-29,,Person_4022,,0,,
HH_1588,Person_4022,female,55,55-59,,,Person_4023,1,,
HH_1588,Person_4023,female,77,75-79,,,Person_4022,0,,
HH_1589,Person_4024,male,16,15-19,Person_4026,,,0,Fuenlabrada,
HH_1589,Person_4025,female,26,25-29,Person_4026,,,0,Fuenlabrada,
HH_1589,Person_4026,male,55,55-59,,,Person_4027,2,Fuenlabrada,
HH_1589,Person_4027,male,69,65-69,,,Person_4026,0,Fuenlabrada,
HH_1590,Person_4028,male,58,55-59,,,,0,,Madrid
HH_1590,Person_4029,male,57,55-59,,,,0,,Madrid
HH_1591,Person_4030,female,66,65-69,,,,0,,
HH_1592,Person_4031,male,18,15-19,,Person_4032,,0,,
HH_1592,Person_4032,female,56,55-59,,,Person_4033,1,,Madrid
HH_1592,Person_4033,female,59,55-59,,,Person_4032,0,,
HH_1593,Person_4034,female,20,20-24,,Person_4036,,0,,
HH_1593,Person_4035,male,18,15-19,,Person_4036,,0,,Edificio Agustín de Betancourt
HH_1593,Person_4036,female,46,45-49,,,,2,,
HH_1594,Person_4037,female,68,65-69,,,,0,,
HH_1594,Person_4038,female,94,90-94,,,,0,,
HH_1595,Person_4039,female,25,25-29,Person_4040,,,0,,Getafe norte
HH_1595,Person_4040,male,55,55-59,,,,1,,Madrid
HH_1596,Person_4041,female,22,20-24,Person_4043,,,0,Madrid,
HH_1596,Person_4042,male,29,25-29,Person_4043,,,0,Madrid,Edificio Agustín de Betancourt
HH_1596,Person_4043,male,44,40-44,,,Person_4044,2,Madrid,Espaço Casa
HH_1596,Person_4044,male,36,35-39,,,Person_4043,0,Madrid,
HH_1597,Person_4045,female,2,0-4,Person_4047,,,0,,Escuela Infantil Rosa Caramelo
HH_1597,Person_4046,female,26,25-29,Person_4047,,,0,,Madrid
HH_1597,Person_4047,male,58,55-59,,,Person_4048,2,,Madrid
HH_1597,Person_4048,male,36,35-39,,,Person_4047,0,,Alcorcon
HH_1598,Person_4049,male,9,5-9,,Person_4052,,0,,Edificio Octavio Paz
HH_1598,Person_4050,male,11,10-14,,Person_4052,,0,,
HH_1598,Person_4051,female,18,15-19,,Person_4052,,0,,Edificio Torres Quevedo
HH_1598,Person_4052,female,48,45-49,,,,3,,
HH_1599,Person_4053,female,79,75-79,,,,0,,
HH_1600,Person_4054,male,0,0-4,,Person_4056,,0,,
HH_1600,Person_4055,male,35,35-39,,Person_4056,,0,,
HH_1600,Person_4056,female,68,65-69,,,Person_4057,2,,
HH_1600,Person_4057,female,67,65-69,,,Person_4056,0,,
HH_1601,Person_4058,male,25,25-29,,Person_4059,,0,Madrid,
HH_1601,Person_4059,female,43,40-44,,,Person_4060,1,Madrid,
HH_1601,Person_4060,female,52,50-54,,,Person_4059,0,Madrid,
HH_1602,Person_4061,female,4,0-4,,Person_4063,,0,,
HH_1602,Person_4062,male,28,25-29,,Person_4063,,0,,Madrid
HH_1602,Person_4063,female,62,60-64,,,Person_4064,2,,Alcorcon
HH_1602,Person_4064,female,64,60-64,,,Person_4063,0,,Madrid
HH_1603,Person_4065,male,16,15-19,,Person_4066,,0,,
HH_1603,Person_4066,female,44,40-44,,,,1,,Madrid
HH_1604,Person_4067,female,66,65-69,,,,0,,
HH_1604,Person_4068,female,28,25-29,,,,0,,Madrid
HH_1605,Person_4069,female,12,10-14,Person_4072,,,0,,
HH_1605,Person_4070,female,10,10-14,Person_4072,,,0,,
HH_1605,Person_4071,female,10,10-14,Person_4072,,,0,,
HH_1605,Person_4072,male,27,25-29,,,,3,,Madrid
HH_1606,Person_4073,female,98,95-99,,,,0,Madrid,
HH_1606,Person_4074,female,77,75-79,,,,0,Madrid,
HH_1607,Person_4075,male,10,10-14,,Person_4077,,0,,
HH_1607,Person_4076,male,33,30-34,,Person_4077,,0,,Madrid
HH_1607,Person_4077,female,60,60-64,,,Person_4078,2,,Madrid
HH_1607,Person_4078,female,68,65-69,,,Person_4077,0,,
HH_1608,Person_4079,female,0,0-4,,Person_4080,,0,,
HH_1608,Person_4080,female,31,30-34,,,Person_4081,1,,Madrid
HH_1608,Person_4081,female,37,35-39,,,Person_4080,0,,Madrid
HH_1609,Person_4082,female,56,55-59,,,,0,,
HH_1610,Person_4083,female,65,65-69,,,,0,,
HH_1611,Person_4084,female,19,15-19,Person_4085,,,0,,
HH_1611,Person_4085,male,35,35-39,,,Person_4086,1,,Madrid
HH_1611,Person_4086,male,30,30-34,,,Person_4085,0,,
HH_1612,Person_4087,female,78,75-79,,,,0,,
HH_1613,Person_4088,male,24,20-24,Person_4089,,,0,,Edificio Torres Quevedo
HH_1613,Person_4089,male,64,60-64,,,Person_4090,1,,
HH_1613,Person_4090,male,90,90-94,,,Person_4089,0,,
HH_1614,Person_4091,male,66,65-69,,,,0,,
HH_1614,Person_4092,female,98,95-99,,,,0,,
HH_1615,Person_4093,male,2,0-4,Person_4095,,,0,,
HH_1615,Person_4094,male,35,35-39,Person_4095,,,0,,
HH_1615,Person_4095,male,74,70-74,,,Person_4096,2,,
HH_1615,Person_4096,male,58,55-59,,,Person_4095,0,,Madrid
HH_1616,Person_4097,male,55,55-59,,,,0,Alcorcon,Avant House
HH_1616,Person_4098,female,53,50-54,,,,0,Alcorcon,
HH_1616,Person_4099,male,66,65-69,,,,0,Alcorcon,
HH_1617,Person_4100,male,59,55-59,,,,0,,Madrid
HH_1618,Person_4101,female,77,75-79,,,,0,Madrid,
HH_1619,Person_4102,female,5,5-9,Person_4105,,,0,,Escuela Infantil Rosa Caramelo
HH_1619,Person_4103,male,6,5-9,Person_4105,,,0,,
HH_1619,Person_4104,female,1,0-4,Person_4105,,,0,,
HH_1619,Person_4105,male,38,35-39,,,,3,,Madrid
HH_1620,Person_4106,female,31,30-34,,Person_4108,,0,,Fuenlabrada
HH_1620,Person_4107,female,28,25-29,,Person_4108,,0,,
HH_1620,Person_4108,female,68,65-69,,,Person_4109,2,,
HH_1620,Person_4109,female,93,90-94,,,Person_4108,0,,
HH_1621,Person_4110,female,7,5-9,,Person_4114,,0,,
HH_1621,Person_4111,male,9,5-9,,Person_4114,,0,,Escuela Infantil El Romancero
HH_1621,Person_4112,male,1,0-4,,Person_4114,,0,,
HH_1621,Person_4113,female,15,15-19,,Person_4114,,0,,
HH_1621,Person_4114,female,52,50-54,,,,4,,
HH_1622,Person_4115,male,22,20-24,Person_4118,,,0,,Edificio Juan Benet
HH_1622,Person_4116,female,21,20-24,Person_4118,,,0,,Madrid
HH_1622,Person_4117,male,1,0-4,Person_4118,,,0,,
HH_1622,Person_4118,male,49,45-49,,,Person_4119,3,,Madrid
HH_1622,Person_4119,male,47,45-49,,,Person_4118,0,,Madrid
HH_1623,Person_4120,male,42,40-44,,Person_4122,,0,Madrid,
HH_1623,Person_4121,female,38,35-39,,Person_4122,,0,Madrid,
HH_1623,Person_4122,female,67,65-69,,,Person_4123,2,Madrid,
HH_1623,Person_4123,female,62,60-64,,,Person_4122,0,Madrid,
HH_1624,Person_4124,male,9,5-9,Person_4126,,,0,,Edificio Juan de Mairena
HH_1624,Person_4125,female,33,30-34,Person_4126,,,0,,Madrid
HH_1624,Person_4126,male,63,60-64,,,Person_4127,2,,Madrid
HH_1624,Person_4127,male,55,55-59,,,Person_4126,0,,Madrid
HH_1625,Person_4128,male,34,30-34,,,,0,,Madrid
HH_1625,Person_4129,male,89,85-89,,,,0,,
HH_1626,Person_4130,female,16,15-19,Person_4134,,,0,Madrid,
HH_1626,Person_4131,male,7,5-9,Person_4134,,,0,Madrid,
HH_1626,Person_4132,female,0,0-4,Person_4134,,,0,Madrid,
HH_1626,Person_4133,female,12,10-14,Person_4134,,,0,Madrid,Centro Ocupacional Juan Ramón Jiménez
HH_1626,Person_4134,male,49,45-49,,,,4,Madrid,
HH_1627,Person_4135,female,56,55-59,,,,0,,Madrid
HH_1628,Person_4136,female,22,20-24,,Person_4137,,0,,Madrid
HH_1628,Person_4137,female,56,55-59,,,,1,,Madrid
HH_1629,Person_4138,male,87,85-89,,,,0,,
HH_1629,Person_4139,female,77,75-79,,,,0,,
HH_1629,Person_4140,female,34,30-34,,,,0,,Madrid
HH_1629,Person_4141,male,38,35-39,,,,0,,Madrid
HH_1630,Person_4142,male,24,20-24,Person_4143,,,0,Alcorcon,
HH_1630,Person_4143,male,39,35-39,,,Person_4144,1,Alcorcon,
HH_1630,Person_4144,male,33,30-34,,,Person_4143,0,Alcorcon,
HH_1631,Person_4145,male,42,40-44,Person_4146,,,0,,Alcorcon
HH_1631,Person_4146,male,58,55-59,,,Person_4147,1,,Madrid
HH_1631,Person_4147,male,29,25-29,,,Person_4146,0,,
HH_1632,Person_4148,female,72,70-74,,,,0,,
HH_1632,Person_4149,male,73,70-74,,,,0,,
HH_1633,Person_4150,male,40,40-44,,,,0,,Madrid
HH_1633,Person_4151,female,98,95-99,,,,0,,
HH_1634,Person_4152,male,1,0-4,,Person_4153,,0,,
HH_1634,Person_4153,female,36,35-39,,,,1,,Madrid
HH_1635,Person_4154,female,57,55-59,,,,0,Madrid,
HH_1636,Person_4155,female,98,95-99,,,,0,,
HH_1637,Person_4156,female,28,25-29,Person_4157,,,0,Alcorcon,Edificio Sabatini
HH_1637,Person_4157,male,64,60-64,,,,1,Alcorcon,
HH_1638,Person_4158,male,36,35-39,Person_4159,,,0,Fuenlabrada,
HH_1638,Person_4159,male,66,65-69,,,Person_4160,1,Fuenlabrada,
HH_1638,Person_4160,male,40,40-44,,,Person_4159,0,Fuenlabrada,Ford
HH_1639,Person_4161,female,83,80-84,,,,0,,
HH_1640,Person_4162,female,36,35-39,,,,0,Madrid,
HH_1640,Person_4163,male,59,55-59,,,,0,Madrid,
HH_1641,Person_4164,male,41,40-44,Person_4165,,,0,,Madrid
HH_1641,Person_4165,male,81,80-84,,,Person_4166,1,,
HH_1641,Person_4166,male,48,45-49,,,Person_4165,0,,KFC
HH_1642,Person_4167,female,11,10-14,Person_4168,,,0,,
HH_1642,Person_4168,male,53,50-54,,,,1,,Madrid
HH_1643,Person_4169,female,21,20-24,,Person_4171,,0,,Biblioteca Rey Pastor
HH_1643,Person_4170,male,26,25-29,,Person_4171,,0,,
HH_1643,Person_4171,female,51,50-54,,,Person_4172,2,,Madrid
HH_1643,Person_4172,female,45,45-49,,,Person_4171,0,,Madrid
HH_1644,Person_4173,female,16,15-19,,Person_4175,,0,REPALAB,
HH_1644,Person_4174,male,32,30-34,,Person_4175,,0,REPALAB,Madrid
HH_1644,Person_4175,female,50,50-54,,,Person_4176,2,REPALAB,Madrid
HH_1644,Person_4176,female,53,50-54,,,Person_4175,0,REPALAB,Madrid
HH_1645,Person_4177,female,79,75-79,,,,0,,
HH_1646,Person_4178,female,55,55-59,,,,0,,Madrid
HH_1646,Person_4179,female,84,80-84,,,,0,,
HH_1647,Person_4180,male,33,30-34,,,,0,,
HH_1648,Person_4181,male,6,5-9,,Person_4182,,0,,
HH_1648,Person_4182,female,24,20-24,,,Person_4183,1,,
HH_1648,Person_4183,female,26,25-29,,,Person_4182,0,,Getafe norte
HH_1649,Person_4184,female,12,10-14,,Person_4186,,0,,
HH_1649,Person_4185,male,35,35-39,,Person_4186,,0,,Madrid
HH_1649,Person_4186,female,73,70-74,,,Person_4187,2,,
HH_1649,Person_4187,female,96,95-99,,,Person_4186,0,,
HH_1650,Person_4188,male,42,40-44,,,,0,Fuenlabrada,
HH_1650,Person_4189,female,82,80-84,,,,0,Fuenlabrada,
HH_1651,Person_4190,male,24,20-24,,,,0,,Extremadura
HH_1652,Person_4191,female,0,0-4,Person_4194,,,0,,Escuela Infantil Rosa Caramelo
HH_1652,Person_4192,male,5,5-9,Person_4194,,,0,,
HH_1652,Person_4193,male,4,0-4,Person_4194,,,0,,
HH_1652,Person_4194,male,36,35-39,,,,3,,Madrid
HH_1653,Person_4195,female,99,95-99,,,,0,,
HH_1654,Person_4196,male,23,20-24,,,,0,,Edificio Agustín de Betancourt
HH_1655,Person_4197,female,10,10-14,,Person_4199,,0,,
HH_1655,Person_4198,male,5,5-9,,Person_4199,,0,,
HH_1655,Person_4199,female,35,35-39,,,,2,,Madrid
HH_1656,Person_4200,female,81,80-84,,,,0,,
HH_1656,Person_4201,male,86,85-89,,,,0,,
HH_1657,Person_4202,female,97,95-99,Person_4203,,,0,,
HH_1657,Person_4203,male,122,100-120,,,,1,,
HH_1658,Person_4204,male,3,0-4,,Person_4205,,0,,
HH_1658,Person_4205,female,45,45-49,,,Person_4206,1,,Madrid
HH_1658,Person_4206,female,51,50-54,,,Person_4205,0,,
HH_1659,Person_4207,male,67,65-69,,,,0,,
HH_1660,Person_4208,female,89,85-89,,,,0,,
HH_1661,Person_4209,male,41,40-44,Person_4210,,,0,,Madrid
HH_1661,Person_4210,male,85,85-89,,,Person_4211,1,,
HH_1661,Person_4211,male,56,55-59,,,Person_4210,0,,Madrid
HH_1662,Person_4212,male,51,50-54,,,,0,,Madrid
HH_1663,Person_4213,female,16,15-19,Person_4215,,,0,,
HH_1663,Person_4214,female,33,30-34,Person_4215,,,0,,Madrid
HH_1663,Person_4215,male,64,60-64,,,Person_4216,2,,Madrid
HH_1663,Person_4216,male,55,55-59,,,Person_4215,0,,Madrid
HH_1664,Person_4217,female,54,50-54,,,,0,Getafe norte,
HH_1665,Person_4218,female,24,20-24,Person_4219,,,0,,Biblioteca Rey Pastor
HH_1665,Person_4219,male,52,50-54,,,Person_4220,1,,
HH_1665,Person_4220,male,43,40-44,,,Person_4219,0,,
HH_1666,Person_4221,male,21,20-24,Person_4224,,,0,Fuenlabrada,
HH_1666,Person_4222,male,12,10-14,Person_4224,,,0,Fuenlabrada,
HH_1666,Person_4223,male,11,10-14,Person_4224,,,0,Fuenlabrada,
HH_1666,Person_4224,male,40,40-44,,,Person_4225,3,Fuenlabrada,ITV TÜV Rheinland
HH_1666,Person_4225,male,42,40-44,,,Person_4224,0,Fuenlabrada,
HH_1667,Person_4226,female,79,75-79,,,,0,,
HH_1668,Person_4227,female,72,70-74,,,,0,Centro de Especialidades Mª Ángeles López Gómez,
HH_1669,Person_4228,female,95,95-99,,,,0,,
HH_1670,Person_4229,male,63,60-64,,,,0,Madrid,
HH_1670,Person_4230,female,98,95-99,,,,0,Madrid,
HH_1671,Person_4231,female,20,20-24,Person_4233,,,0,Fuenlabrada,
HH_1671,Person_4232,female,8,5-9,Person_4233,,,0,Fuenlabrada,
HH_1671,Person_4233,male,62,60-64,,,,2,Fuenlabrada,
HH_1672,Person_4234,female,83,80-84,,,,0,,
HH_1672,Person_4235,female,65,65-69,,,,0,,
HH_1673,Person_4236,male,15,15-19,,Person_4238,,0,,
HH_1673,Person_4237,female,26,25-29,,Person_4238,,0,,Madrid
HH_1673,Person_4238,female,59,55-59,,,Person_4239,2,,Madrid
HH_1673,Person_4239,female,56,55-59,,,Person_4238,0,,Madrid
HH_1674,Person_4240,female,15,15-19,,Person_4242,,0,,
HH_1674,Person_4241,female,34,30-34,,Person_4242,,0,,Madrid
HH_1674,Person_4242,female,66,65-69,,,Person_4243,2,,
HH_1674,Person_4243,female,67,65-69,,,Person_4242,0,,
HH_1675,Person_4244,male,20,20-24,,Person_4246,,0,,Edificio Torres Quevedo
HH_1675,Person_4245,female,31,30-34,,Person_4246,,0,,Madrid
HH_1675,Person_4246,female,68,65-69,,,Person_4247,2,,
HH_1675,Person_4247,female,95,95-99,,,Person_4246,0,,
HH_1676,Person_4248,male,34,30-34,,,,0,Mostoles,Sánchez Elez Sanabria
HH_1676,Person_4249,male,36,35-39,,,,0,Mostoles,
HH_1677,Person_4250,female,50,50-54,,,,0,Fuenlabrada,
HH_1677,Person_4251,female,19,15-19,,,,0,Fuenlabrada,Edificio Torres Quevedo
HH_1678,Person_4252,male,63,60-64,,,,0,Ford,Madrid
HH_1679,Person_4253,female,17,15-19,,Person_4255,,0,,Escuela Municipal de Música Manuel Rodríguez Sales
HH_1679,Person_4254,male,35,35-39,,Person_4255,,0,,Madrid
HH_1679,Person_4255,female,62,60-64,,,Person_4256,2,,Madrid
HH_1679,Person_4256,female,97,95-99,,,Person_4255,0,,
HH_1680,Person_4257,female,13,10-14,Person_4259,,,0,Madrid,
HH_1680,Person_4258,female,29,25-29,Person_4259,,,0,Madrid,
HH_1680,Person_4259,male,60,60-64,,,Person_4260,2,Madrid,
HH_1680,Person_4260,male,55,55-59,,,Person_4259,0,Madrid,
HH_1681,Person_4261,female,49,45-49,,,,0,,Mostoles
HH_1681,Person_4262,female,59,55-59,,,,0,,Madrid
HH_1682,Person_4263,male,31,30-34,,Person_4264,,0,Madrid,
HH_1682,Person_4264,female,61,60-64,,,Person_4265,1,Madrid,
HH_1682,Person_4265,female,74,70-74,,,Person_4264,0,Madrid,
HH_1683,Person_4266,female,65,65-69,,,,0,,
HH_1683,Person_4267,male,98,95-99,,,,0,,
HH_1684,Person_4268,female,25,25-29,,,,0,,
HH_1685,Person_4269,male,53,50-54,,,,0,,Madrid
HH_1685,Person_4270,male,91,90-94,,,,0,,
HH_1686,Person_4271,male,46,45-49,,,,0,Madrid,
HH_1686,Person_4272,male,50,50-54,,,,0,Madrid,
HH_1686,Person_4273,female,64,60-64,,,,0,Madrid,
HH_1687,Person_4274,male,10,10-14,,Person_4276,,0,,Centro Ocupacional Juan Ramón Jiménez
HH_1687,Person_4275,male,28,25-29,,Person_4276,,0,,Parque Científico de la Universidad Carlos III de Madrid
HH_1687,Person_4276,female,65,65-69,,,Person_4277,2,,
HH_1687,Person_4277,female,77,75-79,,,Person_4276,0,,
HH_1688,Person_4278,female,28,25-29,,,,0,,Madrid
HH_1688,Person_4279,male,55,55-59,,,,0,,Madrid
HH_1689,Person_4280,female,21,20-24,Person_4282,,,0,,Fundación IMDEA Networks
HH_1689,Person_4281,male,29,25-29,Person_4282,,,0,,
HH_1689,Person_4282,male,71,70-74,,,,2,,
HH_1690,Person_4283,female,14,10-14,,Person_4284,,0,Alcorcon,
HH_1690,Person_4284,female,54,50-54,,,Person_4285,1,Alcorcon,
HH_1690,Person_4285,female,51,50-54,,,Person_4284,0,Alcorcon,
HH_1691,Person_4286,female,18,15-19,,,,0,,Parque Científico de la Universidad Carlos III de Madrid
HH_1691,Person_4287,male,48,45-49,,,,0,,Alcorcon
HH_1692,Person_4288,female,3,0-4,Person_4292,,,0,,Escuela Infantil Rosa Caramelo
HH_1692,Person_4289,male,1,0-4,Person_4292,,,0,,Escuela Infantil Rosa Caramelo
HH_1692,Person_4290,female,11,10-14,Person_4292,,,0,,
HH_1692,Person_4291,male,13,10-14,Person_4292,,,0,,
HH_1692,Person_4292,male,55,55-59,,,,4,,Madrid
HH_1693,Person_4293,female,25,25-29,Person_4296,,,0,,Madrid
HH_1693,Person_4294,male,23,20-24,Person_4296,,,0,,Madrid
HH_1693,Person_4295,male,16,15-19,Person_4296,,,0,,
HH_1693,Person_4296,male,58,55-59,,,,3,,Madrid
HH_1694,Person_4297,female,15,15-19,,Person_4298,,0,,
HH_1694,Person_4298,female,48,45-49,,,Person_4299,1,,
HH_1694,Person_4299,female,49,45-49,,,Person_4298,0,,Madrid
HH_1695,Person_4300,male,7,5-9,Person_4301,,,0,,
HH_1695,Person_4301,male,39,35-39,,,Person_4302,1,,Madrid
HH_1695,Person_4302,male,39,35-39,,,Person_4301,0,,Madrid
HH_1696,Person_4303,male,55,55-59,,,,0,,Madrid
HH_1696,Person_4304,male,41,40-44,,,,0,,Madrid
HH_1696,Person_4305,female,58,55-59,,,,0,,Madrid
HH_1697,Person_4306,female,26,25-29,Person_4307,,,0,Fuenlabrada,Hiper Road
HH_1697,Person_4307,male,63,60-64,,,Person_4308,1,Fuenlabrada,
HH_1697,Person_4308,male,47,45-49,,,Person_4307,0,Fuenlabrada,
HH_1698,Person_4309,male,23,20-24,,Person_4313,,0,,Madrid
HH_1698,Person_4310,male,11,10-14,,Person_4313,,0,,
HH_1698,Person_4311,female,6,5-9,,Person_4313,,0,,
HH_1698,Person_4312,female,5,5-9,,Person_4313,,0,,
HH_1698,Person_4313,female,53,50-54,,,,4,,Madrid
HH_1699,Person_4314,male,24,20-24,Person_4316,,,0,,
HH_1699,Person_4315,female,35,35-39,Person_4316,,,0,,Madrid
HH_1699,Person_4316,male,62,60-64,,,Person_4317,2,,Madrid
HH_1699,Person_4317,male,48,45-49,,,Person_4316,0,,
HH_1700,Person_4318,female,27,25-29,,Person_4319,,0,Getafe norte,Fundación IMDEA Networks
HH_1700,Person_4319,female,43,40-44,,,Person_4320,1,Getafe norte,
HH_1700,Person_4320,female,49,45-49,,,Person_4319,0,Getafe norte,
HH_1701,Person_4321,male,72,70-74,,,,0,Madrid,
HH_1701,Person_4322,male,95,95-99,,,,0,Madrid,
HH_1702,Person_4323,female,9,5-9,Person_4325,,,0,,
HH_1702,Person_4324,female,11,10-14,Person_4325,,,0,,
HH_1702,Person_4325,male,29,25-29,,,,2,,Edificio Torres Quevedo
HH_1703,Person_4326,female,62,60-64,,,,0,Madrid,
HH_1703,Person_4327,female,87,85-89,,,,0,Madrid,
HH_1703,Person_4328,male,71,70-74,,,,0,Madrid,
HH_1704,Person_4329,female,91,90-94,,,,0,,
HH_1705,Person_4330,female,13,10-14,,Person_4334,,0,,Escuela Municipal de Música Manuel Rodríguez Sales
HH_1705,Person_4331,male,10,10-14,,Person_4334,,0,,
HH_1705,Person_4332,male,10,10-14,,Person_4334,,0,,
HH_1705,Person_4333,male,8,5-9,,Person_4334,,0,,
HH_1705,Person_4334,female,45,45-49,,,,4,,Madrid
HH_1706,Person_4335,male,82,80-84,,,,0,,
HH_1706,Person_4336,male,56,55-59,,,,0,,Madrid
HH_1707,Person_4337,male,3,0-4,,Person_4339,,0,,
HH_1707,Person_4338,male,25,25-29,,Person_4339,,0,,
HH_1707,Person_4339,female,52,50-54,,,Person_4340,2,,Getafe norte
HH_1707,Person_4340,female,48,45-49,,,Person_4339,0,,Madrid
HH_1708,Person_4341,male,26,25-29,,,,0,,
HH_1708,Person_4342,female,34,30-34,,,,0,,
HH_1709,Person_4343,female,41,40-44,,,,0,Madrid,
HH_1709,Person_4344,female,73,70-74,,,,0,Madrid,
HH_1710,Person_4345,female,41,40-44,Person_4346,,,0,Madrid,
HH_1710,Person_4346,male,72,70-74,,,,1,Madrid,
HH_1711,Person_4347,male,71,70-74,,,,0,,
HH_1711,Person_4348,male,67,65-69,,,,0,,
HH_1712,Person_4349,female,97,95-99,,,,0,,
HH_1713,Person_4350,female,19,15-19,,Person_4352,,0,Extremadura,guardería
HH_1713,Person_4351,male,29,25-29,,Person_4352,,0,Extremadura,
HH_1713,Person_4352,female,69,65-69,,,,2,Extremadura,
HH_1714,Person_4353,female,86,85-89,,,,0,Madrid,
HH_1715,Person_4354,female,41,40-44,,,,0,Mostoles,
HH_1715,Person_4355,male,95,95-99,,,,0,Mostoles,
HH_1716,Person_4356,female,90,90-94,,,,0,,
HH_1716,Person_4357,female,50,50-54,,,,0,,Madrid
HH_1717,Person_4358,female,41,40-44,Person_4359,,,0,,Madrid
HH_1717,Person_4359,male,68,65-69,,,Person_4360,1,,
HH_1717,Person_4360,male,51,50-54,,,Person_4359,0,,Madrid
HH_1718,Person_4361,male,23,20-24,,,,0,,
HH_1719,Person_4362,female,6,5-9,,Person_4366,,0,,
HH_1719,Person_4363,female,8,5-9,,Person_4366,,0,,
HH_1719,Person_4364,female,6,5-9,,Person_4366,,0,,
HH_1719,Person_4365,male,6,5-9,,Person_4366,,0,,
HH_1719,Person_4366,female,46,45-49,,,,4,,Getafe norte
HH_1720,Person_4367,male,41,40-44,,Person_4368,,0,,
HH_1720,Person_4368,female,80,80-84,,,Person_4369,1,,
HH_1720,Person_4369,female,85,85-89,,,Person_4368,0,,
HH_1721,Person_4370,male,47,45-49,,,,0,Madrid,
HH_1721,Person_4371,female,28,25-29,,,,0,Madrid,
HH_1722,Person_4372,male,98,95-99,,,,0,,
HH_1723,Person_4373,male,92,90-94,,,,0,Madrid,
HH_1723,Person_4374,male,19,15-19,,,,0,Madrid,Edificio Juan Benet
HH_1724,Person_4375,female,24,20-24,Person_4376,,,0,,
HH_1724,Person_4376,male,49,45-49,,,Person_4377,1,,
HH_1724,Person_4377,male,41,40-44,,,Person_4376,0,,Madrid
HH_1725,Person_4378,male,68,65-69,,,,0,Madrid,
HH_1725,Person_4379,male,70,70-74,,,,0,Madrid,
HH_1726,Person_4380,female,60,60-64,,,,0,,Madrid
HH_1726,Person_4381,male,64,60-64,,,,0,,Madrid
HH_1727,Person_4382,male,37,35-39,,Person_4383,,0,Madrid,
HH_1727,Person_4383,female,63,60-64,,,Person_4384,1,Madrid,
HH_1727,Person_4384,female,77,75-79,,,Person_4383,0,Madrid,
HH_1728,Person_4385,male,7,5-9,,Person_4388,,0,,
HH_1728,Person_4386,male,7,5-9,,Person_4388,,0,,
HH_1728,Person_4387,male,13,10-14,,Person_4388,,0,,
HH_1728,Person_4388,female,50,50-54,,,,3,,Madrid
HH_1729,Person_4389,male,25,25-29,,Person_4390,,0,Madrid,Fundación IMDEA Networks
HH_1729,Person_4390,female,64,60-64,,,Person_4391,1,Madrid,
HH_1729,Person_4391,female,51,50-54,,,Person_4390,0,Madrid,
HH_1730,Person_4392,female,23,20-24,Person_4394,,,0,,
HH_1730,Person_4393,female,27,25-29,Person_4394,,,0,,Edificio Sabatini
HH_1730,Person_4394,male,57,55-59,,,Person_4395,2,,Getafe norte
HH_1730,Person_4395,male,50,50-54,,,Person_4394,0,,
HH_1731,Person_4396,female,41,40-44,,,,0,,
HH_1731,Person_4397,male,40,40-44,,,,0,,Madrid
HH_1732,Person_4398,female,66,65-69,,Person_4400,,0,,
HH_1732,Person_4399,female,51,50-54,,Person_4400,,0,,Madrid
HH_1732,Person_4400,female,94,90-94,,,Person_4401,2,,
HH_1732,Person_4401,female,62,60-64,,,Person_4400,0,,Madrid
HH_1733,Person_4402,female,15,15-19,,Person_4405,,0,Madrid,
HH_1733,Person_4403,female,24,20-24,,Person_4405,,0,Madrid,Edificio Torres Quevedo
HH_1733,Person_4404,male,6,5-9,,Person_4405,,0,Madrid,
HH_1733,Person_4405,female,58,55-59,,,,3,Madrid,
HH_1734,Person_4406,female,41,40-44,Person_4407,,,0,,Madrid
HH_1734,Person_4407,male,67,65-69,,,,1,,
HH_1735,Person_4408,male,67,65-69,,,,0,Madrid,
HH_1735,Person_4409,male,88,85-89,,,,0,Madrid,
HH_1736,Person_4410,female,18,15-19,Person_4414,,,0,Madrid,Parque Científico de la Universidad Carlos III de Madrid
HH_1736,Person_4411,female,12,10-14,Person_4414,,,0,Madrid,
HH_1736,Person_4412,male,21,20-24,Person_4414,,,0,Madrid,
HH_1736,Person_4413,female,27,25-29,Person_4414,,,0,Madrid,
HH_1736,Person_4414,male,66,65-69,,,,4,Madrid,
HH_1737,Person_4415,female,21,20-24,,Person_4419,,0,Madrid,Fundación IMDEA Networks
HH_1737,Person_4416,male,9,5-9,,Person_4419,,0,Madrid,
HH_1737,Person_4417,male,26,25-29,,Person_4419,,0,Madrid,
HH_1737,Person_4418,female,13,10-14,,Person_4419,,0,Madrid,
HH_1737,Person_4419,female,43,40-44,,,,4,Madrid,
HH_1738,Person_4420,male,28,25-29,,Person_4421,,0,Madrid,Edificio Torres Quevedo
HH_1738,Person_4421,female,53,50-54,,,,1,Madrid,
HH_1739,Person_4422,male,0,0-4,Person_4424,,,0,,
HH_1739,Person_4423,male,5,5-9,Person_4424,,,0,,
HH_1739,Person_4424,male,38,35-39,,,,2,,Madrid
HH_1740,Person_4425,male,53,50-54,,,,0,,Madrid
HH_1740,Person_4426,female,69,65-69,,,,0,,
HH_1741,Person_4427,female,19,15-19,Person_4429,,,0,,
HH_1741,Person_4428,male,4,0-4,Person_4429,,,0,,
HH_1741,Person_4429,male,63,60-64,,,,2,,Madrid
HH_1742,Person_4430,male,54,50-54,,,,0,Madrid,Medicentro
HH_1743,Person_4431,female,37,35-39,,Person_4432,,0,Fuenlabrada,
HH_1743,Person_4432,female,74,70-74,,,Person_4433,1,Fuenlabrada,
HH_1743,Person_4433,female,89,85-89,,,Person_4432,0,Fuenlabrada,
HH_1744,Person_4434,male,30,30-34,Person_4435,,,0,,Edificio Sabatini
HH_1744,Person_4435,male,59,55-59,,,Person_4436,1,,Madrid
HH_1744,Person_4436,male,51,50-54,,,Person_4435,0,,
HH_1745,Person_4437,male,25,25-29,Person_4440,,,0,,
HH_1745,Person_4438,female,24,20-24,Person_4440,,,0,,Madrid
HH_1745,Person_4439,female,27,25-29,Person_4440,,,0,,
HH_1745,Person_4440,male,75,75-79,,,,3,,
HH_1746,Person_4441,male,46,45-49,,,,0,,Madrid
HH_1747,Person_4442,male,51,50-54,,,,0,,Madrid
HH_1747,Person_4443,female,77,75-79,,,,0,,
HH_1748,Person_4444,female,17,15-19,Person_4446,,,0,Madrid,
HH_1748,Person_4445,female,21,20-24,Person_4446,,,0,Madrid,
HH_1748,Person_4446,male,65,65-69,,,,2,Madrid,
HH_1749,Person_4447,male,32,30-34,,,,0,,Madrid
HH_1749,Person_4448,female,61,60-64,,,,0,,Madrid
HH_1749,Person_4449,female,69,65-69,,,,0,,
HH_1750,Person_4450,male,30,30-34,,,,0,,
HH_1751,Person_4451,male,17,15-19,Person_4453,,,0,,
HH_1751,Person_4452,female,21,20-24,Person_4453,,,0,,Parque Científico de la Universidad Carlos III de Madrid
HH_1751,Person_4453,male,53,50-54,,,,2,,Madrid
HH_1752,Person_4454,male,34,30-34,,,,0,,Madrid
HH_1752,Person_4455,male,22,20-24,,,,0,,
HH_1752,Person_4456,male,20,20-24,,,,0,,
HH_1753,Person_4457,male,37,35-39,,,,0,Fuenlabrada,
HH_1754,Person_4458,female,90,90-94,,,,0,,
HH_1755,Person_4459,female,30,30-34,,,,0,,Edificio Juan Benet
HH_1756,Person_4460,male,71,70-74,,,,0,,
HH_1757,Person_4461,female,77,75-79,,Person_4462,,0,Fuenlabrada,
HH_1757,Person_4462,female,120,100-120,,,,1,Fuenlabrada,
HH_1758,Person_4463,female,12,10-14,,Person_4465,,0,,
HH_1758,Person_4464,male,32,30-34,,Person_4465,,0,,Madrid
HH_1758,Person_4465,female,62,60-64,,,Person_4466,2,,Madrid
HH_1758,Person_4466,female,53,50-54,,,Person_4465,0,,Fuenlabrada
HH_1759,Person_4467,male,85,85-89,,,,0,Madrid,
HH_1759,Person_4468,female,93,90-94,,,,0,Madrid,
HH_1760,Person_4469,male,10,10-14,,Person_4470,,0,Fuenlabrada,guardería
HH_1760,Person_4470,female,27,25-29,,,Person_4471,1,Fuenlabrada,Alius
HH_1760,Person_4471,female,25,25-29,,,Person_4470,0,Fuenlabrada,
HH_1761,Person_4472,female,22,20-24,,Person_4473,,0,,Madrid
HH_1761,Person_4473,female,49,45-49,,,Person_4474,1,,
HH_1761,Person_4474,female,43,40-44,,,Person_4473,0,,Alcorcon
HH_1762,Person_4475,female,26,25-29,Person_4476,,,0,,Parque Científico de la Universidad Carlos III de Madrid
HH_1762,Person_4476,male,43,40-44,,,,1,,Madrid
HH_1763,Person_4477,male,34,30-34,Person_4478,,,0,Mostoles,
HH_1763,Person_4478,male,72,70-74,,,Person_4479,1,Mostoles,
HH_1763,Person_4479,male,51,50-54,,,Person_4478,0,Mostoles,
HH_1764,Person_4480,male,2,0-4,,Person_4482,,0,,
HH_1764,Person_4481,female,27,25-29,,Person_4482,,0,,Getafe norte
HH_1764,Person_4482,female,63,60-64,,,Person_4483,2,,
HH_1764,Person_4483,female,86,85-89,,,Person_4482,0,,
HH_1765,Person_4484,male,61,60-64,,,,0,Mostoles,
HH_1766,Person_4485,female,95,95-99,,,,0,,
HH_1766,Person_4486,female,86,85-89,,,,0,,
HH_1767,Person_4487,female,25,25-29,,Person_4489,,0,,Edificio Sabatini
HH_1767,Person_4488,female,29,25-29,,Person_4489,,0,,Edificio Sabatini
HH_1767,Person_4489,female,60,60-64,,,Person_4490,2,,Madrid
HH_1767,Person_4490,female,93,90-94,,,Person_4489,0,,
HH_1768,Person_4491,male,23,20-24,Person_4492,,,0,Madrid,Parque Científico de la Universidad Carlos III de Madrid
HH_1768,Person_4492,male,51,50-54,,,Person_4493,1,Madrid,
HH_1768,Person_4493,male,53,50-54,,,Person_4492,0,Madrid,
HH_1769,Person_4494,female,21,20-24,,Person_4498,,0,Madrid,
HH_1769,Person_4495,female,29,25-29,,Person_4498,,0,Madrid,
HH_1769,Person_4496,male,24,20-24,,Person_4498,,0,Madrid,Edificio Sabatini
HH_1769,Person_4497,female,3,0-4,,Person_4498,,0,Madrid,
HH_1769,Person_4498,female,45,45-49,,,,4,Madrid,
HH_1770,Person_4499,female,31,30-34,,,,0,Madrid,
HH_1770,Person_4500,male,18,15-19,,,,0,Madrid,
HH_1770,Person_4501,male,99,95-99,,,,0,Madrid,
HH_1771,Person_4502,male,64,60-64,,,,0,Fuenlabrada,
HH_1772,Person_4503,male,80,80-84,,,,0,,
HH_1772,Person_4504,male,47,45-49,,,,0,,Madrid
HH_1773,Person_4505,female,6,5-9,Person_4507,,,0,Madrid,
HH_1773,Person_4506,male,31,30-34,Person_4507,,,0,Madrid,
HH_1773,Person_4507,male,71,70-74,,,Person_4508,2,Madrid,
HH_1773,Person_4508,male,53,50-54,,,Person_4507,0,Madrid,
HH_1774,Person_4509,female,24,20-24,,Person_4510,,0,,
HH_1774,Person_4510,female,49,45-49,,,,1,,Mecalux
HH_1775,Person_4511,female,29,25-29,Person_4512,,,0,,
HH_1775,Person_4512,male,60,60-64,,,,1,,Madrid
HH_1776,Person_4513,male,15,15-19,,Person_4514,,0,,
HH_1776,Person_4514,female,45,45-49,,,Person_4515,1,,Madrid
HH_1776,Person_4515,female,48,45-49,,,Person_4514,0,,Madrid
HH_1777,Person_4516,male,21,20-24,Person_4517,,,0,,
HH_1777,Person_4517,male,52,50-54,,,Person_4518,1,,Alcorcon
HH_1777,Person_4518,male,38,35-39,,,Person_4517,0,,
HH_1778,Person_4519,female,81,80-84,,,,0,Madrid,
HH_1779,Person_4520,male,72,70-74,,,,0,,
HH_1780,Person_4521,male,13,10-14,Person_4523,,,0,,
HH_1780,Person_4522,female,28,25-29,Person_4523,,,0,,Madrid
HH_1780,Person_4523,male,71,70-74,,,Person_4524,2,,
HH_1780,Person_4524,male,91,90-94,,,Person_4523,0,,
HH_1781,Person_4525,male,33,30-34,,,,0,Madrid,
HH_1782,Person_4526,female,82,80-84,,,,0,,
HH_1783,Person_4527,female,9,5-9,,Person_4529,,0,Fuenlabrada,
HH_1783,Person_4528,female,25,25-29,,Person_4529,,0,Fuenlabrada,Edificio Juan Benet
HH_1783,Person_4529,female,51,50-54,,,Person_4530,2,Fuenlabrada,Conalsa
HH_1783,Person_4530,female,52,50-54,,,Person_4529,0,Fuenlabrada,
HH_1784,Person_4531,female,75,75-79,,,,0,,
HH_1785,Person_4532,female,17,15-19,Person_4535,,,0,,
HH_1785,Person_4533,female,3,0-4,Person_4535,,,0,,
HH_1785,Person_4534,male,5,5-9,Person_4535,,,0,,Escuela Infantil Rosa Caramelo
HH_1785,Person_4535,male,49,45-49,,,,3,,
HH_1786,Person_4536,female,13,10-14,Person_4538,,,0,,
HH_1786,Person_4537,male,32,30-34,Person_4538,,,0,,Madrid
HH_1786,Person_4538,male,75,75-79,,,Person_4539,2,,
HH_1786,Person_4539,male,81,80-84,,,Person_4538,0,,
HH_1787,Person_4540,female,38,35-39,Person_4541,,,0,Getafe norte,
HH_1787,Person_4541,male,78,75-79,,,Person_4542,1,Getafe norte,
HH_1787,Person_4542,male,57,55-59,,,Person_4541,0,Getafe norte,
HH_1788,Person_4543,male,93,90-94,,,,0,,
HH_1788,Person_4544,male,22,20-24,,,,0,,
HH_1789,Person_4545,male,32,30-34,,,,0,,Madrid
HH_1789,Person_4546,female,55,55-59,,,,0,,Madrid
HH_1789,Person_4547,female,91,90-94,,,,0,,
HH_1790,Person_4548,female,10,10-14,Person_4549,,,0,,
HH_1790,Person_4549,male,41,40-44,,,Person_4550,1,,
HH_1790,Person_4550,male,44,40-44,,,Person_4549,0,,Madrid
HH_1791,Person_4551,female,26,25-29,,,,0,,Edificio Torres Quevedo
HH_1792,Person_4552,female,31,30-34,Person_4553,,,0,,Extremadura
HH_1792,Person_4553,male,60,60-64,,,,1,,Madrid
HH_1793,Person_4554,female,69,65-69,,,,0,Madrid,
HH_1794,Person_4555,female,73,70-74,,,,0,,
HH_1794,Person_4556,male,60,60-64,,,,0,,
HH_1795,Person_4557,female,76,75-79,,,,0,Madrid,
HH_1795,Person_4558,female,95,95-99,,,,0,Madrid,
HH_1796,Person_4559,male,0,0-4,Person_4561,,,0,,
HH_1796,Person_4560,female,3,0-4,Person_4561,,,0,,
HH_1796,Person_4561,male,28,25-29,,,,2,,Madrid
HH_1797,Person_4562,female,20,20-24,,Person_4563,,0,,Edificio Agustín de Betancourt
HH_1797,Person_4563,female,57,55-59,,,Person_4564,1,,
HH_1797,Person_4564,female,49,45-49,,,Person_4563,0,,Madrid
HH_1798,Person_4565,male,1,0-4,Person_4567,,,0,Madrid,Escuela Infantil Rosa Caramelo
HH_1798,Person_4566,female,30,30-34,Person_4567,,,0,Madrid,
HH_1798,Person_4567,male,62,60-64,,,Person_4568,2,Madrid,Pabellón Europa
HH_1798,Person_4568,male,55,55-59,,,Person_4567,0,Madrid,
HH_1799,Person_4569,female,32,30-34,,,,0,,Madrid
HH_1800,Person_4570,female,34,30-34,,,,0,,Madrid
HH_1800,Person_4571,female,51,50-54,,,,0,,Getafe norte
HH_1800,Person_4572,female,82,80-84,,,,0,,
HH_1801,Person_4573,female,24,20-24,,,,0,Volkswagen Ardasa 2000,
HH_1802,Person_4574,female,31,30-34,,Person_4575,,0,,Madrid
HH_1802,Person_4575,female,63,60-64,,,Person_4576,1,,Madrid
HH_1802,Person_4576,female,86,85-89,,,Person_4575,0,,
HH_1803,Person_4577,female,25,25-29,,Person_4578,,0,,Madrid
HH_1803,Person_4578,female,44,40-44,,,Person_4579,1,,Madrid
HH_1803,Person_4579,female,47,45-49,,,Person_4578,0,,Madrid
HH_1804,Person_4580,female,79,75-79,,,,0,,
HH_1804,Person_4581,male,31,30-34,,,,0,,Madrid
HH_1805,Person_4582,male,90,90-94,,,,0,,
HH_1805,Person_4583,male,90,90-94,,,,0,,
HH_1806,Person_4584,male,47,45-49,,,,0,Madrid,
HH_1806,Person_4585,female,33,30-34,,,,0,Madrid,
HH_1807,Person_4586,female,52,50-54,Person_4587,,,0,Fuenlabrada,
HH_1807,Person_4587,male,68,65-69,,,,1,Fuenlabrada,
HH_1808,Person_4588,female,9,5-9,,Person_4589,,0,,Centro Ocupacional Juan Ramón Jiménez
HH_1808,Person_4589,female,39,35-39,,,Person_4590,1,,Madrid
HH_1808,Person_4590,female,35,35-39,,,Person_4589,0,,Getafe norte
HH_1809,Person_4591,male,31,30-34,,Person_4592,,0,Madrid,
HH_1809,Person_4592,female,65,65-69,,,Person_4593,1,Madrid,
HH_1809,Person_4593,female,90,90-94,,,Person_4592,0,Madrid,
HH_1810,Person_4594,male,83,80-84,,,,0,,
HH_1810,Person_4595,female,58,55-59,,,,0,,Madrid
HH_1811,Person_4596,male,32,30-34,,Person_4598,,0,Sol y Vida,Madrid
HH_1811,Person_4597,female,34,30-34,,Person_4598,,0,Sol y Vida,Getafe norte
HH_1811,Person_4598,female,72,70-74,,,Person_4599,2,Sol y Vida,
HH_1811,Person_4599,female,64,60-64,,,Person_4598,0,Sol y Vida,Madrid
HH_1812,Person_4600,male,16,15-19,Person_4602,,,0,Fuenlabrada,
HH_1812,Person_4601,male,30,30-34,Person_4602,,,0,Fuenlabrada,
HH_1812,Person_4602,male,70,70-74,,,Person_4603,2,Fuenlabrada,
HH_1812,Person_4603,male,49,45-49,,,Person_4602,0,Fuenlabrada,
HH_1813,Person_4604,female,9,5-9,Person_4605,,,0,,
HH_1813,Person_4605,male,53,50-54,,,Person_4606,1,,Madrid
HH_1813,Person_4606,male,42,40-44,,,Person_4605,0,,Fuenlabrada
HH_1814,Person_4607,female,11,10-14,,Person_4608,,0,,
HH_1814,Person_4608,female,27,25-29,,,Person_4609,1,,Madrid
HH_1814,Person_4609,female,39,35-39,,,Person_4608,0,,Madrid
HH_1815,Person_4610,female,9,5-9,Person_4612,,,0,,
HH_1815,Person_4611,female,32,30-34,Person_4612,,,0,,Madrid
HH_1815,Person_4612,male,64,60-64,,,Person_4613,2,,Madrid
HH_1815,Person_4613,male,56,55-59,,,Person_4612,0,,Madrid
HH_1816,Person_4614,female,86,85-89,,,,0,,
HH_1816,Person_4615,male,69,65-69,,,,0,,
HH_1817,Person_4616,female,1,0-4,Person_4618,,,0,Madrid,
HH_1817,Person_4617,female,10,10-14,Person_4618,,,0,Madrid,
HH_1817,Person_4618,male,46,45-49,,,,2,Madrid,
HH_1818,Person_4619,female,56,55-59,,,,0,Lidl,Madrid
HH_1818,Person_4620,female,40,40-44,,,,0,Lidl,Madrid
HH_1819,Person_4621,male,10,10-14,Person_4623,,,0,,
HH_1819,Person_4622,male,10,10-14,Person_4623,,,0,,
HH_1819,Person_4623,male,44,40-44,,,,2,,Madrid
HH_1820,Person_4624,female,24,20-24,Person_4626,,,0,,Biblioteca Rey Pastor
HH_1820,Person_4625,female,28,25-29,Person_4626,,,0,,Madrid
HH_1820,Person_4626,male,55,55-59,,,Person_4627,2,,Madrid
HH_1820,Person_4627,male,56,55-59,,,Person_4626,0,,Madrid
HH_1821,Person_4628,female,22,20-24,,,,0,,Madrid
HH_1822,Person_4629,female,41,40-44,,Person_4630,,0,Fuenlabrada,
HH_1822,Person_4630,female,75,75-79,,,Person_4631,1,Fuenlabrada,
HH_1822,Person_4631,female,74,70-74,,,Person_4630,0,Fuenlabrada,
HH_1823,Person_4632,female,35,35-39,Person_4633,,,0,,
HH_1823,Person_4633,male,81,80-84,,,,1,,
HH_1824,Person_4634,male,88,85-89,,,,0,,
HH_1824,Person_4635,male,53,50-54,,,,0,,Madrid
HH_1825,Person_4636,female,16,15-19,,Person_4639,,0,,
HH_1825,Person_4637,female,24,20-24,,Person_4639,,0,,
HH_1825,Person_4638,male,5,5-9,,Person_4639,,0,,
HH_1825,Person_4639,female,54,50-54,,,,3,,Madrid
HH_1826,Person_4640,female,2,0-4,Person_4642,,,0,,
HH_1826,Person_4641,female,30,30-34,Person_4642,,,0,,
HH_1826,Person_4642,male,55,55-59,,,Person_4643,2,,Madrid
HH_1826,Person_4643,male,50,50-54,,,Person_4642,0,,Madrid
HH_1827,Person_4644,male,61,60-64,,,,0,Madrid,Norbert Dentressangle
HH_1828,Person_4645,female,60,60-64,,,,0,,Madrid
HH_1828,Person_4646,male,85,85-89,,,,0,,
HH_1829,Person_4647,female,83,80-84,,,,0,Getafe norte,
HH_1830,Person_4648,male,98,95-99,,,,0,,
HH_1831,Person_4649,male,39,35-39,,,,0,,
HH_1832,Person_4650,female,0,0-4,,Person_4651,,0,,
HH_1832,Person_4651,female,27,25-29,,,Person_4652,1,,Parque Científico de la Universidad Carlos III de Madrid
HH_1832,Person_4652,female,32,30-34,,,Person_4651,0,,Madrid
HH_1833,Person_4653,female,16,15-19,Person_4654,,,0,Getafe norte,guardería
HH_1833,Person_4654,male,59,55-59,,,Person_4655,1,Getafe norte,
HH_1833,Person_4655,male,37,35-39,,,Person_4654,0,Getafe norte,
HH_1834,Person_4656,female,28,25-29,,,,0,Mostoles,Edificio Agustín de Betancourt
HH_1835,Person_4657,female,41,40-44,,Person_4658,,0,,Alcorcon
HH_1835,Person_4658,female,69,65-69,,,Person_4659,1,,
HH_1835,Person_4659,female,91,90-94,,,Person_4658,0,,
HH_1836,Person_4660,female,87,85-89,,,,0,,
HH_1837,Person_4661,female,22,20-24,Person_4662,,,0,,Edificio Juan Benet
HH_1837,Person_4662,male,47,45-49,,,Person_4663,1,,Madrid
HH_1837,Person_4663,male,41,40-44,,,Person_4662,0,,Mostoles
HH_1838,Person_4664,female,68,65-69,,,,0,,
HH_1839,Person_4665,female,58,55-59,,,,0,,Getafe norte
HH_1839,Person_4666,male,58,55-59,,,,0,,Madrid
HH_1840,Person_4667,female,25,25-29,Person_4668,,,0,Madrid,
HH_1840,Person_4668,male,64,60-64,,,Person_4669,1,Madrid,
HH_1840,Person_4669,male,82,80-84,,,Person_4668,0,Madrid,
HH_1841,Person_4670,female,10,10-14,,Person_4671,,0,,
HH_1841,Person_4671,female,35,35-39,,,,1,,Madrid
HH_1842,Person_4672,female,21,20-24,,Person_4674,,0,,Edificio Sabatini
HH_1842,Person_4673,male,22,20-24,,Person_4674,,0,,Edificio Agustín de Betancourt
HH_1842,Person_4674,female,60,60-64,,,,2,,Madrid
HH_1843,Person_4675,female,76,75-79,,,,0,,
HH_1843,Person_4676,female,77,75-79,,,,0,,
HH_1844,Person_4677,female,10,10-14,Person_4679,,,0,,
HH_1844,Person_4678,male,27,25-29,Person_4679,,,0,,Edificio Juan Benet
HH_1844,Person_4679,male,60,60-64,,,Person_4680,2,,Madrid
HH_1844,Person_4680,male,74,70-74,,,Person_4679,0,,
HH_1845,Person_4681,male,16,15-19,Person_4682,,,0,,
HH_1845,Person_4682,male,51,50-54,,,Person_4683,1,,Madrid
HH_1845,Person_4683,male,46,45-49,,,Person_4682,0,,Madrid
HH_1846,Person_4684,female,9,5-9,,Person_4685,,0,,
HH_1846,Person_4685,female,26,25-29,,,,1,,Madrid
HH_1847,Person_4686,female,69,65-69,,,,0,Madrid,
HH_1847,Person_4687,female,44,40-44,,,,0,Madrid,
HH_1848,Person_4688,male,10,10-14,,Person_4692,,0,Alcorcon,
HH_1848,Person_4689,female,9,5-9,,Person_4692,,0,Alcorcon,
HH_1848,Person_4690,female,15,15-19,,Person_4692,,0,Alcorcon,
HH_1848,Person_4691,male,15,15-19,,Person_4692,,0,Alcorcon,
HH_1848,Person_4692,female,54,50-54,,,,4,Alcorcon,
HH_1849,Person_4693,female,6,5-9,,Person_4695,,0,Madrid,
HH_1849,Person_4694,female,26,25-29,,Person_4695,,0,Madrid,
HH_1849,Person_4695,female,64,60-64,,,Person_4696,2,Madrid,
HH_1849,Person_4696,female,88,85-89,,,Person_4695,0,Madrid,
HH_1850,Person_4697,female,15,15-19,Person_4698,,,0,,
HH_1850,Person_4698,male,47,45-49,,,Person_4699,1,,Madrid
HH_1850,Person_4699,male,42,40-44,,,Person_4698,0,,Fuenlabrada
HH_1851,Person_4700,female,87,85-89,,,,0,Madrid,
HH_1852,Person_4701,male,63,60-64,,,,0,,Madrid
HH_1853,Person_4702,female,60,60-64,,,,0,,Madrid
HH_1853,Person_4703,female,31,30-34,,,,0,,Madrid
HH_1854,Person_4704,female,92,90-94,,,,0,Getafe norte,
HH_1854,Person_4705,male,87,85-89,,,,0,Getafe norte,
HH_1855,Person_4706,male,59,55-59,,,,0,Madrid,
HH_1855,Person_4707,female,47,45-49,,,,0,Madrid,
HH_1856,Person_4708,male,0,0-4,Person_4710,,,0,Fuenlabrada,
HH_1856,Person_4709,female,33,30-34,Person_4710,,,0,Fuenlabrada,
HH_1856,Person_4710,male,73,70-74,,,Person_4711,2,Fuenlabrada,
HH_1856,Person_4711,male,52,50-54,,,Person_4710,0,Fuenlabrada,
HH_1857,Person_4712,male,87,85-89,,,,0,,
HH_1858,Person_4713,female,81,80-84,,,,0,Madrid,
HH_1859,Person_4714,female,40,40-44,,,,0,,
HH_1859,Person_4715,female,67,65-69,,,,0,,
HH_1860,Person_4716,female,77,75-79,,,,0,,
HH_1860,Person_4717,female,84,80-84,,,,0,,
HH_1860,Person_4718,male,87,85-89,,,,0,,
HH_1860,Person_4719,female,26,25-29,,,,0,,
HH_1860,Person_4720,female,52,50-54,,,,0,,Madrid
HH_1861,Person_4721,female,4,0-4,Person_4723,,,0,,
HH_1861,Person_4722,female,27,25-29,Person_4723,,,0,,Biblioteca Rey Pastor
HH_1861,Person_4723,male,65,65-69,,,Person_4724,2,,
HH_1861,Person_4724,male,43,40-44,,,Person_4723,0,,
HH_1862,Person_4725,female,85,85-89,,,,0,,
HH_1862,Person_4726,male,78,75-79,,,,0,,
HH_1863,Person_4727,female,36,35-39,Person_4729,,,0,Fuenlabrada,
HH_1863,Person_4728,male,27,25-29,Person_4729,,,0,Fuenlabrada,
HH_1863,Person_4729,male,80,80-84,,,Person_4730,2,Fuenlabrada,
HH_1863,Person_4730,male,48,45-49,,,Person_4729,0,Fuenlabrada,
HH_1864,Person_4731,male,35,35-39,,Person_4732,,0,,Madrid
HH_1864,Person_4732,female,71,70-74,,,Person_4733,1,,
HH_1864,Person_4733,female,64,60-64,,,Person_4732,0,,
HH_1865,Person_4734,male,28,25-29,,,,0,,
HH_1865,Person_4735,female,70,70-74,,,,0,,
HH_1866,Person_4736,male,13,10-14,,Person_4740,,0,Mostoles,
HH_1866,Person_4737,female,19,15-19,,Person_4740,,0,Mostoles,
HH_1866,Person_4738,female,4,0-4,,Person_4740,,0,Mostoles,
HH_1866,Person_4739,male,4,0-4,,Person_4740,,0,Mostoles,Escuela Infantil Rosa Caramelo
HH_1866,Person_4740,female,52,50-54,,,,4,Mostoles,
HH_1867,Person_4741,male,32,30-34,,,,0,,Madrid
HH_1867,Person_4742,female,87,85-89,,,,0,,
HH_1868,Person_4743,male,10,10-14,Person_4745,,,0,Centro de Especialidades Mª Ángeles López Gómez,
HH_1868,Person_4744,female,30,30-34,Person_4745,,,0,Centro de Especialidades Mª Ángeles López Gómez,Madrid
HH_1868,Person_4745,male,64,60-64,,,Person_4746,2,Centro de Especialidades Mª Ángeles López Gómez,Getafe norte
HH_1868,Person_4746,male,69,65-69,,,Person_4745,0,Centro de Especialidades Mª Ángeles López Gómez,
HH_1869,Person_4747,female,19,15-19,Person_4749,,,0,Madrid,
HH_1869,Person_4748,female,34,30-34,Person_4749,,,0,Madrid,
HH_1869,Person_4749,male,64,60-64,,,Person_4750,2,Madrid,
HH_1869,Person_4750,male,58,55-59,,,Person_4749,0,Madrid,
HH_1870,Person_4751,female,35,35-39,,,,0,Fuenlabrada,
HH_1870,Person_4752,male,65,65-69,,,,0,Fuenlabrada,
HH_1870,Person_4753,male,36,35-39,,,,0,Fuenlabrada,
HH_1871,Person_4754,female,5,5-9,Person_4756,,,0,,
HH_1871,Person_4755,male,28,25-29,Person_4756,,,0,,Madrid
HH_1871,Person_4756,male,69,65-69,,,Person_4757,2,,
HH_1871,Person_4757,male,75,75-79,,,Person_4756,0,,
HH_1872,Person_4758,male,14,10-14,,Person_4761,,0,,
HH_1872,Person_4759,male,21,20-24,,Person_4761,,0,,
HH_1872,Person_4760,female,2,0-4,,Person_4761,,0,,
HH_1872,Person_4761,female,47,45-49,,,Person_4762,3,,Madrid
HH_1872,Person_4762,female,54,50-54,,,Person_4761,0,,Madrid
HH_1873,Person_4763,male,51,50-54,,,,0,,Madrid
HH_1873,Person_4764,female,36,35-39,,,,0,,Madrid
HH_1874,Person_4765,male,39,35-39,Person_4766,,,0,Alcorcon,
HH_1874,Person_4766,male,69,65-69,,,Person_4767,1,Alcorcon,
HH_1874,Person_4767,male,76,75-79,,,Person_4766,0,Alcorcon,
HH_1875,Person_4768,male,58,55-59,,,,0,Extremadura,
HH_1875,Person_4769,female,20,20-24,,,,0,Extremadura,
HH_1876,Person_4770,female,3,0-4,,Person_4772,,0,,
HH_1876,Person_4771,female,30,30-34,,Person_4772,,0,,Edificio Agustín de Betancourt
HH_1876,Person_4772,female,49,45-49,,,Person_4773,2,,
HH_1876,Person_4773,female,69,65-69,,,Person_4772,0,,
HH_1877,Person_4774,female,54,50-54,,Person_4775,,0,Madrid,
HH_1877,Person_4775,female,79,75-79,,,,1,Madrid,
HH_1878,Person_4776,male,6,5-9,Person_4778,,,0,,
HH_1878,Person_4777,male,29,25-29,Person_4778,,,0,,Edificio Agustín de Betancourt
HH_1878,Person_4778,male,47,45-49,,,Person_4779,2,,Madrid
HH_1878,Person_4779,male,39,35-39,,,Person_4778,0,,
HH_1879,Person_4780,female,92,90-94,,,,0,,
HH_1880,Person_4781,male,79,75-79,,,,0,,
HH_1880,Person_4782,male,79,75-79,,,,0,,
HH_1881,Person_4783,male,42,40-44,,,,0,,Madrid
HH_1881,Person_4784,female,47,45-49,,,,0,,Madrid
HH_1882,Person_4785,male,49,45-49,,,,0,,
HH_1883,Person_4786,female,10,10-14,,Person_4787,,0,,
HH_1883,Person_4787,female,53,50-54,,,Person_4788,1,,Getafe norte
HH_1883,Person_4788,female,45,45-49,,,Person_4787,0,,Madrid
HH_1884,Person_4789,male,20,20-24,,Person_4790,,0,,Mostoles
HH_1884,Person_4790,female,51,50-54,,,Person_4791,1,,
HH_1884,Person_4791,female,60,60-64,,,Person_4790,0,,
HH_1885,Person_4792,female,29,25-29,,,,0,,Madrid
HH_1885,Person_4793,female,66,65-69,,,,0,,
HH_1886,Person_4794,male,22,20-24,,,,0,,
HH_1887,Person_4795,female,41,40-44,Person_4796,,,0,,Madrid
HH_1887,Person_4796,male,69,65-69,,,Person_4797,1,,
HH_1887,Person_4797,male,79,75-79,,,Person_4796,0,,
HH_1888,Person_4798,male,83,80-84,,,,0,,
HH_1888,Person_4799,female,40,40-44,,,,0,,Madrid
HH_1889,Person_4800,male,86,85-89,,,,0,Mostoles,
HH_1889,Person_4801,male,30,30-34,,,,0,Mostoles,Edificio Torres Quevedo
HH_1890,Person_4802,male,24,20-24,,,,0,,Edificio Juan Benet
HH_1890,Person_4803,female,40,40-44,,,,0,,
HH_1891,Person_4804,female,16,15-19,,Person_4806,,0,Madrid,
HH_1891,Person_4805,female,28,25-29,,Person_4806,,0,Madrid,Edificio Sabatini
HH_1891,Person_4806,female,47,45-49,,,Person_4807,2,Madrid,
HH_1891,Person_4807,female,47,45-49,,,Person_4806,0,Madrid,
HH_1892,Person_4808,male,15,15-19,,Person_4810,,0,Madrid,
HH_1892,Person_4809,male,25,25-29,,Person_4810,,0,Madrid,
HH_1892,Person_4810,female,58,55-59,,,Person_4811,2,Madrid,
HH_1892,Person_4811,female,53,50-54,,,Person_4810,0,Madrid,
HH_1893,Person_4812,female,21,20-24,,Person_4814,,0,,Parque Científico de la Universidad Carlos III de Madrid
HH_1893,Person_4813,male,34,30-34,,Person_4814,,0,,Madrid
HH_1893,Person_4814,female,76,75-79,,,Person_4815,2,,
HH_1893,Person_4815,female,87,85-89,,,Person_4814,0,,
HH_1894,Person_4816,male,28,25-29,,Person_4817,,0,,Fundación IMDEA Networks
HH_1894,Person_4817,female,72,70-74,,,,1,,
HH_1895,Person_4818,female,75,75-79,,,,0,,
HH_1895,Person_4819,female,27,25-29,,,,0,,Parque Científico de la Universidad Carlos III de Madrid
HH_1896,Person_4820,male,61,60-64,,,,0,,Madrid
HH_1896,Person_4821,female,59,55-59,,,,0,,Madrid
HH_1897,Person_4822,male,43,40-44,,,,0,Getafe norte,
HH_1898,Person_4823,male,41,40-44,,,,0,Madrid,
HH_1899,Person_4824,female,61,60-64,,,,0,,Madrid
HH_1899,Person_4825,female,80,80-84,,,,0,,
HH_1900,Person_4826,male,35,35-39,,Person_4827,,0,,Madrid
HH_1900,Person_4827,female,66,65-69,,,Person_4828,1,,
HH_1900,Person_4828,female,63,60-64,,,Person_4827,0,,
HH_1901,Person_4829,male,16,15-19,,Person_4830,,0,,
HH_1901,Person_4830,female,56,55-59,,,Person_4831,1,,Madrid
HH_1901,Person_4831,female,56,55-59,,,Person_4830,0,,Madrid
HH_1902,Person_4832,male,27,25-29,Person_4833,,,0,,Madrid
HH_1902,Person_4833,male,58,55-59,,,Person_4834,1,,Madrid
HH_1902,Person_4834,male,45,45-49,,,Person_4833,0,,
HH_1903,Person_4835,female,9,5-9,,Person_4837,,0,Mostoles,
HH_1903,Person_4836,male,18,15-19,,Person_4837,,0,Mostoles,Biblioteca Rey Pastor
HH_1903,Person_4837,female,59,55-59,,,,2,Mostoles,
HH_1904,Person_4838,male,44,40-44,,,,0,Mostoles,
HH_1905,Person_4839,female,83,80-84,,,,0,,
HH_1906,Person_4840,male,17,15-19,,Person_4843,,0,Madrid,
HH_1906,Person_4841,male,4,0-4,,Person_4843,,0,Madrid,
HH_1906,Person_4842,male,17,15-19,,Person_4843,,0,Madrid,
HH_1906,Person_4843,female,49,45-49,,,,3,Madrid,
HH_1907,Person_4844,female,90,90-94,,,,0,,
HH_1908,Person_4845,male,25,25-29,,Person_4846,,0,Madrid,Fundación IMDEA Networks
HH_1908,Person_4846,female,57,55-59,,,Person_4847,1,Madrid,
HH_1908,Person_4847,female,68,65-69,,,Person_4846,0,Madrid,
HH_1909,Person_4848,male,75,75-79,,,,0,,
HH_1910,Person_4849,female,25,25-29,,Person_4850,,0,,Edificio Agustín de Betancourt
HH_1910,Person_4850,female,50,50-54,,,Person_4851,1,,Madrid
HH_1910,Person_4851,female,50,50-54,,,Person_4850,0,,Madrid
HH_1911,Person_4852,male,23,20-24,Person_4856,,,0,Mostoles,Edificio Juan Benet
HH_1911,Person_4853,male,12,10-14,Person_4856,,,0,Mostoles,
HH_1911,Person_4854,female,17,15-19,Person_4856,,,0,Mostoles,
HH_1911,Person_4855,male,29,25-29,Person_4856,,,0,Mostoles,
HH_1911,Person_4856,male,54,50-54,,,,4,Mostoles,
HH_1912,Person_4857,male,45,45-49,,,,0,,Madrid
HH_1913,Person_4858,male,36,35-39,,,,0,,Getafe norte
HH_1914,Person_4859,male,34,30-34,,,,0,Fuenlabrada,
HH_1914,Person_4860,female,78,75-79,,,,0,Fuenlabrada,
HH_1915,Person_4861,female,57,55-59,,,,0,,Madrid
HH_1915,Person_4862,female,96,95-99,,,,0,,
HH_1916,Person_4863,male,7,5-9,,Person_4864,,0,,
HH_1916,Person_4864,female,37,35-39,,,Person_4865,1,,Madrid
HH_1916,Person_4865,female,36,35-39,,,Person_4864,0,,
HH_1917,Person_4866,female,44,40-44,,Person_4868,,0,,Fuenlabrada
HH_1917,Person_4867,male,44,40-44,,Person_4868,,0,,Madrid
HH_1917,Person_4868,female,72,70-74,,,,2,,
HH_1918,Person_4869,male,64,60-64,,Person_4872,,0,Fuenlabrada,
HH_1918,Person_4870,male,44,40-44,,Person_4872,,0,Fuenlabrada,
HH_1918,Person_4871,female,33,30-34,,Person_4872,,0,Fuenlabrada,
HH_1918,Person_4872,female,92,90-94,,,Person_4873,3,Fuenlabrada,
HH_1918,Person_4873,female,81,80-84,,,Person_4872,0,Fuenlabrada,
HH_1919,Person_4874,male,5,5-9,,Person_4878,,0,,
HH_1919,Person_4875,male,3,0-4,,Person_4878,,0,,
HH_1919,Person_4876,female,8,5-9,,Person_4878,,0,,
HH_1919,Person_4877,female,11,10-14,,Person_4878,,0,,
HH_1919,Person_4878,female,41,40-44,,,,4,,Madrid
HH_1920,Person_4879,female,8,5-9,,Person_4883,,0,,
HH_1920,Person_4880,male,12,10-14,,Person_4883,,0,,
HH_1920,Person_4881,female,14,10-14,,Person_4883,,0,,
HH_1920,Person_4882,female,12,10-14,,Person_4883,,0,,
HH_1920,Person_4883,female,46,45-49,,,,4,,Fuenlabrada
HH_1921,Person_4884,female,72,70-74,,,,0,,
HH_1922,Person_4885,female,3,0-4,Person_4886,,,0,,Escuela Infantil Rosa Caramelo
HH_1922,Person_4886,male,37,35-39,,,,1,,Extremadura
HH_1923,Person_4887,female,9,5-9,Person_4889,,,0,,Edificio Juan de Mairena
HH_1923,Person_4888,female,32,30-34,Person_4889,,,0,,Madrid
HH_1923,Person_4889,male,68,65-69,,,Person_4890,2,,
HH_1923,Person_4890,male,54,50-54,,,Person_4889,0,,Alcorcon
HH_1924,Person_4891,female,72,70-74,,,,0,,
HH_1925,Person_4892,female,95,95-99,,,,0,,
HH_1925,Person_4893,male,63,60-64,,,,0,,Madrid
HH_1925,Person_4894,female,27,25-29,,,,0,,Madrid
HH_1926,Person_4895,female,24,20-24,Person_4897,,,0,Getafe norte,
HH_1926,Person_4896,female,30,30-34,Person_4897,,,0,Getafe norte,
HH_1926,Person_4897,male,66,65-69,,,Person_4898,2,Getafe norte,
HH_1926,Person_4898,male,79,75-79,,,Person_4897,0,Getafe norte,
HH_1927,Person_4899,female,11,10-14,,Person_4901,,0,Madrid,
HH_1927,Person_4900,male,26,25-29,,Person_4901,,0,Madrid,
HH_1927,Person_4901,female,41,40-44,,,Person_4902,2,Madrid,
HH_1927,Person_4902,female,46,45-49,,,Person_4901,0,Madrid,
HH_1928,Person_4903,female,79,75-79,,,,0,,
HH_1928,Person_4904,male,46,45-49,,,,0,,Madrid
HH_1929,Person_4905,female,95,95-99,,,,0,Mostoles,
HH_1930,Person_4906,male,16,15-19,,Person_4908,,0,Madrid,
HH_1930,Person_4907,male,14,10-14,,Person_4908,,0,Madrid,Edificio Juan de Mairena
HH_1930,Person_4908,female,57,55-59,,,,2,Madrid,
HH_1931,Person_4909,female,96,95-99,,,,0,Madrid,
HH_1932,Person_4910,male,70,70-74,,,,0,Madrid,
HH_1932,Person_4911,female,23,20-24,,,,0,Madrid,Edificio Agustín de Betancourt
HH_1933,Person_4912,female,26,25-29,,Person_4913,,0,,
HH_1933,Person_4913,female,55,55-59,,,,1,,Madrid
HH_1934,Person_4914,female,88,85-89,,,,0,Fuenlabrada,
HH_1935,Person_4915,male,28,25-29,,,,0,,Edificio Juan Benet
HH_1936,Person_4916,female,19,15-19,,,,0,,Parque Científico de la Universidad Carlos III de Madrid
HH_1937,Person_4917,female,69,65-69,,,,0,,
HH_1937,Person_4918,male,35,35-39,,,,0,,Madrid
HH_1938,Person_4919,female,11,10-14,,Person_4921,,0,,
HH_1938,Person_4920,male,26,25-29,,Person_4921,,0,,Edificio Torres Quevedo
HH_1938,Person_4921,female,64,60-64,,,Person_4922,2,,Madrid
HH_1938,Person_4922,female,61,60-64,,,Person_4921,0,,Mostoles
HH_1939,Person_4923,male,79,75-79,,,,0,,
HH_1940,Person_4924,female,64,60-64,,,,0,,Madrid
HH_1940,Person_4925,male,99,95-99,,,,0,,
HH_1941,Person_4926,female,17,15-19,,Person_4927,,0,Mostoles,
HH_1941,Person_4927,female,36,35-39,,,Person_4928,1,Mostoles,
HH_1941,Person_4928,female,36,35-39,,,Person_4927,0,Mostoles,
HH_1942,Person_4929,female,69,65-69,,,,0,,
HH_1943,Person_4930,male,0,0-4,Person_4931,,,0,Getafe norte,
HH_1943,Person_4931,male,18,15-19,,,,1,Getafe norte,
HH_1944,Person_4932,female,74,70-74,,,,0,,
HH_1945,Person_4933,female,69,65-69,,,,0,Madrid,
HH_1945,Person_4934,female,58,55-59,,,,0,Madrid,
HH_1946,Person_4935,male,31,30-34,,,,0,,Fuenlabrada
HH_1946,Person_4936,male,80,80-84,,,,0,,
HH_1947,Person_4937,female,59,55-59,,,,0,,Mostoles
HH_1947,Person_4938,male,71,70-74,,,,0,,
HH_1948,Person_4939,male,79,75-79,,,,0,,
HH_1949,Person_4940,female,17,15-19,,Person_4943,,0,Madrid,Centro Ocupacional Juan Ramón Jiménez
HH_1949,Person_4941,female,19,15-19,,Person_4943,,0,Madrid,Mas Automoviles
HH_1949,Person_4942,male,12,10-14,,Person_4943,,0,Madrid,
HH_1949,Person_4943,female,47,45-49,,,Person_4944,3,Madrid,
HH_1949,Person_4944,female,46,45-49,,,Person_4943,0,Madrid,
HH_1950,Person_4945,female,54,50-54,,,,0,,Madrid
HH_1950,Person_4946,female,30,30-34,,,,0,,Edificio Juan Benet
HH_1950,Person_4947,male,61,60-64,,,,0,,Madrid
HH_1950,Person_4948,male,71,70-74,,,,0,,
HH_1951,Person_4949,female,22,20-24,,Person_4950,,0,,Getafe norte
HH_1951,Person_4950,female,56,55-59,,,,1,,
HH_1952,Person_4951,female,40,40-44,,,,0,,Madrid
HH_1952,Person_4952,male,41,40-44,,,,0,,Madrid
HH_1953,Person_4953,female,24,20-24,,Person_4954,,0,,Parque Científico de la Universidad Carlos III de Madrid
HH_1953,Person_4954,female,69,65-69,,,Person_4955,1,,
HH_1953,Person_4955,female,59,55-59,,,Person_4954,0,,Madrid
HH_1954,Person_4956,female,83,80-84,,,,0,,
HH_1954,Person_4957,male,25,25-29,,,,0,,Fundación IMDEA Networks
HH_1955,Person_4958,female,5,5-9,,Person_4959,,0,Centro de Protección Animal,
HH_1955,Person_4959,female,36,35-39,,,,1,Centro de Protección Animal,Madrid
HH_1956,Person_4960,male,22,20-24,,Person_4961,,0,,
HH_1956,Person_4961,female,54,50-54,,,,1,,Fuenlabrada
HH_1957,Person_4962,male,16,15-19,,Person_4964,,0,,
HH_1957,Person_4963,male,35,35-39,,Person_4964,,0,,Madrid
HH_1957,Person_4964,female,50,50-54,,,Person_4965,2,,Madrid
HH_1957,Person_4965,female,53,50-54,,,Person_4964,0,,Madrid
HH_1958,Person_4966,female,95,95-99,,,,0,,
HH_1958,Person_4967,female,65,65-69,,,,0,,
HH_1959,Person_4968,male,6,5-9,Person_4972,,,0,,
HH_1959,Person_4969,male,12,10-14,Person_4972,,,0,,
HH_1959,Person_4970,male,16,15-19,Person_4972,,,0,,
HH_1959,Person_4971,male,0,0-4,Person_4972,,,0,,
HH_1959,Person_4972,male,48,45-49,,,,4,,Madrid
HH_1960,Person_4973,male,73,70-74,,,,0,Fuenlabrada,
HH_1960,Person_4974,male,70,70-74,,,,0,Fuenlabrada,
HH_1961,Person_4975,female,9,5-9,,Person_4976,,0,,
HH_1961,Person_4976,female,34,30-34,,,,1,,Fuenlabrada
HH_1962,Person_4977,male,47,45-49,,,,0,,Madrid
HH_1962,Person_4978,female,32,30-34,,,,0,,Madrid
HH_1963,Person_4979,male,41,40-44,,,,0,,Madrid
HH_1964,Person_4980,female,0,0-4,Person_4981,,,0,,
HH_1964,Person_4981,male,40,40-44,,,Person_4982,1,,Mostoles
HH_1964,Person_4982,male,47,45-49,,,Person_4981,0,,Madrid
HH_1965,Person_4983,female,57,55-59,,,,0,Madrid,
HH_1966,Person_4984,female,89,85-89,,,,0,Tapón Spain, S.L.U.,
HH_1967,Person_4985,female,5,5-9,,Person_4989,,0,,
HH_1967,Person_4986,male,1,0-4,,Person_4989,,0,,
HH_1967,Person_4987,female,14,10-14,,Person_4989,,0,,
HH_1967,Person_4988,female,14,10-14,,Person_4989,,0,,
HH_1967,Person_4989,female,42,40-44,,,,4,,Madrid
HH_1968,Person_4990,female,79,75-79,,,,0,,
HH_1969,Person_4991,female,76,75-79,,,,0,,
HH_1970,Person_4992,female,15,15-19,Person_4993,,,0,,
HH_1970,Person_4993,male,59,55-59,,,Person_4994,1,,Getafe norte
HH_1970,Person_4994,male,40,40-44,,,Person_4993,0,,Madrid
HH_1971,Person_4995,male,19,15-19,,Person_4996,,0,,Madrid
HH_1971,Person_4996,female,48,45-49,,,Person_4997,1,,Madrid
HH_1971,Person_4997,female,44,40-44,,,Person_4996,0,,Madrid
HH_1972,Person_4998,female,31,30-34,Person_4999,,,0,,Alcorcon
HH_1972,Person_4999,male,56,55-59,,,Person_5000,1,,Madrid
HH_1972,Person_5000,male,58,55-59,,,Person_4999,0,,Madrid
HH_1973,Person_5001,female,21,20-24,Person_5002,,,0,,Biblioteca Rey Pastor
HH_1973,Person_5002,male,52,50-54,,,Person_5003,1,,Madrid
HH_1973,Person_5003,male,39,35-39,,,Person_5002,0,,Getafe norte
HH_1974,Person_5004,female,34,30-34,,,,0,,Mostoles
HH_1975,Person_5005,male,38,35-39,,,,0,,
HH_1976,Person_5006,male,7,5-9,,Person_5007,,0,,
HH_1976,Person_5007,female,42,40-44,,,Person_5008,1,,Alcorcon
HH_1976,Person_5008,female,43,40-44,,,Person_5007,0,,Madrid
HH_1977,Person_5009,female,30,30-34,,,,0,,Parque Científico de la Universidad Carlos III de Madrid
HH_1978,Person_5010,female,30,30-34,,Person_5011,,0,,
HH_1978,Person_5011,female,59,55-59,,,Person_5012,1,,Madrid
HH_1978,Person_5012,female,52,50-54,,,Person_5011,0,,Madrid
HH_1979,Person_5013,male,23,20-24,Person_5017,,,0,,
HH_1979,Person_5014,female,17,15-19,Person_5017,,,0,,
HH_1979,Person_5015,female,27,25-29,Person_5017,,,0,,
HH_1979,Person_5016,male,4,0-4,Person_5017,,,0,,
HH_1979,Person_5017,male,56,55-59,,,,4,,Madrid
HH_1980,Person_5018,male,6,5-9,Person_5020,,,0,,
HH_1980,Person_5019,female,31,30-34,Person_5020,,,0,,Madrid
HH_1980,Person_5020,male,75,75-79,,,Person_5021,2,,
HH_1980,Person_5021,male,41,40-44,,,Person_5020,0,,Madrid
HH_1981,Person_5022,male,26,25-29,,Person_5023,,0,,Edificio Agustín de Betancourt
HH_1981,Person_5023,female,70,70-74,,,Person_5024,1,,
HH_1981,Person_5024,female,47,45-49,,,Person_5023,0,,Madrid
HH_1982,Person_5025,male,25,25-29,,Person_5027,,0,Madrid,
HH_1982,Person_5026,female,31,30-34,,Person_5027,,0,Madrid,
HH_1982,Person_5027,female,46,45-49,,,Person_5028,2,Madrid,
HH_1982,Person_5028,female,52,50-54,,,Person_5027,0,Madrid,
HH_1983,Person_5029,male,80,80-84,,,,0,,
HH_1984,Person_5030,male,28,25-29,,Person_5032,,0,,
HH_1984,Person_5031,male,30,30-34,,Person_5032,,0,,Madrid
HH_1984,Person_5032,female,68,65-69,,,Person_5033,2,,
HH_1984,Person_5033,female,57,55-59,,,Person_5032,0,,Madrid
HH_1985,Person_5034,female,19,15-19,,Person_5036,,0,Madrid,
HH_1985,Person_5035,female,30,30-34,,Person_5036,,0,Madrid,
HH_1985,Person_5036,female,74,70-74,,,Person_5037,2,Madrid,
HH_1985,Person_5037,female,87,85-89,,,Person_5036,0,Madrid,
HH_1986,Person_5038,male,60,60-64,,,,0,,Madrid
HH_1987,Person_5039,male,72,70-74,,,,0,,
HH_1987,Person_5040,male,38,35-39,,,,0,,Madrid
HH_1988,Person_5041,male,2,0-4,,Person_5043,,0,Madrid,
HH_1988,Person_5042,male,7,5-9,,Person_5043,,0,Madrid,
HH_1988,Person_5043,female,38,35-39,,,,2,Madrid,
HH_1989,Person_5044,male,27,25-29,,,,0,,Madrid
HH_1989,Person_5045,male,92,90-94,,,,0,,
HH_1990,Person_5046,female,41,40-44,Person_5047,,,0,,Madrid
HH_1990,Person_5047,male,80,80-84,,,,1,,
HH_1991,Person_5048,male,21,20-24,,Person_5050,,0,,Parque Científico de la Universidad Carlos III de Madrid
HH_1991,Person_5049,male,33,30-34,,Person_5050,,0,,Madrid
HH_1991,Person_5050,female,62,60-64,,,Person_5051,2,,Madrid
HH_1991,Person_5051,female,81,80-84,,,Person_5050,0,,
HH_1992,Person_5052,male,30,30-34,Person_5053,,,0,Mostoles,Edificio Torres Quevedo
HH_1992,Person_5053,male,48,45-49,,,Person_5054,1,Mostoles,
HH_1992,Person_5054,male,53,50-54,,,Person_5053,0,Mostoles,
HH_1993,Person_5055,male,34,30-34,,,,0,,Madrid
HH_1993,Person_5056,female,87,85-89,,,,0,,
HH_1994,Person_5057,female,23,20-24,Person_5059,,,0,Madrid,Edificio Sabatini
HH_1994,Person_5058,female,28,25-29,Person_5059,,,0,Madrid,Biblioteca Rey Pastor
HH_1994,Person_5059,male,60,60-64,,,Person_5060,2,Madrid,
HH_1994,Person_5060,male,55,55-59,,,Person_5059,0,Madrid,
HH_1995,Person_5061,female,33,30-34,,,,0,,
HH_1995,Person_5062,female,77,75-79,,,,0,,
HH_1996,Person_5063,female,57,55-59,,,,0,,
HH_1996,Person_5064,female,39,35-39,,,,0,,Madrid
HH_1997,Person_5065,male,84,80-84,,,,0,,
HH_1997,Person_5066,female,81,80-84,,,,0,,
HH_1997,Person_5067,female,64,60-64,,,,0,,Madrid
HH_1998,Person_5068,male,25,25-29,Person_5069,,,0,,Madrid
HH_1998,Person_5069,male,43,40-44,,,Person_5070,1,,Madrid
HH_1998,Person_5070,male,31,30-34,,,Person_5069,0,,Madrid
HH_1999,Person_5071,female,19,15-19,Person_5072,,,0,,
HH_1999,Person_5072,male,56,55-59,,,Person_5073,1,,Madrid
HH_1999,Person_5073,male,46,45-49,,,Person_5072,0,,Madrid
HH_2000,Person_5074,female,24,20-24,,Person_5076,,0,,Fundación IMDEA Networks
HH_2000,Person_5075,female,34,30-34,,Person_5076,,0,,Madrid
HH_2000,Person_5076,female,65,65-69,,,Person_5077,2,,
HH_2000,Person_5077,female,72,70-74,,,Person_5076,0,,
HH_2001,Person_5078,female,84,80-84,,,,0,,
HH_2001,Person_5079,female,91,90-94,,,,0,,
HH_2002,Person_5080,female,76,75-79,,,,0,,
HH_2003,Person_5081,female,19,15-19,Person_5083,,,0,Madrid,
HH_2003,Person_5082,female,32,30-34,Person_5083,,,0,Madrid,
HH_2003,Person_5083,male,65,65-69,,,Person_5084,2,Madrid,
HH_2003,Person_5084,male,50,50-54,,,Person_5083,0,Madrid,
HH_2004,Person_5085,male,80,80-84,,,,0,Madrid,
HH_2005,Person_5086,male,13,10-14,Person_5090,,,0,,
HH_2005,Person_5087,female,3,0-4,Person_5090,,,0,,
HH_2005,Person_5088,male,18,15-19,Person_5090,,,0,,
HH_2005,Person_5089,male,23,20-24,Person_5090,,,0,,Madrid
HH_2005,Person_5090,male,60,60-64,,,,4,,Madrid
HH_2006,Person_5091,male,16,15-19,Person_5092,,,0,Extremadura,
HH_2006,Person_5092,male,49,45-49,,,Person_5093,1,Extremadura,
HH_2006,Person_5093,male,48,45-49,,,Person_5092,0,Extremadura,
HH_2007,Person_5094,female,83,80-84,,,,0,Madrid,
HH_2007,Person_5095,female,28,25-29,,,,0,Madrid,Maxam
HH_2008,Person_5096,male,72,70-74,,,,0,,
HH_2008,Person_5097,male,71,70-74,,,,0,,
HH_2009,Person_5098,female,19,15-19,Person_5099,,,0,Madrid,
HH_2009,Person_5099,male,54,50-54,,,,1,Madrid,Norauto
HH_2010,Person_5100,female,57,55-59,,,,0,,Fuenlabrada
HH_2011,Person_5101,male,44,40-44,,,,0,,Madrid
HH_2011,Person_5102,female,29,25-29,,,,0,,
HH_2012,Person_5103,female,35,35-39,,,,0,,Madrid
HH_2012,Person_5104,male,36,35-39,,,,0,,Mostoles
HH_2013,Person_5105,female,88,85-89,,,,0,Madrid,
HH_2014,Person_5106,male,36,35-39,,,,0,,Madrid
HH_2014,Person_5107,female,48,45-49,,,,0,,
HH_2014,Person_5108,male,60,60-64,,,,0,,Madrid
HH_2014,Person_5109,male,27,25-29,,,,0,,Madrid
HH_2015,Person_5110,male,49,45-49,,,,0,,Madrid
HH_2016,Person_5111,male,13,10-14,,Person_5115,,0,,
HH_2016,Person_5112,male,17,15-19,,Person_5115,,0,,
HH_2016,Person_5113,female,0,0-4,,Person_5115,,0,,
HH_2016,Person_5114,male,4,0-4,,Person_5115,,0,,
HH_2016,Person_5115,female,57,55-59,,,,4,,Mostoles
HH_2017,Person_5116,male,12,10-14,Person_5118,,,0,,
HH_2017,Person_5117,female,28,25-29,Person_5118,,,0,,
HH_2017,Person_5118,male,70,70-74,,,Person_5119,2,,
HH_2017,Person_5119,male,69,65-69,,,Person_5118,0,,
HH_2018,Person_5120,female,42,40-44,,,,0,Fuenlabrada,
HH_2019,Person_5121,female,98,95-99,,,,0,,
HH_2019,Person_5122,male,25,25-29,,,,0,,Madrid
HH_2019,Person_5123,male,45,45-49,,,,0,,Fuenlabrada
HH_2020,Person_5124,male,87,85-89,,,,0,Madrid,
HH_2021,Person_5125,male,38,35-39,,Person_5126,,0,,Madrid
HH_2021,Person_5126,female,63,60-64,,,Person_5127,1,,
HH_2021,Person_5127,female,64,60-64,,,Person_5126,0,,Madrid
HH_2022,Person_5128,male,40,40-44,,,,0,,Madrid
HH_2022,Person_5129,male,81,80-84,,,,0,,
HH_2022,Person_5130,male,23,20-24,,,,0,,Madrid
HH_2023,Person_5131,female,23,20-24,Person_5135,,,0,,
HH_2023,Person_5132,male,15,15-19,Person_5135,,,0,,
HH_2023,Person_5133,female,20,20-24,Person_5135,,,0,,
HH_2023,Person_5134,female,1,0-4,Person_5135,,,0,,
HH_2023,Person_5135,male,55,55-59,,,,4,,Madrid
HH_2024,Person_5136,female,95,95-99,,,,0,,
HH_2025,Person_5137,female,77,75-79,,,,0,,
HH_2025,Person_5138,male,95,95-99,,,,0,,
HH_2026,Person_5139,female,15,15-19,,Person_5141,,0,,
HH_2026,Person_5140,female,13,10-14,,Person_5141,,0,,
HH_2026,Person_5141,female,42,40-44,,,,2,,Madrid
HH_2027,Person_5142,female,51,50-54,,,,0,,Madrid
HH_2028,Person_5143,male,57,55-59,,,,0,,Madrid
HH_2028,Person_5144,male,71,70-74,,,,0,,
HH_2029,Person_5145,female,95,95-99,,,,0,,
HH_2029,Person_5146,male,89,85-89,,,,0,,
HH_2030,Person_5147,female,97,95-99,,,,0,,
HH_2030,Person_5148,female,68,65-69,,,,0,,
HH_2030,Person_5149,male,76,75-79,,,,0,,
HH_2031,Person_5150,female,19,15-19,,Person_5154,,0,,Madrid
HH_2031,Person_5151,female,24,20-24,,Person_5154,,0,,
HH_2031,Person_5152,female,8,5-9,,Person_5154,,0,,
HH_2031,Person_5153,male,4,0-4,,Person_5154,,0,,
HH_2031,Person_5154,female,67,65-69,,,,4,,
HH_2032,Person_5155,male,19,15-19,Person_5157,,,0,,
HH_2032,Person_5156,male,30,30-34,Person_5157,,,0,,Madrid
HH_2032,Person_5157,male,58,55-59,,,Person_5158,2,,
HH_2032,Person_5158,male,54,50-54,,,Person_5157,0,,
HH_2033,Person_5159,female,29,25-29,,,,0,,
HH_2034,Person_5160,female,68,65-69,,,,0,,
HH_2034,Person_5161,female,71,70-74,,,,0,,
HH_2035,Person_5162,male,4,0-4,Person_5164,,,0,Madrid,
HH_2035,Person_5163,female,1,0-4,Person_5164,,,0,Madrid,
HH_2035,Person_5164,male,29,25-29,,,,2,Madrid,
HH_2036,Person_5165,female,90,90-94,,,,0,Fuenlabrada,
HH_2037,Person_5166,female,6,5-9,Person_5168,,,0,,
HH_2037,Person_5167,male,27,25-29,Person_5168,,,0,,
HH_2037,Person_5168,male,52,50-54,,,Person_5169,2,,
HH_2037,Person_5169,male,54,50-54,,,Person_5168,0,,Madrid
HH_2038,Person_5170,male,25,25-29,,,,0,,Parque Científico de la Universidad Carlos III de Madrid
HH_2039,Person_5171,male,6,5-9,Person_5173,,,0,Opel Seliauto,
HH_2039,Person_5172,male,29,25-29,Person_5173,,,0,Opel Seliauto,Madrid
HH_2039,Person_5173,male,62,60-64,,,Person_5174,2,Opel Seliauto,Madrid
HH_2039,Person_5174,male,48,45-49,,,Person_5173,0,Opel Seliauto,Madrid
HH_2040,Person_5175,male,90,90-94,,,,0,,
HH_2040,Person_5176,female,55,55-59,,,,0,,Madrid
HH_2040,Person_5177,female,62,60-64,,,,0,,Madrid
HH_2041,Person_5178,male,47,45-49,,,,0,Fuenlabrada,
HH_2042,Person_5179,female,18,15-19,,Person_5181,,0,,
HH_2042,Person_5180,male,35,35-39,,Person_5181,,0,,
HH_2042,Person_5181,female,63,60-64,,,Person_5182,2,,Madrid
HH_2042,Person_5182,female,85,85-89,,,Person_5181,0,,
HH_2043,Person_5183,female,47,45-49,,,,0,,Madrid
HH_2043,Person_5184,male,52,50-54,,,,0,,Madrid
HH_2044,Person_5185,female,25,25-29,,Person_5186,,0,,Edificio Agustín de Betancourt
HH_2044,Person_5186,female,59,55-59,,,Person_5187,1,,Alcorcon
HH_2044,Person_5187,female,42,40-44,,,Person_5186,0,,Madrid
HH_2045,Person_5188,male,40,40-44,,,,0,,Madrid
HH_2045,Person_5189,male,25,25-29,,,,0,,Madrid
HH_2046,Person_5190,male,90,90-94,,,,0,Madrid,
HH_2046,Person_5191,female,35,35-39,,,,0,Madrid,
HH_2047,Person_5192,female,19,15-19,,Person_5195,,0,,Parque Científico de la Universidad Carlos III de Madrid
HH_2047,Person_5193,male,2,0-4,,Person_5195,,0,,
HH_2047,Person_5194,male,1,0-4,,Person_5195,,0,,
HH_2047,Person_5195,female,46,45-49,,,,3,,Madrid
HH_2048,Person_5196,female,8,5-9,Person_5198,,,0,,
HH_2048,Person_5197,female,27,25-29,Person_5198,,,0,,
HH_2048,Person_5198,male,56,55-59,,,Person_5199,2,,Madrid
HH_2048,Person_5199,male,62,60-64,,,Person_5198,0,,Madrid
HH_2049,Person_5200,female,19,15-19,,,,0,,Biblioteca Rey Pastor
HH_2049,Person_5201,female,45,45-49,,,,0,,
HH_2050,Person_5202,female,25,25-29,,Person_5205,,0,Mostoles,
HH_2050,Person_5203,female,23,20-24,,Person_5205,,0,Mostoles,
HH_2050,Person_5204,female,21,20-24,,Person_5205,,0,Mostoles,
HH_2050,Person_5205,female,52,50-54,,,Person_5206,3,Mostoles,
HH_2050,Person_5206,female,48,45-49,,,Person_5205,0,Mostoles,
HH_2051,Person_5207,female,98,95-99,,,,0,,
HH_2052,Person_5208,male,14,10-14,,Person_5209,,0,,
HH_2052,Person_5209,female,48,45-49,,,Person_5210,1,,Madrid
HH_2052,Person_5210,female,45,45-49,,,Person_5209,0,,Madrid
HH_2053,Person_5211,male,77,75-79,Person_5212,,,0,,
HH_2053,Person_5212,male,115,100-120,,,,1,,
HH_2054,Person_5213,female,0,0-4,,Person_5216,,0,Madrid,
HH_2054,Person_5214,male,6,5-9,,Person_5216,,0,Madrid,Edificio Octavio Paz
HH_2054,Person_5215,male,1,0-4,,Person_5216,,0,Madrid,
HH_2054,Person_5216,female,31,30-34,,,Person_5217,3,Madrid,
HH_2054,Person_5217,female,37,35-39,,,Person_5216,0,Madrid,
HH_2055,Person_5218,female,31,30-34,,,,0,,Mostoles
HH_2055,Person_5219,female,91,90-94,,,,0,,
HH_2056,Person_5220,male,5,5-9,Person_5221,,,0,,
HH_2056,Person_5221,male,30,30-34,,,Person_5222,1,,Edificio Sabatini
HH_2056,Person_5222,male,26,25-29,,,Person_5221,0,,Madrid
HH_2057,Person_5223,female,18,15-19,,Person_5226,,0,Madrid,
HH_2057,Person_5224,female,17,15-19,,Person_5226,,0,Madrid,Escuela Municipal de Música Manuel Rodríguez Sales
HH_2057,Person_5225,male,21,20-24,,Person_5226,,0,Madrid,
HH_2057,Person_5226,female,50,50-54,,,,3,Madrid,
HH_2058,Person_5227,male,49,45-49,,,,0,,
HH_2058,Person_5228,male,74,70-74,,,,0,,
HH_2059,Person_5229,male,34,30-34,,,,0,,Madrid
HH_2060,Person_5230,female,67,65-69,,,,0,,
HH_2061,Person_5231,male,20,20-24,,,,0,Madrid,
HH_2062,Person_5232,male,3,0-4,Person_5234,,,0,Madrid,
HH_2062,Person_5233,male,28,25-29,Person_5234,,,0,Madrid,
HH_2062,Person_5234,male,57,55-59,,,Person_5235,2,Madrid,
HH_2062,Person_5235,male,36,35-39,,,Person_5234,0,Madrid,Polideportivo Alfredo Di Stefano
HH_2063,Person_5236,female,88,85-89,,,,0,Volkswagen Ardasa 2000,
HH_2064,Person_5237,male,17,15-19,,Person_5238,,0,,Edificio Juan de Mairena
HH_2064,Person_5238,female,51,50-54,,,Person_5239,1,,Madrid
HH_2064,Person_5239,female,49,45-49,,,Person_5238,0,,Madrid
HH_2065,Person_5240,male,42,40-44,,Person_5241,,0,,Madrid
HH_2065,Person_5241,female,68,65-69,,,Person_5242,1,,
HH_2065,Person_5242,female,67,65-69,,,Person_5241,0,,
HH_2066,Person_5243,female,9,5-9,,Person_5245,,0,,
HH_2066,Person_5244,male,12,10-14,,Person_5245,,0,,Edificio Octavio Paz
HH_2066,Person_5245,female,53,50-54,,,,2,,Madrid
HH_2067,Person_5246,male,21,20-24,,,,0,Madrid,
HH_2067,Person_5247,male,83,80-84,,,,0,Madrid,
HH_2067,Person_5248,male,26,25-29,,,,0,Madrid,
HH_2068,Person_5249,male,5,5-9,Person_5251,,,0,,Escuela Infantil Rosa Caramelo
HH_2068,Person_5250,male,34,30-34,Person_5251,,,0,,Mostoles
HH_2068,Person_5251,male,62,60-64,,,Person_5252,2,,Madrid
HH_2068,Person_5252,male,55,55-59,,,Person_5251,0,,Madrid
HH_2069,Person_5253,male,49,45-49,,,,0,Fuenlabrada,
HH_2069,Person_5254,female,88,85-89,,,,0,Fuenlabrada,
HH_2070,Person_5255,male,35,35-39,,,,0,Madrid,
HH_2070,Person_5256,male,77,75-79,,,,0,Madrid,
HH_2070,Person_5257,male,92,90-94,,,,0,Madrid,
HH_2071,Person_5258,female,43,40-44,Person_5259,,,0,Fuenlabrada,
HH_2071,Person_5259,male,82,80-84,,,,1,Fuenlabrada,
HH_2072,Person_5260,female,3,0-4,Person_5261,,,0,Alcorcon,
HH_2072,Person_5261,male,46,45-49,,,Person_5262,1,Alcorcon,
HH_2072,Person_5262,male,49,45-49,,,Person_5261,0,Alcorcon,
HH_2073,Person_5263,female,80,80-84,,,,0,,
HH_2073,Person_5264,female,98,95-99,,,,0,,
HH_2074,Person_5265,male,30,30-34,Person_5266,,,0,,
HH_2074,Person_5266,male,59,55-59,,,Person_5267,1,,Madrid
HH_2074,Person_5267,male,59,55-59,,,Person_5266,0,,
HH_2075,Person_5268,male,21,20-24,,Person_5269,,0,Madrid,Biblioteca Rey Pastor
HH_2075,Person_5269,female,48,45-49,,,,1,Madrid,
HH_2076,Person_5270,male,21,20-24,,Person_5273,,0,,Fuenlabrada
HH_2076,Person_5271,female,29,25-29,,Person_5273,,0,,Madrid
HH_2076,Person_5272,male,14,10-14,,Person_5273,,0,,
HH_2076,Person_5273,female,56,55-59,,,Person_5274,3,,Madrid
HH_2076,Person_5274,female,55,55-59,,,Person_5273,0,,Madrid
HH_2077,Person_5275,male,6,5-9,,Person_5277,,0,Mostoles,
HH_2077,Person_5276,female,27,25-29,,Person_5277,,0,Mostoles,
HH_2077,Person_5277,female,64,60-64,,,Person_5278,2,Mostoles,
HH_2077,Person_5278,female,74,70-74,,,Person_5277,0,Mostoles,
HH_2078,Person_5279,male,85,85-89,,,,0,,
HH_2079,Person_5280,male,3,0-4,,Person_5282,,0,,Escuela Infantil Rosa Caramelo
HH_2079,Person_5281,female,35,35-39,,Person_5282,,0,,
HH_2079,Person_5282,female,70,70-74,,,Person_5283,2,,
HH_2079,Person_5283,female,57,55-59,,,Person_5282,0,,Madrid
HH_2080,Person_5284,male,15,15-19,,Person_5285,,0,,
HH_2080,Person_5285,female,30,30-34,,,,1,,Biblioteca Rey Pastor
HH_2081,Person_5286,female,25,25-29,,Person_5288,,0,,Edificio Torres Quevedo
HH_2081,Person_5287,male,27,25-29,,Person_5288,,0,,Madrid
HH_2081,Person_5288,female,44,40-44,,,Person_5289,2,,Madrid
HH_2081,Person_5289,female,40,40-44,,,Person_5288,0,,Madrid
HH_2082,Person_5290,female,62,60-64,,,,0,Fuenlabrada,
HH_2082,Person_5291,male,97,95-99,,,,0,Fuenlabrada,
HH_2083,Person_5292,female,74,70-74,,,,0,,
HH_2084,Person_5293,female,98,95-99,,,,0,,
HH_2084,Person_5294,male,87,85-89,,,,0,,
HH_2085,Person_5295,male,27,25-29,,,,0,,Extremadura
HH_2085,Person_5296,male,44,40-44,,,,0,,
HH_2085,Person_5297,male,68,65-69,,,,0,,
HH_2085,Person_5298,male,57,55-59,,,,0,,Madrid
HH_2086,Person_5299,female,55,55-59,,,,0,,
HH_2087,Person_5300,male,22,20-24,,,,0,Madrid,
HH_2088,Person_5301,female,43,40-44,,,,0,Madrid,
HH_2088,Person_5302,female,97,95-99,,,,0,Madrid,
HH_2089,Person_5303,male,20,20-24,Person_5305,,,0,Mostoles,Edificio Torres Quevedo
HH_2089,Person_5304,female,30,30-34,Person_5305,,,0,Mostoles,Fundación IMDEA Networks
HH_2089,Person_5305,male,62,60-64,,,Person_5306,2,Mostoles,
HH_2089,Person_5306,male,86,85-89,,,Person_5305,0,Mostoles,
HH_2090,Person_5307,male,62,60-64,,,,0,Madrid,
HH_2091,Person_5308,male,20,20-24,,Person_5309,,0,,
HH_2091,Person_5309,female,36,35-39,,,Person_5310,1,,Madrid
HH_2091,Person_5310,female,35,35-39,,,Person_5309,0,,Madrid
HH_2092,Person_5311,male,12,10-14,Person_5312,,,0,,
HH_2092,Person_5312,male,40,40-44,,,Person_5313,1,,Madrid
HH_2092,Person_5313,male,31,30-34,,,Person_5312,0,,Madrid
HH_2093,Person_5314,female,83,80-84,,Person_5315,,0,,
HH_2093,Person_5315,female,120,100-120,,,,1,,
HH_2094,Person_5316,female,17,15-19,,Person_5318,,0,Madrid,
HH_2094,Person_5317,male,26,25-29,,Person_5318,,0,Madrid,
HH_2094,Person_5318,female,57,55-59,,,Person_5319,2,Madrid,
HH_2094,Person_5319,female,58,55-59,,,Person_5318,0,Madrid,
HH_2095,Person_5320,female,18,15-19,,Person_5321,,0,,Parque Científico de la Universidad Carlos III de Madrid
HH_2095,Person_5321,female,54,50-54,,,Person_5322,1,,Madrid
HH_2095,Person_5322,female,51,50-54,,,Person_5321,0,,Madrid
HH_2096,Person_5323,male,35,35-39,Person_5324,,,0,Alcorcon,BMW
HH_2096,Person_5324,male,60,60-64,,,Person_5325,1,Alcorcon,
HH_2096,Person_5325,male,50,50-54,,,Person_5324,0,Alcorcon,
HH_2097,Person_5326,male,39,35-39,,,,0,Getafe norte,Kubota
HH_2097,Person_5327,female,51,50-54,,,,0,Getafe norte,
HH_2098,Person_5328,male,60,60-64,,,,0,,Madrid
HH_2098,Person_5329,male,73,70-74,,,,0,,
HH_2099,Person_5330,male,97,95-99,,,,0,,
HH_2099,Person_5331,male,92,90-94,,,,0,,
HH_2100,Person_5332,female,26,25-29,,Person_5333,,0,Mostoles,Parque Científico de la Universidad Carlos III de Madrid
HH_2100,Person_5333,female,59,55-59,,,Person_5334,1,Mostoles,
HH_2100,Person_5334,female,54,50-54,,,Person_5333,0,Mostoles,
HH_2101,Person_5335,female,41,40-44,,Person_5336,,0,,Madrid
HH_2101,Person_5336,female,83,80-84,,,Person_5337,1,,
HH_2101,Person_5337,female,54,50-54,,,Person_5336,0,,Getafe norte
HH_2102,Person_5338,male,24,20-24,,,,0,,Biblioteca Rey Pastor
HH_2102,Person_5339,female,61,60-64,,,,0,,Madrid
HH_2103,Person_5340,female,22,20-24,,,,0,,Madrid
HH_2104,Person_5341,female,56,55-59,,,,0,,Madrid
HH_2104,Person_5342,male,70,70-74,,,,0,,
HH_2105,Person_5343,female,41,40-44,,,,0,,Madrid
HH_2105,Person_5344,male,50,50-54,,,,0,,Madrid
HH_2106,Person_5345,female,24,20-24,Person_5349,,,0,,
HH_2106,Person_5346,female,34,30-34,Person_5349,,,0,,Madrid
HH_2106,Person_5347,female,15,15-19,Person_5349,,,0,,Centro Ocupacional Juan Ramón Jiménez
HH_2106,Person_5348,female,13,10-14,Person_5349,,,0,,
HH_2106,Person_5349,male,64,60-64,,,,4,,Madrid
HH_2107,Person_5350,male,95,95-99,,,,0,,
HH_2108,Person_5351,male,10,10-14,,Person_5353,,0,,
HH_2108,Person_5352,male,33,30-34,,Person_5353,,0,,Madrid
HH_2108,Person_5353,female,63,60-64,,,Person_5354,2,,Madrid
HH_2108,Person_5354,female,82,80-84,,,Person_5353,0,,
HH_2109,Person_5355,male,58,55-59,,,,0,Madrid,
HH_2109,Person_5356,male,19,15-19,,,,0,Madrid,
HH_2110,Person_5357,male,68,65-69,,,,0,,
HH_2111,Person_5358,male,15,15-19,,Person_5359,,0,,
HH_2111,Person_5359,female,33,30-34,,,,1,,Getafe norte
HH_2112,Person_5360,male,3,0-4,Person_5361,,,0,,
HH_2112,Person_5361,male,47,45-49,,,Person_5362,1,,Madrid
HH_2112,Person_5362,male,35,35-39,,,Person_5361,0,,SNB Solo Neumáticos Baratos
HH_2113,Person_5363,male,8,5-9,,Person_5364,,0,,
HH_2113,Person_5364,female,34,30-34,,,Person_5365,1,,Madrid
HH_2113,Person_5365,female,33,30-34,,,Person_5364,0,,Madrid
HH_2114,Person_5366,female,17,15-19,,Person_5368,,0,Madrid,
HH_2114,Person_5367,male,8,5-9,,Person_5368,,0,Madrid,
HH_2114,Person_5368,female,46,45-49,,,,2,Madrid,
HH_2115,Person_5369,female,20,20-24,,,,0,Getafe norte,
HH_2115,Person_5370,male,23,20-24,,,,0,Getafe norte,
HH_2116,Person_5371,male,55,55-59,,,,0,,Madrid
HH_2116,Person_5372,female,95,95-99,,,,0,,
HH_2117,Person_5373,female,39,35-39,,,,0,,Madrid
HH_2117,Person_5374,male,26,25-29,,,,0,,
HH_2117,Person_5375,female,98,95-99,,,,0,,
HH_2118,Person_5376,female,97,95-99,,,,0,Getafe norte,
HH_2118,Person_5377,male,25,25-29,,,,0,Getafe norte,Fundación IMDEA Networks
HH_2119,Person_5378,female,91,90-94,,,,0,,
HH_2119,Person_5379,female,46,45-49,,,,0,,Madrid
HH_2119,Person_5380,female,88,85-89,,,,0,,
HH_2120,Person_5381,female,8,5-9,,Person_5383,,0,,
HH_2120,Person_5382,female,33,30-34,,Person_5383,,0,,Madrid
HH_2120,Person_5383,female,59,55-59,,,Person_5384,2,,Madrid
HH_2120,Person_5384,female,90,90-94,,,Person_5383,0,,
HH_2121,Person_5385,female,3,0-4,,Person_5386,,0,,
HH_2121,Person_5386,female,47,45-49,,,Person_5387,1,,Madrid
HH_2121,Person_5387,female,99,95-99,,,Person_5386,0,,
HH_2122,Person_5388,female,41,40-44,,,,0,,
HH_2123,Person_5389,female,55,55-59,,,,0,,Madrid
HH_2124,Person_5390,female,17,15-19,Person_5392,,,0,,
HH_2124,Person_5391,female,1,0-4,Person_5392,,,0,,
HH_2124,Person_5392,male,50,50-54,,,,2,,
HH_2125,Person_5393,female,28,25-29,,,,0,,Edificio Sabatini
HH_2125,Person_5394,female,43,40-44,,,,0,,Madrid
HH_2126,Person_5395,female,64,60-64,,,,0,,Madrid
HH_2127,Person_5396,male,22,20-24,Person_5397,,,0,Madrid,
HH_2127,Person_5397,male,64,60-64,,,Person_5398,1,Madrid,
HH_2127,Person_5398,male,64,60-64,,,Person_5397,0,Madrid,
HH_2128,Person_5399,male,29,25-29,Person_5400,,,0,,Edificio Agustín de Betancourt
HH_2128,Person_5400,male,59,55-59,,,,1,,Madrid
HH_2129,Person_5401,male,44,40-44,,,,0,Mostoles,
HH_2130,Person_5402,female,15,15-19,,Person_5404,,0,,
HH_2130,Person_5403,female,26,25-29,,Person_5404,,0,,Madrid
HH_2130,Person_5404,female,55,55-59,,,Person_5405,2,,Madrid
HH_2130,Person_5405,female,59,55-59,,,Person_5404,0,,Madrid
HH_2131,Person_5406,female,2,0-4,Person_5408,,,0,,
HH_2131,Person_5407,female,35,35-39,Person_5408,,,0,,Alcorcon
HH_2131,Person_5408,male,52,50-54,,,Person_5409,2,,Madrid
HH_2131,Person_5409,male,45,45-49,,,Person_5408,0,,Madrid
HH_2132,Person_5410,male,4,0-4,,Person_5414,,0,,
HH_2132,Person_5411,male,13,10-14,,Person_5414,,0,,
HH_2132,Person_5412,female,12,10-14,,Person_5414,,0,,
HH_2132,Person_5413,female,7,5-9,,Person_5414,,0,,
HH_2132,Person_5414,female,47,45-49,,,,4,,Madrid
HH_2133,Person_5415,female,12,10-14,,Person_5419,,0,,
HH_2133,Person_5416,female,0,0-4,,Person_5419,,0,,
HH_2133,Person_5417,female,0,0-4,,Person_5419,,0,,
HH_2133,Person_5418,female,20,20-24,,Person_5419,,0,,
HH_2133,Person_5419,female,49,45-49,,,,4,,Madrid
HH_2134,Person_5420,female,2,0-4,,Person_5423,,0,,
HH_2134,Person_5421,male,2,0-4,,Person_5423,,0,,
HH_2134,Person_5422,male,3,0-4,,Person_5423,,0,,
HH_2134,Person_5423,female,32,30-34,,,,3,,Madrid
HH_2135,Person_5424,female,81,80-84,,,,0,Mostoles,
HH_2136,Person_5425,male,2,0-4,Person_5428,,,0,,Escuela Infantil Rosa Caramelo
HH_2136,Person_5426,female,8,5-9,Person_5428,,,0,,
HH_2136,Person_5427,male,2,0-4,Person_5428,,,0,,
HH_2136,Person_5428,male,40,40-44,,,Person_5429,3,,Madrid
HH_2136,Person_5429,male,44,40-44,,,Person_5428,0,,Madrid
HH_2137,Person_5430,male,40,40-44,,Person_5431,,0,,
HH_2137,Person_5431,female,82,80-84,,,Person_5432,1,,
HH_2137,Person_5432,female,85,85-89,,,Person_5431,0,,
HH_2138,Person_5433,female,92,90-94,,,,0,Madrid,
HH_2139,Person_5434,male,74,70-74,,,,0,,
HH_2139,Person_5435,female,37,35-39,,,,0,,Madrid
HH_2140,Person_5436,male,5,5-9,,Person_5437,,0,Fuenlabrada,
HH_2140,Person_5437,female,32,30-34,,,Person_5438,1,Fuenlabrada,
HH_2140,Person_5438,female,33,30-34,,,Person_5437,0,Fuenlabrada,
HH_2141,Person_5439,female,91,90-94,,,,0,Madrid,
HH_2142,Person_5440,male,39,35-39,,,,0,Madrid,
HH_2143,Person_5441,female,94,90-94,,,,0,Fuenlabrada,
HH_2144,Person_5442,male,53,50-54,,,,0,,Madrid
HH_2144,Person_5443,female,98,95-99,,,,0,,
HH_2145,Person_5444,female,82,80-84,,,,0,Hotel de Asociaciones,
HH_2145,Person_5445,female,97,95-99,,,,0,Hotel de Asociaciones,
HH_2146,Person_5446,male,4,0-4,,Person_5450,,0,,
HH_2146,Person_5447,male,5,5-9,,Person_5450,,0,,
HH_2146,Person_5448,female,13,10-14,,Person_5450,,0,,
HH_2146,Person_5449,male,7,5-9,,Person_5450,,0,,
HH_2146,Person_5450,female,32,30-34,,,,4,,Madrid
HH_2147,Person_5451,female,16,15-19,,Person_5452,,0,,
HH_2147,Person_5452,female,43,40-44,,,Person_5453,1,,
HH_2147,Person_5453,female,76,75-79,,,Person_5452,0,,
HH_2148,Person_5454,male,4,0-4,,Person_5456,,0,,
HH_2148,Person_5455,female,28,25-29,,Person_5456,,0,,
HH_2148,Person_5456,female,65,65-69,,,Person_5457,2,,
HH_2148,Person_5457,female,74,70-74,,,Person_5456,0,,
HH_2149,Person_5458,male,20,20-24,Person_5459,,,0,Madrid,
HH_2149,Person_5459,male,51,50-54,,,Person_5460,1,Madrid,Ayuntamiento de Leganés
HH_2149,Person_5460,male,43,40-44,,,Person_5459,0,Madrid,
HH_2150,Person_5461,male,8,5-9,Person_5462,,,0,,
HH_2150,Person_5462,male,34,30-34,,,Person_5463,1,,Madrid
HH_2150,Person_5463,male,30,30-34,,,Person_5462,0,,Madrid
HH_2151,Person_5464,female,87,85-89,,,,0,Madrid,
HH_2152,Person_5465,male,88,85-89,,,,0,,
HH_2153,Person_5466,female,25,25-29,,Person_5470,,0,,Madrid
HH_2153,Person_5467,male,35,35-39,,Person_5470,,0,,Madrid
HH_2153,Person_5468,male,7,5-9,,Person_5470,,0,,Escuela Municipal de Música Manuel Rodríguez Sales
HH_2153,Person_5469,male,30,30-34,,Person_5470,,0,,Parque Científico de la Universidad Carlos III de Madrid
HH_2153,Person_5470,female,64,60-64,,,,4,,
HH_2154,Person_5471,male,18,15-19,Person_5473,,,0,Madrid,Edificio Agustín de Betancourt
HH_2154,Person_5472,male,33,30-34,Person_5473,,,0,Madrid,
HH_2154,Person_5473,male,64,60-64,,,Person_5474,2,Madrid,
HH_2154,Person_5474,male,81,80-84,,,Person_5473,0,Madrid,
HH_2155,Person_5475,male,0,0-4,Person_5477,,,0,,
HH_2155,Person_5476,female,7,5-9,Person_5477,,,0,,
HH_2155,Person_5477,male,26,25-29,,,,2,,Madrid
HH_2156,Person_5478,male,17,15-19,Person_5481,,,0,,
HH_2156,Person_5479,male,12,10-14,Person_5481,,,0,,
HH_2156,Person_5480,male,17,15-19,Person_5481,,,0,,
HH_2156,Person_5481,male,59,55-59,,,,3,,Madrid
HH_2157,Person_5482,male,52,50-54,,,,0,,
HH_2157,Person_5483,female,64,60-64,,,,0,,Madrid
HH_2158,Person_5484,male,53,50-54,,,,0,,Madrid
HH_2159,Person_5485,female,93,90-94,,,,0,,
HH_2160,Person_5486,female,49,45-49,,,,0,Mostoles,
HH_2161,Person_5487,male,99,95-99,,,,0,Mostoles,
HH_2162,Person_5488,male,76,75-79,Person_5489,,,0,Madrid,
HH_2162,Person_5489,male,119,100-120,,,,1,Madrid,
HH_2163,Person_5490,male,87,85-89,,,,0,Fuenlabrada,
HH_2163,Person_5491,female,88,85-89,,,,0,Fuenlabrada,
HH_2164,Person_5492,male,76,75-79,,,,0,,
HH_2164,Person_5493,male,45,45-49,,,,0,,Getafe norte
HH_2165,Person_5494,female,22,20-24,,Person_5497,,0,Fuenlabrada,
HH_2165,Person_5495,female,6,5-9,,Person_5497,,0,Fuenlabrada,
HH_2165,Person_5496,female,15,15-19,,Person_5497,,0,Fuenlabrada,
HH_2165,Person_5497,female,56,55-59,,,,3,Fuenlabrada,
HH_2166,Person_5498,female,25,25-29,Person_5500,,,0,,Madrid
HH_2166,Person_5499,male,27,25-29,Person_5500,,,0,,Edificio Torres Quevedo
HH_2166,Person_5500,male,52,50-54,,,Person_5501,2,,Fuenlabrada
HH_2166,Person_5501,male,50,50-54,,,Person_5500,0,,
HH_2167,Person_5502,female,16,15-19,,Person_5504,,0,Madrid,
HH_2167,Person_5503,female,34,30-34,,Person_5504,,0,Madrid,
HH_2167,Person_5504,female,65,65-69,,,Person_5505,2,Madrid,
HH_2167,Person_5505,female,72,70-74,,,Person_5504,0,Madrid,
HH_2168,Person_5506,male,11,10-14,Person_5507,,,0,Madrid,
HH_2168,Person_5507,male,27,25-29,,,Person_5508,1,Madrid,
HH_2168,Person_5508,male,27,25-29,,,Person_5507,0,Madrid,
HH_2169,Person_5509,male,90,90-94,,,,0,,
HH_2170,Person_5510,female,35,35-39,,,,0,,Madrid
HH_2171,Person_5511,female,59,55-59,,,,0,Getafe norte,
HH_2172,Person_5512,female,92,90-94,,,,0,,
HH_2173,Person_5513,female,77,75-79,,,,0,Getafe norte,
HH_2173,Person_5514,male,66,65-69,,,,0,Getafe norte,
HH_2174,Person_5515,female,63,60-64,,,,0,Madrid,
HH_2175,Person_5516,female,24,20-24,,,,0,,Edificio Sabatini
HH_2175,Person_5517,female,23,20-24,,,,0,,Edificio Sabatini
HH_2176,Person_5518,male,19,15-19,,,,0,Alcorcon,
HH_2176,Person_5519,male,91,90-94,,,,0,Alcorcon,
HH_2177,Person_5520,male,9,5-9,Person_5521,,,0,,
HH_2177,Person_5521,male,39,35-39,,,,1,,Getafe norte
HH_2178,Person_5522,male,39,35-39,,,,0,Madrid,Visionlab
HH_2178,Person_5523,male,87,85-89,,,,0,Madrid,
HH_2179,Person_5524,female,13,10-14,Person_5527,,,0,,Edificio Juan de Mairena
HH_2179,Person_5525,male,20,20-24,Person_5527,,,0,,
HH_2179,Person_5526,female,11,10-14,Person_5527,,,0,,
HH_2179,Person_5527,male,52,50-54,,,,3,,guardería
HH_2180,Person_5528,male,89,85-89,,,,0,Madrid,
HH_2180,Person_5529,female,62,60-64,,,,0,Madrid,
HH_2181,Person_5530,female,91,90-94,,,,0,,
HH_2182,Person_5531,male,16,15-19,,Person_5533,,0,,
HH_2182,Person_5532,male,31,30-34,,Person_5533,,0,,Fuenlabrada
HH_2182,Person_5533,female,63,60-64,,,Person_5534,2,,
HH_2182,Person_5534,female,78,75-79,,,Person_5533,0,,
HH_2183,Person_5535,female,50,50-54,,,,0,,Madrid
HH_2184,Person_5536,male,70,70-74,,,,0,Getafe norte,
HH_2184,Person_5537,male,66,65-69,,,,0,Getafe norte,
HH_2185,Person_5538,male,22,20-24,Person_5542,,,0,,Madrid
HH_2185,Person_5539,female,17,15-19,Person_5542,,,0,,
HH_2185,Person_5540,female,22,20-24,Person_5542,,,0,,
HH_2185,Person_5541,female,23,20-24,Person_5542,,,0,,Madrid
HH_2185,Person_5542,male,42,40-44,,,,4,,Foster's Hollywood
HH_2186,Person_5543,male,35,35-39,Person_5544,,,0,Madrid,
HH_2186,Person_5544,male,61,60-64,,,,1,Madrid,
HH_2187,Person_5545,male,6,5-9,,Person_5547,,0,,
HH_2187,Person_5546,male,29,25-29,,Person_5547,,0,,
HH_2187,Person_5547,female,57,55-59,,,Person_5548,2,,
HH_2187,Person_5548,female,73,70-74,,,Person_5547,0,,
HH_2188,Person_5549,male,74,70-74,Person_5551,,,0,Mostoles,
HH_2188,Person_5550,female,28,25-29,Person_5551,,,0,Mostoles,Edificio Torres Quevedo
HH_2188,Person_5551,male,107,100-120,,,Person_5552,2,Mostoles,
HH_2188,Person_5552,male,50,50-54,,,Person_5551,0,Mostoles,
HH_2189,Person_5553,male,48,45-49,,,,0,Fuenlabrada,
HH_2190,Person_5554,male,80,80-84,,,,0,,
HH_2190,Person_5555,male,31,30-34,,,,0,,
HH_2191,Person_5556,female,27,25-29,Person_5557,,,0,Madrid,Edificio Juan Benet
HH_2191,Person_5557,male,60,60-64,,,,1,Madrid,
HH_2192,Person_5558,male,27,25-29,,,,0,Madrid,
HH_2193,Person_5559,female,99,95-99,,,,0,,
HH_2193,Person_5560,female,22,20-24,,,,0,,Edificio Juan Benet
HH_2194,Person_5561,male,37,35-39,,,,0,Madrid,
HH_2194,Person_5562,male,39,35-39,,,,0,Madrid,
HH_2194,Person_5563,male,82,80-84,,,,0,Madrid,
HH_2195,Person_5564,female,52,50-54,,,,0,,Getafe norte
HH_2196,Person_5565,male,41,40-44,Person_5566,,,0,,Madrid
HH_2196,Person_5566,male,79,75-79,,,Person_5567,1,,
HH_2196,Person_5567,male,94,90-94,,,Person_5566,0,,
HH_2197,Person_5568,male,1,0-4,,Person_5570,,0,,
HH_2197,Person_5569,female,35,35-39,,Person_5570,,0,,Madrid
HH_2197,Person_5570,female,74,70-74,,,Person_5571,2,,
HH_2197,Person_5571,female,54,50-54,,,Person_5570,0,,Madrid
HH_2198,Person_5572,male,47,45-49,,,,0,,
HH_2198,Person_5573,male,25,25-29,,,,0,,Fundación IMDEA Networks
HH_2198,Person_5574,female,75,75-79,,,,0,,
HH_2199,Person_5575,male,13,10-14,,Person_5577,,0,Madrid,
HH_2199,Person_5576,male,35,35-39,,Person_5577,,0,Madrid,
HH_2199,Person_5577,female,75,75-79,,,Person_5578,2,Madrid,
HH_2199,Person_5578,female,68,65-69,,,Person_5577,0,Madrid,
HH_2200,Person_5579,male,64,60-64,,,,0,,Madrid
HH_2201,Person_5580,male,80,80-84,,,,0,Alcorcon,
HH_2201,Person_5581,male,20,20-24,,,,0,Alcorcon,
HH_2201,Person_5582,male,89,85-89,,,,0,Alcorcon,
HH_2201,Person_5583,male,98,95-99,,,,0,Alcorcon,
HH_2202,Person_5584,male,26,25-29,,,,0,Fuenlabrada,
HH_2202,Person_5585,male,18,15-19,,,,0,Fuenlabrada,Fundación IMDEA Networks
HH_2203,Person_5586,female,20,20-24,Person_5588,,,0,,Edificio Sabatini
HH_2203,Person_5587,female,35,35-39,Person_5588,,,0,,Madrid
HH_2203,Person_5588,male,51,50-54,,,Person_5589,2,,Madrid
HH_2203,Person_5589,male,47,45-49,,,Person_5588,0,,Madrid
HH_2204,Person_5590,female,40,40-44,,,,0,Madrid,
HH_2205,Person_5591,male,97,95-99,Person_5592,,,0,Madrid,
HH_2205,Person_5592,male,116,100-120,,,,1,Madrid,
HH_2206,Person_5593,female,46,45-49,Person_5594,,,0,,Madrid
HH_2206,Person_5594,male,75,75-79,,,,1,,
HH_2207,Person_5595,female,70,70-74,,,,0,,
HH_2207,Person_5596,female,63,60-64,,,,0,,Madrid
HH_2208,Person_5597,male,2,0-4,,Person_5598,,0,,
HH_2208,Person_5598,female,43,40-44,,,Person_5599,1,,Madrid
HH_2208,Person_5599,female,44,40-44,,,Person_5598,0,,Madrid
HH_2209,Person_5600,female,12,10-14,,Person_5602,,0,,Edificio Juan de Mairena
HH_2209,Person_5601,female,30,30-34,,Person_5602,,0,,
HH_2209,Person_5602,female,68,65-69,,,Person_5603,2,,
HH_2209,Person_5603,female,65,65-69,,,Person_5602,0,,
HH_2210,Person_5604,male,14,10-14,Person_5606,,,0,,
HH_2210,Person_5605,male,5,5-9,Person_5606,,,0,,
HH_2210,Person_5606,male,53,50-54,,,,2,,Madrid
HH_2211,Person_5607,male,26,25-29,,Person_5608,,0,Alcorcon,abm Rexel
HH_2211,Person_5608,female,43,40-44,,,Person_5609,1,Alcorcon,
HH_2211,Person_5609,female,39,35-39,,,Person_5608,0,Alcorcon,
HH_2212,Person_5610,male,63,60-64,,,,0,,Mostoles
HH_2212,Person_5611,male,95,95-99,,,,0,,
HH_2213,Person_5612,female,21,20-24,Person_5614,,,0,,
HH_2213,Person_5613,male,28,25-29,Person_5614,,,0,,Parque Científico de la Universidad Carlos III de Madrid
HH_2213,Person_5614,male,67,65-69,,,Person_5615,2,,
HH_2213,Person_5615,male,97,95-99,,,Person_5614,0,,
HH_2214,Person_5616,female,89,85-89,,,,0,,
HH_2214,Person_5617,male,84,80-84,,,,0,,
HH_2214,Person_5618,female,36,35-39,,,,0,,Madrid
HH_2215,Person_5619,male,99,95-99,,,,0,,
HH_2216,Person_5620,female,49,45-49,,,,0,,Madrid
HH_2216,Person_5621,male,68,65-69,,,,0,,
HH_2217,Person_5622,female,85,85-89,,,,0,,
HH_2217,Person_5623,female,78,75-79,,,,0,,
HH_2218,Person_5624,male,90,90-94,,,,0,,
HH_2218,Person_5625,female,78,75-79,,,,0,,
HH_2219,Person_5626,female,36,35-39,,,,0,Fuenlabrada,
HH_2220,Person_5627,male,90,90-94,,,,0,Fuenlabrada,
HH_2220,Person_5628,male,93,90-94,,,,0,Fuenlabrada,
HH_2221,Person_5629,female,20,20-24,,Person_5630,,0,,Madrid
HH_2221,Person_5630,female,45,45-49,,,Person_5631,1,,Madrid
HH_2221,Person_5631,female,58,55-59,,,Person_5630,0,,Madrid
HH_2222,Person_5632,male,11,10-14,Person_5634,,,0,,
HH_2222,Person_5633,female,25,25-29,Person_5634,,,0,,Madrid
HH_2222,Person_5634,male,67,65-69,,,Person_5635,2,,
HH_2222,Person_5635,male,80,80-84,,,Person_5634,0,,
HH_2223,Person_5636,female,91,90-94,,,,0,,
HH_2223,Person_5637,male,48,45-49,,,,0,,Madrid
HH_2224,Person_5638,female,92,90-94,,,,0,Madrid,
HH_2225,Person_5639,female,66,65-69,,,,0,Madrid,
HH_2225,Person_5640,female,42,40-44,,,,0,Madrid,
HH_2226,Person_5641,male,73,70-74,,,,0,,
HH_2226,Person_5642,male,24,20-24,,,,0,,Parque Científico de la Universidad Carlos III de Madrid
HH_2227,Person_5643,male,26,25-29,Person_5644,,,0,,
HH_2227,Person_5644,male,65,65-69,,,Person_5645,1,,
HH_2227,Person_5645,male,78,75-79,,,Person_5644,0,,
HH_2228,Person_5646,male,16,15-19,Person_5647,,,0,,Edificio Octavio Paz
HH_2228,Person_5647,male,45,45-49,,,Person_5648,1,,Getafe norte
HH_2228,Person_5648,male,53,50-54,,,Person_5647,0,,Madrid
HH_2229,Person_5649,female,22,20-24,Person_5650,,,0,,
HH_2229,Person_5650,male,61,60-64,,,Person_5651,1,,Madrid
HH_2229,Person_5651,male,56,55-59,,,Person_5650,0,,
HH_2230,Person_5652,male,35,35-39,,,,0,Mostoles,Lidl
HH_2230,Person_5653,male,29,25-29,,,,0,Mostoles,
HH_2231,Person_5654,male,62,60-64,,,,0,,Madrid
HH_2231,Person_5655,male,80,80-84,,,,0,,
HH_2232,Person_5656,female,31,30-34,,Person_5657,,0,,Madrid
HH_2232,Person_5657,female,56,55-59,,,Person_5658,1,,Madrid
HH_2232,Person_5658,female,58,55-59,,,Person_5657,0,,Madrid
HH_2233,Person_5659,female,65,65-69,,,,0,,
HH_2234,Person_5660,female,86,85-89,,,,0,Madrid,
HH_2235,Person_5661,female,23,20-24,,Person_5663,,0,Madrid,
HH_2235,Person_5662,male,35,35-39,,Person_5663,,0,Madrid,
HH_2235,Person_5663,female,71,70-74,,,Person_5664,2,Madrid,
HH_2235,Person_5664,female,68,65-69,,,Person_5663,0,Madrid,
HH_2236,Person_5665,female,9,5-9,Person_5666,,,0,,
HH_2236,Person_5666,male,40,40-44,,,Person_5667,1,,Fuenlabrada
HH_2236,Person_5667,male,35,35-39,,,Person_5666,0,,Madrid
HH_2237,Person_5668,female,20,20-24,Person_5669,,,0,Madrid,Edificio Sabatini
HH_2237,Person_5669,male,39,35-39,,,Person_5670,1,Madrid,
HH_2237,Person_5670,male,39,35-39,,,Person_5669,0,Madrid,
HH_2238,Person_5671,male,21,20-24,Person_5674,,,0,Madrid,
HH_2238,Person_5672,female,18,15-19,Person_5674,,,0,Madrid,Parque Científico de la Universidad Carlos III de Madrid
HH_2238,Person_5673,female,22,20-24,Person_5674,,,0,Madrid,
HH_2238,Person_5674,male,50,50-54,,,,3,Madrid,
HH_2239,Person_5675,female,25,25-29,,Person_5677,,0,Tecnocasa,Fundación IMDEA Networks
HH_2239,Person_5676,male,27,25-29,,Person_5677,,0,Tecnocasa,Madrid
HH_2239,Person_5677,female,60,60-64,,,Person_5678,2,Tecnocasa,Mostoles
HH_2239,Person_5678,female,84,80-84,,,Person_5677,0,Tecnocasa,
HH_2240,Person_5679,female,7,5-9,Person_5682,,,0,,
HH_2240,Person_5680,male,5,5-9,Person_5682,,,0,,
HH_2240,Person_5681,female,2,0-4,Person_5682,,,0,,
HH_2240,Person_5682,male,43,40-44,,,Person_5683,3,,Madrid
HH_2240,Person_5683,male,36,35-39,,,Person_5682,0,,Getafe norte
HH_2241,Person_5684,male,3,0-4,Person_5686,,,0,,
HH_2241,Person_5685,male,29,25-29,Person_5686,,,0,,Parque Científico de la Universidad Carlos III de Madrid
HH_2241,Person_5686,male,73,70-74,,,Person_5687,2,,
HH_2241,Person_5687,male,45,45-49,,,Person_5686,0,,Madrid
HH_2242,Person_5688,female,18,15-19,Person_5689,,,0,Madrid,
HH_2242,Person_5689,male,49,45-49,,,Person_5690,1,Madrid,
HH_2242,Person_5690,male,45,45-49,,,Person_5689,0,Madrid,
HH_2243,Person_5691,female,67,65-69,,,,0,,
HH_2244,Person_5692,female,55,55-59,,,,0,,Madrid
HH_2245,Person_5693,female,25,25-29,,Person_5694,,0,,
HH_2245,Person_5694,female,65,65-69,,,,1,,
HH_2246,Person_5695,male,25,25-29,,Person_5696,,0,,Madrid
HH_2246,Person_5696,female,55,55-59,,,Person_5697,1,,
HH_2246,Person_5697,female,51,50-54,,,Person_5696,0,,Madrid
HH_2247,Person_5698,female,41,40-44,,Person_5700,,0,,Alcorcon
HH_2247,Person_5699,male,43,40-44,,Person_5700,,0,,Madrid
HH_2247,Person_5700,female,83,80-84,,,,2,,
HH_2248,Person_5701,male,62,60-64,,,,0,,
HH_2248,Person_5702,male,83,80-84,,,,0,,
HH_2249,Person_5703,male,11,10-14,,Person_5705,,0,,
HH_2249,Person_5704,male,34,30-34,,Person_5705,,0,,Madrid
HH_2249,Person_5705,female,66,65-69,,,Person_5706,2,,
HH_2249,Person_5706,female,56,55-59,,,Person_5705,0,,Madrid
HH_2250,Person_5707,male,79,75-79,,,,0,,
HH_2250,Person_5708,male,38,35-39,,,,0,,Madrid
HH_2251,Person_5709,female,59,55-59,,,,0,Madrid,
HH_2251,Person_5710,female,30,30-34,,,,0,Madrid,
HH_2252,Person_5711,female,31,30-34,Person_5713,,,0,Madrid,
HH_2252,Person_5712,female,33,30-34,Person_5713,,,0,Madrid,
HH_2252,Person_5713,male,67,65-69,,,Person_5714,2,Madrid,
HH_2252,Person_5714,male,57,55-59,,,Person_5713,0,Madrid,
HH_2253,Person_5715,female,11,10-14,,Person_5718,,0,,
HH_2253,Person_5716,female,17,15-19,,Person_5718,,0,,
HH_2253,Person_5717,male,5,5-9,,Person_5718,,0,,
HH_2253,Person_5718,female,51,50-54,,,Person_5719,3,,
HH_2253,Person_5719,female,94,90-94,,,Person_5718,0,,
HH_2254,Person_5720,female,87,85-89,,,,0,,
HH_2254,Person_5721,male,95,95-99,,,,0,,
HH_2255,Person_5722,female,78,75-79,,,,0,,
HH_2256,Person_5723,female,12,10-14,Person_5724,,,0,,
HH_2256,Person_5724,male,37,35-39,,,Person_5725,1,,Madrid
HH_2256,Person_5725,male,36,35-39,,,Person_5724,0,,Madrid
HH_2257,Person_5726,male,1,0-4,Person_5727,,,0,,
HH_2257,Person_5727,male,26,25-29,,,Person_5728,1,,
HH_2257,Person_5728,male,28,25-29,,,Person_5727,0,,Madrid
HH_2258,Person_5729,male,18,15-19,,Person_5731,,0,,
HH_2258,Person_5730,female,34,30-34,,Person_5731,,0,,Getafe norte
HH_2258,Person_5731,female,63,60-64,,,Person_5732,2,,Fuenlabrada
HH_2258,Person_5732,female,54,50-54,,,Person_5731,0,,Madrid
HH_2259,Person_5733,male,71,70-74,,,,0,,
HH_2259,Person_5734,male,95,95-99,,,,0,,
HH_2259,Person_5735,male,31,30-34,,,,0,,Getafe norte
HH_2259,Person_5736,male,38,35-39,,,,0,,Madrid
HH_2260,Person_5737,male,91,90-94,,,,0,,
HH_2261,Person_5738,female,99,95-99,,,,0,Fuenlabrada,
HH_2262,Person_5739,female,36,35-39,,Person_5740,,0,,
HH_2262,Person_5740,female,65,65-69,,,Person_5741,1,,
HH_2262,Person_5741,female,55,55-59,,,Person_5740,0,,Getafe norte
HH_2263,Person_5742,male,8,5-9,Person_5743,,,0,,
HH_2263,Person_5743,male,25,25-29,,,Person_5744,1,,Biblioteca Rey Pastor
HH_2263,Person_5744,male,28,25-29,,,Person_5743,0,,
HH_2264,Person_5745,female,23,20-24,Person_5747,,,0,,Getafe norte
HH_2264,Person_5746,female,33,30-34,Person_5747,,,0,,Madrid
HH_2264,Person_5747,male,62,60-64,,,Person_5748,2,,Madrid
HH_2264,Person_5748,male,78,75-79,,,Person_5747,0,,
HH_2265,Person_5749,male,15,15-19,,Person_5751,,0,,
HH_2265,Person_5750,male,30,30-34,,Person_5751,,0,,Madrid
HH_2265,Person_5751,female,61,60-64,,,Person_5752,2,,Madrid
HH_2265,Person_5752,female,88,85-89,,,Person_5751,0,,
HH_2266,Person_5753,male,28,25-29,,,,0,,
HH_2267,Person_5754,female,65,65-69,Person_5756,,,0,,
HH_2267,Person_5755,female,29,25-29,Person_5756,,,0,,
HH_2267,Person_5756,male,83,80-84,,,Person_5757,2,,
HH_2267,Person_5757,male,86,85-89,,,Person_5756,0,,
HH_2268,Person_5758,female,12,10-14,,Person_5760,,0,,
HH_2268,Person_5759,female,35,35-39,,Person_5760,,0,,Madrid
HH_2268,Person_5760,female,68,65-69,,,Person_5761,2,,
HH_2268,Person_5761,female,92,90-94,,,Person_5760,0,,
HH_2269,Person_5762,female,25,25-29,,Person_5763,,0,Madrid,
HH_2269,Person_5763,female,56,55-59,,,,1,Madrid,
HH_2270,Person_5764,male,77,75-79,,,,0,,
HH_2271,Person_5765,female,99,95-99,,,,0,,
HH_2272,Person_5766,male,26,25-29,Person_5767,,,0,,Madrid
HH_2272,Person_5767,male,64,60-64,,,Person_5768,1,,Madrid
HH_2272,Person_5768,male,92,90-94,,,Person_5767,0,,
HH_2273,Person_5769,female,7,5-9,Person_5770,,,0,,
HH_2273,Person_5770,male,50,50-54,,,Person_5771,1,,Madrid
HH_2273,Person_5771,male,54,50-54,,,Person_5770,0,,Madrid
HH_2274,Person_5772,male,10,10-14,Person_5774,,,0,Mostoles,
HH_2274,Person_5773,female,0,0-4,Person_5774,,,0,Mostoles,
HH_2274,Person_5774,male,42,40-44,,,,2,Mostoles,
HH_2275,Person_5775,male,21,20-24,,Person_5777,,0,Madrid,Edificio Torres Quevedo
HH_2275,Person_5776,female,34,30-34,,Person_5777,,0,Madrid,
HH_2275,Person_5777,female,76,75-79,,,Person_5778,2,Madrid,
HH_2275,Person_5778,female,99,95-99,,,Person_5777,0,Madrid,
HH_2276,Person_5779,female,23,20-24,,Person_5782,,0,,
HH_2276,Person_5780,male,23,20-24,,Person_5782,,0,,Madrid
HH_2276,Person_5781,female,19,15-19,,Person_5782,,0,,Fundación IMDEA Networks
HH_2276,Person_5782,female,50,50-54,,,,3,,Madrid
HH_2277,Person_5783,male,54,50-54,,,,0,Fuenlabrada,
HH_2277,Person_5784,male,57,55-59,,,,0,Fuenlabrada,Frutas Domingo
HH_2278,Person_5785,female,75,75-79,,,,0,,
HH_2279,Person_5786,female,25,25-29,Person_5788,,,0,Alcorcon,
HH_2279,Person_5787,female,28,25-29,Person_5788,,,0,Alcorcon,Edificio Sabatini
HH_2279,Person_5788,male,57,55-59,,,Person_5789,2,Alcorcon,
HH_2279,Person_5789,male,58,55-59,,,Person_5788,0,Alcorcon,
HH_2280,Person_5790,male,65,65-69,,,,0,,
HH_2281,Person_5791,female,19,15-19,Person_5794,,,0,Fuenlabrada,
HH_2281,Person_5792,female,10,10-14,Person_5794,,,0,Fuenlabrada,
HH_2281,Person_5793,female,3,0-4,Person_5794,,,0,Fuenlabrada,
HH_2281,Person_5794,male,47,45-49,,,Person_5795,3,Fuenlabrada,
HH_2281,Person_5795,male,41,40-44,,,Person_5794,0,Fuenlabrada,
HH_2282,Person_5796,male,17,15-19,Person_5797,,,0,,
HH_2282,Person_5797,male,43,40-44,,,Person_5798,1,,
HH_2282,Person_5798,male,39,35-39,,,Person_5797,0,,Alcorcon
HH_2283,Person_5799,male,6,5-9,Person_5802,,,0,,
HH_2283,Person_5800,male,1,0-4,Person_5802,,,0,,Escuela Infantil Rosa Caramelo
HH_2283,Person_5801,female,13,10-14,Person_5802,,,0,,
HH_2283,Person_5802,male,40,40-44,,,,3,,Madrid
HH_2284,Person_5803,female,27,25-29,,,,0,Madrid,Biblioteca Rey Pastor
HH_2284,Person_5804,male,51,50-54,,,,0,Madrid,
HH_2285,Person_5805,female,51,50-54,,Person_5806,,0,,Madrid
HH_2285,Person_5806,female,69,65-69,,,,1,,
HH_2286,Person_5807,female,20,20-24,,Person_5808,,0,,
HH_2286,Person_5808,female,47,45-49,,,Person_5809,1,,Madrid
HH_2286,Person_5809,female,37,35-39,,,Person_5808,0,,Madrid
HH_2287,Person_5810,female,52,50-54,,,,0,,Madrid
HH_2287,Person_5811,female,63,60-64,,,,0,,Madrid
HH_2288,Person_5812,female,94,90-94,,,,0,,
HH_2289,Person_5813,female,19,15-19,,Person_5814,,0,Madrid,Biblioteca Rey Pastor
HH_2289,Person_5814,female,51,50-54,,,Person_5815,1,Madrid,
HH_2289,Person_5815,female,53,50-54,,,Person_5814,0,Madrid,
HH_2290,Person_5816,male,65,65-69,Person_5817,,,0,,
HH_2290,Person_5817,male,91,90-94,,,,1,,
HH_2291,Person_5818,female,33,30-34,Person_5820,,,0,,Madrid
HH_2291,Person_5819,female,26,25-29,Person_5820,,,0,,Madrid
HH_2291,Person_5820,male,66,65-69,,,Person_5821,2,,
HH_2291,Person_5821,male,46,45-49,,,Person_5820,0,,Madrid
HH_2292,Person_5822,male,21,20-24,,Person_5824,,0,,Edificio Juan Benet
HH_2292,Person_5823,female,28,25-29,,Person_5824,,0,,Madrid
HH_2292,Person_5824,female,63,60-64,,,Person_5825,2,,Madrid
HH_2292,Person_5825,female,62,60-64,,,Person_5824,0,,Madrid
HH_2293,Person_5826,male,40,40-44,,,,0,Madrid,
HH_2293,Person_5827,male,44,40-44,,,,0,Madrid,
HH_2294,Person_5828,female,28,25-29,Person_5829,,,0,Madrid,Biblioteca Rey Pastor
HH_2294,Person_5829,male,62,60-64,,,,1,Madrid,
HH_2295,Person_5830,female,30,30-34,,,,0,Madrid,Parque Científico de la Universidad Carlos III de Madrid
HH_2296,Person_5831,female,43,40-44,,,,0,,Madrid
HH_2297,Person_5832,female,16,15-19,Person_5833,,,0,Alcorcon,
HH_2297,Person_5833,male,56,55-59,,,Person_5834,1,Alcorcon,
HH_2297,Person_5834,male,57,55-59,,,Person_5833,0,Alcorcon,
HH_2298,Person_5835,male,19,15-19,,,,0,Madrid,
HH_2298,Person_5836,female,45,45-49,,,,0,Madrid,
HH_2299,Person_5837,female,81,80-84,,,,0,,
HH_2299,Person_5838,male,20,20-24,,,,0,,Parque Científico de la Universidad Carlos III de Madrid
HH_2300,Person_5839,male,16,15-19,Person_5843,,,0,,
HH_2300,Person_5840,female,8,5-9,Person_5843,,,0,,
HH_2300,Person_5841,male,13,10-14,Person_5843,,,0,,
HH_2300,Person_5842,female,13,10-14,Person_5843,,,0,,
HH_2300,Person_5843,male,57,55-59,,,,4,,
HH_2301,Person_5844,male,78,75-79,,,,0,,
HH_2301,Person_5845,male,77,75-79,,,,0,,
HH_2302,Person_5846,male,39,35-39,,Person_5847,,0,,Madrid
HH_2302,Person_5847,female,68,65-69,,,,1,,
HH_2303,Person_5848,female,62,60-64,,,,0,Fuenlabrada,
HH_2303,Person_5849,male,90,90-94,,,,0,Fuenlabrada,
HH_2304,Person_5850,male,57,55-59,,,,0,,Madrid
HH_2305,Person_5851,male,29,25-29,,,,0,,Madrid
HH_2305,Person_5852,male,89,85-89,,,,0,,
HH_2306,Person_5853,female,21,20-24,Person_5855,,,0,,Fundación IMDEA Networks
HH_2306,Person_5854,female,28,25-29,Person_5855,,,0,,
HH_2306,Person_5855,male,57,55-59,,,Person_5856,2,,Madrid
HH_2306,Person_5856,male,42,40-44,,,Person_5855,0,,Fuenlabrada
HH_2307,Person_5857,female,64,60-64,,,,0,Fuenlabrada,
HH_2308,Person_5858,male,14,10-14,,Person_5861,,0,,
HH_2308,Person_5859,male,0,0-4,,Person_5861,,0,,
HH_2308,Person_5860,female,0,0-4,,Person_5861,,0,,
HH_2308,Person_5861,female,44,40-44,,,Person_5862,3,,Alcorcon
HH_2308,Person_5862,female,49,45-49,,,Person_5861,0,,Madrid
HH_2309,Person_5863,female,76,75-79,,Person_5864,,0,,
HH_2309,Person_5864,female,113,100-120,,,,1,,
HH_2310,Person_5865,female,25,25-29,,Person_5867,,0,,Madrid
HH_2310,Person_5866,female,30,30-34,,Person_5867,,0,,Edificio Juan Benet
HH_2310,Person_5867,female,72,70-74,,,Person_5868,2,,
HH_2310,Person_5868,female,64,60-64,,,Person_5867,0,,Madrid
HH_2311,Person_5869,male,24,20-24,,Person_5872,,0,,Edificio Agustín de Betancourt
HH_2311,Person_5870,male,5,5-9,,Person_5872,,0,,
HH_2311,Person_5871,male,3,0-4,,Person_5872,,0,,Escuela Infantil Rosa Caramelo
HH_2311,Person_5872,female,41,40-44,,,Person_5873,3,,Madrid
HH_2311,Person_5873,female,43,40-44,,,Person_5872,0,,Madrid
HH_2312,Person_5874,female,20,20-24,,Person_5875,,0,,Edificio Juan Benet
HH_2312,Person_5875,female,55,55-59,,,,1,,Madrid
HH_2313,Person_5876,female,24,20-24,Person_5878,,,0,Madrid,
HH_2313,Person_5877,male,32,30-34,Person_5878,,,0,Madrid,
HH_2313,Person_5878,male,81,80-84,,,Person_5879,2,Madrid,
HH_2313,Person_5879,male,80,80-84,,,Person_5878,0,Madrid,
HH_2314,Person_5880,female,4,0-4,Person_5881,,,0,,
HH_2314,Person_5881,male,30,30-34,,,Person_5882,1,,Madrid
HH_2314,Person_5882,male,25,25-29,,,Person_5881,0,,Mostoles
HH_2315,Person_5883,female,52,50-54,,,,0,,Madrid
HH_2316,Person_5884,female,3,0-4,,Person_5886,,0,Fuenlabrada,
HH_2316,Person_5885,male,33,30-34,,Person_5886,,0,Fuenlabrada,
HH_2316,Person_5886,female,65,65-69,,,Person_5887,2,Fuenlabrada,
HH_2316,Person_5887,female,64,60-64,,,Person_5886,0,Fuenlabrada,
HH_2317,Person_5888,female,16,15-19,Person_5889,,,0,Fuenlabrada,
HH_2317,Person_5889,male,41,40-44,,,Person_5890,1,Fuenlabrada,
HH_2317,Person_5890,male,39,35-39,,,Person_5889,0,Fuenlabrada,Tanatorio de Leganés
HH_2318,Person_5891,female,12,10-14,,Person_5892,,0,,
HH_2318,Person_5892,female,45,45-49,,,Person_5893,1,,Madrid
HH_2318,Person_5893,female,50,50-54,,,Person_5892,0,,Madrid
HH_2319,Person_5894,male,23,20-24,,,,0,,Edificio Torres Quevedo
HH_2320,Person_5895,male,68,65-69,,,,0,,
HH_2321,Person_5896,female,83,80-84,,,,0,,
HH_2322,Person_5897,male,54,50-54,,,,0,,Madrid
HH_2323,Person_5898,male,50,50-54,,,,0,,Madrid
HH_2323,Person_5899,female,90,90-94,,,,0,,
HH_2324,Person_5900,male,24,20-24,,,,0,,
HH_2325,Person_5901,male,44,40-44,,,,0,,Madrid
HH_2325,Person_5902,male,47,45-49,,,,0,,Madrid
HH_2326,Person_5903,female,14,10-14,Person_5905,,,0,Madrid,
HH_2326,Person_5904,male,35,35-39,Person_5905,,,0,Madrid,
HH_2326,Person_5905,male,65,65-69,,,Person_5906,2,Madrid,
HH_2326,Person_5906,male,74,70-74,,,Person_5905,0,Madrid,
HH_2327,Person_5907,female,25,25-29,,Person_5908,,0,,
HH_2327,Person_5908,female,43,40-44,,,Person_5909,1,,Madrid
HH_2327,Person_5909,female,41,40-44,,,Person_5908,0,,Madrid
HH_2328,Person_5910,male,19,15-19,,,,0,,Madrid
HH_2329,Person_5911,female,15,15-19,,Person_5913,,0,,
HH_2329,Person_5912,female,25,25-29,,Person_5913,,0,,
HH_2329,Person_5913,female,59,55-59,,,,2,,Madrid
HH_2330,Person_5914,female,70,70-74,,,,0,,
HH_2330,Person_5915,female,28,25-29,,,,0,,
HH_2331,Person_5916,female,85,85-89,,,,0,,
HH_2331,Person_5917,female,95,95-99,,,,0,,
HH_2332,Person_5918,male,16,15-19,Person_5919,,,0,,
HH_2332,Person_5919,male,48,45-49,,,Person_5920,1,,Madrid
HH_2332,Person_5920,male,44,40-44,,,Person_5919,0,,Madrid
HH_2333,Person_5921,female,78,75-79,,,,0,,
HH_2333,Person_5922,male,95,95-99,,,,0,,
HH_2333,Person_5923,female,60,60-64,,,,0,,Madrid
HH_2334,Person_5924,female,20,20-24,Person_5926,,,0,Fuenlabrada,
HH_2334,Person_5925,female,35,35-39,Person_5926,,,0,Fuenlabrada,
HH_2334,Person_5926,male,63,60-64,,,Person_5927,2,Fuenlabrada,
HH_2334,Person_5927,male,56,55-59,,,Person_5926,0,Fuenlabrada,
HH_2335,Person_5928,female,46,45-49,,,,0,,Madrid
HH_2335,Person_5929,male,82,80-84,,,,0,,
HH_2336,Person_5930,male,89,85-89,,,,0,Derry Irish Tavern,
HH_2336,Person_5931,male,96,95-99,,,,0,Derry Irish Tavern,
HH_2337,Person_5932,female,23,20-24,,Person_5934,,0,,Madrid
HH_2337,Person_5933,male,26,25-29,,Person_5934,,0,,
HH_2337,Person_5934,female,70,70-74,,,Person_5935,2,,
HH_2337,Person_5935,female,91,90-94,,,Person_5934,0,,
HH_2338,Person_5936,female,14,10-14,Person_5938,,,0,,
HH_2338,Person_5937,male,29,25-29,Person_5938,,,0,,Biblioteca Rey Pastor
HH_2338,Person_5938,male,66,65-69,,,Person_5939,2,,
HH_2338,Person_5939,male,53,50-54,,,Person_5938,0,,Madrid
HH_2339,Person_5940,female,21,20-24,,Person_5941,,0,Fuenlabrada,
HH_2339,Person_5941,female,46,45-49,,,Person_5942,1,Fuenlabrada,
HH_2339,Person_5942,female,51,50-54,,,Person_5941,0,Fuenlabrada,
HH_2340,Person_5943,male,78,75-79,,,,0,Madrid,
HH_2340,Person_5944,male,29,25-29,,,,0,Madrid,Edificio Agustín de Betancourt
HH_2341,Person_5945,female,99,95-99,,,,0,,
HH_2342,Person_5946,male,14,10-14,,Person_5947,,0,,
HH_2342,Person_5947,female,43,40-44,,,Person_5948,1,,Madrid
HH_2342,Person_5948,female,44,40-44,,,Person_5947,0,,Extremadura
HH_2343,Person_5949,male,27,25-29,,,,0,,
HH_2343,Person_5950,female,65,65-69,,,,0,,
HH_2344,Person_5951,female,14,10-14,,Person_5953,,0,Madrid,
HH_2344,Person_5952,male,35,35-39,,Person_5953,,0,Madrid,
HH_2344,Person_5953,female,66,65-69,,,Person_5954,2,Madrid,
HH_2344,Person_5954,female,74,70-74,,,Person_5953,0,Madrid,
HH_2345,Person_5955,female,74,70-74,,,,0,Fuenlabrada,
HH_2346,Person_5956,female,27,25-29,Person_5957,,,0,,Madrid
HH_2346,Person_5957,male,69,65-69,,,Person_5958,1,,
HH_2346,Person_5958,male,63,60-64,,,Person_5957,0,,Madrid
HH_2347,Person_5959,male,19,15-19,Person_5961,,,0,Fuenlabrada,
HH_2347,Person_5960,male,27,25-29,Person_5961,,,0,Fuenlabrada,
HH_2347,Person_5961,male,66,65-69,,,Person_5962,2,Fuenlabrada,
HH_2347,Person_5962,male,67,65-69,,,Person_5961,0,Fuenlabrada,
HH_2348,Person_5963,female,3,0-4,Person_5964,,,0,,
HH_2348,Person_5964,male,33,30-34,,,Person_5965,1,,
HH_2348,Person_5965,male,31,30-34,,,Person_5964,0,,Madrid
HH_2349,Person_5966,female,3,0-4,Person_5967,,,0,Madrid,
HH_2349,Person_5967,male,28,25-29,,,,1,Madrid,Biblioteca Rey Pastor
HH_2350,Person_5968,male,13,10-14,,Person_5970,,0,Madrid,
HH_2350,Person_5969,male,23,20-24,,Person_5970,,0,Madrid,
HH_2350,Person_5970,female,64,60-64,,,,2,Madrid,
HH_2351,Person_5971,female,11,10-14,Person_5973,,,0,Extremadura,
HH_2351,Person_5972,male,28,25-29,Person_5973,,,0,Extremadura,
HH_2351,Person_5973,male,65,65-69,,,Person_5974,2,Extremadura,
HH_2351,Person_5974,male,51,50-54,,,Person_5973,0,Extremadura,
HH_2352,Person_5975,female,7,5-9,,Person_5977,,0,Madrid,
HH_2352,Person_5976,male,25,25-29,,Person_5977,,0,Madrid,Parque Científico de la Universidad Carlos III de Madrid
HH_2352,Person_5977,female,57,55-59,,,Person_5978,2,Madrid,
HH_2352,Person_5978,female,96,95-99,,,Person_5977,0,Madrid,
HH_2353,Person_5979,male,22,20-24,,Person_5981,,0,,
HH_2353,Person_5980,female,27,25-29,,Person_5981,,0,,Madrid
HH_2353,Person_5981,female,72,70-74,,,Person_5982,2,,
HH_2353,Person_5982,female,86,85-89,,,Person_5981,0,,
HH_2354,Person_5983,female,98,95-99,,,,0,,
HH_2355,Person_5984,male,23,20-24,,Person_5986,,0,,Madrid
HH_2355,Person_5985,male,25,25-29,,Person_5986,,0,,Edificio Torres Quevedo
HH_2355,Person_5986,female,69,65-69,,,,2,,
HH_2356,Person_5987,male,94,90-94,,,,0,,
HH_2357,Person_5988,male,92,90-94,,,,0,,
HH_2357,Person_5989,female,54,50-54,,,,0,,Madrid
HH_2358,Person_5990,female,94,90-94,,,,0,Madrid,
HH_2358,Person_5991,female,64,60-64,,,,0,Madrid,
HH_2359,Person_5992,male,39,35-39,,,,0,Madrid,
HH_2360,Person_5993,female,89,85-89,,,,0,,
HH_2361,Person_5994,female,19,15-19,Person_5996,,,0,,Getafe norte
HH_2361,Person_5995,female,33,30-34,Person_5996,,,0,,Madrid
HH_2361,Person_5996,male,49,45-49,,,Person_5997,2,,Madrid
HH_2361,Person_5997,male,41,40-44,,,Person_5996,0,,Madrid
HH_2362,Person_5998,female,13,10-14,,Person_6001,,0,,
HH_2362,Person_5999,female,1,0-4,,Person_6001,,0,,
HH_2362,Person_6000,male,11,10-14,,Person_6001,,0,,
HH_2362,Person_6001,female,28,25-29,,,,3,,
HH_2363,Person_6002,female,5,5-9,Person_6006,,,0,Madrid,
HH_2363,Person_6003,male,7,5-9,Person_6006,,,0,Madrid,
HH_2363,Person_6004,female,12,10-14,Person_6006,,,0,Madrid,Edificio Juan de Mairena
HH_2363,Person_6005,male,14,10-14,Person_6006,,,0,Madrid,
HH_2363,Person_6006,male,49,45-49,,,,4,Madrid,
HH_2364,Person_6007,female,21,20-24,,Person_6008,,0,Ayuntamiento de Leganés,Madrid
HH_2364,Person_6008,female,40,40-44,,,Person_6009,1,Ayuntamiento de Leganés,Madrid
HH_2364,Person_6009,female,44,40-44,,,Person_6008,0,Ayuntamiento de Leganés,Madrid
HH_2365,Person_6010,female,22,20-24,,Person_6011,,0,,
HH_2365,Person_6011,female,55,55-59,,,Person_6012,1,,Madrid
HH_2365,Person_6012,female,95,95-99,,,Person_6011,0,,
HH_2366,Person_6013,male,34,30-34,,,,0,Madrid,
HH_2367,Person_6014,male,13,10-14,Person_6017,,,0,Madrid,
HH_2367,Person_6015,male,8,5-9,Person_6017,,,0,Madrid,
HH_2367,Person_6016,male,15,15-19,Person_6017,,,0,Madrid,
HH_2367,Person_6017,male,40,40-44,,,Person_6018,3,Madrid,
HH_2367,Person_6018,male,42,40-44,,,Person_6017,0,Madrid,
HH_2368,Person_6019,female,19,15-19,,,,0,,Getafe norte
HH_2368,Person_6020,male,29,25-29,,,,0,,
HH_2369,Person_6021,female,7,5-9,Person_6025,,,0,Fuenlabrada,
HH_2369,Person_6022,female,14,10-14,Person_6025,,,0,Fuenlabrada,
HH_2369,Person_6023,female,13,10-14,Person_6025,,,0,Fuenlabrada,
HH_2369,Person_6024,female,8,5-9,Person_6025,,,0,Fuenlabrada,
HH_2369,Person_6025,male,41,40-44,,,,4,Fuenlabrada,Ayuntamiento de Leganés
HH_2370,Person_6026,female,1,0-4,Person_6028,,,0,Delegación de Hacienda,Escuela Infantil Rosa Caramelo
HH_2370,Person_6027,male,34,30-34,Person_6028,,,0,Delegación de Hacienda,Madrid
HH_2370,Person_6028,male,60,60-64,,,Person_6029,2,Delegación de Hacienda,Madrid
HH_2370,Person_6029,male,48,45-49,,,Person_6028,0,Delegación de Hacienda,Madrid
HH_2371,Person_6030,female,40,40-44,,,,0,,Alcorcon
HH_2371,Person_6031,male,31,30-34,,,,0,,
HH_2372,Person_6032,female,20,20-24,Person_6034,,,0,,Edificio Torres Quevedo
HH_2372,Person_6033,male,29,25-29,Person_6034,,,0,,Madrid
HH_2372,Person_6034,male,55,55-59,,,Person_6035,2,,Madrid
HH_2372,Person_6035,male,56,55-59,,,Person_6034,0,,
HH_2373,Person_6036,male,1,0-4,Person_6038,,,0,Madrid,Escuela Infantil Rosa Caramelo
HH_2373,Person_6037,female,29,25-29,Person_6038,,,0,Madrid,
HH_2373,Person_6038,male,54,50-54,,,Person_6039,2,Madrid,
HH_2373,Person_6039,male,59,55-59,,,Person_6038,0,Madrid,
HH_2374,Person_6040,male,41,40-44,Person_6041,,,0,,Getafe norte
HH_2374,Person_6041,male,69,65-69,,,Person_6042,1,,
HH_2374,Person_6042,male,57,55-59,,,Person_6041,0,,Getafe norte
HH_2375,Person_6043,male,18,15-19,Person_6045,,,0,,Edificio Juan Benet
HH_2375,Person_6044,male,27,25-29,Person_6045,,,0,,
HH_2375,Person_6045,male,54,50-54,,,Person_6046,2,,Madrid
HH_2375,Person_6046,male,46,45-49,,,Person_6045,0,,
HH_2376,Person_6047,female,91,90-94,,,,0,,
HH_2376,Person_6048,female,45,45-49,,,,0,,Madrid
HH_2377,Person_6049,male,9,5-9,Person_6050,,,0,Madrid,
HH_2377,Person_6050,male,35,35-39,,,Person_6051,1,Madrid,
HH_2377,Person_6051,male,38,35-39,,,Person_6050,0,Madrid,
HH_2378,Person_6052,male,56,55-59,,,,0,,Madrid
HH_2378,Person_6053,male,19,15-19,,,,0,,Extremadura
HH_2379,Person_6054,female,12,10-14,Person_6056,,,0,Getafe norte,
HH_2379,Person_6055,male,29,25-29,Person_6056,,,0,Getafe norte,
HH_2379,Person_6056,male,61,60-64,,,Person_6057,2,Getafe norte,
HH_2379,Person_6057,male,49,45-49,,,Person_6056,0,Getafe norte,
HH_2380,Person_6058,male,49,45-49,,,,0,Madrid,
HH_2381,Person_6059,male,11,10-14,,Person_6063,,0,,
HH_2381,Person_6060,male,17,15-19,,Person_6063,,0,,
HH_2381,Person_6061,female,19,15-19,,Person_6063,,0,,
HH_2381,Person_6062,male,0,0-4,,Person_6063,,0,,
HH_2381,Person_6063,female,49,45-49,,,,4,,Madrid
HH_2382,Person_6064,female,15,15-19,,Person_6066,,0,Fuenlabrada,
HH_2382,Person_6065,male,31,30-34,,Person_6066,,0,Fuenlabrada,guardería
HH_2382,Person_6066,female,50,50-54,,,Person_6067,2,Fuenlabrada,
HH_2382,Person_6067,female,55,55-59,,,Person_6066,0,Fuenlabrada,
HH_2383,Person_6068,female,26,25-29,Person_6069,,,0,,
HH_2383,Person_6069,male,64,60-64,,,,1,,Madrid
HH_2384,Person_6070,male,14,10-14,,Person_6071,,0,,
HH_2384,Person_6071,female,32,30-34,,,Person_6072,1,,Madrid
HH_2384,Person_6072,female,39,35-39,,,Person_6071,0,,
HH_2385,Person_6073,female,78,75-79,,,,0,,
HH_2385,Person_6074,female,70,70-74,,,,0,,
HH_2385,Person_6075,female,48,45-49,,,,0,,
HH_2385,Person_6076,male,90,90-94,,,,0,,
HH_2386,Person_6077,female,11,10-14,Person_6078,,,0,,
HH_2386,Person_6078,male,42,40-44,,,,1,,Madrid
HH_2387,Person_6079,female,36,35-39,,,,0,,Madrid
HH_2388,Person_6080,male,55,55-59,,,,0,,Fuenlabrada
HH_2388,Person_6081,male,65,65-69,,,,0,,
HH_2389,Person_6082,female,2,0-4,,Person_6084,,0,,
HH_2389,Person_6083,male,27,25-29,,Person_6084,,0,,Extremadura
HH_2389,Person_6084,female,53,50-54,,,Person_6085,2,,Madrid
HH_2389,Person_6085,female,57,55-59,,,Person_6084,0,,Madrid
HH_2390,Person_6086,male,30,30-34,,,,0,,Madrid
HH_2390,Person_6087,male,89,85-89,,,,0,,
HH_2390,Person_6088,male,92,90-94,,,,0,,
HH_2391,Person_6089,male,40,40-44,,,,0,Madrid,
HH_2391,Person_6090,male,45,45-49,,,,0,Madrid,Sánchez Elez Sanabria
HH_2391,Person_6091,female,59,55-59,,,,0,Madrid,
HH_2391,Person_6092,male,41,40-44,,,,0,Madrid,Disagar
HH_2392,Person_6093,female,25,25-29,Person_6094,,,0,,Madrid
HH_2392,Person_6094,male,63,60-64,,,Person_6095,1,,Madrid
HH_2392,Person_6095,male,52,50-54,,,Person_6094,0,,
HH_2393,Person_6096,male,61,60-64,,,,0,Madrid,
HH_2394,Person_6097,female,32,30-34,,Person_6099,,0,,Mostoles
HH_2394,Person_6098,female,25,25-29,,Person_6099,,0,,Parque Científico de la Universidad Carlos III de Madrid
HH_2394,Person_6099,female,47,45-49,,,Person_6100,2,,Madrid
HH_2394,Person_6100,female,54,50-54,,,Person_6099,0,,Madrid
HH_2395,Person_6101,female,16,15-19,,Person_6102,,0,,
HH_2395,Person_6102,female,49,45-49,,,Person_6103,1,,Madrid
HH_2395,Person_6103,female,47,45-49,,,Person_6102,0,,Madrid
HH_2396,Person_6104,male,58,55-59,,,,0,,
HH_2397,Person_6105,male,48,45-49,,,,0,,Madrid
HH_2397,Person_6106,female,79,75-79,,,,0,,
HH_2398,Person_6107,female,69,65-69,,,,0,,
HH_2398,Person_6108,female,88,85-89,,,,0,,
HH_2399,Person_6109,female,65,65-69,Person_6111,,,0,,
HH_2399,Person_6110,female,28,25-29,Person_6111,,,0,,Madrid
HH_2399,Person_6111,male,97,95-99,,,Person_6112,2,,
HH_2399,Person_6112,male,49,45-49,,,Person_6111,0,,Madrid
HH_2400,Person_6113,male,22,20-24,Person_6114,,,0,,
HH_2400,Person_6114,male,48,45-49,,,,1,,Madrid
HH_2401,Person_6115,male,22,20-24,,,,0,Madrid,Edificio Juan Benet
HH_2402,Person_6116,male,42,40-44,,,,0,,Madrid
HH_2402,Person_6117,female,80,80-84,,,,0,,
HH_2403,Person_6118,female,9,5-9,,Person_6119,,0,Madrid,
HH_2403,Person_6119,female,36,35-39,,,Person_6120,1,Madrid,
HH_2403,Person_6120,female,41,40-44,,,Person_6119,0,Madrid,
HH_2404,Person_6121,female,32,30-34,,Person_6123,,0,Fuenlabrada,
HH_2404,Person_6122,female,36,35-39,,Person_6123,,0,Fuenlabrada,Espaço Casa
HH_2404,Person_6123,female,65,65-69,,,Person_6124,2,Fuenlabrada,
HH_2404,Person_6124,female,51,50-54,,,Person_6123,0,Fuenlabrada,
HH_2405,Person_6125,male,2,0-4,,Person_6126,,0,,
HH_2405,Person_6126,female,32,30-34,,,Person_6127,1,,Madrid
HH_2405,Person_6127,female,28,25-29,,,Person_6126,0,,Edificio Agustín de Betancourt
HH_2406,Person_6128,female,0,0-4,Person_6129,,,0,Hotel de Asociaciones,Escuela Infantil Rosa Caramelo
HH_2406,Person_6129,male,35,35-39,,,Person_6130,1,Hotel de Asociaciones,
HH_2406,Person_6130,male,37,35-39,,,Person_6129,0,Hotel de Asociaciones,Madrid
HH_2407,Person_6131,female,62,60-64,,,,0,,Madrid
HH_2408,Person_6132,female,20,20-24,,,,0,,
HH_2409,Person_6133,male,82,80-84,,,,0,Mostoles,
HH_2409,Person_6134,female,58,55-59,,,,0,Mostoles,
HH_2410,Person_6135,male,5,5-9,Person_6139,,,0,,
HH_2410,Person_6136,male,12,10-14,Person_6139,,,0,,
HH_2410,Person_6137,female,4,0-4,Person_6139,,,0,,
HH_2410,Person_6138,male,7,5-9,Person_6139,,,0,,
HH_2410,Person_6139,male,42,40-44,,,,4,,Madrid
HH_2411,Person_6140,male,59,55-59,,,,0,,Madrid
HH_2411,Person_6141,female,20,20-24,,,,0,,Madrid
HH_2412,Person_6142,female,21,20-24,Person_6144,,,0,Madrid,
HH_2412,Person_6143,male,34,30-34,Person_6144,,,0,Madrid,
HH_2412,Person_6144,male,77,75-79,,,Person_6145,2,Madrid,
HH_2412,Person_6145,male,70,70-74,,,Person_6144,0,Madrid,
HH_2413,Person_6146,male,79,75-79,,,,0,,
HH_2414,Person_6147,female,97,95-99,,,,0,,
HH_2414,Person_6148,male,78,75-79,,,,0,,
HH_2415,Person_6149,male,8,5-9,Person_6152,,,0,,
HH_2415,Person_6150,female,15,15-19,Person_6152,,,0,,guardería
HH_2415,Person_6151,female,3,0-4,Person_6152,,,0,,
HH_2415,Person_6152,male,51,50-54,,,Person_6153,3,,Madrid
HH_2415,Person_6153,male,55,55-59,,,Person_6152,0,,Madrid
HH_2416,Person_6154,male,14,10-14,Person_6156,,,0,,
HH_2416,Person_6155,female,35,35-39,Person_6156,,,0,,Madrid
HH_2416,Person_6156,male,63,60-64,,,Person_6157,2,,McFit
HH_2416,Person_6157,male,33,30-34,,,Person_6156,0,,
HH_2417,Person_6158,male,39,35-39,,Person_6159,,0,,Madrid
HH_2417,Person_6159,female,56,55-59,,,Person_6160,1,,Madrid
HH_2417,Person_6160,female,56,55-59,,,Person_6159,0,,
HH_2418,Person_6161,female,96,95-99,,,,0,,
HH_2418,Person_6162,female,68,65-69,,,,0,,
HH_2419,Person_6163,female,87,85-89,,,,0,,
HH_2420,Person_6164,male,18,15-19,,Person_6167,,0,,Edificio Torres Quevedo
HH_2420,Person_6165,male,13,10-14,,Person_6167,,0,,Escuela Municipal de Música Manuel Rodríguez Sales
HH_2420,Person_6166,female,3,0-4,,Person_6167,,0,,
HH_2420,Person_6167,female,52,50-54,,,,3,,Madrid
HH_2421,Person_6168,male,12,10-14,Person_6170,,,0,Madrid,
HH_2421,Person_6169,female,33,30-34,Person_6170,,,0,Madrid,
HH_2421,Person_6170,male,49,45-49,,,Person_6171,2,Madrid,Representaciones Fegadisa SL
HH_2421,Person_6171,male,43,40-44,,,Person_6170,0,Madrid,
HH_2422,Person_6172,female,95,95-99,,,,0,Madrid,
HH_2422,Person_6173,male,21,20-24,,,,0,Madrid,Edificio Torres Quevedo
HH_2423,Person_6174,male,19,15-19,,,,0,,Madrid
HH_2423,Person_6175,female,90,90-94,,,,0,,
HH_2423,Person_6176,female,63,60-64,,,,0,,Madrid
HH_2423,Person_6177,male,96,95-99,,,,0,,
HH_2423,Person_6178,female,41,40-44,,,,0,,Madrid
HH_2424,Person_6179,male,99,95-99,,,,0,,
HH_2425,Person_6180,female,25,25-29,Person_6182,,,0,,Edificio Juan Benet
HH_2425,Person_6181,male,25,25-29,Person_6182,,,0,,Madrid
HH_2425,Person_6182,male,41,40-44,,,Person_6183,2,,
HH_2425,Person_6183,male,36,35-39,,,Person_6182,0,,Madrid
HH_2426,Person_6184,female,24,20-24,,,,0,,Edificio Sabatini
HH_2426,Person_6185,male,19,15-19,,,,0,,
HH_2427,Person_6186,male,41,40-44,,Person_6187,,0,,
HH_2427,Person_6187,female,59,55-59,,,Person_6188,1,,Madrid
HH_2427,Person_6188,female,49,45-49,,,Person_6187,0,,Madrid
HH_2428,Person_6189,female,20,20-24,Person_6191,,,0,,Madrid
HH_2428,Person_6190,female,34,30-34,Person_6191,,,0,,Alcorcon
HH_2428,Person_6191,male,78,75-79,,,Person_6192,2,,
HH_2428,Person_6192,male,56,55-59,,,Person_6191,0,,Getafe norte
HH_2429,Person_6193,male,26,25-29,Person_6194,,,0,,
HH_2429,Person_6194,male,55,55-59,,,Person_6195,1,,Fuenlabrada
HH_2429,Person_6195,male,48,45-49,,,Person_6194,0,,Fuenlabrada
HH_2430,Person_6196,female,50,50-54,,,,0,Madrid,
HH_2430,Person_6197,male,80,80-84,,,,0,Madrid,
HH_2431,Person_6198,female,21,20-24,Person_6202,,,0,,Edificio Juan Benet
HH_2431,Person_6199,female,25,25-29,Person_6202,,,0,,
HH_2431,Person_6200,female,18,15-19,Person_6202,,,0,,Madrid
HH_2431,Person_6201,female,24,20-24,Person_6202,,,0,,Madrid
HH_2431,Person_6202,male,51,50-54,,,,4,,Madrid
HH_2432,Person_6203,female,83,80-84,,,,0,,
HH_2433,Person_6204,female,42,40-44,Person_6205,,,0,Getafe norte,
HH_2433,Person_6205,male,80,80-84,,,,1,Getafe norte,
HH_2434,Person_6206,female,65,65-69,,,,0,,
HH_2435,Person_6207,male,44,40-44,,,,0,,Madrid
HH_2436,Person_6208,female,6,5-9,Person_6209,,,0,,
HH_2436,Person_6209,male,31,30-34,,,Person_6210,1,,Madrid
HH_2436,Person_6210,male,34,30-34,,,Person_6209,0,,
HH_2437,Person_6211,male,72,70-74,,,,0,,
HH_2438,Person_6212,male,49,45-49,,,,0,,Madrid
HH_2439,Person_6213,female,97,95-99,,,,0,La Plaza Leganés,
HH_2440,Person_6214,female,70,70-74,,,,0,,
HH_2440,Person_6215,male,69,65-69,,,,0,,
HH_2441,Person_6216,female,36,35-39,,Person_6217,,0,Madrid,
HH_2441,Person_6217,female,55,55-59,,,,1,Madrid,
HH_2442,Person_6218,female,20,20-24,Person_6219,,,0,,Getafe norte
HH_2442,Person_6219,male,46,45-49,,,Person_6220,1,,
HH_2442,Person_6220,male,54,50-54,,,Person_6219,0,,
HH_2443,Person_6221,male,11,10-14,,Person_6223,,0,Madrid,
HH_2443,Person_6222,female,6,5-9,,Person_6223,,0,Madrid,
HH_2443,Person_6223,female,39,35-39,,,,2,Madrid,
HH_2444,Person_6224,female,22,20-24,Person_6226,,,0,,
HH_2444,Person_6225,female,25,25-29,Person_6226,,,0,,Madrid
HH_2444,Person_6226,male,42,40-44,,,Person_6227,2,,Getafe norte
HH_2444,Person_6227,male,36,35-39,,,Person_6226,0,,Madrid
HH_2445,Person_6228,female,6,5-9,Person_6230,,,0,,
HH_2445,Person_6229,male,13,10-14,Person_6230,,,0,,
HH_2445,Person_6230,male,46,45-49,,,,2,,Madrid
HH_2446,Person_6231,male,20,20-24,,Person_6233,,0,,
HH_2446,Person_6232,female,13,10-14,,Person_6233,,0,,
HH_2446,Person_6233,female,48,45-49,,,,2,,Madrid
HH_2447,Person_6234,male,0,0-4,,Person_6236,,0,,
HH_2447,Person_6235,male,27,25-29,,Person_6236,,0,,Biblioteca Rey Pastor
HH_2447,Person_6236,female,68,65-69,,,Person_6237,2,,
HH_2447,Person_6237,female,96,95-99,,,Person_6236,0,,
HH_2448,Person_6238,male,44,40-44,,,,0,,Madrid
HH_2449,Person_6239,female,97,95-99,,,,0,,
HH_2450,Person_6240,female,68,65-69,,Person_6241,,0,Fuenlabrada,
HH_2450,Person_6241,female,93,90-94,,,,1,Fuenlabrada,
HH_2451,Person_6242,female,44,40-44,,,,0,,Madrid
HH_2451,Person_6243,male,61,60-64,,,,0,,
HH_2452,Person_6244,male,69,65-69,,,,0,,
HH_2452,Person_6245,female,40,40-44,,,,0,,Madrid
HH_2453,Person_6246,male,15,15-19,,Person_6247,,0,Madrid,
HH_2453,Person_6247,female,55,55-59,,,Person_6248,1,Madrid,
HH_2453,Person_6248,female,74,70-74,,,Person_6247,0,Madrid,
HH_2454,Person_6249,female,25,25-29,Person_6250,,,0,,Madrid
HH_2454,Person_6250,male,65,65-69,,,,1,,
HH_2455,Person_6251,female,43,40-44,,Person_6253,,0,,Madrid
HH_2455,Person_6252,female,31,30-34,,Person_6253,,0,,Mostoles
HH_2455,Person_6253,female,63,60-64,,,Person_6254,2,,Getafe norte
HH_2455,Person_6254,female,65,65-69,,,Person_6253,0,,
HH_2456,Person_6255,male,86,85-89,,,,0,,
HH_2456,Person_6256,female,31,30-34,,,,0,,Madrid
HH_2457,Person_6257,male,32,30-34,Person_6258,,,0,,
HH_2457,Person_6258,male,58,55-59,,,,1,,Madrid
HH_2458,Person_6259,female,31,30-34,,Person_6260,,0,,Fuenlabrada
HH_2458,Person_6260,female,57,55-59,,,Person_6261,1,,Getafe norte
HH_2458,Person_6261,female,82,80-84,,,Person_6260,0,,
HH_2459,Person_6262,female,7,5-9,Person_6263,,,0,,
HH_2459,Person_6263,male,33,30-34,,,Person_6264,1,,Fuenlabrada
HH_2459,Person_6264,male,28,25-29,,,Person_6263,0,,Fuenlabrada
HH_2460,Person_6265,female,59,55-59,,,,0,,Madrid
HH_2460,Person_6266,female,68,65-69,,,,0,,
HH_2461,Person_6267,female,22,20-24,,Person_6269,,0,,Edificio Torres Quevedo
HH_2461,Person_6268,male,17,15-19,,Person_6269,,0,,
HH_2461,Person_6269,female,60,60-64,,,,2,,Madrid
HH_2462,Person_6270,male,14,10-14,,Person_6274,,0,,
HH_2462,Person_6271,female,1,0-4,,Person_6274,,0,,Escuela Infantil Rosa Caramelo
HH_2462,Person_6272,female,19,15-19,,Person_6274,,0,,
HH_2462,Person_6273,male,1,0-4,,Person_6274,,0,,
HH_2462,Person_6274,female,50,50-54,,,,4,,Madrid
HH_2463,Person_6275,male,10,10-14,,Person_6278,,0,,
HH_2463,Person_6276,female,20,20-24,,Person_6278,,0,,Parque Científico de la Universidad Carlos III de Madrid
HH_2463,Person_6277,female,17,15-19,,Person_6278,,0,,
HH_2463,Person_6278,female,56,55-59,,,,3,,Madrid
HH_2464,Person_6279,male,23,20-24,Person_6281,,,0,,Parque Científico de la Universidad Carlos III de Madrid
HH_2464,Person_6280,female,10,10-14,Person_6281,,,0,,
HH_2464,Person_6281,male,52,50-54,,,,2,,Madrid
HH_2465,Person_6282,male,24,20-24,,,,0,REPALAB,Parque Científico de la Universidad Carlos III de Madrid
HH_2466,Person_6283,female,82,80-84,,,,0,,
HH_2467,Person_6284,female,34,30-34,Person_6285,,,0,,Madrid
HH_2467,Person_6285,male,62,60-64,,,Person_6286,1,,Madrid
HH_2467,Person_6286,male,86,85-89,,,Person_6285,0,,
HH_2468,Person_6287,male,2,0-4,Person_6289,,,0,Getafe norte,
HH_2468,Person_6288,male,28,25-29,Person_6289,,,0,Getafe norte,Biblioteca Rey Pastor
HH_2468,Person_6289,male,55,55-59,,,Person_6290,2,Getafe norte,
HH_2468,Person_6290,male,56,55-59,,,Person_6289,0,Getafe norte,
HH_2469,Person_6291,male,17,15-19,,Person_6293,,0,,
HH_2469,Person_6292,female,4,0-4,,Person_6293,,0,,
HH_2469,Person_6293,female,44,40-44,,,,2,,Madrid
HH_2470,Person_6294,female,23,20-24,Person_6296,,,0,,
HH_2470,Person_6295,male,26,25-29,Person_6296,,,0,,Madrid
HH_2470,Person_6296,male,54,50-54,,,Person_6297,2,,Madrid
HH_2470,Person_6297,male,44,40-44,,,Person_6296,0,,Madrid
HH_2471,Person_6298,female,13,10-14,,Person_6302,,0,,
HH_2471,Person_6299,female,9,5-9,,Person_6302,,0,,guardería
HH_2471,Person_6300,female,4,0-4,,Person_6302,,0,,
HH_2471,Person_6301,female,4,0-4,,Person_6302,,0,,
HH_2471,Person_6302,female,42,40-44,,,,4,,Madrid
HH_2472,Person_6303,female,85,85-89,,,,0,Mostoles,
HH_2472,Person_6304,male,71,70-74,,,,0,Mostoles,
HH_2473,Person_6305,male,13,10-14,Person_6307,,,0,Madrid,
HH_2473,Person_6306,male,28,25-29,Person_6307,,,0,Madrid,
HH_2473,Person_6307,male,61,60-64,,,Person_6308,2,Madrid,
HH_2473,Person_6308,male,57,55-59,,,Person_6307,0,Madrid,
HH_2474,Person_6309,male,19,15-19,Person_6310,,,0,Mostoles,Edificio Torres Quevedo
HH_2474,Person_6310,male,55,55-59,,,Person_6311,1,Mostoles,
HH_2474,Person_6311,male,34,30-34,,,Person_6310,0,Mostoles,
HH_2475,Person_6312,male,23,20-24,Person_6314,,,0,Fuenlabrada,Parque Científico de la Universidad Carlos III de Madrid
HH_2475,Person_6313,male,33,30-34,Person_6314,,,0,Fuenlabrada,
HH_2475,Person_6314,male,63,60-64,,,Person_6315,2,Fuenlabrada,
HH_2475,Person_6315,male,51,50-54,,,Person_6314,0,Fuenlabrada,
HH_2476,Person_6316,male,33,30-34,,,,0,,Madrid
HH_2476,Person_6317,female,55,55-59,,,,0,,Madrid
HH_2476,Person_6318,female,75,75-79,,,,0,,
HH_2476,Person_6319,male,80,80-84,,,,0,,
HH_2477,Person_6320,female,26,25-29,,Person_6321,,0,,Madrid
HH_2477,Person_6321,female,67,65-69,,,Person_6322,1,,
HH_2477,Person_6322,female,61,60-64,,,Person_6321,0,,Madrid
HH_2478,Person_6323,female,11,10-14,,Person_6327,,0,Mostoles,
HH_2478,Person_6324,female,16,15-19,,Person_6327,,0,Mostoles,
HH_2478,Person_6325,female,10,10-14,,Person_6327,,0,Mostoles,
HH_2478,Person_6326,male,18,15-19,,Person_6327,,0,Mostoles,
HH_2478,Person_6327,female,43,40-44,,,,4,Mostoles,
HH_2479,Person_6328,male,1,0-4,Person_6331,,,0,Madrid,
HH_2479,Person_6329,male,3,0-4,Person_6331,,,0,Madrid,Escuela Infantil Rosa Caramelo
HH_2479,Person_6330,male,8,5-9,Person_6331,,,0,Madrid,
HH_2479,Person_6331,male,52,50-54,,,Person_6332,3,Madrid,
HH_2479,Person_6332,male,39,35-39,,,Person_6331,0,Madrid,
HH_2480,Person_6333,female,92,90-94,,,,0,,
HH_2481,Person_6334,male,6,5-9,,Person_6335,,0,,
HH_2481,Person_6335,female,43,40-44,,,,1,,
HH_2482,Person_6336,male,22,20-24,,Person_6337,,0,,Edificio Agustín de Betancourt
HH_2482,Person_6337,female,64,60-64,,,Person_6338,1,,Madrid
HH_2482,Person_6338,female,77,75-79,,,Person_6337,0,,
HH_2483,Person_6339,female,73,70-74,,,,0,,
HH_2483,Person_6340,female,99,95-99,,,,0,,
HH_2483,Person_6341,female,83,80-84,,,,0,,
HH_2484,Person_6342,male,23,20-24,,,,0,,
HH_2485,Person_6343,female,70,70-74,,,,0,,
HH_2485,Person_6344,male,50,50-54,,,,0,,Madrid
HH_2486,Person_6345,female,30,30-34,Person_6346,,,0,Alcorcon,
HH_2486,Person_6346,male,57,55-59,,,Person_6347,1,Alcorcon,
HH_2486,Person_6347,male,69,65-69,,,Person_6346,0,Alcorcon,
HH_2487,Person_6348,male,22,20-24,Person_6350,,,0,,
HH_2487,Person_6349,female,33,30-34,Person_6350,,,0,,Madrid
HH_2487,Person_6350,male,61,60-64,,,Person_6351,2,,Madrid
HH_2487,Person_6351,male,67,65-69,,,Person_6350,0,,
HH_2488,Person_6352,female,24,20-24,Person_6354,,,0,Fuenlabrada,Edificio Agustín de Betancourt
HH_2488,Person_6353,female,8,5-9,Person_6354,,,0,Fuenlabrada,
HH_2488,Person_6354,male,57,55-59,,,,2,Fuenlabrada,
HH_2489,Person_6355,female,67,65-69,,,,0,,
HH_2490,Person_6356,female,66,65-69,Person_6358,,,0,Getafe norte,
HH_2490,Person_6357,male,36,35-39,Person_6358,,,0,Getafe norte,
HH_2490,Person_6358,male,95,95-99,,,Person_6359,2,Getafe norte,
HH_2490,Person_6359,male,56,55-59,,,Person_6358,0,Getafe norte,Subaru
HH_2491,Person_6360,female,86,85-89,,,,0,,
HH_2491,Person_6361,female,44,40-44,,,,0,,Madrid
HH_2492,Person_6362,female,84,80-84,,,,0,,
HH_2492,Person_6363,male,66,65-69,,,,0,,
HH_2493,Person_6364,male,41,40-44,Person_6365,,,0,Madrid,
HH_2493,Person_6365,male,75,75-79,,,,1,Madrid,
HH_2494,Person_6366,female,82,80-84,,,,0,Fuenlabrada,
HH_2494,Person_6367,female,84,80-84,,,,0,Fuenlabrada,
HH_2495,Person_6368,female,97,95-99,,,,0,,
HH_2496,Person_6369,female,1,0-4,Person_6373,,,0,,
HH_2496,Person_6370,female,6,5-9,Person_6373,,,0,,
HH_2496,Person_6371,male,1,0-4,Person_6373,,,0,,
HH_2496,Person_6372,male,5,5-9,Person_6373,,,0,,
HH_2496,Person_6373,male,34,30-34,,,,4,,Madrid
HH_2497,Person_6374,female,31,30-34,Person_6376,,,0,,
HH_2497,Person_6375,female,39,35-39,Person_6376,,,0,,Madrid
HH_2497,Person_6376,male,61,60-64,,,,2,,
HH_2498,Person_6377,male,11,10-14,,Person_6379,,0,,
HH_2498,Person_6378,female,35,35-39,,Person_6379,,0,,Madrid
HH_2498,Person_6379,female,68,65-69,,,Person_6380,2,,
HH_2498,Person_6380,female,52,50-54,,,Person_6379,0,,Madrid
HH_2499,Person_6381,male,54,50-54,,,,0,,Madrid
HH_2499,Person_6382,male,42,40-44,,,,0,,Alcorcon
HH_2500,Person_6383,female,3,0-4,Person_6384,,,0,Madrid,
HH_2500,Person_6384,male,38,35-39,,,Person_6385,1,Madrid,
HH_2500,Person_6385,male,27,25-29,,,Person_6384,0,Madrid,Fundación IMDEA Networks
HH_2501,Person_6386,female,86,85-89,,,,0,,
HH_2502,Person_6387,female,4,0-4,Person_6389,,,0,,Escuela Infantil Rosa Caramelo
HH_2502,Person_6388,male,30,30-34,Person_6389,,,0,,Mostoles
HH_2502,Person_6389,male,58,55-59,,,Person_6390,2,,Madrid
HH_2502,Person_6390,male,52,50-54,,,Person_6389,0,,Madrid
HH_2503,Person_6391,male,26,25-29,Person_6392,,,0,,Edificio Torres Quevedo
HH_2503,Person_6392,male,54,50-54,,,,1,,Madrid
HH_2504,Person_6393,female,27,25-29,,,,0,,Edificio Torres Quevedo
HH_2504,Person_6394,female,78,75-79,,,,0,,
HH_2505,Person_6395,male,1,0-4,Person_6396,,,0,,
HH_2505,Person_6396,male,33,30-34,,,Person_6397,1,,
HH_2505,Person_6397,male,30,30-34,,,Person_6396,0,,Edificio Agustín de Betancourt
HH_2506,Person_6398,female,38,35-39,Person_6400,,,0,,
HH_2506,Person_6399,male,38,35-39,Person_6400,,,0,,Madrid
HH_2506,Person_6400,male,69,65-69,,,,2,,
HH_2507,Person_6401,male,36,35-39,,,,0,,Madrid
HH_2507,Person_6402,female,40,40-44,,,,0,,Madrid
HH_2508,Person_6403,female,19,15-19,,Person_6405,,0,,Fundación IMDEA Networks
HH_2508,Person_6404,male,26,25-29,,Person_6405,,0,,
HH_2508,Person_6405,female,59,55-59,,,Person_6406,2,,Madrid
HH_2508,Person_6406,female,76,75-79,,,Person_6405,0,,
HH_2509,Person_6407,male,18,15-19,Person_6408,,,0,,
HH_2509,Person_6408,male,46,45-49,,,,1,,Madrid
HH_2510,Person_6409,female,72,70-74,,,,0,,
HH_2510,Person_6410,female,78,75-79,,,,0,,
HH_2510,Person_6411,female,21,20-24,,,,0,,
HH_2510,Person_6412,male,39,35-39,,,,0,,Getafe norte
HH_2511,Person_6413,female,16,15-19,Person_6414,,,0,,
HH_2511,Person_6414,male,56,55-59,,,Person_6415,1,,Madrid
HH_2511,Person_6415,male,44,40-44,,,Person_6414,0,,Madrid
HH_2512,Person_6416,female,61,60-64,,,,0,,Madrid
HH_2512,Person_6417,female,62,60-64,,,,0,,Madrid
HH_2513,Person_6418,female,46,45-49,,Person_6419,,0,,Madrid
HH_2513,Person_6419,female,64,60-64,,,Person_6420,1,,
HH_2513,Person_6420,female,50,50-54,,,Person_6419,0,,Madrid
HH_2514,Person_6421,male,20,20-24,,Person_6422,,0,,Madrid
HH_2514,Person_6422,female,39,35-39,,,,1,,
HH_2515,Person_6423,male,13,10-14,Person_6425,,,0,,
HH_2515,Person_6424,female,33,30-34,Person_6425,,,0,,Madrid
HH_2515,Person_6425,male,48,45-49,,,Person_6426,2,,Madrid
HH_2515,Person_6426,male,44,40-44,,,Person_6425,0,,Madrid
HH_2516,Person_6427,female,56,55-59,,,,0,,Alcorcon
HH_2516,Person_6428,female,96,95-99,,,,0,,
HH_2517,Person_6429,female,83,80-84,,,,0,Madrid,
HH_2518,Person_6430,female,20,20-24,,Person_6432,,0,,Edificio Juan Benet
HH_2518,Person_6431,female,25,25-29,,Person_6432,,0,,Edificio Sabatini
HH_2518,Person_6432,female,55,55-59,,,Person_6433,2,,Fuenlabrada
HH_2518,Person_6433,female,59,55-59,,,Person_6432,0,,Madrid
HH_2519,Person_6434,male,84,80-84,,,,0,,
HH_2519,Person_6435,male,79,75-79,,,,0,,
HH_2520,Person_6436,male,87,85-89,,,,0,,
HH_2520,Person_6437,male,64,60-64,,,,0,,Madrid
HH_2521,Person_6438,female,8,5-9,,Person_6440,,0,Mostoles,
HH_2521,Person_6439,female,27,25-29,,Person_6440,,0,Mostoles,Fundación IMDEA Networks
HH_2521,Person_6440,female,54,50-54,,,Person_6441,2,Mostoles,
HH_2521,Person_6441,female,53,50-54,,,Person_6440,0,Mostoles,
HH_2522,Person_6442,female,15,15-19,,Person_6443,,0,,Edificio Octavio Paz
HH_2522,Person_6443,female,30,30-34,,,,1,,Mostoles
HH_2523,Person_6444,male,70,70-74,,,,0,,
HH_2523,Person_6445,male,29,25-29,,,,0,,Madrid
HH_2524,Person_6446,female,33,30-34,Person_6447,,,0,,Fuenlabrada
HH_2524,Person_6447,male,65,65-69,,,Person_6448,1,,
HH_2524,Person_6448,male,65,65-69,,,Person_6447,0,,
HH_2525,Person_6449,male,15,15-19,,Person_6450,,0,,
HH_2525,Person_6450,female,30,30-34,,,,1,,Edificio Sabatini
HH_2526,Person_6451,female,6,5-9,,Person_6454,,0,,
HH_2526,Person_6452,male,11,10-14,,Person_6454,,0,,
HH_2526,Person_6453,male,16,15-19,,Person_6454,,0,,
HH_2526,Person_6454,female,50,50-54,,,,3,,Madrid
HH_2527,Person_6455,female,20,20-24,Person_6457,,,0,,
HH_2527,Person_6456,female,35,35-39,Person_6457,,,0,,Madrid
HH_2527,Person_6457,male,66,65-69,,,Person_6458,2,,
HH_2527,Person_6458,male,57,55-59,,,Person_6457,0,,Madrid
HH_2528,Person_6459,male,3,0-4,Person_6462,,,0,,Escuela Infantil Rosa Caramelo
HH_2528,Person_6460,female,3,0-4,Person_6462,,,0,,
HH_2528,Person_6461,female,13,10-14,Person_6462,,,0,,
HH_2528,Person_6462,male,44,40-44,,,,3,,Madrid
HH_2529,Person_6463,female,9,5-9,,Person_6464,,0,Fuenlabrada,Centro Ocupacional Juan Ramón Jiménez
HH_2529,Person_6464,female,34,30-34,,,,1,Fuenlabrada,
HH_2530,Person_6465,male,42,40-44,,,,0,Getafe norte,
HH_2530,Person_6466,male,56,55-59,,,,0,Getafe norte,
HH_2530,Person_6467,female,21,20-24,,,,0,Getafe norte,
HH_2531,Person_6468,male,81,80-84,,,,0,,
HH_2531,Person_6469,male,47,45-49,,,,0,,Madrid
HH_2532,Person_6470,female,10,10-14,Person_6474,,,0,Madrid,
HH_2532,Person_6471,female,5,5-9,Person_6474,,,0,Madrid,
HH_2532,Person_6472,male,6,5-9,Person_6474,,,0,Madrid,
HH_2532,Person_6473,female,0,0-4,Person_6474,,,0,Madrid,
HH_2532,Person_6474,male,41,40-44,,,,4,Madrid,
HH_2533,Person_6475,female,4,0-4,Person_6476,,,0,,
HH_2533,Person_6476,male,44,40-44,,,,1,,Madrid
HH_2534,Person_6477,female,98,95-99,,,,0,,
HH_2535,Person_6478,male,19,15-19,,,,0,Madrid,Fundación IMDEA Networks
HH_2536,Person_6479,female,56,55-59,,,,0,,Madrid
HH_2537,Person_6480,female,9,5-9,,Person_6483,,0,,
HH_2537,Person_6481,female,12,10-14,,Person_6483,,0,,
HH_2537,Person_6482,female,18,15-19,,Person_6483,,0,,Madrid
HH_2537,Person_6483,female,64,60-64,,,,3,,Madrid
HH_2538,Person_6484,female,25,25-29,,Person_6486,,0,,Madrid
HH_2538,Person_6485,male,26,25-29,,Person_6486,,0,,Madrid
HH_2538,Person_6486,female,63,60-64,,,Person_6487,2,,Madrid
HH_2538,Person_6487,female,99,95-99,,,Person_6486,0,,
HH_2539,Person_6488,male,42,40-44,,,,0,,Getafe norte
HH_2540,Person_6489,female,30,30-34,,Person_6490,,0,,
HH_2540,Person_6490,female,60,60-64,,,Person_6491,1,,Madrid
HH_2540,Person_6491,female,93,90-94,,,Person_6490,0,,
HH_2541,Person_6492,female,70,70-74,,,,0,Madrid,
HH_2541,Person_6493,male,59,55-59,,,,0,Madrid,
HH_2542,Person_6494,female,50,50-54,,,,0,,Madrid
HH_2543,Person_6495,female,79,75-79,,,,0,,
HH_2543,Person_6496,male,54,50-54,,,,0,,Getafe norte
HH_2543,Person_6497,female,50,50-54,,,,0,,Madrid
HH_2544,Person_6498,female,46,45-49,,,,0,,Madrid
HH_2545,Person_6499,female,14,10-14,,Person_6501,,0,,
HH_2545,Person_6500,female,0,0-4,,Person_6501,,0,,
HH_2545,Person_6501,female,52,50-54,,,,2,,Madrid
HH_2546,Person_6502,female,23,20-24,,Person_6504,,0,Fuenlabrada,
HH_2546,Person_6503,female,33,30-34,,Person_6504,,0,Fuenlabrada,
HH_2546,Person_6504,female,73,70-74,,,Person_6505,2,Fuenlabrada,
HH_2546,Person_6505,female,89,85-89,,,Person_6504,0,Fuenlabrada,
HH_2547,Person_6506,female,50,50-54,,,,0,,Madrid
HH_2547,Person_6507,male,35,35-39,,,,0,,Madrid
HH_2548,Person_6508,female,17,15-19,Person_6511,,,0,,
HH_2548,Person_6509,male,4,0-4,Person_6511,,,0,,
HH_2548,Person_6510,male,24,20-24,Person_6511,,,0,,Madrid
HH_2548,Person_6511,male,52,50-54,,,Person_6512,3,,Getafe norte
HH_2548,Person_6512,male,40,40-44,,,Person_6511,0,,
HH_2549,Person_6513,male,69,65-69,,,,0,,
HH_2550,Person_6514,male,26,25-29,,,,0,,Edificio Torres Quevedo
HH_2550,Person_6515,female,28,25-29,,,,0,,Parque Científico de la Universidad Carlos III de Madrid
HH_2551,Person_6516,female,75,75-79,,,,0,Fuenlabrada,
HH_2552,Person_6517,male,99,95-99,,,,0,Madrid,
HH_2552,Person_6518,female,89,85-89,,,,0,Madrid,
HH_2553,Person_6519,female,21,20-24,,,,0,,
HH_2554,Person_6520,female,17,15-19,,Person_6524,,0,,
HH_2554,Person_6521,male,16,15-19,,Person_6524,,0,,
HH_2554,Person_6522,female,12,10-14,,Person_6524,,0,,
HH_2554,Person_6523,male,19,15-19,,Person_6524,,0,,Edificio Sabatini
HH_2554,Person_6524,female,62,60-64,,,,4,,Madrid
HH_2555,Person_6525,female,65,65-69,,,,0,Fuenlabrada,
HH_2556,Person_6526,male,49,45-49,,,,0,,Madrid
HH_2556,Person_6527,female,78,75-79,,,,0,,
HH_2557,Person_6528,male,92,90-94,,,,0,,
HH_2557,Person_6529,female,63,60-64,,,,0,,Madrid
HH_2558,Person_6530,male,18,15-19,,Person_6531,,0,,
HH_2558,Person_6531,female,48,45-49,,,,1,,Madrid
HH_2559,Person_6532,female,73,70-74,,,,0,Madrid,
HH_2560,Person_6533,female,64,60-64,,,,0,Fuenlabrada,
HH_2561,Person_6534,male,99,95-99,,,,0,,
HH_2562,Person_6535,male,12,10-14,,Person_6536,,0,,
HH_2562,Person_6536,female,56,55-59,,,,1,,Madrid
HH_2563,Person_6537,female,75,75-79,,,,0,Madrid,
HH_2563,Person_6538,male,91,90-94,,,,0,Madrid,
HH_2564,Person_6539,female,30,30-34,,,,0,,Edificio Agustín de Betancourt
HH_2564,Person_6540,female,24,20-24,,,,0,,Edificio Sabatini
HH_2564,Person_6541,male,85,85-89,,,,0,,
HH_2564,Person_6542,female,52,50-54,,,,0,,Madrid
HH_2565,Person_6543,male,97,95-99,,,,0,Getafe norte,
HH_2566,Person_6544,female,57,55-59,,,,0,Getafe norte,
HH_2567,Person_6545,male,4,0-4,,Person_6547,,0,,Escuela Infantil Rosa Caramelo
HH_2567,Person_6546,male,33,30-34,,Person_6547,,0,,Madrid
HH_2567,Person_6547,female,52,50-54,,,Person_6548,2,,Alcorcon
HH_2567,Person_6548,female,52,50-54,,,Person_6547,0,,El bar de domingo
HH_2568,Person_6549,female,13,10-14,Person_6551,,,0,Madrid,
HH_2568,Person_6550,male,29,25-29,Person_6551,,,0,Madrid,
HH_2568,Person_6551,male,73,70-74,,,Person_6552,2,Madrid,
HH_2568,Person_6552,male,85,85-89,,,Person_6551,0,Madrid,
HH_2569,Person_6553,male,6,5-9,Person_6556,,,0,,
HH_2569,Person_6554,male,7,5-9,Person_6556,,,0,,Edificio Juan de Mairena
HH_2569,Person_6555,male,6,5-9,Person_6556,,,0,,
HH_2569,Person_6556,male,43,40-44,,,Person_6557,3,,Mostoles
HH_2569,Person_6557,male,45,45-49,,,Person_6556,0,,Madrid
HH_2570,Person_6558,female,18,15-19,Person_6561,,,0,Getafe norte,Edificio Sabatini
HH_2570,Person_6559,female,15,15-19,Person_6561,,,0,Getafe norte,
HH_2570,Person_6560,male,26,25-29,Person_6561,,,0,Getafe norte,
HH_2570,Person_6561,male,43,40-44,,,Person_6562,3,Getafe norte,
HH_2570,Person_6562,male,41,40-44,,,Person_6561,0,Getafe norte,
HH_2571,Person_6563,male,40,40-44,,Person_6564,,0,Fuenlabrada,
HH_2571,Person_6564,female,73,70-74,,,Person_6565,1,Fuenlabrada,
HH_2571,Person_6565,female,62,60-64,,,Person_6564,0,Fuenlabrada,
HH_2572,Person_6566,female,25,25-29,,,,0,,Getafe norte
HH_2572,Person_6567,female,61,60-64,,,,0,,Madrid
HH_2573,Person_6568,female,60,60-64,,,,0,Madrid,
HH_2573,Person_6569,female,20,20-24,,,,0,Madrid,Edificio Agustín de Betancourt
HH_2574,Person_6570,female,82,80-84,,,,0,,
HH_2575,Person_6571,female,20,20-24,,Person_6572,,0,,
HH_2575,Person_6572,female,45,45-49,,,,1,,Extremadura
HH_2576,Person_6573,male,25,25-29,Person_6574,,,0,,Biblioteca Rey Pastor
HH_2576,Person_6574,male,65,65-69,,,,1,,
HH_2577,Person_6575,female,44,40-44,Person_6576,,,0,Fuenlabrada,
HH_2577,Person_6576,male,69,65-69,,,Person_6577,1,Fuenlabrada,
HH_2577,Person_6577,male,56,55-59,,,Person_6576,0,Fuenlabrada,
HH_2578,Person_6578,female,46,45-49,,,,0,,Madrid
HH_2578,Person_6579,female,70,70-74,,,,0,,
HH_2579,Person_6580,male,36,35-39,,Person_6581,,0,,Madrid
HH_2579,Person_6581,female,76,75-79,,,,1,,
HH_2580,Person_6582,male,0,0-4,Person_6585,,,0,Mostoles,
HH_2580,Person_6583,female,1,0-4,Person_6585,,,0,Mostoles,
HH_2580,Person_6584,female,1,0-4,Person_6585,,,0,Mostoles,
HH_2580,Person_6585,male,39,35-39,,,,3,Mostoles,
HH_2581,Person_6586,male,18,15-19,,Person_6588,,0,Madrid,Tapón Spain, S.L.U.
HH_2581,Person_6587,female,10,10-14,,Person_6588,,0,Madrid,guardería
HH_2581,Person_6588,female,52,50-54,,,,2,Madrid,
HH_2582,Person_6589,female,41,40-44,,,,0,,Madrid
HH_2582,Person_6590,male,53,50-54,,,,0,,Madrid
HH_2583,Person_6591,female,74,70-74,,,,0,,
HH_2584,Person_6592,female,23,20-24,,Person_6596,,0,,Madrid
HH_2584,Person_6593,male,20,20-24,,Person_6596,,0,,Madrid
HH_2584,Person_6594,male,0,0-4,,Person_6596,,0,,Escuela Infantil Rosa Caramelo
HH_2584,Person_6595,female,24,20-24,,Person_6596,,0,,Edificio Agustín de Betancourt
HH_2584,Person_6596,female,40,40-44,,,,4,,Madrid
HH_2585,Person_6597,female,1,0-4,Person_6599,,,0,,
HH_2585,Person_6598,female,35,35-39,Person_6599,,,0,,Madrid
HH_2585,Person_6599,male,67,65-69,,,Person_6600,2,,
HH_2585,Person_6600,male,58,55-59,,,Person_6599,0,,Madrid
HH_2586,Person_6601,male,11,10-14,,Person_6603,,0,,
HH_2586,Person_6602,male,30,30-34,,Person_6603,,0,,Madrid
HH_2586,Person_6603,female,62,60-64,,,Person_6604,2,,Madrid
HH_2586,Person_6604,female,67,65-69,,,Person_6603,0,,
HH_2587,Person_6605,male,65,65-69,,,,0,,
HH_2588,Person_6606,female,8,5-9,,Person_6608,,0,,
HH_2588,Person_6607,male,6,5-9,,Person_6608,,0,,
HH_2588,Person_6608,female,41,40-44,,,,2,,Madrid
HH_2589,Person_6609,female,4,0-4,,Person_6610,,0,Fuenlabrada,
HH_2589,Person_6610,female,45,45-49,,,Person_6611,1,Fuenlabrada,
HH_2589,Person_6611,female,49,45-49,,,Person_6610,0,Fuenlabrada,
HH_2590,Person_6612,male,76,75-79,,,,0,Madrid,
HH_2590,Person_6613,female,78,75-79,,,,0,Madrid,
HH_2590,Person_6614,male,81,80-84,,,,0,Madrid,
HH_2590,Person_6615,male,42,40-44,,,,0,Madrid,
HH_2590,Person_6616,male,59,55-59,,,,0,Madrid,
HH_2591,Person_6617,female,23,20-24,,,,0,Madrid,Fundación IMDEA Networks
HH_2592,Person_6618,male,87,85-89,,,,0,,
HH_2592,Person_6619,female,51,50-54,,,,0,,Madrid
HH_2593,Person_6620,female,53,50-54,Person_6621,,,0,Madrid,Suzuki
HH_2593,Person_6621,male,90,90-94,,,,1,Madrid,
HH_2594,Person_6622,female,86,85-89,,,,0,,
HH_2594,Person_6623,male,62,60-64,,,,0,,Fuenlabrada
HH_2595,Person_6624,male,31,30-34,,Person_6625,,0,Mostoles,
HH_2595,Person_6625,female,59,55-59,,,Person_6626,1,Mostoles,
HH_2595,Person_6626,female,59,55-59,,,Person_6625,0,Mostoles,
HH_2596,Person_6627,female,77,75-79,,,,0,Madrid,
HH_2597,Person_6628,male,17,15-19,Person_6630,,,0,,
HH_2597,Person_6629,female,27,25-29,Person_6630,,,0,,Edificio Sabatini
HH_2597,Person_6630,male,54,50-54,,,Person_6631,2,,Madrid
HH_2597,Person_6631,male,42,40-44,,,Person_6630,0,,Madrid
HH_2598,Person_6632,female,18,15-19,,Person_6635,,0,,Edificio Sabatini
HH_2598,Person_6633,male,11,10-14,,Person_6635,,0,,
HH_2598,Person_6634,male,10,10-14,,Person_6635,,0,,
HH_2598,Person_6635,female,56,55-59,,,Person_6636,3,,Madrid
HH_2598,Person_6636,female,78,75-79,,,Person_6635,0,,
HH_2599,Person_6637,female,19,15-19,,Person_6639,,0,,Edificio Torres Quevedo
HH_2599,Person_6638,male,32,30-34,,Person_6639,,0,,Mostoles
HH_2599,Person_6639,female,66,65-69,,,Person_6640,2,,
HH_2599,Person_6640,female,99,95-99,,,Person_6639,0,,
HH_2600,Person_6641,female,84,80-84,,,,0,,
HH_2601,Person_6642,female,74,70-74,,,,0,,
HH_2602,Person_6643,female,14,10-14,,Person_6647,,0,,
HH_2602,Person_6644,male,14,10-14,,Person_6647,,0,,
HH_2602,Person_6645,female,3,0-4,,Person_6647,,0,,
HH_2602,Person_6646,male,22,20-24,,Person_6647,,0,,Getafe norte
HH_2602,Person_6647,female,54,50-54,,,,4,,Madrid
HH_2603,Person_6648,female,34,30-34,,,,0,Mostoles,
HH_2603,Person_6649,male,49,45-49,,,,0,Mostoles,
HH_2604,Person_6650,male,19,15-19,,Person_6652,,0,Mostoles,Biblioteca Rey Pastor
HH_2604,Person_6651,male,35,35-39,,Person_6652,,0,Mostoles,
HH_2604,Person_6652,female,50,50-54,,,Person_6653,2,Mostoles,
HH_2604,Person_6653,female,61,60-64,,,Person_6652,0,Mostoles,
HH_2605,Person_6654,male,33,30-34,,Person_6655,,0,,Madrid
HH_2605,Person_6655,female,75,75-79,,,Person_6656,1,,
HH_2605,Person_6656,female,93,90-94,,,Person_6655,0,,
HH_2606,Person_6657,female,26,25-29,Person_6658,,,0,,Biblioteca Rey Pastor
HH_2606,Person_6658,male,52,50-54,,,Person_6659,1,,Madrid
HH_2606,Person_6659,male,51,50-54,,,Person_6658,0,,Madrid
HH_2607,Person_6660,female,18,15-19,,,,0,,
HH_2607,Person_6661,male,34,30-34,,,,0,,Madrid
HH_2608,Person_6662,male,62,60-64,,,,0,,Madrid
HH_2608,Person_6663,male,18,15-19,,,,0,,Madrid
HH_2609,Person_6664,female,36,35-39,,Person_6665,,0,,Madriferr
HH_2609,Person_6665,female,79,75-79,,,Person_6666,1,,
HH_2609,Person_6666,female,69,65-69,,,Person_6665,0,,
HH_2610,Person_6667,male,2,0-4,,Person_6671,,0,,
HH_2610,Person_6668,male,0,0-4,,Person_6671,,0,,
HH_2610,Person_6669,male,5,5-9,,Person_6671,,0,,
HH_2610,Person_6670,male,6,5-9,,Person_6671,,0,,
HH_2610,Person_6671,female,35,35-39,,,,4,,
HH_2611,Person_6672,female,18,15-19,Person_6674,,,0,,Fundación IMDEA Networks
HH_2611,Person_6673,male,30,30-34,Person_6674,,,0,,Madrid
HH_2611,Person_6674,male,47,45-49,,,Person_6675,2,,
HH_2611,Person_6675,male,49,45-49,,,Person_6674,0,,Madrid
HH_2612,Person_6676,female,51,50-54,,,,0,Getafe norte,
HH_2613,Person_6677,male,56,55-59,,,,0,,Alcorcon
HH_2614,Person_6678,female,93,90-94,,,,0,,
HH_2614,Person_6679,male,54,50-54,,,,0,,Madrid
HH_2615,Person_6680,female,40,40-44,,Person_6681,,0,Madrid,
HH_2615,Person_6681,female,69,65-69,,,Person_6682,1,Madrid,
HH_2615,Person_6682,female,88,85-89,,,Person_6681,0,Madrid,
HH_2616,Person_6683,male,45,45-49,,,,0,Extremadura,
HH_2617,Person_6684,female,91,90-94,,,,0,,
HH_2618,Person_6685,female,55,55-59,,,,0,,Madrid
HH_2619,Person_6686,female,0,0-4,Person_6689,,,0,,
HH_2619,Person_6687,female,9,5-9,Person_6689,,,0,,
HH_2619,Person_6688,female,1,0-4,Person_6689,,,0,,Escuela Infantil Rosa Caramelo
HH_2619,Person_6689,male,41,40-44,,,Person_6690,3,,Madrid
HH_2619,Person_6690,male,43,40-44,,,Person_6689,0,,Madrid
HH_2620,Person_6691,female,24,20-24,,,,0,,Madrid
HH_2620,Person_6692,female,89,85-89,,,,0,,
HH_2620,Person_6693,male,31,30-34,,,,0,,Madrid
HH_2621,Person_6694,male,11,10-14,,Person_6696,,0,Madrid,
HH_2621,Person_6695,female,1,0-4,,Person_6696,,0,Madrid,
HH_2621,Person_6696,female,29,25-29,,,,2,Madrid,Ahorramás
HH_2622,Person_6697,male,19,15-19,Person_6700,,,0,Getafe norte,
HH_2622,Person_6698,female,8,5-9,Person_6700,,,0,Getafe norte,
HH_2622,Person_6699,male,22,20-24,Person_6700,,,0,Getafe norte,
HH_2622,Person_6700,male,49,45-49,,,Person_6701,3,Getafe norte,
HH_2622,Person_6701,male,54,50-54,,,Person_6700,0,Getafe norte,
HH_2623,Person_6702,female,20,20-24,,,,0,,Edificio Agustín de Betancourt
HH_2624,Person_6703,male,25,25-29,Person_6707,,,0,,Edificio Sabatini
HH_2624,Person_6704,male,15,15-19,Person_6707,,,0,,
HH_2624,Person_6705,female,9,5-9,Person_6707,,,0,,
HH_2624,Person_6706,male,10,10-14,Person_6707,,,0,,
HH_2624,Person_6707,male,68,65-69,,,,4,,
HH_2625,Person_6708,male,18,15-19,,Person_6710,,0,Madrid,
HH_2625,Person_6709,female,17,15-19,,Person_6710,,0,Madrid,
HH_2625,Person_6710,female,46,45-49,,,,2,Madrid,Norauto
HH_2626,Person_6711,male,31,30-34,,,,0,,Madrid
HH_2626,Person_6712,female,81,80-84,,,,0,,
HH_2627,Person_6713,female,80,80-84,,,,0,,
HH_2627,Person_6714,male,46,45-49,,,,0,,Madrid
HH_2628,Person_6715,female,81,80-84,,,,0,Fuenlabrada,
HH_2628,Person_6716,male,81,80-84,,,,0,Fuenlabrada,
HH_2629,Person_6717,male,12,10-14,,Person_6718,,0,,
HH_2629,Person_6718,female,29,25-29,,,Person_6719,1,,
HH_2629,Person_6719,female,31,30-34,,,Person_6718,0,,Madrid
HH_2630,Person_6720,male,25,25-29,,Person_6721,,0,Madrid,
HH_2630,Person_6721,female,56,55-59,,,Person_6722,1,Madrid,
HH_2630,Person_6722,female,91,90-94,,,Person_6721,0,Madrid,
HH_2631,Person_6723,female,87,85-89,,,,0,Fuenlabrada,
HH_2631,Person_6724,female,85,85-89,,,,0,Fuenlabrada,
HH_2632,Person_6725,female,2,0-4,,Person_6728,,0,,Escuela Infantil Rosa Caramelo
HH_2632,Person_6726,male,5,5-9,,Person_6728,,0,,
HH_2632,Person_6727,male,7,5-9,,Person_6728,,0,,
HH_2632,Person_6728,female,32,30-34,,,,3,,Madrid
HH_2633,Person_6729,male,76,75-79,,,,0,Getafe norte,
HH_2633,Person_6730,male,89,85-89,,,,0,Getafe norte,
HH_2634,Person_6731,female,10,10-14,,Person_6733,,0,Fuenlabrada,
HH_2634,Person_6732,male,28,25-29,,Person_6733,,0,Fuenlabrada,Centro Cultural Las Dehesillas
HH_2634,Person_6733,female,67,65-69,,,Person_6734,2,Fuenlabrada,
HH_2634,Person_6734,female,72,70-74,,,Person_6733,0,Fuenlabrada,
HH_2635,Person_6735,female,74,70-74,,,,0,Madrid,
HH_2636,Person_6736,male,9,5-9,,Person_6739,,0,,
HH_2636,Person_6737,female,15,15-19,,Person_6739,,0,,
HH_2636,Person_6738,female,15,15-19,,Person_6739,,0,,
HH_2636,Person_6739,female,49,45-49,,,Person_6740,3,,Madrid
HH_2636,Person_6740,female,81,80-84,,,Person_6739,0,,
HH_2637,Person_6741,male,41,40-44,,,,0,,Madrid
HH_2637,Person_6742,female,66,65-69,,,,0,,
HH_2638,Person_6743,female,58,55-59,,,,0,,Madrid
HH_2638,Person_6744,male,29,25-29,,,,0,,Madrid
HH_2639,Person_6745,male,69,65-69,,,,0,,
HH_2639,Person_6746,male,74,70-74,,,,0,,
HH_2639,Person_6747,male,74,70-74,,,,0,,
HH_2640,Person_6748,female,65,65-69,,,,0,Madrid,
HH_2641,Person_6749,female,12,10-14,,Person_6751,,0,,
HH_2641,Person_6750,female,32,30-34,,Person_6751,,0,,Madrid
HH_2641,Person_6751,female,61,60-64,,,Person_6752,2,,Madrid
HH_2641,Person_6752,female,99,95-99,,,Person_6751,0,,
HH_2642,Person_6753,female,8,5-9,Person_6757,,,0,Madrid,
HH_2642,Person_6754,male,7,5-9,Person_6757,,,0,Madrid,
HH_2642,Person_6755,female,3,0-4,Person_6757,,,0,Madrid,
HH_2642,Person_6756,female,18,15-19,Person_6757,,,0,Madrid,
HH_2642,Person_6757,male,45,45-49,,,,4,Madrid,
HH_2643,Person_6758,female,0,0-4,,Person_6759,,0,,
HH_2643,Person_6759,female,27,25-29,,,Person_6760,1,,Madrid
HH_2643,Person_6760,female,31,30-34,,,Person_6759,0,,Madrid
HH_2644,Person_6761,female,55,55-59,,,,0,,Madrid
HH_2645,Person_6762,female,33,30-34,,,,0,,Madrid
HH_2646,Person_6763,male,67,65-69,,,,0,Getafe norte,
HH_2647,Person_6764,female,0,0-4,Person_6766,,,0,,
HH_2647,Person_6765,male,33,30-34,Person_6766,,,0,,
HH_2647,Person_6766,male,61,60-64,,,Person_6767,2,,
HH_2647,Person_6767,male,57,55-59,,,Person_6766,0,,
HH_2648,Person_6768,male,23,20-24,,Person_6770,,0,Mostoles,
HH_2648,Person_6769,male,30,30-34,,Person_6770,,0,Mostoles,
HH_2648,Person_6770,female,59,55-59,,,Person_6771,2,Mostoles,
HH_2648,Person_6771,female,97,95-99,,,Person_6770,0,Mostoles,
HH_2649,Person_6772,female,21,20-24,,Person_6774,,0,Fuenlabrada,Edificio Agustín de Betancourt
HH_2649,Person_6773,male,18,15-19,,Person_6774,,0,Fuenlabrada,
HH_2649,Person_6774,female,62,60-64,,,,2,Fuenlabrada,
HH_2650,Person_6775,female,30,30-34,,,,0,,
HH_2650,Person_6776,female,24,20-24,,,,0,,Madrid
HH_2651,Person_6777,female,44,40-44,,,,0,,Madrid
HH_2651,Person_6778,male,31,30-34,,,,0,,Mostoles
HH_2652,Person_6779,male,17,15-19,,Person_6781,,0,,
HH_2652,Person_6780,male,25,25-29,,Person_6781,,0,,Madrid
HH_2652,Person_6781,female,57,55-59,,,Person_6782,2,,Madrid
HH_2652,Person_6782,female,93,90-94,,,Person_6781,0,,
HH_2653,Person_6783,female,7,5-9,,Person_6785,,0,,Escuela Municipal de Música Manuel Rodríguez Sales
HH_2653,Person_6784,male,32,30-34,,Person_6785,,0,,Madrid
HH_2653,Person_6785,female,47,45-49,,,Person_6786,2,,Madrid
HH_2653,Person_6786,female,37,35-39,,,Person_6785,0,,Madrid
HH_2654,Person_6787,male,65,65-69,,,,0,,
HH_2655,Person_6788,male,52,50-54,,,,0,,Madrid
HH_2655,Person_6789,male,40,40-44,,,,0,,
HH_2656,Person_6790,male,77,75-79,,,,0,,
HH_2656,Person_6791,female,86,85-89,,,,0,,
HH_2656,Person_6792,male,68,65-69,,,,0,,
HH_2656,Person_6793,male,25,25-29,,,,0,,Alcorcon
HH_2657,Person_6794,female,43,40-44,,,,0,,Madrid
HH_2657,Person_6795,male,97,95-99,,,,0,,
HH_2658,Person_6796,female,84,80-84,,,,0,,
HH_2658,Person_6797,male,46,45-49,,,,0,,Madrid
HH_2659,Person_6798,female,28,25-29,,Person_6800,,0,Fuenlabrada,
HH_2659,Person_6799,male,29,25-29,,Person_6800,,0,Fuenlabrada,Fundación IMDEA Networks
HH_2659,Person_6800,female,69,65-69,,,,2,Fuenlabrada,
HH_2660,Person_6801,male,80,80-84,,,,0,,
HH_2660,Person_6802,female,82,80-84,,,,0,,
HH_2661,Person_6803,female,14,10-14,Person_6804,,,0,,
HH_2661,Person_6804,male,44,40-44,,,Person_6805,1,,Madrid
HH_2661,Person_6805,male,43,40-44,,,Person_6804,0,,Madrid
HH_2662,Person_6806,male,72,70-74,,,,0,,
HH_2663,Person_6807,male,80,80-84,,,,0,,
HH_2663,Person_6808,female,31,30-34,,,,0,,Madrid
HH_2664,Person_6809,male,26,25-29,Person_6810,,,0,Madrid,
HH_2664,Person_6810,male,59,55-59,,,,1,Madrid,
HH_2665,Person_6811,male,15,15-19,,Person_6812,,0,Madrid,
HH_2665,Person_6812,female,55,55-59,,,Person_6813,1,Madrid,
HH_2665,Person_6813,female,59,55-59,,,Person_6812,0,Madrid,
HH_2666,Person_6814,female,41,40-44,Person_6815,,,0,,Madrid
HH_2666,Person_6815,male,83,80-84,,,Person_6816,1,,
HH_2666,Person_6816,male,38,35-39,,,Person_6815,0,,Madrid
HH_2667,Person_6817,male,9,5-9,Person_6821,,,0,,
HH_2667,Person_6818,female,18,15-19,Person_6821,,,0,,
HH_2667,Person_6819,male,11,10-14,Person_6821,,,0,,
HH_2667,Person_6820,male,15,15-19,Person_6821,,,0,,
HH_2667,Person_6821,male,46,45-49,,,,4,,Getafe norte
HH_2668,Person_6822,male,70,70-74,,,,0,,
HH_2668,Person_6823,male,70,70-74,,,,0,,
HH_2669,Person_6824,female,9,5-9,Person_6826,,,0,,
HH_2669,Person_6825,male,26,25-29,Person_6826,,,0,,Getafe norte
HH_2669,Person_6826,male,58,55-59,,,Person_6827,2,,Madrid
HH_2669,Person_6827,male,53,50-54,,,Person_6826,0,,Madrid
HH_2670,Person_6828,female,14,10-14,,Person_6829,,0,,
HH_2670,Person_6829,female,29,25-29,,,Person_6830,1,,Edificio Sabatini
HH_2670,Person_6830,female,33,30-34,,,Person_6829,0,,
HH_2671,Person_6831,female,78,75-79,,,,0,,
HH_2671,Person_6832,male,59,55-59,,,,0,,Madrid
HH_2672,Person_6833,female,14,10-14,Person_6835,,,0,Getafe norte,Edificio Juan de Mairena
HH_2672,Person_6834,female,30,30-34,Person_6835,,,0,Getafe norte,Parque Científico de la Universidad Carlos III de Madrid
HH_2672,Person_6835,male,70,70-74,,,Person_6836,2,Getafe norte,
HH_2672,Person_6836,male,51,50-54,,,Person_6835,0,Getafe norte,Delegación de Hacienda
HH_2673,Person_6837,male,20,20-24,,Person_6839,,0,,Madrid
HH_2673,Person_6838,female,30,30-34,,Person_6839,,0,,Parque Científico de la Universidad Carlos III de Madrid
HH_2673,Person_6839,female,46,45-49,,,Person_6840,2,,Madrid
HH_2673,Person_6840,female,55,55-59,,,Person_6839,0,,Madrid
HH_2674,Person_6841,male,85,85-89,,,,0,,
HH_2674,Person_6842,female,34,30-34,,,,0,,Madrid
HH_2675,Person_6843,male,22,20-24,Person_6845,,,0,,Edificio Agustín de Betancourt
HH_2675,Person_6844,male,32,30-34,Person_6845,,,0,,Madrid
HH_2675,Person_6845,male,49,45-49,,,Person_6846,2,,Madrid
HH_2675,Person_6846,male,42,40-44,,,Person_6845,0,,Madrid
HH_2676,Person_6847,female,36,35-39,,Person_6848,,0,,Madrid
HH_2676,Person_6848,female,61,60-64,,,Person_6849,1,,Fuenlabrada
HH_2676,Person_6849,female,66,65-69,,,Person_6848,0,,
HH_2677,Person_6850,female,85,85-89,,,,0,,
HH_2678,Person_6851,female,12,10-14,Person_6853,,,0,,
HH_2678,Person_6852,male,33,30-34,Person_6853,,,0,,Madrid
HH_2678,Person_6853,male,64,60-64,,,Person_6854,2,,Madrid
HH_2678,Person_6854,male,45,45-49,,,Person_6853,0,,
HH_2679,Person_6855,female,38,35-39,,Person_6857,,0,,Madrid
HH_2679,Person_6856,female,46,45-49,,Person_6857,,0,,Alcorcon
HH_2679,Person_6857,female,71,70-74,,,Person_6858,2,,
HH_2679,Person_6858,female,56,55-59,,,Person_6857,0,,Fuenlabrada
HH_2680,Person_6859,male,37,35-39,,,,0,,
HH_2680,Person_6860,female,91,90-94,,,,0,,
HH_2681,Person_6861,female,16,15-19,Person_6862,,,0,Verdecora,
HH_2681,Person_6862,male,41,40-44,,,Person_6863,1,Verdecora,Madrid
HH_2681,Person_6863,male,37,35-39,,,Person_6862,0,Verdecora,
HH_2682,Person_6864,female,5,5-9,Person_6866,,,0,,
HH_2682,Person_6865,female,34,30-34,Person_6866,,,0,,Thales
HH_2682,Person_6866,male,78,75-79,,,Person_6867,2,,
HH_2682,Person_6867,male,96,95-99,,,Person_6866,0,,
HH_2683,Person_6868,male,41,40-44,Person_6870,,,0,Fuenlabrada,
HH_2683,Person_6869,female,42,40-44,Person_6870,,,0,Fuenlabrada,
HH_2683,Person_6870,male,75,75-79,,,,2,Fuenlabrada,
HH_2684,Person_6871,male,25,25-29,,Person_6872,,0,,
HH_2684,Person_6872,female,72,70-74,,,Person_6873,1,,
HH_2684,Person_6873,female,90,90-94,,,Person_6872,0,,
HH_2685,Person_6874,female,25,25-29,,Person_6875,,0,,
HH_2685,Person_6875,female,61,60-64,,,Person_6876,1,,Madrid
HH_2685,Person_6876,female,60,60-64,,,Person_6875,0,,Madrid
HH_2686,Person_6877,female,56,55-59,,,,0,Mostoles,
HH_2687,Person_6878,female,28,25-29,,Person_6879,,0,,
HH_2687,Person_6879,female,56,55-59,,,,1,,Madrid
HH_2688,Person_6880,female,8,5-9,,Person_6881,,0,,
HH_2688,Person_6881,female,33,30-34,,,Person_6882,1,,Madrid
HH_2688,Person_6882,female,30,30-34,,,Person_6881,0,,Parque Científico de la Universidad Carlos III de Madrid
HH_2689,Person_6883,female,66,65-69,,,,0,,
HH_2690,Person_6884,male,0,0-4,,Person_6886,,0,,
HH_2690,Person_6885,male,29,25-29,,Person_6886,,0,,Fundación IMDEA Networks
HH_2690,Person_6886,female,48,45-49,,,Person_6887,2,,Madrid
HH_2690,Person_6887,female,57,55-59,,,Person_6886,0,,Madrid
HH_2691,Person_6888,female,83,80-84,,,,0,,
HH_2691,Person_6889,female,86,85-89,,,,0,,
HH_2692,Person_6890,female,25,25-29,,,,0,,
HH_2692,Person_6891,female,33,30-34,,,,0,,Getafe norte
HH_2693,Person_6892,male,18,15-19,,,,0,,Getafe norte
HH_2694,Person_6893,female,90,90-94,,,,0,,
HH_2695,Person_6894,male,26,25-29,,,,0,Madrid,Biblioteca Rey Pastor
HH_2695,Person_6895,female,34,30-34,,,,0,Madrid,
HH_2696,Person_6896,male,5,5-9,,Person_6899,,0,,
HH_2696,Person_6897,male,13,10-14,,Person_6899,,0,,
HH_2696,Person_6898,male,7,5-9,,Person_6899,,0,,
HH_2696,Person_6899,female,54,50-54,,,,3,,Madrid
HH_2697,Person_6900,male,67,65-69,,,,0,,
HH_2697,Person_6901,female,28,25-29,,,,0,,
HH_2698,Person_6902,male,18,15-19,,Person_6904,,0,Alcorcon,
HH_2698,Person_6903,female,33,30-34,,Person_6904,,0,Alcorcon,
HH_2698,Person_6904,female,50,50-54,,,Person_6905,2,Alcorcon,
HH_2698,Person_6905,female,44,40-44,,,Person_6904,0,Alcorcon,
HH_2699,Person_6906,male,9,5-9,,Person_6907,,0,,
HH_2699,Person_6907,female,42,40-44,,,Person_6908,1,,Fuenlabrada
HH_2699,Person_6908,female,26,25-29,,,Person_6907,0,,Edificio Juan Benet
HH_2700,Person_6909,female,30,30-34,,Person_6910,,0,,
HH_2700,Person_6910,female,73,70-74,,,,1,,
HH_2701,Person_6911,female,31,30-34,,,,0,,Madrid
HH_2702,Person_6912,female,17,15-19,,Person_6913,,0,,
HH_2702,Person_6913,female,49,45-49,,,Person_6914,1,,Madrid
HH_2702,Person_6914,female,48,45-49,,,Person_6913,0,,Madrid
HH_2703,Person_6915,female,0,0-4,,Person_6917,,0,Fuenlabrada,
HH_2703,Person_6916,male,33,30-34,,Person_6917,,0,Fuenlabrada,
HH_2703,Person_6917,female,61,60-64,,,Person_6918,2,Fuenlabrada,
HH_2703,Person_6918,female,60,60-64,,,Person_6917,0,Fuenlabrada,
HH_2704,Person_6919,female,16,15-19,,Person_6920,,0,Fuenlabrada,
HH_2704,Person_6920,female,59,55-59,,,Person_6921,1,Fuenlabrada,
HH_2704,Person_6921,female,53,50-54,,,Person_6920,0,Fuenlabrada,
HH_2705,Person_6922,female,25,25-29,,,,0,,Edificio Torres Quevedo
HH_2706,Person_6923,male,98,95-99,,,,0,Fuenlabrada,
HH_2706,Person_6924,female,67,65-69,,,,0,Fuenlabrada,
HH_2707,Person_6925,female,19,15-19,,Person_6927,,0,,Edificio Agustín de Betancourt
HH_2707,Person_6926,female,29,25-29,,Person_6927,,0,,Edificio Sabatini
HH_2707,Person_6927,female,54,50-54,,,Person_6928,2,,Madrid
HH_2707,Person_6928,female,51,50-54,,,Person_6927,0,,Madrid
HH_2708,Person_6929,male,61,60-64,,,,0,,
HH_2708,Person_6930,male,53,50-54,,,,0,,Madrid
HH_2709,Person_6931,female,17,15-19,,Person_6933,,0,Madrid,
HH_2709,Person_6932,male,33,30-34,,Person_6933,,0,Madrid,
HH_2709,Person_6933,female,59,55-59,,,Person_6934,2,Madrid,Parque Científico de la Universidad Carlos III de Madrid
HH_2709,Person_6934,female,57,55-59,,,Person_6933,0,Madrid,
HH_2710,Person_6935,male,20,20-24,,,,0,,Madrid
HH_2711,Person_6936,male,23,20-24,Person_6938,,,0,Alcorcon,Edificio Sabatini
HH_2711,Person_6937,male,35,35-39,Person_6938,,,0,Alcorcon,
HH_2711,Person_6938,male,79,75-79,,,Person_6939,2,Alcorcon,
HH_2711,Person_6939,male,55,55-59,,,Person_6938,0,Alcorcon,
HH_2712,Person_6940,female,86,85-89,,,,0,,
HH_2713,Person_6941,male,21,20-24,,,,0,,
HH_2713,Person_6942,male,69,65-69,,,,0,,
HH_2714,Person_6943,female,20,20-24,,,,0,,
HH_2714,Person_6944,female,41,40-44,,,,0,,Madrid
HH_2715,Person_6945,female,42,40-44,,,,0,,Madrid
HH_2715,Person_6946,female,18,15-19,,,,0,,
HH_2716,Person_6947,female,22,20-24,Person_6948,,,0,Madrid,Fundación IMDEA Networks
HH_2716,Person_6948,male,55,55-59,,,Person_6949,1,Madrid,
HH_2716,Person_6949,male,51,50-54,,,Person_6948,0,Madrid,
HH_2717,Person_6950,male,30,30-34,,Person_6951,,0,Fuenlabrada,Parque Científico de la Universidad Carlos III de Madrid
HH_2717,Person_6951,female,63,60-64,,,Person_6952,1,Fuenlabrada,
HH_2717,Person_6952,female,93,90-94,,,Person_6951,0,Fuenlabrada,
HH_2718,Person_6953,male,65,65-69,,,,0,,
HH_2718,Person_6954,male,56,55-59,,,,0,,Madrid
HH_2719,Person_6955,female,93,90-94,,Person_6956,,0,,
HH_2719,Person_6956,female,122,100-120,,,,1,,
HH_2720,Person_6957,male,23,20-24,,,,0,Extremadura,Edificio Torres Quevedo
HH_2721,Person_6958,male,33,30-34,,Person_6959,,0,,Mostoles
HH_2721,Person_6959,female,67,65-69,,,Person_6960,1,,
HH_2721,Person_6960,female,69,65-69,,,Person_6959,0,,
HH_2722,Person_6961,female,17,15-19,,Person_6962,,0,,guardería
HH_2722,Person_6962,female,52,50-54,,,Person_6963,1,,Madrid
HH_2722,Person_6963,female,55,55-59,,,Person_6962,0,,Madrid
HH_2723,Person_6964,female,70,70-74,,Person_6966,,0,,
HH_2723,Person_6965,female,26,25-29,,Person_6966,,0,,
HH_2723,Person_6966,female,110,100-120,,,Person_6967,2,,
HH_2723,Person_6967,female,56,55-59,,,Person_6966,0,,Madrid
HH_2724,Person_6968,male,24,20-24,,Person_6970,,0,Madrid,Fundación IMDEA Networks
HH_2724,Person_6969,male,31,30-34,,Person_6970,,0,Madrid,Toyota
HH_2724,Person_6970,female,58,55-59,,,Person_6971,2,Madrid,
HH_2724,Person_6971,female,55,55-59,,,Person_6970,0,Madrid,
HH_2725,Person_6972,female,25,25-29,Person_6973,,,0,,Madrid
HH_2725,Person_6973,male,58,55-59,,,Person_6974,1,,Madrid
HH_2725,Person_6974,male,49,45-49,,,Person_6973,0,,Madrid
HH_2726,Person_6975,female,28,25-29,,Person_6976,,0,,Edificio Torres Quevedo
HH_2726,Person_6976,female,55,55-59,,,Person_6977,1,,Madrid
HH_2726,Person_6977,female,58,55-59,,,Person_6976,0,,Madrid
HH_2727,Person_6978,female,3,0-4,Person_6982,,,0,,
HH_2727,Person_6979,male,11,10-14,Person_6982,,,0,,
HH_2727,Person_6980,female,2,0-4,Person_6982,,,0,,
HH_2727,Person_6981,male,7,5-9,Person_6982,,,0,,
HH_2727,Person_6982,male,37,35-39,,,,4,,Madrid
HH_2728,Person_6983,male,36,35-39,,,,0,Fuenlabrada,
HH_2729,Person_6984,male,8,5-9,Person_6987,,,0,Madrid,
HH_2729,Person_6985,female,17,15-19,Person_6987,,,0,Madrid,
HH_2729,Person_6986,female,5,5-9,Person_6987,,,0,Madrid,
HH_2729,Person_6987,male,42,40-44,,,,3,Madrid,
HH_2730,Person_6988,female,16,15-19,,Person_6989,,0,,Escuela Infantil El Romancero
HH_2730,Person_6989,female,49,45-49,,,Person_6990,1,,Madrid
HH_2730,Person_6990,female,41,40-44,,,Person_6989,0,,Madrid
HH_2731,Person_6991,male,39,35-39,,,,0,,Madrid
HH_2731,Person_6992,female,94,90-94,,,,0,,
HH_2732,Person_6993,female,18,15-19,Person_6996,,,0,Alcorcon,Edificio Juan Benet
HH_2732,Person_6994,female,17,15-19,Person_6996,,,0,Alcorcon,
HH_2732,Person_6995,male,2,0-4,Person_6996,,,0,Alcorcon,
HH_2732,Person_6996,male,52,50-54,,,,3,Alcorcon,
HH_2733,Person_6997,male,18,15-19,Person_6998,,,0,,
HH_2733,Person_6998,male,58,55-59,,,Person_6999,1,,
HH_2733,Person_6999,male,48,45-49,,,Person_6998,0,,Madrid
HH_2734,Person_7000,female,24,20-24,Person_7002,,,0,,Madrid
HH_2734,Person_7001,male,29,25-29,Person_7002,,,0,,Madrid
HH_2734,Person_7002,male,67,65-69,,,Person_7003,2,,
HH_2734,Person_7003,male,57,55-59,,,Person_7002,0,,Getafe norte
HH_2735,Person_7004,female,28,25-29,,,,0,,Edificio Torres Quevedo
HH_2736,Person_7005,male,78,75-79,,,,0,,
HH_2736,Person_7006,female,22,20-24,,,,0,,Parque Científico de la Universidad Carlos III de Madrid
HH_2737,Person_7007,female,7,5-9,Person_7008,,,0,,
HH_2737,Person_7008,male,39,35-39,,,Person_7009,1,,Madrid
HH_2737,Person_7009,male,32,30-34,,,Person_7008,0,,Madrid
HH_2738,Person_7010,female,68,65-69,,,,0,,
HH_2739,Person_7011,female,69,65-69,,,,0,,
HH_2739,Person_7012,male,93,90-94,,,,0,,
HH_2740,Person_7013,female,37,35-39,,,,0,,
HH_2740,Person_7014,male,46,45-49,,,,0,,Getafe norte
HH_2741,Person_7015,male,35,35-39,,,,0,,
HH_2741,Person_7016,male,54,50-54,,,,0,,
HH_2742,Person_7017,female,71,70-74,,,,0,,
HH_2742,Person_7018,male,51,50-54,,,,0,,Madrid
HH_2742,Person_7019,female,32,30-34,,,,0,,
HH_2743,Person_7020,male,15,15-19,Person_7022,,,0,,
HH_2743,Person_7021,male,31,30-34,Person_7022,,,0,,Madrid
HH_2743,Person_7022,male,75,75-79,,,Person_7023,2,,
HH_2743,Person_7023,male,52,50-54,,,Person_7022,0,,Madrid
HH_2744,Person_7024,male,55,55-59,,,,0,,Madrid
HH_2745,Person_7025,female,14,10-14,,Person_7028,,0,Getafe norte,
HH_2745,Person_7026,male,7,5-9,,Person_7028,,0,Getafe norte,
HH_2745,Person_7027,male,22,20-24,,Person_7028,,0,Getafe norte,
HH_2745,Person_7028,female,53,50-54,,,,3,Getafe norte,
HH_2746,Person_7029,female,7,5-9,,Person_7031,,0,,
HH_2746,Person_7030,female,4,0-4,,Person_7031,,0,,
HH_2746,Person_7031,female,49,45-49,,,,2,,Madrid
HH_2747,Person_7032,female,11,10-14,Person_7034,,,0,,
HH_2747,Person_7033,female,28,25-29,Person_7034,,,0,,Fundación IMDEA Networks
HH_2747,Person_7034,male,58,55-59,,,Person_7035,2,,Madrid
HH_2747,Person_7035,male,59,55-59,,,Person_7034,0,,Madrid
HH_2748,Person_7036,female,84,80-84,,,,0,,
HH_2749,Person_7037,female,11,10-14,,Person_7038,,0,,
HH_2749,Person_7038,female,30,30-34,,,Person_7039,1,,Madrid
HH_2749,Person_7039,female,28,25-29,,,Person_7038,0,,
HH_2750,Person_7040,female,27,25-29,Person_7041,,,0,Mostoles,Biblioteca Rey Pastor
HH_2750,Person_7041,male,64,60-64,,,,1,Mostoles,
HH_2751,Person_7042,male,11,10-14,Person_7043,,,0,,
HH_2751,Person_7043,male,44,40-44,,,,1,,
HH_2752,Person_7044,female,68,65-69,,,,0,,
HH_2753,Person_7045,female,32,30-34,Person_7046,,,0,,Madrid
HH_2753,Person_7046,male,77,75-79,,,Person_7047,1,,
HH_2753,Person_7047,male,85,85-89,,,Person_7046,0,,
HH_2754,Person_7048,male,39,35-39,,,,0,,Madrid
HH_2755,Person_7049,female,46,45-49,,,,0,,
HH_2755,Person_7050,female,21,20-24,,,,0,,Edificio Juan Benet
HH_2756,Person_7051,male,32,30-34,,,,0,Madrid,CarGlass
HH_2756,Person_7052,female,50,50-54,,,,0,Madrid,
HH_2757,Person_7053,female,56,55-59,,,,0,,
HH_2757,Person_7054,female,73,70-74,,,,0,,
HH_2758,Person_7055,female,38,35-39,,,,0,,
HH_2759,Person_7056,female,26,25-29,,,,0,,Madrid
HH_2759,Person_7057,female,62,60-64,,,,0,,Madrid
HH_2760,Person_7058,female,0,0-4,Person_7059,,,0,,
HH_2760,Person_7059,male,16,15-19,,,,1,,
HH_2761,Person_7060,female,4,0-4,Person_7061,,,0,,
HH_2761,Person_7061,male,33,30-34,,,Person_7062,1,,Fuenlabrada
HH_2761,Person_7062,male,34,30-34,,,Person_7061,0,,Madrid
HH_2762,Person_7063,male,19,15-19,Person_7065,,,0,,Biblioteca Rey Pastor
HH_2762,Person_7064,female,2,0-4,Person_7065,,,0,,
HH_2762,Person_7065,male,45,45-49,,,,2,,Madrid
HH_2763,Person_7066,male,6,5-9,,Person_7068,,0,,
HH_2763,Person_7067,male,27,25-29,,Person_7068,,0,,Madrid
HH_2763,Person_7068,female,68,65-69,,,Person_7069,2,,
HH_2763,Person_7069,female,71,70-74,,,Person_7068,0,,
HH_2764,Person_7070,male,29,25-29,,,,0,Madrid,
HH_2765,Person_7071,male,46,45-49,,,,0,Getafe norte,
HH_2765,Person_7072,female,56,55-59,,,,0,Getafe norte,
HH_2766,Person_7073,female,41,40-44,Person_7074,,,0,,Madrid
HH_2766,Person_7074,male,81,80-84,,,Person_7075,1,,
HH_2766,Person_7075,male,51,50-54,,,Person_7074,0,,Madrid
HH_2767,Person_7076,female,31,30-34,,Person_7077,,0,,
HH_2767,Person_7077,female,64,60-64,,,Person_7078,1,,Madrid
HH_2767,Person_7078,female,72,70-74,,,Person_7077,0,,
HH_2768,Person_7079,male,20,20-24,Person_7080,,,0,Madrid,Edificio Juan Benet
HH_2768,Person_7080,male,62,60-64,,,Person_7081,1,Madrid,
HH_2768,Person_7081,male,46,45-49,,,Person_7080,0,Madrid,
HH_2769,Person_7082,female,68,65-69,,,,0,Alcorcon,
HH_2770,Person_7083,male,3,0-4,,Person_7085,,0,Getafe norte,
HH_2770,Person_7084,male,26,25-29,,Person_7085,,0,Getafe norte,
HH_2770,Person_7085,female,51,50-54,,,Person_7086,2,Getafe norte,
HH_2770,Person_7086,female,52,50-54,,,Person_7085,0,Getafe norte,
HH_2771,Person_7087,female,77,75-79,,,,0,Madrid,
HH_2772,Person_7088,female,19,15-19,,Person_7089,,0,,
HH_2772,Person_7089,female,46,45-49,,,Person_7090,1,,Madrid
HH_2772,Person_7090,female,46,45-49,,,Person_7089,0,,Madrid
HH_2773,Person_7091,female,29,25-29,,,,0,,Madrid
HH_2774,Person_7092,female,25,25-29,,Person_7094,,0,,Madrid
HH_2774,Person_7093,male,32,30-34,,Person_7094,,0,,Madrid
HH_2774,Person_7094,female,66,65-69,,,Person_7095,2,,
HH_2774,Person_7095,female,86,85-89,,,Person_7094,0,,
HH_2775,Person_7096,female,14,10-14,,Person_7098,,0,,
HH_2775,Person_7097,male,26,25-29,,Person_7098,,0,,Mostoles
HH_2775,Person_7098,female,43,40-44,,,Person_7099,2,,Madrid
HH_2775,Person_7099,female,35,35-39,,,Person_7098,0,,Madrid
HH_2776,Person_7100,male,96,95-99,,,,0,,
HH_2776,Person_7101,male,45,45-49,,,,0,,
HH_2776,Person_7102,male,78,75-79,,,,0,,
HH_2776,Person_7103,male,37,35-39,,,,0,,Madrid
HH_2777,Person_7104,male,1,0-4,Person_7106,,,0,,Escuela Infantil Rosa Caramelo
HH_2777,Person_7105,male,27,25-29,Person_7106,,,0,,Edificio Agustín de Betancourt
HH_2777,Person_7106,male,54,50-54,,,Person_7107,2,,Madrid
HH_2777,Person_7107,male,59,55-59,,,Person_7106,0,,
HH_2778,Person_7108,female,23,20-24,,,,0,Madrid,
HH_2778,Person_7109,female,38,35-39,,,,0,Madrid,Delegación de Hacienda
HH_2779,Person_7110,male,21,20-24,,,,0,,Madrid
HH_2779,Person_7111,female,71,70-74,,,,0,,
HH_2779,Person_7112,female,41,40-44,,,,0,,Madrid
HH_2780,Person_7113,male,52,50-54,,,,0,Alcorcon,
HH_2781,Person_7114,male,67,65-69,Person_7115,,,0,Madrid,
HH_2781,Person_7115,male,97,95-99,,,,1,Madrid,
HH_2782,Person_7116,female,16,15-19,Person_7118,,,0,Madrid,
HH_2782,Person_7117,male,29,25-29,Person_7118,,,0,Madrid,
HH_2782,Person_7118,male,44,40-44,,,Person_7119,2,Madrid,
HH_2782,Person_7119,male,39,35-39,,,Person_7118,0,Madrid,
HH_2783,Person_7120,female,87,85-89,,,,0,,
HH_2783,Person_7121,female,33,30-34,,,,0,,Madrid
HH_2783,Person_7122,female,21,20-24,,,,0,,Fundación IMDEA Networks
HH_2784,Person_7123,male,57,55-59,,Person_7124,,0,,Madrid
HH_2784,Person_7124,female,91,90-94,,,,1,,
HH_2785,Person_7125,female,46,45-49,,,,0,,Madrid
HH_2786,Person_7126,female,51,50-54,,,,0,,Madrid
HH_2786,Person_7127,female,72,70-74,,,,0,,
HH_2787,Person_7128,female,21,20-24,,,,0,Madrid,
HH_2787,Person_7129,male,56,55-59,,,,0,Madrid,
HH_2788,Person_7130,male,77,75-79,,,,0,Madrid,
HH_2788,Person_7131,female,20,20-24,,,,0,Madrid,Biblioteca Rey Pastor
HH_2789,Person_7132,female,79,75-79,,,,0,,
HH_2790,Person_7133,female,53,50-54,,,,0,Madrid,
HH_2790,Person_7134,female,18,15-19,,,,0,Madrid,
HH_2791,Person_7135,male,43,40-44,Person_7136,,,0,Mercadona,Getafe norte
HH_2791,Person_7136,male,60,60-64,,,,1,Mercadona,Getafe norte
HH_2792,Person_7137,female,20,20-24,,,,0,,Fundación IMDEA Networks
HH_2792,Person_7138,male,89,85-89,,,,0,,
HH_2792,Person_7139,female,75,75-79,,,,0,,
HH_2793,Person_7140,male,25,25-29,,,,0,Madrid,
HH_2793,Person_7141,male,23,20-24,,,,0,Madrid,
HH_2794,Person_7142,female,18,15-19,,,,0,Fuenlabrada,Polideportivo Blanca Ares
HH_2795,Person_7143,male,25,25-29,Person_7145,,,0,Madrid,
HH_2795,Person_7144,male,30,30-34,Person_7145,,,0,Madrid,
HH_2795,Person_7145,male,65,65-69,,,Person_7146,2,Madrid,
HH_2795,Person_7146,male,51,50-54,,,Person_7145,0,Madrid,
HH_2796,Person_7147,female,3,0-4,Person_7150,,,0,,
HH_2796,Person_7148,male,1,0-4,Person_7150,,,0,,
HH_2796,Person_7149,male,2,0-4,Person_7150,,,0,,
HH_2796,Person_7150,male,31,30-34,,,,3,,Getafe norte
HH_2797,Person_7151,female,68,65-69,,,,0,,
HH_2798,Person_7152,male,16,15-19,Person_7155,,,0,,
HH_2798,Person_7153,male,9,5-9,Person_7155,,,0,,
HH_2798,Person_7154,female,17,15-19,Person_7155,,,0,,
HH_2798,Person_7155,male,51,50-54,,,,3,,Fuenlabrada
HH_2799,Person_7156,male,28,25-29,,,,0,,Madrid
HH_2799,Person_7157,male,27,25-29,,,,0,,
HH_2799,Person_7158,female,52,50-54,,,,0,,Madrid
HH_2800,Person_7159,female,12,10-14,Person_7160,,,0,Madrid,
HH_2800,Person_7160,male,53,50-54,,,Person_7161,1,Madrid,
HH_2800,Person_7161,male,38,35-39,,,Person_7160,0,Madrid,
HH_2801,Person_7162,female,41,40-44,,,,0,,Madrid
HH_2802,Person_7163,male,18,15-19,Person_7165,,,0,,
HH_2802,Person_7164,female,26,25-29,Person_7165,,,0,,
HH_2802,Person_7165,male,67,65-69,,,Person_7166,2,,
HH_2802,Person_7166,male,48,45-49,,,Person_7165,0,,Madrid
HH_2803,Person_7167,female,25,25-29,Person_7169,,,0,Madrid,
HH_2803,Person_7168,male,16,15-19,Person_7169,,,0,Madrid,
HH_2803,Person_7169,male,53,50-54,,,,2,Madrid,
HH_2804,Person_7170,male,0,0-4,Person_7172,,,0,,
HH_2804,Person_7171,female,26,25-29,Person_7172,,,0,,Alcorcon
HH_2804,Person_7172,male,56,55-59,,,Person_7173,2,,
HH_2804,Person_7173,male,26,25-29,,,Person_7172,0,,Biblioteca Rey Pastor
HH_2805,Person_7174,male,15,15-19,,Person_7176,,0,Getafe norte,
HH_2805,Person_7175,female,32,30-34,,Person_7176,,0,Getafe norte,
HH_2805,Person_7176,female,62,60-64,,,Person_7177,2,Getafe norte,
HH_2805,Person_7177,female,60,60-64,,,Person_7176,0,Getafe norte,
HH_2806,Person_7178,male,94,90-94,,,,0,,
HH_2806,Person_7179,male,18,15-19,,,,0,,Fundación IMDEA Networks
HH_2806,Person_7180,male,20,20-24,,,,0,,Edificio Sabatini
HH_2806,Person_7181,male,95,95-99,,,,0,,
HH_2807,Person_7182,female,24,20-24,,Person_7184,,0,,Edificio Sabatini
HH_2807,Person_7183,female,27,25-29,,Person_7184,,0,,
HH_2807,Person_7184,female,69,65-69,,,Person_7185,2,,
HH_2807,Person_7185,female,75,75-79,,,Person_7184,0,,
HH_2808,Person_7186,male,49,45-49,,,,0,,Madrid
HH_2809,Person_7187,female,12,10-14,,Person_7189,,0,Madrid,
HH_2809,Person_7188,female,32,30-34,,Person_7189,,0,Madrid,
HH_2809,Person_7189,female,62,60-64,,,Person_7190,2,Madrid,
HH_2809,Person_7190,female,85,85-89,,,Person_7189,0,Madrid,
HH_2810,Person_7191,male,19,15-19,,,,0,,Parque Científico de la Universidad Carlos III de Madrid
HH_2810,Person_7192,female,33,30-34,,,,0,,Madrid
HH_2810,Person_7193,male,31,30-34,,,,0,,
HH_2810,Person_7194,female,38,35-39,,,,0,,Madrid
HH_2810,Person_7195,female,94,90-94,,,,0,,
HH_2811,Person_7196,male,30,30-34,,,,0,,Madrid
HH_2811,Person_7197,female,76,75-79,,,,0,,
HH_2812,Person_7198,male,62,60-64,,,,0,,Madrid
HH_2813,Person_7199,male,23,20-24,Person_7201,,,0,,Edificio Sabatini
HH_2813,Person_7200,female,31,30-34,Person_7201,,,0,,Madrid
HH_2813,Person_7201,male,71,70-74,,,Person_7202,2,,
HH_2813,Person_7202,male,57,55-59,,,Person_7201,0,,Madrid
HH_2814,Person_7203,female,9,5-9,,Person_7206,,0,,
HH_2814,Person_7204,female,2,0-4,,Person_7206,,0,,
HH_2814,Person_7205,male,11,10-14,,Person_7206,,0,,
HH_2814,Person_7206,female,51,50-54,,,,3,,Madrid
HH_2815,Person_7207,female,35,35-39,,Person_7209,,0,,Madrid
HH_2815,Person_7208,male,43,40-44,,Person_7209,,0,,Madrid
HH_2815,Person_7209,female,85,85-89,,,,2,,
HH_2816,Person_7210,female,48,45-49,,,,0,Madrid,
HH_2816,Person_7211,female,68,65-69,,,,0,Madrid,
HH_2817,Person_7212,female,10,10-14,,Person_7213,,0,Fuenlabrada,
HH_2817,Person_7213,female,39,35-39,,,Person_7214,1,Fuenlabrada,
HH_2817,Person_7214,female,44,40-44,,,Person_7213,0,Fuenlabrada,
HH_2818,Person_7215,male,29,25-29,,,,0,,
HH_2819,Person_7216,female,46,45-49,,,,0,,
HH_2819,Person_7217,male,42,40-44,,,,0,,Madrid
HH_2820,Person_7218,male,24,20-24,Person_7219,,,0,Fuenlabrada,McDonald's
HH_2820,Person_7219,male,50,50-54,,,,1,Fuenlabrada,
HH_2821,Person_7220,male,77,75-79,,,,0,,
HH_2822,Person_7221,male,58,55-59,,,,0,,Madrid
HH_2822,Person_7222,male,63,60-64,,,,0,,Fuenlabrada
HH_2823,Person_7223,male,29,25-29,,,,0,,Madrid
HH_2824,Person_7224,female,79,75-79,,,,0,Fuenlabrada,
HH_2824,Person_7225,male,65,65-69,,,,0,Fuenlabrada,
HH_2825,Person_7226,female,48,45-49,,,,0,,Madrid
HH_2826,Person_7227,male,6,5-9,Person_7230,,,0,,
HH_2826,Person_7228,female,1,0-4,Person_7230,,,0,,Escuela Infantil Rosa Caramelo
HH_2826,Person_7229,male,4,0-4,Person_7230,,,0,,
HH_2826,Person_7230,male,39,35-39,,,Person_7231,3,,Madrid
HH_2826,Person_7231,male,34,30-34,,,Person_7230,0,,Madrid
HH_2827,Person_7232,male,20,20-24,Person_7234,,,0,,
HH_2827,Person_7233,female,35,35-39,Person_7234,,,0,,
HH_2827,Person_7234,male,71,70-74,,,Person_7235,2,,
HH_2827,Person_7235,male,72,70-74,,,Person_7234,0,,
HH_2828,Person_7236,female,12,10-14,Person_7240,,,0,,
HH_2828,Person_7237,male,4,0-4,Person_7240,,,0,,
HH_2828,Person_7238,male,18,15-19,Person_7240,,,0,,
HH_2828,Person_7239,male,3,0-4,Person_7240,,,0,,Escuela Infantil Rosa Caramelo
HH_2828,Person_7240,male,48,45-49,,,,4,,Madrid
HH_2829,Person_7241,female,30,30-34,,,,0,,Madrid
HH_2829,Person_7242,male,92,90-94,,,,0,,
HH_2830,Person_7243,male,16,15-19,,Person_7244,,0,,
HH_2830,Person_7244,female,42,40-44,,,Person_7245,1,,Madrid
HH_2830,Person_7245,female,45,45-49,,,Person_7244,0,,Madrid
HH_2831,Person_7246,male,44,40-44,,,,0,Madrid,Biblioteca Central y Archivo municipal de Leganés
HH_2831,Person_7247,female,45,45-49,,,,0,Madrid,
HH_2832,Person_7248,female,73,70-74,,,,0,,
HH_2833,Person_7249,female,73,70-74,,,,0,,
HH_2834,Person_7250,female,94,90-94,,,,0,,
HH_2834,Person_7251,female,58,55-59,,,,0,,Madrid
HH_2835,Person_7252,female,99,95-99,,,,0,Madrid,
HH_2836,Person_7253,male,31,30-34,,Person_7254,,0,Madrid,
HH_2836,Person_7254,female,65,65-69,,,,1,Madrid,
HH_2837,Person_7255,female,25,25-29,Person_7256,,,0,Madrid,Edificio Sabatini
HH_2837,Person_7256,male,57,55-59,,,,1,Madrid,
HH_2838,Person_7257,female,34,30-34,,Person_7258,,0,,Madrid
HH_2838,Person_7258,female,74,70-74,,,,1,,
HH_2839,Person_7259,male,22,20-24,,,,0,Hotel de Asociaciones,
HH_2840,Person_7260,female,38,35-39,Person_7262,,,0,,
HH_2840,Person_7261,female,39,35-39,Person_7262,,,0,,Madrid
HH_2840,Person_7262,male,57,55-59,,,Person_7263,2,,Madrid
HH_2840,Person_7263,male,44,40-44,,,Person_7262,0,,Madrid
HH_2841,Person_7264,female,12,10-14,Person_7267,,,0,Aurgi,
HH_2841,Person_7265,female,21,20-24,Person_7267,,,0,Aurgi,Madrid
HH_2841,Person_7266,female,6,5-9,Person_7267,,,0,Aurgi,
HH_2841,Person_7267,male,48,45-49,,,,3,Aurgi,Madrid
HH_2842,Person_7268,male,20,20-24,,Person_7270,,0,Extremadura,Fundación IMDEA Networks
HH_2842,Person_7269,male,30,30-34,,Person_7270,,0,Extremadura,Parque Científico de la Universidad Carlos III de Madrid
HH_2842,Person_7270,female,63,60-64,,,Person_7271,2,Extremadura,
HH_2842,Person_7271,female,56,55-59,,,Person_7270,0,Extremadura,
HH_2843,Person_7272,female,9,5-9,,Person_7273,,0,,
HH_2843,Person_7273,female,44,40-44,,,,1,,Madrid
HH_2844,Person_7274,female,39,35-39,,,,0,,Madrid
HH_2845,Person_7275,female,56,55-59,,,,0,,Madrid
HH_2845,Person_7276,male,47,45-49,,,,0,,Fuenlabrada
HH_2846,Person_7277,male,28,25-29,,,,0,,Madrid
HH_2846,Person_7278,male,69,65-69,,,,0,,
HH_2847,Person_7279,female,38,35-39,Person_7280,,,0,,Madrid
HH_2847,Person_7280,male,55,55-59,,,,1,,
HH_2848,Person_7281,female,3,0-4,Person_7283,,,0,,
HH_2848,Person_7282,male,32,30-34,Person_7283,,,0,,Mostoles
HH_2848,Person_7283,male,61,60-64,,,Person_7284,2,,Madrid
HH_2848,Person_7284,male,53,50-54,,,Person_7283,0,,Alcorcon
HH_2849,Person_7285,male,15,15-19,,Person_7286,,0,,
HH_2849,Person_7286,female,47,45-49,,,Person_7287,1,,Fuenlabrada
HH_2849,Person_7287,female,45,45-49,,,Person_7286,0,,Madrid
HH_2850,Person_7288,female,72,70-74,,,,0,,
HH_2850,Person_7289,male,68,65-69,,,,0,,
HH_2851,Person_7290,female,16,15-19,,Person_7293,,0,,
HH_2851,Person_7291,female,16,15-19,,Person_7293,,0,,
HH_2851,Person_7292,male,16,15-19,,Person_7293,,0,,
HH_2851,Person_7293,female,46,45-49,,,,3,,Madrid
HH_2852,Person_7294,female,87,85-89,,,,0,Madrid,
HH_2853,Person_7295,female,25,25-29,,Person_7296,,0,,Edificio Sabatini
HH_2853,Person_7296,female,68,65-69,,,Person_7297,1,,
HH_2853,Person_7297,female,56,55-59,,,Person_7296,0,,Madrid
HH_2854,Person_7298,female,97,95-99,,,,0,Madrid,
HH_2854,Person_7299,female,20,20-24,,,,0,Madrid,
HH_2855,Person_7300,male,88,85-89,,,,0,,
HH_2856,Person_7301,male,34,30-34,,,,0,Mercedes-Benz Citycar Sur S.A.,Madrid
HH_2856,Person_7302,female,87,85-89,,,,0,Mercedes-Benz Citycar Sur S.A.,
HH_2857,Person_7303,female,52,50-54,,,,0,,Alcorcon
HH_2857,Person_7304,male,80,80-84,,,,0,,
HH_2858,Person_7305,female,38,35-39,,Person_7306,,0,Madrid,
HH_2858,Person_7306,female,63,60-64,,,,1,Madrid,
HH_2859,Person_7307,female,14,10-14,,Person_7309,,0,,
HH_2859,Person_7308,male,30,30-34,,Person_7309,,0,,Edificio Agustín de Betancourt
HH_2859,Person_7309,female,58,55-59,,,Person_7310,2,,Madrid
HH_2859,Person_7310,female,42,40-44,,,Person_7309,0,,Madrid
HH_2860,Person_7311,male,16,15-19,,Person_7312,,0,,
HH_2860,Person_7312,female,49,45-49,,,Person_7313,1,,
HH_2860,Person_7313,female,52,50-54,,,Person_7312,0,,Madrid
HH_2861,Person_7314,female,14,10-14,,Person_7316,,0,,
HH_2861,Person_7315,female,27,25-29,,Person_7316,,0,,Edificio Juan Benet
HH_2861,Person_7316,female,66,65-69,,,Person_7317,2,,
HH_2861,Person_7317,female,75,75-79,,,Person_7316,0,,
HH_2862,Person_7318,male,41,40-44,,,,0,Madrid,Opel Seliauto
HH_2863,Person_7319,female,39,35-39,,Person_7320,,0,,Madrid
HH_2863,Person_7320,female,71,70-74,,,,1,,
HH_2864,Person_7321,female,18,15-19,,,,0,,
HH_2864,Person_7322,female,19,15-19,,,,0,,Biblioteca Rey Pastor
HH_2865,Person_7323,male,21,20-24,,Person_7325,,0,,
HH_2865,Person_7324,female,33,30-34,,Person_7325,,0,,Fuenlabrada
HH_2865,Person_7325,female,52,50-54,,,Person_7326,2,,Madrid
HH_2865,Person_7326,female,52,50-54,,,Person_7325,0,,Madrid
HH_2866,Person_7327,male,3,0-4,,Person_7329,,0,,
HH_2866,Person_7328,male,9,5-9,,Person_7329,,0,,
HH_2866,Person_7329,female,24,20-24,,,,2,,
HH_2867,Person_7330,male,36,35-39,,,,0,,Madrid
HH_2868,Person_7331,female,24,20-24,,,,0,,Edificio Torres Quevedo
HH_2868,Person_7332,female,55,55-59,,,,0,,Madrid
HH_2869,Person_7333,male,19,15-19,Person_7335,,,0,,Madrid
HH_2869,Person_7334,female,30,30-34,Person_7335,,,0,,Parque Científico de la Universidad Carlos III de Madrid
HH_2869,Person_7335,male,73,70-74,,,Person_7336,2,,
HH_2869,Person_7336,male,59,55-59,,,Person_7335,0,,
HH_2870,Person_7337,female,19,15-19,,Person_7341,,0,,Fuenlabrada
HH_2870,Person_7338,male,1,0-4,,Person_7341,,0,,
HH_2870,Person_7339,female,4,0-4,,Person_7341,,0,,
HH_2870,Person_7340,female,10,10-14,,Person_7341,,0,,
HH_2870,Person_7341,female,55,55-59,,,,4,,Madrid
HH_2871,Person_7342,male,32,30-34,,,,0,Madrid,
HH_2871,Person_7343,male,39,35-39,,,,0,Madrid,
HH_2871,Person_7344,female,25,25-29,,,,0,Madrid,Edificio Sabatini
HH_2872,Person_7345,male,23,20-24,Person_7347,,,0,Madrid,
HH_2872,Person_7346,female,31,30-34,Person_7347,,,0,Madrid,
HH_2872,Person_7347,male,56,55-59,,,Person_7348,2,Madrid,
HH_2872,Person_7348,male,42,40-44,,,Person_7347,0,Madrid,
HH_2873,Person_7349,female,60,60-64,,,,0,,Madrid
HH_2874,Person_7350,female,14,10-14,Person_7353,,,0,,
HH_2874,Person_7351,male,2,0-4,Person_7353,,,0,,Escuela Infantil Rosa Caramelo
HH_2874,Person_7352,male,7,5-9,Person_7353,,,0,,
HH_2874,Person_7353,male,44,40-44,,,,3,,Madrid
HH_2875,Person_7354,male,37,35-39,,,,0,,Madrid
HH_2875,Person_7355,female,43,40-44,,,,0,,Madrid
HH_2876,Person_7356,female,15,15-19,Person_7357,,,0,,
HH_2876,Person_7357,male,33,30-34,,,Person_7358,1,,Mostoles
HH_2876,Person_7358,male,30,30-34,,,Person_7357,0,,Biblioteca Rey Pastor
HH_2877,Person_7359,female,14,10-14,,Person_7362,,0,,
HH_2877,Person_7360,female,9,5-9,,Person_7362,,0,,
HH_2877,Person_7361,female,11,10-14,,Person_7362,,0,,
HH_2877,Person_7362,female,30,30-34,,,Person_7363,3,,Madrid
HH_2877,Person_7363,female,31,30-34,,,Person_7362,0,,Fuenlabrada
HH_2878,Person_7364,male,67,65-69,,,,0,,
HH_2878,Person_7365,female,57,55-59,,,,0,,Madrid
HH_2879,Person_7366,female,21,20-24,Person_7368,,,0,,
HH_2879,Person_7367,female,26,25-29,Person_7368,,,0,,Madrid
HH_2879,Person_7368,male,43,40-44,,,Person_7369,2,,Madrid
HH_2879,Person_7369,male,41,40-44,,,Person_7368,0,,
HH_2880,Person_7370,male,8,5-9,Person_7371,,,0,,
HH_2880,Person_7371,male,36,35-39,,,Person_7372,1,,Madrid
HH_2880,Person_7372,male,27,25-29,,,Person_7371,0,,
HH_2881,Person_7373,male,43,40-44,Person_7375,,,0,,Madrid
HH_2881,Person_7374,male,41,40-44,Person_7375,,,0,,Madrid
HH_2881,Person_7375,male,79,75-79,,,Person_7376,2,,
HH_2881,Person_7376,male,53,50-54,,,Person_7375,0,,Madrid
HH_2882,Person_7377,female,11,10-14,Person_7378,,,0,,
HH_2882,Person_7378,male,39,35-39,,,Person_7379,1,,Madrid
HH_2882,Person_7379,male,38,35-39,,,Person_7378,0,,Getafe norte
HH_2883,Person_7380,female,15,15-19,Person_7382,,,0,,
HH_2883,Person_7381,male,34,30-34,Person_7382,,,0,,Madrid
HH_2883,Person_7382,male,78,75-79,,,Person_7383,2,,
HH_2883,Person_7383,male,75,75-79,,,Person_7382,0,,
HH_2884,Person_7384,female,26,25-29,,,,0,Madrid,Tanatorio de Leganés
HH_2884,Person_7385,female,83,80-84,,,,0,Madrid,
HH_2885,Person_7386,female,68,65-69,,,,0,,
HH_2886,Person_7387,male,31,30-34,,,,0,,Madrid
HH_2886,Person_7388,female,89,85-89,,,,0,,
HH_2887,Person_7389,male,38,35-39,,,,0,Madrid,
HH_2888,Person_7390,male,75,75-79,,,,0,,
HH_2888,Person_7391,female,36,35-39,,,,0,,Madrid
HH_2889,Person_7392,female,4,0-4,Person_7394,,,0,,
HH_2889,Person_7393,female,2,0-4,Person_7394,,,0,,
HH_2889,Person_7394,male,22,20-24,,,,2,,Madrid
HH_2890,Person_7395,female,20,20-24,,,,0,Madrid,Fundación IMDEA Networks
HH_2890,Person_7396,female,92,90-94,,,,0,Madrid,
HH_2891,Person_7397,male,21,20-24,Person_7399,,,0,,Madrid
HH_2891,Person_7398,male,31,30-34,Person_7399,,,0,,Madrid
HH_2891,Person_7399,male,71,70-74,,,,2,,
HH_2892,Person_7400,male,6,5-9,Person_7401,,,0,,
HH_2892,Person_7401,male,33,30-34,,,Person_7402,1,,Madrid
HH_2892,Person_7402,male,32,30-34,,,Person_7401,0,,Madrid
HH_2893,Person_7403,female,82,80-84,,,,0,,
HH_2894,Person_7404,male,73,70-74,,,,0,,
HH_2894,Person_7405,male,34,30-34,,,,0,,Getafe norte
HH_2895,Person_7406,male,22,20-24,,,,0,,Edificio Sabatini
HH_2895,Person_7407,female,29,25-29,,,,0,,
HH_2896,Person_7408,female,98,95-99,,,,0,,
HH_2897,Person_7409,male,13,10-14,,Person_7411,,0,,
HH_2897,Person_7410,female,32,30-34,,Person_7411,,0,,Madrid
HH_2897,Person_7411,female,70,70-74,,,Person_7412,2,,
HH_2897,Person_7412,female,86,85-89,,,Person_7411,0,,
HH_2898,Person_7413,female,33,30-34,,,,0,Getafe norte,
HH_2898,Person_7414,male,72,70-74,,,,0,Getafe norte,
HH_2898,Person_7415,female,37,35-39,,,,0,Getafe norte,
HH_2899,Person_7416,female,2,0-4,Person_7419,,,0,,
HH_2899,Person_7417,female,0,0-4,Person_7419,,,0,,
HH_2899,Person_7418,male,7,5-9,Person_7419,,,0,,
HH_2899,Person_7419,male,39,35-39,,,Person_7420,3,,Mostoles
HH_2899,Person_7420,male,40,40-44,,,Person_7419,0,,Madrid
HH_2900,Person_7421,male,21,20-24,,Person_7423,,0,,
HH_2900,Person_7422,female,29,25-29,,Person_7423,,0,,Parque Científico de la Universidad Carlos III de Madrid
HH_2900,Person_7423,female,59,55-59,,,Person_7424,2,,
HH_2900,Person_7424,female,88,85-89,,,Person_7423,0,,
HH_2901,Person_7425,female,22,20-24,Person_7427,,,0,Madrid,Edificio Juan Benet
HH_2901,Person_7426,female,26,25-29,Person_7427,,,0,Madrid,
HH_2901,Person_7427,male,64,60-64,,,,2,Madrid,
HH_2902,Person_7428,male,20,20-24,,,,0,Madrid,Biblioteca Rey Pastor
HH_2903,Person_7429,male,76,75-79,,,,0,,
HH_2903,Person_7430,female,93,90-94,,,,0,,
HH_2904,Person_7431,female,40,40-44,,,,0,,Mostoles
HH_2905,Person_7432,male,55,55-59,,,,0,Madrid,
HH_2906,Person_7433,female,89,85-89,,,,0,,
HH_2906,Person_7434,female,42,40-44,,,,0,,Fuenlabrada
HH_2907,Person_7435,female,33,30-34,Person_7437,,,0,,Fuenlabrada
HH_2907,Person_7436,male,29,25-29,Person_7437,,,0,,Madrid
HH_2907,Person_7437,male,59,55-59,,,Person_7438,2,,Madrid
HH_2907,Person_7438,male,55,55-59,,,Person_7437,0,,Madrid
HH_2908,Person_7439,female,3,0-4,,Person_7442,,0,,
HH_2908,Person_7440,male,11,10-14,,Person_7442,,0,,
HH_2908,Person_7441,female,1,0-4,,Person_7442,,0,,
HH_2908,Person_7442,female,37,35-39,,,Person_7443,3,,Spik Leben
HH_2908,Person_7443,female,36,35-39,,,Person_7442,0,,Madrid
HH_2909,Person_7444,female,27,25-29,Person_7445,,,0,Fuenlabrada,Edificio Juan Benet
HH_2909,Person_7445,male,55,55-59,,,,1,Fuenlabrada,
HH_2910,Person_7446,female,98,95-99,,,,0,,
HH_2911,Person_7447,male,22,20-24,Person_7448,,,0,,Mostoles
HH_2911,Person_7448,male,50,50-54,,,Person_7449,1,,Getafe norte
HH_2911,Person_7449,male,49,45-49,,,Person_7448,0,,Madrid
HH_2912,Person_7450,female,79,75-79,,,,0,,
HH_2913,Person_7451,female,19,15-19,,Person_7452,,0,,
HH_2913,Person_7452,female,52,50-54,,,,1,,Madrid
HH_2914,Person_7453,female,81,80-84,,,,0,,
HH_2914,Person_7454,female,71,70-74,,,,0,,
HH_2914,Person_7455,male,76,75-79,,,,0,,
HH_2914,Person_7456,male,25,25-29,,,,0,,Grúas Aguado
HH_2914,Person_7457,male,43,40-44,,,,0,,Madrid
HH_2915,Person_7458,male,27,25-29,,,,0,Alcorcon,
HH_2916,Person_7459,female,77,75-79,,,,0,,
HH_2916,Person_7460,female,22,20-24,,,,0,,Madrid
HH_2917,Person_7461,female,27,25-29,,,,0,,Madrid
HH_2918,Person_7462,female,3,0-4,,Person_7464,,0,,
HH_2918,Person_7463,male,34,30-34,,Person_7464,,0,,
HH_2918,Person_7464,female,65,65-69,,,Person_7465,2,,
HH_2918,Person_7465,female,69,65-69,,,Person_7464,0,,
HH_2919,Person_7466,female,42,40-44,,,,0,,Mostoles
HH_2919,Person_7467,female,81,80-84,,,,0,,
HH_2920,Person_7468,female,19,15-19,Person_7470,,,0,,Biblioteca Rey Pastor
HH_2920,Person_7469,male,27,25-29,Person_7470,,,0,,
HH_2920,Person_7470,male,67,65-69,,,,2,,
HH_2921,Person_7471,male,54,50-54,,,,0,,Madrid
HH_2921,Person_7472,male,66,65-69,,,,0,,
HH_2922,Person_7473,male,0,0-4,Person_7474,,,0,Getafe norte,
HH_2922,Person_7474,male,38,35-39,,,Person_7475,1,Getafe norte,
HH_2922,Person_7475,male,31,30-34,,,Person_7474,0,Getafe norte,
HH_2923,Person_7476,male,84,80-84,,,,0,,
HH_2923,Person_7477,male,93,90-94,,,,0,,
HH_2924,Person_7478,male,11,10-14,Person_7480,,,0,Getafe norte,Escuela Municipal de Música Manuel Rodríguez Sales
HH_2924,Person_7479,male,27,25-29,Person_7480,,,0,Getafe norte,
HH_2924,Person_7480,male,63,60-64,,,Person_7481,2,Getafe norte,
HH_2924,Person_7481,male,55,55-59,,,Person_7480,0,Getafe norte,
HH_2925,Person_7482,female,41,40-44,,Person_7483,,0,,Madrid
HH_2925,Person_7483,female,68,65-69,,,Person_7484,1,,
HH_2925,Person_7484,female,62,60-64,,,Person_7483,0,,Madrid
HH_2926,Person_7485,female,28,25-29,,Person_7486,,0,,Parque Científico de la Universidad Carlos III de Madrid
HH_2926,Person_7486,female,68,65-69,,,Person_7487,1,,
HH_2926,Person_7487,female,56,55-59,,,Person_7486,0,,Madrid
HH_2927,Person_7488,female,25,25-29,Person_7490,,,0,Fuenlabrada,
HH_2927,Person_7489,female,34,30-34,Person_7490,,,0,Fuenlabrada,
HH_2927,Person_7490,male,70,70-74,,,,2,Fuenlabrada,
HH_2928,Person_7491,male,31,30-34,Person_7492,,,0,Madrid,Maxam
HH_2928,Person_7492,male,72,70-74,,,Person_7493,1,Madrid,
HH_2928,Person_7493,male,51,50-54,,,Person_7492,0,Madrid,Bar Saloon El Paso
HH_2929,Person_7494,female,65,65-69,,,,0,,
HH_2929,Person_7495,female,81,80-84,,,,0,,
HH_2929,Person_7496,male,51,50-54,,,,0,,Madrid
HH_2930,Person_7497,male,60,60-64,,Person_7498,,0,,
HH_2930,Person_7498,female,95,95-99,,,,1,,
HH_2931,Person_7499,male,25,25-29,Person_7502,,,0,,Biblioteca Rey Pastor
HH_2931,Person_7500,female,3,0-4,Person_7502,,,0,,
HH_2931,Person_7501,male,11,10-14,Person_7502,,,0,,
HH_2931,Person_7502,male,58,55-59,,,Person_7503,3,,Madrid
HH_2931,Person_7503,male,56,55-59,,,Person_7502,0,,
HH_2932,Person_7504,female,30,30-34,Person_7505,,,0,Madrid,
HH_2932,Person_7505,male,74,70-74,,,,1,Madrid,
HH_2933,Person_7506,male,89,85-89,,,,0,,
HH_2934,Person_7507,male,44,40-44,,,,0,Extremadura,
HH_2935,Person_7508,female,26,25-29,,,,0,,
HH_2935,Person_7509,male,45,45-49,,,,0,,Madrid
HH_2936,Person_7510,male,15,15-19,,Person_7513,,0,,
HH_2936,Person_7511,female,4,0-4,,Person_7513,,0,,
HH_2936,Person_7512,male,5,5-9,,Person_7513,,0,,
HH_2936,Person_7513,female,48,45-49,,,Person_7514,3,,Alcorcon
HH_2936,Person_7514,female,48,45-49,,,Person_7513,0,,Madrid
HH_2937,Person_7515,female,18,15-19,,Person_7517,,0,Fuenlabrada,
HH_2937,Person_7516,female,26,25-29,,Person_7517,,0,Fuenlabrada,Edificio Juan Benet
HH_2937,Person_7517,female,62,60-64,,,Person_7518,2,Fuenlabrada,
HH_2937,Person_7518,female,88,85-89,,,Person_7517,0,Fuenlabrada,
HH_2938,Person_7519,female,11,10-14,Person_7522,,,0,,
HH_2938,Person_7520,male,9,5-9,Person_7522,,,0,,
HH_2938,Person_7521,male,0,0-4,Person_7522,,,0,,
HH_2938,Person_7522,male,44,40-44,,,Person_7523,3,,Madrid
HH_2938,Person_7523,male,40,40-44,,,Person_7522,0,,Madrid
HH_2939,Person_7524,female,46,45-49,,,,0,Madrid,
HH_2940,Person_7525,female,36,35-39,,Person_7527,,0,,Madrid
HH_2940,Person_7526,female,27,25-29,,Person_7527,,0,,Biblioteca Rey Pastor
HH_2940,Person_7527,female,54,50-54,,,Person_7528,2,,Alcorcon
HH_2940,Person_7528,female,57,55-59,,,Person_7527,0,,Madrid
HH_2941,Person_7529,female,93,90-94,,,,0,,
HH_2942,Person_7530,male,29,25-29,,,,0,,Parque Científico de la Universidad Carlos III de Madrid
HH_2943,Person_7531,female,68,65-69,,,,0,,
HH_2944,Person_7532,female,55,55-59,,,,0,,Logista
HH_2944,Person_7533,male,95,95-99,,,,0,,
HH_2945,Person_7534,female,23,20-24,Person_7535,,,0,Mostoles,Carrefour Express
HH_2945,Person_7535,male,65,65-69,,,Person_7536,1,Mostoles,
HH_2945,Person_7536,male,42,40-44,,,Person_7535,0,Mostoles,
HH_2946,Person_7537,female,83,80-84,,,,0,,
HH_2947,Person_7538,male,7,5-9,Person_7542,,,0,,
HH_2947,Person_7539,female,3,0-4,Person_7542,,,0,,
HH_2947,Person_7540,female,3,0-4,Person_7542,,,0,,
HH_2947,Person_7541,male,3,0-4,Person_7542,,,0,,
HH_2947,Person_7542,male,37,35-39,,,,4,,Madrid
HH_2948,Person_7543,male,22,20-24,Person_7544,,,0,,Madrid
HH_2948,Person_7544,male,55,55-59,,,Person_7545,1,,Madrid
HH_2948,Person_7545,male,72,70-74,,,Person_7544,0,,
HH_2949,Person_7546,male,34,30-34,,,,0,,Madrid
HH_2950,Person_7547,male,40,40-44,,Person_7548,,0,Madrid,
HH_2950,Person_7548,female,75,75-79,,,,1,Madrid,
HH_2951,Person_7549,male,41,40-44,Person_7550,,,0,,
HH_2951,Person_7550,male,56,55-59,,,Person_7551,1,,Alcorcon
HH_2951,Person_7551,male,35,35-39,,,Person_7550,0,,Fuenlabrada
HH_2952,Person_7552,female,14,10-14,,Person_7553,,0,,
HH_2952,Person_7553,female,58,55-59,,,,1,,Madrid
HH_2953,Person_7554,male,39,35-39,,,,0,Alcorcon,
HH_2953,Person_7555,female,48,45-49,,,,0,Alcorcon,
HH_2954,Person_7556,female,87,85-89,,,,0,,
HH_2955,Person_7557,male,31,30-34,Person_7558,,,0,,Madrid
HH_2955,Person_7558,male,58,55-59,,,Person_7559,1,,Madrid
HH_2955,Person_7559,male,56,55-59,,,Person_7558,0,,Madrid
HH_2956,Person_7560,female,8,5-9,Person_7562,,,0,,
HH_2956,Person_7561,female,16,15-19,Person_7562,,,0,,
HH_2956,Person_7562,male,47,45-49,,,,2,,
HH_2957,Person_7563,female,94,90-94,,,,0,,
HH_2958,Person_7564,female,20,20-24,,Person_7566,,0,Madrid,Parque Científico de la Universidad Carlos III de Madrid
HH_2958,Person_7565,male,25,25-29,,Person_7566,,0,Madrid,Aceros IMS
HH_2958,Person_7566,female,56,55-59,,,Person_7567,2,Madrid,
HH_2958,Person_7567,female,59,55-59,,,Person_7566,0,Madrid,
HH_2959,Person_7568,male,6,5-9,Person_7570,,,0,Madrid,
HH_2959,Person_7569,male,12,10-14,Person_7570,,,0,Madrid,
HH_2959,Person_7570,male,27,25-29,,,,2,Madrid,Edificio Torres Quevedo
HH_2960,Person_7571,male,39,35-39,,,,0,Fuenlabrada,
HH_2960,Person_7572,male,77,75-79,,,,0,Fuenlabrada,
HH_2961,Person_7573,female,35,35-39,,,,0,Madrid,Centro de Salud Marie Curie
HH_2962,Person_7574,male,22,20-24,,,,0,Madrid,
HH_2962,Person_7575,female,67,65-69,,,,0,Madrid,
HH_2963,Person_7576,female,90,90-94,,,,0,,
HH_2964,Person_7577,male,36,35-39,Person_7578,,,0,,Madrid
HH_2964,Person_7578,male,80,80-84,,,Person_7579,1,,
HH_2964,Person_7579,male,43,40-44,,,Person_7578,0,,Madrid
HH_2965,Person_7580,male,23,20-24,,Person_7582,,0,,Edificio Torres Quevedo
HH_2965,Person_7581,male,26,25-29,,Person_7582,,0,,
HH_2965,Person_7582,female,64,60-64,,,,2,,Madrid
HH_2966,Person_7583,female,32,30-34,Person_7584,,,0,,Madrid
HH_2966,Person_7584,male,57,55-59,,,Person_7585,1,,Getafe norte
HH_2966,Person_7585,male,46,45-49,,,Person_7584,0,,Madrid
HH_2967,Person_7586,female,30,30-34,Person_7587,,,0,Fuenlabrada,Edificio Juan Benet
HH_2967,Person_7587,male,56,55-59,,,Person_7588,1,Fuenlabrada,
HH_2967,Person_7588,male,49,45-49,,,Person_7587,0,Fuenlabrada,
HH_2968,Person_7589,female,11,10-14,,Person_7592,,0,,
HH_2968,Person_7590,male,15,15-19,,Person_7592,,0,,
HH_2968,Person_7591,female,21,20-24,,Person_7592,,0,,Biblioteca Rey Pastor
HH_2968,Person_7592,female,53,50-54,,,,3,,Fuenlabrada
HH_2969,Person_7593,female,76,75-79,,,,0,,
HH_2970,Person_7594,male,58,55-59,,,,0,,Madrid
HH_2970,Person_7595,male,55,55-59,,,,0,,Madrid
HH_2971,Person_7596,female,27,25-29,,Person_7597,,0,Madrid,
HH_2971,Person_7597,female,62,60-64,,,Person_7598,1,Madrid,
HH_2971,Person_7598,female,75,75-79,,,Person_7597,0,Madrid,
HH_2972,Person_7599,female,6,5-9,Person_7601,,,0,,
HH_2972,Person_7600,female,29,25-29,Person_7601,,,0,,
HH_2972,Person_7601,male,68,65-69,,,Person_7602,2,,
HH_2972,Person_7602,male,46,45-49,,,Person_7601,0,,Madrid
HH_2973,Person_7603,female,58,55-59,,,,0,,Mostoles
HH_2974,Person_7604,female,35,35-39,,,,0,,Madrid
HH_2974,Person_7605,male,83,80-84,,,,0,,
HH_2975,Person_7606,female,16,15-19,,Person_7607,,0,,
HH_2975,Person_7607,female,42,40-44,,,,1,,
HH_2976,Person_7608,male,23,20-24,Person_7609,,,0,,Biblioteca Rey Pastor
HH_2976,Person_7609,male,55,55-59,,,,1,,Madrid
HH_2977,Person_7610,female,40,40-44,,,,0,Getafe norte,
HH_2978,Person_7611,male,12,10-14,,Person_7613,,0,,
HH_2978,Person_7612,female,34,30-34,,Person_7613,,0,,Madrid
HH_2978,Person_7613,female,73,70-74,,,Person_7614,2,,
HH_2978,Person_7614,female,56,55-59,,,Person_7613,0,,Madrid
HH_2979,Person_7615,female,2,0-4,,Person_7617,,0,,Escuela Infantil Rosa Caramelo
HH_2979,Person_7616,male,35,35-39,,Person_7617,,0,,Madrid
HH_2979,Person_7617,female,74,70-74,,,Person_7618,2,,
HH_2979,Person_7618,female,69,65-69,,,Person_7617,0,,
HH_2980,Person_7619,male,82,80-84,,,,0,,
HH_2980,Person_7620,male,94,90-94,,,,0,,
HH_2981,Person_7621,female,87,85-89,,,,0,,
HH_2982,Person_7622,female,13,10-14,,Person_7624,,0,,
HH_2982,Person_7623,male,27,25-29,,Person_7624,,0,,Fundación IMDEA Networks
HH_2982,Person_7624,female,71,70-74,,,Person_7625,2,,
HH_2982,Person_7625,female,85,85-89,,,Person_7624,0,,
HH_2983,Person_7626,female,31,30-34,,Person_7627,,0,,
HH_2983,Person_7627,female,64,60-64,,,Person_7628,1,,Madrid
HH_2983,Person_7628,female,80,80-84,,,Person_7627,0,,
HH_2984,Person_7629,male,17,15-19,,Person_7630,,0,Fuenlabrada,
HH_2984,Person_7630,female,35,35-39,,,Person_7631,1,Fuenlabrada,
HH_2984,Person_7631,female,40,40-44,,,Person_7630,0,Fuenlabrada,
HH_2985,Person_7632,female,82,80-84,,,,0,Madrid,
HH_2986,Person_7633,female,34,30-34,,Person_7634,,0,,Madrid
HH_2986,Person_7634,female,75,75-79,,,Person_7635,1,,
HH_2986,Person_7635,female,93,90-94,,,Person_7634,0,,
HH_2987,Person_7636,female,93,90-94,,,,0,,
HH_2988,Person_7637,male,22,20-24,,Person_7638,,0,,Biblioteca Rey Pastor
HH_2988,Person_7638,female,51,50-54,,,Person_7639,1,,Madrid
HH_2988,Person_7639,female,90,90-94,,,Person_7638,0,,
HH_2989,Person_7640,male,6,5-9,,Person_7641,,0,Madrid,
HH_2989,Person_7641,female,31,30-34,,,Person_7642,1,Madrid,
HH_2989,Person_7642,female,29,25-29,,,Person_7641,0,Madrid,
HH_2990,Person_7643,female,12,10-14,Person_7645,,,0,Madrid,
HH_2990,Person_7644,female,34,30-34,Person_7645,,,0,Madrid,
HH_2990,Person_7645,male,72,70-74,,,Person_7646,2,Madrid,
HH_2990,Person_7646,male,97,95-99,,,Person_7645,0,Madrid,
HH_2991,Person_7647,male,25,25-29,,Person_7648,,0,,Biblioteca Rey Pastor
HH_2991,Person_7648,female,42,40-44,,,,1,,Madrid
HH_2992,Person_7649,male,35,35-39,,,,0,Madrid,
HH_2993,Person_7650,female,30,30-34,,,,0,,Madrid
HH_2994,Person_7651,female,35,35-39,Person_7653,,,0,,Madrid
HH_2994,Person_7652,female,45,45-49,Person_7653,,,0,,Alcorcon
HH_2994,Person_7653,male,79,75-79,,,,2,,
HH_2995,Person_7654,male,17,15-19,Person_7656,,,0,,
HH_2995,Person_7655,male,32,30-34,Person_7656,,,0,,Getafe norte
HH_2995,Person_7656,male,59,55-59,,,Person_7657,2,,Madrid
HH_2995,Person_7657,male,58,55-59,,,Person_7656,0,,Getafe norte
HH_2996,Person_7658,female,49,45-49,,,,0,,Madrid
HH_2996,Person_7659,female,86,85-89,,,,0,,
HH_2997,Person_7660,male,3,0-4,Person_7664,,,0,,Escuela Infantil Rosa Caramelo
HH_2997,Person_7661,male,2,0-4,Person_7664,,,0,,
HH_2997,Person_7662,female,13,10-14,Person_7664,,,0,,
HH_2997,Person_7663,male,3,0-4,Person_7664,,,0,,
HH_2997,Person_7664,male,32,30-34,,,,4,,Madrid
HH_2998,Person_7665,male,50,50-54,,,,0,,Madrid
HH_2998,Person_7666,female,69,65-69,,,,0,,
HH_2999,Person_7667,female,40,40-44,,,,0,,
HH_3000,Person_7668,female,19,15-19,,,,0,Madrid,Parque Científico de la Universidad Carlos III de Madrid
HH_3000,Person_7669,male,43,40-44,,,,0,Madrid,
HH_3001,Person_7670,female,93,90-94,,,,0,Madrid,
HH_3002,Person_7671,male,75,75-79,,,,0,,
HH_3002,Person_7672,female,47,45-49,,,,0,,
HH_3002,Person_7673,female,31,30-34,,,,0,,Madrid
HH_3003,Person_7674,male,34,30-34,,,,0,Madrid,
HH_3004,Person_7675,female,16,15-19,Person_7679,,,0,,
HH_3004,Person_7676,male,2,0-4,Person_7679,,,0,,
HH_3004,Person_7677,male,15,15-19,Person_7679,,,0,,
HH_3004,Person_7678,female,19,15-19,Person_7679,,,0,,Madrid
HH_3004,Person_7679,male,63,60-64,,,,4,,Madrid
HH_3005,Person_7680,male,25,25-29,Person_7683,,,0,,
HH_3005,Person_7681,male,7,5-9,Person_7683,,,0,,
HH_3005,Person_7682,female,30,30-34,Person_7683,,,0,,Parque Científico de la Universidad Carlos III de Madrid
HH_3005,Person_7683,male,61,60-64,,,,3,,Madrid
HH_3006,Person_7684,female,31,30-34,,,,0,,Getafe norte
HH_3007,Person_7685,female,5,5-9,Person_7687,,,0,Alcorcon,
HH_3007,Person_7686,female,34,30-34,Person_7687,,,0,Alcorcon,
HH_3007,Person_7687,male,64,60-64,,,Person_7688,2,Alcorcon,
HH_3007,Person_7688,male,76,75-79,,,Person_7687,0,Alcorcon,
HH_3008,Person_7689,male,36,35-39,Person_7690,,,0,,Ford
HH_3008,Person_7690,male,72,70-74,,,Person_7691,1,,
HH_3008,Person_7691,male,91,90-94,,,Person_7690,0,,
HH_3009,Person_7692,male,64,60-64,,,,0,,Getafe norte
HH_3009,Person_7693,male,99,95-99,,,,0,,
HH_3010,Person_7694,male,7,5-9,,Person_7695,,0,,
HH_3010,Person_7695,female,44,40-44,,,Person_7696,1,,Madrid
HH_3010,Person_7696,female,35,35-39,,,Person_7695,0,,
HH_3011,Person_7697,female,12,10-14,,Person_7701,,0,Mazda,
HH_3011,Person_7698,male,11,10-14,,Person_7701,,0,Mazda,
HH_3011,Person_7699,female,0,0-4,,Person_7701,,0,Mazda,
HH_3011,Person_7700,male,19,15-19,,Person_7701,,0,Mazda,
HH_3011,Person_7701,female,58,55-59,,,,4,Mazda,Madrid
HH_3012,Person_7702,male,88,85-89,,,,0,,
HH_3012,Person_7703,female,50,50-54,,,,0,,Madrid
HH_3013,Person_7704,male,11,10-14,Person_7705,,,0,,
HH_3013,Person_7705,male,45,45-49,,,Person_7706,1,,Madrid
HH_3013,Person_7706,male,40,40-44,,,Person_7705,0,,Madrid
HH_3014,Person_7707,female,3,0-4,,Person_7708,,0,Getafe norte,
HH_3014,Person_7708,female,28,25-29,,,,1,Getafe norte,
HH_3015,Person_7709,female,49,45-49,,,,0,,Madrid
HH_3015,Person_7710,female,44,40-44,,,,0,,Madrid
HH_3016,Person_7711,male,31,30-34,,Person_7712,,0,,Madrid
HH_3016,Person_7712,female,65,65-69,,,Person_7713,1,,
HH_3016,Person_7713,female,66,65-69,,,Person_7712,0,,
HH_3017,Person_7714,male,29,25-29,Person_7715,,,0,,Madrid
HH_3017,Person_7715,male,68,65-69,,,,1,,
HH_3018,Person_7716,male,54,50-54,,,,0,Extremadura,
HH_3018,Person_7717,male,35,35-39,,,,0,Extremadura,
HH_3019,Person_7718,female,6,5-9,,Person_7719,,0,,
HH_3019,Person_7719,female,24,20-24,,,,1,,
HH_3020,Person_7720,male,14,10-14,Person_7721,,,0,Madrid,
HH_3020,Person_7721,male,42,40-44,,,,1,Madrid,
HH_3021,Person_7722,female,84,80-84,,,,0,Fuenlabrada,
HH_3022,Person_7723,female,41,40-44,Person_7724,,,0,,Madrid
HH_3022,Person_7724,male,83,80-84,,,Person_7725,1,,
HH_3022,Person_7725,male,57,55-59,,,Person_7724,0,,Madrid
HH_3023,Person_7726,male,3,0-4,,Person_7729,,0,,Escuela Infantil Rosa Caramelo
HH_3023,Person_7727,female,4,0-4,,Person_7729,,0,,
HH_3023,Person_7728,female,13,10-14,,Person_7729,,0,,
HH_3023,Person_7729,female,48,45-49,,,,3,,Madrid
HH_3024,Person_7730,female,61,60-64,Person_7731,,,0,Madrid,
HH_3024,Person_7731,male,87,85-89,,,,1,Madrid,
HH_3025,Person_7732,female,5,5-9,Person_7734,,,0,Alcorcon,
HH_3025,Person_7733,male,26,25-29,Person_7734,,,0,Alcorcon,
HH_3025,Person_7734,male,60,60-64,,,Person_7735,2,Alcorcon,
HH_3025,Person_7735,male,82,80-84,,,Person_7734,0,Alcorcon,
HH_3026,Person_7736,female,28,25-29,,,,0,,Madrid
HH_3027,Person_7737,male,53,50-54,,,,0,,Madrid
HH_3027,Person_7738,female,80,80-84,,,,0,,
HH_3028,Person_7739,male,78,75-79,,,,0,,
HH_3028,Person_7740,male,99,95-99,,,,0,,
HH_3028,Person_7741,female,99,95-99,,,,0,,
HH_3028,Person_7742,female,80,80-84,,,,0,,
HH_3028,Person_7743,male,76,75-79,,,,0,,
HH_3029,Person_7744,male,66,65-69,,,,0,Centro de Salud Leganés Norte,
HH_3029,Person_7745,male,86,85-89,,,,0,Centro de Salud Leganés Norte,
HH_3030,Person_7746,male,79,75-79,,,,0,,
HH_3030,Person_7747,female,48,45-49,,,,0,,Madrid
HH_3031,Person_7748,male,39,35-39,,,,0,,Alcorcon
HH_3032,Person_7749,male,5,5-9,,Person_7750,,0,Madrid,
HH_3032,Person_7750,female,36,35-39,,,Person_7751,1,Madrid,Car Wash
HH_3032,Person_7751,female,39,35-39,,,Person_7750,0,Madrid,
HH_3033,Person_7752,male,44,40-44,Person_7753,,,0,Madrid,
HH_3033,Person_7753,male,69,65-69,,,Person_7754,1,Madrid,
HH_3033,Person_7754,male,74,70-74,,,Person_7753,0,Madrid,
HH_3034,Person_7755,male,22,20-24,Person_7756,,,0,,Madrid
HH_3034,Person_7756,male,53,50-54,,,Person_7757,1,,Madrid
HH_3034,Person_7757,male,56,55-59,,,Person_7756,0,,Madrid
HH_3035,Person_7758,female,69,65-69,,,,0,,
HH_3036,Person_7759,male,25,25-29,Person_7760,,,0,Madrid,Edificio Torres Quevedo
HH_3036,Person_7760,male,59,55-59,,,,1,Madrid,
HH_3037,Person_7761,male,76,75-79,,,,0,,
HH_3037,Person_7762,female,22,20-24,,,,0,,Fundación IMDEA Networks
HH_3038,Person_7763,male,2,0-4,,Person_7766,,0,,
HH_3038,Person_7764,male,10,10-14,,Person_7766,,0,,
HH_3038,Person_7765,female,3,0-4,,Person_7766,,0,,
HH_3038,Person_7766,female,38,35-39,,,Person_7767,3,,
HH_3038,Person_7767,female,34,30-34,,,Person_7766,0,,Madrid
HH_3039,Person_7768,female,69,65-69,,,,0,,
HH_3040,Person_7769,male,81,80-84,Person_7770,,,0,,
HH_3040,Person_7770,male,121,100-120,,,,1,,
HH_3041,Person_7771,male,85,85-89,,,,0,,
HH_3041,Person_7772,female,83,80-84,,,,0,,
HH_3042,Person_7773,male,31,30-34,,,,0,,Madrid
HH_3043,Person_7774,male,39,35-39,Person_7775,,,0,,Madrid
HH_3043,Person_7775,male,74,70-74,,,,1,,
HH_3044,Person_7776,male,93,90-94,,,,0,Alcorcon,
HH_3044,Person_7777,male,58,55-59,,,,0,Alcorcon,Iberdrola Distribución Eléctrica
HH_3045,Person_7778,male,2,0-4,,Person_7780,,0,,Escuela Infantil Rosa Caramelo
HH_3045,Person_7779,female,26,25-29,,Person_7780,,0,,Edificio Agustín de Betancourt
HH_3045,Person_7780,female,57,55-59,,,Person_7781,2,,Madrid
HH_3045,Person_7781,female,67,65-69,,,Person_7780,0,,
HH_3046,Person_7782,male,31,30-34,Person_7783,,,0,,Madrid
HH_3046,Person_7783,male,69,65-69,,,Person_7784,1,,
HH_3046,Person_7784,male,47,45-49,,,Person_7783,0,,Madrid
HH_3047,Person_7785,female,33,30-34,,,,0,Madrid,
HH_3047,Person_7786,female,48,45-49,,,,0,Madrid,Escuela Infantil El Romancero
HH_3048,Person_7787,male,9,5-9,,Person_7788,,0,,guardería
HH_3048,Person_7788,female,43,40-44,,,,1,,Madrid
HH_3049,Person_7789,female,79,75-79,,,,0,,
HH_3049,Person_7790,female,32,30-34,,,,0,,Madrid
HH_3050,Person_7791,male,18,15-19,Person_7793,,,0,,Edificio Torres Quevedo
HH_3050,Person_7792,male,28,25-29,Person_7793,,,0,,Fuenlabrada
HH_3050,Person_7793,male,45,45-49,,,Person_7794,2,,Madrid
HH_3050,Person_7794,male,43,40-44,,,Person_7793,0,,
HH_3051,Person_7795,male,9,5-9,,Person_7797,,0,,
HH_3051,Person_7796,male,31,30-34,,Person_7797,,0,,Madrid
HH_3051,Person_7797,female,75,75-79,,,Person_7798,2,,
HH_3051,Person_7798,female,88,85-89,,,Person_7797,0,,
HH_3052,Person_7799,male,20,20-24,,Person_7800,,0,Madrid,
HH_3052,Person_7800,female,47,45-49,,,Person_7801,1,Madrid,
HH_3052,Person_7801,female,46,45-49,,,Person_7800,0,Madrid,
HH_3053,Person_7802,male,16,15-19,,Person_7803,,0,,
HH_3053,Person_7803,female,45,45-49,,,Person_7804,1,,Madrid
HH_3053,Person_7804,female,56,55-59,,,Person_7803,0,,Fuenlabrada
HH_3054,Person_7805,female,69,65-69,,,,0,,
HH_3055,Person_7806,male,22,20-24,,Person_7808,,0,Madrid,
HH_3055,Person_7807,female,25,25-29,,Person_7808,,0,Madrid,
HH_3055,Person_7808,female,60,60-64,,,Person_7809,2,Madrid,
HH_3055,Person_7809,female,62,60-64,,,Person_7808,0,Madrid,
HH_3056,Person_7810,male,32,30-34,,,,0,,
HH_3057,Person_7811,male,31,30-34,Person_7812,,,0,,Madrid
HH_3057,Person_7812,male,74,70-74,,,,1,,
HH_3058,Person_7813,female,23,20-24,,Person_7815,,0,,Madrid
HH_3058,Person_7814,male,28,25-29,,Person_7815,,0,,Edificio Agustín de Betancourt
HH_3058,Person_7815,female,60,60-64,,,Person_7816,2,,Getafe norte
HH_3058,Person_7816,female,77,75-79,,,Person_7815,0,,
HH_3059,Person_7817,female,40,40-44,Person_7818,,,0,,Madrid
HH_3059,Person_7818,male,84,80-84,,,Person_7819,1,,
HH_3059,Person_7819,male,72,70-74,,,Person_7818,0,,
HH_3060,Person_7820,female,23,20-24,,Person_7821,,0,,Biblioteca Rey Pastor
HH_3060,Person_7821,female,38,35-39,,,Person_7822,1,,Madrid
HH_3060,Person_7822,female,35,35-39,,,Person_7821,0,,Madrid
HH_3061,Person_7823,male,19,15-19,,Person_7824,,0,,Madrid
HH_3061,Person_7824,female,60,60-64,,,,1,,
HH_3062,Person_7825,male,21,20-24,Person_7826,,,0,,Edificio Juan Benet
HH_3062,Person_7826,male,62,60-64,,,Person_7827,1,,Madrid
HH_3062,Person_7827,male,64,60-64,,,Person_7826,0,,
HH_3063,Person_7828,male,26,25-29,Person_7829,,,0,,
HH_3063,Person_7829,male,63,60-64,,,,1,,Extremadura
HH_3064,Person_7830,female,10,10-14,,Person_7834,,0,,
HH_3064,Person_7831,female,6,5-9,,Person_7834,,0,,
HH_3064,Person_7832,female,20,20-24,,Person_7834,,0,,Edificio Juan Benet
HH_3064,Person_7833,female,7,5-9,,Person_7834,,0,,
HH_3064,Person_7834,female,37,35-39,,,,4,,Madrid
HH_3065,Person_7835,male,47,45-49,,,,0,,
HH_3065,Person_7836,female,81,80-84,,,,0,,
HH_3066,Person_7837,female,15,15-19,Person_7839,,,0,,
HH_3066,Person_7838,male,20,20-24,Person_7839,,,0,,Madrid
HH_3066,Person_7839,male,49,45-49,,,,2,,Madrid
HH_3067,Person_7840,female,67,65-69,,,,0,,
HH_3067,Person_7841,female,60,60-64,,,,0,,Getafe norte
HH_3068,Person_7842,female,34,30-34,,,,0,,
HH_3068,Person_7843,female,45,45-49,,,,0,,Madrid
HH_3069,Person_7844,male,68,65-69,,,,0,,
HH_3069,Person_7845,male,41,40-44,,,,0,,Madrid
HH_3070,Person_7846,female,64,60-64,,,,0,Mostoles,
HH_3070,Person_7847,male,70,70-74,,,,0,Mostoles,
HH_3071,Person_7848,male,29,25-29,,,,0,Madrid,
HH_3072,Person_7849,male,25,25-29,,Person_7850,,0,,Biblioteca Rey Pastor
HH_3072,Person_7850,female,69,65-69,,,Person_7851,1,,
HH_3072,Person_7851,female,75,75-79,,,Person_7850,0,,
HH_3073,Person_7852,female,17,15-19,,Person_7854,,0,,
HH_3073,Person_7853,female,26,25-29,,Person_7854,,0,,Parque Científico de la Universidad Carlos III de Madrid
HH_3073,Person_7854,female,67,65-69,,,Person_7855,2,,
HH_3073,Person_7855,female,68,65-69,,,Person_7854,0,,
HH_3074,Person_7856,female,61,60-64,,,,0,,Madrid
HH_3074,Person_7857,male,83,80-84,,,,0,,
HH_3075,Person_7858,male,40,40-44,,,,0,,Madrid
HH_3075,Person_7859,female,74,70-74,,,,0,,
HH_3076,Person_7860,male,11,10-14,Person_7862,,,0,,
HH_3076,Person_7861,male,20,20-24,Person_7862,,,0,,Madrid
HH_3076,Person_7862,male,49,45-49,,,,2,,Madrid
HH_3077,Person_7863,female,10,10-14,,Person_7865,,0,Getafe norte,
HH_3077,Person_7864,male,31,30-34,,Person_7865,,0,Getafe norte,Centro de Atención a Personas con Discapacidad Física de Leganés
HH_3077,Person_7865,female,63,60-64,,,Person_7866,2,Getafe norte,
HH_3077,Person_7866,female,87,85-89,,,Person_7865,0,Getafe norte,
HH_3078,Person_7867,male,2,0-4,,Person_7869,,0,,
HH_3078,Person_7868,male,25,25-29,,Person_7869,,0,,Fundación IMDEA Networks
HH_3078,Person_7869,female,58,55-59,,,Person_7870,2,,Madrid
HH_3078,Person_7870,female,94,90-94,,,Person_7869,0,,
HH_3079,Person_7871,male,67,65-69,,,,0,,
HH_3080,Person_7872,female,23,20-24,,,,0,Centro Cultural Julián Besteiro,Madrid
HH_3081,Person_7873,male,3,0-4,Person_7874,,,0,Fuenlabrada,Escuela Infantil Rosa Caramelo
HH_3081,Person_7874,male,20,20-24,,,,1,Fuenlabrada,Edificio Torres Quevedo
HH_3082,Person_7875,female,19,15-19,,,,0,Madrid,Biblioteca Rey Pastor
HH_3083,Person_7876,male,9,5-9,,Person_7880,,0,,
HH_3083,Person_7877,female,2,0-4,,Person_7880,,0,,Escuela Infantil Rosa Caramelo
HH_3083,Person_7878,male,7,5-9,,Person_7880,,0,,
HH_3083,Person_7879,female,7,5-9,,Person_7880,,0,,
HH_3083,Person_7880,female,43,40-44,,,,4,,Madrid
HH_3084,Person_7881,male,7,5-9,Person_7883,,,0,,
HH_3084,Person_7882,female,31,30-34,Person_7883,,,0,,
HH_3084,Person_7883,male,66,65-69,,,Person_7884,2,,
HH_3084,Person_7884,male,88,85-89,,,Person_7883,0,,
HH_3085,Person_7885,female,90,90-94,Person_7888,,,0,Madrid,
HH_3085,Person_7886,male,53,50-54,Person_7888,,,0,Madrid,
HH_3085,Person_7887,female,27,25-29,Person_7888,,,0,Madrid,Edificio Juan Benet
HH_3085,Person_7888,male,120,100-120,,,Person_7889,3,Madrid,
HH_3085,Person_7889,male,81,80-84,,,Person_7888,0,Madrid,
HH_3086,Person_7890,female,8,5-9,,Person_7894,,0,Madrid,
HH_3086,Person_7891,male,11,10-14,,Person_7894,,0,Madrid,
HH_3086,Person_7892,male,6,5-9,,Person_7894,,0,Madrid,
HH_3086,Person_7893,female,14,10-14,,Person_7894,,0,Madrid,
HH_3086,Person_7894,female,47,45-49,,,,4,Madrid,
HH_3087,Person_7895,male,15,15-19,,Person_7896,,0,Madrid,
HH_3087,Person_7896,female,40,40-44,,,Person_7897,1,Madrid,
HH_3087,Person_7897,female,49,45-49,,,Person_7896,0,Madrid,
HH_3088,Person_7898,male,16,15-19,,Person_7900,,0,,
HH_3088,Person_7899,male,4,0-4,,Person_7900,,0,,
HH_3088,Person_7900,female,54,50-54,,,,2,,Madrid
HH_3089,Person_7901,female,11,10-14,,Person_7903,,0,,
HH_3089,Person_7902,female,31,30-34,,Person_7903,,0,,Madrid
HH_3089,Person_7903,female,56,55-59,,,Person_7904,2,,
HH_3089,Person_7904,female,51,50-54,,,Person_7903,0,,
HH_3090,Person_7905,male,8,5-9,Person_7909,,,0,Madrid,
HH_3090,Person_7906,female,0,0-4,Person_7909,,,0,Madrid,
HH_3090,Person_7907,male,16,15-19,Person_7909,,,0,Madrid,
HH_3090,Person_7908,male,16,15-19,Person_7909,,,0,Madrid,
HH_3090,Person_7909,male,41,40-44,,,,4,Madrid,
HH_3091,Person_7910,female,24,20-24,,,,0,,Parque Científico de la Universidad Carlos III de Madrid
HH_3091,Person_7911,male,35,35-39,,,,0,,Madrid
HH_3092,Person_7912,female,11,10-14,,Person_7914,,0,,
HH_3092,Person_7913,male,14,10-14,,Person_7914,,0,,
HH_3092,Person_7914,female,58,55-59,,,,2,,Madrid
HH_3093,Person_7915,female,25,25-29,Person_7917,,,0,Fuenlabrada,
HH_3093,Person_7916,female,28,25-29,Person_7917,,,0,Fuenlabrada,
HH_3093,Person_7917,male,69,65-69,,,Person_7918,2,Fuenlabrada,
HH_3093,Person_7918,male,46,45-49,,,Person_7917,0,Fuenlabrada,
HH_3094,Person_7919,female,13,10-14,Person_7923,,,0,,
HH_3094,Person_7920,male,1,0-4,Person_7923,,,0,,
HH_3094,Person_7921,male,14,10-14,Person_7923,,,0,,
HH_3094,Person_7922,female,2,0-4,Person_7923,,,0,,
HH_3094,Person_7923,male,39,35-39,,,,4,,
HH_3095,Person_7924,female,20,20-24,,Person_7926,,0,,Madrid
HH_3095,Person_7925,female,30,30-34,,Person_7926,,0,,
HH_3095,Person_7926,female,57,55-59,,,Person_7927,2,,
HH_3095,Person_7927,female,84,80-84,,,Person_7926,0,,
HH_3096,Person_7928,female,1,0-4,Person_7929,,,0,,
HH_3096,Person_7929,male,33,30-34,,,Person_7930,1,,Madrid
HH_3096,Person_7930,male,30,30-34,,,Person_7929,0,,Edificio Sabatini
HH_3097,Person_7931,female,11,10-14,,Person_7933,,0,Madrid,
HH_3097,Person_7932,male,29,25-29,,Person_7933,,0,Madrid,
HH_3097,Person_7933,female,67,65-69,,,Person_7934,2,Madrid,
HH_3097,Person_7934,female,81,80-84,,,Person_7933,0,Madrid,
HH_3098,Person_7935,female,60,60-64,,,,0,Madrid,
HH_3099,Person_7936,male,71,70-74,,,,0,Mostoles,
HH_3099,Person_7937,female,24,20-24,,,,0,Mostoles,Parque Científico de la Universidad Carlos III de Madrid
HH_3100,Person_7938,female,10,10-14,Person_7940,,,0,Alcorcon,
HH_3100,Person_7939,male,28,25-29,Person_7940,,,0,Alcorcon,
HH_3100,Person_7940,male,46,45-49,,,Person_7941,2,Alcorcon,
HH_3100,Person_7941,male,43,40-44,,,Person_7940,0,Alcorcon,Elinsa
HH_3101,Person_7942,female,82,80-84,,,,0,,
HH_3101,Person_7943,male,55,55-59,,,,0,,
HH_3102,Person_7944,male,14,10-14,Person_7945,,,0,,
HH_3102,Person_7945,male,39,35-39,,,Person_7946,1,,Madrid
HH_3102,Person_7946,male,26,25-29,,,Person_7945,0,,
HH_3103,Person_7947,male,55,55-59,,,,0,,Madrid
HH_3103,Person_7948,male,52,50-54,,,,0,,Alcorcon
HH_3104,Person_7949,male,19,15-19,,Person_7951,,0,Madrid,
HH_3104,Person_7950,female,28,25-29,,Person_7951,,0,Madrid,Lidl
HH_3104,Person_7951,female,43,40-44,,,Person_7952,2,Madrid,
HH_3104,Person_7952,female,48,45-49,,,Person_7951,0,Madrid,
HH_3105,Person_7953,female,80,80-84,,,,0,,
HH_3105,Person_7954,female,46,45-49,,,,0,,Madrid
HH_3106,Person_7955,female,22,20-24,Person_7958,,,0,,Madrid
HH_3106,Person_7956,female,8,5-9,Person_7958,,,0,,
HH_3106,Person_7957,male,18,15-19,Person_7958,,,0,,Biblioteca Rey Pastor
HH_3106,Person_7958,male,65,65-69,,,,3,,
HH_3107,Person_7959,male,5,5-9,Person_7961,,,0,Madrid,
HH_3107,Person_7960,male,30,30-34,Person_7961,,,0,Madrid,
HH_3107,Person_7961,male,65,65-69,,,Person_7962,2,Madrid,
HH_3107,Person_7962,male,98,95-99,,,Person_7961,0,Madrid,
HH_3108,Person_7963,female,52,50-54,,,,0,,
HH_3108,Person_7964,female,26,25-29,,,,0,,Edificio Torres Quevedo
HH_3109,Person_7965,female,91,90-94,,,,0,,
HH_3110,Person_7966,male,6,5-9,Person_7968,,,0,Madrid,
HH_3110,Person_7967,male,31,30-34,Person_7968,,,0,Madrid,
HH_3110,Person_7968,male,73,70-74,,,Person_7969,2,Madrid,
HH_3110,Person_7969,male,56,55-59,,,Person_7968,0,Madrid,
HH_3111,Person_7970,female,19,15-19,,,,0,,Madrid
HH_3111,Person_7971,male,25,25-29,,,,0,,Edificio Juan Benet
HH_3112,Person_7972,male,20,20-24,Person_7974,,,0,,Edificio Juan Benet
HH_3112,Person_7973,female,29,25-29,Person_7974,,,0,,Edificio Torres Quevedo
HH_3112,Person_7974,male,54,50-54,,,Person_7975,2,,
HH_3112,Person_7975,male,41,40-44,,,Person_7974,0,,Madrid
HH_3113,Person_7976,male,21,20-24,Person_7977,,,0,,Edificio Torres Quevedo
HH_3113,Person_7977,male,51,50-54,,,Person_7978,1,,Madrid
HH_3113,Person_7978,male,51,50-54,,,Person_7977,0,,Madrid
HH_3114,Person_7979,male,69,65-69,,,,0,,
HH_3114,Person_7980,male,42,40-44,,,,0,,Madrid
HH_3115,Person_7981,male,8,5-9,,Person_7983,,0,,
HH_3115,Person_7982,male,28,25-29,,Person_7983,,0,,Mostoles
HH_3115,Person_7983,female,61,60-64,,,Person_7984,2,,Madrid
HH_3115,Person_7984,female,68,65-69,,,Person_7983,0,,
HH_3116,Person_7985,female,18,15-19,,Person_7986,,0,,
HH_3116,Person_7986,female,51,50-54,,,Person_7987,1,,Madrid
HH_3116,Person_7987,female,56,55-59,,,Person_7986,0,,Madrid
HH_3117,Person_7988,female,42,40-44,,,,0,,Madrid
HH_3117,Person_7989,male,40,40-44,,,,0,,Madrid
HH_3118,Person_7990,female,82,80-84,,,,0,Madrid,
HH_3119,Person_7991,male,0,0-4,,Person_7992,,0,Madrid,Escuela Infantil Rosa Caramelo
HH_3119,Person_7992,female,43,40-44,,,Person_7993,1,Madrid,
HH_3119,Person_7993,female,41,40-44,,,Person_7992,0,Madrid,
HH_3120,Person_7994,female,32,30-34,,Person_7995,,0,Centro de la Mujer Rosa de Luxemburgo,Madrid
HH_3120,Person_7995,female,47,45-49,,,Person_7996,1,Centro de la Mujer Rosa de Luxemburgo,Madrid
HH_3120,Person_7996,female,50,50-54,,,Person_7995,0,Centro de la Mujer Rosa de Luxemburgo,Madrid
HH_3121,Person_7997,male,70,70-74,,,,0,,
HH_3122,Person_7998,female,63,60-64,,,,0,,Madrid
HH_3122,Person_7999,male,49,45-49,,,,0,,Madrid
HH_3123,Person_8000,female,13,10-14,,Person_8002,,0,,
HH_3123,Person_8001,female,14,10-14,,Person_8002,,0,,
HH_3123,Person_8002,female,55,55-59,,,,2,,Getafe norte
HH_3124,Person_8003,female,68,65-69,,,,0,,
HH_3124,Person_8004,male,79,75-79,,,,0,,
HH_3125,Person_8005,male,91,90-94,,,,0,,
HH_3125,Person_8006,male,38,35-39,,,,0,,Madrid
HH_3126,Person_8007,female,88,85-89,,,,0,Madrid,
HH_3127,Person_8008,male,26,25-29,,,,0,,Parque Científico de la Universidad Carlos III de Madrid
HH_3127,Person_8009,male,87,85-89,,,,0,,
HH_3128,Person_8010,female,38,35-39,,,,0,,
HH_3129,Person_8011,female,37,35-39,,,,0,,Madrid
HH_3130,Person_8012,male,75,75-79,,,,0,,
HH_3131,Person_8013,female,65,65-69,,,,0,,
HH_3132,Person_8014,female,84,80-84,,Person_8015,,0,,
HH_3132,Person_8015,female,120,100-120,,,,1,,
HH_3133,Person_8016,female,12,10-14,Person_8017,,,0,,
HH_3133,Person_8017,male,49,45-49,,,Person_8018,1,,Madrid
HH_3133,Person_8018,male,48,45-49,,,Person_8017,0,,Madrid
HH_3134,Person_8019,female,60,60-64,,,,0,Madrid,
HH_3134,Person_8020,male,63,60-64,,,,0,Madrid,
HH_3135,Person_8021,female,96,95-99,,,,0,,
HH_3136,Person_8022,male,43,40-44,,,,0,,Madrid
HH_3137,Person_8023,female,45,45-49,,,,0,,Madrid
HH_3137,Person_8024,female,64,60-64,,,,0,,Madrid
HH_3138,Person_8025,male,40,40-44,,,,0,Fuenlabrada,
HH_3139,Person_8026,male,52,50-54,,,,0,,Madrid
HH_3139,Person_8027,male,76,75-79,,,,0,,
HH_3139,Person_8028,female,70,70-74,,,,0,,
HH_3139,Person_8029,female,77,75-79,,,,0,,
HH_3140,Person_8030,male,18,15-19,,Person_8034,,0,Madrid,Cadyssa Cash
HH_3140,Person_8031,male,20,20-24,,Person_8034,,0,Madrid,
HH_3140,Person_8032,female,5,5-9,,Person_8034,,0,Madrid,
HH_3140,Person_8033,female,9,5-9,,Person_8034,,0,Madrid,Escuela Municipal de Música Manuel Rodríguez Sales
HH_3140,Person_8034,female,39,35-39,,,,4,Madrid,
HH_3141,Person_8035,male,78,75-79,,,,0,,
HH_3142,Person_8036,female,14,10-14,Person_8038,,,0,Fuenlabrada,
HH_3142,Person_8037,female,28,25-29,Person_8038,,,0,Fuenlabrada,
HH_3142,Person_8038,male,46,45-49,,,Person_8039,2,Fuenlabrada,
HH_3142,Person_8039,male,41,40-44,,,Person_8038,0,Fuenlabrada,
HH_3143,Person_8040,male,22,20-24,,,,0,Getafe norte,
HH_3144,Person_8041,female,2,0-4,,Person_8043,,0,,
HH_3144,Person_8042,male,35,35-39,,Person_8043,,0,,Madrid
HH_3144,Person_8043,female,69,65-69,,,Person_8044,2,,
HH_3144,Person_8044,female,51,50-54,,,Person_8043,0,,Madrid
HH_3145,Person_8045,male,81,80-84,,,,0,Madrid,
HH_3145,Person_8046,male,47,45-49,,,,0,Madrid,
HH_3146,Person_8047,male,46,45-49,,,,0,,Madrid
HH_3146,Person_8048,female,58,55-59,,,,0,,Madrid
HH_3146,Person_8049,female,37,35-39,,,,0,,Madrid
HH_3147,Person_8050,male,16,15-19,,Person_8054,,0,,
HH_3147,Person_8051,female,24,20-24,,Person_8054,,0,,Edificio Agustín de Betancourt
HH_3147,Person_8052,female,17,15-19,,Person_8054,,0,,
HH_3147,Person_8053,female,9,5-9,,Person_8054,,0,,
HH_3147,Person_8054,female,56,55-59,,,,4,,Madrid
HH_3148,Person_8055,male,93,90-94,,,,0,,
HH_3149,Person_8056,male,59,55-59,,,,0,,Madrid
HH_3149,Person_8057,female,44,40-44,,,,0,,Madrid
HH_3150,Person_8058,male,63,60-64,,,,0,,Madrid
HH_3150,Person_8059,male,30,30-34,,,,0,,Edificio Agustín de Betancourt
HH_3151,Person_8060,female,97,95-99,,,,0,La nueva cubierta,
HH_3151,Person_8061,male,28,25-29,,,,0,La nueva cubierta,
HH_3152,Person_8062,female,16,15-19,,Person_8063,,0,,
HH_3152,Person_8063,female,45,45-49,,,Person_8064,1,,Madrid
HH_3152,Person_8064,female,45,45-49,,,Person_8063,0,,Madrid
HH_3153,Person_8065,female,9,5-9,Person_8067,,,0,,
HH_3153,Person_8066,male,33,30-34,Person_8067,,,0,,Madrid
HH_3153,Person_8067,male,62,60-64,,,Person_8068,2,,Mostoles
HH_3153,Person_8068,male,82,80-84,,,Person_8067,0,,
HH_3154,Person_8069,male,44,40-44,,,,0,Madrid,
HH_3155,Person_8070,female,80,80-84,,Person_8071,,0,,
HH_3155,Person_8071,female,120,100-120,,,,1,,
HH_3156,Person_8072,female,63,60-64,,,,0,La Plaza Leganés,Madrid
HH_3156,Person_8073,female,90,90-94,,,,0,La Plaza Leganés,
HH_3156,Person_8074,female,30,30-34,,,,0,La Plaza Leganés,
HH_3156,Person_8075,male,74,70-74,,,,0,La Plaza Leganés,
HH_3156,Person_8076,male,37,35-39,,,,0,La Plaza Leganés,Madrid
HH_3157,Person_8077,male,18,15-19,,Person_8079,,0,,Edificio Sabatini
HH_3157,Person_8078,female,28,25-29,,Person_8079,,0,,Madrid
HH_3157,Person_8079,female,61,60-64,,,Person_8080,2,,Madrid
HH_3157,Person_8080,female,94,90-94,,,Person_8079,0,,
HH_3158,Person_8081,female,1,0-4,,Person_8084,,0,,Escuela Infantil Rosa Caramelo
HH_3158,Person_8082,male,10,10-14,,Person_8084,,0,,
HH_3158,Person_8083,female,10,10-14,,Person_8084,,0,,
HH_3158,Person_8084,female,40,40-44,,,,3,,Madrid
HH_3159,Person_8085,male,15,15-19,Person_8086,,,0,Getafe norte,
HH_3159,Person_8086,male,53,50-54,,,Person_8087,1,Getafe norte,
HH_3159,Person_8087,male,40,40-44,,,Person_8086,0,Getafe norte,
HH_3160,Person_8088,female,37,35-39,,,,0,,Madrid
HH_3160,Person_8089,male,20,20-24,,,,0,,Edificio Juan Benet
HH_3161,Person_8090,female,14,10-14,,Person_8091,,0,Madrid,
HH_3161,Person_8091,female,42,40-44,,,,1,Madrid,
HH_3162,Person_8092,male,22,20-24,,Person_8094,,0,,Fundación IMDEA Networks
HH_3162,Person_8093,female,29,25-29,,Person_8094,,0,,Biblioteca Rey Pastor
HH_3162,Person_8094,female,63,60-64,,,Person_8095,2,,Getafe norte
HH_3162,Person_8095,female,85,85-89,,,Person_8094,0,,
HH_3163,Person_8096,male,40,40-44,,,,0,,Madrid
HH_3164,Person_8097,female,42,40-44,,,,0,,
HH_3165,Person_8098,female,55,55-59,,,,0,,Madrid
HH_3165,Person_8099,male,77,75-79,,,,0,,
HH_3166,Person_8100,female,21,20-24,Person_8102,,,0,,Madrid
HH_3166,Person_8101,female,27,25-29,Person_8102,,,0,,Madrid
HH_3166,Person_8102,male,69,65-69,,,Person_8103,2,,
HH_3166,Person_8103,male,49,45-49,,,Person_8102,0,,Ford
HH_3167,Person_8104,female,84,80-84,,,,0,,
HH_3168,Person_8105,female,55,55-59,,,,0,,Madrid
HH_3169,Person_8106,female,12,10-14,Person_8108,,,0,,
HH_3169,Person_8107,male,29,25-29,Person_8108,,,0,,Madrid
HH_3169,Person_8108,male,63,60-64,,,Person_8109,2,,Madrid
HH_3169,Person_8109,male,45,45-49,,,Person_8108,0,,Madrid
HH_3170,Person_8110,female,78,75-79,,,,0,,
HH_3171,Person_8111,male,96,95-99,,,,0,Madrid,
HH_3172,Person_8112,female,17,15-19,Person_8114,,,0,,
HH_3172,Person_8113,male,27,25-29,Person_8114,,,0,,Parque Científico de la Universidad Carlos III de Madrid
HH_3172,Person_8114,male,53,50-54,,,Person_8115,2,,
HH_3172,Person_8115,male,43,40-44,,,Person_8114,0,,Madrid
HH_3173,Person_8116,male,7,5-9,Person_8117,,,0,Madrid,
HH_3173,Person_8117,male,37,35-39,,,,1,Madrid,
HH_3174,Person_8118,female,17,15-19,Person_8122,,,0,Madrid,
HH_3174,Person_8119,male,12,10-14,Person_8122,,,0,Madrid,
HH_3174,Person_8120,female,14,10-14,Person_8122,,,0,Madrid,
HH_3174,Person_8121,female,25,25-29,Person_8122,,,0,Madrid,Parque Científico de la Universidad Carlos III de Madrid
HH_3174,Person_8122,male,57,55-59,,,,4,Madrid,
HH_3175,Person_8123,male,34,30-34,,,,0,,Madrid
HH_3176,Person_8124,female,8,5-9,,Person_8127,,0,,
HH_3176,Person_8125,male,18,15-19,,Person_8127,,0,,Parque Científico de la Universidad Carlos III de Madrid
HH_3176,Person_8126,female,5,5-9,,Person_8127,,0,,
HH_3176,Person_8127,female,47,45-49,,,Person_8128,3,,Madrid
HH_3176,Person_8128,female,53,50-54,,,Person_8127,0,,Madrid
HH_3177,Person_8129,male,25,25-29,Person_8130,,,0,Extremadura,
HH_3177,Person_8130,male,56,55-59,,,Person_8131,1,Extremadura,
HH_3177,Person_8131,male,51,50-54,,,Person_8130,0,Extremadura,
HH_3178,Person_8132,male,60,60-64,,,,0,,Getafe norte
HH_3178,Person_8133,male,98,95-99,,,,0,,
HH_3179,Person_8134,female,27,25-29,,Person_8135,,0,Madrid,
HH_3179,Person_8135,female,60,60-64,,,Person_8136,1,Madrid,
HH_3179,Person_8136,female,81,80-84,,,Person_8135,0,Madrid,
HH_3180,Person_8137,female,3,0-4,,Person_8140,,0,Fuenlabrada,
HH_3180,Person_8138,female,11,10-14,,Person_8140,,0,Fuenlabrada,
HH_3180,Person_8139,male,9,5-9,,Person_8140,,0,Fuenlabrada,
HH_3180,Person_8140,female,42,40-44,,,Person_8141,3,Fuenlabrada,
HH_3180,Person_8141,female,42,40-44,,,Person_8140,0,Fuenlabrada,
HH_3181,Person_8142,male,10,10-14,,Person_8144,,0,,
HH_3181,Person_8143,male,20,20-24,,Person_8144,,0,,Edificio Agustín de Betancourt
HH_3181,Person_8144,female,52,50-54,,,,2,,Madrid
HH_3182,Person_8145,female,27,25-29,,,,0,,Fundación IMDEA Networks
HH_3182,Person_8146,female,69,65-69,,,,0,,
HH_3183,Person_8147,female,43,40-44,,Person_8148,,0,,
HH_3183,Person_8148,female,71,70-74,,,Person_8149,1,,
HH_3183,Person_8149,female,50,50-54,,,Person_8148,0,,Madrid
HH_3184,Person_8150,male,46,45-49,,,,0,Mostoles,
HH_3184,Person_8151,female,70,70-74,,,,0,Mostoles,
HH_3185,Person_8152,female,31,30-34,Person_8153,,,0,,Madrid
HH_3185,Person_8153,male,66,65-69,,,Person_8154,1,,
HH_3185,Person_8154,male,49,45-49,,,Person_8153,0,,Madrid
HH_3186,Person_8155,female,25,25-29,,Person_8156,,0,Fuenlabrada,Biblioteca Rey Pastor
HH_3186,Person_8156,female,68,65-69,,,Person_8157,1,Fuenlabrada,
HH_3186,Person_8157,female,95,95-99,,,Person_8156,0,Fuenlabrada,
HH_3187,Person_8158,male,23,20-24,,Person_8159,,0,,Edificio Juan Benet
HH_3187,Person_8159,female,56,55-59,,,Person_8160,1,,Madrid
HH_3187,Person_8160,female,54,50-54,,,Person_8159,0,,Madrid
HH_3188,Person_8161,female,15,15-19,,Person_8165,,0,,
HH_3188,Person_8162,male,8,5-9,,Person_8165,,0,,
HH_3188,Person_8163,male,0,0-4,,Person_8165,,0,,Escuela Infantil Rosa Caramelo
HH_3188,Person_8164,female,9,5-9,,Person_8165,,0,,
HH_3188,Person_8165,female,54,50-54,,,,4,,Madrid
HH_3189,Person_8166,female,15,15-19,Person_8167,,,0,,
HH_3189,Person_8167,male,44,40-44,,,Person_8168,1,,
HH_3189,Person_8168,male,40,40-44,,,Person_8167,0,,Madrid
HH_3190,Person_8169,male,35,35-39,,,,0,,Madrid
HH_3191,Person_8170,female,31,30-34,,,,0,,Madrid
HH_3191,Person_8171,female,71,70-74,,,,0,,
HH_3192,Person_8172,male,25,25-29,,,,0,,Fundación IMDEA Networks
HH_3192,Person_8173,male,48,45-49,,,,0,,Madrid
HH_3193,Person_8174,male,17,15-19,,Person_8175,,0,,
HH_3193,Person_8175,female,57,55-59,,,Person_8176,1,,Madrid
HH_3193,Person_8176,female,58,55-59,,,Person_8175,0,,Getafe norte
HH_3194,Person_8177,male,15,15-19,,Person_8178,,0,,
HH_3194,Person_8178,female,33,30-34,,,Person_8179,1,,Getafe norte
HH_3194,Person_8179,female,37,35-39,,,Person_8178,0,,Madrid
HH_3195,Person_8180,female,58,55-59,,,,0,Madrid,
HH_3195,Person_8181,male,78,75-79,,,,0,Madrid,
HH_3196,Person_8182,female,65,65-69,,,,0,,
HH_3197,Person_8183,male,2,0-4,Person_8185,,,0,,
HH_3197,Person_8184,male,2,0-4,Person_8185,,,0,,Escuela Infantil Rosa Caramelo
HH_3197,Person_8185,male,42,40-44,,,,2,,Madrid
HH_3198,Person_8186,male,7,5-9,,Person_8188,,0,,
HH_3198,Person_8187,female,34,30-34,,Person_8188,,0,,Madrid
HH_3198,Person_8188,female,75,75-79,,,Person_8189,2,,
HH_3198,Person_8189,female,78,75-79,,,Person_8188,0,,
HH_3199,Person_8190,male,22,20-24,,,,0,Madrid,Edificio Sabatini
HH_3200,Person_8191,female,81,80-84,,,,0,,
HH_3201,Person_8192,female,95,95-99,,,,0,,
HH_3201,Person_8193,male,98,95-99,,,,0,,
HH_3202,Person_8194,female,90,90-94,,,,0,,
HH_3203,Person_8195,female,15,15-19,,Person_8198,,0,Madrid,
HH_3203,Person_8196,male,5,5-9,,Person_8198,,0,Madrid,
HH_3203,Person_8197,female,22,20-24,,Person_8198,,0,Madrid,
HH_3203,Person_8198,female,48,45-49,,,Person_8199,3,Madrid,
HH_3203,Person_8199,female,54,50-54,,,Person_8198,0,Madrid,
HH_3204,Person_8200,male,82,80-84,,,,0,,
HH_3204,Person_8201,female,53,50-54,,,,0,,Fuenlabrada
HH_3204,Person_8202,female,52,50-54,,,,0,,Madrid
HH_3205,Person_8203,female,12,10-14,Person_8205,,,0,,
HH_3205,Person_8204,male,30,30-34,Person_8205,,,0,,
HH_3205,Person_8205,male,45,45-49,,,Person_8206,2,,Madrid
HH_3205,Person_8206,male,46,45-49,,,Person_8205,0,,
HH_3206,Person_8207,female,4,0-4,,Person_8210,,0,,Escuela Infantil Rosa Caramelo
HH_3206,Person_8208,male,4,0-4,,Person_8210,,0,,
HH_3206,Person_8209,male,12,10-14,,Person_8210,,0,,
HH_3206,Person_8210,female,48,45-49,,,,3,,Madrid
HH_3207,Person_8211,female,2,0-4,,Person_8213,,0,,
HH_3207,Person_8212,male,25,25-29,,Person_8213,,0,,Madrid
HH_3207,Person_8213,female,42,40-44,,,Person_8214,2,,Madrid
HH_3207,Person_8214,female,43,40-44,,,Person_8213,0,,Madrid
HH_3208,Person_8215,female,21,20-24,,,,0,Madrid,Edificio Sabatini
HH_3209,Person_8216,female,25,25-29,,Person_8218,,0,Madrid,
HH_3209,Person_8217,female,25,25-29,,Person_8218,,0,Madrid,Parque Científico de la Universidad Carlos III de Madrid
HH_3209,Person_8218,female,50,50-54,,,Person_8219,2,Madrid,
HH_3209,Person_8219,female,69,65-69,,,Person_8218,0,Madrid,
HH_3210,Person_8220,male,61,60-64,,,,0,Getafe norte,
HH_3211,Person_8221,female,7,5-9,Person_8225,,,0,,
HH_3211,Person_8222,female,17,15-19,Person_8225,,,0,,Edificio Juan de Mairena
HH_3211,Person_8223,male,16,15-19,Person_8225,,,0,,
HH_3211,Person_8224,female,6,5-9,Person_8225,,,0,,
HH_3211,Person_8225,male,42,40-44,,,,4,,Madrid
HH_3212,Person_8226,male,15,15-19,Person_8229,,,0,,
HH_3212,Person_8227,male,6,5-9,Person_8229,,,0,,
HH_3212,Person_8228,male,9,5-9,Person_8229,,,0,,Escuela Municipal de Música Manuel Rodríguez Sales
HH_3212,Person_8229,male,30,30-34,,,Person_8230,3,,Madrid
HH_3212,Person_8230,male,30,30-34,,,Person_8229,0,,Edificio Sabatini
HH_3213,Person_8231,male,32,30-34,,Person_8232,,0,,Madrid
HH_3213,Person_8232,female,48,45-49,,,Person_8233,1,,
HH_3213,Person_8233,female,56,55-59,,,Person_8232,0,,Madrid
HH_3214,Person_8234,male,54,50-54,,,,0,Madrid,McFit
HH_3215,Person_8235,female,91,90-94,,,,0,Madrid,
HH_3216,Person_8236,female,12,10-14,,Person_8239,,0,,
HH_3216,Person_8237,male,16,15-19,,Person_8239,,0,,
HH_3216,Person_8238,male,3,0-4,,Person_8239,,0,,Escuela Infantil Rosa Caramelo
HH_3216,Person_8239,female,55,55-59,,,Person_8240,3,,Madrid
HH_3216,Person_8240,female,52,50-54,,,Person_8239,0,,Madrid
HH_3217,Person_8241,female,3,0-4,Person_8242,,,0,Madrid,Escuela Infantil Rosa Caramelo
HH_3217,Person_8242,male,37,35-39,,,,1,Madrid,
HH_3218,Person_8243,female,14,10-14,,Person_8245,,0,,
HH_3218,Person_8244,male,33,30-34,,Person_8245,,0,,Getafe norte
HH_3218,Person_8245,female,77,75-79,,,Person_8246,2,,
HH_3218,Person_8246,female,97,95-99,,,Person_8245,0,,
HH_3219,Person_8247,male,32,30-34,,,,0,,Madrid
HH_3219,Person_8248,male,74,70-74,,,,0,,
HH_3220,Person_8249,male,14,10-14,Person_8250,,,0,,
HH_3220,Person_8250,male,45,45-49,,,Person_8251,1,,
HH_3220,Person_8251,male,41,40-44,,,Person_8250,0,,Madrid
HH_3221,Person_8252,female,41,40-44,,,,0,,Madrid
HH_3221,Person_8253,female,20,20-24,,,,0,,Madrid
HH_3222,Person_8254,female,69,65-69,,,,0,Madrid,
HH_3223,Person_8255,female,24,20-24,,Person_8257,,0,,
HH_3223,Person_8256,male,34,30-34,,Person_8257,,0,,Madrid
HH_3223,Person_8257,female,76,75-79,,,Person_8258,2,,
HH_3223,Person_8258,female,76,75-79,,,Person_8257,0,,
HH_3224,Person_8259,male,20,20-24,,,,0,Madrid,Edificio Torres Quevedo
HH_3224,Person_8260,male,59,55-59,,,,0,Madrid,
HH_3225,Person_8261,female,12,10-14,Person_8262,,,0,,
HH_3225,Person_8262,male,55,55-59,,,,1,,Madrid
HH_3226,Person_8263,male,44,40-44,,,,0,,Madrid
HH_3227,Person_8264,female,57,55-59,,,,0,,
HH_3228,Person_8265,male,9,5-9,Person_8266,,,0,Madrid,
HH_3228,Person_8266,male,39,35-39,,,Person_8267,1,Madrid,
HH_3228,Person_8267,male,36,35-39,,,Person_8266,0,Madrid,
HH_3229,Person_8268,female,22,20-24,,,,0,Ayuntamiento de Leganés,
HH_3230,Person_8269,male,42,40-44,,Person_8270,,0,,
HH_3230,Person_8270,female,68,65-69,,,,1,,
HH_3231,Person_8271,male,57,55-59,,,,0,,Madrid
HH_3232,Person_8272,female,51,50-54,,,,0,Madrid,
HH_3232,Person_8273,female,77,75-79,,,,0,Madrid,
HH_3233,Person_8274,female,87,85-89,,,,0,,
HH_3233,Person_8275,male,82,80-84,,,,0,,
HH_3234,Person_8276,male,4,0-4,Person_8277,,,0,,
HH_3234,Person_8277,male,36,35-39,,,Person_8278,1,,Getafe norte
HH_3234,Person_8278,male,37,35-39,,,Person_8277,0,,Madrid
HH_3235,Person_8279,male,84,80-84,,,,0,Madrid,
HH_3235,Person_8280,male,81,80-84,,,,0,Madrid,
HH_3236,Person_8281,female,65,65-69,Person_8283,,,0,,
HH_3236,Person_8282,male,39,35-39,Person_8283,,,0,,Madrid
HH_3236,Person_8283,male,109,100-120,,,Person_8284,2,,
HH_3236,Person_8284,male,55,55-59,,,Person_8283,0,,Madrid
HH_3237,Person_8285,male,2,0-4,Person_8288,,,0,,
HH_3237,Person_8286,female,5,5-9,Person_8288,,,0,,
HH_3237,Person_8287,male,6,5-9,Person_8288,,,0,,Escuela Municipal de Música Manuel Rodríguez Sales
HH_3237,Person_8288,male,31,30-34,,,Person_8289,3,,
HH_3237,Person_8289,male,32,30-34,,,Person_8288,0,,
HH_3238,Person_8290,female,3,0-4,Person_8291,,,0,,
HH_3238,Person_8291,male,35,35-39,,,Person_8292,1,,Madrid
HH_3238,Person_8292,male,35,35-39,,,Person_8291,0,,Madrid
HH_3239,Person_8293,female,72,70-74,,,,0,,
HH_3240,Person_8294,male,71,70-74,,,,0,Fuenlabrada,
HH_3241,Person_8295,female,12,10-14,Person_8297,,,0,,
HH_3241,Person_8296,male,29,25-29,Person_8297,,,0,,Madrid
HH_3241,Person_8297,male,66,65-69,,,Person_8298,2,,
HH_3241,Person_8298,male,92,90-94,,,Person_8297,0,,
HH_3242,Person_8299,male,5,5-9,,Person_8301,,0,Volkswagen Ardasa 2000,
HH_3242,Person_8300,female,25,25-29,,Person_8301,,0,Volkswagen Ardasa 2000,
HH_3242,Person_8301,female,44,40-44,,,Person_8302,2,Volkswagen Ardasa 2000,
HH_3242,Person_8302,female,35,35-39,,,Person_8301,0,Volkswagen Ardasa 2000,Madrid
HH_3243,Person_8303,male,30,30-34,,Person_8304,,0,,Edificio Torres Quevedo
HH_3243,Person_8304,female,57,55-59,,,Person_8305,1,,Madrid
HH_3243,Person_8305,female,58,55-59,,,Person_8304,0,,Madrid
HH_3244,Person_8306,female,99,95-99,,,,0,,
HH_3244,Person_8307,male,32,30-34,,,,0,,Madrid
HH_3245,Person_8308,female,74,70-74,,,,0,,
HH_3246,Person_8309,female,1,0-4,Person_8310,,,0,,
HH_3246,Person_8310,male,32,30-34,,,Person_8311,1,,Mostoles
HH_3246,Person_8311,male,31,30-34,,,Person_8310,0,,
HH_3247,Person_8312,male,43,40-44,,Person_8313,,0,Madrid,
HH_3247,Person_8313,female,69,65-69,,,,1,Madrid,
HH_3248,Person_8314,male,45,45-49,,,,0,,Getafe norte
HH_3248,Person_8315,female,87,85-89,,,,0,,
HH_3249,Person_8316,female,5,5-9,Person_8319,,,0,Madrid,
HH_3249,Person_8317,female,6,5-9,Person_8319,,,0,Madrid,
HH_3249,Person_8318,female,2,0-4,Person_8319,,,0,Madrid,
HH_3249,Person_8319,male,33,30-34,,,,3,Madrid,
HH_3250,Person_8320,male,67,65-69,,,,0,,
HH_3250,Person_8321,female,75,75-79,,,,0,,
HH_3251,Person_8322,female,66,65-69,,,,0,,
HH_3251,Person_8323,male,56,55-59,,,,0,,Getafe norte
HH_3251,Person_8324,male,51,50-54,,,,0,,Madrid
HH_3251,Person_8325,male,75,75-79,,,,0,,
HH_3252,Person_8326,female,1,0-4,,Person_8329,,0,,
HH_3252,Person_8327,female,9,5-9,,Person_8329,,0,,
HH_3252,Person_8328,female,4,0-4,,Person_8329,,0,,
HH_3252,Person_8329,female,39,35-39,,,Person_8330,3,,Madrid
HH_3252,Person_8330,female,38,35-39,,,Person_8329,0,,Madrid
HH_3253,Person_8331,male,18,15-19,Person_8332,,,0,,Edificio Juan Benet
HH_3253,Person_8332,male,50,50-54,,,Person_8333,1,,Madrid
HH_3253,Person_8333,male,54,50-54,,,Person_8332,0,,Madrid
HH_3254,Person_8334,female,47,45-49,,,,0,,Madrid
HH_3254,Person_8335,female,84,80-84,,,,0,,
HH_3255,Person_8336,female,24,20-24,,,,0,Fuenlabrada,
HH_3255,Person_8337,female,46,45-49,,,,0,Fuenlabrada,Centro Odontológico Médico
HH_3255,Person_8338,female,55,55-59,,,,0,Fuenlabrada,
HH_3255,Person_8339,female,49,45-49,,,,0,Fuenlabrada,
HH_3255,Person_8340,female,26,25-29,,,,0,Fuenlabrada,
HH_3256,Person_8341,female,75,75-79,,,,0,,
HH_3257,Person_8342,male,66,65-69,,,,0,,
HH_3257,Person_8343,female,65,65-69,,,,0,,
HH_3258,Person_8344,female,76,75-79,,,,0,,
HH_3259,Person_8345,female,41,40-44,,,,0,,Madrid
HH_3259,Person_8346,female,23,20-24,,,,0,,
HH_3260,Person_8347,female,21,20-24,,,,0,,Madrid
HH_3260,Person_8348,male,38,35-39,,,,0,,Madrid
HH_3261,Person_8349,female,16,15-19,Person_8350,,,0,Madrid,
HH_3261,Person_8350,male,57,55-59,,,Person_8351,1,Madrid,Carrefour Express
HH_3261,Person_8351,male,41,40-44,,,Person_8350,0,Madrid,
HH_3262,Person_8352,male,9,5-9,Person_8355,,,0,,
HH_3262,Person_8353,female,9,5-9,Person_8355,,,0,,
HH_3262,Person_8354,female,6,5-9,Person_8355,,,0,,
HH_3262,Person_8355,male,35,35-39,,,,3,,Hiper Road
HH_3263,Person_8356,female,29,25-29,Person_8357,,,0,,Madrid
HH_3263,Person_8357,male,48,45-49,,,,1,,Madrid
HH_3264,Person_8358,male,65,65-69,,,,0,,
HH_3264,Person_8359,male,34,30-34,,,,0,,Madrid
HH_3265,Person_8360,male,18,15-19,,Person_8362,,0,,Madrid
HH_3265,Person_8361,female,31,30-34,,Person_8362,,0,,Madrid
HH_3265,Person_8362,female,60,60-64,,,Person_8363,2,,Madrid
HH_3265,Person_8363,female,69,65-69,,,Person_8362,0,,
HH_3266,Person_8364,female,10,10-14,Person_8365,,,0,Madrid,
HH_3266,Person_8365,male,35,35-39,,,Person_8366,1,Madrid,
HH_3266,Person_8366,male,41,40-44,,,Person_8365,0,Madrid,
HH_3267,Person_8367,male,17,15-19,Person_8369,,,0,Ford,
HH_3267,Person_8368,female,35,35-39,Person_8369,,,0,Ford,Madrid
HH_3267,Person_8369,male,65,65-69,,,Person_8370,2,Ford,
HH_3267,Person_8370,male,56,55-59,,,Person_8369,0,Ford,Madrid
HH_3268,Person_8371,female,18,15-19,,,,0,Alcorcon,
HH_3269,Person_8372,male,57,55-59,,,,0,,Fuenlabrada
HH_3269,Person_8373,male,67,65-69,,,,0,,
HH_3270,Person_8374,female,92,90-94,,,,0,Getafe norte,
HH_3271,Person_8375,male,18,15-19,Person_8377,,,0,,Fundación IMDEA Networks
HH_3271,Person_8376,female,33,30-34,Person_8377,,,0,,Madrid
HH_3271,Person_8377,male,48,45-49,,,Person_8378,2,,Madrid
HH_3271,Person_8378,male,37,35-39,,,Person_8377,0,,Madrid
HH_3272,Person_8379,male,65,65-69,,,,0,,
HH_3272,Person_8380,female,58,55-59,,,,0,,Madrid
HH_3273,Person_8381,female,19,15-19,,Person_8385,,0,,Madrid
HH_3273,Person_8382,male,28,25-29,,Person_8385,,0,,Madrid
HH_3273,Person_8383,male,4,0-4,,Person_8385,,0,,
HH_3273,Person_8384,male,18,15-19,,Person_8385,,0,,Madrid
HH_3273,Person_8385,female,58,55-59,,,,4,,Hiber
HH_3274,Person_8386,male,53,50-54,,,,0,,
HH_3275,Person_8387,male,0,0-4,,Person_8389,,0,,
HH_3275,Person_8388,male,35,35-39,,Person_8389,,0,,Madrid
HH_3275,Person_8389,female,74,70-74,,,Person_8390,2,,
HH_3275,Person_8390,female,87,85-89,,,Person_8389,0,,
HH_3276,Person_8391,female,3,0-4,Person_8393,,,0,,
HH_3276,Person_8392,male,33,30-34,Person_8393,,,0,,Madrid
HH_3276,Person_8393,male,63,60-64,,,Person_8394,2,,Madrid
HH_3276,Person_8394,male,83,80-84,,,Person_8393,0,,
HH_3277,Person_8395,female,20,20-24,Person_8397,,,0,,
HH_3277,Person_8396,female,28,25-29,Person_8397,,,0,,
HH_3277,Person_8397,male,54,50-54,,,Person_8398,2,,Madrid
HH_3277,Person_8398,male,47,45-49,,,Person_8397,0,,Madrid
HH_3278,Person_8399,female,0,0-4,Person_8402,,,0,,
HH_3278,Person_8400,male,6,5-9,Person_8402,,,0,,
HH_3278,Person_8401,male,2,0-4,Person_8402,,,0,,
HH_3278,Person_8402,male,32,30-34,,,Person_8403,3,,Madrid
HH_3278,Person_8403,male,30,30-34,,,Person_8402,0,,Madrid
HH_3279,Person_8404,female,17,15-19,,Person_8406,,0,Madrid,
HH_3279,Person_8405,female,22,20-24,,Person_8406,,0,Madrid,
HH_3279,Person_8406,female,41,40-44,,,,2,Madrid,
HH_3280,Person_8407,male,26,25-29,Person_8408,,,0,,Madrid
HH_3280,Person_8408,male,68,65-69,,,Person_8409,1,,
HH_3280,Person_8409,male,92,90-94,,,Person_8408,0,,
HH_3281,Person_8410,male,61,60-64,,,,0,,
HH_3281,Person_8411,male,27,25-29,,,,0,,Edificio Sabatini
HH_3282,Person_8412,female,71,70-74,,,,0,,
HH_3283,Person_8413,male,37,35-39,,Person_8415,,0,Getafe norte,Zardoya Otis
HH_3283,Person_8414,male,26,25-29,,Person_8415,,0,Getafe norte,
HH_3283,Person_8415,female,65,65-69,,,Person_8416,2,Getafe norte,
HH_3283,Person_8416,female,90,90-94,,,Person_8415,0,Getafe norte,
HH_3284,Person_8417,male,96,95-99,,,,0,,
HH_3284,Person_8418,female,73,70-74,,,,0,,
HH_3285,Person_8419,male,94,90-94,,,,0,,
HH_3286,Person_8420,female,75,75-79,,,,0,Mostoles,
HH_3286,Person_8421,female,49,45-49,,,,0,Mostoles,
HH_3287,Person_8422,female,75,75-79,,,,0,,
HH_3287,Person_8423,female,80,80-84,,,,0,,
HH_3288,Person_8424,female,7,5-9,Person_8427,,,0,Madrid,
HH_3288,Person_8425,male,17,15-19,Person_8427,,,0,Madrid,
HH_3288,Person_8426,male,7,5-9,Person_8427,,,0,Madrid,
HH_3288,Person_8427,male,49,45-49,,,,3,Madrid,
HH_3289,Person_8428,male,70,70-74,,,,0,,
HH_3289,Person_8429,female,57,55-59,,,,0,,Madrid
HH_3290,Person_8430,male,66,65-69,,,,0,,
HH_3290,Person_8431,female,18,15-19,,,,0,,Edificio Sabatini
HH_3291,Person_8432,male,2,0-4,,Person_8436,,0,,
HH_3291,Person_8433,female,5,5-9,,Person_8436,,0,,Escuela Infantil Rosa Caramelo
HH_3291,Person_8434,female,11,10-14,,Person_8436,,0,,
HH_3291,Person_8435,female,12,10-14,,Person_8436,,0,,
HH_3291,Person_8436,female,38,35-39,,,,4,,Madrid
HH_3292,Person_8437,female,16,15-19,,Person_8439,,0,,
HH_3292,Person_8438,female,17,15-19,,Person_8439,,0,,
HH_3292,Person_8439,female,53,50-54,,,,2,,Madrid
HH_3293,Person_8440,female,40,40-44,,,,0,,Getafe norte
HH_3293,Person_8441,female,22,20-24,,,,0,,Parque Científico de la Universidad Carlos III de Madrid
HH_3294,Person_8442,male,52,50-54,,,,0,Getafe norte,
HH_3294,Person_8443,male,72,70-74,,,,0,Getafe norte,
HH_3295,Person_8444,female,23,20-24,Person_8445,,,0,Fuenlabrada,
HH_3295,Person_8445,male,56,55-59,,,Person_8446,1,Fuenlabrada,
HH_3295,Person_8446,male,50,50-54,,,Person_8445,0,Fuenlabrada,
HH_3296,Person_8447,male,9,5-9,Person_8448,,,0,Madrid,
HH_3296,Person_8448,male,58,55-59,,,,1,Madrid,
HH_3297,Person_8449,male,80,80-84,,,,0,,
HH_3298,Person_8450,female,25,25-29,Person_8451,,,0,Getafe norte,Edificio Agustín de Betancourt
HH_3298,Person_8451,male,51,50-54,,,,1,Getafe norte,
HH_3299,Person_8452,female,18,15-19,,,,0,,Alcorcon
HH_3299,Person_8453,male,72,70-74,,,,0,,
HH_3300,Person_8454,female,13,10-14,Person_8457,,,0,Getafe norte,
HH_3300,Person_8455,female,19,15-19,Person_8457,,,0,Getafe norte,
HH_3300,Person_8456,female,1,0-4,Person_8457,,,0,Getafe norte,
HH_3300,Person_8457,male,62,60-64,,,,3,Getafe norte,
HH_3301,Person_8458,female,27,25-29,,,,0,Madrid,Fundación IMDEA Networks
HH_3301,Person_8459,female,92,90-94,,,,0,Madrid,
HH_3302,Person_8460,female,8,5-9,,Person_8462,,0,Alcorcon,
HH_3302,Person_8461,female,26,25-29,,Person_8462,,0,Alcorcon,Edificio Agustín de Betancourt
HH_3302,Person_8462,female,60,60-64,,,Person_8463,2,Alcorcon,Edificio Octavio Paz
HH_3302,Person_8463,female,94,90-94,,,Person_8462,0,Alcorcon,
HH_3303,Person_8464,male,41,40-44,Person_8466,,,0,,Madrid
HH_3303,Person_8465,female,49,45-49,Person_8466,,,0,,Madrid
HH_3303,Person_8466,male,91,90-94,,,,2,,
HH_3304,Person_8467,female,62,60-64,,,,0,Madrid,
HH_3304,Person_8468,male,95,95-99,,,,0,Madrid,
HH_3304,Person_8469,male,51,50-54,,,,0,Madrid,
HH_3304,Person_8470,male,52,50-54,,,,0,Madrid,
HH_3305,Person_8471,male,69,65-69,,,,0,,
HH_3305,Person_8472,male,56,55-59,,,,0,,Madrid
HH_3306,Person_8473,male,99,95-99,,,,0,,
HH_3307,Person_8474,female,31,30-34,,,,0,,Alcorcon
HH_3308,Person_8475,male,31,30-34,,,,0,,Madrid
HH_3308,Person_8476,female,27,25-29,,,,0,,Edificio Torres Quevedo
HH_3309,Person_8477,female,41,40-44,,,,0,,Madrid
HH_3309,Person_8478,female,29,25-29,,,,0,,Madrid
HH_3309,Person_8479,female,91,90-94,,,,0,,
HH_3309,Person_8480,female,40,40-44,,,,0,,Madrid
HH_3309,Person_8481,male,89,85-89,,,,0,,
HH_3310,Person_8482,female,69,65-69,,,,0,,
HH_3310,Person_8483,male,59,55-59,,,,0,,Getafe norte
HH_3310,Person_8484,male,92,90-94,,,,0,,
HH_3310,Person_8485,male,85,85-89,,,,0,,
HH_3311,Person_8486,female,3,0-4,,Person_8489,,0,,
HH_3311,Person_8487,female,4,0-4,,Person_8489,,0,,Escuela Infantil Rosa Caramelo
HH_3311,Person_8488,male,1,0-4,,Person_8489,,0,,
HH_3311,Person_8489,female,19,15-19,,,Person_8490,3,,Getafe norte
HH_3311,Person_8490,female,21,20-24,,,Person_8489,0,,
HH_3312,Person_8491,male,2,0-4,,Person_8492,,0,,
HH_3312,Person_8492,female,42,40-44,,,Person_8493,1,,
HH_3312,Person_8493,female,47,45-49,,,Person_8492,0,,
HH_3313,Person_8494,female,72,70-74,,,,0,,
HH_3314,Person_8495,female,90,90-94,,,,0,,
HH_3314,Person_8496,male,61,60-64,,,,0,,
HH_3315,Person_8497,male,49,45-49,,,,0,,Madrid
HH_3315,Person_8498,female,97,95-99,,,,0,,
HH_3316,Person_8499,female,23,20-24,,Person_8501,,0,Fuenlabrada,Edificio Torres Quevedo
HH_3316,Person_8500,female,27,25-29,,Person_8501,,0,Fuenlabrada,
HH_3316,Person_8501,female,68,65-69,,,Person_8502,2,Fuenlabrada,
HH_3316,Person_8502,female,85,85-89,,,Person_8501,0,Fuenlabrada,
HH_3317,Person_8503,female,12,10-14,,Person_8507,,0,,
HH_3317,Person_8504,male,6,5-9,,Person_8507,,0,,
HH_3317,Person_8505,female,20,20-24,,Person_8507,,0,,Madrid
HH_3317,Person_8506,male,6,5-9,,Person_8507,,0,,
HH_3317,Person_8507,female,51,50-54,,,,4,,Madrid
HH_3318,Person_8508,female,43,40-44,,,,0,Mostoles,Logista
HH_3318,Person_8509,male,18,15-19,,,,0,Mostoles,
HH_3318,Person_8510,female,99,95-99,,,,0,Mostoles,
HH_3318,Person_8511,female,96,95-99,,,,0,Mostoles,
HH_3319,Person_8512,female,19,15-19,Person_8514,,,0,,Edificio Juan Benet
HH_3319,Person_8513,male,29,25-29,Person_8514,,,0,,
HH_3319,Person_8514,male,57,55-59,,,Person_8515,2,,Madrid
HH_3319,Person_8515,male,37,35-39,,,Person_8514,0,,Madrid
HH_3320,Person_8516,male,14,10-14,,Person_8519,,0,Fuenlabrada,
HH_3320,Person_8517,female,1,0-4,,Person_8519,,0,Fuenlabrada,
HH_3320,Person_8518,female,5,5-9,,Person_8519,,0,Fuenlabrada,
HH_3320,Person_8519,female,53,50-54,,,,3,Fuenlabrada,
HH_3321,Person_8520,female,38,35-39,,Person_8523,,0,Getafe norte,
HH_3321,Person_8521,female,26,25-29,,Person_8523,,0,Getafe norte,
HH_3321,Person_8522,female,28,25-29,,Person_8523,,0,Getafe norte,Fundación IMDEA Networks
HH_3321,Person_8523,female,54,50-54,,,Person_8524,3,Getafe norte,
HH_3321,Person_8524,female,75,75-79,,,Person_8523,0,Getafe norte,
HH_3322,Person_8525,female,23,20-24,,,,0,,Edificio Juan Benet
HH_3323,Person_8526,male,98,95-99,,,,0,Madrid,
HH_3324,Person_8527,male,44,40-44,Person_8528,,,0,Alcorcon,
HH_3324,Person_8528,male,63,60-64,,,Person_8529,1,Alcorcon,
HH_3324,Person_8529,male,48,45-49,,,Person_8528,0,Alcorcon,
HH_3325,Person_8530,male,25,25-29,,,,0,Mostoles,
HH_3325,Person_8531,female,84,80-84,,,,0,Mostoles,
HH_3326,Person_8532,male,22,20-24,Person_8534,,,0,Madrid,Amstel
HH_3326,Person_8533,male,32,30-34,Person_8534,,,0,Madrid,
HH_3326,Person_8534,male,62,60-64,,,Person_8535,2,Madrid,
HH_3326,Person_8535,male,59,55-59,,,Person_8534,0,Madrid,
HH_3327,Person_8536,female,97,95-99,,,,0,Madrid,
HH_3328,Person_8537,female,25,25-29,,,,0,Getafe norte,Edificio Agustín de Betancourt
HH_3328,Person_8538,female,83,80-84,,,,0,Getafe norte,
HH_3329,Person_8539,male,19,15-19,,,,0,,
HH_3330,Person_8540,male,90,90-94,,,,0,Madrid,
HH_3330,Person_8541,male,73,70-74,,,,0,Madrid,
HH_3330,Person_8542,male,96,95-99,,,,0,Madrid,
HH_3331,Person_8543,male,20,20-24,,Person_8544,,0,,Edificio Agustín de Betancourt
HH_3331,Person_8544,female,54,50-54,,,Person_8545,1,,Madrid
HH_3331,Person_8545,female,62,60-64,,,Person_8544,0,,Madrid
HH_3332,Person_8546,male,68,65-69,,,,0,,
HH_3332,Person_8547,male,56,55-59,,,,0,,Fuenlabrada
HH_3333,Person_8548,male,40,40-44,,,,0,,Madrid
HH_3334,Person_8549,female,24,20-24,,Person_8551,,0,Madrid,
HH_3334,Person_8550,male,33,30-34,,Person_8551,,0,Madrid,
HH_3334,Person_8551,female,61,60-64,,,Person_8552,2,Madrid,Seher
HH_3334,Person_8552,female,68,65-69,,,Person_8551,0,Madrid,
HH_3335,Person_8553,male,82,80-84,,,,0,,
HH_3335,Person_8554,female,49,45-49,,,,0,,Madrid
HH_3335,Person_8555,female,77,75-79,,,,0,,
HH_3336,Person_8556,female,2,0-4,Person_8557,,,0,,
HH_3336,Person_8557,male,29,25-29,,,Person_8558,1,,Edificio Sabatini
HH_3336,Person_8558,male,34,30-34,,,Person_8557,0,,Madrid
HH_3337,Person_8559,female,32,30-34,,Person_8560,,0,,Madrid
HH_3337,Person_8560,female,59,55-59,,,Person_8561,1,,Madrid
HH_3337,Person_8561,female,53,50-54,,,Person_8560,0,,Madrid
HH_3338,Person_8562,female,11,10-14,,Person_8565,,0,Alcorcon,
HH_3338,Person_8563,female,15,15-19,,Person_8565,,0,Alcorcon,
HH_3338,Person_8564,male,15,15-19,,Person_8565,,0,Alcorcon,
HH_3338,Person_8565,female,44,40-44,,,Person_8566,3,Alcorcon,
HH_3338,Person_8566,female,48,45-49,,,Person_8565,0,Alcorcon,
HH_3339,Person_8567,female,69,65-69,,,,0,Madrid,
HH_3340,Person_8568,male,88,85-89,,,,0,,
HH_3341,Person_8569,female,68,65-69,,,,0,,
HH_3341,Person_8570,female,47,45-49,,,,0,,Madrid
HH_3342,Person_8571,female,11,10-14,Person_8573,,,0,Madrid,
HH_3342,Person_8572,female,29,25-29,Person_8573,,,0,Madrid,
HH_3342,Person_8573,male,63,60-64,,,Person_8574,2,Madrid,Carmen García de Gúdal
HH_3342,Person_8574,male,95,95-99,,,Person_8573,0,Madrid,
HH_3343,Person_8575,male,9,5-9,Person_8576,,,0,,
HH_3343,Person_8576,male,50,50-54,,,,1,,Madrid
HH_3344,Person_8577,female,90,90-94,,,,0,,
HH_3345,Person_8578,male,9,5-9,Person_8580,,,0,Alcorcon,
HH_3345,Person_8579,female,6,5-9,Person_8580,,,0,Alcorcon,
HH_3345,Person_8580,male,49,45-49,,,,2,Alcorcon,
HH_3346,Person_8581,male,58,55-59,,,,0,,Madrid
HH_3346,Person_8582,female,96,95-99,,,,0,,
HH_3347,Person_8583,male,91,90-94,,,,0,Madrid,
HH_3347,Person_8584,male,45,45-49,,,,0,Madrid,
HH_3348,Person_8585,male,57,55-59,,,,0,,Getafe norte
HH_3348,Person_8586,female,87,85-89,,,,0,,
HH_3349,Person_8587,female,46,45-49,,,,0,,Madrid
HH_3349,Person_8588,male,26,25-29,,,,0,,Madrid
HH_3350,Person_8589,female,40,40-44,Person_8590,,,0,,Madrid
HH_3350,Person_8590,male,79,75-79,,,Person_8591,1,,
HH_3350,Person_8591,male,53,50-54,,,Person_8590,0,,Madrid
HH_3351,Person_8592,male,31,30-34,,,,0,,Madrid
HH_3351,Person_8593,female,56,55-59,,,,0,,Madrid
HH_3352,Person_8594,female,4,0-4,,Person_8596,,0,,
HH_3352,Person_8595,male,27,25-29,,Person_8596,,0,,Edificio Agustín de Betancourt
HH_3352,Person_8596,female,58,55-59,,,Person_8597,2,,Madrid
HH_3352,Person_8597,female,68,65-69,,,Person_8596,0,,
HH_3353,Person_8598,male,25,25-29,Person_8600,,,0,,Fuenlabrada
HH_3353,Person_8599,female,33,30-34,Person_8600,,,0,,Madrid
HH_3353,Person_8600,male,77,75-79,,,,2,,
HH_3354,Person_8601,male,19,15-19,,Person_8603,,0,,Madrid
HH_3354,Person_8602,female,27,25-29,,Person_8603,,0,,
HH_3354,Person_8603,female,61,60-64,,,Person_8604,2,,Madrid
HH_3354,Person_8604,female,83,80-84,,,Person_8603,0,,
HH_3355,Person_8605,male,66,65-69,,,,0,,
HH_3355,Person_8606,male,51,50-54,,,,0,,Madrid
HH_3356,Person_8607,female,11,10-14,Person_8609,,,0,Madrid,
HH_3356,Person_8608,female,17,15-19,Person_8609,,,0,Madrid,
HH_3356,Person_8609,male,42,40-44,,,,2,Madrid,
HH_3357,Person_8610,male,40,40-44,Person_8611,,,0,,Madrid
HH_3357,Person_8611,male,81,80-84,,,Person_8612,1,,
HH_3357,Person_8612,male,48,45-49,,,Person_8611,0,,Madrid
HH_3358,Person_8613,female,80,80-84,,,,0,,
HH_3359,Person_8614,male,74,70-74,,,,0,Fuenlabrada,
HH_3359,Person_8615,male,49,45-49,,,,0,Fuenlabrada,
HH_3360,Person_8616,male,16,15-19,Person_8618,,,0,,
HH_3360,Person_8617,female,26,25-29,Person_8618,,,0,,Madrid
HH_3360,Person_8618,male,55,55-59,,,,2,,Madrid
HH_3361,Person_8619,female,2,0-4,,Person_8620,,0,,Escuela Infantil Rosa Caramelo
HH_3361,Person_8620,female,35,35-39,,,Person_8621,1,,Madrid
HH_3361,Person_8621,female,38,35-39,,,Person_8620,0,,Madrid
HH_3362,Person_8622,female,3,0-4,Person_8625,,,0,Getafe norte,
HH_3362,Person_8623,male,7,5-9,Person_8625,,,0,Getafe norte,
HH_3362,Person_8624,female,9,5-9,Person_8625,,,0,Getafe norte,
HH_3362,Person_8625,male,40,40-44,,,Person_8626,3,Getafe norte,
HH_3362,Person_8626,male,44,40-44,,,Person_8625,0,Getafe norte,
HH_3363,Person_8627,female,36,35-39,,,,0,,Madrid
HH_3364,Person_8628,male,87,85-89,,,,0,,
HH_3364,Person_8629,female,78,75-79,,,,0,,
HH_3365,Person_8630,female,44,40-44,,,,0,,Madrid
HH_3366,Person_8631,male,1,0-4,,Person_8633,,0,,
HH_3366,Person_8632,female,11,10-14,,Person_8633,,0,,
HH_3366,Person_8633,female,43,40-44,,,,2,,Madrid
HH_3367,Person_8634,male,37,35-39,,,,0,Madrid,
HH_3368,Person_8635,female,39,35-39,,,,0,,Getafe norte
HH_3368,Person_8636,male,73,70-74,,,,0,,
HH_3369,Person_8637,male,41,40-44,,,,0,,Madrid
HH_3369,Person_8638,female,64,60-64,,,,0,,Getafe norte
HH_3370,Person_8639,male,3,0-4,,Person_8640,,0,,
HH_3370,Person_8640,female,37,35-39,,,,1,,
HH_3371,Person_8641,male,63,60-64,,,,0,Madrid,
HH_3372,Person_8642,female,65,65-69,,,,0,,
HH_3373,Person_8643,male,18,15-19,,Person_8644,,0,,Edificio Sabatini
HH_3373,Person_8644,female,54,50-54,,,Person_8645,1,,Madrid
HH_3373,Person_8645,female,61,60-64,,,Person_8644,0,,Madrid
HH_3374,Person_8646,male,25,25-29,Person_8649,,,0,,Madrid
HH_3374,Person_8647,female,1,0-4,Person_8649,,,0,,
HH_3374,Person_8648,female,31,30-34,Person_8649,,,0,,
HH_3374,Person_8649,male,62,60-64,,,,3,,Madrid
HH_3375,Person_8650,female,9,5-9,,Person_8653,,0,,Edificio Juan de Mairena
HH_3375,Person_8651,male,5,5-9,,Person_8653,,0,,
HH_3375,Person_8652,female,19,15-19,,Person_8653,,0,,
HH_3375,Person_8653,female,55,55-59,,,,3,,Madrid
HH_3376,Person_8654,male,72,70-74,,,,0,Madrid,
HH_3376,Person_8655,female,36,35-39,,,,0,Madrid,
HH_3377,Person_8656,female,95,95-99,,,,0,,
HH_3378,Person_8657,male,85,85-89,,Person_8658,,0,Alcorcon,
HH_3378,Person_8658,female,124,100-120,,,,1,Alcorcon,
HH_3379,Person_8659,female,17,15-19,Person_8661,,,0,Mostoles,
HH_3379,Person_8660,female,31,30-34,Person_8661,,,0,Mostoles,Asian Wok Shangri-La
HH_3379,Person_8661,male,62,60-64,,,Person_8662,2,Mostoles,
HH_3379,Person_8662,male,97,95-99,,,Person_8661,0,Mostoles,
HH_3380,Person_8663,male,74,70-74,,,,0,,
HH_3380,Person_8664,female,66,65-69,,,,0,,
HH_3381,Person_8665,female,82,80-84,,,,0,,
HH_3382,Person_8666,male,2,0-4,,Person_8668,,0,,
HH_3382,Person_8667,female,27,25-29,,Person_8668,,0,,Fundación IMDEA Networks
HH_3382,Person_8668,female,60,60-64,,,Person_8669,2,,Madrid
HH_3382,Person_8669,female,71,70-74,,,Person_8668,0,,
HH_3383,Person_8670,male,36,35-39,Person_8671,,,0,,Madrid
HH_3383,Person_8671,male,55,55-59,,,,1,,
HH_3384,Person_8672,female,3,0-4,,Person_8674,,0,Madrid,
HH_3384,Person_8673,male,27,25-29,,Person_8674,,0,Madrid,
HH_3384,Person_8674,female,56,55-59,,,Person_8675,2,Madrid,Escuela Municipal de Música Manuel Rodríguez Sales
HH_3384,Person_8675,female,65,65-69,,,Person_8674,0,Madrid,
HH_3385,Person_8676,male,70,70-74,,,,0,,
HH_3385,Person_8677,male,38,35-39,,,,0,,Madrid
HH_3386,Person_8678,male,8,5-9,,Person_8679,,0,,
HH_3386,Person_8679,female,39,35-39,,,Person_8680,1,,Madrid
HH_3386,Person_8680,female,30,30-34,,,Person_8679,0,,
HH_3387,Person_8681,female,8,5-9,Person_8685,,,0,Madrid,
HH_3387,Person_8682,female,7,5-9,Person_8685,,,0,Madrid,
HH_3387,Person_8683,female,10,10-14,Person_8685,,,0,Madrid,
HH_3387,Person_8684,male,3,0-4,Person_8685,,,0,Madrid,
HH_3387,Person_8685,male,54,50-54,,,,4,Madrid,Grupo Norte
HH_3388,Person_8686,male,43,40-44,Person_8687,,,0,,Madrid
HH_3388,Person_8687,male,71,70-74,,,,1,,
HH_3389,Person_8688,female,30,30-34,,,,0,,Parque Científico de la Universidad Carlos III de Madrid
HH_3390,Person_8689,male,97,95-99,,,,0,,
HH_3390,Person_8690,female,99,95-99,,,,0,,
HH_3391,Person_8691,female,99,95-99,,,,0,,
HH_3391,Person_8692,female,38,35-39,,,,0,,Madrid
HH_3392,Person_8693,male,75,75-79,,,,0,,
HH_3393,Person_8694,male,86,85-89,,,,0,,
HH_3393,Person_8695,male,83,80-84,,,,0,,
HH_3393,Person_8696,female,93,90-94,,,,0,,
HH_3393,Person_8697,male,48,45-49,,,,0,,
HH_3394,Person_8698,male,45,45-49,,,,0,,
HH_3394,Person_8699,female,72,70-74,,,,0,,
HH_3395,Person_8700,female,46,45-49,,,,0,,Madrid
HH_3396,Person_8701,male,31,30-34,Person_8702,,,0,,Fuenlabrada
HH_3396,Person_8702,male,59,55-59,,,Person_8703,1,,Madrid
HH_3396,Person_8703,male,53,50-54,,,Person_8702,0,,Madrid
HH_3397,Person_8704,female,51,50-54,,,,0,Mostoles,
HH_3397,Person_8705,male,44,40-44,,,,0,Mostoles,
HH_3398,Person_8706,female,84,80-84,,,,0,Madrid,
HH_3399,Person_8707,male,32,30-34,,Person_8708,,0,,Madrid
HH_3399,Person_8708,female,72,70-74,,,,1,,
HH_3400,Person_8709,female,24,20-24,Person_8710,,,0,,Parque Científico de la Universidad Carlos III de Madrid
HH_3400,Person_8710,male,66,65-69,,,Person_8711,1,,
HH_3400,Person_8711,male,76,75-79,,,Person_8710,0,,
HH_3401,Person_8712,female,56,55-59,,,,0,Madrid,
HH_3401,Person_8713,male,76,75-79,,,,0,Madrid,
HH_3402,Person_8714,female,86,85-89,,,,0,,
HH_3403,Person_8715,female,22,20-24,,,,0,,Biblioteca Rey Pastor
HH_3403,Person_8716,female,21,20-24,,,,0,,Fuenlabrada
HH_3404,Person_8717,male,74,70-74,,,,0,,
HH_3404,Person_8718,female,56,55-59,,,,0,,Madrid
HH_3404,Person_8719,female,85,85-89,,,,0,,
HH_3405,Person_8720,female,57,55-59,,,,0,Mostoles,
HH_3405,Person_8721,male,93,90-94,,,,0,Mostoles,
HH_3405,Person_8722,female,92,90-94,,,,0,Mostoles,
HH_3406,Person_8723,female,88,85-89,,,,0,,
HH_3406,Person_8724,female,21,20-24,,,,0,,Madrid
HH_3407,Person_8725,female,67,65-69,,,,0,,
HH_3408,Person_8726,female,65,65-69,,,,0,,
HH_3409,Person_8727,male,1,0-4,,Person_8728,,0,,
HH_3409,Person_8728,female,31,30-34,,,,1,,
HH_3410,Person_8729,female,16,15-19,Person_8731,,,0,,
HH_3410,Person_8730,male,29,25-29,Person_8731,,,0,,Edificio Torres Quevedo
HH_3410,Person_8731,male,72,70-74,,,Person_8732,2,,
HH_3410,Person_8732,male,59,55-59,,,Person_8731,0,,Madrid
HH_3411,Person_8733,male,25,25-29,,,,0,,Madrid
HH_3411,Person_8734,male,57,55-59,,,,0,,Madrid
HH_3412,Person_8735,female,73,70-74,,,,0,,
HH_3413,Person_8736,male,93,90-94,,Person_8737,,0,,
HH_3413,Person_8737,female,120,100-120,,,,1,,
HH_3414,Person_8738,male,13,10-14,Person_8740,,,0,,
HH_3414,Person_8739,female,13,10-14,Person_8740,,,0,,
HH_3414,Person_8740,male,53,50-54,,,,2,,Madrid
HH_3415,Person_8741,male,2,0-4,Person_8745,,,0,,
HH_3415,Person_8742,female,7,5-9,Person_8745,,,0,,
HH_3415,Person_8743,male,5,5-9,Person_8745,,,0,,
HH_3415,Person_8744,male,5,5-9,Person_8745,,,0,,Escuela Infantil Rosa Caramelo
HH_3415,Person_8745,male,48,45-49,,,,4,,Madrid
HH_3416,Person_8746,female,50,50-54,,,,0,,Alcorcon
HH_3416,Person_8747,male,92,90-94,,,,0,,
HH_3416,Person_8748,female,54,50-54,,,,0,,
HH_3417,Person_8749,female,19,15-19,Person_8750,,,0,,Edificio Agustín de Betancourt
HH_3417,Person_8750,male,48,45-49,,,Person_8751,1,,Mostoles
HH_3417,Person_8751,male,32,30-34,,,Person_8750,0,,Extremadura
HH_3418,Person_8752,female,22,20-24,,Person_8755,,0,,
HH_3418,Person_8753,male,25,25-29,,Person_8755,,0,,Madrid
HH_3418,Person_8754,male,16,15-19,,Person_8755,,0,,
HH_3418,Person_8755,female,55,55-59,,,,3,,Madrid
HH_3419,Person_8756,male,50,50-54,,,,0,,Madrid
HH_3420,Person_8757,female,43,40-44,,,,0,,Madrid
HH_3421,Person_8758,female,80,80-84,,,,0,,
HH_3421,Person_8759,male,42,40-44,,,,0,,Mercadona
HH_3422,Person_8760,male,74,70-74,,,,0,Madrid,
HH_3422,Person_8761,female,86,85-89,,,,0,Madrid,
HH_3423,Person_8762,female,18,15-19,,Person_8763,,0,,Edificio Agustín de Betancourt
HH_3423,Person_8763,female,46,45-49,,,Person_8764,1,,Madrid
HH_3423,Person_8764,female,57,55-59,,,Person_8763,0,,Extremadura
HH_3424,Person_8765,male,37,35-39,,,,0,,Madrid
HH_3425,Person_8766,female,3,0-4,Person_8768,,,0,,
HH_3425,Person_8767,male,34,30-34,Person_8768,,,0,,Madrid
HH_3425,Person_8768,male,65,65-69,,,Person_8769,2,,
HH_3425,Person_8769,male,57,55-59,,,Person_8768,0,,
HH_3426,Person_8770,female,16,15-19,,Person_8771,,0,,
HH_3426,Person_8771,female,42,40-44,,,Person_8772,1,,Getafe norte
HH_3426,Person_8772,female,39,35-39,,,Person_8771,0,,Madrid
HH_3427,Person_8773,female,93,90-94,,,,0,,
HH_3427,Person_8774,female,47,45-49,,,,0,,Madrid
HH_3428,Person_8775,female,69,65-69,Person_8776,,,0,,
HH_3428,Person_8776,male,109,100-120,,,,1,,
HH_3429,Person_8777,female,97,95-99,,,,0,Mostoles,
HH_3430,Person_8778,male,22,20-24,,,,0,,Fundación IMDEA Networks
HH_3430,Person_8779,female,37,35-39,,,,0,,Madrid
HH_3431,Person_8780,female,82,80-84,,,,0,Madrid,
HH_3432,Person_8781,female,91,90-94,,,,0,,
HH_3433,Person_8782,female,88,85-89,,,,0,,
HH_3433,Person_8783,female,88,85-89,,,,0,,
HH_3434,Person_8784,male,17,15-19,Person_8788,,,0,,
HH_3434,Person_8785,female,23,20-24,Person_8788,,,0,,Madrid
HH_3434,Person_8786,female,16,15-19,Person_8788,,,0,,Edificio Octavio Paz
HH_3434,Person_8787,female,16,15-19,Person_8788,,,0,,
HH_3434,Person_8788,male,55,55-59,,,,4,,Getafe norte
HH_3435,Person_8789,female,15,15-19,,Person_8790,,0,,
HH_3435,Person_8790,female,47,45-49,,,Person_8791,1,,Centro de Salud Marie Curie
HH_3435,Person_8791,female,49,45-49,,,Person_8790,0,,Madrid
HH_3436,Person_8792,female,3,0-4,Person_8794,,,0,,
HH_3436,Person_8793,female,32,30-34,Person_8794,,,0,,Getafe norte
HH_3436,Person_8794,male,62,60-64,,,Person_8795,2,,Madrid
HH_3436,Person_8795,male,44,40-44,,,Person_8794,0,,Fuenlabrada
HH_3437,Person_8796,male,31,30-34,Person_8797,,,0,,
HH_3437,Person_8797,male,53,50-54,,,Person_8798,1,,Madrid
HH_3437,Person_8798,male,54,50-54,,,Person_8797,0,,Alcorcon
HH_3438,Person_8799,female,9,5-9,Person_8800,,,0,,
HH_3438,Person_8800,male,36,35-39,,,Person_8801,1,,Madrid
HH_3438,Person_8801,male,30,30-34,,,Person_8800,0,,
HH_3439,Person_8802,female,18,15-19,,Person_8804,,0,Madrid,
HH_3439,Person_8803,male,27,25-29,,Person_8804,,0,Madrid,
HH_3439,Person_8804,female,54,50-54,,,Person_8805,2,Madrid,Centro de Salud "Huerta de los Frailes"
HH_3439,Person_8805,female,94,90-94,,,Person_8804,0,Madrid,
HH_3440,Person_8806,male,13,10-14,,Person_8808,,0,,
HH_3440,Person_8807,male,30,30-34,,Person_8808,,0,,Edificio Torres Quevedo
HH_3440,Person_8808,female,64,60-64,,,Person_8809,2,,Madrid
HH_3440,Person_8809,female,36,35-39,,,Person_8808,0,,Madrid
HH_3441,Person_8810,male,24,20-24,,Person_8811,,0,,Madrid
HH_3441,Person_8811,female,65,65-69,,,,1,,
HH_3442,Person_8812,male,82,80-84,,,,0,Madrid,
HH_3442,Person_8813,female,69,65-69,,,,0,Madrid,
HH_3443,Person_8814,female,7,5-9,Person_8816,,,0,Madrid,
HH_3443,Person_8815,male,26,25-29,Person_8816,,,0,Madrid,Parque Científico de la Universidad Carlos III de Madrid
HH_3443,Person_8816,male,67,65-69,,,Person_8817,2,Madrid,
HH_3443,Person_8817,male,63,60-64,,,Person_8816,0,Madrid,
HH_3444,Person_8818,female,10,10-14,Person_8819,,,0,,
HH_3444,Person_8819,male,38,35-39,,,Person_8820,1,,Kia Selikar
HH_3444,Person_8820,male,54,50-54,,,Person_8819,0,,Madrid
HH_3445,Person_8821,female,35,35-39,,,,0,,
HH_3445,Person_8822,male,18,15-19,,,,0,,Madrid
HH_3445,Person_8823,male,57,55-59,,,,0,,Madrid
HH_3445,Person_8824,female,55,55-59,,,,0,,Fuenlabrada
HH_3446,Person_8825,male,0,0-4,Person_8827,,,0,,
HH_3446,Person_8826,male,6,5-9,Person_8827,,,0,,
HH_3446,Person_8827,male,21,20-24,,,,2,,Biblioteca Rey Pastor
HH_3447,Person_8828,male,82,80-84,,,,0,Madrid,
HH_3447,Person_8829,male,39,35-39,,,,0,Madrid,
HH_3448,Person_8830,female,22,20-24,Person_8832,,,0,,
HH_3448,Person_8831,female,32,30-34,Person_8832,,,0,,Madrid
HH_3448,Person_8832,male,59,55-59,,,Person_8833,2,,Madrid
HH_3448,Person_8833,male,53,50-54,,,Person_8832,0,,Madrid
HH_3449,Person_8834,male,25,25-29,,Person_8836,,0,Fuenlabrada,
HH_3449,Person_8835,male,33,30-34,,Person_8836,,0,Fuenlabrada,
HH_3449,Person_8836,female,77,75-79,,,Person_8837,2,Fuenlabrada,
HH_3449,Person_8837,female,63,60-64,,,Person_8836,0,Fuenlabrada,Mercadona
HH_3450,Person_8838,female,24,20-24,,,,0,Mostoles,
HH_3450,Person_8839,female,50,50-54,,,,0,Mostoles,
HH_3450,Person_8840,male,39,35-39,,,,0,Mostoles,
HH_3451,Person_8841,female,12,10-14,Person_8842,,,0,,
HH_3451,Person_8842,male,45,45-49,,,,1,,Madrid
HH_3452,Person_8843,male,11,10-14,,Person_8845,,0,,
HH_3452,Person_8844,female,13,10-14,,Person_8845,,0,,
HH_3452,Person_8845,female,31,30-34,,,,2,,Madrid
HH_3453,Person_8846,male,91,90-94,Person_8847,,,0,,
HH_3453,Person_8847,male,123,100-120,,,,1,,
HH_3454,Person_8848,male,53,50-54,,,,0,Fuenlabrada,
HH_3454,Person_8849,male,77,75-79,,,,0,Fuenlabrada,
HH_3455,Person_8850,male,76,75-79,,,,0,Alcorcon,
HH_3455,Person_8851,female,73,70-74,,,,0,Alcorcon,
HH_3455,Person_8852,male,92,90-94,,,,0,Alcorcon,
HH_3456,Person_8853,female,94,90-94,,,,0,,
HH_3457,Person_8854,female,18,15-19,Person_8855,,,0,Madrid,Parque Científico de la Universidad Carlos III de Madrid
HH_3457,Person_8855,male,44,40-44,,,Person_8856,1,Madrid,
HH_3457,Person_8856,male,39,35-39,,,Person_8855,0,Madrid,
HH_3458,Person_8857,male,21,20-24,,,,0,,
HH_3458,Person_8858,female,70,70-74,,,,0,,
HH_3459,Person_8859,female,26,25-29,Person_8860,,,0,,Madrid
HH_3459,Person_8860,male,55,55-59,,,Person_8861,1,,Madrid
HH_3459,Person_8861,male,37,35-39,,,Person_8860,0,,
HH_3460,Person_8862,male,3,0-4,Person_8865,,,0,,
HH_3460,Person_8863,female,1,0-4,Person_8865,,,0,,
HH_3460,Person_8864,female,9,5-9,Person_8865,,,0,,
HH_3460,Person_8865,male,43,40-44,,,,3,,
HH_3461,Person_8866,male,17,15-19,,Person_8868,,0,Fuenlabrada,
HH_3461,Person_8867,female,25,25-29,,Person_8868,,0,Fuenlabrada,Parque Científico de la Universidad Carlos III de Madrid
HH_3461,Person_8868,female,43,40-44,,,Person_8869,2,Fuenlabrada,
HH_3461,Person_8869,female,43,40-44,,,Person_8868,0,Fuenlabrada,
HH_3462,Person_8870,male,6,5-9,,Person_8872,,0,,
HH_3462,Person_8871,male,15,15-19,,Person_8872,,0,,
HH_3462,Person_8872,female,42,40-44,,,,2,,Madrid
HH_3463,Person_8873,male,73,70-74,,,,0,,
HH_3463,Person_8874,male,54,50-54,,,,0,,Madrid
HH_3464,Person_8875,female,82,80-84,,,,0,,
HH_3464,Person_8876,female,84,80-84,,,,0,,
HH_3465,Person_8877,male,85,85-89,,,,0,Fuenlabrada,
HH_3465,Person_8878,female,45,45-49,,,,0,Fuenlabrada,
HH_3466,Person_8879,male,18,15-19,,,,0,Alcorcon,Edificio Juan Benet
HH_3467,Person_8880,male,30,30-34,,,,0,,
HH_3467,Person_8881,male,47,45-49,,,,0,,Madrid
HH_3468,Person_8882,female,98,95-99,,,,0,,
HH_3469,Person_8883,female,94,90-94,,,,0,Madrid,
HH_3469,Person_8884,male,33,30-34,,,,0,Madrid,
HH_3470,Person_8885,female,36,35-39,,,,0,,Madrid
HH_3470,Person_8886,male,39,35-39,,,,0,,Madrid
HH_3470,Person_8887,female,37,35-39,,,,0,,Madrid
HH_3471,Person_8888,female,50,50-54,,,,0,Madrid,
HH_3471,Person_8889,male,79,75-79,,,,0,Madrid,
HH_3472,Person_8890,male,80,80-84,,,,0,,
HH_3473,Person_8891,male,93,90-94,,,,0,Madrid,
HH_3474,Person_8892,female,52,50-54,,,,0,,Madrid
HH_3475,Person_8893,female,73,70-74,,,,0,Madrid,
HH_3475,Person_8894,male,22,20-24,,,,0,Madrid,
HH_3476,Person_8895,male,64,60-64,,,,0,,
HH_3477,Person_8896,male,2,0-4,,Person_8898,,0,Getafe norte,
HH_3477,Person_8897,female,25,25-29,,Person_8898,,0,Getafe norte,
HH_3477,Person_8898,female,58,55-59,,,Person_8899,2,Getafe norte,
HH_3477,Person_8899,female,57,55-59,,,Person_8898,0,Getafe norte,
HH_3478,Person_8900,female,22,20-24,,Person_8901,,0,,Fuenlabrada
HH_3478,Person_8901,female,39,35-39,,,Person_8902,1,,
HH_3478,Person_8902,female,36,35-39,,,Person_8901,0,,Madrid
HH_3479,Person_8903,female,58,55-59,,Person_8904,,0,,Madrid
HH_3479,Person_8904,female,87,85-89,,,,1,,
HH_3480,Person_8905,male,41,40-44,,Person_8906,,0,Madrid,
HH_3480,Person_8906,female,74,70-74,,,Person_8907,1,Madrid,
HH_3480,Person_8907,female,91,90-94,,,Person_8906,0,Madrid,
HH_3481,Person_8908,female,37,35-39,,,,0,,
HH_3481,Person_8909,female,42,40-44,,,,0,,Madrid
HH_3482,Person_8910,female,15,15-19,Person_8912,,,0,Madrid,
HH_3482,Person_8911,female,25,25-29,Person_8912,,,0,Madrid,
HH_3482,Person_8912,male,55,55-59,,,Person_8913,2,Madrid,
HH_3482,Person_8913,male,52,50-54,,,Person_8912,0,Madrid,
HH_3483,Person_8914,female,16,15-19,,Person_8916,,0,,
HH_3483,Person_8915,female,1,0-4,,Person_8916,,0,,
HH_3483,Person_8916,female,33,30-34,,,,2,,Madrid
HH_3484,Person_8917,male,50,50-54,,,,0,,Alcorcon
HH_3484,Person_8918,male,77,75-79,,,,0,,
HH_3484,Person_8919,male,44,40-44,,,,0,,Madrid
HH_3484,Person_8920,female,49,45-49,,,,0,,Madrid
HH_3484,Person_8921,female,48,45-49,,,,0,,Madrid
HH_3485,Person_8922,female,1,0-4,,Person_8923,,0,,
HH_3485,Person_8923,female,28,25-29,,,Person_8924,1,,Biblioteca Rey Pastor
HH_3485,Person_8924,female,26,25-29,,,Person_8923,0,,
HH_3486,Person_8925,male,23,20-24,Person_8926,,,0,,Edificio Sabatini
HH_3486,Person_8926,male,59,55-59,,,Person_8927,1,,Madrid
HH_3486,Person_8927,male,40,40-44,,,Person_8926,0,,
HH_3487,Person_8928,male,22,20-24,Person_8929,,,0,,Edificio Sabatini
HH_3487,Person_8929,male,50,50-54,,,Person_8930,1,,Madrid
HH_3487,Person_8930,male,48,45-49,,,Person_8929,0,,Madrid
HH_3488,Person_8931,male,65,65-69,,,,0,,
HH_3488,Person_8932,female,59,55-59,,,,0,,Madrid
HH_3488,Person_8933,male,80,80-84,,,,0,,
HH_3489,Person_8934,male,18,15-19,Person_8935,,,0,Madrid,Edificio Torres Quevedo
HH_3489,Person_8935,male,33,30-34,,,Person_8936,1,Madrid,
HH_3489,Person_8936,male,30,30-34,,,Person_8935,0,Madrid,
HH_3490,Person_8937,male,0,0-4,Person_8939,,,0,Madrid,
HH_3490,Person_8938,male,30,30-34,Person_8939,,,0,Madrid,
HH_3490,Person_8939,male,64,60-64,,,Person_8940,2,Madrid,
HH_3490,Person_8940,male,62,60-64,,,Person_8939,0,Madrid,
HH_3491,Person_8941,female,20,20-24,,,,0,,Getafe norte
HH_3491,Person_8942,female,81,80-84,,,,0,,
HH_3492,Person_8943,female,22,20-24,,Person_8945,,0,,Edificio Agustín de Betancourt
HH_3492,Person_8944,male,30,30-34,,Person_8945,,0,,Edificio Agustín de Betancourt
HH_3492,Person_8945,female,45,45-49,,,Person_8946,2,,Mostoles
HH_3492,Person_8946,female,53,50-54,,,Person_8945,0,,Madrid
HH_3493,Person_8947,female,17,15-19,Person_8948,,,0,Madrid,
HH_3493,Person_8948,male,55,55-59,,,Person_8949,1,Madrid,
HH_3493,Person_8949,male,54,50-54,,,Person_8948,0,Madrid,Derry Irish Tavern
HH_3494,Person_8950,female,90,90-94,,Person_8951,,0,,
HH_3494,Person_8951,female,120,100-120,,,,1,,
HH_3495,Person_8952,male,97,95-99,,,,0,,
HH_3495,Person_8953,male,72,70-74,,,,0,,
HH_3496,Person_8954,male,51,50-54,,,,0,,Madrid
HH_3496,Person_8955,female,59,55-59,,,,0,,Madrid
HH_3496,Person_8956,female,40,40-44,,,,0,,Madrid
HH_3497,Person_8957,female,22,20-24,Person_8961,,,0,,
HH_3497,Person_8958,male,8,5-9,Person_8961,,,0,,
HH_3497,Person_8959,male,5,5-9,Person_8961,,,0,,
HH_3497,Person_8960,male,4,0-4,Person_8961,,,0,,
HH_3497,Person_8961,male,56,55-59,,,,4,,Madrid
HH_3498,Person_8962,male,57,55-59,,,,0,,Madrid
HH_3499,Person_8963,female,7,5-9,,Person_8964,,0,,
HH_3499,Person_8964,female,34,30-34,,,Person_8965,1,,Madrid
HH_3499,Person_8965,female,26,25-29,,,Person_8964,0,,Biblioteca Rey Pastor
HH_3500,Person_8966,female,10,10-14,,Person_8969,,0,,
HH_3500,Person_8967,female,20,20-24,,Person_8969,,0,,
HH_3500,Person_8968,female,9,5-9,,Person_8969,,0,,
HH_3500,Person_8969,female,57,55-59,,,Person_8970,3,,Madrid
HH_3500,Person_8970,female,61,60-64,,,Person_8969,0,,Alcorcon
HH_3501,Person_8971,female,16,15-19,Person_8973,,,0,Madrid,
HH_3501,Person_8972,male,28,25-29,Person_8973,,,0,Madrid,
HH_3501,Person_8973,male,60,60-64,,,Person_8974,2,Madrid,
HH_3501,Person_8974,male,89,85-89,,,Person_8973,0,Madrid,
HH_3502,Person_8975,female,9,5-9,Person_8977,,,0,Madrid,
HH_3502,Person_8976,female,31,30-34,Person_8977,,,0,Madrid,McDonald's
HH_3502,Person_8977,male,61,60-64,,,Person_8978,2,Madrid,
HH_3502,Person_8978,male,59,55-59,,,Person_8977,0,Madrid,
HH_3503,Person_8979,male,82,80-84,,,,0,,
HH_3503,Person_8980,male,63,60-64,,,,0,,
HH_3504,Person_8981,male,25,25-29,,Person_8983,,0,Madrid,
HH_3504,Person_8982,female,33,30-34,,Person_8983,,0,Madrid,
HH_3504,Person_8983,female,67,65-69,,,Person_8984,2,Madrid,
HH_3504,Person_8984,female,39,35-39,,,Person_8983,0,Madrid,
HH_3505,Person_8985,male,21,20-24,,,,0,Madrid,
HH_3505,Person_8986,female,43,40-44,,,,0,Madrid,
HH_3506,Person_8987,male,42,40-44,Person_8989,,,0,Mostoles,
HH_3506,Person_8988,female,51,50-54,Person_8989,,,0,Mostoles,
HH_3506,Person_8989,male,80,80-84,,,Person_8990,2,Mostoles,
HH_3506,Person_8990,male,59,55-59,,,Person_8989,0,Mostoles,
HH_3507,Person_8991,male,30,30-34,,Person_8992,,0,Madrid,
HH_3507,Person_8992,female,59,55-59,,,Person_8993,1,Madrid,Viviendas de integración social Fundación F.A.D.
HH_3507,Person_8993,female,50,50-54,,,Person_8992,0,Madrid,Centro de Salud "Huerta de los Frailes"
HH_3508,Person_8994,male,11,10-14,,Person_8996,,0,,
HH_3508,Person_8995,female,33,30-34,,Person_8996,,0,,Madrid
HH_3508,Person_8996,female,70,70-74,,,Person_8997,2,,
HH_3508,Person_8997,female,72,70-74,,,Person_8996,0,,
HH_3509,Person_8998,male,85,85-89,,,,0,,
HH_3509,Person_8999,female,28,25-29,,,,0,,Edificio Agustín de Betancourt
HH_3510,Person_9000,male,11,10-14,Person_9001,,,0,,
HH_3510,Person_9001,male,27,25-29,,,Person_9002,1,,
HH_3510,Person_9002,male,27,25-29,,,Person_9001,0,,
HH_3511,Person_9003,female,18,15-19,Person_9006,,,0,Mostoles,
HH_3511,Person_9004,female,13,10-14,Person_9006,,,0,Mostoles,
HH_3511,Person_9005,female,16,15-19,Person_9006,,,0,Mostoles,
HH_3511,Person_9006,male,33,30-34,,,Person_9007,3,Mostoles,
HH_3511,Person_9007,male,33,30-34,,,Person_9006,0,Mostoles,
HH_3512,Person_9008,female,0,0-4,Person_9010,,,0,Mostoles,
HH_3512,Person_9009,female,30,30-34,Person_9010,,,0,Mostoles,
HH_3512,Person_9010,male,60,60-64,,,Person_9011,2,Mostoles,
HH_3512,Person_9011,male,50,50-54,,,Person_9010,0,Mostoles,
HH_3513,Person_9012,female,80,80-84,,Person_9013,,0,,
HH_3513,Person_9013,female,107,100-120,,,,1,,
HH_3514,Person_9014,male,39,35-39,,,,0,,Madrid
HH_3514,Person_9015,female,33,30-34,,,,0,,Renault Automoción Qualiauto
HH_3515,Person_9016,female,1,0-4,,Person_9018,,0,,
HH_3515,Person_9017,female,30,30-34,,Person_9018,,0,,Fuenlabrada
HH_3515,Person_9018,female,55,55-59,,,Person_9019,2,,Fuenlabrada
HH_3515,Person_9019,female,49,45-49,,,Person_9018,0,,Madrid
HH_3516,Person_9020,female,62,60-64,,,,0,Alcorcon,
HH_3517,Person_9021,male,12,10-14,Person_9022,,,0,,
HH_3517,Person_9022,male,43,40-44,,,,1,,Madrid
HH_3518,Person_9023,female,15,15-19,Person_9024,,,0,,
HH_3518,Person_9024,male,49,45-49,,,,1,,Madrid
HH_3519,Person_9025,male,35,35-39,,Person_9027,,0,,Madrid
HH_3519,Person_9026,male,30,30-34,,Person_9027,,0,,Biblioteca Rey Pastor
HH_3519,Person_9027,female,78,75-79,,,Person_9028,2,,
HH_3519,Person_9028,female,89,85-89,,,Person_9027,0,,
HH_3520,Person_9029,male,12,10-14,,Person_9030,,0,,
HH_3520,Person_9030,female,46,45-49,,,Person_9031,1,,Madrid
HH_3520,Person_9031,female,46,45-49,,,Person_9030,0,,
HH_3521,Person_9032,female,30,30-34,Person_9033,,,0,,
HH_3521,Person_9033,male,63,60-64,,,Person_9034,1,,Alcorcon
HH_3521,Person_9034,male,59,55-59,,,Person_9033,0,,Fuenlabrada
HH_3522,Person_9035,male,5,5-9,Person_9037,,,0,,
HH_3522,Person_9036,male,29,25-29,Person_9037,,,0,,
HH_3522,Person_9037,male,70,70-74,,,Person_9038,2,,
HH_3522,Person_9038,male,58,55-59,,,Person_9037,0,,Extremadura
HH_3523,Person_9039,male,19,15-19,Person_9041,,,0,,Madrid
HH_3523,Person_9040,male,31,30-34,Person_9041,,,0,,Madrid
HH_3523,Person_9041,male,55,55-59,,,Person_9042,2,,Madrid
HH_3523,Person_9042,male,35,35-39,,,Person_9041,0,,Madrid
HH_3524,Person_9043,male,19,15-19,Person_9044,,,0,,
HH_3524,Person_9044,male,53,50-54,,,Person_9045,1,,Madrid
HH_3524,Person_9045,male,47,45-49,,,Person_9044,0,,
HH_3525,Person_9046,female,36,35-39,,Person_9047,,0,,Madrid
HH_3525,Person_9047,female,74,70-74,,,Person_9048,1,,
HH_3525,Person_9048,female,57,55-59,,,Person_9047,0,,Representaciones Fegadisa SL
HH_3526,Person_9049,male,1,0-4,,Person_9050,,0,,
HH_3526,Person_9050,female,35,35-39,,,Person_9051,1,,Madrid
HH_3526,Person_9051,female,37,35-39,,,Person_9050,0,,Madrid
HH_3527,Person_9052,female,7,5-9,Person_9053,,,0,,
HH_3527,Person_9053,male,50,50-54,,,,1,,
HH_3528,Person_9054,female,95,95-99,,,,0,,
HH_3529,Person_9055,male,15,15-19,,Person_9057,,0,,
HH_3529,Person_9056,female,5,5-9,,Person_9057,,0,,
HH_3529,Person_9057,female,46,45-49,,,,2,,Madrid
HH_3530,Person_9058,female,29,25-29,,,,0,,
HH_3530,Person_9059,female,42,40-44,,,,0,,Planeta Enano
HH_3531,Person_9060,male,40,40-44,,Person_9061,,0,,Madrid
HH_3531,Person_9061,female,55,55-59,,,Person_9062,1,,Madrid
HH_3531,Person_9062,female,40,40-44,,,Person_9061,0,,Madrid
HH_3532,Person_9063,male,15,15-19,,Person_9065,,0,Getafe norte,
HH_3532,Person_9064,female,18,15-19,,Person_9065,,0,Getafe norte,Fundación IMDEA Networks
HH_3532,Person_9065,female,49,45-49,,,,2,Getafe norte,
HH_3533,Person_9066,female,33,30-34,,,,0,,
HH_3533,Person_9067,female,25,25-29,,,,0,,Madrid
HH_3534,Person_9068,male,83,80-84,,,,0,,
HH_3534,Person_9069,male,32,30-34,,,,0,,Madrid
HH_3535,Person_9070,female,16,15-19,Person_9074,,,0,,
HH_3535,Person_9071,female,6,5-9,Person_9074,,,0,,
HH_3535,Person_9072,female,16,15-19,Person_9074,,,0,,
HH_3535,Person_9073,female,26,25-29,Person_9074,,,0,,Biblioteca Rey Pastor
HH_3535,Person_9074,male,67,65-69,,,,4,,
HH_3536,Person_9075,male,40,40-44,,,,0,Fuenlabrada,
HH_3537,Person_9076,male,16,15-19,,Person_9078,,0,,
HH_3537,Person_9077,male,25,25-29,,Person_9078,,0,,Madrid
HH_3537,Person_9078,female,69,65-69,,,Person_9079,2,,
HH_3537,Person_9079,female,75,75-79,,,Person_9078,0,,
HH_3538,Person_9080,female,52,50-54,,,,0,,Getafe norte
HH_3538,Person_9081,female,40,40-44,,,,0,,Madrid
HH_3539,Person_9082,male,22,20-24,Person_9085,,,0,,Edificio Torres Quevedo
HH_3539,Person_9083,female,0,0-4,Person_9085,,,0,,Escuela Infantil Rosa Caramelo
HH_3539,Person_9084,female,30,30-34,Person_9085,,,0,,
HH_3539,Person_9085,male,47,45-49,,,Person_9086,3,,Madrid
HH_3539,Person_9086,male,54,50-54,,,Person_9085,0,,Madrid
HH_3540,Person_9087,female,1,0-4,,Person_9090,,0,,
HH_3540,Person_9088,female,5,5-9,,Person_9090,,0,,
HH_3540,Person_9089,female,4,0-4,,Person_9090,,0,,
HH_3540,Person_9090,female,33,30-34,,,Person_9091,3,,Madrid
HH_3540,Person_9091,female,37,35-39,,,Person_9090,0,,
HH_3541,Person_9092,male,2,0-4,Person_9093,,,0,,
HH_3541,Person_9093,male,35,35-39,,,Person_9094,1,,Madrid
HH_3541,Person_9094,male,36,35-39,,,Person_9093,0,,
HH_3542,Person_9095,male,58,55-59,,,,0,,Madrid
HH_3543,Person_9096,female,88,85-89,,,,0,,
HH_3544,Person_9097,female,8,5-9,Person_9101,,,0,,Escuela Municipal de Música Manuel Rodríguez Sales
HH_3544,Person_9098,male,2,0-4,Person_9101,,,0,,
HH_3544,Person_9099,male,12,10-14,Person_9101,,,0,,
HH_3544,Person_9100,male,7,5-9,Person_9101,,,0,,
HH_3544,Person_9101,male,54,50-54,,,,4,,Getafe norte
HH_3545,Person_9102,female,96,95-99,,,,0,Fuenlabrada,
HH_3546,Person_9103,male,20,20-24,Person_9105,,,0,,
HH_3546,Person_9104,female,29,25-29,Person_9105,,,0,,Madrid
HH_3546,Person_9105,male,62,60-64,,,Person_9106,2,,Madrid
HH_3546,Person_9106,male,84,80-84,,,Person_9105,0,,
HH_3547,Person_9107,male,4,0-4,,Person_9110,,0,,Escuela Infantil Rosa Caramelo
HH_3547,Person_9108,female,4,0-4,,Person_9110,,0,,
HH_3547,Person_9109,male,2,0-4,,Person_9110,,0,,
HH_3547,Person_9110,female,36,35-39,,,,3,,Getafe norte
HH_3548,Person_9111,female,76,75-79,,,,0,,
HH_3549,Person_9112,male,96,95-99,,,,0,,
HH_3549,Person_9113,male,41,40-44,,,,0,,Madrid
HH_3549,Person_9114,male,90,90-94,,,,0,,
HH_3549,Person_9115,female,67,65-69,,,,0,,
HH_3549,Person_9116,male,19,15-19,,,,0,,Madrid
HH_3550,Person_9117,female,0,0-4,,Person_9121,,0,Madrid,Escuela Infantil Rosa Caramelo
HH_3550,Person_9118,male,2,0-4,,Person_9121,,0,Madrid,
HH_3550,Person_9119,male,0,0-4,,Person_9121,,0,Madrid,Escuela Infantil Rosa Caramelo
HH_3550,Person_9120,male,0,0-4,,Person_9121,,0,Madrid,
HH_3550,Person_9121,female,35,35-39,,,,4,Madrid,
HH_3551,Person_9122,male,30,30-34,,Person_9123,,0,,Madrid
HH_3551,Person_9123,female,58,55-59,,,Person_9124,1,,Madrid
HH_3551,Person_9124,female,87,85-89,,,Person_9123,0,,
HH_3552,Person_9125,female,28,25-29,,,,0,Madrid,
HH_3553,Person_9126,female,81,80-84,,,,0,Madrid,
HH_3553,Person_9127,female,47,45-49,,,,0,Madrid,
HH_3553,Person_9128,male,71,70-74,,,,0,Madrid,
HH_3554,Person_9129,male,48,45-49,,,,0,,
HH_3555,Person_9130,male,68,65-69,,,,0,,
HH_3555,Person_9131,male,57,55-59,,,,0,,Fuenlabrada
HH_3556,Person_9132,female,1,0-4,,Person_9134,,0,,
HH_3556,Person_9133,female,30,30-34,,Person_9134,,0,,Fundación IMDEA Networks
HH_3556,Person_9134,female,74,70-74,,,Person_9135,2,,
HH_3556,Person_9135,female,66,65-69,,,Person_9134,0,,
HH_3557,Person_9136,male,82,80-84,,,,0,,
HH_3558,Person_9137,male,22,20-24,,Person_9139,,0,Getafe norte,Parque Científico de la Universidad Carlos III de Madrid
HH_3558,Person_9138,male,27,25-29,,Person_9139,,0,Getafe norte,Edificio Sabatini
HH_3558,Person_9139,female,60,60-64,,,Person_9140,2,Getafe norte,
HH_3558,Person_9140,female,96,95-99,,,Person_9139,0,Getafe norte,
HH_3559,Person_9141,female,90,90-94,,,,0,,
HH_3559,Person_9142,female,45,45-49,,,,0,,Fuenlabrada
HH_3560,Person_9143,female,70,70-74,,,,0,,
HH_3560,Person_9144,female,65,65-69,,,,0,,
HH_3561,Person_9145,male,1,0-4,Person_9148,,,0,,
HH_3561,Person_9146,female,0,0-4,Person_9148,,,0,,
HH_3561,Person_9147,male,8,5-9,Person_9148,,,0,,
HH_3561,Person_9148,male,35,35-39,,,,3,,Fuenlabrada
HH_3562,Person_9149,female,36,35-39,,,,0,,Madrid
HH_3562,Person_9150,male,52,50-54,,,,0,,Madrid
HH_3563,Person_9151,female,38,35-39,,Person_9153,,0,,Madrid
HH_3563,Person_9152,female,43,40-44,,Person_9153,,0,,Madrid
HH_3563,Person_9153,female,69,65-69,,,Person_9154,2,,
HH_3563,Person_9154,female,87,85-89,,,Person_9153,0,,
HH_3564,Person_9155,male,27,25-29,,,,0,,
HH_3564,Person_9156,male,97,95-99,,,,0,,
HH_3564,Person_9157,female,81,80-84,,,,0,,
HH_3565,Person_9158,female,23,20-24,Person_9160,,,0,Fuenlabrada,
HH_3565,Person_9159,female,26,25-29,Person_9160,,,0,Fuenlabrada,
HH_3565,Person_9160,male,51,50-54,,,Person_9161,2,Fuenlabrada,
HH_3565,Person_9161,male,84,80-84,,,Person_9160,0,Fuenlabrada,
HH_3566,Person_9162,male,79,75-79,,,,0,Madrid,
HH_3567,Person_9163,male,85,85-89,,,,0,,
HH_3568,Person_9164,male,48,45-49,,,,0,,Fuenlabrada
HH_3569,Person_9165,female,57,55-59,,,,0,,Madrid
HH_3570,Person_9166,female,31,30-34,,,,0,,Fuenlabrada
HH_3570,Person_9167,female,83,80-84,,,,0,,
HH_3571,Person_9168,female,27,25-29,,,,0,,Parque Científico de la Universidad Carlos III de Madrid
HH_3572,Person_9169,female,84,80-84,,,,0,,
HH_3572,Person_9170,female,79,75-79,,,,0,,
HH_3573,Person_9171,male,98,95-99,,,,0,Madrid,
HH_3573,Person_9172,male,93,90-94,,,,0,Madrid,
HH_3574,Person_9173,female,31,30-34,,,,0,Getafe norte,
HH_3574,Person_9174,female,53,50-54,,,,0,Getafe norte,
HH_3575,Person_9175,female,22,20-24,Person_9177,,,0,,Madrid
HH_3575,Person_9176,female,35,35-39,Person_9177,,,0,,
HH_3575,Person_9177,male,72,70-74,,,Person_9178,2,,
HH_3575,Person_9178,male,82,80-84,,,Person_9177,0,,
HH_3576,Person_9179,female,3,0-4,Person_9180,,,0,,
HH_3576,Person_9180,male,46,45-49,,,Person_9181,1,,Madrid
HH_3576,Person_9181,male,47,45-49,,,Person_9180,0,,Alcorcon
HH_3577,Person_9182,male,36,35-39,,,,0,,Madrid
HH_3578,Person_9183,female,15,15-19,,Person_9186,,0,Fuenlabrada,
HH_3578,Person_9184,female,8,5-9,,Person_9186,,0,Fuenlabrada,
HH_3578,Person_9185,female,4,0-4,,Person_9186,,0,Fuenlabrada,
HH_3578,Person_9186,female,48,45-49,,,,3,Fuenlabrada,
HH_3579,Person_9187,male,33,30-34,,Person_9189,,0,,Madrid
HH_3579,Person_9188,male,28,25-29,,Person_9189,,0,,
HH_3579,Person_9189,female,70,70-74,,,Person_9190,2,,
HH_3579,Person_9190,female,58,55-59,,,Person_9189,0,,Madrid
HH_3580,Person_9191,female,25,25-29,Person_9193,,,0,,Edificio Torres Quevedo
HH_3580,Person_9192,male,30,30-34,Person_9193,,,0,,Madrid
HH_3580,Person_9193,male,64,60-64,,,,2,,Madrid
HH_3581,Person_9194,male,15,15-19,,Person_9195,,0,Mostoles,
HH_3581,Person_9195,female,40,40-44,,,Person_9196,1,Mostoles,
HH_3581,Person_9196,female,41,40-44,,,Person_9195,0,Mostoles,
HH_3582,Person_9197,male,31,30-34,,,,0,,
HH_3582,Person_9198,male,61,60-64,,,,0,,Madrid
HH_3583,Person_9199,female,22,20-24,,,,0,,
HH_3584,Person_9200,male,25,25-29,Person_9201,,,0,,Madrid
HH_3584,Person_9201,male,56,55-59,,,Person_9202,1,,Madrid
HH_3584,Person_9202,male,56,55-59,,,Person_9201,0,,Madrid
HH_3585,Person_9203,female,22,20-24,Person_9204,,,0,,
HH_3585,Person_9204,male,53,50-54,,,Person_9205,1,,Madrid
HH_3585,Person_9205,male,49,45-49,,,Person_9204,0,,Madrid
HH_3586,Person_9206,female,10,10-14,Person_9207,,,0,,
HH_3586,Person_9207,male,48,45-49,,,Person_9208,1,,Madrid
HH_3586,Person_9208,male,45,45-49,,,Person_9207,0,,Fuenlabrada
HH_3587,Person_9209,female,4,0-4,,Person_9211,,0,Madrid,
HH_3587,Person_9210,male,34,30-34,,Person_9211,,0,Madrid,
HH_3587,Person_9211,female,73,70-74,,,Person_9212,2,Madrid,
HH_3587,Person_9212,female,75,75-79,,,Person_9211,0,Madrid,
HH_3588,Person_9213,male,12,10-14,,Person_9214,,0,,
HH_3588,Person_9214,female,33,30-34,,,,1,,Madrid
HH_3589,Person_9215,female,61,60-64,,,,0,,
HH_3589,Person_9216,female,81,80-84,,,,0,,
HH_3590,Person_9217,male,7,5-9,Person_9218,,,0,Fuenlabrada,
HH_3590,Person_9218,male,26,25-29,,,Person_9219,1,Fuenlabrada,
HH_3590,Person_9219,male,26,25-29,,,Person_9218,0,Fuenlabrada,
HH_3591,Person_9220,male,18,15-19,Person_9222,,,0,,Madrid
HH_3591,Person_9221,female,27,25-29,Person_9222,,,0,,Edificio Agustín de Betancourt
HH_3591,Person_9222,male,42,40-44,,,Person_9223,2,,Madrid
HH_3591,Person_9223,male,50,50-54,,,Person_9222,0,,Madrid
HH_3592,Person_9224,male,96,95-99,,,,0,Fuenlabrada,
HH_3592,Person_9225,male,29,25-29,,,,0,Fuenlabrada,
HH_3593,Person_9226,male,1,0-4,,Person_9230,,0,,
HH_3593,Person_9227,male,6,5-9,,Person_9230,,0,,
HH_3593,Person_9228,male,5,5-9,,Person_9230,,0,,Escuela Infantil Rosa Caramelo
HH_3593,Person_9229,male,7,5-9,,Person_9230,,0,,guardería
HH_3593,Person_9230,female,22,20-24,,,,4,,Madrid
HH_3594,Person_9231,female,2,0-4,Person_9235,,,0,Alcorcon,
HH_3594,Person_9232,female,0,0-4,Person_9235,,,0,Alcorcon,Escuela Infantil Rosa Caramelo
HH_3594,Person_9233,male,6,5-9,Person_9235,,,0,Alcorcon,
HH_3594,Person_9234,male,0,0-4,Person_9235,,,0,Alcorcon,
HH_3594,Person_9235,male,35,35-39,,,,4,Alcorcon,
HH_3595,Person_9236,female,30,30-34,,,,0,,Madrid
HH_3595,Person_9237,female,58,55-59,,,,0,,Madrid
HH_3596,Person_9238,female,6,5-9,,Person_9242,,0,Madrid,
HH_3596,Person_9239,male,12,10-14,,Person_9242,,0,Madrid,
HH_3596,Person_9240,female,7,5-9,,Person_9242,,0,Madrid,
HH_3596,Person_9241,male,4,0-4,,Person_9242,,0,Madrid,
HH_3596,Person_9242,female,47,45-49,,,,4,Madrid,
HH_3597,Person_9243,female,13,10-14,,Person_9246,,0,,Escuela Municipal de Música Manuel Rodríguez Sales
HH_3597,Person_9244,female,21,20-24,,Person_9246,,0,,Edificio Sabatini
HH_3597,Person_9245,female,16,15-19,,Person_9246,,0,,
HH_3597,Person_9246,female,55,55-59,,,Person_9247,3,,Madrid
HH_3597,Person_9247,female,92,90-94,,,Person_9246,0,,
HH_3598,Person_9248,male,82,80-84,,,,0,Mostoles,
HH_3599,Person_9249,male,6,5-9,Person_9250,,,0,,
HH_3599,Person_9250,male,42,40-44,,,Person_9251,1,,
HH_3599,Person_9251,male,37,35-39,,,Person_9250,0,,Madrid
HH_3600,Person_9252,female,31,30-34,,Person_9253,,0,,Madrid
HH_3600,Person_9253,female,59,55-59,,,Person_9254,1,,Madrid
HH_3600,Person_9254,female,97,95-99,,,Person_9253,0,,
HH_3601,Person_9255,male,40,40-44,,Person_9256,,0,,Madrid
HH_3601,Person_9256,female,80,80-84,,,Person_9257,1,,
HH_3601,Person_9257,female,90,90-94,,,Person_9256,0,,
HH_3602,Person_9258,female,3,0-4,,Person_9260,,0,,
HH_3602,Person_9259,male,35,35-39,,Person_9260,,0,,Madrid
HH_3602,Person_9260,female,52,50-54,,,Person_9261,2,,Madrid
HH_3602,Person_9261,female,50,50-54,,,Person_9260,0,,Madrid
HH_3603,Person_9262,male,28,25-29,,,,0,,Edificio Juan Benet
HH_3603,Person_9263,male,74,70-74,,,,0,,
HH_3604,Person_9264,male,15,15-19,,Person_9265,,0,,
HH_3604,Person_9265,female,44,40-44,,,Person_9266,1,,
HH_3604,Person_9266,female,48,45-49,,,Person_9265,0,,
HH_3605,Person_9267,female,10,10-14,,Person_9268,,0,Madrid,
HH_3605,Person_9268,female,38,35-39,,,Person_9269,1,Madrid,
HH_3605,Person_9269,female,38,35-39,,,Person_9268,0,Madrid,
HH_3606,Person_9270,female,30,30-34,,,,0,,
HH_3607,Person_9271,male,15,15-19,Person_9273,,,0,,
HH_3607,Person_9272,male,6,5-9,Person_9273,,,0,,
HH_3607,Person_9273,male,49,45-49,,,,2,,Madrid
HH_3608,Person_9274,male,18,15-19,,Person_9275,,0,Fuenlabrada,Fundación IMDEA Networks
HH_3608,Person_9275,female,46,45-49,,,Person_9276,1,Fuenlabrada,
HH_3608,Person_9276,female,49,45-49,,,Person_9275,0,Fuenlabrada,
HH_3609,Person_9277,male,23,20-24,Person_9280,,,0,,Edificio Sabatini
HH_3609,Person_9278,male,23,20-24,Person_9280,,,0,,Edificio Agustín de Betancourt
HH_3609,Person_9279,male,14,10-14,Person_9280,,,0,,
HH_3609,Person_9280,male,66,65-69,,,,3,,
HH_3610,Person_9281,female,35,35-39,Person_9282,,,0,Madrid,
HH_3610,Person_9282,male,74,70-74,,,Person_9283,1,Madrid,
HH_3610,Person_9283,male,48,45-49,,,Person_9282,0,Madrid,
HH_3611,Person_9284,female,2,0-4,,Person_9286,,0,Madrid,
HH_3611,Person_9285,male,34,30-34,,Person_9286,,0,Madrid,McDonald's
HH_3611,Person_9286,female,64,60-64,,,Person_9287,2,Madrid,
HH_3611,Person_9287,female,77,75-79,,,Person_9286,0,Madrid,
HH_3612,Person_9288,male,10,10-14,Person_9289,,,0,Madrid,
HH_3612,Person_9289,male,44,40-44,,,,1,Madrid,
HH_3613,Person_9290,male,31,30-34,,,,0,,Logista
HH_3614,Person_9291,female,84,80-84,,,,0,Alcorcon,
HH_3614,Person_9292,male,91,90-94,,,,0,Alcorcon,
HH_3615,Person_9293,male,34,30-34,,,,0,,Madrid
HH_3615,Person_9294,male,91,90-94,,,,0,,
HH_3616,Person_9295,female,82,80-84,,,,0,,
HH_3617,Person_9296,male,57,55-59,,,,0,Madrid,
HH_3617,Person_9297,male,38,35-39,,,,0,Madrid,
HH_3618,Person_9298,female,76,75-79,,,,0,Madrid,
HH_3619,Person_9299,female,12,10-14,Person_9301,,,0,Madrid,Edificio Octavio Paz
HH_3619,Person_9300,male,31,30-34,Person_9301,,,0,Madrid,
HH_3619,Person_9301,male,57,55-59,,,Person_9302,2,Madrid,
HH_3619,Person_9302,male,52,50-54,,,Person_9301,0,Madrid,
HH_3620,Person_9303,female,91,90-94,Person_9306,,,0,,
HH_3620,Person_9304,male,59,55-59,Person_9306,,,0,,Madrid
HH_3620,Person_9305,male,38,35-39,Person_9306,,,0,,Madrid
HH_3620,Person_9306,male,106,100-120,,,,3,,
HH_3621,Person_9307,female,79,75-79,,,,0,,
HH_3622,Person_9308,female,91,90-94,,,,0,Madrid,
HH_3623,Person_9309,male,90,90-94,,,,0,,
HH_3624,Person_9310,female,17,15-19,,Person_9313,,0,Madrid,
HH_3624,Person_9311,male,22,20-24,,Person_9313,,0,Madrid,Biblioteca Rey Pastor
HH_3624,Person_9312,male,19,15-19,,Person_9313,,0,Madrid,
HH_3624,Person_9313,female,54,50-54,,,Person_9314,3,Madrid,
HH_3624,Person_9314,female,44,40-44,,,Person_9313,0,Madrid,
HH_3625,Person_9315,female,55,55-59,,,,0,Mostoles,Toyota
HH_3626,Person_9316,female,25,25-29,,Person_9317,,0,Getafe norte,
HH_3626,Person_9317,female,56,55-59,,,,1,Getafe norte,
HH_3627,Person_9318,female,23,20-24,,Person_9320,,0,Getafe norte,Logista
HH_3627,Person_9319,male,25,25-29,,Person_9320,,0,Getafe norte,Edificio Juan Benet
HH_3627,Person_9320,female,50,50-54,,,Person_9321,2,Getafe norte,
HH_3627,Person_9321,female,58,55-59,,,Person_9320,0,Getafe norte,
HH_3628,Person_9322,male,60,60-64,,,,0,,
HH_3628,Person_9323,male,66,65-69,,,,0,,
HH_3629,Person_9324,female,55,55-59,,,,0,,Madrid
HH_3629,Person_9325,female,56,55-59,,,,0,,Madrid
HH_3630,Person_9326,female,6,5-9,,Person_9328,,0,,
HH_3630,Person_9327,female,30,30-34,,Person_9328,,0,,Edificio Torres Quevedo
HH_3630,Person_9328,female,64,60-64,,,Person_9329,2,,Getafe norte
HH_3630,Person_9329,female,63,60-64,,,Person_9328,0,,
HH_3631,Person_9330,male,29,25-29,,Person_9331,,0,Madrid,
HH_3631,Person_9331,female,62,60-64,,,Person_9332,1,Madrid,
HH_3631,Person_9332,female,57,55-59,,,Person_9331,0,Madrid,
HH_3632,Person_9333,female,59,55-59,,,,0,Madrid,
HH_3632,Person_9334,female,42,40-44,,,,0,Madrid,
HH_3633,Person_9335,male,78,75-79,Person_9336,,,0,,
HH_3633,Person_9336,male,96,95-99,,,,1,,
HH_3634,Person_9337,male,91,90-94,,,,0,,
HH_3635,Person_9338,female,87,85-89,,,,0,,
HH_3636,Person_9339,male,72,70-74,,,,0,Fuenlabrada,
HH_3636,Person_9340,female,64,60-64,,,,0,Fuenlabrada,
HH_3637,Person_9341,female,0,0-4,Person_9343,,,0,Madrid,
HH_3637,Person_9342,female,30,30-34,Person_9343,,,0,Madrid,
HH_3637,Person_9343,male,64,60-64,,,Person_9344,2,Madrid,Centro de Salud Jaime Vera
HH_3637,Person_9344,male,42,40-44,,,Person_9343,0,Madrid,
HH_3638,Person_9345,male,63,60-64,,,,0,,Madrid
HH_3639,Person_9346,female,14,10-14,,Person_9347,,0,,
HH_3639,Person_9347,female,41,40-44,,,Person_9348,1,,
HH_3639,Person_9348,female,42,40-44,,,Person_9347,0,,
HH_3640,Person_9349,female,10,10-14,,Person_9352,,0,,
HH_3640,Person_9350,male,3,0-4,,Person_9352,,0,,
HH_3640,Person_9351,female,9,5-9,,Person_9352,,0,,
HH_3640,Person_9352,female,41,40-44,,,,3,,Madrid
HH_3641,Person_9353,male,15,15-19,Person_9355,,,0,,
HH_3641,Person_9354,female,27,25-29,Person_9355,,,0,,Edificio Sabatini
HH_3641,Person_9355,male,60,60-64,,,Person_9356,2,,Madrid
HH_3641,Person_9356,male,57,55-59,,,Person_9355,0,,Madrid
HH_3642,Person_9357,female,25,25-29,,Person_9359,,0,Madrid,
HH_3642,Person_9358,female,26,25-29,,Person_9359,,0,Madrid,Edificio Juan Benet
HH_3642,Person_9359,female,54,50-54,,,Person_9360,2,Madrid,
HH_3642,Person_9360,female,79,75-79,,,Person_9359,0,Madrid,
HH_3643,Person_9361,male,41,40-44,Person_9363,,,0,,Madrid
HH_3643,Person_9362,female,51,50-54,Person_9363,,,0,,Madrid
HH_3643,Person_9363,male,69,65-69,,,,2,,
HH_3644,Person_9364,female,95,95-99,,Person_9366,,0,,
HH_3644,Person_9365,male,35,35-39,,Person_9366,,0,,Madrid
HH_3644,Person_9366,female,123,100-120,,,Person_9367,2,,
HH_3644,Person_9367,female,89,85-89,,,Person_9366,0,,
HH_3645,Person_9368,female,91,90-94,,,,0,Madrid,
HH_3645,Person_9369,male,82,80-84,,,,0,Madrid,
HH_3645,Person_9370,female,82,80-84,,,,0,Madrid,
HH_3646,Person_9371,male,2,0-4,,Person_9373,,0,,
HH_3646,Person_9372,male,34,30-34,,Person_9373,,0,,Madrid
HH_3646,Person_9373,female,74,70-74,,,Person_9374,2,,
HH_3646,Person_9374,female,60,60-64,,,Person_9373,0,,Fuenlabrada
HH_3647,Person_9375,female,17,15-19,,Person_9377,,0,,
HH_3647,Person_9376,female,35,35-39,,Person_9377,,0,,Madrid
HH_3647,Person_9377,female,69,65-69,,,Person_9378,2,,
HH_3647,Person_9378,female,98,95-99,,,Person_9377,0,,
HH_3648,Person_9379,female,92,90-94,,,,0,,
HH_3649,Person_9380,female,22,20-24,,Person_9382,,0,,Edificio Juan Benet
HH_3649,Person_9381,female,28,25-29,,Person_9382,,0,,Parque Científico de la Universidad Carlos III de Madrid
HH_3649,Person_9382,female,59,55-59,,,Person_9383,2,,
HH_3649,Person_9383,female,57,55-59,,,Person_9382,0,,Alcorcon
HH_3650,Person_9384,female,19,15-19,Person_9385,,,0,,
HH_3650,Person_9385,male,35,35-39,,,Person_9386,1,,Madrid
HH_3650,Person_9386,male,36,35-39,,,Person_9385,0,,Madrid
HH_3651,Person_9387,male,26,25-29,Person_9388,,,0,Madrid,Edificio Torres Quevedo
HH_3651,Person_9388,male,69,65-69,,,Person_9389,1,Madrid,
HH_3651,Person_9389,male,57,55-59,,,Person_9388,0,Madrid,
HH_3652,Person_9390,male,31,30-34,,,,0,,Madrid
HH_3653,Person_9391,female,82,80-84,,,,0,,
HH_3653,Person_9392,female,98,95-99,,,,0,,
HH_3654,Person_9393,male,61,60-64,Person_9394,,,0,,Madrid
HH_3654,Person_9394,male,89,85-89,,,,1,,
HH_3655,Person_9395,male,99,95-99,,,,0,,
HH_3655,Person_9396,female,90,90-94,,,,0,,
HH_3655,Person_9397,male,84,80-84,,,,0,,
HH_3656,Person_9398,male,96,95-99,,,,0,,
HH_3656,Person_9399,female,91,90-94,,,,0,,
HH_3657,Person_9400,female,17,15-19,Person_9402,,,0,,
HH_3657,Person_9401,male,32,30-34,Person_9402,,,0,,Madrid
HH_3657,Person_9402,male,72,70-74,,,Person_9403,2,,
HH_3657,Person_9403,male,97,95-99,,,Person_9402,0,,
HH_3658,Person_9404,male,97,95-99,,,,0,,
HH_3658,Person_9405,female,83,80-84,,,,0,,
HH_3659,Person_9406,male,17,15-19,,Person_9408,,0,,
HH_3659,Person_9407,female,28,25-29,,Person_9408,,0,,Edificio Agustín de Betancourt
HH_3659,Person_9408,female,47,45-49,,,Person_9409,2,,Madrid
HH_3659,Person_9409,female,48,45-49,,,Person_9408,0,,Madrid
HH_3660,Person_9410,male,68,65-69,,,,0,,
HH_3660,Person_9411,female,29,25-29,,,,0,,
HH_3661,Person_9412,female,25,25-29,,,,0,Mostoles,
HH_3661,Person_9413,female,21,20-24,,,,0,Mostoles,
HH_3662,Person_9414,female,98,95-99,,,,0,,
HH_3663,Person_9415,male,91,90-94,,,,0,,
HH_3663,Person_9416,male,72,70-74,,,,0,,
HH_3663,Person_9417,male,35,35-39,,,,0,,
HH_3664,Person_9418,female,28,25-29,Person_9419,,,0,,Madrid
HH_3664,Person_9419,male,53,50-54,,,,1,,Madrid
HH_3665,Person_9420,male,86,85-89,,Person_9421,,0,Getafe norte,
HH_3665,Person_9421,female,119,100-120,,,,1,Getafe norte,
HH_3666,Person_9422,male,68,65-69,,,,0,,
HH_3666,Person_9423,male,49,45-49,,,,0,,Madrid
HH_3667,Person_9424,male,25,25-29,Person_9426,,,0,,Fundación IMDEA Networks
HH_3667,Person_9425,female,30,30-34,Person_9426,,,0,,Getafe norte
HH_3667,Person_9426,male,60,60-64,,,Person_9427,2,,Madrid
HH_3667,Person_9427,male,63,60-64,,,Person_9426,0,,Madrid
HH_3668,Person_9428,male,25,25-29,,,,0,,Edificio Juan Benet
HH_3668,Person_9429,male,55,55-59,,,,0,,Madrid
HH_3669,Person_9430,female,12,10-14,Person_9431,,,0,,
HH_3669,Person_9431,male,30,30-34,,,,1,,
HH_3670,Person_9432,female,49,45-49,,,,0,,Madrid
HH_3670,Person_9433,male,65,65-69,,,,0,,
HH_3670,Person_9434,male,52,50-54,,,,0,,Madrid
HH_3671,Person_9435,female,18,15-19,,Person_9436,,0,,
HH_3671,Person_9436,female,57,55-59,,,Person_9437,1,,Fuenlabrada
HH_3671,Person_9437,female,92,90-94,,,Person_9436,0,,
HH_3672,Person_9438,male,73,70-74,,,,0,,
HH_3672,Person_9439,female,22,20-24,,,,0,,
HH_3673,Person_9440,male,82,80-84,,,,0,Madrid,
HH_3673,Person_9441,female,33,30-34,,,,0,Madrid,
HH_3674,Person_9442,female,42,40-44,,,,0,,Madrid
HH_3674,Person_9443,male,54,50-54,,,,0,,Madrid
HH_3675,Person_9444,female,2,0-4,,Person_9446,,0,Madrid,
HH_3675,Person_9445,male,35,35-39,,Person_9446,,0,Madrid,
HH_3675,Person_9446,female,77,75-79,,,Person_9447,2,Madrid,
HH_3675,Person_9447,female,95,95-99,,,Person_9446,0,Madrid,
HH_3676,Person_9448,male,30,30-34,,,,0,,Edificio Juan Benet
HH_3676,Person_9449,female,27,25-29,,,,0,,Alcorcon
HH_3677,Person_9450,female,80,80-84,,,,0,Madrid,
HH_3677,Person_9451,male,33,30-34,,,,0,Madrid,
HH_3677,Person_9452,male,46,45-49,,,,0,Madrid,Frutas Domingo
HH_3678,Person_9453,male,4,0-4,,Person_9457,,0,Madrid,
HH_3678,Person_9454,female,13,10-14,,Person_9457,,0,Madrid,
HH_3678,Person_9455,male,5,5-9,,Person_9457,,0,Madrid,Escuela Infantil Rosa Caramelo
HH_3678,Person_9456,male,11,10-14,,Person_9457,,0,Madrid,
HH_3678,Person_9457,female,43,40-44,,,,4,Madrid,Rotuser
HH_3679,Person_9458,female,2,0-4,,Person_9459,,0,Alcorcon,
HH_3679,Person_9459,female,19,15-19,,,Person_9460,1,Alcorcon,Edificio Juan Benet
HH_3679,Person_9460,female,20,20-24,,,Person_9459,0,Alcorcon,
HH_3680,Person_9461,female,82,80-84,,,,0,,
HH_3681,Person_9462,male,8,5-9,,Person_9463,,0,,
HH_3681,Person_9463,female,25,25-29,,,Person_9464,1,,
HH_3681,Person_9464,female,28,25-29,,,Person_9463,0,,Parque Científico de la Universidad Carlos III de Madrid
HH_3682,Person_9465,male,40,40-44,,Person_9466,,0,Madrid,Electro Depot Leganés
HH_3682,Person_9466,female,59,55-59,,,,1,Madrid,
HH_3683,Person_9467,female,28,25-29,Person_9468,,,0,,
HH_3683,Person_9468,male,70,70-74,,,,1,,
HH_3684,Person_9469,female,87,85-89,,,,0,,
HH_3685,Person_9470,female,94,90-94,,,,0,,
HH_3685,Person_9471,female,39,35-39,,,,0,,Madrid
HH_3685,Person_9472,male,72,70-74,,,,0,,
HH_3685,Person_9473,female,75,75-79,,,,0,,
HH_3685,Person_9474,male,79,75-79,,,,0,,
HH_3686,Person_9475,female,24,20-24,Person_9476,,,0,,
HH_3686,Person_9476,male,63,60-64,,,Person_9477,1,,
HH_3686,Person_9477,male,69,65-69,,,Person_9476,0,,
HH_3687,Person_9478,male,43,40-44,,,,0,,Madrid
HH_3687,Person_9479,male,84,80-84,,,,0,,
HH_3688,Person_9480,male,90,90-94,,,,0,,
HH_3689,Person_9481,female,81,80-84,,,,0,Centro Cultural Julián Besteiro,
HH_3689,Person_9482,male,49,45-49,,,,0,Centro Cultural Julián Besteiro,Fuenlabrada
HH_3690,Person_9483,female,54,50-54,,,,0,,Madrid
HH_3691,Person_9484,male,85,85-89,,,,0,Madrid,
HH_3691,Person_9485,male,30,30-34,,,,0,Madrid,
HH_3692,Person_9486,male,43,40-44,,,,0,Fuenlabrada,
HH_3692,Person_9487,male,67,65-69,,,,0,Fuenlabrada,
HH_3693,Person_9488,female,26,25-29,,,,0,,
HH_3693,Person_9489,female,25,25-29,,,,0,,
HH_3694,Person_9490,male,28,25-29,,Person_9492,,0,Madrid,Edificio Juan Benet
HH_3694,Person_9491,female,35,35-39,,Person_9492,,0,Madrid,Volkswagen Ardasa 2000
HH_3694,Person_9492,female,65,65-69,,,Person_9493,2,Madrid,
HH_3694,Person_9493,female,79,75-79,,,Person_9492,0,Madrid,
HH_3695,Person_9494,male,62,60-64,,,,0,,Madrid
HH_3695,Person_9495,female,28,25-29,,,,0,,Edificio Sabatini
HH_3696,Person_9496,female,18,15-19,,Person_9497,,0,,Madrid
HH_3696,Person_9497,female,48,45-49,,,,1,,Getafe norte
HH_3697,Person_9498,female,67,65-69,,,,0,,
HH_3698,Person_9499,male,14,10-14,Person_9500,,,0,Fuenlabrada,
HH_3698,Person_9500,male,44,40-44,,,,1,Fuenlabrada,
HH_3699,Person_9501,female,61,60-64,,,,0,Madrid,
HH_3700,Person_9502,male,61,60-64,,Person_9504,,0,,Madrid
HH_3700,Person_9503,male,51,50-54,,Person_9504,,0,,Madrid
HH_3700,Person_9504,female,103,100-120,,,Person_9505,2,,
HH_3700,Person_9505,female,57,55-59,,,Person_9504,0,,Madrid
HH_3701,Person_9506,male,32,30-34,,Person_9507,,0,Madrid,
HH_3701,Person_9507,female,62,60-64,,,Person_9508,1,Madrid,
HH_3701,Person_9508,female,96,95-99,,,Person_9507,0,Madrid,
HH_3702,Person_9509,male,53,50-54,,,,0,Fuenlabrada,
HH_3702,Person_9510,female,32,30-34,,,,0,Fuenlabrada,
HH_3703,Person_9511,female,96,95-99,,,,0,Mostoles,
HH_3703,Person_9512,male,49,45-49,,,,0,Mostoles,
HH_3704,Person_9513,female,85,85-89,,,,0,,
HH_3705,Person_9514,male,37,35-39,,,,0,,Fuenlabrada
HH_3705,Person_9515,female,96,95-99,,,,0,,
HH_3706,Person_9516,female,32,30-34,,,,0,Madrid,
HH_3707,Person_9517,male,81,80-84,,,,0,Madrid,
HH_3707,Person_9518,male,55,55-59,,,,0,Madrid,
HH_3708,Person_9519,female,59,55-59,,,,0,,
HH_3708,Person_9520,male,75,75-79,,,,0,,
HH_3709,Person_9521,female,32,30-34,,,,0,,Madrid
HH_3709,Person_9522,female,49,45-49,,,,0,,Madrid
HH_3710,Person_9523,male,15,15-19,Person_9524,,,0,,
HH_3710,Person_9524,male,43,40-44,,,Person_9525,1,,Alcorcon
HH_3710,Person_9525,male,49,45-49,,,Person_9524,0,,Fuenlabrada
HH_3711,Person_9526,female,98,95-99,,,,0,,
HH_3711,Person_9527,male,70,70-74,,,,0,,
HH_3712,Person_9528,female,65,65-69,,,,0,,
HH_3713,Person_9529,female,29,25-29,,Person_9531,,0,Madrid,Fundación IMDEA Networks
HH_3713,Person_9530,male,29,25-29,,Person_9531,,0,Madrid,
HH_3713,Person_9531,female,60,60-64,,,,2,Madrid,
HH_3714,Person_9532,female,88,85-89,,,,0,,
HH_3714,Person_9533,male,32,30-34,,,,0,,Madrid
HH_3715,Person_9534,male,8,5-9,Person_9535,,,0,Conalsa,
HH_3715,Person_9535,male,37,35-39,,,Person_9536,1,Conalsa,Madrid
HH_3715,Person_9536,male,30,30-34,,,Person_9535,0,Conalsa,Madrid
HH_3716,Person_9537,male,87,85-89,,,,0,,
HH_3716,Person_9538,female,72,70-74,,,,0,,
HH_3717,Person_9539,female,25,25-29,,,,0,Madrid,Edificio Juan Benet
HH_3718,Person_9540,female,99,95-99,,,,0,,
HH_3719,Person_9541,female,19,15-19,,Person_9542,,0,Madrid,Edificio Juan Benet
HH_3719,Person_9542,female,48,45-49,,,,1,Madrid,
HH_3720,Person_9543,female,24,20-24,,,,0,Madrid,Edificio Torres Quevedo
HH_3721,Person_9544,female,2,0-4,,Person_9545,,0,Mostoles,Escuela Infantil Rosa Caramelo
HH_3721,Person_9545,female,40,40-44,,,,1,Mostoles,
HH_3722,Person_9546,male,3,0-4,Person_9548,,,0,Fuenlabrada,
HH_3722,Person_9547,male,29,25-29,Person_9548,,,0,Fuenlabrada,
HH_3722,Person_9548,male,48,45-49,,,Person_9549,2,Fuenlabrada,BidaFarma Leganes
HH_3722,Person_9549,male,47,45-49,,,Person_9548,0,Fuenlabrada,
HH_3723,Person_9550,female,10,10-14,,Person_9551,,0,,
HH_3723,Person_9551,female,51,50-54,,,,1,,Madrid
HH_3724,Person_9552,male,71,70-74,,,,0,Mostoles,
HH_3724,Person_9553,female,44,40-44,,,,0,Mostoles,
HH_3725,Person_9554,female,38,35-39,,,,0,Mas Automoviles,Madrid
HH_3726,Person_9555,male,54,50-54,,,,0,,Madrid
HH_3727,Person_9556,male,89,85-89,,,,0,,
HH_3727,Person_9557,female,43,40-44,,,,0,,Madrid
HH_3728,Person_9558,male,19,15-19,Person_9560,,,0,,Edificio Sabatini
HH_3728,Person_9559,female,34,30-34,Person_9560,,,0,,Madrid
HH_3728,Person_9560,male,51,50-54,,,Person_9561,2,,Madrid
HH_3728,Person_9561,male,48,45-49,,,Person_9560,0,,Madrid
HH_3729,Person_9562,female,52,50-54,,,,0,,Madrid
HH_3730,Person_9563,male,17,15-19,,Person_9565,,0,,
HH_3730,Person_9564,female,27,25-29,,Person_9565,,0,,
HH_3730,Person_9565,female,65,65-69,,,,2,,
HH_3731,Person_9566,female,3,0-4,Person_9568,,,0,,
HH_3731,Person_9567,female,32,30-34,Person_9568,,,0,,Madrid
HH_3731,Person_9568,male,71,70-74,,,Person_9569,2,,
HH_3731,Person_9569,male,81,80-84,,,Person_9568,0,,
HH_3732,Person_9570,female,72,70-74,,,,0,,
HH_3733,Person_9571,female,80,80-84,,,,0,,
HH_3734,Person_9572,male,24,20-24,,Person_9575,,0,Getafe norte,Escuela Municipal de Música Manuel Rodríguez Sales
HH_3734,Person_9573,female,20,20-24,,Person_9575,,0,Getafe norte,
HH_3734,Person_9574,male,21,20-24,,Person_9575,,0,Getafe norte,Fundación IMDEA Networks
HH_3734,Person_9575,female,51,50-54,,,,3,Getafe norte,
HH_3735,Person_9576,male,87,85-89,,,,0,Mostoles,
HH_3736,Person_9577,female,13,10-14,Person_9579,,,0,,
HH_3736,Person_9578,male,34,30-34,Person_9579,,,0,,Madrid
HH_3736,Person_9579,male,62,60-64,,,Person_9580,2,,Madrid
HH_3736,Person_9580,male,54,50-54,,,Person_9579,0,,Madrid
HH_3737,Person_9581,male,30,30-34,,,,0,,Madrid
HH_3738,Person_9582,female,17,15-19,,Person_9584,,0,,
HH_3738,Person_9583,male,32,30-34,,Person_9584,,0,,Madrid
HH_3738,Person_9584,female,49,45-49,,,Person_9585,2,,Extremadura
HH_3738,Person_9585,female,41,40-44,,,Person_9584,0,,Madrid
HH_3739,Person_9586,female,0,0-4,,Person_9588,,0,Fuenlabrada,
HH_3739,Person_9587,female,34,30-34,,Person_9588,,0,Fuenlabrada,
HH_3739,Person_9588,female,77,75-79,,,Person_9589,2,Fuenlabrada,
HH_3739,Person_9589,female,84,80-84,,,Person_9588,0,Fuenlabrada,
HH_3740,Person_9590,female,46,45-49,,,,0,,Madrid
HH_3741,Person_9591,male,22,20-24,,,,0,,Madrid
HH_3741,Person_9592,male,79,75-79,,,,0,,
HH_3742,Person_9593,female,38,35-39,,,,0,,Getafe norte
HH_3742,Person_9594,male,74,70-74,,,,0,,
HH_3743,Person_9595,male,7,5-9,,Person_9597,,0,,
HH_3743,Person_9596,female,28,25-29,,Person_9597,,0,,Madrid
HH_3743,Person_9597,female,57,55-59,,,Person_9598,2,,
HH_3743,Person_9598,female,59,55-59,,,Person_9597,0,,Getafe norte
HH_3744,Person_9599,female,42,40-44,,,,0,,Fuenlabrada
HH_3745,Person_9600,female,12,10-14,Person_9601,,,0,,
HH_3745,Person_9601,male,37,35-39,,,,1,,Madrid
HH_3746,Person_9602,male,68,65-69,,,,0,Madrid,
HH_3746,Person_9603,female,56,55-59,,,,0,Madrid,
HH_3746,Person_9604,male,75,75-79,,,,0,Madrid,
HH_3747,Person_9605,male,20,20-24,,Person_9606,,0,,Edificio Torres Quevedo
HH_3747,Person_9606,female,52,50-54,,,Person_9607,1,,
HH_3747,Person_9607,female,63,60-64,,,Person_9606,0,,Fuenlabrada
HH_3748,Person_9608,female,24,20-24,,Person_9610,,0,,Edificio Agustín de Betancourt
HH_3748,Person_9609,male,33,30-34,,Person_9610,,0,,Madrid
HH_3748,Person_9610,female,67,65-69,,,,2,,
HH_3749,Person_9611,male,66,65-69,,,,0,,
HH_3750,Person_9612,male,25,25-29,,,,0,,Fundación IMDEA Networks
HH_3751,Person_9613,female,43,40-44,Person_9614,,,0,,Madrid
HH_3751,Person_9614,male,86,85-89,,,,1,,
HH_3752,Person_9615,male,20,20-24,,,,0,,Madrid
HH_3753,Person_9616,male,17,15-19,,Person_9618,,0,,
HH_3753,Person_9617,female,34,30-34,,Person_9618,,0,,Centro de Salud Jaime Vera
HH_3753,Person_9618,female,75,75-79,,,Person_9619,2,,
HH_3753,Person_9619,female,71,70-74,,,Person_9618,0,,
HH_3754,Person_9620,female,44,40-44,Person_9622,,,0,,Madrid
HH_3754,Person_9621,female,45,45-49,Person_9622,,,0,,Madrid
HH_3754,Person_9622,male,79,75-79,,,,2,,
HH_3755,Person_9623,male,8,5-9,,Person_9624,,0,Fuenlabrada,Edificio Octavio Paz
HH_3755,Person_9624,female,38,35-39,,,Person_9625,1,Fuenlabrada,
HH_3755,Person_9625,female,42,40-44,,,Person_9624,0,Fuenlabrada,Tapón Spain, S.L.U.
HH_3756,Person_9626,male,9,5-9,Person_9629,,,0,,
HH_3756,Person_9627,female,3,0-4,Person_9629,,,0,,
HH_3756,Person_9628,female,18,15-19,Person_9629,,,0,,Madrid
HH_3756,Person_9629,male,56,55-59,,,,3,,Madrid
HH_3757,Person_9630,female,44,40-44,,,,0,Alcorcon,
HH_3757,Person_9631,male,82,80-84,,,,0,Alcorcon,
HH_3758,Person_9632,male,40,40-44,,Person_9633,,0,,Madrid
HH_3758,Person_9633,female,71,70-74,,,Person_9634,1,,
HH_3758,Person_9634,female,78,75-79,,,Person_9633,0,,
HH_3759,Person_9635,female,24,20-24,,Person_9637,,0,,Madrid
HH_3759,Person_9636,male,26,25-29,,Person_9637,,0,,Edificio Sabatini
HH_3759,Person_9637,female,57,55-59,,,Person_9638,2,,
HH_3759,Person_9638,female,59,55-59,,,Person_9637,0,,Madrid
HH_3760,Person_9639,female,35,35-39,,,,0,,Madrid
HH_3760,Person_9640,male,69,65-69,,,,0,,
HH_3761,Person_9641,female,9,5-9,Person_9643,,,0,,
HH_3761,Person_9642,male,3,0-4,Person_9643,,,0,,Escuela Infantil Rosa Caramelo
HH_3761,Person_9643,male,40,40-44,,,,2,,Madrid
HH_3762,Person_9644,female,39,35-39,Person_9645,,,0,Madrid,
HH_3762,Person_9645,male,69,65-69,,,,1,Madrid,
HH_3763,Person_9646,female,20,20-24,Person_9648,,,0,Fuenlabrada,Biblioteca Rey Pastor
HH_3763,Person_9647,male,28,25-29,Person_9648,,,0,Fuenlabrada,
HH_3763,Person_9648,male,61,60-64,,,Person_9649,2,Fuenlabrada,
HH_3763,Person_9649,male,84,80-84,,,Person_9648,0,Fuenlabrada,
HH_3764,Person_9650,male,39,35-39,Person_9651,,,0,,Madrid
HH_3764,Person_9651,male,66,65-69,,,Person_9652,1,,
HH_3764,Person_9652,male,37,35-39,,,Person_9651,0,,Madrid
HH_3765,Person_9653,female,44,40-44,,,,0,Madrid,Renault Automoción Qualiauto
HH_3765,Person_9654,male,18,15-19,,,,0,Madrid,Parque Científico de la Universidad Carlos III de Madrid
HH_3766,Person_9655,female,9,5-9,,Person_9657,,0,,
HH_3766,Person_9656,female,29,25-29,,Person_9657,,0,,Edificio Juan Benet
HH_3766,Person_9657,female,46,45-49,,,Person_9658,2,,Madrid
HH_3766,Person_9658,female,43,40-44,,,Person_9657,0,,Madrid
HH_3767,Person_9659,female,36,35-39,,,,0,,
HH_3768,Person_9660,female,71,70-74,,,,0,Getafe norte,
HH_3769,Person_9661,male,0,0-4,Person_9663,,,0,,Escuela Infantil Rosa Caramelo
HH_3769,Person_9662,female,28,25-29,Person_9663,,,0,,Edificio Sabatini
HH_3769,Person_9663,male,57,55-59,,,Person_9664,2,,
HH_3769,Person_9664,male,50,50-54,,,Person_9663,0,,Getafe norte
HH_3770,Person_9665,male,7,5-9,Person_9666,,,0,,
HH_3770,Person_9666,male,36,35-39,,,Person_9667,1,,Madrid
HH_3770,Person_9667,male,29,25-29,,,Person_9666,0,,
HH_3771,Person_9668,female,20,20-24,,Person_9670,,0,,Alcorcon
HH_3771,Person_9669,male,34,30-34,,Person_9670,,0,,Madrid
HH_3771,Person_9670,female,66,65-69,,,Person_9671,2,,
HH_3771,Person_9671,female,63,60-64,,,Person_9670,0,,Madrid
HH_3772,Person_9672,female,67,65-69,,,,0,Casa del Reloj,
HH_3773,Person_9673,female,14,10-14,,Person_9676,,0,,
HH_3773,Person_9674,female,7,5-9,,Person_9676,,0,,
HH_3773,Person_9675,male,6,5-9,,Person_9676,,0,,
HH_3773,Person_9676,female,47,45-49,,,,3,,Madrid
HH_3774,Person_9677,female,35,35-39,,,,0,,Madrid
HH_3774,Person_9678,male,54,50-54,,,,0,,Madrid
HH_3775,Person_9679,male,20,20-24,,Person_9681,,0,,
HH_3775,Person_9680,male,29,25-29,,Person_9681,,0,,
HH_3775,Person_9681,female,47,45-49,,,Person_9682,2,,
HH_3775,Person_9682,female,46,45-49,,,Person_9681,0,,Madrid
HH_3776,Person_9683,female,20,20-24,,,,0,,
HH_3776,Person_9684,male,76,75-79,,,,0,,
HH_3777,Person_9685,female,8,5-9,Person_9688,,,0,Fuenlabrada,
HH_3777,Person_9686,female,3,0-4,Person_9688,,,0,Fuenlabrada,
HH_3777,Person_9687,female,16,15-19,Person_9688,,,0,Fuenlabrada,
HH_3777,Person_9688,male,33,30-34,,,,3,Fuenlabrada,Polideportivo Alfredo Di Stefano
HH_3778,Person_9689,female,91,90-94,,,,0,Madrid,
HH_3779,Person_9690,male,67,65-69,,,,0,,
HH_3779,Person_9691,female,75,75-79,,,,0,,
HH_3780,Person_9692,female,12,10-14,,Person_9694,,0,,
HH_3780,Person_9693,female,33,30-34,,Person_9694,,0,,Madrid
HH_3780,Person_9694,female,54,50-54,,,Person_9695,2,,Madrid
HH_3780,Person_9695,female,46,45-49,,,Person_9694,0,,Madrid
HH_3781,Person_9696,male,22,20-24,Person_9700,,,0,,
HH_3781,Person_9697,female,28,25-29,Person_9700,,,0,,
HH_3781,Person_9698,male,4,0-4,Person_9700,,,0,,
HH_3781,Person_9699,male,5,5-9,Person_9700,,,0,,Escuela Infantil Rosa Caramelo
HH_3781,Person_9700,male,64,60-64,,,,4,,Madrid
HH_3782,Person_9701,male,35,35-39,Person_9702,,,0,Centro de Salud María Montessori,
HH_3782,Person_9702,male,71,70-74,,,,1,Centro de Salud María Montessori,
HH_3783,Person_9703,female,15,15-19,Person_9704,,,0,,
HH_3783,Person_9704,male,57,55-59,,,Person_9705,1,,Madrid
HH_3783,Person_9705,male,50,50-54,,,Person_9704,0,,Madrid
HH_3784,Person_9706,female,97,95-99,,,,0,,
HH_3785,Person_9707,male,45,45-49,,,,0,Madrid,
HH_3786,Person_9708,female,17,15-19,,Person_9710,,0,Alcorcon,
HH_3786,Person_9709,female,35,35-39,,Person_9710,,0,Alcorcon,
HH_3786,Person_9710,female,79,75-79,,,Person_9711,2,Alcorcon,
HH_3786,Person_9711,female,71,70-74,,,Person_9710,0,Alcorcon,
HH_3787,Person_9712,male,25,25-29,,,,0,,Madrid
HH_3787,Person_9713,female,38,35-39,,,,0,,Getafe norte
HH_3788,Person_9714,male,25,25-29,,,,0,,
HH_3789,Person_9715,female,24,20-24,Person_9716,,,0,Getafe norte,
HH_3789,Person_9716,male,55,55-59,,,Person_9717,1,Getafe norte,
HH_3789,Person_9717,male,53,50-54,,,Person_9716,0,Getafe norte,
HH_3790,Person_9718,male,38,35-39,,Person_9719,,0,,Alcorcon
HH_3790,Person_9719,female,64,60-64,,,,1,,Getafe norte
HH_3791,Person_9720,female,91,90-94,,,,0,,
HH_3792,Person_9721,female,78,75-79,,,,0,,
HH_3792,Person_9722,female,51,50-54,,,,0,,Madrid
HH_3792,Person_9723,female,86,85-89,,,,0,,
HH_3793,Person_9724,female,20,20-24,Person_9726,,,0,Fuenlabrada,
HH_3793,Person_9725,male,25,25-29,Person_9726,,,0,Fuenlabrada,
HH_3793,Person_9726,male,42,40-44,,,Person_9727,2,Fuenlabrada,
HH_3793,Person_9727,male,37,35-39,,,Person_9726,0,Fuenlabrada,
HH_3794,Person_9728,female,68,65-69,,,,0,,
HH_3795,Person_9729,male,42,40-44,,,,0,,McFit
HH_3795,Person_9730,female,29,25-29,,,,0,,
HH_3796,Person_9731,male,33,30-34,,Person_9732,,0,Polideportivo Alfredo Di Stefano,Madrid
HH_3796,Person_9732,female,63,60-64,,,,1,Polideportivo Alfredo Di Stefano,Mostoles
HH_3797,Person_9733,female,24,20-24,Person_9735,,,0,,
HH_3797,Person_9734,male,26,25-29,Person_9735,,,0,,RD sistemas S.A.
HH_3797,Person_9735,male,69,65-69,,,Person_9736,2,,
HH_3797,Person_9736,male,51,50-54,,,Person_9735,0,,Madrid
HH_3798,Person_9737,female,40,40-44,,,,0,Extremadura,Casa Regional de Castilla la Mancha
HH_3798,Person_9738,female,82,80-84,,,,0,Extremadura,
HH_3799,Person_9739,female,1,0-4,,Person_9740,,0,,
HH_3799,Person_9740,female,31,30-34,,,,1,,
HH_3800,Person_9741,male,22,20-24,,Person_9742,,0,,Alcorcon
HH_3800,Person_9742,female,51,50-54,,,Person_9743,1,,Madrid
HH_3800,Person_9743,female,52,50-54,,,Person_9742,0,,Madrid
HH_3801,Person_9744,female,41,40-44,,Person_9745,,0,,Madrid
HH_3801,Person_9745,female,77,75-79,,,Person_9746,1,,
HH_3801,Person_9746,female,88,85-89,,,Person_9745,0,,
HH_3802,Person_9747,male,23,20-24,,,,0,,Edificio Torres Quevedo
HH_3802,Person_9748,female,78,75-79,,,,0,,
HH_3802,Person_9749,male,47,45-49,,,,0,,Madrid
HH_3802,Person_9750,female,35,35-39,,,,0,,Alcorcon
HH_3802,Person_9751,male,24,20-24,,,,0,,Edificio Sabatini
HH_3803,Person_9752,male,22,20-24,,Person_9753,,0,Feu Vert,Getafe norte
HH_3803,Person_9753,female,66,65-69,,,Person_9754,1,Feu Vert,
HH_3803,Person_9754,female,74,70-74,,,Person_9753,0,Feu Vert,
HH_3804,Person_9755,female,31,30-34,,Person_9756,,0,,Madrid
HH_3804,Person_9756,female,46,45-49,,,Person_9757,1,,Madrid
HH_3804,Person_9757,female,50,50-54,,,Person_9756,0,,Madrid
HH_3805,Person_9758,male,16,15-19,,Person_9759,,0,,
HH_3805,Person_9759,female,41,40-44,,,Person_9760,1,,Madrid
HH_3805,Person_9760,female,48,45-49,,,Person_9759,0,,Madrid
HH_3806,Person_9761,male,99,95-99,,,,0,,
HH_3806,Person_9762,female,49,45-49,,,,0,,
HH_3807,Person_9763,male,33,30-34,Person_9764,,,0,,Madrid
HH_3807,Person_9764,male,66,65-69,,,,1,,
HH_3808,Person_9765,female,15,15-19,,Person_9766,,0,Madrid,
HH_3808,Person_9766,female,41,40-44,,,,1,Madrid,
HH_3809,Person_9767,female,66,65-69,,,,0,,
HH_3810,Person_9768,male,14,10-14,,Person_9770,,0,Madrid,
HH_3810,Person_9769,female,35,35-39,,Person_9770,,0,Madrid,
HH_3810,Person_9770,female,66,65-69,,,Person_9771,2,Madrid,
HH_3810,Person_9771,female,65,65-69,,,Person_9770,0,Madrid,
HH_3811,Person_9772,male,7,5-9,Person_9774,,,0,,
HH_3811,Person_9773,male,31,30-34,Person_9774,,,0,,Madrid
HH_3811,Person_9774,male,64,60-64,,,Person_9775,2,,Fuenlabrada
HH_3811,Person_9775,male,44,40-44,,,Person_9774,0,,Madrid
HH_3812,Person_9776,male,37,35-39,,,,0,,Madrid
HH_3813,Person_9777,female,17,15-19,Person_9781,,,0,,guardería
HH_3813,Person_9778,male,0,0-4,Person_9781,,,0,,Escuela Infantil Rosa Caramelo
HH_3813,Person_9779,male,8,5-9,Person_9781,,,0,,
HH_3813,Person_9780,male,13,10-14,Person_9781,,,0,,
HH_3813,Person_9781,male,49,45-49,,,,4,,Madrid
HH_3814,Person_9782,female,18,15-19,,,,0,,Madrid
HH_3814,Person_9783,female,57,55-59,,,,0,,Madrid
HH_3815,Person_9784,male,94,90-94,,,,0,,
HH_3816,Person_9785,male,56,55-59,,,,0,,Madrid
HH_3816,Person_9786,male,65,65-69,,,,0,,
HH_3817,Person_9787,female,48,45-49,,,,0,,Madrid
HH_3817,Person_9788,male,75,75-79,,,,0,,
HH_3818,Person_9789,male,92,90-94,,,,0,Madrid,
HH_3818,Person_9790,female,72,70-74,,,,0,Madrid,
HH_3819,Person_9791,male,84,80-84,,,,0,Madrid,
HH_3819,Person_9792,male,87,85-89,,,,0,Madrid,
HH_3820,Person_9793,female,32,30-34,Person_9794,,,0,,Fuenlabrada
HH_3820,Person_9794,male,64,60-64,,,Person_9795,1,,Madrid
HH_3820,Person_9795,male,58,55-59,,,Person_9794,0,,Madrid
HH_3821,Person_9796,female,81,80-84,,,,0,Madrid,
HH_3821,Person_9797,male,24,20-24,,,,0,Madrid,
HH_3822,Person_9798,male,25,25-29,,Person_9800,,0,Fuenlabrada,Edificio Juan Benet
HH_3822,Person_9799,female,34,30-34,,Person_9800,,0,Fuenlabrada,
HH_3822,Person_9800,female,64,60-64,,,Person_9801,2,Fuenlabrada,
HH_3822,Person_9801,female,87,85-89,,,Person_9800,0,Fuenlabrada,
HH_3823,Person_9802,female,13,10-14,Person_9803,,,0,,
HH_3823,Person_9803,male,54,50-54,,,Person_9804,1,,Getafe norte
HH_3823,Person_9804,male,54,50-54,,,Person_9803,0,,
HH_3824,Person_9805,male,23,20-24,Person_9807,,,0,,Edificio Juan Benet
HH_3824,Person_9806,male,0,0-4,Person_9807,,,0,,
HH_3824,Person_9807,male,39,35-39,,,,2,,Madrid
HH_3825,Person_9808,female,74,70-74,,,,0,Mostoles,
HH_3826,Person_9809,female,5,5-9,Person_9811,,,0,Madrid,
HH_3826,Person_9810,male,25,25-29,Person_9811,,,0,Madrid,
HH_3826,Person_9811,male,54,50-54,,,Person_9812,2,Madrid,
HH_3826,Person_9812,male,80,80-84,,,Person_9811,0,Madrid,
HH_3827,Person_9813,female,95,95-99,,,,0,,
HH_3828,Person_9814,female,10,10-14,,Person_9816,,0,,
HH_3828,Person_9815,male,26,25-29,,Person_9816,,0,,Edificio Torres Quevedo
HH_3828,Person_9816,female,55,55-59,,,Person_9817,2,,Madrid
HH_3828,Person_9817,female,84,80-84,,,Person_9816,0,,
HH_3829,Person_9818,male,11,10-14,,Person_9820,,0,,
HH_3829,Person_9819,female,34,30-34,,Person_9820,,0,,Madrid
HH_3829,Person_9820,female,64,60-64,,,Person_9821,2,,Madrid
HH_3829,Person_9821,female,72,70-74,,,Person_9820,0,,
HH_3830,Person_9822,male,74,70-74,,,,0,,
HH_3831,Person_9823,female,94,90-94,,,,0,Mostoles,
HH_3831,Person_9824,female,22,20-24,,,,0,Mostoles,Edificio Juan Benet
HH_3832,Person_9825,male,9,5-9,Person_9826,,,0,,
HH_3832,Person_9826,male,35,35-39,,,Person_9827,1,,Fuenlabrada
HH_3832,Person_9827,male,37,35-39,,,Person_9826,0,,Madrid
HH_3833,Person_9828,male,40,40-44,Person_9829,,,0,Getafe norte,
HH_3833,Person_9829,male,74,70-74,,,Person_9830,1,Getafe norte,
HH_3833,Person_9830,male,48,45-49,,,Person_9829,0,Getafe norte,
HH_3834,Person_9831,male,12,10-14,Person_9832,,,0,Aurgi,
HH_3834,Person_9832,male,40,40-44,,,Person_9833,1,Aurgi,Fuenlabrada
HH_3834,Person_9833,male,40,40-44,,,Person_9832,0,Aurgi,Madrid
HH_3835,Person_9834,female,66,65-69,,,,0,,
HH_3836,Person_9835,male,13,10-14,,Person_9837,,0,,
HH_3836,Person_9836,male,34,30-34,,Person_9837,,0,,Madrid
HH_3836,Person_9837,female,67,65-69,,,Person_9838,2,,
HH_3836,Person_9838,female,92,90-94,,,Person_9837,0,,
HH_3837,Person_9839,female,10,10-14,Person_9843,,,0,Fuenlabrada,
HH_3837,Person_9840,female,14,10-14,Person_9843,,,0,Fuenlabrada,
HH_3837,Person_9841,male,0,0-4,Person_9843,,,0,Fuenlabrada,
HH_3837,Person_9842,male,10,10-14,Person_9843,,,0,Fuenlabrada,
HH_3837,Person_9843,male,47,45-49,,,,4,Fuenlabrada,Hospital Severo Ochoa
HH_3838,Person_9844,female,24,20-24,,Person_9846,,0,,Biblioteca Rey Pastor
HH_3838,Person_9845,female,26,25-29,,Person_9846,,0,,
HH_3838,Person_9846,female,59,55-59,,,,2,,Fuenlabrada
HH_3839,Person_9847,female,19,15-19,,,,0,,Madrid
HH_3839,Person_9848,female,67,65-69,,,,0,,
HH_3840,Person_9849,male,54,50-54,,,,0,Madrid,
HH_3841,Person_9850,male,16,15-19,Person_9852,,,0,,
HH_3841,Person_9851,female,30,30-34,Person_9852,,,0,,Biblioteca Rey Pastor
HH_3841,Person_9852,male,66,65-69,,,Person_9853,2,,
HH_3841,Person_9853,male,56,55-59,,,Person_9852,0,,Fuenlabrada
HH_3842,Person_9854,male,95,95-99,,,,0,Fuenlabrada,
HH_3842,Person_9855,male,66,65-69,,,,0,Fuenlabrada,
HH_3843,Person_9856,male,25,25-29,Person_9857,,,0,,Madrid
HH_3843,Person_9857,male,54,50-54,,,,1,,Fuenlabrada
HH_3844,Person_9858,female,77,75-79,,,,0,,
HH_3845,Person_9859,male,84,80-84,,,,0,,
HH_3845,Person_9860,male,95,95-99,,,,0,,
HH_3845,Person_9861,male,46,45-49,,,,0,,Madrid
HH_3846,Person_9862,female,37,35-39,,,,0,,Madrid
HH_3846,Person_9863,male,27,25-29,,,,0,,Edificio Sabatini
HH_3847,Person_9864,female,31,30-34,Person_9865,,,0,Getafe norte,
HH_3847,Person_9865,male,62,60-64,,,,1,Getafe norte,
HH_3848,Person_9866,female,48,45-49,,,,0,Madrid,Sánchez Elez Sanabria
HH_3848,Person_9867,male,73,70-74,,,,0,Madrid,
HH_3849,Person_9868,male,60,60-64,,,,0,Getafe norte,
HH_3850,Person_9869,female,91,90-94,,,,0,,
HH_3850,Person_9870,male,28,25-29,,,,0,,
HH_3851,Person_9871,female,89,85-89,,,,0,Madrid,
HH_3852,Person_9872,male,36,35-39,,,,0,Mostoles,
HH_3852,Person_9873,female,21,20-24,,,,0,Mostoles,Fundación IMDEA Networks
HH_3853,Person_9874,female,19,15-19,Person_9877,,,0,,Madrid
HH_3853,Person_9875,female,0,0-4,Person_9877,,,0,,Escuela Infantil Rosa Caramelo
HH_3853,Person_9876,male,19,15-19,Person_9877,,,0,,
HH_3853,Person_9877,male,47,45-49,,,,3,,Alcorcon
HH_3854,Person_9878,female,48,45-49,,Person_9879,,0,,Madrid
HH_3854,Person_9879,female,91,90-94,,,,1,,
HH_3855,Person_9880,male,24,20-24,,Person_9883,,0,,
HH_3855,Person_9881,female,2,0-4,,Person_9883,,0,,
HH_3855,Person_9882,female,28,25-29,,Person_9883,,0,,Madrid
HH_3855,Person_9883,female,61,60-64,,,Person_9884,3,,Madrid
HH_3855,Person_9884,female,94,90-94,,,Person_9883,0,,
HH_3856,Person_9885,female,19,15-19,,Person_9886,,0,Fuenlabrada,
HH_3856,Person_9886,female,63,60-64,,,,1,Fuenlabrada,
HH_3857,Person_9887,male,87,85-89,,,,0,,
HH_3857,Person_9888,female,95,95-99,,,,0,,
HH_3858,Person_9889,male,24,20-24,,Person_9891,,0,,
HH_3858,Person_9890,male,25,25-29,,Person_9891,,0,,
HH_3858,Person_9891,female,69,65-69,,,Person_9892,2,,
HH_3858,Person_9892,female,56,55-59,,,Person_9891,0,,Madrid
HH_3859,Person_9893,male,28,25-29,,,,0,,Madrid
HH_3859,Person_9894,male,86,85-89,,,,0,,
HH_3859,Person_9895,female,85,85-89,,,,0,,
HH_3859,Person_9896,male,95,95-99,,,,0,,
HH_3859,Person_9897,female,21,20-24,,,,0,,
HH_3860,Person_9898,male,36,35-39,Person_9900,,,0,,Madrid
HH_3860,Person_9899,female,31,30-34,Person_9900,,,0,,Madrid
HH_3860,Person_9900,male,62,60-64,,,Person_9901,2,,Bar Saloon El Paso
HH_3860,Person_9901,male,52,50-54,,,Person_9900,0,,Madrid
HH_3861,Person_9902,female,13,10-14,,Person_9903,,0,,
HH_3861,Person_9903,female,44,40-44,,,Person_9904,1,,Madrid
HH_3861,Person_9904,female,49,45-49,,,Person_9903,0,,Madrid
HH_3862,Person_9905,female,44,40-44,,,,0,,Madrid
HH_3863,Person_9906,male,89,85-89,,,,0,,
HH_3863,Person_9907,male,78,75-79,,,,0,,
HH_3864,Person_9908,male,55,55-59,,,,0,Mostoles,
HH_3864,Person_9909,female,76,75-79,,,,0,Mostoles,
HH_3865,Person_9910,female,76,75-79,Person_9912,,,0,,
HH_3865,Person_9911,female,82,80-84,Person_9912,,,0,,
HH_3865,Person_9912,male,109,100-120,,,Person_9913,2,,
HH_3865,Person_9913,male,51,50-54,,,Person_9912,0,,Madrid
HH_3866,Person_9914,male,24,20-24,,Person_9916,,0,,
HH_3866,Person_9915,male,31,30-34,,Person_9916,,0,,Getafe norte
HH_3866,Person_9916,female,71,70-74,,,Person_9917,2,,
HH_3866,Person_9917,female,93,90-94,,,Person_9916,0,,
HH_3867,Person_9918,female,41,40-44,,,,0,,Madrid
HH_3867,Person_9919,female,30,30-34,,,,0,,Edificio Juan Benet
HH_3868,Person_9920,male,24,20-24,,,,0,,Madrid
HH_3869,Person_9921,female,8,5-9,,Person_9922,,0,,
HH_3869,Person_9922,female,38,35-39,,,,1,,Madrid
HH_3870,Person_9923,female,8,5-9,,Person_9925,,0,Madrid,
HH_3870,Person_9924,female,26,25-29,,Person_9925,,0,Madrid,
HH_3870,Person_9925,female,56,55-59,,,Person_9926,2,Madrid,
HH_3870,Person_9926,female,56,55-59,,,Person_9925,0,Madrid,
HH_3871,Person_9927,female,26,25-29,,,,0,Madrid,Edificio Agustín de Betancourt
HH_3872,Person_9928,male,25,25-29,,,,0,Alcorcon,
HH_3872,Person_9929,female,64,60-64,,,,0,Alcorcon,
HH_3873,Person_9930,female,28,25-29,,,,0,Madrid,
HH_3873,Person_9931,female,81,80-84,,,,0,Madrid,
HH_3874,Person_9932,male,8,5-9,,Person_9934,,0,,Centro Ocupacional Juan Ramón Jiménez
HH_3874,Person_9933,male,15,15-19,,Person_9934,,0,,
HH_3874,Person_9934,female,46,45-49,,,,2,,Madrid
HH_3875,Person_9935,female,11,10-14,Person_9936,,,0,Getafe norte,
HH_3875,Person_9936,male,29,25-29,,,Person_9937,1,Getafe norte,
HH_3875,Person_9937,male,29,25-29,,,Person_9936,0,Getafe norte,
HH_3876,Person_9938,male,38,35-39,,,,0,Madrid,
HH_3876,Person_9939,male,57,55-59,,,,0,Madrid,
HH_3877,Person_9940,female,43,40-44,,,,0,,Alcorcon
HH_3878,Person_9941,male,18,15-19,Person_9942,,,0,Madrid,Biblioteca Rey Pastor
HH_3878,Person_9942,male,57,55-59,,,Person_9943,1,Madrid,
HH_3878,Person_9943,male,54,50-54,,,Person_9942,0,Madrid,
HH_3879,Person_9944,female,4,0-4,,Person_9946,,0,Madrid,Escuela Infantil Rosa Caramelo
HH_3879,Person_9945,female,0,0-4,,Person_9946,,0,Madrid,
HH_3879,Person_9946,female,47,45-49,,,,2,Madrid,Ahorramás
HH_3880,Person_9947,female,8,5-9,,Person_9949,,0,,
HH_3880,Person_9948,female,33,30-34,,Person_9949,,0,,Madrid
HH_3880,Person_9949,female,64,60-64,,,Person_9950,2,,Madrid
HH_3880,Person_9950,female,81,80-84,,,Person_9949,0,,
HH_3881,Person_9951,female,28,25-29,,,,0,Madrid,Edificio Sabatini
HH_3881,Person_9952,male,86,85-89,,,,0,Madrid,
HH_3881,Person_9953,male,37,35-39,,,,0,Madrid,
HH_3882,Person_9954,female,68,65-69,,,,0,,
HH_3883,Person_9955,female,9,5-9,Person_9957,,,0,,
HH_3883,Person_9956,female,26,25-29,Person_9957,,,0,,Biblioteca Rey Pastor
HH_3883,Person_9957,male,66,65-69,,,Person_9958,2,,
HH_3883,Person_9958,male,88,85-89,,,Person_9957,0,,
HH_3884,Person_9959,male,22,20-24,,,,0,,
HH_3885,Person_9960,female,47,45-49,,,,0,Madrid,
HH_3885,Person_9961,female,50,50-54,,,,0,Madrid,
HH_3886,Person_9962,male,40,40-44,,,,0,,
HH_3886,Person_9963,male,42,40-44,,,,0,,Madrid
HH_3887,Person_9964,female,85,85-89,,,,0,Extremadura,
HH_3888,Person_9965,male,7,5-9,,Person_9968,,0,,
HH_3888,Person_9966,male,1,0-4,,Person_9968,,0,,
HH_3888,Person_9967,female,5,5-9,,Person_9968,,0,,
HH_3888,Person_9968,female,50,50-54,,,Person_9969,3,,Madrid
HH_3888,Person_9969,female,54,50-54,,,Person_9968,0,,Madrid
HH_3889,Person_9970,female,71,70-74,,,,0,,
HH_3890,Person_9971,female,21,20-24,,Person_9973,,0,Madrid,
HH_3890,Person_9972,female,27,25-29,,Person_9973,,0,Madrid,
HH_3890,Person_9973,female,71,70-74,,,Person_9974,2,Madrid,
HH_3890,Person_9974,female,99,95-99,,,Person_9973,0,Madrid,
HH_3891,Person_9975,female,14,10-14,Person_9977,,,0,Getafe norte,Centro Ocupacional Juan Ramón Jiménez
HH_3891,Person_9976,male,28,25-29,Person_9977,,,0,Getafe norte,FREMAP Leganés
HH_3891,Person_9977,male,43,40-44,,,Person_9978,2,Getafe norte,
HH_3891,Person_9978,male,36,35-39,,,Person_9977,0,Getafe norte,
HH_3892,Person_9979,female,41,40-44,,Person_9980,,0,Alcorcon,
HH_3892,Person_9980,female,82,80-84,,,Person_9981,1,Alcorcon,
HH_3892,Person_9981,female,83,80-84,,,Person_9980,0,Alcorcon,
HH_3893,Person_9982,female,33,30-34,,,,0,,Fuenlabrada
HH_3894,Person_9983,male,81,80-84,,,,0,,
HH_3894,Person_9984,female,99,95-99,,,,0,,
HH_3895,Person_9985,female,2,0-4,,Person_9986,,0,,
HH_3895,Person_9986,female,28,25-29,,,Person_9987,1,,Getafe norte
HH_3895,Person_9987,female,25,25-29,,,Person_9986,0,,Edificio Juan Benet
HH_3896,Person_9988,male,59,55-59,,,,0,,Madrid
HH_3897,Person_9989,female,54,50-54,,,,0,,Madrid
HH_3897,Person_9990,male,82,80-84,,,,0,,
HH_3898,Person_9991,male,42,40-44,,,,0,Madrid,
HH_3898,Person_9992,male,28,25-29,,,,0,Madrid,
HH_3899,Person_9993,female,25,25-29,,Person_9994,,0,Getafe norte,
HH_3899,Person_9994,female,41,40-44,,,,1,Getafe norte,
HH_3900,Person_9995,female,76,75-79,,,,0,,
HH_3901,Person_9996,female,11,10-14,,Person_9998,,0,,
HH_3901,Person_9997,male,31,30-34,,Person_9998,,0,,
HH_3901,Person_9998,female,56,55-59,,,Person_9999,2,,Madrid
HH_3901,Person_9999,female,79,75-79,,,Person_9998,0,,
