person_id,trip_id,purpose,mode,origin_type,origin_x,origin_y,dest_type,dest_x,dest_y,start_time,end_time,duration,status,path_cost,real_distance,wait_time
Person_17,Person_17_1,working,train,home,7631.235334164509,3402.9581956036873,,8351.70415135049,2763.8378920000764,2.88,2.88,0.0,COMPLETED,0,0,0
Person_507,Person_507_1,working,train,home,7094.389180531434,3956.7626455328887,,6383.066520287023,4062.6484057004186,2.88,2.88,0.0,COMPLETED,0,0,0
Person_3425,Person_3425_1,working,walking,home,8092.4424099360085,4002.0659959651725,university,5887.791508799354,2982.146731596164,2.88,2.88,0.0,COMPLETED,0,0,0
Person_5174,Person_5174_1,working,train,home,6829.958893715733,4097.893303392171,,6383.066520287023,4062.6484057004186,2.88,2.88,0.0,COMPLETED,0,0,0
Person_6431,Person_6431_1,working,walking,home,7085.09005885376,3177.024576282746,university,8680.422548567441,1236.9101943957473,2.88,2.88,0.0,COMPLETED,0,0,0
Person_6970,Person_6970_1,working,train,home,8841.23715559046,3443.3146204736513,,8351.70415135049,2763.8378920000764,2.88,2.88,0.0,COMPLETED,0,0,0
Person_8014,Person_8014_1,working,train,home,6293.5937827028565,2774.277052713016,,6383.066520287023,4062.6484057004186,2.88,2.88,0.0,COMPLETED,0,0,0
Person_8098,Person_8098_1,working,train,home,6956.9507769861975,3789.498965662462,,6383.066520287023,4062.6484057004186,2.88,2.88,0.0,COMPLETED,0,0,0
Person_8650,Person_8650_1,working,train,home,6849.030456639985,3995.3115524784075,,6383.066520287023,4062.6484057004186,2.88,2.88,0.0,COMPLETED,0,0,0
Person_9250,Person_9250_1,working,train,home,7888.5819716730375,3171.1780631051583,,8351.70415135049,2763.8378920000764,2.88,2.88,0.0,COMPLETED,0,0,0
Person_8664,Person_8664_1,working,car,home,8857.112942334299,3861.7722494391387,city,10159.910029921817,195.30711077929786,2.88,12.769,9.889,COMPLETED,0,0,0
Person_9439,Person_9439_1,working,car,home,6616.275834528968,4031.71110713962,city,10159.910029921817,195.30711077929786,2.88,12.769,9.889,COMPLETED,0,0,0
Person_1533,Person_1533_1,working,car,home,6630.631985307032,4160.868894661804,city,10159.910029921817,195.30711077929786,2.88,15.466,12.585999999999999,COMPLETED,0,0,0
Person_1429,Person_1429_1,working,car,home,5653.439469264909,2273.6357379971205,university,5901.5627362491805,2994.702412765903,2.88,19.062,16.182000000000002,COMPLETED,0,0,0
Person_5213,Person_5213_1,working,car,home,7759.503929395974,3167.5637709059424,city,10159.910029921817,195.30711077929786,2.88,19.961,17.081,COMPLETED,0,0,0
Person_1701,Person_1701_1,working,car,home,6469.279513008723,4164.032547709467,city,10159.910029921817,195.30711077929786,2.88,20.86,17.98,COMPLETED,0,0,0
Person_3775,Person_3775_1,working,car,home,3526.973375341535,6005.4600012005785,university,6980.17060882167,3727.0047244733337,2.88,20.86,17.98,COMPLETED,0,0,0
Person_5454,Person_5454_1,working,car,home,126.82488358348685,4319.6356930350885,yes,6469.3815301865825,4471.240971286621,2.88,20.86,17.98,COMPLETED,0,0,0
Person_572,Person_572_1,working,car,home,2490.482009668934,4190.339908742099,city,10159.910029921817,195.30711077929786,2.88,21.759,18.879,COMPLETED,0,0,0
Person_3138,Person_3138_1,working,car,home,8984.85164352066,2635.1223578212116,city,10159.910029921817,195.30711077929786,2.88,21.759,18.879,COMPLETED,0,0,0
Person_4451,Person_4451_1,working,car,home,6837.680159788419,2782.985363145725,city,10159.910029921817,195.30711077929786,2.88,21.759,18.879,COMPLETED,0,0,0
Person_4541,Person_4541_1,working,car,home,7918.232265126211,3582.170430270401,city,10159.910029921817,195.30711077929786,2.88,21.759,18.879,COMPLETED,0,0,0
Person_5791,Person_5791_1,working,car,home,10159.910029921817,195.30711077929786,industrial,9200.181698772189,4191.132846479432,2.88,21.759,18.879,COMPLETED,0,0,0
Person_7047,Person_7047_1,working,car,home,126.82488358348685,4319.6356930350885,yes,5805.551402363913,1054.6607284768834,2.88,21.759,18.879,COMPLETED,0,0,0
Person_7391,Person_7391_1,working,car,home,10159.910029921817,195.30711077929786,yes,8513.49404852074,1167.6756087635563,2.88,21.759,18.879,COMPLETED,0,0,0
Person_463,Person_463_1,working,car,home,6299.667273519436,2773.5164764855995,city,10159.910029921817,195.30711077929786,2.88,22.658,19.778000000000002,COMPLETED,0,0,0
Person_5286,Person_5286_1,working,car,home,7298.973337424706,3679.165400074617,university,8680.422548567441,1236.9101943957473,2.88,22.658,19.778000000000002,COMPLETED,0,0,0
Person_8941,Person_8941_1,working,car,home,8907.124336725856,1348.0285239436153,city,10159.910029921817,195.30711077929786,2.88,22.658,19.778000000000002,COMPLETED,0,0,0
Person_6973,Person_6973_1,working,car,home,7113.010213248334,4120.805336310302,city,10159.910029921817,195.30711077929786,2.88,23.557,20.677,COMPLETED,0,0,0
Person_5169,Person_5169_1,working,car,home,7738.674090791036,3517.7365936356946,city,10159.910029921817,195.30711077929786,2.88,24.456,21.576,COMPLETED,0,0,0
Person_6776,Person_6776_1,working,car,home,7695.784425277014,4985.124822905777,city,10159.910029921817,195.30711077929786,2.88,24.456,21.576,COMPLETED,0,0,0
Person_7916,Person_7916_1,working,car,home,7837.2044240703935,5339.045658378181,city,10159.910029921817,195.30711077929786,2.88,26.254,23.374000000000002,COMPLETED,0,0,0
Person_5449,Person_5449_1,working,car,home,4065.2060983642004,1289.6729660000035,yes,7085.09005885376,3177.024576282746,2.88,27.153,24.273,COMPLETED,0,0,0
Person_3052,Person_3052_1,working,car,home,4065.2060983642004,1289.6729660000035,industrial,4251.152690592777,1836.4152758022178,2.88,28.052,25.172,COMPLETED,0,0,0
Person_5827,Person_5827_1,working,car,home,6166.161582833444,2503.4940165329194,city,10159.910029921817,195.30711077929786,2.88,28.052,25.172,COMPLETED,0,0,0
Person_8191,Person_8191_1,working,car,home,10159.910029921817,195.30711077929786,yes,6522.506143502348,4072.7105293890486,2.88,28.052,25.172,COMPLETED,0,0,0
Person_9496,Person_9496_1,working,car,home,7845.975484157773,3412.359145928244,university,6839.399852089795,3585.511730890991,2.88,28.052,25.172,COMPLETED,0,0,0
Person_2253,Person_2253_1,working,car,home,8061.370720850439,2974.770974101761,city,10159.910029921817,195.30711077929786,3.779,28.052,24.273,COMPLETED,0,0,0
Person_426,Person_426_1,working,car,home,10159.910029921817,195.30711077929786,industrial,8796.395885862601,4508.313379210198,2.88,28.951,26.071,COMPLETED,0,0,0
Person_5361,Person_5361_1,working,car,home,7008.510006642921,3656.9975327487596,city,10159.910029921817,195.30711077929786,2.88,28.951,26.071,COMPLETED,0,0,0
Person_6216,Person_6216_1,working,car,home,5572.68102644412,1012.1484593980924,city,10159.910029921817,195.30711077929786,2.88,28.951,26.071,COMPLETED,0,0,0
Person_6910,Person_6910_1,working,car,home,6256.804426981505,2926.94163644471,city,10159.910029921817,195.30711077929786,2.88,28.951,26.071,COMPLETED,0,0,0
Person_9785,Person_9785_1,working,car,home,10159.910029921817,195.30711077929786,university,6451.821586100195,3200.551272926657,2.88,28.951,26.071,COMPLETED,0,0,0
Person_8037,Person_8037_1,working,car,home,5349.982551505967,5645.616257171809,city,10159.910029921817,195.30711077929786,2.88,29.85,26.970000000000002,COMPLETED,0,0,0
Person_1236,Person_1236_1,working,car,home,7375.310755562329,4053.0293955238662,city,4771.159705068488,7798.325282355149,2.88,30.749,27.869,COMPLETED,0,0,0
Person_1985,Person_1985_1,working,car,home,7589.312337375205,3349.2926616043515,city,4771.159705068488,7798.325282355149,2.88,30.749,27.869,COMPLETED,0,0,0
Person_2189,Person_2189_1,working,car,home,5195.7589649286765,1092.826119149135,city,10159.910029921817,195.30711077929786,2.88,30.749,27.869,COMPLETED,0,0,0
Person_2579,Person_2579_1,working,car,home,10159.910029921817,195.30711077929786,yes,6945.087608427604,4524.297880557795,2.88,30.749,27.869,COMPLETED,0,0,0
Person_3467,Person_3467_1,working,car,home,8810.058464444248,2316.8956134598407,city,10159.910029921817,195.30711077929786,2.88,30.749,27.869,COMPLETED,0,0,0
Person_664,Person_664_1,working,car,home,5613.759270834087,4826.678403770521,city,10159.910029921817,195.30711077929786,2.88,31.648,28.768,COMPLETED,0,0,0
Person_2636,Person_2636_1,working,car,home,6570.110432319467,3122.9244442481577,university,5872.083656560459,2982.14688861395,2.88,31.648,28.768,COMPLETED,0,0,0
Person_5334,Person_5334_1,working,car,home,10159.910029921817,195.30711077929786,yes,8730.22699680652,887.886516389122,2.88,31.648,28.768,COMPLETED,0,0,0
Person_7374,Person_7374_1,working,car,home,7064.511504090434,4046.7803764089726,city,4771.159705068488,7798.325282355149,2.88,31.648,28.768,COMPLETED,0,0,0
Person_8274,Person_8274_1,working,car,home,8652.095513460143,2840.2553680440205,city,10159.910029921817,195.30711077929786,2.88,31.648,28.768,COMPLETED,0,0,0
Person_8289,Person_8289_1,working,car,home,5978.532699751292,2686.1055166889005,city,10159.910029921817,195.30711077929786,2.88,31.648,28.768,COMPLETED,0,0,0
Person_8435,Person_8435_1,working,car,home,5598.914690905264,849.893865762194,city,10159.910029921817,195.30711077929786,2.88,31.648,28.768,COMPLETED,0,0,0
Person_1470,Person_1470_1,working,car,home,6770.478903242352,4412.385094923397,university,6839.399852089795,3585.511730890991,2.88,32.547,29.666999999999998,COMPLETED,0,0,0
Person_4385,Person_4385_1,working,car,home,7235.391424085013,3951.927718773063,city,10159.910029921817,195.30711077929786,2.88,32.547,29.666999999999998,COMPLETED,0,0,0
Person_6738,Person_6738_1,working,car,home,7568.85039398101,4317.575485820485,city,10159.910029921817,195.30711077929786,3.779,33.446,29.666999999999998,COMPLETED,0,0,0
Person_1559,Person_1559_1,working,car,home,7289.209023500274,4075.1262799458063,city,10159.910029921817,195.30711077929786,2.88,34.345,31.465,COMPLETED,0,0,0
Person_6558,Person_6558_1,working,car,home,7914.388075777839,2997.376531262149,city,10159.910029921817,195.30711077929786,2.88,34.345,31.465,COMPLETED,0,0,0
Person_8001,Person_8001_1,working,car,home,10159.910029921817,195.30711077929786,yes,7475.856481269922,4289.341933924346,2.88,34.345,31.465,COMPLETED,0,0,0
Person_8036,Person_8036_1,working,car,home,5349.982551505967,5645.616257171809,city,10159.910029921817,195.30711077929786,2.88,34.345,31.465,COMPLETED,0,0,0
Person_6579,Person_6579_1,working,car,home,7656.545214650346,5097.000133925464,city,8982.539674594882,6224.04271922478,2.88,35.244,32.364,COMPLETED,0,0,0
Person_8539,Person_8539_1,working,car,home,6219.725522173489,3600.9842945840496,city,10159.910029921817,195.30711077929786,2.88,35.244,32.364,COMPLETED,0,0,0
Person_8579,Person_8579_1,working,car,home,7685.153466171891,3207.3208383645087,city,4771.159705068488,7798.325282355149,2.88,35.244,32.364,COMPLETED,0,0,0
Person_9664,Person_9664_1,working,car,home,7665.015127154501,4893.313626581118,city,10159.910029921817,195.30711077929786,2.88,35.244,32.364,COMPLETED,0,0,0
Person_9900,Person_9900_1,working,car,home,6623.4353435679195,2632.5155993869325,city,10159.910029921817,195.30711077929786,2.88,35.244,32.364,COMPLETED,0,0,0
Person_6684,Person_6684_1,working,car,home,6055.143880411356,5050.666938624947,city,4771.159705068488,7798.325282355149,2.88,36.143,33.263,COMPLETED,0,0,0
Person_7499,Person_7499_1,working,car,home,6566.3804866606315,4246.399142632791,city,10159.910029921817,195.30711077929786,2.88,36.143,33.263,COMPLETED,0,0,0
Person_9709,Person_9709_1,working,car,home,5752.027009700019,2527.8800218133824,city,10159.910029921817,195.30711077929786,2.88,36.143,33.263,COMPLETED,0,0,0
Person_9489,Person_9489_1,working,car,home,10159.910029921817,195.30711077929786,yes,5756.220676905608,648.0983341869061,2.88,37.042,34.162,COMPLETED,0,0,0
Person_763,Person_763_1,working,car,home,5660.583539366797,4579.601257046739,city,10159.910029921817,195.30711077929786,2.88,37.941,35.061,COMPLETED,0,0,0
Person_1233,Person_1233_1,working,car,home,6972.413404180358,3815.5456373164006,city,10159.910029921817,195.30711077929786,2.88,37.941,35.061,COMPLETED,0,0,0
Person_337,Person_337_1,working,car,home,6400.3252128934055,3675.024317694928,city,8982.539674594882,6224.04271922478,3.779,37.941,34.162000000000006,COMPLETED,0,0,0
Person_6731,Person_6731_1,working,car,home,7699.126159962138,4963.795842864526,city,10159.910029921817,195.30711077929786,2.88,38.84,35.96,COMPLETED,0,0,0
Person_1112,Person_1112_1,working,car,home,5468.732665668847,2315.6650480398207,kindergarten,8814.275893347078,2600.603644607052,3.779,39.739,35.959999999999994,COMPLETED,0,0,0
Person_2053,Person_2053_1,working,car,home,8317.85012696902,3935.950001290835,city,10159.910029921817,195.30711077929786,2.88,40.638,37.757999999999996,COMPLETED,0,0,0
Person_8882,Person_8882_1,working,car,home,4771.159705068488,7798.325282355149,university,5901.5627362491805,2994.702412765903,2.88,40.638,37.757999999999996,COMPLETED,0,0,0
Person_2161,Person_2161_1,working,car,home,10159.910029921817,195.30711077929786,yes,7422.7545325805395,3503.8353494338126,2.88,41.537,38.657,COMPLETED,0,0,0
Person_9947,Person_9947_1,working,car,home,6610.301060949495,4464.3857544521015,city,10159.910029921817,195.30711077929786,2.88,42.436,39.556,COMPLETED,0,0,0
Person_5425,Person_5425_1,working,car,home,6726.449270288203,4170.804743487382,university,6451.821586100195,3200.551272926657,2.88,43.335,40.455,COMPLETED,0,0,0
Person_5881,Person_5881_1,working,car,home,7526.869935630663,5265.856183555259,city,10159.910029921817,195.30711077929786,2.88,43.335,40.455,COMPLETED,0,0,0
Person_9315,Person_9315_1,working,car,home,8002.264115931081,3683.117157405234,university,5908.061135515454,2983.961702940033,2.88,44.234,41.354,COMPLETED,0,0,0
Person_283,Person_283_1,working,car,home,6227.353657692988,2817.994650329298,university,6451.821586100195,3200.551272926657,2.88,45.133,42.253,COMPLETED,0,0,0
Person_5968,Person_5968_1,working,car,home,5251.212005626953,4508.34762636877,school,6178.314596811026,2972.721994299326,2.88,45.133,42.253,COMPLETED,0,0,0
Person_2457,Person_2457_1,working,car,home,5573.992969390089,4876.183365615902,city,10159.910029921817,195.30711077929786,2.88,46.032,43.151999999999994,COMPLETED,0,0,0
Person_3090,Person_3090_1,working,car,home,6097.741665378329,3732.6083911608457,university,6451.821586100195,3200.551272926657,2.88,47.83,44.949999999999996,COMPLETED,0,0,0
Person_5197,Person_5197_1,working,car,home,10159.910029921817,195.30711077929786,university,6839.399852089795,3585.511730890991,2.88,47.83,44.949999999999996,COMPLETED,0,0,0
Person_5521,Person_5521_1,working,car,home,5606.657967082025,4837.435060520415,city,10159.910029921817,195.30711077929786,2.88,47.83,44.949999999999996,COMPLETED,0,0,0
Person_1632,Person_1632_1,working,car,home,6617.70873025327,3993.581549027121,city,10159.910029921817,195.30711077929786,2.88,48.729,45.849,COMPLETED,0,0,0
Person_7199,Person_7199_1,working,car,home,4065.2060983642004,1289.6729660000035,yes,6493.830174414435,3690.790031753145,2.88,48.729,45.849,COMPLETED,0,0,0
Person_7945,Person_7945_1,working,car,home,4065.2060983642004,1289.6729660000035,kindergarten,9080.274888624233,2485.4357551968696,2.88,50.527,47.647,COMPLETED,0,0,0
Person_2247,Person_2247_1,working,car,home,7034.363186481436,4087.023132360584,city,10159.910029921817,195.30711077929786,2.88,51.426,48.546,COMPLETED,0,0,0
Person_3740,Person_3740_1,working,car,home,7293.067372756038,4788.764186046939,city,10159.910029921817,195.30711077929786,2.88,51.426,48.546,COMPLETED,0,0,0
Person_3516,Person_3516_1,working,car,home,7218.0446714835425,3460.152259019104,university,8680.422548567441,1236.9101943957473,2.88,53.224,50.343999999999994,COMPLETED,0,0,0
Person_5053,Person_5053_1,working,car,home,7042.080826557803,4222.176918520679,city,10159.910029921817,195.30711077929786,2.88,54.123,51.242999999999995,COMPLETED,0,0,0
Person_5954,Person_5954_1,working,car,home,10159.910029921817,195.30711077929786,yes,6907.764367093506,2961.165832707904,2.88,55.022,52.141999999999996,COMPLETED,0,0,0
Person_8925,Person_8925_1,working,car,home,8092.4424099360085,4002.0659959651725,city,10159.910029921817,195.30711077929786,2.88,59.517,56.637,COMPLETED,0,0,0
Person_1268,Person_1268_1,working,car,home,5704.112457953771,706.9851111434141,city,10159.910029921817,195.30711077929786,2.88,60.416,57.535999999999994,COMPLETED,0,0,0
Person_9768,Person_9768_1,working,car,home,5535.371454638681,2600.6699994344876,city,10159.910029921817,195.30711077929786,2.88,60.416,57.535999999999994,COMPLETED,0,0,0
Person_3398,Person_3398_1,working,train,home,6323.56056667217,2773.1582843630463,,6383.066520287023,4062.6484057004186,62.214,62.214,0.0,COMPLETED,0,0,0
Person_8775,Person_8775_1,working,car,home,7643.737025680254,3215.2155674697274,city,10159.910029921817,195.30711077929786,2.88,63.113,60.233,COMPLETED,0,0,0
Person_806,Person_806_1,working,car,home,10159.910029921817,195.30711077929786,industrial,8081.625287923978,4866.062948081171,3.779,63.113,59.334,COMPLETED,0,0,0
Person_227,Person_227_1,working,car,home,4771.159705068488,7798.325282355149,university,6451.821586100195,3200.551272926657,2.88,64.911,62.031,COMPLETED,0,0,0
Person_8436,Person_8436_1,working,car,home,4771.159705068488,7798.325282355149,university,6753.286006283763,3714.7935438899995,2.88,64.911,62.031,COMPLETED,0,0,0
Person_6132,Person_6132_1,working,car,home,10159.910029921817,195.30711077929786,yes,7680.731739562315,4948.896470724149,2.88,72.103,69.223,COMPLETED,0,0,0
Person_8994,Person_8994_1,working,car,home,7769.111094757787,3728.951767963062,city,10159.910029921817,195.30711077929786,2.88,72.103,69.223,COMPLETED,0,0,0
Person_2409,Person_2409_1,working,car,home,6831.98864963973,3212.7463544369707,city,10159.910029921817,195.30711077929786,62.214,73.901,11.686999999999998,COMPLETED,0,0,0
Person_7571,Person_7571_1,working,car,home,10159.910029921817,195.30711077929786,yes,5449.062305180918,849.9023992445867,2.88,74.8,71.92,COMPLETED,0,0,0
Person_141,Person_141_1,working,car,home,6832.623055428168,3870.9587020912645,school,8307.13205408836,3086.352864703455,2.88,75.699,72.819,COMPLETED,0,0,0
Person_8967,Person_8967_1,working,car,home,10159.910029921817,195.30711077929786,industrial,4066.8266235847577,1596.8501020475437,2.88,75.699,72.819,COMPLETED,0,0,0
Person_7614,Person_7614_1,working,car,home,8408.363735995035,3782.290967791072,city,10159.910029921817,195.30711077929786,2.88,79.295,76.415,COMPLETED,0,0,0
Person_4619,Person_4619_1,working,car,home,7862.372944791533,3411.984174087949,city,10159.910029921817,195.30711077929786,2.88,81.093,78.21300000000001,COMPLETED,0,0,0
Person_1952,Person_1952_1,working,car,home,4461.053608232054,5759.180058123182,city,10159.910029921817,195.30711077929786,2.88,81.992,79.11200000000001,COMPLETED,0,0,0
Person_3038,Person_3038_1,working,car,home,7203.282802355821,3623.1195411738445,university,6753.286006283763,3714.7935438899995,2.88,82.891,80.01100000000001,COMPLETED,0,0,0
Person_1502,Person_1502_1,working,car,home,7849.625155333954,3121.82938554597,university,5908.061135515454,2983.961702940033,2.88,83.79,80.91000000000001,COMPLETED,0,0,0
Person_7621,Person_7621_1,working,car,home,8982.539674594882,6224.04271922478,yes,5703.338276457153,613.5818117814027,2.88,83.79,80.91000000000001,COMPLETED,0,0,0
Person_5024,Person_5024_1,working,car,home,10159.910029921817,195.30711077929786,university,5872.083656560459,2982.14688861395,2.88,85.588,82.708,COMPLETED,0,0,0
Person_2120,Person_2120_1,working,car,home,126.82488358348685,4319.6356930350885,university,5901.5627362491805,2994.702412765903,2.88,86.487,83.607,COMPLETED,0,0,0
Person_7028,Person_7028_1,working,car,home,8871.431341294121,2508.3869430096033,university,8680.422548567441,1236.9101943957473,2.88,86.487,83.607,COMPLETED,0,0,0
Person_651,Person_651_1,working,car,home,5390.713194894974,5589.016054041392,city,10159.910029921817,195.30711077929786,2.88,88.285,85.405,COMPLETED,0,0,0
Person_5452,Person_5452_1,working,car,home,8991.283177024254,3349.852546304873,city,10159.910029921817,195.30711077929786,2.88,88.285,85.405,COMPLETED,0,0,0
Person_5555,Person_5555_1,working,car,home,10159.910029921817,195.30711077929786,industrial,4053.016345318679,1609.628532571799,2.88,88.285,85.405,COMPLETED,0,0,0
Person_4160,Person_4160_1,working,car,home,10159.910029921817,195.30711077929786,school,8930.382961603776,3399.952793477875,2.88,90.083,87.203,COMPLETED,0,0,0
Person_5080,Person_5080_1,working,car,home,4771.159705068488,7798.325282355149,industrial,9582.127428250342,3860.354335203731,2.88,90.982,88.102,COMPLETED,0,0,0
Person_6697,Person_6697_1,working,car,home,5634.918162309356,2277.4422318431084,city,10159.910029921817,195.30711077929786,2.88,90.982,88.102,COMPLETED,0,0,0
Person_1832,Person_1832_1,working,car,home,7215.21283753448,4046.3802123035293,city,4771.159705068488,7798.325282355149,3.779,90.982,87.203,COMPLETED,0,0,0
Person_706,Person_706_1,working,car,home,7626.027257894028,3854.1388438853305,city,10159.910029921817,195.30711077929786,2.88,91.881,89.001,COMPLETED,0,0,0
Person_2608,Person_2608_1,working,car,home,7039.065313641173,4071.900402316716,university,6897.893782272236,3752.9120240344228,2.88,94.578,91.69800000000001,COMPLETED,0,0,0
Person_9039,Person_9039_1,working,car,home,6468.542532715082,3705.2642128097605,kindergarten,9080.274888624233,2485.4357551968696,62.214,94.578,32.364000000000004,COMPLETED,0,0,0
Person_7439,Person_7439_1,working,car,home,10159.910029921817,195.30711077929786,yes,7132.971517329137,7787.2484034425825,3.779,95.477,91.69800000000001,COMPLETED,0,0,0
Person_8854,Person_8854_1,working,car,home,126.82488358348685,4319.6356930350885,yes,7900.886405678909,1612.9171889865409,2.88,96.376,93.49600000000001,COMPLETED,0,0,0
Person_50,Person_50_1,working,car,home,6840.798877258688,3920.1499913350162,city,8982.539674594882,6224.04271922478,2.88,98.174,95.29400000000001,COMPLETED,0,0,0
Person_2940,Person_2940_1,working,car,home,10159.910029921817,195.30711077929786,university,6897.893782272236,3752.9120240344228,2.88,99.073,96.193,COMPLETED,0,0,0
Person_3510,Person_3510_1,working,car,home,5713.1373059160405,1017.1465212361404,city,10159.910029921817,195.30711077929786,2.88,99.972,97.092,COMPLETED,0,0,0
Person_5897,Person_5897_1,working,car,home,5564.213097531963,583.5374651416263,city,10159.910029921817,195.30711077929786,2.88,100.871,97.991,COMPLETED,0,0,0
Person_5687,Person_5687_1,working,car,home,6057.044744260315,1076.520538655645,city,10159.910029921817,195.30711077929786,2.88,103.568,100.688,COMPLETED,0,0,0
Person_1375,Person_1375_1,working,car,home,7274.975433015523,4071.0559169260137,city,10159.910029921817,195.30711077929786,2.88,104.467,101.587,COMPLETED,0,0,0
Person_9782,Person_9782_1,working,car,home,10159.910029921817,195.30711077929786,university,6897.893782272236,3752.9120240344228,2.88,106.265,103.385,COMPLETED,0,0,0
Person_4964,Person_4964_1,working,car,home,4917.143330160337,5643.175119436304,city,10159.910029921817,195.30711077929786,62.214,108.962,46.748000000000005,COMPLETED,0,0,0
Person_1782,Person_1782_1,working,car,home,6752.555221572929,5095.6086048567695,university,6850.81127161198,3522.934095561738,2.88,111.659,108.77900000000001,COMPLETED,0,0,0
Person_149,Person_149_1,working,car,home,7645.472607030354,3929.478241219819,city,10159.910029921817,195.30711077929786,2.88,115.255,112.375,COMPLETED,0,0,0
Person_4691,Person_4691_1,working,car,home,4771.159705068488,7798.325282355149,yes,7645.700571448753,5305.516603945917,2.88,117.053,114.173,COMPLETED,0,0,0
Person_5420,Person_5420_1,working,car,home,10159.910029921817,195.30711077929786,school,8972.939282807172,3411.125914588914,2.88,117.053,114.173,COMPLETED,0,0,0
Person_3856,Person_3856_1,working,train,home,8368.137262524244,3563.1127438754665,,8351.70415135049,2763.8378920000764,122.447,122.447,0.0,COMPLETED,0,0,0
Person_8924,Person_8924_1,working,car,home,7738.372245194332,4939.281538046171,city,10159.910029921817,195.30711077929786,2.88,123.346,120.46600000000001,COMPLETED,0,0,0
Person_2848,Person_2848_1,working,car,home,8809.666643538927,2584.4604355062893,city,10159.910029921817,195.30711077929786,3.779,123.346,119.56700000000001,COMPLETED,0,0,0
Person_120,Person_120_1,working,car,home,7663.398252295789,3571.294844964172,city,10159.910029921817,195.30711077929786,2.88,127.841,124.961,COMPLETED,0,0,0
Person_6041,Person_6041_1,working,car,home,9178.256256635525,3405.8314934758005,city,10159.910029921817,195.30711077929786,2.88,127.841,124.961,COMPLETED,0,0,0
Person_2181,Person_2181_1,working,car,home,6360.89411232984,3925.7586598254497,city,10159.910029921817,195.30711077929786,3.779,128.74,124.96100000000001,COMPLETED,0,0,0
Person_1534,Person_1534_1,working,car,home,8059.25349030418,3399.9611929635353,city,10159.910029921817,195.30711077929786,2.88,135.033,132.153,COMPLETED,0,0,0
Person_4596,Person_4596_1,working,car,home,7677.910553234859,3317.4967760317545,city,10159.910029921817,195.30711077929786,2.88,139.528,136.648,COMPLETED,0,0,0
Person_2373,Person_2373_1,working,car,home,4065.2060983642004,1289.6729660000035,industrial,6414.924539644618,890.5810680039352,2.88,140.427,137.547,COMPLETED,0,0,0
Person_6572,Person_6572_1,working,car,home,10159.910029921817,195.30711077929786,industrial,4030.7077340950905,1638.8929802515954,2.88,140.427,137.547,COMPLETED,0,0,0
Person_7652,Person_7652_1,working,car,home,7959.577798232945,4026.5729783307024,school,8736.543901314471,2818.0307806824885,122.447,142.225,19.77799999999999,COMPLETED,0,0,0
Person_5047,Person_5047_1,working,car,home,7056.555031329398,4265.108958879707,city,10159.910029921817,195.30711077929786,2.88,144.922,142.042,COMPLETED,0,0,0
Person_575,Person_575_1,working,car,home,10159.910029921817,195.30711077929786,yes,5695.220536059523,824.6719319187397,2.88,150.316,147.436,COMPLETED,0,0,0
Person_2437,Person_2437_1,working,car,home,7156.767761286903,3968.0415868029804,city,10159.910029921817,195.30711077929786,2.88,150.316,147.436,COMPLETED,0,0,0
Person_1628,Person_1628_1,working,car,home,6135.0540545435515,2529.955719847548,city,10159.910029921817,195.30711077929786,2.88,153.013,150.133,COMPLETED,0,0,0
Person_3712,Person_3712_1,working,car,home,6940.824275836552,3957.3007180241766,city,10159.910029921817,195.30711077929786,2.88,153.912,151.032,COMPLETED,0,0,0
Person_6810,Person_6810_1,working,car,home,8982.539674594882,6224.04271922478,yes,7377.601090666118,2483.486659820373,2.88,153.912,151.032,COMPLETED,0,0,0
Person_3263,Person_3263_1,working,car,home,7823.617102854583,3929.8305017961857,city,10159.910029921817,195.30711077929786,122.447,154.811,32.364000000000004,COMPLETED,0,0,0
Person_7729,Person_7729_1,working,car,home,6203.4626055470835,4476.198329285883,university,5872.083656560459,2982.14688861395,2.88,155.71,152.83,COMPLETED,0,0,0
Person_554,Person_554_1,working,car,home,8982.539674594882,6224.04271922478,industrial,7826.630567256406,4686.796115820553,122.447,155.71,33.263000000000005,COMPLETED,0,0,0
Person_5508,Person_5508_1,working,car,home,6234.1443224215645,3574.660244523989,city,10159.910029921817,195.30711077929786,2.88,158.407,155.52700000000002,COMPLETED,0,0,0
Person_1573,Person_1573_1,working,car,home,5684.964397866608,2270.2799940161067,city,10159.910029921817,195.30711077929786,2.88,160.205,157.32500000000002,COMPLETED,0,0,0
Person_347,Person_347_1,working,car,home,7990.292166060544,3469.452131005288,city,10159.910029921817,195.30711077929786,122.447,160.205,37.75800000000001,COMPLETED,0,0,0
Person_8118,Person_8118_1,working,car,home,10159.910029921817,195.30711077929786,yes,7677.582305871152,4902.783831520505,2.88,161.104,158.22400000000002,COMPLETED,0,0,0
Person_1364,Person_1364_1,working,car,home,5750.582290870889,2591.898545885106,city,10159.910029921817,195.30711077929786,3.779,162.003,158.224,COMPLETED,0,0,0
Person_3063,Person_3063_1,working,car,home,10159.910029921817,195.30711077929786,yes,6009.280923213034,3718.6480138001284,2.88,163.801,160.921,COMPLETED,0,0,0
Person_4807,Person_4807_1,working,car,home,8865.266906183851,2852.546134052312,city,10159.910029921817,195.30711077929786,2.88,167.397,164.517,COMPLETED,0,0,0
Person_3571,Person_3571_1,working,car,home,6082.30952860117,5629.016546095914,university,5872.083656560459,2982.14688861395,2.88,168.296,165.416,COMPLETED,0,0,0
Person_6841,Person_6841_1,working,car,home,126.82488358348685,4319.6356930350885,yes,6876.966132941862,4319.590893649213,2.88,169.195,166.315,COMPLETED,0,0,0
Person_7225,Person_7225_1,working,car,home,8995.729279670137,2618.5997957246336,city,10159.910029921817,195.30711077929786,2.88,169.195,166.315,COMPLETED,0,0,0
Person_8229,Person_8229_1,working,car,home,10159.910029921817,195.30711077929786,school,7672.964929315058,4256.21355070374,2.88,171.892,169.012,COMPLETED,0,0,0
Person_1193,Person_1193_1,working,car,home,6553.687498699766,4320.545909079517,university,6839.399852089795,3585.511730890991,2.88,176.387,173.507,COMPLETED,0,0,0
Person_1716,Person_1716_1,working,car,home,8982.539674594882,6224.04271922478,school,6228.590221566115,4781.895669395267,2.88,178.185,175.305,COMPLETED,0,0,0
Person_4015,Person_4015_1,working,car,home,5996.097040576618,2685.030938413481,city,10159.910029921817,195.30711077929786,2.88,179.983,177.103,COMPLETED,0,0,0
Person_4552,Person_4552_1,working,train,home,8368.137262524244,3563.1127438754665,,8351.70415135049,2763.8378920000764,182.68,182.68,0.0,COMPLETED,0,0,0
Person_5354,Person_5354_1,working,car,home,6525.197006640755,4328.3694219597055,school,9098.085856493626,3537.613979535089,2.88,186.276,183.39600000000002,COMPLETED,0,0,0
Person_5369,Person_5369_1,working,car,home,126.82488358348685,4319.6356930350885,yes,6714.046932549196,3929.056891145951,2.88,190.771,187.891,COMPLETED,0,0,0
Person_9353,Person_9353_1,working,car,home,10159.910029921817,195.30711077929786,yes,6945.4059910942815,3856.0580278090792,2.88,193.468,190.588,COMPLETED,0,0,0
Person_696,Person_696_1,working,car,home,10159.910029921817,195.30711077929786,yes,6662.706995945215,4092.226485059008,2.88,194.367,191.487,COMPLETED,0,0,0
Person_1629,Person_1629_1,working,car,home,6135.0540545435515,2529.955719847548,city,10159.910029921817,195.30711077929786,2.88,195.266,192.386,COMPLETED,0,0,0
Person_2513,Person_2513_1,working,car,home,4065.2060983642004,1289.6729660000035,yes,8557.83828353806,1128.7269359507734,2.88,197.963,195.083,COMPLETED,0,0,0
Person_1852,Person_1852_1,working,car,home,6210.75212112959,3412.004642432957,city,4771.159705068488,7798.325282355149,2.88,200.66,197.78,COMPLETED,0,0,0
Person_4244,Person_4244_1,working,car,home,8817.27735594095,2466.6359378782918,city,10159.910029921817,195.30711077929786,182.68,208.751,26.070999999999998,COMPLETED,0,0,0
Person_8659,Person_8659_1,working,car,home,8664.047130682986,2306.29301302793,city,10159.910029921817,195.30711077929786,2.88,209.65,206.77,COMPLETED,0,0,0
Person_5385,Person_5385_1,working,car,home,8017.280176445916,2510.349096074163,city,8982.539674594882,6224.04271922478,2.88,211.448,208.568,COMPLETED,0,0,0
Person_5351,Person_5351_1,working,car,home,6784.498719110564,4469.542340164066,university,6980.17060882167,3727.0047244733337,182.68,213.246,30.566000000000003,COMPLETED,0,0,0
Person_997,Person_997_1,working,car,home,5667.011827129045,4544.006317215171,city,10159.910029921817,195.30711077929786,2.88,214.145,211.26500000000001,COMPLETED,0,0,0
Person_9853,Person_9853_1,working,car,home,10159.910029921817,195.30711077929786,industrial,6406.833032707632,836.7148050197659,2.88,219.539,216.659,COMPLETED,0,0,0
Person_298,Person_298_1,working,car,home,7497.910905393519,3481.130897957555,university,6980.17060882167,3727.0047244733337,2.88,222.236,219.356,COMPLETED,0,0,0
Person_5001,Person_5001_1,working,car,home,6421.1215883545265,3284.5648249270503,city,8982.539674594882,6224.04271922478,2.88,222.236,219.356,COMPLETED,0,0,0
Person_779,Person_779_1,working,car,home,7586.247872389127,5402.37444462156,city,10159.910029921817,195.30711077929786,2.88,224.034,221.154,COMPLETED,0,0,0
Person_7493,Person_7493_1,working,car,home,5148.518178760307,5831.808804130667,city,10159.910029921817,195.30711077929786,2.88,224.034,221.154,COMPLETED,0,0,0
Person_4934,Person_4934_1,working,car,home,8982.539674594882,6224.04271922478,yes,7796.529175355704,2449.2896071440814,2.88,226.731,223.851,COMPLETED,0,0,0
Person_9108,Person_9108_1,working,car,home,7021.146029135413,4571.461829949241,city,4771.159705068488,7798.325282355149,2.88,227.63,224.75,COMPLETED,0,0,0
Person_859,Person_859_1,working,car,home,7576.998199075092,3493.677121426937,school,8441.599383855953,4102.084838942637,2.88,231.226,228.346,COMPLETED,0,0,0
Person_3265,Person_3265_1,working,car,home,8209.388418163728,3185.1444401437284,university,5872.083656560459,2982.14688861395,2.88,231.226,228.346,COMPLETED,0,0,0
Person_5337,Person_5337_1,working,car,home,4714.211222091743,5517.111042161556,city,10159.910029921817,195.30711077929786,2.88,231.226,228.346,COMPLETED,0,0,0
Person_8125,Person_8125_1,working,car,home,5568.844065987926,4577.85920210948,city,10159.910029921817,195.30711077929786,2.88,231.226,228.346,COMPLETED,0,0,0
Person_9236,Person_9236_1,working,car,home,10159.910029921817,195.30711077929786,commercial,8335.62436245163,3390.3889592162413,2.88,231.226,228.346,COMPLETED,0,0,0
Person_1783,Person_1783_1,working,car,home,8982.539674594882,6224.04271922478,yes,5697.862941178259,860.0122361849077,2.88,235.721,232.841,COMPLETED,0,0,0
Person_4706,Person_4706_1,working,car,home,8020.901297555459,3836.381827637293,city,10159.910029921817,195.30711077929786,2.88,237.519,234.639,COMPLETED,0,0,0
Person_9199,Person_9199_1,working,car,home,8010.898080993342,3891.3764582845056,city,10159.910029921817,195.30711077929786,2.88,240.216,237.336,COMPLETED,0,0,0
Person_7927,Person_7927_1,working,train,home,5955.022632563673,2612.62644267796,,6383.066520287023,4062.6484057004186,242.014,242.014,0.0,COMPLETED,0,0,0
Person_8106,Person_8106_1,working,car,home,8982.539674594882,6224.04271922478,university,5887.791508799354,2982.146731596164,2.88,245.61,242.73000000000002,COMPLETED,0,0,0
Person_4193,Person_4193_1,working,car,home,4771.159705068488,7798.325282355149,school,7526.775593773133,4035.0478456201936,2.88,248.307,245.427,COMPLETED,0,0,0
Person_9778,Person_9778_1,working,car,home,10159.910029921817,195.30711077929786,yes,5742.608021786932,922.3083751718613,2.88,248.307,245.427,COMPLETED,0,0,0
Person_1958,Person_1958_1,working,car,home,7992.9256386854095,2938.386867437729,city,10159.910029921817,195.30711077929786,122.447,249.206,126.75899999999999,COMPLETED,0,0,0
Person_7749,Person_7749_1,working,car,home,5771.738376099264,4900.518313150147,city,10159.910029921817,195.30711077929786,2.88,254.6,251.72,COMPLETED,0,0,0
Person_1776,Person_1776_1,working,car,home,6783.972128571844,4749.479275228717,city,10159.910029921817,195.30711077929786,182.68,254.6,71.91999999999999,COMPLETED,0,0,0
Person_313,Person_313_1,working,car,home,6142.26097611414,2312.6892897163275,city,10159.910029921817,195.30711077929786,62.214,259.994,197.78000000000003,COMPLETED,0,0,0
Person_799,Person_799_1,working,car,home,6869.599206246467,3920.6507203721208,city,10159.910029921817,195.30711077929786,2.88,260.893,258.013,COMPLETED,0,0,0
Person_9008,Person_9008_1,working,car,home,10159.910029921817,195.30711077929786,yes,7154.357377786727,2021.1738029695236,242.014,260.893,18.878999999999962,COMPLETED,0,0,0
Person_9631,Person_9631_1,working,car,home,8982.539674594882,6224.04271922478,yes,6209.710881817168,3589.4456118407693,2.88,261.792,258.912,COMPLETED,0,0,0
Person_8199,Person_8199_1,working,car,home,7709.203272655459,1728.1098802323997,city,10159.910029921817,195.30711077929786,2.88,263.59,260.71,COMPLETED,0,0,0
Person_6496,Person_6496_1,working,car,home,4771.159705068488,7798.325282355149,yes,6418.68644321111,3445.3178607193977,2.88,267.186,264.306,COMPLETED,0,0,0
Person_7519,Person_7519_1,working,car,home,10159.910029921817,195.30711077929786,school,7986.113893908355,4246.609318443733,3.779,267.186,263.407,COMPLETED,0,0,0
Person_688,Person_688_1,working,car,home,6801.045478532269,4013.378983575692,city,10159.910029921817,195.30711077929786,2.88,268.984,266.104,COMPLETED,0,0,0
Person_6084,Person_6084_1,working,car,home,8867.139001825277,1116.4853532413158,city,10159.910029921817,195.30711077929786,2.88,268.984,266.104,COMPLETED,0,0,0
Person_5175,Person_5175_1,working,car,home,6829.958893715733,4097.893303392171,city,10159.910029921817,195.30711077929786,2.88,269.883,267.003,COMPLETED,0,0,0
Person_7915,Person_7915_1,working,car,home,3814.537386749052,3041.4551856471826,city,10159.910029921817,195.30711077929786,2.88,269.883,267.003,COMPLETED,0,0,0
Person_4614,Person_4614_1,working,car,home,7962.702312714737,4343.677561745163,city,10159.910029921817,195.30711077929786,2.88,272.58,269.7,COMPLETED,0,0,0
Person_8181,Person_8181_1,working,car,home,5669.273917399243,3042.582295922811,city,10159.910029921817,195.30711077929786,2.88,272.58,269.7,COMPLETED,0,0,0
Person_7268,Person_7268_1,working,car,home,10159.910029921817,195.30711077929786,yes,6908.057534379142,1940.9208299059803,182.68,273.479,90.79899999999998,COMPLETED,0,0,0
Person_2841,Person_2841_1,working,car,home,5894.380443400159,2639.7074685804823,university,5887.791508799354,2982.146731596164,242.014,275.277,33.26299999999998,COMPLETED,0,0,0
Person_4371,Person_4371_1,working,car,home,4065.2060983642004,1289.6729660000035,university,5908.061135515454,2983.961702940033,242.014,277.075,35.06099999999998,COMPLETED,0,0,0
Person_9612,Person_9612_1,working,car,home,6675.421306184889,3168.9797187436598,city,10159.910029921817,195.30711077929786,242.014,277.075,35.06099999999998,COMPLETED,0,0,0
Person_9686,Person_9686_1,working,car,home,5671.518269212749,2531.8551943649427,school,6178.314596811026,2972.721994299326,2.88,277.974,275.094,COMPLETED,0,0,0
Person_1538,Person_1538_1,working,car,home,126.82488358348685,4319.6356930350885,yes,4898.851426353788,5601.173281850737,2.88,278.873,275.993,COMPLETED,0,0,0
Person_8023,Person_8023_1,working,car,home,7099.311739066611,1994.6483282616962,city,10159.910029921817,195.30711077929786,122.447,278.873,156.426,COMPLETED,0,0,0
Person_2547,Person_2547_1,working,car,home,7845.552267177954,4075.3162345632386,university,6980.17060882167,3727.0047244733337,2.88,280.671,277.791,COMPLETED,0,0,0
Person_2087,Person_2087_1,working,car,home,126.82488358348685,4319.6356930350885,university,6753.286006283763,3714.7935438899995,2.88,281.57,278.69,COMPLETED,0,0,0
Person_6229,Person_6229_1,working,car,home,5591.938744506887,4932.802524615849,city,10159.910029921817,195.30711077929786,182.68,282.469,99.78899999999999,COMPLETED,0,0,0
Person_1074,Person_1074_1,working,car,home,4613.955675076081,5899.716954119442,school,8067.006196624861,3738.189414676249,2.88,285.166,282.286,COMPLETED,0,0,0
Person_4545,Person_4545_1,working,car,home,8982.539674594882,6224.04271922478,yes,5230.724476291324,4951.085842438727,242.014,285.166,43.15199999999999,COMPLETED,0,0,0
Person_8062,Person_8062_1,working,car,home,7174.0030129304205,3614.8301998425504,university,6980.17060882167,3727.0047244733337,182.68,286.065,103.38499999999999,COMPLETED,0,0,0
Person_6912,Person_6912_1,working,car,home,7422.7545325805395,3503.8353494338126,city,10159.910029921817,195.30711077929786,182.68,287.863,105.18299999999999,COMPLETED,0,0,0
Person_856,Person_856_1,working,car,home,10159.910029921817,195.30711077929786,yes,7025.482411352052,1934.2704540274965,2.88,290.56,287.68,COMPLETED,0,0,0
Person_4640,Person_4640_1,working,car,home,6053.432699596787,5584.7075793923,city,10159.910029921817,195.30711077929786,2.88,292.358,289.478,COMPLETED,0,0,0
Person_5818,Person_5818_1,working,car,home,10159.910029921817,195.30711077929786,yes,5686.044624547275,566.6055534938797,182.68,292.358,109.678,COMPLETED,0,0,0
Person_1514,Person_1514_1,working,car,home,8219.41942862394,2976.4166861768563,city,10159.910029921817,195.30711077929786,2.88,293.257,290.377,COMPLETED,0,0,0
Person_3515,Person_3515_1,working,car,home,7218.0446714835425,3460.152259019104,city,10159.910029921817,195.30711077929786,2.88,295.055,292.175,COMPLETED,0,0,0
Person_9427,Person_9427_1,working,car,home,7729.9124188337855,4438.038809987883,university,6753.286006283763,3714.7935438899995,62.214,295.055,232.841,COMPLETED,0,0,0
Person_4944,Person_4944_1,working,car,home,7724.7896685315,4955.834098105764,city,10159.910029921817,195.30711077929786,2.88,299.55,296.67,COMPLETED,0,0,0
Person_5740,Person_5740_1,working,car,home,4771.159705068488,7798.325282355149,school,8441.599383855953,4102.084838942637,2.88,303.146,300.266,COMPLETED,0,0,0
Person_1008,Person_1008_1,working,car,home,5611.333152684835,711.4964143738904,university,6980.17060882167,3727.0047244733337,2.88,306.742,303.862,COMPLETED,0,0,0
Person_3693,Person_3693_1,working,car,home,10159.910029921817,195.30711077929786,yes,7131.319409331336,1900.6214384931664,2.88,311.237,308.357,COMPLETED,0,0,0
Person_710,Person_710_1,working,car,home,7047.487866733965,1871.9866685069178,university,5872.083656560459,2982.14688861395,2.88,313.035,310.15500000000003,COMPLETED,0,0,0
Person_2330,Person_2330_1,working,car,home,8338.646844392764,3272.618961856206,university,6451.821586100195,3200.551272926657,2.88,313.934,311.05400000000003,COMPLETED,0,0,0
Person_5469,Person_5469_1,working,car,home,8278.046624835597,2951.201520399413,city,10159.910029921817,195.30711077929786,2.88,315.732,312.85200000000003,COMPLETED,0,0,0
Person_2201,Person_2201_1,working,car,home,6777.3616701851615,4166.41347428811,city,4771.159705068488,7798.325282355149,2.88,318.429,315.549,COMPLETED,0,0,0
Person_7360,Person_7360_1,working,car,home,6307.007116305123,4407.453725825244,city,10159.910029921817,195.30711077929786,2.88,321.126,318.246,COMPLETED,0,0,0
Person_495,Person_495_1,working,car,home,7959.577798232945,4026.5729783307024,city,10159.910029921817,195.30711077929786,302.247,322.025,19.777999999999963,COMPLETED,0,0,0
Person_6592,Person_6592_1,working,car,home,4065.2060983642004,1289.6729660000035,yes,7706.122697552771,4966.49226253931,2.88,326.52,323.64,COMPLETED,0,0,0
Person_4399,Person_4399_1,working,car,home,5297.780989487514,5099.869153657053,city,812.749230267771,6686.310237051298,2.88,328.318,325.438,COMPLETED,0,0,0
Person_6712,Person_6712_1,working,car,home,5706.953065895799,678.9838419783472,city,4771.159705068488,7798.325282355149,2.88,328.318,325.438,COMPLETED,0,0,0
Person_8766,Person_8766_1,working,car,home,4771.159705068488,7798.325282355149,retail,6041.550563462411,7309.96717508024,2.88,331.015,328.135,COMPLETED,0,0,0
Person_3423,Person_3423_1,working,car,home,5947.006782135497,2928.5787623331694,city,10159.910029921817,195.30711077929786,2.88,331.914,329.034,COMPLETED,0,0,0
Person_1606,Person_1606_1,working,car,home,7674.495725364777,3707.270061093272,city,10159.910029921817,195.30711077929786,302.247,331.914,29.666999999999973,COMPLETED,0,0,0
Person_2175,Person_2175_1,working,car,home,8982.539674594882,6224.04271922478,industrial,9444.944690647531,3903.6764885993207,2.88,332.813,329.933,COMPLETED,0,0,0
Person_5150,Person_5150_1,working,car,home,10211.188824625317,2980.486609022549,city,10159.910029921817,195.30711077929786,2.88,334.611,331.731,COMPLETED,0,0,0
Person_6180,Person_6180_1,working,car,home,8512.789708616081,1137.3017234732558,city,10159.910029921817,195.30711077929786,2.88,334.611,331.731,COMPLETED,0,0,0
Person_7264,Person_7264_1,working,car,home,10159.910029921817,195.30711077929786,industrial,7891.1188328616845,4633.705252825012,2.88,334.611,331.731,COMPLETED,0,0,0
Person_8658,Person_8658_1,working,car,home,8118.182224466719,3081.030445183965,university,8640.52148904632,1242.1470644446506,302.247,334.611,32.363999999999976,COMPLETED,0,0,0
Person_9487,Person_9487_1,working,car,home,7381.173345769208,4831.088540622304,city,10159.910029921817,195.30711077929786,122.447,336.409,213.962,COMPLETED,0,0,0
Person_9929,Person_9929_1,working,car,home,5466.988725679158,3189.6540079639567,university,5908.061135515454,2983.961702940033,62.214,339.106,276.892,COMPLETED,0,0,0
Person_8812,Person_8812_1,working,car,home,8164.850071718493,3534.447625675697,kindergarten,6894.377262739245,4562.107792110269,2.88,340.005,337.125,COMPLETED,0,0,0
Person_7462,Person_7462_1,working,walking,home,7059.122696122407,3848.6963348652416,university,6980.17060882167,3727.0047244733337,2.88,340.005,337.125,COMPLETED,0,0,0
Person_2593,Person_2593_1,working,car,home,10159.910029921817,195.30711077929786,yes,4065.0279592926017,1432.306987087364,2.88,342.702,339.822,COMPLETED,0,0,0
Person_1817,Person_1817_1,working,car,home,10159.910029921817,195.30711077929786,school,6749.755453020404,3273.529339912455,302.247,342.702,40.454999999999984,COMPLETED,0,0,0
Person_8151,Person_8151_1,working,car,home,126.82488358348685,4319.6356930350885,university,5901.5627362491805,2994.702412765903,2.88,343.601,340.721,COMPLETED,0,0,0
Person_8053,Person_8053_1,working,car,home,7603.389803054513,4996.899410754154,city,10159.910029921817,195.30711077929786,2.88,345.399,342.519,COMPLETED,0,0,0
Person_6844,Person_6844_1,working,car,home,8515.182725956676,1052.7956796451454,city,10159.910029921817,195.30711077929786,2.88,348.096,345.216,COMPLETED,0,0,0
Person_4878,Person_4878_1,working,car,home,5438.458071871273,2859.298824494808,city,10159.910029921817,195.30711077929786,242.014,348.096,106.082,COMPLETED,0,0,0
Person_3518,Person_3518_1,working,walking,home,6988.860046334969,3809.3690315022945,university,6753.286006283763,3714.7935438899995,2.88,348.995,346.115,COMPLETED,0,0,0
Person_3846,Person_3846_1,working,car,home,4771.159705068488,7798.325282355149,industrial,7308.177981322697,5200.3116493542075,2.88,352.591,349.711,COMPLETED,0,0,0
Person_632,Person_632_1,working,car,home,5907.438527107307,2605.7346574112066,university,5901.5627362491805,2994.702412765903,2.88,357.086,354.206,COMPLETED,0,0,0
Person_8804,Person_8804_1,working,car,home,8845.956411442907,2424.494882259835,city,10159.910029921817,195.30711077929786,2.88,357.985,355.105,COMPLETED,0,0,0
Person_267,Person_267_1,working,car,home,4842.281668111211,5282.1295670151085,city,4771.159705068488,7798.325282355149,302.247,359.783,57.536,COMPLETED,0,0,0
Person_634,Person_634_1,working,car,home,10159.910029921817,195.30711077929786,yes,7203.282802355821,3623.1195411738445,302.247,360.682,58.435,COMPLETED,0,0,0
Person_2217,Person_2217_1,working,car,home,7180.103400862268,4502.774827882842,city,8982.539674594882,6224.04271922478,2.88,362.48,359.6,COMPLETED,0,0,0
Person_3391,Person_3391_1,working,car,home,7976.9329195340315,2939.576750258471,city,10159.910029921817,195.30711077929786,2.88,362.48,359.6,COMPLETED,0,0,0
Person_3492,Person_3492_1,working,car,home,10159.910029921817,195.30711077929786,university,5901.5627362491805,2994.702412765903,242.014,362.48,120.46600000000001,COMPLETED,0,0,0
Person_2844,Person_2844_1,working,train,home,6599.608823344089,4759.089423161652,,6383.066520287023,4062.6484057004186,362.48,362.48,0.0,COMPLETED,0,0,0
Person_3217,Person_3217_1,working,car,home,7814.072620641945,2937.838223596505,city,10159.910029921817,195.30711077929786,2.88,363.379,360.499,COMPLETED,0,0,0
Person_2233,Person_2233_1,working,car,home,7699.338082882644,3849.314249456078,city,8982.539674594882,6224.04271922478,302.247,363.379,61.132000000000005,COMPLETED,0,0,0
Person_5828,Person_5828_1,working,car,home,6914.0771788846,1938.1818943651542,university,8640.52148904632,1242.1470644446506,2.88,365.177,362.297,COMPLETED,0,0,0
Person_1291,Person_1291_1,working,car,home,7849.625155333954,3121.82938554597,city,10159.910029921817,195.30711077929786,2.88,366.076,363.196,COMPLETED,0,0,0
Person_312,Person_312_1,working,car,home,6142.26097611414,2312.6892897163275,city,10159.910029921817,195.30711077929786,2.88,369.672,366.79200000000003,COMPLETED,0,0,0
Person_4728,Person_4728_1,working,car,home,4771.159705068488,7798.325282355149,yes,6872.408837630939,4374.3583985951955,3.779,370.571,366.79200000000003,COMPLETED,0,0,0
Person_3374,Person_3374_1,working,car,home,7577.197364410557,3764.314483886089,city,10159.910029921817,195.30711077929786,2.88,374.167,371.287,COMPLETED,0,0,0
Person_5722,Person_5722_1,working,car,home,6285.817360455962,3747.7923052664228,city,10159.910029921817,195.30711077929786,2.88,374.167,371.287,COMPLETED,0,0,0
Person_3454,Person_3454_1,working,car,home,7772.238746192564,3849.604082751432,city,10159.910029921817,195.30711077929786,2.88,375.066,372.186,COMPLETED,0,0,0
Person_4561,Person_4561_1,working,car,home,7652.729897550977,3197.684701214814,city,10159.910029921817,195.30711077929786,2.88,375.066,372.186,COMPLETED,0,0,0
Person_6902,Person_6902_1,working,car,home,7425.735289673054,4114.116886575603,university,5908.061135515454,2983.961702940033,2.88,375.066,372.186,COMPLETED,0,0,0
Person_5510,Person_5510_1,working,car,home,8386.30361823003,4804.023308759503,university,6753.286006283763,3714.7935438899995,122.447,376.864,254.41699999999997,COMPLETED,0,0,0
Person_7526,Person_7526_1,working,car,home,7711.8012772319935,3379.592142621142,city,10159.910029921817,195.30711077929786,2.88,377.763,374.883,COMPLETED,0,0,0
Person_2788,Person_2788_1,working,car,home,4065.2060983642004,1289.6729660000035,industrial,3960.676839327727,1808.4644828409448,2.88,379.561,376.681,COMPLETED,0,0,0
Person_1702,Person_1702_1,working,car,home,6108.8101637981135,2595.2054915200647,university,6451.821586100195,3200.551272926657,182.68,380.46,197.77999999999997,COMPLETED,0,0,0
Person_6429,Person_6429_1,working,car,home,7786.283008831253,5361.963155758642,city,10159.910029921817,195.30711077929786,242.014,380.46,138.44599999999997,COMPLETED,0,0,0
Person_2744,Person_2744_1,working,car,home,6596.392109601362,3559.171368825752,city,10159.910029921817,195.30711077929786,2.88,381.359,378.479,COMPLETED,0,0,0
Person_6642,Person_6642_1,working,car,home,10159.910029921817,195.30711077929786,yes,7038.542261757647,2015.192971050957,2.88,381.359,378.479,COMPLETED,0,0,0
Person_8267,Person_8267_1,working,car,home,7849.871114642055,3138.3158582561973,city,10159.910029921817,195.30711077929786,2.88,381.359,378.479,COMPLETED,0,0,0
Person_3910,Person_3910_1,working,car,home,8379.420270081337,3827.0536965306087,university,5901.5627362491805,2994.702412765903,2.88,383.157,380.277,COMPLETED,0,0,0
Person_2159,Person_2159_1,working,car,home,8433.398507870288,2504.211458010144,city,10159.910029921817,195.30711077929786,2.88,384.955,382.075,COMPLETED,0,0,0
Person_9344,Person_9344_1,working,car,home,8946.029933834878,2463.7143807410425,city,10159.910029921817,195.30711077929786,2.88,386.753,383.873,COMPLETED,0,0,0
Person_5666,Person_5666_1,working,car,home,8981.893128036843,2458.9806252975786,city,10159.910029921817,195.30711077929786,2.88,388.551,385.671,COMPLETED,0,0,0
Person_894,Person_894_1,working,car,home,5774.22590341257,892.9651675399981,university,6839.399852089795,3585.511730890991,362.48,389.45,26.96999999999997,COMPLETED,0,0,0
Person_9060,Person_9060_1,working,car,home,7883.573520095048,3229.2705679466108,city,10159.910029921817,195.30711077929786,2.88,393.046,390.166,COMPLETED,0,0,0
Person_9685,Person_9685_1,working,car,home,4771.159705068488,7798.325282355149,yes,7080.875063965604,3523.9620876559943,3.779,393.046,389.267,COMPLETED,0,0,0
Person_2784,Person_2784_1,working,car,home,7798.583055977031,3115.8254682023758,city,10159.910029921817,195.30711077929786,2.88,395.743,392.863,COMPLETED,0,0,0
Person_1622,Person_1622_1,working,car,home,10159.910029921817,195.30711077929786,kindergarten,8588.876066519004,2384.539250749051,2.88,397.541,394.661,COMPLETED,0,0,0
Person_846,Person_846_1,working,car,home,7992.9256386854095,2938.386867437729,city,10159.910029921817,195.30711077929786,2.88,399.339,396.459,COMPLETED,0,0,0
Person_307,Person_307_1,working,car,home,6224.076254574583,2462.5657416502304,city,10159.910029921817,195.30711077929786,2.88,400.238,397.358,COMPLETED,0,0,0
Person_4643,Person_4643_1,working,car,home,6356.63236335694,4421.296783244218,university,6980.17060882167,3727.0047244733337,2.88,401.137,398.257,COMPLETED,0,0,0
Person_5166,Person_5166_1,working,car,home,5568.178413063858,4398.422673064103,city,10159.910029921817,195.30711077929786,62.214,401.137,338.923,COMPLETED,0,0,0
Person_5142,Person_5142_1,working,car,home,7960.973149711852,2942.082058478352,city,10159.910029921817,195.30711077929786,2.88,402.036,399.156,COMPLETED,0,0,0
Person_3838,Person_3838_1,working,car,home,7530.445932617508,3617.2627641786257,city,10159.910029921817,195.30711077929786,2.88,402.935,400.055,COMPLETED,0,0,0
Person_4310,Person_4310_1,working,car,home,7291.492645071476,3568.2345744965965,city,10159.910029921817,195.30711077929786,302.247,404.733,102.48599999999999,COMPLETED,0,0,0
Person_8533,Person_8533_1,working,car,home,7908.63364387974,2982.5985036694105,city,10159.910029921817,195.30711077929786,2.88,405.632,402.752,COMPLETED,0,0,0
Person_5349,Person_5349_1,working,car,home,6940.824275836552,3957.3007180241766,city,10159.910029921817,195.30711077929786,362.48,405.632,43.15199999999999,COMPLETED,0,0,0
Person_5331,Person_5331_1,working,car,home,6147.313940732678,3397.241930575736,city,10159.910029921817,195.30711077929786,2.88,408.329,405.449,COMPLETED,0,0,0
Person_54,Person_54_1,working,car,home,6171.302211967013,3532.1039813953025,city,10159.910029921817,195.30711077929786,2.88,411.925,409.045,COMPLETED,0,0,0
Person_9796,Person_9796_1,working,car,home,8265.532677172981,3683.940840689612,city,4771.159705068488,7798.325282355149,2.88,414.622,411.742,COMPLETED,0,0,0
Person_945,Person_945_1,working,car,home,4065.2060983642004,1289.6729660000035,industrial,9101.603914867812,4045.963673682381,2.88,420.016,417.136,COMPLETED,0,0,0
Person_1990,Person_1990_1,working,car,home,5699.525171306706,976.7279688405762,city,10159.910029921817,195.30711077929786,3.779,420.016,416.237,COMPLETED,0,0,0
Person_2313,Person_2313_1,working,car,home,6392.621365122825,2180.989622409953,university,5908.061135515454,2983.961702940033,2.88,422.713,419.833,COMPLETED,0,0,0
Person_399,Person_399_1,working,car,home,10159.910029921817,195.30711077929786,kindergarten,8588.876066519004,2384.539250749051,2.88,423.612,420.732,COMPLETED,0,0,0
Person_4331,Person_4331_1,working,car,home,7959.606512704493,3537.907857571911,university,6897.893782272236,3752.9120240344228,2.88,423.612,420.732,COMPLETED,0,0,0
Person_890,Person_890_1,working,car,home,8982.355590517529,2582.2107103731137,city,10159.910029921817,195.30711077929786,2.88,428.107,425.22700000000003,COMPLETED,0,0,0
Person_918,Person_918_1,working,car,home,7387.130950367998,4758.919718560935,city,10159.910029921817,195.30711077929786,302.247,429.006,126.75899999999996,COMPLETED,0,0,0
Person_7448,Person_7448_1,working,car,home,7526.869935630663,5265.856183555259,university,6897.893782272236,3752.9120240344228,2.88,429.905,427.025,COMPLETED,0,0,0
Person_7019,Person_7019_1,working,car,home,7019.588518320126,4448.305554850278,school,8972.939282807172,3411.125914588914,2.88,431.703,428.823,COMPLETED,0,0,0
Person_8184,Person_8184_1,working,car,home,7350.790146059247,4016.43215397996,university,6897.893782272236,3752.9120240344228,3.779,436.198,432.419,COMPLETED,0,0,0
Person_61,Person_61_1,working,car,home,8569.398189789985,2815.569770820981,city,10159.910029921817,195.30711077929786,2.88,439.794,436.914,COMPLETED,0,0,0
Person_344,Person_344_1,working,car,home,6645.3855056629545,4670.818293586847,city,10159.910029921817,195.30711077929786,2.88,439.794,436.914,COMPLETED,0,0,0
Person_4308,Person_4308_1,working,car,home,10159.910029921817,195.30711077929786,industrial,5309.423078767107,4107.770496666657,2.88,439.794,436.914,COMPLETED,0,0,0
Person_6520,Person_6520_1,working,car,home,8583.619993323875,2895.6281801252653,city,10159.910029921817,195.30711077929786,2.88,439.794,436.914,COMPLETED,0,0,0
Person_33,Person_33_1,working,car,home,10159.910029921817,195.30711077929786,university,6850.81127161198,3522.934095561738,422.713,441.592,18.878999999999962,COMPLETED,0,0,0
Person_3258,Person_3258_1,working,car,home,5594.800587797969,671.8001238099303,city,10159.910029921817,195.30711077929786,2.88,442.491,439.611,COMPLETED,0,0,0
Person_3017,Person_3017_1,working,car,home,10159.910029921817,195.30711077929786,university,8680.422548567441,1236.9101943957473,422.713,443.39,20.676999999999964,COMPLETED,0,0,0
Person_16,Person_16_1,working,car,home,7631.235334164509,3402.9581956036873,kindergarten,7829.653627273629,4416.211188657,2.88,446.087,443.207,COMPLETED,0,0,0
Person_767,Person_767_1,working,car,home,8113.389877271151,3161.4626686282627,city,10159.910029921817,195.30711077929786,2.88,448.784,445.904,COMPLETED,0,0,0
Person_1200,Person_1200_1,working,car,home,8815.089269955663,2623.8020426134854,city,10159.910029921817,195.30711077929786,2.88,448.784,445.904,COMPLETED,0,0,0
Person_9951,Person_9951_1,working,car,home,8008.733932844189,3493.083510772803,city,10159.910029921817,195.30711077929786,2.88,448.784,445.904,COMPLETED,0,0,0
Person_6294,Person_6294_1,working,car,home,4065.2060983642004,1289.6729660000035,yes,6649.397443241197,4188.920714936466,362.48,450.582,88.10199999999998,COMPLETED,0,0,0
Person_5029,Person_5029_1,working,car,home,10159.910029921817,195.30711077929786,yes,7371.068998871952,2428.3415231915674,422.713,450.582,27.86899999999997,COMPLETED,0,0,0
Person_4161,Person_4161_1,working,car,home,10159.910029921817,195.30711077929786,university,5872.083656560459,2982.14688861395,302.247,453.279,151.03199999999998,COMPLETED,0,0,0
Person_5908,Person_5908_1,working,car,home,5525.456050767906,1164.248811883542,city,10159.910029921817,195.30711077929786,2.88,456.875,453.995,COMPLETED,0,0,0
Person_8699,Person_8699_1,working,car,home,7781.717911035642,3069.295518929059,city,10159.910029921817,195.30711077929786,2.88,461.37,458.49,COMPLETED,0,0,0
Person_5815,Person_5815_1,working,car,home,4065.2060983642004,1289.6729660000035,yes,6963.291225706081,4034.97843492478,2.88,463.168,460.288,COMPLETED,0,0,0
Person_988,Person_988_1,working,car,home,7944.653221985094,3087.867054899304,city,10159.910029921817,195.30711077929786,2.88,464.067,461.187,COMPLETED,0,0,0
Person_1868,Person_1868_1,working,car,home,6102.089863647303,2830.8883622353746,city,10159.910029921817,195.30711077929786,2.88,464.067,461.187,COMPLETED,0,0,0
Person_3407,Person_3407_1,working,car,home,8219.41942862394,2976.4166861768563,university,5908.061135515454,2983.961702940033,2.88,465.865,462.985,COMPLETED,0,0,0
Person_9615,Person_9615_1,working,car,home,10159.910029921817,195.30711077929786,university,8640.52148904632,1242.1470644446506,2.88,465.865,462.985,COMPLETED,0,0,0
Person_7587,Person_7587_1,working,car,home,7708.136497235865,5127.641835902184,city,10159.910029921817,195.30711077929786,2.88,471.259,468.379,COMPLETED,0,0,0
Person_7869,Person_7869_1,working,car,home,6282.197249261912,2508.196590459916,city,10159.910029921817,195.30711077929786,62.214,471.259,409.045,COMPLETED,0,0,0
Person_5534,Person_5534_1,working,car,home,7538.884631175474,3786.352266424379,university,5872.083656560459,2982.14688861395,2.88,474.855,471.975,COMPLETED,0,0,0
Person_5933,Person_5933_1,working,car,home,5635.043000904385,543.7770757083351,city,10159.910029921817,195.30711077929786,422.713,474.855,52.141999999999996,COMPLETED,0,0,0
Person_1892,Person_1892_1,working,walking,home,6491.702619340511,3386.267661736604,university,6451.821586100195,3200.551272926657,2.88,476.653,473.773,COMPLETED,0,0,0
Person_5516,Person_5516_1,working,car,home,4771.159705068488,7798.325282355149,university,6850.81127161198,3522.934095561738,2.88,477.552,474.672,COMPLETED,0,0,0
Person_3724,Person_3724_1,working,car,home,7107.334551191344,4322.044368675607,city,10159.910029921817,195.30711077929786,2.88,479.35,476.47,COMPLETED,0,0,0
Person_9678,Person_9678_1,working,car,home,5432.818855005323,1185.661806061716,city,10159.910029921817,195.30711077929786,2.88,479.35,476.47,COMPLETED,0,0,0
Person_4708,Person_4708_1,working,train,home,8421.712833301202,2406.7603451182913,,8351.70415135049,2763.8378920000764,2.88,480.249,477.369,COMPLETED,0,0,0
Person_3640,Person_3640_1,working,walking,home,5415.054799539089,3838.9226932743622,university,5908.061135515454,2983.961702940033,482.047,482.047,0.0,COMPLETED,0,0,0
Person_1788,Person_1788_1,working,car,home,5557.1619714465905,938.2585983559688,city,10159.910029921817,195.30711077929786,2.88,482.946,480.06600000000003,COMPLETED,0,0,0
Person_4760,Person_4760_1,working,car,home,10159.910029921817,195.30711077929786,yes,2462.1117102471317,4064.994824251114,2.88,483.845,480.96500000000003,COMPLETED,0,0,0
Person_6979,Person_6979_1,working,car,home,6459.585387509105,3581.8452493318287,city,8982.539674594882,6224.04271922478,2.88,484.744,481.86400000000003,COMPLETED,0,0,0
Person_4584,Person_4584_1,working,car,home,7039.065313641173,4071.900402316716,university,8680.422548567441,1236.9101943957473,422.713,484.744,62.031000000000006,COMPLETED,0,0,0
Person_4200,Person_4200_1,working,car,home,4771.159705068488,7798.325282355149,university,6980.17060882167,3727.0047244733337,2.88,486.542,483.662,COMPLETED,0,0,0
Person_7964,Person_7964_1,working,car,home,6349.222802966636,3600.988243389139,city,10159.910029921817,195.30711077929786,2.88,486.542,483.662,COMPLETED,0,0,0
Person_6916,Person_6916_1,working,car,home,6304.728972662538,2838.1833866254833,city,10159.910029921817,195.30711077929786,2.88,488.34,485.46,COMPLETED,0,0,0
Person_3380,Person_3380_1,working,car,home,126.82488358348685,4319.6356930350885,university,8680.422548567441,1236.9101943957473,422.713,489.239,66.52599999999995,COMPLETED,0,0,0
Person_9582,Person_9582_1,working,car,home,6019.9762209545515,2679.305863493232,university,6850.81127161198,3522.934095561738,3.779,490.138,486.359,COMPLETED,0,0,0
Person_7101,Person_7101_1,working,car,home,5734.714941408364,4876.515786211273,city,8982.539674594882,6224.04271922478,2.88,491.037,488.157,COMPLETED,0,0,0
Person_6913,Person_6913_1,working,car,home,7422.7545325805395,3503.8353494338126,city,10159.910029921817,195.30711077929786,2.88,491.936,489.056,COMPLETED,0,0,0
Person_5231,Person_5231_1,working,car,home,6179.521230363472,2565.385064615791,city,10159.910029921817,195.30711077929786,482.047,493.734,11.686999999999955,COMPLETED,0,0,0
Person_2030,Person_2030_1,working,car,home,7385.607799069067,3914.873539437674,city,10159.910029921817,195.30711077929786,2.88,496.431,493.551,COMPLETED,0,0,0
Person_8012,Person_8012_1,working,car,home,8270.682371062767,3008.372096671718,university,5887.791508799354,2982.146731596164,2.88,498.229,495.349,COMPLETED,0,0,0
Person_6699,Person_6699_1,working,car,home,8982.539674594882,6224.04271922478,yes,7789.073139464166,3042.6442186859163,482.047,500.027,17.97999999999996,COMPLETED,0,0,0
Person_2370,Person_2370_1,working,car,home,10159.910029921817,195.30711077929786,yes,5659.86207111717,990.5038616503095,2.88,500.926,498.046,COMPLETED,0,0,0
Person_7908,Person_7908_1,working,car,home,5572.096098373295,2653.895598549728,city,10159.910029921817,195.30711077929786,302.247,500.926,198.67899999999997,COMPLETED,0,0,0
Person_7639,Person_7639_1,working,car,home,8159.230441721312,3145.814359573243,city,10159.910029921817,195.30711077929786,2.88,502.724,499.844,COMPLETED,0,0,0
Person_4844,Person_4844_1,working,car,home,7645.700571448753,5305.516603945917,school,8845.415391192138,2931.7139567616764,2.88,504.522,501.642,COMPLETED,0,0,0
Person_7823,Person_7823_1,working,car,home,4771.159705068488,7798.325282355149,yes,6981.990030988465,4337.637439199955,2.88,505.421,502.541,COMPLETED,0,0,0
Person_8196,Person_8196_1,working,car,home,8212.019541668946,3684.6389163103036,university,6980.17060882167,3727.0047244733337,2.88,505.421,502.541,COMPLETED,0,0,0
Person_9440,Person_9440_1,working,car,home,6682.254594979753,2201.9426741856173,city,10159.910029921817,195.30711077929786,2.88,506.32,503.44,COMPLETED,0,0,0
Person_683,Person_683_1,working,car,home,10159.910029921817,195.30711077929786,yes,5837.71736793174,855.63613364179,2.88,510.815,507.935,COMPLETED,0,0,0
Person_960,Person_960_1,working,car,home,7742.676266120683,4941.849675318282,city,4771.159705068488,7798.325282355149,2.88,510.815,507.935,COMPLETED,0,0,0
Person_1680,Person_1680_1,working,car,home,7870.317405529053,4915.604456516666,city,10159.910029921817,195.30711077929786,62.214,510.815,448.601,COMPLETED,0,0,0
Person_4097,Person_4097_1,working,car,home,7782.328263080661,4992.330767931585,university,6850.81127161198,3522.934095561738,2.88,511.714,508.834,COMPLETED,0,0,0
Person_9948,Person_9948_1,working,car,home,10159.910029921817,195.30711077929786,university,5872.083656560459,2982.14688861395,2.88,511.714,508.834,COMPLETED,0,0,0
Person_7872,Person_7872_1,working,car,home,8991.283177024254,3349.852546304873,city,10159.910029921817,195.30711077929786,482.047,512.613,30.56600000000003,COMPLETED,0,0,0
Person_7293,Person_7293_1,working,car,home,5489.302650692247,933.210286511506,city,10159.910029921817,195.30711077929786,2.88,513.512,510.63199999999995,COMPLETED,0,0,0
Person_4889,Person_4889_1,working,car,home,8054.829037605498,3835.935790318601,city,4771.159705068488,7798.325282355149,242.014,513.512,271.49799999999993,COMPLETED,0,0,0
Person_908,Person_908_1,working,car,home,5996.0809049126065,2567.1760804227642,city,10159.910029921817,195.30711077929786,482.047,514.411,32.36399999999992,COMPLETED,0,0,0
Person_8439,Person_8439_1,working,train,home,8324.759028165936,3255.900231453729,,8351.70415135049,2763.8378920000764,2.88,514.411,511.53099999999995,COMPLETED,0,0,0
Person_7553,Person_7553_1,working,car,home,10159.910029921817,195.30711077929786,yes,5762.970226735528,902.6949915633104,3.779,515.31,511.53099999999995,COMPLETED,0,0,0
Person_6713,Person_6713_1,working,car,home,5706.953065895799,678.9838419783472,city,10159.910029921817,195.30711077929786,2.88,517.108,514.228,COMPLETED,0,0,0
Person_8758,Person_8758_1,working,car,home,5266.933249536382,1031.5359653634937,city,10159.910029921817,195.30711077929786,2.88,518.007,515.127,COMPLETED,0,0,0
Person_3441,Person_3441_1,working,car,home,6190.004205039269,2483.2071819011253,city,10159.910029921817,195.30711077929786,3.779,518.906,515.127,COMPLETED,0,0,0
Person_4543,Person_4543_1,working,car,home,8982.539674594882,6224.04271922478,yes,7371.630748464902,4284.200440287682,482.047,520.704,38.656999999999925,COMPLETED,0,0,0
Person_6407,Person_6407_1,working,car,home,7870.317405529053,4915.604456516666,city,4771.159705068488,7798.325282355149,2.88,522.502,519.622,COMPLETED,0,0,0
Person_5734,Person_5734_1,working,car,home,10159.910029921817,195.30711077929786,yes,7260.830886073329,3633.0916304927205,482.047,523.401,41.35399999999993,COMPLETED,0,0,0
Person_2869,Person_2869_1,working,train,home,5390.713194894974,5589.016054041392,,5324.662215615522,5920.8056375972865,2.88,523.401,520.521,COMPLETED,0,0,0
Person_3453,Person_3453_1,working,car,home,10159.910029921817,195.30711077929786,industrial,3918.6216862014967,1774.8729707821506,302.247,525.199,222.95199999999994,COMPLETED,0,0,0
Person_8440,Person_8440_1,working,car,home,8324.759028165936,3255.900231453729,university,5908.061135515454,2983.961702940033,2.88,526.098,523.218,COMPLETED,0,0,0
Person_8809,Person_8809_1,working,car,home,4065.2060983642004,1289.6729660000035,yes,6400.589393329774,3588.804882248484,2.88,529.694,526.814,COMPLETED,0,0,0
Person_3988,Person_3988_1,working,car,home,6988.6462890318235,4546.4010484482405,city,10159.910029921817,195.30711077929786,2.88,531.492,528.612,COMPLETED,0,0,0
Person_4782,Person_4782_1,working,car,home,6396.57921610624,3630.5239214478547,city,10159.910029921817,195.30711077929786,2.88,535.088,532.208,COMPLETED,0,0,0
Person_7346,Person_7346_1,working,car,home,8306.323485688115,3685.982328510169,university,5872.083656560459,2982.14688861395,2.88,535.088,532.208,COMPLETED,0,0,0
Person_9105,Person_9105_1,working,car,home,126.82488358348685,4319.6356930350885,yes,8290.420958143446,3621.43054824778,482.047,536.886,54.83899999999994,COMPLETED,0,0,0
Person_9930,Person_9930_1,working,car,home,5466.988725679158,3189.6540079639567,city,10159.910029921817,195.30711077929786,3.779,537.785,534.006,COMPLETED,0,0,0
Person_490,Person_490_1,working,car,home,4771.159705068488,7798.325282355149,yes,6565.510714844614,4000.9519452900654,2.88,540.482,537.602,COMPLETED,0,0,0
Person_9419,Person_9419_1,working,train,home,8278.268837070787,2858.1076049107946,,8351.70415135049,2763.8378920000764,302.247,540.482,238.23499999999996,COMPLETED,0,0,0
Person_2584,Person_2584_1,working,car,home,6124.762173384472,3478.0453084096994,city,10159.910029921817,195.30711077929786,2.88,541.381,538.501,COMPLETED,0,0,0
Person_8006,Person_8006_1,working,car,home,5418.372289714096,840.2872249816304,university,6850.81127161198,3522.934095561738,2.88,541.381,538.501,COMPLETED,0,0,0
Person_3123,Person_3123_1,working,car,home,10159.910029921817,195.30711077929786,school,8893.280107574261,3448.459055170979,3.779,541.381,537.602,COMPLETED,0,0,0
Person_52,Person_52_1,working,car,home,5832.81893258426,4727.619010986832,city,10159.910029921817,195.30711077929786,302.247,543.179,240.93199999999996,COMPLETED,0,0,0
Person_941,Person_941_1,working,car,home,5487.378572059618,2338.9902003645243,city,10159.910029921817,195.30711077929786,2.88,544.977,542.097,COMPLETED,0,0,0
Person_2977,Person_2977_1,working,car,home,5747.48205640634,611.7575611793617,city,10159.910029921817,195.30711077929786,2.88,546.775,543.895,COMPLETED,0,0,0
Person_9343,Person_9343_1,working,car,home,6150.1380128123965,2886.137951613882,city,10159.910029921817,195.30711077929786,2.88,546.775,543.895,COMPLETED,0,0,0
Person_1928,Person_1928_1,working,car,home,7780.587197579069,4964.995126630557,city,8982.539674594882,6224.04271922478,422.713,546.775,124.06199999999995,COMPLETED,0,0,0
Person_6624,Person_6624_1,working,car,home,6299.667273519436,2773.5164764855995,city,10159.910029921817,195.30711077929786,2.88,549.472,546.592,COMPLETED,0,0,0
Person_7976,Person_7976_1,working,car,home,6569.113596025098,4668.406253499996,city,10159.910029921817,195.30711077929786,2.88,550.371,547.491,COMPLETED,0,0,0
Person_4164,Person_4164_1,working,car,home,6269.097256042438,2817.9881352446496,city,10159.910029921817,195.30711077929786,2.88,551.27,548.39,COMPLETED,0,0,0
Person_7221,Person_7221_1,working,train,home,8338.646844392764,3272.618961856206,,8351.70415135049,2763.8378920000764,2.88,552.169,549.289,COMPLETED,0,0,0
Person_7367,Person_7367_1,working,car,home,8823.66617936585,3109.8068979426516,city,10159.910029921817,195.30711077929786,2.88,553.068,550.188,COMPLETED,0,0,0
Person_5359,Person_5359_1,working,walking,home,7008.510006642921,3656.9975327487596,university,6850.81127161198,3522.934095561738,2.88,553.068,550.188,COMPLETED,0,0,0
Person_7022,Person_7022_1,working,car,home,6263.584025933804,2926.2544525052613,city,10159.910029921817,195.30711077929786,2.88,555.765,552.885,COMPLETED,0,0,0
Person_6536,Person_6536_1,working,car,home,4771.159705068488,7798.325282355149,yes,6589.458078192192,3700.5157181418012,2.88,558.462,555.582,COMPLETED,0,0,0
Person_3781,Person_3781_1,working,car,home,10159.910029921817,195.30711077929786,industrial,4020.7143424666983,1871.5215996337138,422.713,559.361,136.64799999999997,COMPLETED,0,0,0
Person_7080,Person_7080_1,working,car,home,10159.910029921817,195.30711077929786,yes,5634.748158478265,782.7134687981804,2.88,561.159,558.279,COMPLETED,0,0,0
Person_8517,Person_8517_1,working,car,home,6596.943118653327,3146.372984044887,city,10159.910029921817,195.30711077929786,482.047,561.159,79.11199999999997,COMPLETED,0,0,0
Person_6304,Person_6304_1,working,car,home,4065.2060983642004,1289.6729660000035,yes,6969.931512904006,2065.7888739035207,542.28,561.159,18.87900000000002,COMPLETED,0,0,0
Person_8871,Person_8871_1,working,car,home,5466.589173668413,5763.690774479111,city,10159.910029921817,195.30711077929786,182.68,562.957,380.277,COMPLETED,0,0,0
Person_4398,Person_4398_1,working,car,home,8684.535143985408,2129.8402784822606,city,10159.910029921817,195.30711077929786,542.28,565.654,23.374000000000024,COMPLETED,0,0,0
Person_1315,Person_1315_1,working,car,home,8209.586825170334,3624.8806574987225,city,10159.910029921817,195.30711077929786,2.88,567.452,564.572,COMPLETED,0,0,0
Person_8886,Person_8886_1,working,car,home,8871.532858261537,2514.6204113842864,city,10159.910029921817,195.30711077929786,2.88,567.452,564.572,COMPLETED,0,0,0
Person_3256,Person_3256_1,working,car,home,5594.800587797969,671.8001238099303,city,10159.910029921817,195.30711077929786,2.88,568.351,565.471,COMPLETED,0,0,0
Person_8210,Person_8210_1,working,car,home,10159.910029921817,195.30711077929786,yes,8832.425763147146,4429.667728278279,542.28,568.351,26.071000000000026,COMPLETED,0,0,0
Person_9403,Person_9403_1,working,car,home,8876.21465372715,2614.7553626519,city,10159.910029921817,195.30711077929786,542.28,568.351,26.071000000000026,COMPLETED,0,0,0
Person_3095,Person_3095_1,working,car,home,8982.047738345336,3605.4479699882354,city,10159.910029921817,195.30711077929786,542.28,569.25,26.970000000000027,COMPLETED,0,0,0
Person_6315,Person_6315_1,working,car,home,8267.679649964406,3858.551365958622,city,10159.910029921817,195.30711077929786,2.88,571.947,569.067,COMPLETED,0,0,0
Person_9562,Person_9562_1,working,car,home,10159.910029921817,195.30711077929786,yes,5735.656326075433,1041.9814385220477,2.88,571.947,569.067,COMPLETED,0,0,0
Person_5712,Person_5712_1,working,car,home,7351.76427096663,4310.988355683587,city,10159.910029921817,195.30711077929786,542.28,571.947,29.66700000000003,COMPLETED,0,0,0
Person_5645,Person_5645_1,working,car,home,6756.202226571204,4640.749593282505,city,4771.159705068488,7798.325282355149,2.88,572.846,569.966,COMPLETED,0,0,0
Person_8993,Person_8993_1,working,car,home,7769.111094757787,3728.951767963062,city,10159.910029921817,195.30711077929786,2.88,573.745,570.865,COMPLETED,0,0,0
Person_7279,Person_7279_1,working,car,home,7094.712544273197,3791.6786508434257,city,10159.910029921817,195.30711077929786,2.88,574.644,571.764,COMPLETED,0,0,0
Person_8722,Person_8722_1,working,car,home,8750.692075728892,3406.759276237249,city,10159.910029921817,195.30711077929786,2.88,574.644,571.764,COMPLETED,0,0,0
Person_20,Person_20_1,working,car,home,8226.751563658521,3323.710205934473,city,4771.159705068488,7798.325282355149,3.779,574.644,570.865,COMPLETED,0,0,0
Person_4941,Person_4941_1,working,car,home,6869.069602490022,3342.8913028091997,city,10159.910029921817,195.30711077929786,2.88,575.543,572.663,COMPLETED,0,0,0
Person_5629,Person_5629_1,working,car,home,10159.910029921817,195.30711077929786,university,5872.083656560459,2982.14688861395,2.88,576.442,573.562,COMPLETED,0,0,0
Person_9819,Person_9819_1,working,car,home,10159.910029921817,195.30711077929786,yes,7643.737025680254,3215.2155674697274,3.779,576.442,572.663,COMPLETED,0,0,0
Person_6670,Person_6670_1,working,car,home,7884.019215190182,3259.325366351708,city,10159.910029921817,195.30711077929786,2.88,579.139,576.259,COMPLETED,0,0,0
Person_2010,Person_2010_1,working,car,home,10159.910029921817,195.30711077929786,yes,7722.329269731999,1856.386826694571,2.88,580.038,577.158,COMPLETED,0,0,0
Person_5856,Person_5856_1,working,car,home,6543.2342034813055,4594.945644189899,city,10159.910029921817,195.30711077929786,542.28,580.038,37.75800000000004,COMPLETED,0,0,0
Person_477,Person_477_1,working,car,home,10159.910029921817,195.30711077929786,yes,7572.852280646702,2956.045473671096,2.88,580.937,578.057,COMPLETED,0,0,0
Person_7527,Person_7527_1,working,car,home,126.82488358348685,4319.6356930350885,industrial,6974.346300477378,7900.756684691982,2.88,580.937,578.057,COMPLETED,0,0,0
Person_7770,Person_7770_1,working,car,home,5044.501924244166,1046.234048698782,city,10159.910029921817,195.30711077929786,2.88,581.836,578.956,COMPLETED,0,0,0
Person_3998,Person_3998_1,working,car,home,7525.681643302001,3693.2677498390144,city,10159.910029921817,195.30711077929786,542.28,581.836,39.55600000000004,COMPLETED,0,0,0
Person_816,Person_816_1,working,car,home,8040.269850284998,3400.3663336328145,city,10159.910029921817,195.30711077929786,2.88,583.634,580.754,COMPLETED,0,0,0
Person_9166,Person_9166_1,working,car,home,10159.910029921817,195.30711077929786,yes,5600.196736151398,699.583356724535,542.28,583.634,41.35400000000004,COMPLETED,0,0,0
Person_7312,Person_7312_1,working,car,home,8860.967175188276,2583.8116613105476,city,10159.910029921817,195.30711077929786,2.88,586.331,583.451,COMPLETED,0,0,0
Person_8392,Person_8392_1,working,car,home,5460.652697186963,3216.1948744823926,school,7588.16653475176,4092.312108309823,2.88,589.028,586.148,COMPLETED,0,0,0
Person_9441,Person_9441_1,working,car,home,6682.254594979753,2201.9426741856173,city,10159.910029921817,195.30711077929786,2.88,589.028,586.148,COMPLETED,0,0,0
Person_393,Person_393_1,working,car,home,10159.910029921817,195.30711077929786,yes,5695.220536059523,824.6719319187397,2.88,591.725,588.845,COMPLETED,0,0,0
Person_9886,Person_9886_1,working,car,home,6071.02048765632,3717.6132628521013,university,6980.17060882167,3727.0047244733337,122.447,592.624,470.177,COMPLETED,0,0,0
Person_7860,Person_7860_1,working,car,home,5144.15438703855,1104.828337130613,city,10159.910029921817,195.30711077929786,122.447,593.523,471.076,COMPLETED,0,0,0
Person_379,Person_379_1,working,car,home,10159.910029921817,195.30711077929786,industrial,3995.352074028055,1715.1519630974853,2.88,594.422,591.542,COMPLETED,0,0,0
Person_2303,Person_2303_1,working,car,home,7879.145543408706,4957.857599930069,city,10159.910029921817,195.30711077929786,242.014,594.422,352.408,COMPLETED,0,0,0
Person_1368,Person_1368_1,working,car,home,4065.2060983642004,1289.6729660000035,kindergarten,7813.595747654742,5246.369333041357,2.88,596.22,593.34,COMPLETED,0,0,0
Person_5563,Person_5563_1,working,car,home,7798.156443921635,3337.21579260243,city,10159.910029921817,195.30711077929786,2.88,601.614,598.734,COMPLETED,0,0,0
Person_5759,Person_5759_1,working,car,home,4771.159705068488,7798.325282355149,yes,6999.618688945814,3820.026554379834,542.28,601.614,59.33400000000006,COMPLETED,0,0,0
Person_3385,Person_3385_1,working,walking,home,7888.5819716730375,3171.1780631051583,university,5908.061135515454,2983.961702940033,602.513,602.513,0.0,COMPLETED,0,0,0
Person_7488,Person_7488_1,working,car,home,10159.910029921817,195.30711077929786,yes,3624.564141862092,3291.1887446550077,482.047,603.412,121.36500000000001,COMPLETED,0,0,0
Person_5252,Person_5252_1,working,car,home,4065.2060983642004,1289.6729660000035,university,6850.81127161198,3522.934095561738,2.88,609.705,606.825,COMPLETED,0,0,0
Person_9202,Person_9202_1,working,car,home,7374.045597462335,2452.321302181839,city,10159.910029921817,195.30711077929786,182.68,609.705,427.02500000000003,COMPLETED,0,0,0
Person_9611,Person_9611_1,working,car,home,4771.159705068488,7798.325282355149,yes,6982.440634709141,4065.170066388666,182.68,610.604,427.92400000000004,COMPLETED,0,0,0
Person_3010,Person_3010_1,working,car,home,6720.994766143078,3512.0346309488878,city,10159.910029921817,195.30711077929786,2.88,611.503,608.623,COMPLETED,0,0,0
Person_9486,Person_9486_1,working,car,home,10159.910029921817,195.30711077929786,university,5887.791508799354,2982.146731596164,242.014,612.402,370.38800000000003,COMPLETED,0,0,0
Person_3488,Person_3488_1,working,car,home,7751.841333307602,3844.307430619216,city,10159.910029921817,195.30711077929786,2.88,614.2,611.32,COMPLETED,0,0,0
Person_5384,Person_5384_1,working,car,home,8017.280176445916,2510.349096074163,city,10159.910029921817,195.30711077929786,2.88,616.897,614.017,COMPLETED,0,0,0
Person_2845,Person_2845_1,working,car,home,6599.608823344089,4759.089423161652,university,6897.893782272236,3752.9120240344228,482.047,616.897,134.85000000000002,COMPLETED,0,0,0
Person_398,Person_398_1,working,car,home,6090.287262176308,2572.7859811079293,city,10159.910029921817,195.30711077929786,2.88,618.695,615.815,COMPLETED,0,0,0
Person_1164,Person_1164_1,working,car,home,10159.910029921817,195.30711077929786,yes,6506.457400003332,3710.0191560871235,2.88,618.695,615.815,COMPLETED,0,0,0
Person_4185,Person_4185_1,working,car,home,7770.939514222442,3766.6478217006493,city,10159.910029921817,195.30711077929786,2.88,620.493,617.613,COMPLETED,0,0,0
Person_5027,Person_5027_1,working,car,home,4065.2060983642004,1289.6729660000035,university,6850.81127161198,3522.934095561738,302.247,621.392,319.14500000000004,COMPLETED,0,0,0
Person_4240,Person_4240_1,working,car,home,10159.910029921817,195.30711077929786,yes,6863.12788345846,4128.397582067582,2.88,623.19,620.3100000000001,COMPLETED,0,0,0
Person_2700,Person_2700_1,working,car,home,6424.325843442023,3688.995596268769,city,10159.910029921817,195.30711077929786,2.88,624.089,621.2090000000001,COMPLETED,0,0,0
Person_9234,Person_9234_1,working,car,home,7818.482152200451,3511.888988368678,city,10159.910029921817,195.30711077929786,2.88,624.988,622.1080000000001,COMPLETED,0,0,0
Person_3058,Person_3058_1,working,car,home,5653.371461658834,2534.485855359417,city,10159.910029921817,195.30711077929786,122.447,626.786,504.33899999999994,COMPLETED,0,0,0
Person_684,Person_684_1,working,car,home,10159.910029921817,195.30711077929786,retail,8674.095448515724,3202.446171419922,2.88,628.584,625.704,COMPLETED,0,0,0
Person_3552,Person_3552_1,working,car,home,6037.960579538757,2675.0101881223113,city,10159.910029921817,195.30711077929786,2.88,630.382,627.502,COMPLETED,0,0,0
Person_9918,Person_9918_1,working,car,home,7728.817510679029,3646.200038362076,city,8982.539674594882,6224.04271922478,302.247,630.382,328.13499999999993,COMPLETED,0,0,0
Person_4016,Person_4016_1,working,car,home,5996.097040576618,2685.030938413481,city,10159.910029921817,195.30711077929786,2.88,632.18,629.3,COMPLETED,0,0,0
Person_4843,Person_4843_1,working,car,home,6925.290946862552,4354.023440829801,university,5872.083656560459,2982.14688861395,602.513,632.18,29.666999999999916,COMPLETED,0,0,0
Person_6449,Person_6449_1,working,car,home,6940.824275836552,3957.3007180241766,city,10159.910029921817,195.30711077929786,2.88,633.978,631.098,COMPLETED,0,0,0
Person_3618,Person_3618_1,working,car,home,6658.447343029776,4737.202102339228,university,5887.791508799354,2982.146731596164,2.88,635.776,632.896,COMPLETED,0,0,0
Person_7208,Person_7208_1,working,car,home,6548.029157456691,3147.9315551559175,city,10159.910029921817,195.30711077929786,2.88,636.675,633.795,COMPLETED,0,0,0
Person_3854,Person_3854_1,working,car,home,10159.910029921817,195.30711077929786,yes,7004.485989969746,3999.9883515868687,2.88,637.574,634.694,COMPLETED,0,0,0
Person_4852,Person_4852_1,working,car,home,6149.475725562062,2385.67154274304,city,10159.910029921817,195.30711077929786,242.014,638.473,396.45899999999995,COMPLETED,0,0,0
Person_2643,Person_2643_1,working,car,home,5858.080820510505,4788.397571043492,city,10159.910029921817,195.30711077929786,3.779,641.17,637.391,COMPLETED,0,0,0
Person_3606,Person_3606_1,working,car,home,7753.523274230371,5059.746700250695,city,10159.910029921817,195.30711077929786,602.513,641.17,38.656999999999925,COMPLETED,0,0,0
Person_1966,Person_1966_1,working,car,home,5392.414663182626,3196.8000631414984,city,8982.539674594882,6224.04271922478,2.88,642.069,639.189,COMPLETED,0,0,0
Person_3373,Person_3373_1,working,car,home,10159.910029921817,195.30711077929786,yes,6038.786385918054,1009.3087247649217,2.88,642.069,639.189,COMPLETED,0,0,0
Person_955,Person_955_1,working,car,home,4065.2060983642004,1289.6729660000035,yes,6364.848807895623,3582.886972388899,2.88,642.968,640.088,COMPLETED,0,0,0
Person_1641,Person_1641_1,working,car,home,5838.737126265002,3588.4791539498938,city,10159.910029921817,195.30711077929786,2.88,642.968,640.088,COMPLETED,0,0,0
Person_7795,Person_7795_1,working,car,home,10159.910029921817,195.30711077929786,university,8640.52148904632,1242.1470644446506,362.48,642.968,280.48799999999994,COMPLETED,0,0,0
Person_7806,Person_7806_1,working,car,home,5400.1236987873435,2870.6041571253963,city,10159.910029921817,195.30711077929786,2.88,645.665,642.785,COMPLETED,0,0,0
Person_7321,Person_7321_1,working,car,home,5758.497337535682,1069.750861206855,city,10159.910029921817,195.30711077929786,302.247,647.463,345.21599999999995,COMPLETED,0,0,0
Person_4649,Person_4649_1,working,taxi,home,6445.465704360053,3657.1078847867566,university,5901.5627362491805,2994.702412765903,2.88,647.463,644.583,COMPLETED,0,0,0
Person_1858,Person_1858_1,working,car,home,5707.992203003128,832.7643876536732,city,10159.910029921817,195.30711077929786,2.88,649.261,646.381,COMPLETED,0,0,0
Person_9342,Person_9342_1,working,car,home,7731.699016804068,3585.3964288474485,city,10159.910029921817,195.30711077929786,122.447,652.857,530.41,COMPLETED,0,0,0
Person_4517,Person_4517_1,working,car,home,10159.910029921817,195.30711077929786,yes,6454.658172081219,4401.903259645848,362.48,654.655,292.17499999999995,COMPLETED,0,0,0
Person_5592,Person_5592_1,working,car,home,7769.111094757787,3728.951767963062,city,10159.910029921817,195.30711077929786,2.88,655.554,652.674,COMPLETED,0,0,0
Person_509,Person_509_1,working,car,home,7791.683312701943,5178.353584184751,university,5887.791508799354,2982.146731596164,3.779,657.352,653.573,COMPLETED,0,0,0
Person_775,Person_775_1,working,car,home,8015.558941919486,5232.7983300958895,city,8982.539674594882,6224.04271922478,2.88,658.251,655.371,COMPLETED,0,0,0
Person_741,Person_741_1,working,car,home,8982.539674594882,6224.04271922478,yes,6358.545280309096,3651.2753682366624,3.779,658.251,654.472,COMPLETED,0,0,0
Person_7724,Person_7724_1,working,car,home,7150.558355399032,4184.44191431471,university,5901.5627362491805,2994.702412765903,2.88,661.847,658.967,COMPLETED,0,0,0
Person_766,Person_766_1,working,car,home,8113.389877271151,3161.4626686282627,city,10159.910029921817,195.30711077929786,2.88,662.746,659.866,COMPLETED,0,0,0
Person_7783,Person_7783_1,working,car,home,7662.859796851965,3779.669958946549,city,10159.910029921817,195.30711077929786,62.214,662.746,600.5319999999999,COMPLETED,0,0,0
Person_7754,Person_7754_1,working,car,home,8676.194711232642,3556.999802059583,city,10159.910029921817,195.30711077929786,2.88,664.544,661.664,COMPLETED,0,0,0
Person_3111,Person_3111_1,working,car,home,6279.323807961682,2901.1210946722967,city,10159.910029921817,195.30711077929786,2.88,669.039,666.159,COMPLETED,0,0,0
Person_1709,Person_1709_1,working,car,home,6953.933699437015,4031.6484719217965,city,10159.910029921817,195.30711077929786,2.88,669.938,667.058,COMPLETED,0,0,0
Person_1510,Person_1510_1,working,car,home,10159.910029921817,195.30711077929786,yes,7759.503929395974,3167.5637709059424,182.68,671.736,489.056,COMPLETED,0,0,0
Person_3866,Person_3866_1,working,car,home,10159.910029921817,195.30711077929786,yes,7026.615214729235,4434.961343051185,2.88,672.635,669.755,COMPLETED,0,0,0
Person_2904,Person_2904_1,working,car,home,4771.159705068488,7798.325282355149,industrial,3745.1698255949314,2142.1601239391734,62.214,674.433,612.219,COMPLETED,0,0,0
Person_9281,Person_9281_1,working,car,home,10159.910029921817,195.30711077929786,kindergarten,8588.876066519004,2384.539250749051,2.88,675.332,672.452,COMPLETED,0,0,0
Person_1063,Person_1063_1,working,car,home,812.749230267771,6686.310237051298,yes,5636.577944895517,842.214996282198,422.713,677.13,254.41699999999997,COMPLETED,0,0,0
Person_7695,Person_7695_1,working,car,home,6396.396867736236,4317.055362460108,city,10159.910029921817,195.30711077929786,542.28,677.13,134.85000000000002,COMPLETED,0,0,0
Person_4687,Person_4687_1,working,car,home,5720.3508982908725,4654.052536257271,city,10159.910029921817,195.30711077929786,2.88,678.928,676.048,COMPLETED,0,0,0
Person_3596,Person_3596_1,working,car,home,8430.937867388626,1280.0452035444343,university,6753.286006283763,3714.7935438899995,662.746,679.827,17.081000000000017,COMPLETED,0,0,0
Person_8223,Person_8223_1,working,taxi,home,5651.210452214343,615.1441230437672,city,10159.910029921817,195.30711077929786,2.88,679.827,676.947,COMPLETED,0,0,0
Person_9260,Person_9260_1,working,car,home,5201.285806026592,1095.2432250505626,city,8982.539674594882,6224.04271922478,2.88,681.625,678.745,COMPLETED,0,0,0
Person_9616,Person_9616_1,working,car,home,10159.910029921817,195.30711077929786,yes,8821.353441925543,1431.5421202657292,2.88,682.524,679.644,COMPLETED,0,0,0
Person_2525,Person_2525_1,working,car,home,8982.539674594882,6224.04271922478,unknown,8982.539674594882,6224.04271922478,302.247,682.524,380.277,ABORTED_BREAKDOWN,0,0,0
Person_2888,Person_2888_1,working,car,home,4771.159705068488,7798.325282355149,school,7876.742569302692,4220.762789429215,62.214,683.423,621.2090000000001,COMPLETED,0,0,0
Person_9161,Person_9161_1,working,car,home,4771.159705068488,7798.325282355149,yes,6793.106275407086,4231.18542115974,2.88,685.221,682.341,COMPLETED,0,0,0
Person_3187,Person_3187_1,working,car,home,5406.920430976688,900.463615820083,city,10159.910029921817,195.30711077929786,542.28,685.221,142.94100000000003,COMPLETED,0,0,0
Person_929,Person_929_1,working,car,home,6660.617373503711,3605.42985134182,city,10159.910029921817,195.30711077929786,2.88,688.817,685.937,COMPLETED,0,0,0
Person_1066,Person_1066_1,working,car,home,5575.957896704759,4524.625718384408,city,10159.910029921817,195.30711077929786,2.88,689.716,686.836,COMPLETED,0,0,0
Person_5654,Person_5654_1,working,car,home,8050.069804098155,5203.258962628821,university,6753.286006283763,3714.7935438899995,242.014,691.514,449.5,COMPLETED,0,0,0
Person_7827,Person_7827_1,working,walking,home,7685.288417246844,4955.703628856715,kindergarten,7813.595747654742,5246.369333041357,182.68,691.514,508.834,COMPLETED,0,0,0
Person_3505,Person_3505_1,working,car,home,7615.02376321483,3687.84599625596,city,10159.910029921817,195.30711077929786,2.88,696.009,693.129,COMPLETED,0,0,0
Person_6008,Person_6008_1,working,car,home,6417.222581764267,4468.658652143548,university,6839.399852089795,3585.511730890991,2.88,696.009,693.129,COMPLETED,0,0,0
Person_4509,Person_4509_1,working,car,home,6889.812728401524,4027.1358135109454,city,10159.910029921817,195.30711077929786,2.88,696.908,694.028,COMPLETED,0,0,0
Person_5768,Person_5768_1,working,car,home,8255.764096602506,2313.527354916358,university,5872.083656560459,2982.14688861395,2.88,697.807,694.927,COMPLETED,0,0,0
Person_7023,Person_7023_1,working,car,home,5718.700173620689,4575.9367702541285,city,10159.910029921817,195.30711077929786,482.047,698.706,216.659,COMPLETED,0,0,0
Person_6667,Person_6667_1,working,car,home,10159.910029921817,195.30711077929786,university,6753.286006283763,3714.7935438899995,2.88,699.605,696.725,COMPLETED,0,0,0
Person_939,Person_939_1,working,car,home,7781.74963546469,3337.592510967947,city,10159.910029921817,195.30711077929786,3.779,700.504,696.725,COMPLETED,0,0,0
Person_435,Person_435_1,working,car,home,8875.583226912313,2394.032647840547,university,5887.791508799354,2982.146731596164,62.214,700.504,638.29,COMPLETED,0,0,0
Person_907,Person_907_1,working,car,home,4065.2060983642004,1289.6729660000035,yes,6003.168030988707,5125.823595525958,242.014,700.504,458.49,COMPLETED,0,0,0
Person_2818,Person_2818_1,working,taxi,home,4771.159705068488,7798.325282355149,yes,6770.478903242352,4412.385094923397,2.88,701.403,698.523,COMPLETED,0,0,0
Person_1395,Person_1395_1,working,car,home,6815.542142832788,3926.9755617419482,city,10159.910029921817,195.30711077929786,2.88,703.201,700.321,COMPLETED,0,0,0
Person_208,Person_208_1,working,car,home,4065.2060983642004,1289.6729660000035,yes,6298.134156638382,3589.223491054247,2.88,704.1,701.22,COMPLETED,0,0,0
Person_6249,Person_6249_1,working,taxi,home,8871.371589835464,2502.1612862686393,city,10159.910029921817,195.30711077929786,2.88,712.191,709.311,COMPLETED,0,0,0
Person_3062,Person_3062_1,working,car,home,7539.297860403295,3579.923206373491,city,10159.910029921817,195.30711077929786,2.88,713.09,710.21,COMPLETED,0,0,0
Person_1081,Person_1081_1,working,car,home,5614.725821444576,2569.5509183015115,city,10159.910029921817,195.30711077929786,482.047,713.09,231.043,COMPLETED,0,0,0
Person_236,Person_236_1,working,car,home,126.82488358348685,4319.6356930350885,yes,8274.282112757268,1353.3625491449736,2.88,715.787,712.907,COMPLETED,0,0,0
Person_5050,Person_5050_1,working,car,home,8808.404271041207,2523.3322804250924,city,10159.910029921817,195.30711077929786,2.88,718.484,715.604,COMPLETED,0,0,0
Person_5100,Person_5100_1,working,car,home,8982.539674594882,6224.04271922478,yes,6533.48253346657,3589.052394846208,2.88,718.484,715.604,COMPLETED,0,0,0
Person_5496,Person_5496_1,working,car,home,8220.833391544576,2992.8116108383188,city,10159.910029921817,195.30711077929786,3.779,725.676,721.897,COMPLETED,0,0,0
Person_4968,Person_4968_1,working,car,home,8443.206055648614,5099.814488542908,city,10159.910029921817,195.30711077929786,302.247,725.676,423.42900000000003,COMPLETED,0,0,0
Person_3357,Person_3357_1,working,car,home,6063.154344276787,2671.2009487070127,city,10159.910029921817,195.30711077929786,2.88,731.07,728.19,COMPLETED,0,0,0
Person_4501,Person_4501_1,working,car,home,10159.910029921817,195.30711077929786,yes,6115.030774043765,6650.723407937329,662.746,732.868,70.12200000000007,COMPLETED,0,0,0
Person_8135,Person_8135_1,working,car,home,6005.07552988408,2848.4088943120782,city,10159.910029921817,195.30711077929786,62.214,735.565,673.3510000000001,COMPLETED,0,0,0
Person_5503,Person_5503_1,working,car,home,8339.155074101396,3215.8067619711564,city,10159.910029921817,195.30711077929786,2.88,737.363,734.4830000000001,COMPLETED,0,0,0
Person_3325,Person_3325_1,working,car,home,4771.159705068488,7798.325282355149,yes,6269.275438231405,3706.7332370803506,602.513,738.262,135.7489999999999,COMPLETED,0,0,0
Person_6010,Person_6010_1,working,train,home,8095.975744629531,2971.3303100104436,,8351.70415135049,2763.8378920000764,2.88,739.161,736.281,COMPLETED,0,0,0
Person_4351,Person_4351_1,working,car,home,8456.40028891842,3807.1598844888217,city,10159.910029921817,195.30711077929786,2.88,740.06,737.18,COMPLETED,0,0,0
Person_5103,Person_5103_1,working,car,home,7538.884631175474,3786.352266424379,university,5908.061135515454,2983.961702940033,182.68,740.06,557.3799999999999,COMPLETED,0,0,0
Person_2240,Person_2240_1,working,car,home,4771.159705068488,7798.325282355149,university,5887.791508799354,2982.146731596164,2.88,740.959,738.079,COMPLETED,0,0,0
Person_5215,Person_5215_1,working,car,home,5514.04217223909,967.5520777065608,university,6850.81127161198,3522.934095561738,722.08,740.959,18.878999999999905,COMPLETED,0,0,0
Person_5261,Person_5261_1,working,car,home,10159.910029921817,195.30711077929786,university,6451.821586100195,3200.551272926657,722.08,744.555,22.47499999999991,COMPLETED,0,0,0
Person_1167,Person_1167_1,working,car,home,8982.539674594882,6224.04271922478,yes,7317.753880345774,4085.5628081118657,2.88,745.454,742.574,COMPLETED,0,0,0
Person_4116,Person_4116_1,working,car,home,10159.910029921817,195.30711077929786,university,6451.821586100195,3200.551272926657,2.88,745.454,742.574,COMPLETED,0,0,0
Person_3484,Person_3484_1,working,car,home,10159.910029921817,195.30711077929786,yes,6789.203454781739,4314.343983813968,2.88,747.252,744.372,COMPLETED,0,0,0
Person_2856,Person_2856_1,working,car,home,8135.807915164732,3684.6833508384466,city,10159.910029921817,195.30711077929786,482.047,747.252,265.2049999999999,COMPLETED,0,0,0
Person_3074,Person_3074_1,working,car,home,6040.3549882449,3718.1405599314025,university,5887.791508799354,2982.146731596164,422.713,748.151,325.43799999999993,COMPLETED,0,0,0
Person_4797,Person_4797_1,working,car,home,7307.820647829323,4142.764299608269,university,6839.399852089795,3585.511730890991,722.08,748.151,26.070999999999913,COMPLETED,0,0,0
Person_5088,Person_5088_1,working,car,home,10159.910029921817,195.30711077929786,yes,7192.610448351387,4732.2569378087,2.88,749.05,746.17,COMPLETED,0,0,0
Person_876,Person_876_1,working,car,home,10159.910029921817,195.30711077929786,yes,5742.759981889576,639.4646778498592,302.247,749.949,447.70199999999994,COMPLETED,0,0,0
Person_8913,Person_8913_1,working,car,home,7039.53281604858,1887.9786110119599,city,10159.910029921817,195.30711077929786,422.713,749.949,327.23599999999993,COMPLETED,0,0,0
Person_8960,Person_8960_1,working,car,home,4881.535760396978,5260.957073286449,city,10159.910029921817,195.30711077929786,2.88,754.444,751.564,COMPLETED,0,0,0
Person_1590,Person_1590_1,working,car,home,10159.910029921817,195.30711077929786,industrial,4295.1909003078545,1755.7114714057195,2.88,755.343,752.463,COMPLETED,0,0,0
Person_5247,Person_5247_1,working,car,home,6898.13718095871,4226.8949582956,city,10159.910029921817,195.30711077929786,722.08,756.242,34.16199999999992,COMPLETED,0,0,0
Person_6303,Person_6303_1,working,car,home,7846.736034487383,4016.393720999605,city,10159.910029921817,195.30711077929786,2.88,757.141,754.261,COMPLETED,0,0,0
Person_8447,Person_8447_1,working,car,home,7713.7987615194015,5393.253655563038,school,9073.502899488896,3567.523879519276,2.88,758.939,756.059,COMPLETED,0,0,0
Person_5679,Person_5679_1,working,car,home,10159.910029921817,195.30711077929786,yes,7081.098489739911,2012.050819333615,482.047,758.939,276.89199999999994,COMPLETED,0,0,0
Person_9522,Person_9522_1,working,car,home,10159.910029921817,195.30711077929786,university,6839.399852089795,3585.511730890991,2.88,760.737,757.857,COMPLETED,0,0,0
Person_3431,Person_3431_1,working,taxi,home,8211.38021813205,3157.629500852959,city,10159.910029921817,195.30711077929786,2.88,760.737,757.857,COMPLETED,0,0,0
Person_2037,Person_2037_1,working,car,home,4771.159705068488,7798.325282355149,yes,6425.272695966241,4433.852087080538,2.88,762.535,759.655,COMPLETED,0,0,0
Person_4637,Person_4637_1,working,car,home,8240.303570223487,3341.5583218647535,city,10159.910029921817,195.30711077929786,62.214,763.434,701.22,COMPLETED,0,0,0
Person_4165,Person_4165_1,working,car,home,6269.097256042438,2817.9881352446496,city,10159.910029921817,195.30711077929786,242.014,764.333,522.319,COMPLETED,0,0,0
Person_1159,Person_1159_1,working,car,home,10159.910029921817,195.30711077929786,yes,6355.181978459344,3563.8265514898194,722.08,765.232,43.15199999999993,COMPLETED,0,0,0
Person_7305,Person_7305_1,working,car,home,8176.634517436978,3326.5889510900847,city,10159.910029921817,195.30711077929786,722.08,765.232,43.15199999999993,COMPLETED,0,0,0
Person_550,Person_550_1,working,car,home,8982.539674594882,6224.04271922478,yes,7234.40165042798,3840.1574878424694,2.88,766.131,763.251,COMPLETED,0,0,0
Person_8437,Person_8437_1,working,car,home,4771.159705068488,7798.325282355149,yes,6049.6993530653035,5089.6444792186885,662.746,766.131,103.38499999999999,COMPLETED,0,0,0
Person_3964,Person_3964_1,working,car,home,7658.951123023665,3516.565520449733,city,4771.159705068488,7798.325282355149,2.88,769.727,766.847,COMPLETED,0,0,0
Person_8633,Person_8633_1,working,car,home,8010.898080993342,3891.3764582845056,city,10159.910029921817,195.30711077929786,62.214,769.727,707.5129999999999,COMPLETED,0,0,0
Person_469,Person_469_1,working,car,home,5433.934568792399,2725.9713519479346,city,10159.910029921817,195.30711077929786,542.28,770.626,228.346,COMPLETED,0,0,0
Person_3949,Person_3949_1,working,car,home,10159.910029921817,195.30711077929786,yes,5881.763986467882,978.8061721340995,122.447,772.424,649.977,COMPLETED,0,0,0
Person_6126,Person_6126_1,working,car,home,4771.159705068488,7798.325282355149,yes,6053.474859463332,3520.799951206905,2.88,773.323,770.443,COMPLETED,0,0,0
Person_4554,Person_4554_1,working,car,home,7845.68722320652,4045.273026679622,city,10159.910029921817,195.30711077929786,2.88,776.919,774.039,COMPLETED,0,0,0
Person_3032,Person_3032_1,working,car,home,7365.9695041208115,3613.8990750080056,university,6850.81127161198,3522.934095561738,722.08,776.919,54.83899999999994,COMPLETED,0,0,0
Person_5020,Person_5020_1,working,car,home,4771.159705068488,7798.325282355149,yes,5327.271242488871,4271.369841603969,122.447,777.818,655.371,COMPLETED,0,0,0
Person_4542,Person_4542_1,working,car,home,10159.910029921817,195.30711077929786,yes,6512.456662564222,3994.9978952559522,2.88,778.717,775.837,COMPLETED,0,0,0
Person_6129,Person_6129_1,working,car,home,7947.493538257055,2536.5740249677297,university,5872.083656560459,2982.14688861395,722.08,778.717,56.636999999999944,COMPLETED,0,0,0
Person_3252,Person_3252_1,working,car,home,10159.910029921817,195.30711077929786,yes,5508.379409372127,981.961639048095,362.48,779.616,417.13599999999997,COMPLETED,0,0,0
Person_7134,Person_7134_1,working,car,home,7669.522304860647,3991.614120613555,city,10159.910029921817,195.30711077929786,2.88,783.212,780.332,COMPLETED,0,0,0
Person_4490,Person_4490_1,working,car,home,10159.910029921817,195.30711077929786,yes,7308.900017012755,4039.955374581288,2.88,786.808,783.928,COMPLETED,0,0,0
Person_4574,Person_4574_1,working,train,home,6468.666092796933,4415.599493684749,,6383.066520287023,4062.6484057004186,2.88,787.707,784.827,COMPLETED,0,0,0
Person_7715,Person_7715_1,working,walking,home,6093.049345630694,2862.9923458557114,university,5872.083656560459,2982.14688861395,482.047,789.505,307.45799999999997,COMPLETED,0,0,0
Person_3151,Person_3151_1,working,car,home,7688.094520711715,4091.0800104563946,city,10159.910029921817,195.30711077929786,2.88,790.404,787.524,COMPLETED,0,0,0
Person_2640,Person_2640_1,working,car,home,126.82488358348685,4319.6356930350885,university,6839.399852089795,3585.511730890991,2.88,792.202,789.322,COMPLETED,0,0,0
Person_7005,Person_7005_1,working,car,home,10159.910029921817,195.30711077929786,yes,6126.708587691291,3449.944455682431,302.247,793.101,490.854,COMPLETED,0,0,0
Person_4010,Person_4010_1,working,car,home,4065.2060983642004,1289.6729660000035,yes,6554.98336089604,4100.29573642184,2.88,795.798,792.918,COMPLETED,0,0,0
Person_7632,Person_7632_1,working,car,home,4771.159705068488,7798.325282355149,yes,5684.672076213712,997.1407546368981,782.313,795.798,13.485000000000014,COMPLETED,0,0,0
Person_5302,Person_5302_1,working,car,home,8456.40028891842,3807.1598844888217,city,10159.910029921817,195.30711077929786,2.88,796.697,793.817,COMPLETED,0,0,0
Person_979,Person_979_1,working,car,home,7777.856505150071,3686.5501784942494,city,10159.910029921817,195.30711077929786,362.48,797.596,435.116,COMPLETED,0,0,0
Person_1897,Person_1897_1,working,car,home,10159.910029921817,195.30711077929786,industrial,8299.625715723763,4302.248947108738,782.313,799.394,17.081000000000017,COMPLETED,0,0,0
Person_1956,Person_1956_1,working,car,home,8962.371050107427,2423.0197562418275,city,10159.910029921817,195.30711077929786,782.313,800.293,17.980000000000018,COMPLETED,0,0,0
Person_9381,Person_9381_1,working,car,home,10159.910029921817,195.30711077929786,yes,6112.458975732544,4528.364427516567,2.88,802.091,799.211,COMPLETED,0,0,0
Person_934,Person_934_1,working,car,home,10159.910029921817,195.30711077929786,yes,7256.837447896024,3715.180245767198,2.88,802.99,800.11,COMPLETED,0,0,0
Person_4109,Person_4109_1,working,car,home,10159.910029921817,195.30711077929786,yes,5240.999295999353,891.3712315405824,2.88,802.99,800.11,COMPLETED,0,0,0
Person_8796,Person_8796_1,working,car,home,5712.594571996592,4864.659928079132,city,10159.910029921817,195.30711077929786,2.88,802.99,800.11,COMPLETED,0,0,0
Person_4011,Person_4011_1,working,car,home,4832.346383173498,5238.697855935197,university,6839.399852089795,3585.511730890991,302.247,803.889,501.642,COMPLETED,0,0,0
Person_4066,Person_4066_1,working,car,home,10159.910029921817,195.30711077929786,university,6897.893782272236,3752.9120240344228,3.779,804.788,801.009,COMPLETED,0,0,0
Person_2791,Person_2791_1,working,car,home,10159.910029921817,195.30711077929786,yes,6871.113672842544,4186.361364772343,3.779,805.687,801.908,COMPLETED,0,0,0
Person_9138,Person_9138_1,working,car,home,6918.642065796709,3020.4119070310867,university,5872.083656560459,2982.14688861395,782.313,805.687,23.374000000000024,COMPLETED,0,0,0
Person_4261,Person_4261_1,working,car,home,4065.2060983642004,1289.6729660000035,kindergarten,6894.377262739245,4562.107792110269,122.447,806.586,684.139,COMPLETED,0,0,0
Person_1789,Person_1789_1,working,car,home,10159.910029921817,195.30711077929786,yes,6372.490554936575,4448.708005109362,2.88,809.283,806.403,COMPLETED,0,0,0
Person_7306,Person_7306_1,working,car,home,8220.833391544576,2992.8116108383188,city,10159.910029921817,195.30711077929786,2.88,810.182,807.302,COMPLETED,0,0,0
Person_3035,Person_3035_1,working,car,home,7959.623033304331,4043.962191068502,university,6850.81127161198,3522.934095561738,482.047,811.081,329.034,COMPLETED,0,0,0
Person_6794,Person_6794_1,working,car,home,5460.652697186963,3216.1948744823926,kindergarten,7829.653627273629,4416.211188657,302.247,811.98,509.733,COMPLETED,0,0,0
Person_9769,Person_9769_1,working,car,home,6856.264353083989,3400.6870854719837,city,10159.910029921817,195.30711077929786,782.313,812.879,30.56600000000003,COMPLETED,0,0,0
Person_2421,Person_2421_1,working,car,home,8760.089598763701,3217.217496332685,city,10159.910029921817,195.30711077929786,602.513,813.778,211.265,COMPLETED,0,0,0
Person_4104,Person_4104_1,working,car,home,7174.180560370514,4215.163338781263,city,8982.539674594882,6224.04271922478,2.88,814.677,811.797,COMPLETED,0,0,0
Person_7622,Person_7622_1,working,car,home,8982.539674594882,6224.04271922478,yes,6608.12488785997,739.9823871814741,2.88,815.576,812.696,COMPLETED,0,0,0
Person_9140,Person_9140_1,working,car,home,10159.910029921817,195.30711077929786,university,6451.821586100195,3200.551272926657,302.247,815.576,513.329,COMPLETED,0,0,0
Person_8468,Person_8468_1,working,car,home,9123.697653266236,3692.862222911861,city,10159.910029921817,195.30711077929786,302.247,816.475,514.2280000000001,COMPLETED,0,0,0
Person_996,Person_996_1,working,car,home,7870.317405529053,4915.604456516666,university,5887.791508799354,2982.146731596164,182.68,817.374,634.694,COMPLETED,0,0,0
Person_2883,Person_2883_1,working,walking,home,6137.198762248635,2263.536687132193,university,5872.083656560459,2982.14688861395,3.779,820.97,817.191,COMPLETED,0,0,0
Person_9193,Person_9193_1,working,car,home,10159.910029921817,195.30711077929786,university,6980.17060882167,3727.0047244733337,2.88,821.869,818.989,COMPLETED,0,0,0
Person_3255,Person_3255_1,working,car,home,6907.237683608298,2651.2557736027147,city,4771.159705068488,7798.325282355149,2.88,822.768,819.888,COMPLETED,0,0,0
Person_3639,Person_3639_1,working,car,home,7112.262235635471,3927.383257725828,city,10159.910029921817,195.30711077929786,2.88,823.667,820.787,COMPLETED,0,0,0
Person_4021,Person_4021_1,working,car,home,5743.092407535286,2554.7994279450054,city,4771.159705068488,7798.325282355149,2.88,823.667,820.787,COMPLETED,0,0,0
Person_2103,Person_2103_1,working,car,home,3071.074750082608,6534.816709211518,university,6897.893782272236,3752.9120240344228,782.313,824.566,42.25300000000004,COMPLETED,0,0,0
Person_2310,Person_2310_1,working,taxi,home,7775.623345129226,3119.8079748700957,university,5908.061135515454,2983.961702940033,2.88,827.263,824.383,COMPLETED,0,0,0
Person_3465,Person_3465_1,working,car,home,8982.539674594882,6224.04271922478,yes,5557.9509806258175,706.8905566788812,2.88,829.061,826.181,COMPLETED,0,0,0
Person_5203,Person_5203_1,working,car,home,5410.579371151231,2888.5423292138444,city,10159.910029921817,195.30711077929786,2.88,829.96,827.08,COMPLETED,0,0,0
Person_9106,Person_9106_1,working,car,home,6820.095395142281,4051.356325205775,city,10159.910029921817,195.30711077929786,2.88,829.96,827.08,COMPLETED,0,0,0
Person_6784,Person_6784_1,working,train,home,8971.950810598124,2582.391299883089,,8351.70415135049,2763.8378920000764,2.88,829.96,827.08,COMPLETED,0,0,0
Person_6643,Person_6643_1,working,car,home,8061.370720850439,2974.770974101761,kindergarten,6894.377262739245,4562.107792110269,422.713,830.859,408.146,COMPLETED,0,0,0
Person_4271,Person_4271_1,working,car,home,8235.126208255495,3006.054638818281,city,8982.539674594882,6224.04271922478,2.88,831.758,828.878,COMPLETED,0,0,0
Person_9141,Person_9141_1,working,car,home,10159.910029921817,195.30711077929786,yes,7017.608761341391,4957.375467352018,2.88,836.253,833.373,COMPLETED,0,0,0
Person_987,Person_987_1,working,car,home,6381.779085848762,4602.264601260456,city,10159.910029921817,195.30711077929786,122.447,836.253,713.806,COMPLETED,0,0,0
Person_2534,Person_2534_1,working,car,home,10159.910029921817,195.30711077929786,yes,6539.21378079991,4029.144843694495,2.88,837.152,834.272,COMPLETED,0,0,0
Person_3904,Person_3904_1,working,car,home,6187.1840317147235,2882.0321859525143,city,10159.910029921817,195.30711077929786,2.88,837.152,834.272,COMPLETED,0,0,0
Person_4723,Person_4723_1,working,car,home,10159.910029921817,195.30711077929786,yes,7020.867354944403,4086.8254415233087,782.313,838.051,55.738000000000056,COMPLETED,0,0,0
Person_5902,Person_5902_1,working,car,home,5876.262530990508,1033.0185296640077,university,6753.286006283763,3714.7935438899995,62.214,838.95,776.7360000000001,COMPLETED,0,0,0
Person_1986,Person_1986_1,working,car,home,4065.2060983642004,1289.6729660000035,retail,6972.223770682983,3595.890893608543,722.08,839.849,117.769,COMPLETED,0,0,0
Person_5422,Person_5422_1,working,train,home,8338.646844392764,3272.618961856206,,8351.70415135049,2763.8378920000764,302.247,840.748,538.501,COMPLETED,0,0,0
Person_5578,Person_5578_1,working,car,home,8159.596485369912,3492.530796100029,city,10159.910029921817,195.30711077929786,2.88,843.445,840.565,COMPLETED,0,0,0
Person_3829,Person_3829_1,working,car,home,6829.293913238063,4302.719939574538,university,6753.286006283763,3714.7935438899995,722.08,843.445,121.36500000000001,COMPLETED,0,0,0
Person_9125,Person_9125_1,working,car,home,126.82488358348685,4319.6356930350885,industrial,5487.908606955604,4077.2003767957212,3.779,846.142,842.363,COMPLETED,0,0,0
Person_4615,Person_4615_1,working,car,home,7542.835279762156,3638.8733510362117,city,10159.910029921817,195.30711077929786,782.313,847.041,64.72800000000007,COMPLETED,0,0,0
Person_2847,Person_2847_1,working,car,home,8809.666643538927,2584.4604355062893,school,6345.23941292684,5377.565350415105,2.88,848.839,845.9590000000001,COMPLETED,0,0,0
Person_5637,Person_5637_1,working,car,home,10159.910029921817,195.30711077929786,industrial,5408.679578803075,4186.1076555873315,2.88,849.738,846.8580000000001,COMPLETED,0,0,0
Person_8156,Person_8156_1,working,car,home,5355.86809857001,1172.5143375565085,city,10159.910029921817,195.30711077929786,2.88,849.738,846.8580000000001,COMPLETED,0,0,0
Person_429,Person_429_1,working,car,home,4771.159705068488,7798.325282355149,yes,6400.3252128934055,3675.024317694928,2.88,850.637,847.757,COMPLETED,0,0,0
Person_7329,Person_7329_1,working,car,home,10159.910029921817,195.30711077929786,industrial,3972.5148090510534,1772.4858952431784,2.88,850.637,847.757,COMPLETED,0,0,0
Person_7419,Person_7419_1,working,car,home,10159.910029921817,195.30711077929786,yes,6086.204126855733,5536.682300746563,3.779,851.536,847.757,COMPLETED,0,0,0
Person_4273,Person_4273_1,working,car,home,6067.395685198093,1034.5259081815448,city,8982.539674594882,6224.04271922478,482.047,851.536,369.4889999999999,COMPLETED,0,0,0
Person_2346,Person_2346_1,working,car,home,8294.352490680229,1307.2368662646131,city,10159.910029921817,195.30711077929786,422.713,856.031,433.3179999999999,COMPLETED,0,0,0
Person_8144,Person_8144_1,working,car,home,5690.125721263378,3599.8872076592734,university,6451.821586100195,3200.551272926657,362.48,857.829,495.34899999999993,COMPLETED,0,0,0
Person_7757,Person_7757_1,working,car,home,6973.6115264175805,3964.233448785369,city,8982.539674594882,6224.04271922478,842.546,860.526,17.979999999999905,COMPLETED,0,0,0
Person_5308,Person_5308_1,working,car,home,7250.8323570610655,4147.304959703984,city,10159.910029921817,195.30711077929786,2.88,863.223,860.343,COMPLETED,0,0,0
Person_5079,Person_5079_1,working,car,home,4771.159705068488,7798.325282355149,yes,6829.293913238063,4302.719939574538,362.48,863.223,500.74299999999994,COMPLETED,0,0,0
Person_7779,Person_7779_1,working,car,home,6533.48253346657,3589.052394846208,university,6897.893782272236,3752.9120240344228,662.746,863.223,200.47699999999998,COMPLETED,0,0,0
Person_5544,Person_5544_1,working,car,home,10159.910029921817,195.30711077929786,industrial,8376.529447820134,1181.2891019343526,842.546,863.223,20.676999999999907,COMPLETED,0,0,0
Person_2795,Person_2795_1,working,car,home,5447.550179829096,3015.7913025478156,city,8982.539674594882,6224.04271922478,2.88,865.021,862.141,COMPLETED,0,0,0
Person_5365,Person_5365_1,working,car,home,5352.666117567112,2757.988562621047,university,5908.061135515454,2983.961702940033,542.28,867.718,325.438,COMPLETED,0,0,0
Person_5402,Person_5402_1,working,car,home,7167.697434183487,4202.681428783023,city,10159.910029921817,195.30711077929786,2.88,869.516,866.636,COMPLETED,0,0,0
Person_6401,Person_6401_1,working,car,home,10159.910029921817,195.30711077929786,yes,6055.6687878490875,1007.0216128138065,842.546,869.516,26.969999999999914,COMPLETED,0,0,0
Person_6680,Person_6680_1,working,car,home,6386.359789436198,3720.4590430261537,city,10159.910029921817,195.30711077929786,182.68,871.314,688.634,COMPLETED,0,0,0
Person_9595,Person_9595_1,working,car,home,7069.970879698892,3789.365790076167,city,10159.910029921817,195.30711077929786,842.546,872.213,29.666999999999916,COMPLETED,0,0,0
Person_6416,Person_6416_1,working,car,home,9034.568123446072,2928.422816290495,university,5887.791508799354,2982.146731596164,2.88,873.112,870.232,COMPLETED,0,0,0
Person_8456,Person_8456_1,working,car,home,7710.209388457456,3851.4331900393995,city,10159.910029921817,195.30711077929786,842.546,873.112,30.565999999999917,COMPLETED,0,0,0
Person_9294,Person_9294_1,working,car,home,5947.006782135497,2928.5787623331694,city,8982.539674594882,6224.04271922478,2.88,874.91,872.03,COMPLETED,0,0,0
Person_7450,Person_7450_1,working,car,home,7326.241633871126,4245.588063934467,city,10159.910029921817,195.30711077929786,2.88,875.809,872.929,COMPLETED,0,0,0
Person_9568,Person_9568_1,working,car,home,6619.42950769379,2201.6220800769684,city,8982.539674594882,6224.04271922478,182.68,875.809,693.1289999999999,COMPLETED,0,0,0
Person_5421,Person_5421_1,working,car,home,10159.910029921817,195.30711077929786,yes,6369.157138574695,3627.0229454100195,122.447,876.708,754.261,COMPLETED,0,0,0
Person_1824,Person_1824_1,working,car,home,8270.625428497271,3725.714908777447,city,10159.910029921817,195.30711077929786,842.546,877.607,35.06099999999992,COMPLETED,0,0,0
Person_771,Person_771_1,working,taxi,home,10159.910029921817,195.30711077929786,yes,6704.130450516134,4608.110121096623,2.88,878.506,875.626,COMPLETED,0,0,0
Person_8927,Person_8927_1,working,car,home,7004.485989969746,3999.9883515868687,university,8640.52148904632,1242.1470644446506,2.88,879.405,876.525,COMPLETED,0,0,0
Person_6400,Person_6400_1,working,car,home,8971.842115968078,3214.240188703948,university,5872.083656560459,2982.14688861395,782.313,879.405,97.09199999999998,COMPLETED,0,0,0
Person_1002,Person_1002_1,working,car,home,4771.159705068488,7798.325282355149,university,5908.061135515454,2983.961702940033,122.447,881.203,758.756,COMPLETED,0,0,0
Person_3203,Person_3203_1,working,car,home,6068.0141169901535,4748.482201772183,city,10159.910029921817,195.30711077929786,842.546,881.203,38.656999999999925,COMPLETED,0,0,0
Person_465,Person_465_1,working,car,home,7792.6380122526725,3987.613406793118,city,8982.539674594882,6224.04271922478,2.88,882.102,879.222,COMPLETED,0,0,0
Person_9865,Person_9865_1,working,car,home,6279.323807961682,2901.1210946722967,city,10159.910029921817,195.30711077929786,2.88,882.102,879.222,COMPLETED,0,0,0
Person_994,Person_994_1,working,car,home,10159.910029921817,195.30711077929786,yes,7018.759305170873,3795.627930695902,182.68,883.001,700.3209999999999,COMPLETED,0,0,0
Person_7438,Person_7438_1,working,car,home,10159.910029921817,195.30711077929786,university,6850.81127161198,3522.934095561738,2.88,883.9,881.02,COMPLETED,0,0,0
Person_6494,Person_6494_1,working,car,home,126.82488358348685,4319.6356930350885,industrial,8975.999599637351,4134.854176006858,2.88,884.799,881.919,COMPLETED,0,0,0
Person_6604,Person_6604_1,working,car,home,812.749230267771,6686.310237051298,yes,7316.9535324154,3197.205242220883,2.88,885.698,882.818,COMPLETED,0,0,0
Person_1312,Person_1312_1,working,car,home,10159.910029921817,195.30711077929786,yes,6317.773369299491,5298.374142131763,2.88,887.496,884.616,COMPLETED,0,0,0
Person_4151,Person_4151_1,working,car,home,5046.082298986916,4903.116162712401,university,5887.791508799354,2982.146731596164,782.313,888.395,106.082,COMPLETED,0,0,0
Person_2758,Person_2758_1,working,car,home,6344.054605021181,3690.4899460547235,city,10159.910029921817,195.30711077929786,2.88,889.294,886.414,COMPLETED,0,0,0
Person_4988,Person_4988_1,working,car,home,5431.78630557444,2350.363904396496,city,10159.910029921817,195.30711077929786,842.546,889.294,46.747999999999934,COMPLETED,0,0,0
Person_7054,Person_7054_1,working,car,home,7679.794726122548,3659.4733901363747,city,8982.539674594882,6224.04271922478,602.513,892.89,290.37699999999995,COMPLETED,0,0,0
Person_197,Person_197_1,working,car,home,7892.256224631206,2884.3067492923615,city,10159.910029921817,195.30711077929786,842.546,893.789,51.24299999999994,COMPLETED,0,0,0
Person_2602,Person_2602_1,working,car,home,4065.2060983642004,1289.6729660000035,yes,5696.596545725324,534.158134642236,62.214,895.587,833.373,COMPLETED,0,0,0
Person_4259,Person_4259_1,working,car,home,5656.035646493733,3090.011855008216,city,10159.910029921817,195.30711077929786,422.713,895.587,472.87399999999997,COMPLETED,0,0,0
Person_6831,Person_6831_1,working,car,home,5613.759270834087,4826.678403770521,city,10159.910029921817,195.30711077929786,422.713,895.587,472.87399999999997,COMPLETED,0,0,0
Person_4389,Person_4389_1,working,car,home,7615.02376321483,3687.84599625596,university,5887.791508799354,2982.146731596164,422.713,897.385,474.67199999999997,COMPLETED,0,0,0
Person_3303,Person_3303_1,working,car,home,8342.225051471616,3604.0255722004877,university,8680.422548567441,1236.9101943957473,542.28,900.082,357.802,COMPLETED,0,0,0
Person_657,Person_657_1,working,car,home,5584.457180273193,698.2639741620771,university,8680.422548567441,1236.9101943957473,722.08,900.981,178.90099999999995,COMPLETED,0,0,0
Person_1210,Person_1210_1,working,car,home,5297.780989487514,5099.869153657053,city,10159.910029921817,195.30711077929786,602.513,901.88,299.36699999999996,COMPLETED,0,0,0
Person_1763,Person_1763_1,working,car,home,8191.587728894599,3625.694591996692,city,10159.910029921817,195.30711077929786,2.88,902.779,899.899,COMPLETED,0,0,0
Person_2391,Person_2391_1,working,walking,home,7631.235334164509,3402.9581956036873,university,8640.52148904632,1242.1470644446506,902.779,902.779,0.0,COMPLETED,0,0,0
Person_5388,Person_5388_1,working,train,home,5570.324451096146,713.2124205153094,,6383.066520287023,4062.6484057004186,902.779,902.779,0.0,COMPLETED,0,0,0
Person_71,Person_71_1,working,car,home,4771.159705068488,7798.325282355149,yes,5522.319451030748,3798.4927151855954,2.88,904.577,901.697,COMPLETED,0,0,0
Person_6162,Person_6162_1,working,car,home,8901.460187012115,2506.290123516297,city,10159.910029921817,195.30711077929786,602.513,904.577,302.06399999999996,COMPLETED,0,0,0
Person_1507,Person_1507_1,working,car,home,4771.159705068488,7798.325282355149,yes,5865.6262279119555,873.0084303189161,2.88,909.072,906.192,COMPLETED,0,0,0
Person_9807,Person_9807_1,working,car,home,4497.4556009549115,5902.899958792276,city,10159.910029921817,195.30711077929786,2.88,909.072,906.192,COMPLETED,0,0,0
Person_3602,Person_3602_1,working,car,home,5736.540299950031,3080.517743199378,university,8640.52148904632,1242.1470644446506,182.68,909.072,726.392,COMPLETED,0,0,0
Person_4888,Person_4888_1,working,car,home,8054.829037605498,3835.935790318601,school,7068.802730487755,2898.605398466998,482.047,909.072,427.025,COMPLETED,0,0,0
Person_9927,Person_9927_1,working,car,home,5109.553882945416,5814.183803997176,city,10159.910029921817,195.30711077929786,842.546,909.072,66.52599999999995,COMPLETED,0,0,0
Person_6838,Person_6838_1,working,car,home,5519.233833055702,959.5520807737673,city,10159.910029921817,195.30711077929786,602.513,913.567,311.054,COMPLETED,0,0,0
Person_3553,Person_3553_1,working,car,home,5530.28104415471,2301.0149266043027,city,10159.910029921817,195.30711077929786,2.88,914.466,911.586,COMPLETED,0,0,0
Person_3464,Person_3464_1,working,car,home,3039.6521009753465,6561.007548370134,city,10159.910029921817,195.30711077929786,902.779,914.466,11.687000000000012,COMPLETED,0,0,0
Person_9032,Person_9032_1,working,car,home,6120.589945949362,3469.1547830693385,city,10159.910029921817,195.30711077929786,122.447,915.365,792.918,COMPLETED,0,0,0
Person_4665,Person_4665_1,working,car,home,6315.502383393626,3754.5481522630444,city,10159.910029921817,195.30711077929786,302.247,917.163,614.9159999999999,COMPLETED,0,0,0
Person_272,Person_272_1,working,car,home,5183.711553501484,2531.4387790812325,city,4771.159705068488,7798.325282355149,362.48,917.163,554.683,COMPLETED,0,0,0
Person_1054,Person_1054_1,working,car,home,10159.910029921817,195.30711077929786,yes,7526.869935630663,5265.856183555259,2.88,918.062,915.182,COMPLETED,0,0,0
Person_9216,Person_9216_1,working,car,home,8623.644141845765,1394.4633683037619,city,10159.910029921817,195.30711077929786,242.014,921.658,679.644,COMPLETED,0,0,0
Person_3436,Person_3436_1,working,car,home,8872.978794368828,2585.909328916069,city,10159.910029921817,195.30711077929786,902.779,922.557,19.77800000000002,COMPLETED,0,0,0
Person_9021,Person_9021_1,working,car,home,9066.727566179086,2959.431423105316,city,10159.910029921817,195.30711077929786,902.779,922.557,19.77800000000002,COMPLETED,0,0,0
Person_6009,Person_6009_1,working,train,home,8095.975744629531,2971.3303100104436,,8351.70415135049,2763.8378920000764,2.88,924.355,921.475,COMPLETED,0,0,0
Person_4849,Person_4849_1,working,car,home,8193.177141933349,2140.716324954603,city,10159.910029921817,195.30711077929786,902.779,927.052,24.273000000000025,COMPLETED,0,0,0
Person_6046,Person_6046_1,working,car,home,6130.308370646612,2581.388215563253,city,10159.910029921817,195.30711077929786,2.88,928.85,925.97,COMPLETED,0,0,0
Person_5552,Person_5552_1,working,car,home,6943.42592484859,4585.863080481192,city,10159.910029921817,195.30711077929786,302.247,928.85,626.6030000000001,COMPLETED,0,0,0
Person_3280,Person_3280_1,working,car,home,6920.810396189843,4367.0995106365945,city,10159.910029921817,195.30711077929786,542.28,930.648,388.36800000000005,COMPLETED,0,0,0
Person_8285,Person_8285_1,working,car,home,4771.159705068488,7798.325282355149,yes,6013.129177810795,5090.015534454052,902.779,930.648,27.869000000000028,COMPLETED,0,0,0
Person_940,Person_940_1,working,car,home,7781.74963546469,3337.592510967947,city,8982.539674594882,6224.04271922478,242.014,931.547,689.533,COMPLETED,0,0,0
Person_4486,Person_4486_1,working,car,home,10159.910029921817,195.30711077929786,yes,6262.1606468519085,3608.507313425349,842.546,931.547,89.00099999999998,COMPLETED,0,0,0
Person_5433,Person_5433_1,working,car,home,6062.140836905099,3423.485241986161,city,8982.539674594882,6224.04271922478,782.313,932.446,150.13300000000004,COMPLETED,0,0,0
Person_9369,Person_9369_1,working,car,home,10159.910029921817,195.30711077929786,retail,6818.80877633669,3867.778498180788,122.447,934.244,811.797,COMPLETED,0,0,0
Person_4443,Person_4443_1,working,car,home,5696.926136983909,4956.964070027032,city,10159.910029921817,195.30711077929786,3.779,935.143,931.364,COMPLETED,0,0,0
Person_1053,Person_1053_1,working,car,home,10159.910029921817,195.30711077929786,yes,5564.6199744294145,787.4292617515972,782.313,939.638,157.32500000000005,COMPLETED,0,0,0
Person_5291,Person_5291_1,working,car,home,5635.043000904385,543.7770757083351,city,10159.910029921817,195.30711077929786,362.48,941.436,578.956,COMPLETED,0,0,0
Person_9791,Person_9791_1,working,car,home,10159.910029921817,195.30711077929786,university,6850.81127161198,3522.934095561738,2.88,943.234,940.354,COMPLETED,0,0,0
Person_2339,Person_2339_1,working,car,home,10159.910029921817,195.30711077929786,retail,8674.095448515724,3202.446171419922,362.48,946.83,584.35,COMPLETED,0,0,0
Person_5528,Person_5528_1,working,car,home,7743.387749202829,3110.037211372316,city,10159.910029921817,195.30711077929786,422.713,947.729,525.0160000000001,COMPLETED,0,0,0
Person_5878,Person_5878_1,working,car,home,4065.2060983642004,1289.6729660000035,yes,6384.628922125158,4588.239654153332,902.779,947.729,44.950000000000045,COMPLETED,0,0,0
Person_9959,Person_9959_1,working,car,home,10159.910029921817,195.30711077929786,university,6897.893782272236,3752.9120240344228,2.88,948.628,945.748,COMPLETED,0,0,0
Person_4713,Person_4713_1,working,car,home,8180.975281611864,2848.564802196491,city,10159.910029921817,195.30711077929786,2.88,950.426,947.546,COMPLETED,0,0,0
Person_4332,Person_4332_1,working,train,home,7959.606512704493,3537.907857571911,,8351.70415135049,2763.8378920000764,2.88,952.224,949.344,COMPLETED,0,0,0
Person_2957,Person_2957_1,working,car,home,8089.614510938058,2936.2795780968727,city,10159.910029921817,195.30711077929786,482.047,954.022,471.975,COMPLETED,0,0,0
Person_8661,Person_8661_1,working,car,home,4771.159705068488,7798.325282355149,yes,7020.867354944403,4086.8254415233087,482.047,956.719,474.672,COMPLETED,0,0,0
Person_3264,Person_3264_1,working,train,home,8209.388418163728,3185.1444401437284,,8351.70415135049,2763.8378920000764,122.447,957.618,835.171,COMPLETED,0,0,0
Person_7631,Person_7631_1,working,car,home,4771.159705068488,7798.325282355149,kindergarten,8814.275893347078,2600.603644607052,2.88,961.214,958.3340000000001,COMPLETED,0,0,0
Person_9528,Person_9528_1,working,car,home,6116.1553128138175,2887.763527046731,city,10159.910029921817,195.30711077929786,782.313,961.214,178.90100000000007,COMPLETED,0,0,0
Person_4004,Person_4004_1,working,walking,home,5677.602857738568,2531.1333122578717,university,5901.5627362491805,2994.702412765903,242.014,961.214,719.2,COMPLETED,0,0,0
Person_7368,Person_7368_1,working,car,home,10159.910029921817,195.30711077929786,industrial,4180.36877549633,1452.5372916703363,2.88,963.012,960.132,COMPLETED,0,0,0
Person_2604,Person_2604_1,working,car,home,4771.159705068488,7798.325282355149,yes,5672.014010267812,781.8470616751099,2.88,967.507,964.627,COMPLETED,0,0,0
Person_3788,Person_3788_1,working,car,home,9010.722547993326,3344.3425518527915,city,8982.539674594882,6224.04271922478,542.28,967.507,425.227,COMPLETED,0,0,0
Person_3092,Person_3092_1,working,car,home,6097.741665378329,3732.6083911608457,city,10159.910029921817,195.30711077929786,842.546,967.507,124.9609999999999,COMPLETED,0,0,0
Person_2638,Person_2638_1,working,car,home,10159.910029921817,195.30711077929786,school,8359.839720127626,3987.9042581546664,2.88,968.406,965.526,COMPLETED,0,0,0
Person_1294,Person_1294_1,working,car,home,6920.438028467143,4603.98364694794,city,10159.910029921817,195.30711077929786,902.779,968.406,65.62699999999995,COMPLETED,0,0,0
Person_5280,Person_5280_1,working,car,home,4771.159705068488,7798.325282355149,school,8930.382961603776,3399.952793477875,2.88,970.204,967.324,COMPLETED,0,0,0
Person_660,Person_660_1,working,car,home,10159.910029921817,195.30711077929786,industrial,8790.900918089106,4406.522147029456,2.88,971.103,968.223,COMPLETED,0,0,0
Person_6408,Person_6408_1,working,car,home,8041.925686078922,2948.660400157343,city,10159.910029921817,195.30711077929786,842.546,974.699,132.1529999999999,COMPLETED,0,0,0
Person_8668,Person_8668_1,working,train,home,9055.665583387954,2997.81364879901,,8351.70415135049,2763.8378920000764,2.88,975.598,972.718,COMPLETED,0,0,0
Person_3101,Person_3101_1,working,car,home,10159.910029921817,195.30711077929786,yes,6998.834022140411,4074.2851423010434,182.68,976.497,793.817,COMPLETED,0,0,0
Person_5852,Person_5852_1,working,car,home,6071.92720445448,2545.6851108718474,school,8567.776739000936,4065.02874245973,842.546,976.497,133.9509999999999,COMPLETED,0,0,0
Person_2366,Person_2366_1,working,car,home,8194.60114726768,3666.7068369493945,city,10159.910029921817,195.30711077929786,302.247,979.194,676.9469999999999,COMPLETED,0,0,0
Person_7147,Person_7147_1,working,car,home,8311.576727158108,2964.1275304602136,city,10159.910029921817,195.30711077929786,182.68,981.891,799.211,COMPLETED,0,0,0
Person_3888,Person_3888_1,working,train,home,6297.03864691014,3499.0715841573847,,6383.066520287023,4062.6484057004186,2.88,982.79,979.91,COMPLETED,0,0,0
Person_7682,Person_7682_1,working,car,home,10159.910029921817,195.30711077929786,yes,6937.8929253207625,4292.451251932224,2.88,984.588,981.708,COMPLETED,0,0,0
Person_7664,Person_7664_1,working,car,home,6684.194584553144,3141.939045300567,university,6753.286006283763,3714.7935438899995,422.713,985.487,562.7739999999999,COMPLETED,0,0,0
Person_2374,Person_2374_1,working,car,home,4065.2060983642004,1289.6729660000035,civic,9180.937269959495,3500.424943592515,2.88,986.386,983.506,COMPLETED,0,0,0
Person_6808,Person_6808_1,working,car,home,10159.910029921817,195.30711077929786,university,5908.061135515454,2983.961702940033,302.247,989.083,686.836,COMPLETED,0,0,0
Person_8071,Person_8071_1,working,car,home,7576.998199075092,3493.677121426937,city,10159.910029921817,195.30711077929786,602.513,990.881,388.36799999999994,COMPLETED,0,0,0
Person_5733,Person_5733_1,working,car,home,10159.910029921817,195.30711077929786,yes,5776.83656564903,537.4154779923903,2.88,992.679,989.799,COMPLETED,0,0,0
Person_9285,Person_9285_1,working,car,home,8584.522120735059,2924.295791054636,city,10159.910029921817,195.30711077929786,962.113,992.679,30.565999999999917,COMPLETED,0,0,0
Person_6351,Person_6351_1,working,train,home,7619.084309412377,3260.6671070460325,,8351.70415135049,2763.8378920000764,2.88,993.578,990.698,COMPLETED,0,0,0
Person_586,Person_586_1,working,car,home,4771.159705068488,7798.325282355149,university,5908.061135515454,2983.961702940033,362.48,995.376,632.896,COMPLETED,0,0,0
Person_1411,Person_1411_1,working,car,home,7713.916057010627,4949.372110769741,city,10159.910029921817,195.30711077929786,962.113,995.376,33.26299999999992,COMPLETED,0,0,0
Person_3305,Person_3305_1,working,car,home,10159.910029921817,195.30711077929786,yes,7105.286505412262,1988.2811640136433,962.113,996.275,34.16199999999992,COMPLETED,0,0,0
Person_9779,Person_9779_1,working,car,home,10159.910029921817,195.30711077929786,school,6178.314596811026,2972.721994299326,242.014,998.073,756.059,COMPLETED,0,0,0
Person_4809,Person_4809_1,working,car,home,4771.159705068488,7798.325282355149,yes,5847.214579393677,862.4783744513896,2.88,999.871,996.991,COMPLETED,0,0,0
Person_2540,Person_2540_1,working,car,home,10159.910029921817,195.30711077929786,industrial,3913.6950759472606,1693.4261293370168,3.779,1001.669,997.89,COMPLETED,0,0,0
Person_1245,Person_1245_1,working,car,home,5908.280144512303,2684.8632600022606,city,10159.910029921817,195.30711077929786,362.48,1001.669,639.189,COMPLETED,0,0,0
Person_4757,Person_4757_1,working,car,home,7851.373646460126,5044.589279219628,university,6839.399852089795,3585.511730890991,602.513,1004.366,401.85299999999995,COMPLETED,0,0,0
Person_5010,Person_5010_1,working,car,home,7402.065969350705,3190.8701183298954,city,10159.910029921817,195.30711077929786,962.113,1006.164,44.05099999999993,COMPLETED,0,0,0
Person_9018,Person_9018_1,working,car,home,10159.910029921817,195.30711077929786,yes,6238.075584087835,3613.156082417023,2.88,1010.659,1007.779,COMPLETED,0,0,0
Person_9823,Person_9823_1,working,train,home,7947.493538257055,2536.5740249677297,,8351.70415135049,2763.8378920000764,362.48,1010.659,648.179,COMPLETED,0,0,0
Person_6722,Person_6722_1,working,car,home,4771.159705068488,7798.325282355149,yes,8430.937867388626,1280.0452035444343,2.88,1011.558,1008.678,COMPLETED,0,0,0
Person_85,Person_85_1,working,train,home,10159.910029921817,195.30711077929786,train_station,7709.480527215847,1931.4959432038092,2.88,1018.75,1015.87,COMPLETED,0,0,0
Person_442,Person_442_1,working,train,home,10159.910029921817,195.30711077929786,train_station,5844.482039014461,6483.055789423292,2.88,1018.75,1015.87,COMPLETED,0,0,0
Person_769,Person_769_1,working,train,home,10159.910029921817,195.30711077929786,train_station,6348.876950043612,4478.598982867826,2.88,1018.75,1015.87,COMPLETED,0,0,0
Person_787,Person_787_1,working,train,home,10159.910029921817,195.30711077929786,train_station,2444.4063458806036,4064.620167920633,2.88,1018.75,1015.87,COMPLETED,0,0,0
Person_1134,Person_1134_1,working,train,home,10159.910029921817,195.30711077929786,train_station,5702.045598013971,964.6725274057613,2.88,1018.75,1015.87,COMPLETED,0,0,0
Person_2857,Person_2857_1,working,train,home,10159.910029921817,195.30711077929786,train_station,4112.945716654054,2056.564487208749,2.88,1018.75,1015.87,COMPLETED,0,0,0
Person_3612,Person_3612_1,working,train,home,10159.910029921817,195.30711077929786,train_station,7381.0678365913345,4215.968113914706,2.88,1018.75,1015.87,COMPLETED,0,0,0
Person_4175,Person_4175_1,working,train,home,10159.910029921817,195.30711077929786,train_station,9017.731370876694,3101.7345609509134,2.88,1018.75,1015.87,COMPLETED,0,0,0
Person_4247,Person_4247_1,working,train,home,10159.910029921817,195.30711077929786,train_station,9472.914884414735,3165.5363435867253,2.88,1018.75,1015.87,COMPLETED,0,0,0
Person_4324,Person_4324_1,working,train,home,10159.910029921817,195.30711077929786,train_station,6850.81127161198,3522.934095561738,2.88,1018.75,1015.87,COMPLETED,0,0,0
Person_4695,Person_4695_1,working,train,home,10159.910029921817,195.30711077929786,train_station,6980.17060882167,3727.0047244733337,2.88,1018.75,1015.87,COMPLETED,0,0,0
Person_4732,Person_4732_1,working,train,home,10159.910029921817,195.30711077929786,train_station,5872.083656560459,2982.14688861395,2.88,1018.75,1015.87,COMPLETED,0,0,0
Person_4998,Person_4998_1,working,train,home,10159.910029921817,195.30711077929786,train_station,7410.418319987588,3555.999675880792,2.88,1018.75,1015.87,COMPLETED,0,0,0
Person_5087,Person_5087_1,working,train,home,10159.910029921817,195.30711077929786,train_station,6869.248882643305,1922.4061166484416,2.88,1018.75,1015.87,COMPLETED,0,0,0
Person_5210,Person_5210_1,working,train,home,10159.910029921817,195.30711077929786,train_station,5183.253602829028,5810.830025609953,2.88,1018.75,1015.87,COMPLETED,0,0,0
Person_5457,Person_5457_1,working,train,home,10159.910029921817,195.30711077929786,train_station,6112.877960340461,3468.5344369436216,2.88,1018.75,1015.87,COMPLETED,0,0,0
Person_6346,Person_6346_1,working,train,home,10159.910029921817,195.30711077929786,train_station,7277.135794153977,3713.043321794252,2.88,1018.75,1015.87,COMPLETED,0,0,0
Person_6771,Person_6771_1,working,train,home,10159.910029921817,195.30711077929786,train_station,6298.134156638382,3589.223491054247,2.88,1018.75,1015.87,COMPLETED,0,0,0
Person_6818,Person_6818_1,working,train,home,10159.910029921817,195.30711077929786,train_station,8492.824150247665,5034.663718529298,2.88,1018.75,1015.87,COMPLETED,0,0,0
Person_6853,Person_6853_1,working,train,home,10159.910029921817,195.30711077929786,train_station,8841.23715559046,3443.3146204736513,2.88,1018.75,1015.87,COMPLETED,0,0,0
Person_7129,Person_7129_1,working,train,home,10159.910029921817,195.30711077929786,train_station,4736.190229959203,5576.931453361598,2.88,1018.75,1015.87,COMPLETED,0,0,0
Person_7390,Person_7390_1,working,train,home,10159.910029921817,195.30711077929786,train_station,7879.419612145963,3007.2887240036102,2.88,1018.75,1015.87,COMPLETED,0,0,0
Person_7554,Person_7554_1,working,train,home,10159.910029921817,195.30711077929786,train_station,6450.066801308118,770.5084859586192,2.88,1018.75,1015.87,COMPLETED,0,0,0
Person_7572,Person_7572_1,working,train,home,10159.910029921817,195.30711077929786,train_station,6798.430479370044,4149.72761652218,2.88,1018.75,1015.87,COMPLETED,0,0,0
Person_7762,Person_7762_1,working,train,home,10159.910029921817,195.30711077929786,train_station,7149.3237459716365,4405.28525584851,2.88,1018.75,1015.87,COMPLETED,0,0,0
Person_7957,Person_7957_1,working,train,home,10159.910029921817,195.30711077929786,train_station,8680.422548567441,1236.9101943957473,2.88,1018.75,1015.87,COMPLETED,0,0,0
Person_8630,Person_8630_1,working,train,home,10159.910029921817,195.30711077929786,train_station,6314.922512502759,3545.9260304252807,2.88,1018.75,1015.87,COMPLETED,0,0,0
Person_9497,Person_9497_1,working,train,home,10159.910029921817,195.30711077929786,train_station,7850.2541667426885,3154.6757966737077,2.88,1018.75,1015.87,COMPLETED,0,0,0
Person_9762,Person_9762_1,working,train,home,10159.910029921817,195.30711077929786,train_station,6180.789433464881,3543.315389542859,2.88,1018.75,1015.87,COMPLETED,0,0,0
Person_4749,Person_4749_1,working,train,home,10159.910029921817,195.30711077929786,train_station,4796.694994439836,6153.1541025162505,3.779,1018.75,1014.971,COMPLETED,0,0,0
Person_7401,Person_7401_1,working,train,home,10159.910029921817,195.30711077929786,train_station,6704.130450516134,4608.110121096623,3.779,1018.75,1014.971,COMPLETED,0,0,0
Person_5906,Person_5906_1,working,train,home,10159.910029921817,195.30711077929786,train_station,5230.642877361374,1050.8610911458102,62.214,1018.75,956.5360000000001,COMPLETED,0,0,0
Person_8531,Person_8531_1,working,train,home,10159.910029921817,195.30711077929786,train_station,9080.274888624233,2485.4357551968696,62.214,1018.75,956.5360000000001,COMPLETED,0,0,0
Person_35,Person_35_1,working,train,home,10159.910029921817,195.30711077929786,train_station,2484.2364941443816,4042.785761636519,122.447,1018.75,896.303,COMPLETED,0,0,0
Person_372,Person_372_1,working,train,home,10159.910029921817,195.30711077929786,train_station,6704.569470783043,4479.04864928141,122.447,1018.75,896.303,COMPLETED,0,0,0
Person_1409,Person_1409_1,working,train,home,10159.910029921817,195.30711077929786,train_station,4123.972415612838,1524.1622608882176,182.68,1018.75,836.0699999999999,COMPLETED,0,0,0
Person_4348,Person_4348_1,working,train,home,10159.910029921817,195.30711077929786,train_station,5773.451195271909,628.3501790139842,182.68,1018.75,836.0699999999999,COMPLETED,0,0,0
Person_6472,Person_6472_1,working,train,home,10159.910029921817,195.30711077929786,train_station,5887.791508799354,2982.146731596164,242.014,1018.75,776.736,COMPLETED,0,0,0
Person_9500,Person_9500_1,working,train,home,10159.910029921817,195.30711077929786,train_station,5221.738786639359,4297.55435847346,242.014,1018.75,776.736,COMPLETED,0,0,0
Person_9759,Person_9759_1,working,train,home,10159.910029921817,195.30711077929786,train_station,5650.925038866245,795.9420973809587,302.247,1018.75,716.5029999999999,COMPLETED,0,0,0
Person_5994,Person_5994_1,working,train,home,10159.910029921817,195.30711077929786,train_station,6307.007116305123,4407.453725825244,362.48,1018.75,656.27,COMPLETED,0,0,0
Person_9041,Person_9041_1,working,train,home,10159.910029921817,195.30711077929786,train_station,8576.21061909691,935.6475255571589,362.48,1018.75,656.27,COMPLETED,0,0,0
Person_9988,Person_9988_1,working,train,home,10159.910029921817,195.30711077929786,train_station,6980.17060882167,3727.0047244733337,362.48,1018.75,656.27,COMPLETED,0,0,0
Person_786,Person_786_1,working,train,home,10159.910029921817,195.30711077929786,train_station,5671.711366786901,917.4546207530643,422.713,1018.75,596.037,COMPLETED,0,0,0
Person_900,Person_900_1,working,train,home,10159.910029921817,195.30711077929786,train_station,6980.17060882167,3727.0047244733337,422.713,1018.75,596.037,COMPLETED,0,0,0
Person_3570,Person_3570_1,working,train,home,10159.910029921817,195.30711077929786,train_station,7080.875063965604,3523.9620876559943,422.713,1018.75,596.037,COMPLETED,0,0,0
Person_8138,Person_8138_1,working,train,home,10159.910029921817,195.30711077929786,train_station,7903.861297224299,4970.886235353688,482.047,1018.75,536.703,COMPLETED,0,0,0
Person_8443,Person_8443_1,working,train,home,10159.910029921817,195.30711077929786,train_station,7208.789657720505,3545.9872636927926,482.047,1018.75,536.703,COMPLETED,0,0,0
Person_8632,Person_8632_1,working,train,home,10159.910029921817,195.30711077929786,train_station,5772.160184427939,4295.708487232795,482.047,1018.75,536.703,COMPLETED,0,0,0
Person_7400,Person_7400_1,working,train,home,10159.910029921817,195.30711077929786,train_station,5604.927847176978,608.6081792584141,542.28,1018.75,476.47,COMPLETED,0,0,0
Person_8133,Person_8133_1,working,train,home,10159.910029921817,195.30711077929786,train_station,7034.162447253612,3475.2101642535704,542.28,1018.75,476.47,COMPLETED,0,0,0
Person_9407,Person_9407_1,working,train,home,10159.910029921817,195.30711077929786,train_station,6108.285225100381,3482.3503377315533,542.28,1018.75,476.47,COMPLETED,0,0,0
Person_815,Person_815_1,working,train,home,10159.910029921817,195.30711077929786,train_station,6753.286006283763,3714.7935438899995,602.513,1018.75,416.23699999999997,COMPLETED,0,0,0
Person_938,Person_938_1,working,train,home,10159.910029921817,195.30711077929786,train_station,5901.5627362491805,2994.702412765903,602.513,1018.75,416.23699999999997,COMPLETED,0,0,0
Person_7389,Person_7389_1,working,train,home,10159.910029921817,195.30711077929786,train_station,6753.286006283763,3714.7935438899995,602.513,1018.75,416.23699999999997,COMPLETED,0,0,0
Person_1577,Person_1577_1,working,train,home,10159.910029921817,195.30711077929786,train_station,5126.601967601573,958.2713231591824,662.746,1018.75,356.004,COMPLETED,0,0,0
Person_2571,Person_2571_1,working,train,home,10159.910029921817,195.30711077929786,train_station,6346.6832635652,5632.738718492591,722.08,1018.75,296.66999999999996,COMPLETED,0,0,0
Person_7877,Person_7877_1,working,train,home,10159.910029921817,195.30711077929786,train_station,4796.694994439836,6153.1541025162505,722.08,1018.75,296.66999999999996,COMPLETED,0,0,0
Person_3019,Person_3019_1,working,train,home,10159.910029921817,195.30711077929786,train_station,5901.5627362491805,2994.702412765903,782.313,1018.75,236.437,COMPLETED,0,0,0
Person_4411,Person_4411_1,working,train,home,10159.910029921817,195.30711077929786,train_station,7069.5565858519485,2011.8402773121245,782.313,1018.75,236.437,COMPLETED,0,0,0
Person_7228,Person_7228_1,working,train,home,10159.910029921817,195.30711077929786,train_station,8728.208254172727,1143.0034648925373,842.546,1018.75,176.20399999999995,COMPLETED,0,0,0
Person_574,Person_574_1,working,train,home,10159.910029921817,195.30711077929786,train_station,8680.422548567441,1236.9101943957473,902.779,1018.75,115.971,COMPLETED,0,0,0
Person_3936,Person_3936_1,working,train,home,10159.910029921817,195.30711077929786,train_station,5563.592857311435,1043.7088616113203,902.779,1018.75,115.971,COMPLETED,0,0,0
Person_1276,Person_1276_1,working,car,home,10159.910029921817,195.30711077929786,yes,5848.763439093775,1056.1172711076642,602.513,1020.548,418.03499999999997,COMPLETED,0,0,0
Person_7455,Person_7455_1,working,train,home,4972.578189139081,5303.486893169261,,5324.662215615522,5920.8056375972865,2.88,1021.447,1018.567,COMPLETED,0,0,0
Person_3401,Person_3401_1,working,car,home,4771.159705068488,7798.325282355149,industrial,4015.2793673373003,1807.3043655456204,302.247,1022.346,720.0989999999999,COMPLETED,0,0,0
Person_4770,Person_4770_1,working,car,home,8982.539674594882,6224.04271922478,unknown,8982.539674594882,6224.04271922478,422.713,1024.144,601.431,ABORTED_BREAKDOWN,0,0,0
Person_2862,Person_2862_1,working,car,home,10159.910029921817,195.30711077929786,university,6753.286006283763,3714.7935438899995,2.88,1026.841,1023.9609999999999,COMPLETED,0,0,0
Person_9810,Person_9810_1,working,walking,home,7168.566457356317,3879.495488472846,university,6980.17060882167,3727.0047244733337,362.48,1031.336,668.856,COMPLETED,0,0,0
Person_7387,Person_7387_1,working,car,home,7821.8889311246085,5051.562822820663,city,10159.910029921817,195.30711077929786,782.313,1032.235,249.9219999999999,COMPLETED,0,0,0
Person_6393,Person_6393_1,working,car,home,8530.895416469946,1032.1959612055718,city,10159.910029921817,195.30711077929786,842.546,1032.235,189.68899999999985,COMPLETED,0,0,0
Person_7253,Person_7253_1,working,car,home,10159.910029921817,195.30711077929786,school,6873.238070694492,3804.348267428833,722.08,1034.033,311.95299999999986,COMPLETED,0,0,0
Person_8601,Person_8601_1,working,car,home,8184.24151179531,3789.3889547189806,university,6753.286006283763,3714.7935438899995,422.713,1034.932,612.219,COMPLETED,0,0,0
Person_4380,Person_4380_1,working,car,home,8036.431663834216,3227.247154354434,kindergarten,7829.653627273629,4416.211188657,242.014,1037.629,795.6149999999999,COMPLETED,0,0,0
Person_3870,Person_3870_1,working,car,home,7029.641003499802,4935.641660882657,city,10159.910029921817,195.30711077929786,722.08,1038.528,316.448,COMPLETED,0,0,0
Person_9256,Person_9256_1,working,car,home,10159.910029921817,195.30711077929786,yes,6478.889135488077,4404.16244558716,242.014,1039.427,797.4129999999999,COMPLETED,0,0,0
Person_8689,Person_8689_1,working,car,home,8982.539674594882,6224.04271922478,industrial,8549.823346959565,5125.65494543641,2.88,1041.225,1038.3449999999998,COMPLETED,0,0,0
Person_3714,Person_3714_1,working,car,home,4771.159705068488,7798.325282355149,industrial,7144.318665199726,5400.348945292032,1022.346,1041.225,18.878999999999905,COMPLETED,0,0,0
Person_3340,Person_3340_1,working,car,home,6147.802875563546,3658.8436642716542,city,10159.910029921817,195.30711077929786,1022.346,1042.124,19.77800000000002,COMPLETED,0,0,0
Person_7845,Person_7845_1,working,car,home,5573.090546749515,2318.8169501565217,city,10159.910029921817,195.30711077929786,782.313,1043.023,260.7099999999999,COMPLETED,0,0,0
Person_2057,Person_2057_1,working,train,home,8676.010528482882,2607.014297239817,,8351.70415135049,2763.8378920000764,602.513,1043.922,441.409,COMPLETED,0,0,0
Person_6627,Person_6627_1,working,car,home,10159.910029921817,195.30711077929786,school,7815.620707248594,4334.47240185377,2.88,1044.821,1041.9409999999998,COMPLETED,0,0,0
Person_7334,Person_7334_1,working,car,home,4771.159705068488,7798.325282355149,university,5887.791508799354,2982.146731596164,2.88,1048.417,1045.5369999999998,COMPLETED,0,0,0
Person_1253,Person_1253_1,working,car,home,6514.5572755060675,4423.4518895371275,city,10159.910029921817,195.30711077929786,1022.346,1050.215,27.868999999999915,COMPLETED,0,0,0
Person_3322,Person_3322_1,working,car,home,10159.910029921817,195.30711077929786,yes,6269.275438231405,3706.7332370803506,722.08,1052.013,329.9329999999999,COMPLETED,0,0,0
Person_8401,Person_8401_1,working,walking,home,5742.750412396948,3079.8340559199155,university,5887.791508799354,2982.146731596164,602.513,1052.013,449.4999999999999,COMPLETED,0,0,0
Person_3908,Person_3908_1,working,car,home,10159.910029921817,195.30711077929786,yes,6376.229499920836,3571.101007022244,62.214,1052.912,990.6980000000001,COMPLETED,0,0,0
Person_1816,Person_1816_1,working,car,home,8557.83828353806,1128.7269359507734,city,10159.910029921817,195.30711077929786,1022.346,1053.811,31.464999999999918,COMPLETED,0,0,0
Person_4963,Person_4963_1,working,train,home,4917.143330160337,5643.175119436304,,5324.662215615522,5920.8056375972865,2.88,1053.811,1050.9309999999998,COMPLETED,0,0,0
Person_5323,Person_5323_1,working,car,home,8557.800922041628,2932.935592009425,city,10159.910029921817,195.30711077929786,2.88,1054.71,1051.83,COMPLETED,0,0,0
Person_5127,Person_5127_1,working,car,home,8288.533799201994,3724.332665725375,city,10159.910029921817,195.30711077929786,1022.346,1055.609,33.26299999999992,COMPLETED,0,0,0
Person_395,Person_395_1,working,car,home,4771.159705068488,7798.325282355149,yes,6203.294767300871,7427.203452804478,602.513,1057.407,454.8939999999999,COMPLETED,0,0,0
Person_7932,Person_7932_1,working,car,home,8239.26591251397,3267.5149055998686,university,8680.422548567441,1236.9101943957473,1022.346,1059.205,36.858999999999924,COMPLETED,0,0,0
Person_5282,Person_5282_1,working,car,home,4771.159705068488,7798.325282355149,kindergarten,7813.595747654742,5246.369333041357,962.113,1063.7,101.58699999999999,COMPLETED,0,0,0
Person_8841,Person_8841_1,working,car,home,7808.374442547922,5057.627330270194,university,5872.083656560459,2982.14688861395,2.88,1067.296,1064.416,COMPLETED,0,0,0
Person_5293,Person_5293_1,working,car,home,7998.3640791746975,2892.3773001013037,city,4771.159705068488,7798.325282355149,242.014,1067.296,825.282,COMPLETED,0,0,0
Person_8141,Person_8141_1,working,car,home,5748.78147676138,4694.503264916191,city,10159.910029921817,195.30711077929786,962.113,1068.195,106.08199999999988,COMPLETED,0,0,0
Person_1889,Person_1889_1,working,car,home,6674.289358291203,3297.578957886595,city,4771.159705068488,7798.325282355149,1022.346,1069.094,46.74800000000005,COMPLETED,0,0,0
Person_7288,Person_7288_1,working,car,home,7834.017893589754,3495.897110863719,city,10159.910029921817,195.30711077929786,842.546,1069.993,227.4469999999999,COMPLETED,0,0,0
Person_8282,Person_8282_1,working,car,home,4771.159705068488,7798.325282355149,yes,6925.290946862552,4354.023440829801,1022.346,1069.993,47.646999999999935,COMPLETED,0,0,0
Person_4400,Person_4400_1,working,car,home,7819.016101951535,3270.4267715845463,university,6839.399852089795,3585.511730890991,662.746,1073.589,410.84299999999996,COMPLETED,0,0,0
Person_4262,Person_4262_1,working,car,home,4065.2060983642004,1289.6729660000035,yes,8821.353441925543,1431.5421202657292,2.88,1074.488,1071.608,COMPLETED,0,0,0
Person_5178,Person_5178_1,working,car,home,10159.910029921817,195.30711077929786,yes,7651.1091988699545,4233.304853776396,242.014,1074.488,832.474,COMPLETED,0,0,0
Person_5725,Person_5725_1,working,car,home,5583.76925448091,827.5546763102218,city,4771.159705068488,7798.325282355149,2.88,1075.387,1072.5069999999998,COMPLETED,0,0,0
Person_4776,Person_4776_1,working,car,home,4771.159705068488,7798.325282355149,industrial,4043.6865839817074,1624.0289615027816,62.214,1075.387,1013.173,COMPLETED,0,0,0
Person_578,Person_578_1,working,train,home,10159.910029921817,195.30711077929786,train_station,8805.677802971572,3350.119367813457,962.113,1079.882,117.769,COMPLETED,0,0,0
Person_3793,Person_3793_1,working,train,home,10159.910029921817,195.30711077929786,train_station,6502.05242879393,4009.30995175839,962.113,1079.882,117.769,COMPLETED,0,0,0
Person_8050,Person_8050_1,working,train,home,10159.910029921817,195.30711077929786,train_station,7107.334551191344,4322.044368675607,962.113,1079.882,117.769,COMPLETED,0,0,0
Person_8790,Person_8790_1,working,train,home,10159.910029921817,195.30711077929786,train_station,6135.002368677254,2597.7709089691443,962.113,1079.882,117.769,COMPLETED,0,0,0
Person_8433,Person_8433_1,working,car,home,10159.910029921817,195.30711077929786,university,6839.399852089795,3585.511730890991,602.513,1080.781,478.2679999999999,COMPLETED,0,0,0
Person_7159,Person_7159_1,working,walking,home,6734.689749813649,4086.9964716632976,school,6932.920012622823,4765.975327657057,1082.579,1082.579,0.0,COMPLETED,0,0,0
Person_6085,Person_6085_1,working,car,home,6694.867800212709,4566.5495204158715,university,8680.422548567441,1236.9101943957473,2.88,1088.872,1085.992,COMPLETED,0,0,0
Person_2830,Person_2830_1,working,train,home,8491.79914278409,2911.571377713528,,8351.70415135049,2763.8378920000764,782.313,1090.67,308.3570000000001,COMPLETED,0,0,0
Person_1515,Person_1515_1,working,car,home,8219.41942862394,2976.4166861768563,city,10159.910029921817,195.30711077929786,902.779,1095.165,192.38599999999997,COMPLETED,0,0,0
Person_3577,Person_3577_1,working,car,home,6107.852280943571,3673.871068809442,kindergarten,8588.876066519004,2384.539250749051,1022.346,1095.165,72.81899999999996,COMPLETED,0,0,0
Person_190,Person_190_1,working,walking,home,7070.136477488377,3882.571225414198,school,7526.775593773133,4035.0478456201936,182.68,1095.165,912.4849999999999,COMPLETED,0,0,0
Person_7282,Person_7282_1,working,car,home,126.82488358348685,4319.6356930350885,yes,5598.225319774606,904.0819792264703,1082.579,1099.66,17.08100000000013,COMPLETED,0,0,0
Person_5884,Person_5884_1,working,car,home,8038.95244339012,3030.0982208218916,city,8982.539674594882,6224.04271922478,1082.579,1101.458,18.879000000000133,COMPLETED,0,0,0
Person_4818,Person_4818_1,working,car,home,8095.037566660239,3574.8906558301824,city,10159.910029921817,195.30711077929786,722.08,1102.357,380.27699999999993,COMPLETED,0,0,0
Person_895,Person_895_1,working,car,home,8809.004354621582,2207.870491358582,city,10159.910029921817,195.30711077929786,1082.579,1102.357,19.77800000000002,COMPLETED,0,0,0
Person_4919,Person_4919_1,working,car,home,10159.910029921817,195.30711077929786,yes,5786.960919281283,1078.3397191659922,362.48,1105.953,743.473,COMPLETED,0,0,0
Person_3853,Person_3853_1,working,car,home,6348.129845393239,3621.948285151939,city,812.749230267771,6686.310237051298,2.88,1108.65,1105.77,COMPLETED,0,0,0
Person_7796,Person_7796_1,working,car,home,10159.910029921817,195.30711077929786,yes,7148.588318791645,7762.412504204134,2.88,1108.65,1105.77,COMPLETED,0,0,0
Person_2326,Person_2326_1,working,car,home,7742.537886244289,5148.046562484512,city,10159.910029921817,195.30711077929786,842.546,1109.549,267.00299999999993,COMPLETED,0,0,0
Person_1234,Person_1234_1,working,car,home,8982.539674594882,6224.04271922478,yes,6951.495796089967,4454.1700670105065,302.247,1110.448,808.201,COMPLETED,0,0,0
Person_8996,Person_8996_1,working,car,home,4771.159705068488,7798.325282355149,yes,8530.895416469946,1032.1959612055718,1082.579,1114.044,31.465000000000146,COMPLETED,0,0,0
Person_2896,Person_2896_1,working,car,home,7851.726107837992,3728.8164067223715,city,10159.910029921817,195.30711077929786,1082.579,1115.842,33.26300000000015,COMPLETED,0,0,0
Person_5190,Person_5190_1,working,car,home,10159.910029921817,195.30711077929786,yes,6298.134156638382,3589.223491054247,1082.579,1117.64,35.06100000000015,COMPLETED,0,0,0
Person_6978,Person_6978_1,working,car,home,4065.2060983642004,1289.6729660000035,yes,6493.830174414435,3690.790031753145,1082.579,1118.539,35.960000000000036,COMPLETED,0,0,0
Person_2716,Person_2716_1,working,car,home,6599.608823344089,4759.089423161652,city,10159.910029921817,195.30711077929786,842.546,1121.236,278.69000000000005,COMPLETED,0,0,0
Person_1951,Person_1951_1,working,car,home,8982.539674594882,6224.04271922478,yes,5661.525258049292,884.8760477652394,782.313,1124.832,342.5190000000001,COMPLETED,0,0,0
Person_3709,Person_3709_1,working,car,home,10159.910029921817,195.30711077929786,yes,6312.909453974156,4519.829731219247,122.447,1125.731,1003.284,COMPLETED,0,0,0
Person_9658,Person_9658_1,working,car,home,7408.820834401921,4732.039123873338,city,4771.159705068488,7798.325282355149,602.513,1125.731,523.218,COMPLETED,0,0,0
Person_1796,Person_1796_1,working,car,home,6370.598968999886,4219.392478699962,city,812.749230267771,6686.310237051298,2.88,1126.63,1123.75,COMPLETED,0,0,0
Person_8474,Person_8474_1,working,car,home,10159.910029921817,195.30711077929786,yes,5001.106184595504,5674.778265856354,962.113,1126.63,164.51700000000005,COMPLETED,0,0,0
Person_2546,Person_2546_1,working,car,home,7845.552267177954,4075.3162345632386,university,5887.791508799354,2982.146731596164,2.88,1127.529,1124.649,COMPLETED,0,0,0
Person_3631,Person_3631_1,working,car,home,4065.2060983642004,1289.6729660000035,university,6451.821586100195,3200.551272926657,2.88,1129.327,1126.447,COMPLETED,0,0,0
Person_8019,Person_8019_1,working,car,home,8991.283177024254,3349.852546304873,city,10159.910029921817,195.30711077929786,602.513,1132.024,529.5109999999999,COMPLETED,0,0,0
Person_9385,Person_9385_1,working,car,home,6633.357597139401,3143.725728847779,city,10159.910029921817,195.30711077929786,962.113,1132.024,169.91099999999983,COMPLETED,0,0,0
Person_6466,Person_6466_1,working,car,home,6736.4141092864,4155.202077341772,city,8982.539674594882,6224.04271922478,722.08,1132.923,410.84299999999996,COMPLETED,0,0,0
Person_8325,Person_8325_1,working,car,home,5878.069607946975,1020.7731176553607,city,10159.910029921817,195.30711077929786,842.546,1132.923,290.37699999999995,COMPLETED,0,0,0
Person_6071,Person_6071_1,working,car,home,10159.910029921817,195.30711077929786,industrial,8129.215627461771,4467.687294827752,2.88,1137.418,1134.5379999999998,COMPLETED,0,0,0
Person_9025,Person_9025_1,working,car,home,6163.466016988295,2920.247782591277,university,6897.893782272236,3752.9120240344228,422.713,1137.418,714.7049999999999,COMPLETED,0,0,0
Person_9269,Person_9269_1,working,train,home,8124.098421793165,2850.000568261046,,8351.70415135049,2763.8378920000764,602.513,1137.418,534.9049999999999,COMPLETED,0,0,0
Person_6580,Person_6580_1,working,car,home,10159.910029921817,195.30711077929786,yes,6871.113672842544,4186.361364772343,662.746,1140.115,477.369,COMPLETED,0,0,0
Person_3204,Person_3204_1,working,car,home,4771.159705068488,7798.325282355149,yes,7060.318604765807,5197.01100439818,842.546,1140.115,297.56899999999996,COMPLETED,0,0,0
Person_8105,Person_8105_1,working,car,home,8809.822371476455,2201.6994621844383,city,8982.539674594882,6224.04271922478,542.28,1141.014,598.7339999999999,COMPLETED,0,0,0
Person_148,Person_148_1,working,car,home,5175.046491116296,1079.7760555897823,city,10159.910029921817,195.30711077929786,902.779,1141.014,238.2349999999999,COMPLETED,0,0,0
Person_4992,Person_4992_1,working,train,home,7402.330929605633,4739.4011130667,,6383.066520287023,4062.6484057004186,1141.913,1141.913,0.0,COMPLETED,0,0,0
Person_1321,Person_1321_1,working,car,home,5023.697965345144,4920.475846995903,university,6451.821586100195,3200.551272926657,902.779,1143.711,240.93200000000002,COMPLETED,0,0,0
Person_3028,Person_3028_1,working,car,home,8982.539674594882,6224.04271922478,yes,7250.361834792603,3872.5335838679903,2.88,1145.509,1142.629,COMPLETED,0,0,0
Person_9142,Person_9142_1,working,car,home,7838.53752072544,5032.183057890882,school,5016.883744216048,983.1878128930324,2.88,1145.509,1142.629,COMPLETED,0,0,0
Person_9626,Person_9626_1,working,train,home,6486.249715099354,3963.1014616327607,,6383.066520287023,4062.6484057004186,422.713,1147.307,724.594,COMPLETED,0,0,0
Person_4239,Person_4239_1,working,car,home,10159.910029921817,195.30711077929786,hospital,6543.406530713209,5053.518357051792,2.88,1148.206,1145.3259999999998,COMPLETED,0,0,0
Person_2673,Person_2673_1,working,car,home,7780.427782894699,4011.6944488421545,university,5872.083656560459,2982.14688861395,722.08,1150.004,427.92399999999986,COMPLETED,0,0,0
Person_9172,Person_9172_1,working,train,home,8130.973032158879,3534.8424952649325,,8351.70415135049,2763.8378920000764,2.88,1150.004,1147.1239999999998,COMPLETED,0,0,0
Person_7650,Person_7650_1,working,car,home,126.82488358348685,4319.6356930350885,yes,6937.8929253207625,4292.451251932224,902.779,1152.701,249.92200000000003,COMPLETED,0,0,0
Person_2277,Person_2277_1,working,car,home,5375.983415624588,2785.730251965964,university,6451.821586100195,3200.551272926657,2.88,1154.499,1151.619,COMPLETED,0,0,0
Person_7871,Person_7871_1,working,car,home,8991.283177024254,3349.852546304873,university,6839.399852089795,3585.511730890991,1082.579,1156.297,73.71800000000007,COMPLETED,0,0,0
Person_5419,Person_5419_1,working,car,home,8168.51130914773,3206.2199717579183,city,10159.910029921817,195.30711077929786,962.113,1158.095,195.98199999999997,COMPLETED,0,0,0
Person_903,Person_903_1,working,train,home,6560.667828655856,4057.400332788906,,6383.066520287023,4062.6484057004186,2.88,1158.994,1156.1139999999998,COMPLETED,0,0,0
Person_5996,Person_5996_1,working,car,home,4065.2060983642004,1289.6729660000035,yes,6602.948164865258,739.1530069151949,242.014,1160.792,918.7779999999999,COMPLETED,0,0,0
Person_6073,Person_6073_1,working,car,home,6567.3228871626325,4149.122272426878,university,6451.821586100195,3200.551272926657,62.214,1161.691,1099.477,COMPLETED,0,0,0
Person_6945,Person_6945_1,working,car,home,6448.818771696015,4317.362617110152,city,10159.910029921817,195.30711077929786,1141.913,1161.691,19.77800000000002,COMPLETED,0,0,0
Person_624,Person_624_1,working,train,home,8258.776966989199,3694.53883749929,,8351.70415135049,2763.8378920000764,2.88,1163.489,1160.609,COMPLETED,0,0,0
Person_1550,Person_1550_1,working,car,home,10159.910029921817,195.30711077929786,yes,8587.727685225269,3725.2078942027742,2.88,1165.287,1162.407,COMPLETED,0,0,0
Person_1842,Person_1842_1,working,car,home,10159.910029921817,195.30711077929786,yes,6337.896131325594,4552.490890007553,1141.913,1167.984,26.070999999999913,COMPLETED,0,0,0
Person_5677,Person_5677_1,working,car,home,8757.123779044043,2305.452343744699,city,4771.159705068488,7798.325282355149,182.68,1168.883,986.203,COMPLETED,0,0,0
Person_3459,Person_3459_1,working,car,home,7368.711290392689,4804.92818314556,university,6451.821586100195,3200.551272926657,782.313,1168.883,386.57000000000005,COMPLETED,0,0,0
Person_6468,Person_6468_1,working,car,home,5657.38382145316,4749.31661961494,city,10159.910029921817,195.30711077929786,1141.913,1168.883,26.970000000000027,COMPLETED,0,0,0
Person_8363,Person_8363_1,working,car,home,10159.910029921817,195.30711077929786,industrial,5545.4103981051985,4257.253626397002,2.88,1169.782,1166.9019999999998,COMPLETED,0,0,0
Person_5932,Person_5932_1,working,car,home,5635.043000904385,543.7770757083351,city,10159.910029921817,195.30711077929786,1141.913,1170.681,28.76800000000003,COMPLETED,0,0,0
Person_2533,Person_2533_1,working,car,home,10159.910029921817,195.30711077929786,yes,7743.480769678431,4440.049188504315,1141.913,1173.378,31.464999999999918,COMPLETED,0,0,0
Person_3140,Person_3140_1,working,car,home,4065.2060983642004,1289.6729660000035,yes,7721.096278548302,3304.3602896000643,2.88,1175.176,1172.2959999999998,COMPLETED,0,0,0
Person_2858,Person_2858_1,working,car,home,126.82488358348685,4319.6356930350885,yes,7545.91763084612,1874.7084230943908,722.08,1183.267,461.187,COMPLETED,0,0,0
Person_8616,Person_8616_1,working,car,home,4557.44041577492,5780.670320844152,city,10159.910029921817,195.30711077929786,1082.579,1183.267,100.6880000000001,COMPLETED,0,0,0
Person_6878,Person_6878_1,working,car,home,10159.910029921817,195.30711077929786,yes,6079.162435155038,3440.1126893330907,2.88,1191.358,1188.4779999999998,COMPLETED,0,0,0
Person_6608,Person_6608_1,working,car,home,4065.2060983642004,1289.6729660000035,yes,5492.047866864446,682.9950472943029,122.447,1192.257,1069.81,COMPLETED,0,0,0
Person_5532,Person_5532_1,working,car,home,126.82488358348685,4319.6356930350885,school,7291.088574791568,4212.335278318947,2.88,1197.651,1194.771,COMPLETED,0,0,0
Person_3701,Person_3701_1,working,train,home,10159.910029921817,195.30711077929786,train_station,6749.755453020404,3273.529339912455,1082.579,1202.146,119.56700000000001,COMPLETED,0,0,0
Person_4150,Person_4150_1,working,train,home,5194.156311766735,2515.1866192993625,,6383.066520287023,4062.6484057004186,1202.146,1202.146,0.0,COMPLETED,0,0,0
Person_4522,Person_4522_1,working,car,home,4771.159705068488,7798.325282355149,yes,5753.225168608441,913.0086988690556,2.88,1203.944,1201.0639999999999,COMPLETED,0,0,0
Person_2770,Person_2770_1,working,car,home,5795.6126892885995,890.8776951555764,city,10159.910029921817,195.30711077929786,542.28,1204.843,662.5630000000001,COMPLETED,0,0,0
Person_1381,Person_1381_1,working,car,home,7785.496917842709,3728.4033542763405,city,10159.910029921817,195.30711077929786,962.113,1205.742,243.6289999999999,COMPLETED,0,0,0
Person_7183,Person_7183_1,working,car,home,8982.539674594882,6224.04271922478,yes,6036.576341132658,3733.4800154774734,2.88,1207.54,1204.6599999999999,COMPLETED,0,0,0
Person_4815,Person_4815_1,working,car,home,7999.087491860621,3640.140587700866,city,10159.910029921817,195.30711077929786,1082.579,1212.934,130.35500000000002,COMPLETED,0,0,0
Person_7247,Person_7247_1,working,car,home,126.82488358348685,4319.6356930350885,yes,6984.406020181173,2103.6748872761545,1202.146,1214.732,12.586000000000013,COMPLETED,0,0,0
Person_8129,Person_8129_1,working,car,home,7399.516091454709,4691.860362936249,city,8982.539674594882,6224.04271922478,1082.579,1215.631,133.05200000000013,COMPLETED,0,0,0
Person_5641,Person_5641_1,working,train,home,8316.025809868719,2856.967462112087,,8351.70415135049,2763.8378920000764,782.313,1218.328,436.015,COMPLETED,0,0,0
Person_7012,Person_7012_1,working,car,home,7926.064165648223,3788.6572855809427,city,10159.910029921817,195.30711077929786,1141.913,1221.025,79.11200000000008,COMPLETED,0,0,0
Person_3353,Person_3353_1,working,car,home,10159.910029921817,195.30711077929786,yes,4018.826318834734,1493.5242866466258,662.746,1221.924,559.178,COMPLETED,0,0,0
Person_5805,Person_5805_1,working,car,home,8995.423960564727,2610.5617001392848,city,4771.159705068488,7798.325282355149,902.779,1222.823,320.0440000000001,COMPLETED,0,0,0
Person_9820,Person_9820_1,working,car,home,6378.367670504114,4616.683560031334,city,10159.910029921817,195.30711077929786,1202.146,1222.823,20.677000000000135,COMPLETED,0,0,0
Person_3409,Person_3409_1,working,car,home,5871.8277095647345,995.7845689738375,city,10159.910029921817,195.30711077929786,662.746,1224.621,561.8750000000001,COMPLETED,0,0,0
Person_439,Person_439_1,working,train,home,7021.146029135413,4571.461829949241,,6383.066520287023,4062.6484057004186,3.779,1224.621,1220.842,COMPLETED,0,0,0
Person_8248,Person_8248_1,working,car,home,6493.830174414435,3690.790031753145,city,4771.159705068488,7798.325282355149,542.28,1226.419,684.1390000000001,COMPLETED,0,0,0
Person_6921,Person_6921_1,working,train,home,7762.736252009015,3686.975575699578,,8351.70415135049,2763.8378920000764,2.88,1227.318,1224.4379999999999,COMPLETED,0,0,0
Person_6967,Person_6967_1,working,car,home,6105.181874577338,2515.075377518665,university,8680.422548567441,1236.9101943957473,782.313,1231.813,449.5000000000001,COMPLETED,0,0,0
Person_6035,Person_6035_1,working,car,home,10159.910029921817,195.30711077929786,yes,7932.640559884398,3376.5041852554677,362.48,1235.409,872.9290000000001,COMPLETED,0,0,0
Person_3064,Person_3064_1,working,car,home,10159.910029921817,195.30711077929786,yes,7128.273870840328,2019.9363849657066,1082.579,1239.005,156.42600000000016,COMPLETED,0,0,0
Person_6850,Person_6850_1,working,car,home,7813.2053676699825,3413.0088482787105,city,10159.910029921817,195.30711077929786,1202.146,1240.803,38.65700000000015,COMPLETED,0,0,0
Person_602,Person_602_1,working,train,home,7929.484863602517,3698.7288100641,,8351.70415135049,2763.8378920000764,2.88,1245.298,1242.418,COMPLETED,0,0,0
Person_791,Person_791_1,working,car,home,7384.847608571696,3678.9040332396676,university,6839.399852089795,3585.511730890991,1141.913,1247.096,105.18299999999999,COMPLETED,0,0,0
Person_4733,Person_4733_1,working,car,home,10159.910029921817,195.30711077929786,yes,6445.465704360053,3657.1078847867566,902.779,1250.692,347.913,COMPLETED,0,0,0
Person_6107,Person_6107_1,working,train,home,6155.350006514556,4484.055092695938,,6383.066520287023,4062.6484057004186,2.88,1250.692,1247.812,COMPLETED,0,0,0
Person_7002,Person_7002_1,working,car,home,6029.729636312003,3597.6803882195472,university,6451.821586100195,3200.551272926657,1141.913,1253.389,111.47599999999989,COMPLETED,0,0,0
Person_4440,Person_4440_1,working,car,home,8982.539674594882,6224.04271922478,industrial,3952.5121544039484,2085.2963605714126,122.447,1257.884,1135.437,COMPLETED,0,0,0
Person_3085,Person_3085_1,working,car,home,126.82488358348685,4319.6356930350885,yes,6041.778939440384,4729.86585831565,1202.146,1258.783,56.636999999999944,COMPLETED,0,0,0
Person_6769,Person_6769_1,working,train,home,6509.60131758137,4345.636003932379,,6383.066520287023,4062.6484057004186,542.28,1258.783,716.5029999999999,COMPLETED,0,0,0
Person_8980,Person_8980_1,working,car,home,812.749230267771,6686.310237051298,yes,6408.531530076291,3660.4837918601456,2.88,1259.682,1256.802,COMPLETED,0,0,0
Person_1447,Person_1447_1,working,car,home,4771.159705068488,7798.325282355149,yes,6972.59428681254,1878.355826175277,242.014,1259.682,1017.668,COMPLETED,0,0,0
Person_6280,Person_6280_1,working,car,home,8700.448164645384,3291.8527764647765,city,10159.910029921817,195.30711077929786,1202.146,1259.682,57.53600000000006,COMPLETED,0,0,0
Person_630,Person_630_1,working,train,home,5968.524681316671,2903.530411860153,,6383.066520287023,4062.6484057004186,1262.379,1262.379,0.0,COMPLETED,0,0,0
Person_9902,Person_9902_1,working,train,home,6311.618778049252,2772.3669328208784,,6383.066520287023,4062.6484057004186,1262.379,1262.379,0.0,COMPLETED,0,0,0
Person_1613,Person_1613_1,working,train,home,10159.910029921817,195.30711077929786,train_station,5673.627174129307,551.9943637595013,1141.913,1263.278,121.36500000000001,COMPLETED,0,0,0
Person_1790,Person_1790_1,working,train,home,10159.910029921817,195.30711077929786,train_station,5580.926338613283,981.8626781973869,1141.913,1263.278,121.36500000000001,COMPLETED,0,0,0
Person_6131,Person_6131_1,working,train,home,10159.910029921817,195.30711077929786,train_station,7813.595747654742,5246.369333041357,1141.913,1263.278,121.36500000000001,COMPLETED,0,0,0
Person_8957,Person_8957_1,working,train,home,10159.910029921817,195.30711077929786,train_station,7829.653627273629,4416.211188657,1141.913,1263.278,121.36500000000001,COMPLETED,0,0,0
Person_1967,Person_1967_1,working,car,home,5392.414663182626,3196.8000631414984,city,10159.910029921817,195.30711077929786,122.447,1263.278,1140.8310000000001,COMPLETED,0,0,0
Person_9547,Person_9547_1,working,car,home,8268.092099922897,2409.1432597423827,city,10159.910029921817,195.30711077929786,2.88,1267.773,1264.8929999999998,COMPLETED,0,0,0
Person_7928,Person_7928_1,working,car,home,10159.910029921817,195.30711077929786,yes,5573.779021499913,960.0009172468397,1082.579,1267.773,185.19399999999996,COMPLETED,0,0,0
Person_7240,Person_7240_1,working,train,home,6485.8120825987235,4339.874348090617,,6383.066520287023,4062.6484057004186,722.08,1269.571,547.4909999999999,COMPLETED,0,0,0
Person_3205,Person_3205_1,working,car,home,6953.903666530267,3471.4544706859792,city,10159.910029921817,195.30711077929786,1141.913,1274.965,133.0519999999999,COMPLETED,0,0,0
Person_308,Person_308_1,working,car,home,6224.076254574583,2462.5657416502304,city,10159.910029921817,195.30711077929786,782.313,1276.763,494.44999999999993,COMPLETED,0,0,0
Person_7062,Person_7062_1,working,car,home,10159.910029921817,195.30711077929786,yes,6389.331886490684,3660.81680505407,302.247,1279.46,977.213,COMPLETED,0,0,0
Person_199,Person_199_1,working,car,home,5457.991344997412,832.8876470764731,city,10159.910029921817,195.30711077929786,542.28,1279.46,737.1800000000001,COMPLETED,0,0,0
Person_5802,Person_5802_1,working,car,home,5419.00130431124,2756.366667805753,university,5872.083656560459,2982.14688861395,782.313,1281.258,498.94500000000005,COMPLETED,0,0,0
Person_5067,Person_5067_1,working,car,home,5754.865097301471,2318.5523169257103,city,10159.910029921817,195.30711077929786,902.779,1281.258,378.47900000000004,COMPLETED,0,0,0
Person_9111,Person_9111_1,working,car,home,8676.194711232642,3556.999802059583,school,8006.898798454077,4007.681736086175,902.779,1281.258,378.47900000000004,COMPLETED,0,0,0
Person_6250,Person_6250_1,working,car,home,7862.372944791533,3411.984174087949,university,6451.821586100195,3200.551272926657,1262.379,1281.258,18.879000000000133,COMPLETED,0,0,0
Person_1387,Person_1387_1,working,car,home,126.82488358348685,4319.6356930350885,yes,6224.359376362567,3564.5446617104267,482.047,1283.955,801.9079999999999,COMPLETED,0,0,0
Person_285,Person_285_1,working,car,home,10159.910029921817,195.30711077929786,yes,6402.173304881463,7409.815025338002,782.313,1292.945,510.63199999999995,COMPLETED,0,0,0
Person_1017,Person_1017_1,working,car,home,5504.417969780426,495.621987086517,city,4771.159705068488,7798.325282355149,422.713,1293.844,871.1310000000001,COMPLETED,0,0,0
Person_8201,Person_8201_1,working,car,home,8770.116444538293,3249.903336893052,city,10159.910029921817,195.30711077929786,1262.379,1296.541,34.162000000000035,COMPLETED,0,0,0
Person_807,Person_807_1,working,car,home,10159.910029921817,195.30711077929786,university,6897.893782272236,3752.9120240344228,362.48,1298.339,935.8589999999999,COMPLETED,0,0,0
Person_3137,Person_3137_1,working,car,home,8155.20599387838,3836.8289324180264,city,10159.910029921817,195.30711077929786,1141.913,1298.339,156.42599999999993,COMPLETED,0,0,0
Person_9850,Person_9850_1,working,car,home,8497.52345406765,3809.864110602006,city,10159.910029921817,195.30711077929786,1202.146,1299.238,97.0920000000001,COMPLETED,0,0,0
Person_2614,Person_2614_1,working,car,home,8982.539674594882,6224.04271922478,yes,7063.735039491354,4733.683243112619,602.513,1300.137,697.6239999999999,COMPLETED,0,0,0
Person_8729,Person_8729_1,working,car,home,4065.2060983642004,1289.6729660000035,yes,7233.0030186085905,3789.170456632809,1262.379,1301.935,39.55600000000004,COMPLETED,0,0,0
Person_3583,Person_3583_1,working,car,home,5251.736050255053,1114.7047672453318,city,10159.910029921817,195.30711077929786,1202.146,1302.834,100.6880000000001,COMPLETED,0,0,0
Person_2324,Person_2324_1,working,car,home,4065.2060983642004,1289.6729660000035,industrial,6758.951991915223,5780.690220209773,602.513,1303.733,701.2199999999999,COMPLETED,0,0,0
Person_3315,Person_3315_1,working,car,home,5998.596387050909,2586.5228691375455,university,6897.893782272236,3752.9120240344228,602.513,1303.733,701.2199999999999,COMPLETED,0,0,0
Person_7405,Person_7405_1,working,car,home,8982.539674594882,6224.04271922478,university,5908.061135515454,2983.961702940033,902.779,1303.733,400.95399999999995,COMPLETED,0,0,0
Person_4918,Person_4918_1,working,car,home,10159.910029921817,195.30711077929786,kindergarten,7813.595747654742,5246.369333041357,3.779,1308.228,1304.449,COMPLETED,0,0,0
Person_6142,Person_6142_1,working,car,home,10159.910029921817,195.30711077929786,yes,5686.044624547275,566.6055534938797,1022.346,1311.824,289.47800000000007,COMPLETED,0,0,0
Person_1039,Person_1039_1,working,train,home,4475.289728958439,5871.788522171695,,5324.662215615522,5920.8056375972865,2.88,1312.723,1309.8429999999998,COMPLETED,0,0,0
Person_2720,Person_2720_1,working,car,home,10159.910029921817,195.30711077929786,school,8009.031424189445,4035.280247594928,2.88,1315.42,1312.54,COMPLETED,0,0,0
Person_9773,Person_9773_1,working,car,home,7319.512645958309,4005.7746855347777,university,6451.821586100195,3200.551272926657,842.546,1318.117,475.5709999999999,COMPLETED,0,0,0
Person_7969,Person_7969_1,working,car,home,4771.159705068488,7798.325282355149,yes,5890.772733357017,1022.6721319188928,1202.146,1318.117,115.971,COMPLETED,0,0,0
Person_4491,Person_4491_1,working,car,home,7259.811150259056,3821.1141270658222,city,8982.539674594882,6224.04271922478,2.88,1319.016,1316.136,COMPLETED,0,0,0
Person_9396,Person_9396_1,working,car,home,7903.3290352098165,3204.087641510354,city,4771.159705068488,7798.325282355149,482.047,1319.915,837.8679999999999,COMPLETED,0,0,0
Person_2230,Person_2230_1,working,car,home,126.82488358348685,4319.6356930350885,yes,8550.875123163547,1072.4515262561456,482.047,1320.814,838.767,COMPLETED,0,0,0
Person_2183,Person_2183_1,working,car,home,6816.45982652045,4294.138062668194,city,10159.910029921817,195.30711077929786,842.546,1320.814,478.26800000000003,COMPLETED,0,0,0
Person_2762,Person_2762_1,working,car,home,10159.910029921817,195.30711077929786,industrial,3845.3492874602694,6677.277169320116,2.88,1321.713,1318.8329999999999,COMPLETED,0,0,0
Person_4341,Person_4341_1,working,car,home,7906.268450935405,4946.833800995849,city,10159.910029921817,195.30711077929786,1082.579,1322.612,240.03300000000013,COMPLETED,0,0,0
Person_4132,Person_4132_1,working,car,home,10159.910029921817,195.30711077929786,yes,5785.006138476477,6365.237636316844,1141.913,1322.612,180.69900000000007,COMPLETED,0,0,0
Person_9001,Person_9001_1,working,car,home,4065.2060983642004,1289.6729660000035,industrial,7767.4166997439925,4634.462864978219,1202.146,1322.612,120.46600000000012,COMPLETED,0,0,0
Person_9231,Person_9231_1,working,car,home,10159.910029921817,195.30711077929786,yes,6258.1881482071485,4462.803443312792,1262.379,1322.612,60.233000000000175,COMPLETED,0,0,0
Person_3247,Person_3247_1,working,train,home,8315.024316559064,3001.601167127323,,8351.70415135049,2763.8378920000764,842.546,1323.511,480.9649999999999,COMPLETED,0,0,0
Person_3847,Person_3847_1,working,train,home,10159.910029921817,195.30711077929786,train_station,5751.461718572046,800.3042721910193,1202.146,1324.41,122.26400000000012,COMPLETED,0,0,0
Person_4611,Person_4611_1,working,train,home,10159.910029921817,195.30711077929786,train_station,6555.51045625635,3988.7000950021775,1202.146,1324.41,122.26400000000012,COMPLETED,0,0,0
Person_425,Person_425_1,working,train,home,10159.910029921817,195.30711077929786,train_station,8640.52148904632,1242.1470644446506,1262.379,1324.41,62.031000000000176,COMPLETED,0,0,0
Person_9205,Person_9205_1,working,train,home,10159.910029921817,195.30711077929786,train_station,6209.710881817168,3589.4456118407693,1262.379,1324.41,62.031000000000176,COMPLETED,0,0,0
Person_9498,Person_9498_1,working,train,home,10159.910029921817,195.30711077929786,train_station,6897.893782272236,3752.9120240344228,1262.379,1324.41,62.031000000000176,COMPLETED,0,0,0
Person_992,Person_992_1,working,car,home,5559.049323525921,4898.870377505113,city,10159.910029921817,195.30711077929786,1141.913,1324.41,182.49700000000007,COMPLETED,0,0,0
Person_4995,Person_4995_1,working,car,home,10159.910029921817,195.30711077929786,industrial,8975.999599637351,4134.854176006858,482.047,1328.905,846.858,COMPLETED,0,0,0
Person_3696,Person_3696_1,working,car,home,10159.910029921817,195.30711077929786,yes,5594.800587797969,671.8001238099303,1022.346,1330.703,308.35699999999997,COMPLETED,0,0,0
Person_3862,Person_3862_1,working,train,home,7735.960674757665,3832.975377100695,,8351.70415135049,2763.8378920000764,2.88,1330.703,1327.8229999999999,COMPLETED,0,0,0
Person_1944,Person_1944_1,working,car,home,10159.910029921817,195.30711077929786,university,6451.821586100195,3200.551272926657,842.546,1337.895,495.34899999999993,COMPLETED,0,0,0
Person_1597,Person_1597_1,working,car,home,6378.314043264246,5312.890675297239,university,6850.81127161198,3522.934095561738,482.047,1338.794,856.7470000000001,COMPLETED,0,0,0
Person_5260,Person_5260_1,working,car,home,4065.2060983642004,1289.6729660000035,yes,7294.294587852624,3693.1654069142905,302.247,1345.986,1043.739,COMPLETED,0,0,0
Person_8604,Person_8604_1,working,train,home,8184.24151179531,3789.3889547189806,,8351.70415135049,2763.8378920000764,302.247,1345.986,1043.739,COMPLETED,0,0,0
Person_5152,Person_5152_1,working,car,home,6713.5443810280785,3870.366146862677,university,6850.81127161198,3522.934095561738,662.746,1349.582,686.8360000000001,COMPLETED,0,0,0
Person_765,Person_765_1,working,car,home,7646.768031843379,4570.470315234524,city,8982.539674594882,6224.04271922478,1322.612,1349.582,26.970000000000027,COMPLETED,0,0,0
Person_1751,Person_1751_1,working,car,home,10159.910029921817,195.30711077929786,yes,7750.368475781851,5081.870124844032,1322.612,1351.38,28.76800000000003,COMPLETED,0,0,0
Person_7107,Person_7107_1,working,car,home,9003.472518831404,2596.109265815935,city,10159.910029921817,195.30711077929786,1322.612,1351.38,28.76800000000003,COMPLETED,0,0,0
Person_1160,Person_1160_1,working,car,home,10159.910029921817,195.30711077929786,yes,7272.809206517659,3597.155677503445,1322.612,1353.178,30.56600000000003,COMPLETED,0,0,0
Person_3921,Person_3921_1,working,car,home,10159.910029921817,195.30711077929786,yes,5159.743597294516,5914.0207859357815,2.88,1354.077,1351.197,COMPLETED,0,0,0
Person_9031,Person_9031_1,working,car,home,6120.589945949362,3469.1547830693385,city,10159.910029921817,195.30711077929786,602.513,1354.077,751.564,COMPLETED,0,0,0
Person_811,Person_811_1,working,car,home,8982.539674594882,6224.04271922478,yes,6446.897588242854,4338.843996481692,782.313,1356.774,574.4609999999999,COMPLETED,0,0,0
Person_4449,Person_4449_1,working,car,home,5998.596387050909,2586.5228691375455,city,4771.159705068488,7798.325282355149,2.88,1357.673,1354.793,COMPLETED,0,0,0
Person_3061,Person_3061_1,working,car,home,7539.297860403295,3579.923206373491,city,10159.910029921817,195.30711077929786,1262.379,1359.471,97.0920000000001,COMPLETED,0,0,0
Person_1874,Person_1874_1,working,train,home,8236.670928599377,3022.1876388147953,,8351.70415135049,2763.8378920000764,2.88,1359.471,1356.591,COMPLETED,0,0,0
Person_2090,Person_2090_1,working,car,home,4771.159705068488,7798.325282355149,university,5887.791508799354,2982.146731596164,902.779,1360.37,457.5909999999999,COMPLETED,0,0,0
Person_4370,Person_4370_1,working,car,home,4771.159705068488,7798.325282355149,yes,7709.203272655459,1728.1098802323997,242.014,1361.269,1119.255,COMPLETED,0,0,0
Person_7269,Person_7269_1,working,car,home,10159.910029921817,195.30711077929786,industrial,3918.6216862014967,1774.8729707821506,62.214,1362.168,1299.954,COMPLETED,0,0,0
Person_3965,Person_3965_1,working,car,home,7658.951123023665,3516.565520449733,university,6839.399852089795,3585.511730890991,1202.146,1362.168,160.02199999999993,COMPLETED,0,0,0
Person_9416,Person_9416_1,working,car,home,6694.867800212709,4566.5495204158715,city,10159.910029921817,195.30711077929786,1202.146,1363.067,160.92100000000005,COMPLETED,0,0,0
Person_3471,Person_3471_1,working,car,home,4065.2060983642004,1289.6729660000035,yes,6123.105732408362,7232.84105537873,1082.579,1366.663,284.08400000000006,COMPLETED,0,0,0
Person_4037,Person_4037_1,working,car,home,7294.153726590901,4141.539075707794,city,10159.910029921817,195.30711077929786,1022.346,1367.562,345.2159999999999,COMPLETED,0,0,0
Person_6139,Person_6139_1,working,car,home,8876.091052535767,2622.6004365541376,university,6839.399852089795,3585.511730890991,662.746,1369.36,706.6139999999999,COMPLETED,0,0,0
Person_2506,Person_2506_1,working,car,home,126.82488358348685,4319.6356930350885,yes,7959.606512704493,3537.907857571911,842.546,1371.158,528.6119999999999,COMPLETED,0,0,0
Person_8189,Person_8189_1,working,car,home,10159.910029921817,195.30711077929786,yes,7037.100193570429,5321.648164574805,1082.579,1372.057,289.47800000000007,COMPLETED,0,0,0
Person_1079,Person_1079_1,working,car,home,7837.2044240703935,5339.045658378181,city,10159.910029921817,195.30711077929786,1322.612,1372.956,50.343999999999824,COMPLETED,0,0,0
Person_3424,Person_3424_1,working,car,home,8092.4424099360085,4002.0659959651725,city,10159.910029921817,195.30711077929786,1141.913,1376.552,234.6389999999999,COMPLETED,0,0,0
Person_5429,Person_5429_1,working,car,home,6587.233266645203,4703.329905378085,city,10159.910029921817,195.30711077929786,902.779,1382.845,480.06600000000003,COMPLETED,0,0,0
Person_6006,Person_6006_1,working,car,home,5624.980226497995,690.6219710083958,city,10159.910029921817,195.30711077929786,422.713,1383.744,961.031,COMPLETED,0,0,0
Person_1014,Person_1014_1,working,train,home,7672.78282736138,3354.5379426228965,,8351.70415135049,2763.8378920000764,2.88,1383.744,1380.8639999999998,COMPLETED,0,0,0
Person_339,Person_339_1,working,train,home,10159.910029921817,195.30711077929786,train_station,6382.08327367378,4413.605275378321,1322.612,1385.542,62.929999999999836,COMPLETED,0,0,0
Person_3754,Person_3754_1,working,train,home,10159.910029921817,195.30711077929786,train_station,6984.497924422647,4057.5108748008283,1322.612,1385.542,62.929999999999836,COMPLETED,0,0,0
Person_3403,Person_3403_1,working,car,home,8971.950810598124,2582.391299883089,university,5901.5627362491805,2994.702412765903,962.113,1388.239,426.126,COMPLETED,0,0,0
Person_615,Person_615_1,working,car,home,4771.159705068488,7798.325282355149,industrial,6758.951991915223,5780.690220209773,902.779,1389.138,486.3589999999999,COMPLETED,0,0,0
Person_5524,Person_5524_1,working,car,home,10159.910029921817,195.30711077929786,industrial,5674.022823353096,4254.797390463577,542.28,1390.037,847.7570000000001,COMPLETED,0,0,0
Person_8232,Person_8232_1,working,car,home,10159.910029921817,195.30711077929786,school,8090.403727763584,3710.439326848461,2.88,1391.835,1388.955,COMPLETED,0,0,0
Person_1487,Person_1487_1,working,car,home,7151.027505237148,3940.212052332414,city,8982.539674594882,6224.04271922478,542.28,1395.431,853.1510000000001,COMPLETED,0,0,0
Person_835,Person_835_1,working,car,home,4771.159705068488,7798.325282355149,industrial,7876.838167124534,1668.7243676378275,2.88,1396.33,1393.4499999999998,COMPLETED,0,0,0
Person_2184,Person_2184_1,working,car,home,4850.487131095524,5285.852041280708,city,10159.910029921817,195.30711077929786,1322.612,1399.027,76.41499999999996,COMPLETED,0,0,0
Person_966,Person_966_1,working,car,home,5349.314535958679,2782.279094611517,city,8982.539674594882,6224.04271922478,1202.146,1401.724,199.57799999999997,COMPLETED,0,0,0
Person_5586,Person_5586_1,working,walking,home,6040.3549882449,3718.1405599314025,university,6839.399852089795,3585.511730890991,2.88,1406.219,1403.339,COMPLETED,0,0,0
Person_8892,Person_8892_1,working,car,home,8069.681049395663,3266.711049600975,city,10159.910029921817,195.30711077929786,1262.379,1407.118,144.73900000000003,COMPLETED,0,0,0
Person_2474,Person_2474_1,working,car,home,6814.2094796748,4144.529082967115,university,5908.061135515454,2983.961702940033,1322.612,1408.916,86.30399999999986,COMPLETED,0,0,0
Person_4251,Person_4251_1,working,car,home,8097.331042338363,3150.748288862748,city,10159.910029921817,195.30711077929786,1082.579,1411.613,329.0340000000001,COMPLETED,0,0,0
Person_5494,Person_5494_1,working,car,home,10159.910029921817,195.30711077929786,yes,5012.087525240659,4915.2214310795425,2.88,1413.411,1410.531,COMPLETED,0,0,0
Person_3153,Person_3153_1,working,car,home,6158.231564821654,4551.667909271046,city,10159.910029921817,195.30711077929786,1381.946,1413.411,31.465000000000146,COMPLETED,0,0,0
Person_6791,Person_6791_1,working,car,home,6544.499567906766,4110.494731286484,city,10159.910029921817,195.30711077929786,1322.612,1415.209,92.59699999999998,COMPLETED,0,0,0
Person_4621,Person_4621_1,working,car,home,10159.910029921817,195.30711077929786,yes,7013.393276600841,2016.5328784092817,1381.946,1417.007,35.06100000000015,COMPLETED,0,0,0
Person_7243,Person_7243_1,working,car,home,8179.427984839675,4024.209721757856,city,10159.910029921817,195.30711077929786,1141.913,1418.805,276.89200000000005,COMPLETED,0,0,0
Person_43,Person_43_1,working,car,home,8817.27735594095,2466.6359378782918,city,8982.539674594882,6224.04271922478,1082.579,1421.502,338.923,COMPLETED,0,0,0
Person_9079,Person_9079_1,working,car,home,10159.910029921817,195.30711077929786,yes,7263.02757926915,4835.95357537997,422.713,1423.3,1000.587,COMPLETED,0,0,0
Person_3960,Person_3960_1,working,car,home,812.749230267771,6686.310237051298,yes,6249.946039332474,3626.369141258392,1381.946,1424.199,42.253000000000156,COMPLETED,0,0,0
Person_9690,Person_9690_1,working,car,home,7672.3462598412625,5412.577644385433,university,6897.893782272236,3752.9120240344228,482.047,1426.896,944.8489999999999,COMPLETED,0,0,0
Person_3672,Person_3672_1,working,car,home,5033.846468001216,1038.4747100771283,city,8982.539674594882,6224.04271922478,2.88,1436.785,1433.905,COMPLETED,0,0,0
Person_9175,Person_9175_1,working,train,home,8038.536901649225,3088.801984434774,,8351.70415135049,2763.8378920000764,602.513,1437.684,835.1709999999999,COMPLETED,0,0,0
Person_8887,Person_8887_1,working,car,home,126.82488358348685,4319.6356930350885,university,6980.17060882167,3727.0047244733337,242.014,1440.381,1198.3670000000002,COMPLETED,0,0,0
Person_7351,Person_7351_1,working,car,home,10159.910029921817,195.30711077929786,industrial,6783.064945864158,5712.554612025619,362.48,1440.381,1077.901,COMPLETED,0,0,0
Person_3565,Person_3565_1,working,car,home,7589.312337375205,3349.2926616043515,university,8680.422548567441,1236.9101943957473,1082.579,1440.381,357.80200000000013,COMPLETED,0,0,0
Person_4910,Person_4910_1,working,car,home,10159.910029921817,195.30711077929786,university,6753.286006283763,3714.7935438899995,842.546,1441.28,598.7339999999999,COMPLETED,0,0,0
Person_6716,Person_6716_1,working,car,home,7588.563892565708,3648.434581047099,city,10159.910029921817,195.30711077929786,1381.946,1443.977,62.031000000000176,COMPLETED,0,0,0
Person_3564,Person_3564_1,working,walking,home,7589.312337375205,3349.2926616043515,school,8386.037500374658,2944.7989306468885,62.214,1445.775,1383.5610000000001,COMPLETED,0,0,0
Person_893,Person_893_1,working,train,home,10159.910029921817,195.30711077929786,train_station,7397.517492678046,3643.8174014120505,1381.946,1446.674,64.72800000000007,COMPLETED,0,0,0
Person_6877,Person_6877_1,working,train,home,10159.910029921817,195.30711077929786,train_station,7008.510006642921,3656.9975327487596,1381.946,1446.674,64.72800000000007,COMPLETED,0,0,0
Person_9109,Person_9109_1,working,train,home,10159.910029921817,195.30711077929786,train_station,6181.206921820396,3370.798446461128,1381.946,1446.674,64.72800000000007,COMPLETED,0,0,0
Person_4786,Person_4786_1,working,car,home,5108.737021475651,1081.5182946070665,city,10159.910029921817,195.30711077929786,962.113,1446.674,484.5609999999999,COMPLETED,0,0,0
Person_2280,Person_2280_1,working,car,home,7581.972116151287,3898.8189596769876,city,10159.910029921817,195.30711077929786,1262.379,1448.472,186.09300000000007,COMPLETED,0,0,0
Person_4982,Person_4982_1,working,car,home,6291.985551521436,2499.795364151872,kindergarten,7829.653627273629,4416.211188657,482.047,1449.371,967.3240000000001,COMPLETED,0,0,0
Person_4022,Person_4022_1,working,car,home,9143.875011256441,3244.648634019845,university,6451.821586100195,3200.551272926657,2.88,1452.967,1450.087,COMPLETED,0,0,0
Person_9593,Person_9593_1,working,car,home,5812.751769595487,839.8001873460717,city,8982.539674594882,6224.04271922478,182.68,1454.765,1272.085,COMPLETED,0,0,0
Person_6777,Person_6777_1,working,car,home,7695.784425277014,4985.124822905777,city,10159.910029921817,195.30711077929786,1022.346,1454.765,432.4190000000001,COMPLETED,0,0,0
Person_2086,Person_2086_1,working,car,home,126.82488358348685,4319.6356930350885,university,8640.52148904632,1242.1470644446506,2.88,1470.048,1467.168,COMPLETED,0,0,0
Person_3792,Person_3792_1,working,car,home,126.82488358348685,4319.6356930350885,university,6839.399852089795,3585.511730890991,722.08,1472.745,750.6649999999998,COMPLETED,0,0,0
Person_9076,Person_9076_1,working,car,home,6587.889871748816,2201.744734540042,university,5901.5627362491805,2994.702412765903,1442.179,1475.442,33.26299999999992,COMPLETED,0,0,0
Person_604,Person_604_1,working,car,home,8927.539985473193,2637.7408834898342,university,8640.52148904632,1242.1470644446506,962.113,1476.341,514.2279999999998,COMPLETED,0,0,0
Person_6028,Person_6028_1,working,car,home,10159.910029921817,195.30711077929786,yes,4362.601145020781,5964.667399698275,2.88,1482.634,1479.754,COMPLETED,0,0,0
Person_6435,Person_6435_1,working,car,home,10159.910029921817,195.30711077929786,industrial,6456.525318629669,5984.724159218652,2.88,1483.533,1480.6529999999998,COMPLETED,0,0,0
Person_7015,Person_7015_1,working,car,home,6963.155310984683,4251.48432992937,kindergarten,6894.377262739245,4562.107792110269,1381.946,1484.432,102.4860000000001,COMPLETED,0,0,0
Person_58,Person_58_1,working,car,home,10159.910029921817,195.30711077929786,yes,5828.381865546856,877.0809793904757,962.113,1486.23,524.117,COMPLETED,0,0,0
Person_1553,Person_1553_1,working,car,home,7284.160182672764,4060.3510122985476,university,6451.821586100195,3200.551272926657,1202.146,1488.028,285.88200000000006,COMPLETED,0,0,0
Person_5919,Person_5919_1,working,car,home,8181.729682174539,2314.9063189042845,city,4771.159705068488,7798.325282355149,482.047,1492.523,1010.4759999999999,COMPLETED,0,0,0
Person_4985,Person_4985_1,working,car,home,4771.159705068488,7798.325282355149,yes,6963.291225706081,4034.97843492478,1202.146,1495.22,293.07400000000007,COMPLETED,0,0,0
Person_2154,Person_2154_1,working,car,home,8672.398665128023,2211.304679881987,city,10159.910029921817,195.30711077929786,1262.379,1497.018,234.63900000000012,COMPLETED,0,0,0
Person_4423,Person_4423_1,working,car,home,10159.910029921817,195.30711077929786,yes,5641.860050026724,531.8133842756201,1141.913,1498.816,356.903,COMPLETED,0,0,0
Person_626,Person_626_1,working,train,home,8206.007692855846,3090.07687659447,,8351.70415135049,2763.8378920000764,1502.412,1502.412,0.0,COMPLETED,0,0,0
Person_3828,Person_3828_1,working,car,home,6829.293913238063,4302.719939574538,university,5887.791508799354,2982.146731596164,782.313,1513.2,730.8870000000001,COMPLETED,0,0,0
Person_7114,Person_7114_1,working,car,home,4771.159705068488,7798.325282355149,unknown,4771.159705068488,7798.325282355149,1202.146,1514.099,311.953,ABORTED_BREAKDOWN,0,0,0
Person_8546,Person_8546_1,working,car,home,3278.56116402224,5904.637161690636,city,10159.910029921817,195.30711077929786,1502.412,1514.998,12.586000000000013,COMPLETED,0,0,0
Person_5535,Person_5535_1,working,car,home,126.82488358348685,4319.6356930350885,yes,6601.018109188406,4040.8138640002608,362.48,1515.897,1153.417,COMPLETED,0,0,0
Person_990,Person_990_1,working,car,home,8390.673437931686,3785.947237957062,city,10159.910029921817,195.30711077929786,1442.179,1520.392,78.21299999999997,COMPLETED,0,0,0
Person_7188,Person_7188_1,working,car,home,10159.910029921817,195.30711077929786,yes,6535.690639561729,4047.4945630416905,902.779,1527.584,624.8050000000001,COMPLETED,0,0,0
Person_7615,Person_7615_1,working,car,home,8408.363735995035,3782.290967791072,city,10159.910029921817,195.30711077929786,1502.412,1529.382,26.970000000000027,COMPLETED,0,0,0
Person_1984,Person_1984_1,working,car,home,7589.312337375205,3349.2926616043515,school,8771.070745378134,3029.6096100662385,1502.412,1530.281,27.868999999999915,COMPLETED,0,0,0
Person_8402,Person_8402_1,working,car,home,5742.750412396948,3079.8340559199155,university,5872.083656560459,2982.14688861395,1262.379,1532.079,269.70000000000005,COMPLETED,0,0,0
Person_8676,Person_8676_1,working,car,home,812.749230267771,6686.310237051298,industrial,8376.529447820134,1181.2891019343526,362.48,1532.978,1170.498,COMPLETED,0,0,0
Person_5820,Person_5820_1,working,car,home,7411.71954522111,3164.3051618203685,city,10159.910029921817,195.30711077929786,1502.412,1536.574,34.162000000000035,COMPLETED,0,0,0
Person_5500,Person_5500_1,working,car,home,4065.2060983642004,1289.6729660000035,university,6753.286006283763,3714.7935438899995,782.313,1539.271,756.958,COMPLETED,0,0,0
Person_6327,Person_6327_1,working,car,home,7871.174968130624,3932.001158791247,university,6753.286006283763,3714.7935438899995,1262.379,1540.17,277.79100000000017,COMPLETED,0,0,0
Person_5980,Person_5980_1,working,car,home,8300.37656467105,3380.4293756629054,city,10159.910029921817,195.30711077929786,1502.412,1541.968,39.55600000000004,COMPLETED,0,0,0
Person_5541,Person_5541_1,working,train,home,6872.408837630939,4374.3583985951955,,6383.066520287023,4062.6484057004186,2.88,1542.867,1539.9869999999999,COMPLETED,0,0,0
Person_2482,Person_2482_1,working,car,home,10159.910029921817,195.30711077929786,yes,7265.493414008754,4177.389891625842,1262.379,1545.564,283.1850000000002,COMPLETED,0,0,0
Person_7427,Person_7427_1,working,car,home,8982.539674594882,6224.04271922478,yes,7526.869935630663,5265.856183555259,242.014,1560.847,1318.833,COMPLETED,0,0,0
Person_6689,Person_6689_1,working,car,home,4065.2060983642004,1289.6729660000035,warehouse,5370.244759478663,4031.4982183140264,482.047,1561.746,1079.699,COMPLETED,0,0,0
Person_9687,Person_9687_1,working,car,home,5671.518269212749,2531.8551943649427,city,10159.910029921817,195.30711077929786,542.28,1568.039,1025.759,COMPLETED,0,0,0
Person_9197,Person_9197_1,working,car,home,126.82488358348685,4319.6356930350885,office,8375.752501290997,1279.256010891947,1442.179,1573.433,131.2539999999999,COMPLETED,0,0,0
Person_2410,Person_2410_1,working,car,home,6495.7892110936755,4362.037501017925,city,10159.910029921817,195.30711077929786,1262.379,1576.13,313.7510000000002,COMPLETED,0,0,0
Person_1545,Person_1545_1,working,train,home,4966.557157736214,6112.207127637174,,5324.662215615522,5920.8056375972865,2.88,1577.029,1574.149,COMPLETED,0,0,0
Person_9596,Person_9596_1,working,car,home,8982.539674594882,6224.04271922478,yes,5427.735817319722,785.1191970688639,482.047,1582.423,1100.376,COMPLETED,0,0,0
Person_4920,Person_4920_1,working,car,home,4065.2060983642004,1289.6729660000035,yes,5578.136460460708,721.3929748223632,842.546,1582.423,739.877,COMPLETED,0,0,0
Person_7398,Person_7398_1,working,car,home,10159.910029921817,195.30711077929786,yes,8689.915455905832,951.2570630061113,1322.612,1582.423,259.8109999999999,COMPLETED,0,0,0
Person_7784,Person_7784_1,working,car,home,10159.910029921817,195.30711077929786,industrial,7182.495225724932,7726.897619346308,1381.946,1584.221,202.2750000000001,COMPLETED,0,0,0
Person_5052,Person_5052_1,working,car,home,4771.159705068488,7798.325282355149,university,5901.5627362491805,2994.702412765903,1562.645,1584.221,21.576000000000022,COMPLETED,0,0,0
Person_4467,Person_4467_1,working,car,home,10159.910029921817,195.30711077929786,retail,6624.048873122179,3607.6615235252184,1502.412,1587.817,85.40499999999997,COMPLETED,0,0,0
Person_4986,Person_4986_1,working,car,home,8841.23715559046,3443.3146204736513,city,10159.910029921817,195.30711077929786,1562.645,1587.817,25.172000000000025,COMPLETED,0,0,0
Person_8361,Person_8361_1,working,car,home,6469.279513008723,4164.032547709467,university,5887.791508799354,2982.146731596164,1202.146,1589.615,387.46900000000005,COMPLETED,0,0,0
Person_8418,Person_8418_1,working,car,home,6353.697512354989,3667.781518935259,city,10159.910029921817,195.30711077929786,1562.645,1590.514,27.868999999999915,COMPLETED,0,0,0
Person_2415,Person_2415_1,working,train,home,6676.021828015948,3981.7779284550966,,6383.066520287023,4062.6484057004186,182.68,1591.413,1408.733,COMPLETED,0,0,0
Person_2893,Person_2893_1,working,car,home,4771.159705068488,7798.325282355149,yes,5758.497337535682,1069.750861206855,722.08,1592.312,870.2319999999999,COMPLETED,0,0,0
Person_8183,Person_8183_1,working,car,home,8128.783279544314,3148.5314025470734,city,10159.910029921817,195.30711077929786,1322.612,1592.312,269.6999999999998,COMPLETED,0,0,0
Person_4017,Person_4017_1,working,car,home,10159.910029921817,195.30711077929786,yes,6608.12488785997,739.9823871814741,1262.379,1593.211,330.8320000000001,COMPLETED,0,0,0
Person_3914,Person_3914_1,working,car,home,5713.950863683471,719.2447217556602,city,10159.910029921817,195.30711077929786,1442.179,1593.211,151.03199999999993,COMPLETED,0,0,0
Person_8863,Person_8863_1,working,car,home,8444.02703628431,3641.9363836665702,city,10159.910029921817,195.30711077929786,1562.645,1593.211,30.56600000000003,COMPLETED,0,0,0
Person_2281,Person_2281_1,working,car,home,7581.972116151287,3898.8189596769876,city,812.749230267771,6686.310237051298,362.48,1595.009,1232.529,COMPLETED,0,0,0
Person_2206,Person_2206_1,working,car,home,8093.827666373867,2144.4379124567204,kindergarten,7829.653627273629,4416.211188657,1322.612,1595.009,272.39699999999993,COMPLETED,0,0,0
Person_535,Person_535_1,working,car,home,8270.625428497271,3725.714908777447,city,10159.910029921817,195.30711077929786,1381.946,1599.504,217.558,COMPLETED,0,0,0
Person_2880,Person_2880_1,working,car,home,10159.910029921817,195.30711077929786,yes,2471.992760153212,4101.267715736362,2.88,1600.403,1597.523,COMPLETED,0,0,0
Person_1190,Person_1190_1,working,car,home,4771.159705068488,7798.325282355149,kindergarten,7829.653627273629,4416.211188657,1502.412,1600.403,97.99099999999999,COMPLETED,0,0,0
Person_4655,Person_4655_1,working,car,home,7113.010213248334,4120.805336310302,city,10159.910029921817,195.30711077929786,1502.412,1600.403,97.99099999999999,COMPLETED,0,0,0
Person_5738,Person_5738_1,working,car,home,6677.217919627822,4207.659028053145,city,10159.910029921817,195.30711077929786,1562.645,1600.403,37.75800000000004,COMPLETED,0,0,0
Person_8855,Person_8855_1,working,car,home,126.82488358348685,4319.6356930350885,school,6178.314596811026,2972.721994299326,302.247,1603.999,1301.752,COMPLETED,0,0,0
Person_7370,Person_7370_1,working,car,home,8449.625070572545,3702.740095660262,city,10159.910029921817,195.30711077929786,962.113,1608.494,646.3809999999999,COMPLETED,0,0,0
Person_5122,Person_5122_1,working,car,home,10159.910029921817,195.30711077929786,yes,7756.802058282402,4950.63667939008,1562.645,1608.494,45.84899999999993,COMPLETED,0,0,0
Person_9805,Person_9805_1,working,train,home,9055.021387619097,3278.648703776205,,8351.70415135049,2763.8378920000764,2.88,1608.494,1605.6139999999998,COMPLETED,0,0,0
Person_5934,Person_5934_1,working,car,home,7004.485989969746,3999.9883515868687,city,10159.910029921817,195.30711077929786,1562.645,1609.393,46.74800000000005,COMPLETED,0,0,0
Person_1332,Person_1332_1,working,car,home,8009.311991102854,3511.5136677834266,city,10159.910029921817,195.30711077929786,1322.612,1612.09,289.47799999999984,COMPLETED,0,0,0
Person_1431,Person_1431_1,working,car,home,4771.159705068488,7798.325282355149,yes,4390.051154031899,5957.270747497669,1322.612,1614.787,292.17499999999995,COMPLETED,0,0,0
Person_7895,Person_7895_1,working,car,home,7799.395591076048,3637.488390007194,university,8680.422548567441,1236.9101943957473,1022.346,1618.383,596.037,COMPLETED,0,0,0
Person_8450,Person_8450_1,working,car,home,10159.910029921817,195.30711077929786,yes,5620.39044173828,858.5683284453526,1202.146,1620.181,418.0350000000001,COMPLETED,0,0,0
Person_553,Person_553_1,working,car,home,8982.539674594882,6224.04271922478,yes,5578.734582643284,835.3957733492122,842.546,1621.979,779.433,COMPLETED,0,0,0
Person_5081,Person_5081_1,working,walking,home,7097.252646123013,1898.6561418996073,university,5901.5627362491805,2994.702412765903,1621.979,1621.979,0.0,COMPLETED,0,0,0
Person_4367,Person_4367_1,working,car,home,5650.260663097912,4572.942398385182,city,4771.159705068488,7798.325282355149,1262.379,1625.575,363.19600000000014,COMPLETED,0,0,0
Person_115,Person_115_1,working,car,home,6116.078958881958,4488.915600673263,city,10159.910029921817,195.30711077929786,1502.412,1626.474,124.0619999999999,COMPLETED,0,0,0
Person_2702,Person_2702_1,working,car,home,10159.910029921817,195.30711077929786,yes,6946.9295765506695,5629.537282334624,362.48,1630.07,1267.59,COMPLETED,0,0,0
Person_968,Person_968_1,working,car,home,10159.910029921817,195.30711077929786,yes,5827.3450115761325,909.2381989582406,1262.379,1630.969,368.59000000000015,COMPLETED,0,0,0
Person_5134,Person_5134_1,working,car,home,10159.910029921817,195.30711077929786,school,8477.119662221643,3293.0896276178073,782.313,1631.868,849.555,COMPLETED,0,0,0
Person_3293,Person_3293_1,working,car,home,4771.159705068488,7798.325282355149,yes,4401.338204806633,5700.2680694483615,1202.146,1632.767,430.6210000000001,COMPLETED,0,0,0
Person_9160,Person_9160_1,working,car,home,5991.502092943173,1100.8565317531156,city,10159.910029921817,195.30711077929786,1562.645,1632.767,70.12200000000007,COMPLETED,0,0,0
Person_4628,Person_4628_1,working,car,home,5462.6403923312155,2317.1676455839047,university,8680.422548567441,1236.9101943957473,1141.913,1634.565,492.65200000000004,COMPLETED,0,0,0
Person_9471,Person_9471_1,working,car,home,5046.082298986916,4903.116162712401,city,10159.910029921817,195.30711077929786,1621.979,1634.565,12.586000000000013,COMPLETED,0,0,0
Person_4658,Person_4658_1,working,car,home,4065.2060983642004,1289.6729660000035,yes,6003.202559776762,1062.8293166683543,1562.645,1636.363,73.71800000000007,COMPLETED,0,0,0
Person_6919,Person_6919_1,working,car,home,4771.159705068488,7798.325282355149,yes,5496.53884631267,4733.844082479886,482.047,1638.161,1156.114,COMPLETED,0,0,0
Person_6452,Person_6452_1,working,car,home,7899.0489705298105,4064.022130298447,school,8736.543901314471,2818.0307806824885,1621.979,1639.06,17.080999999999904,COMPLETED,0,0,0
Person_3669,Person_3669_1,working,car,home,10159.910029921817,195.30711077929786,industrial,8555.434461118837,4877.522559948568,62.214,1639.959,1577.7450000000001,COMPLETED,0,0,0
Person_7859,Person_7859_1,working,car,home,8139.720357475865,3401.347014842925,university,5887.791508799354,2982.146731596164,482.047,1641.757,1159.71,COMPLETED,0,0,0
Person_8,Person_8_1,working,car,home,7228.918657106837,3750.690174275473,city,10159.910029921817,195.30711077929786,1322.612,1642.656,320.04399999999987,COMPLETED,0,0,0
Person_2632,Person_2632_1,working,car,home,6417.780731602633,5195.232893646591,city,8982.539674594882,6224.04271922478,1502.412,1643.555,141.14300000000003,COMPLETED,0,0,0
Person_3532,Person_3532_1,working,car,home,8106.326359288681,3211.109096547146,city,10159.910029921817,195.30711077929786,1202.146,1645.353,443.2070000000001,COMPLETED,0,0,0
Person_446,Person_446_1,working,car,home,4771.159705068488,7798.325282355149,school,8949.410883229664,3371.092297283396,1621.979,1646.252,24.27299999999991,COMPLETED,0,0,0
Person_3194,Person_3194_1,working,car,home,7250.361834792603,3872.5335838679903,city,4771.159705068488,7798.325282355149,1202.146,1647.151,445.0050000000001,COMPLETED,0,0,0
Person_9330,Person_9330_1,working,car,home,7668.716011919458,3683.8072743308494,city,10159.910029921817,195.30711077929786,1442.179,1647.151,204.97199999999998,COMPLETED,0,0,0
Person_3,Person_3_1,working,car,home,10159.910029921817,195.30711077929786,industrial,9126.370229300046,4144.284566898609,842.546,1648.05,805.5039999999999,COMPLETED,0,0,0
Person_3105,Person_3105_1,working,car,home,8156.8680461066915,3278.3099325345884,city,10159.910029921817,195.30711077929786,1621.979,1651.646,29.666999999999916,COMPLETED,0,0,0
Person_177,Person_177_1,working,car,home,10159.910029921817,195.30711077929786,university,6451.821586100195,3200.551272926657,1202.146,1652.545,450.3990000000001,COMPLETED,0,0,0
Person_2523,Person_2523_1,working,car,home,5596.072078966396,4853.56103916498,school,8984.07142404157,3500.38750429968,1621.979,1657.04,35.06099999999992,COMPLETED,0,0,0
Person_7043,Person_7043_1,working,train,home,6304.034149607178,3378.274888591805,,6383.066520287023,4062.6484057004186,2.88,1657.939,1655.059,COMPLETED,0,0,0
Person_3726,Person_3726_1,working,car,home,6790.069922796814,4577.736207107264,city,10159.910029921817,195.30711077929786,1442.179,1660.636,218.45699999999988,COMPLETED,0,0,0
Person_7856,Person_7856_1,working,train,home,6527.054823832203,4033.0065426353417,,6383.066520287023,4062.6484057004186,2.88,1665.131,1662.251,COMPLETED,0,0,0
Person_32,Person_32_1,working,car,home,10159.910029921817,195.30711077929786,yes,6995.534107099715,1950.58673505593,1141.913,1669.626,527.713,COMPLETED,0,0,0
Person_6328,Person_6328_1,working,train,home,7871.174968130624,3932.001158791247,,8351.70415135049,2763.8378920000764,362.48,1669.626,1307.146,COMPLETED,0,0,0
Person_9316,Person_9316_1,working,train,home,8002.264115931081,3683.117157405234,,8351.70415135049,2763.8378920000764,2.88,1675.02,1672.1399999999999,COMPLETED,0,0,0
Person_8075,Person_8075_1,working,car,home,4771.159705068488,7798.325282355149,yes,9709.605670766072,2946.070616148129,62.214,1677.717,1615.5030000000002,COMPLETED,0,0,0
Person_1177,Person_1177_1,working,car,home,10159.910029921817,195.30711077929786,university,6451.821586100195,3200.551272926657,1262.379,1677.717,415.3380000000002,COMPLETED,0,0,0
Person_3156,Person_3156_1,working,taxi,home,6116.014713267462,3643.4239035490173,city,8982.539674594882,6224.04271922478,422.713,1678.616,1255.903,COMPLETED,0,0,0
Person_9557,Person_9557_1,working,train,home,6638.141096484449,4060.0414285461566,,6383.066520287023,4062.6484057004186,3.779,1678.616,1674.837,COMPLETED,0,0,0
Person_9212,Person_9212_1,working,car,home,6448.818771696015,4317.362617110152,city,812.749230267771,6686.310237051298,2.88,1682.212,1679.3319999999999,COMPLETED,0,0,0
Person_8727,Person_8727_1,working,train,home,6610.301060949495,4464.3857544521015,,6383.066520287023,4062.6484057004186,1682.212,1682.212,0.0,COMPLETED,0,0,0
Person_4416,Person_4416_1,working,car,home,10159.910029921817,195.30711077929786,yes,7016.322556251805,7637.244573406188,1502.412,1686.707,184.29500000000007,COMPLETED,0,0,0
Person_3460,Person_3460_1,working,car,home,10159.910029921817,195.30711077929786,industrial,8706.59609677522,4815.33801514157,2.88,1693.899,1691.0189999999998,COMPLETED,0,0,0
Person_5944,Person_5944_1,working,car,home,7276.199298951329,3499.0280559837593,city,10159.910029921817,195.30711077929786,1082.579,1695.697,613.1179999999999,COMPLETED,0,0,0
Person_361,Person_361_1,working,car,home,10159.910029921817,195.30711077929786,school,8066.722148837125,3706.408670064231,1381.946,1697.495,315.549,COMPLETED,0,0,0
Person_4144,Person_4144_1,working,car,home,8667.570316991274,2401.5875818903837,city,10159.910029921817,195.30711077929786,1442.179,1700.192,258.0129999999999,COMPLETED,0,0,0
Person_5986,Person_5986_1,working,car,home,8255.417371119212,3203.890483229834,city,10159.910029921817,195.30711077929786,1682.212,1700.192,17.980000000000018,COMPLETED,0,0,0
Person_6593,Person_6593_1,working,car,home,4771.159705068488,7798.325282355149,yes,9846.620353453673,3001.5887601159525,2.88,1701.091,1698.2109999999998,COMPLETED,0,0,0
Person_1882,Person_1882_1,working,car,home,8011.15392212224,3909.0093833081505,city,10159.910029921817,195.30711077929786,1682.212,1701.091,18.878999999999905,COMPLETED,0,0,0
Person_7449,Person_7449_1,working,car,home,7326.241633871126,4245.588063934467,school,8359.839720127626,3987.9042581546664,1381.946,1702.889,320.943,COMPLETED,0,0,0
Person_9571,Person_9571_1,working,car,home,7643.737025680254,3215.2155674697274,city,10159.910029921817,195.30711077929786,1621.979,1704.687,82.70799999999986,COMPLETED,0,0,0
Person_2773,Person_2773_1,working,car,home,8181.729682174539,2314.9063189042845,city,10159.910029921817,195.30711077929786,1682.212,1705.586,23.374000000000024,COMPLETED,0,0,0
Person_1582,Person_1582_1,working,walking,home,9056.7049146947,3506.3536067205205,school,7714.99434024055,4316.181996257846,3.779,1706.485,1702.706,COMPLETED,0,0,0
Person_4201,Person_4201_1,working,car,home,10159.910029921817,195.30711077929786,yes,5960.961035174795,1013.0590859608938,1682.212,1709.182,26.970000000000027,COMPLETED,0,0,0
Person_6527,Person_6527_1,working,train,home,8176.551459320729,3667.6769255495797,,8351.70415135049,2763.8378920000764,602.513,1709.182,1106.6689999999999,COMPLETED,0,0,0
Person_5028,Person_5028_1,working,car,home,4065.2060983642004,1289.6729660000035,yes,6468.666092796933,4415.599493684749,602.513,1710.081,1107.5679999999998,COMPLETED,0,0,0
Person_6657,Person_6657_1,working,car,home,7817.936934932596,4918.203690486683,city,10159.910029921817,195.30711077929786,1442.179,1710.081,267.9019999999998,COMPLETED,0,0,0
Person_5492,Person_5492_1,working,car,home,126.82488358348685,4319.6356930350885,university,8680.422548567441,1236.9101943957473,782.313,1711.879,929.5659999999999,COMPLETED,0,0,0
Person_1732,Person_1732_1,working,car,home,7621.200565634576,5434.855152440541,city,10159.910029921817,195.30711077929786,1562.645,1711.879,149.23399999999992,COMPLETED,0,0,0
Person_5723,Person_5723_1,working,car,home,8147.576551704722,2887.183433334298,city,10159.910029921817,195.30711077929786,1381.946,1713.677,331.731,COMPLETED,0,0,0
Person_2887,Person_2887_1,working,car,home,5912.718123880397,4294.357787896209,city,10159.910029921817,195.30711077929786,1621.979,1715.475,93.49599999999987,COMPLETED,0,0,0
Person_5121,Person_5121_1,working,car,home,8982.539674594882,6224.04271922478,yes,6172.787967187763,5500.008880580673,902.779,1716.374,813.595,COMPLETED,0,0,0
Person_692,Person_692_1,working,car,home,6029.729636312003,3597.6803882195472,city,10159.910029921817,195.30711077929786,1381.946,1727.162,345.2160000000001,COMPLETED,0,0,0
Person_412,Person_412_1,working,car,home,4771.159705068488,7798.325282355149,yes,6808.365973214214,4229.010591582989,1621.979,1728.061,106.08199999999988,COMPLETED,0,0,0
Person_6507,Person_6507_1,working,car,home,6148.631463294885,2518.1683911161604,city,10159.910029921817,195.30711077929786,1682.212,1730.758,48.54600000000005,COMPLETED,0,0,0
Person_7128,Person_7128_1,working,car,home,10159.910029921817,195.30711077929786,yes,7113.314589194261,2035.0896251096335,1442.179,1731.657,289.47799999999984,COMPLETED,0,0,0
Person_3276,Person_3276_1,working,car,home,126.82488358348685,4319.6356930350885,university,6451.821586100195,3200.551272926657,542.28,1733.455,1191.175,COMPLETED,0,0,0
Person_8763,Person_8763_1,working,car,home,6242.060456640763,3714.331521282113,city,10159.910029921817,195.30711077929786,1562.645,1733.455,170.80999999999995,COMPLETED,0,0,0
Person_7461,Person_7461_1,working,car,home,7059.122696122407,3848.6963348652416,university,6451.821586100195,3200.551272926657,1682.212,1739.748,57.53600000000006,COMPLETED,0,0,0
Person_6047,Person_6047_1,working,car,home,6130.308370646612,2581.388215563253,university,6451.821586100195,3200.551272926657,1562.645,1741.546,178.90100000000007,COMPLETED,0,0,0
Person_4674,Person_4674_1,working,car,home,126.82488358348685,4319.6356930350885,school,8067.006196624861,3738.189414676249,2.88,1745.142,1742.262,COMPLETED,0,0,0
Person_2336,Person_2336_1,working,car,home,4771.159705068488,7798.325282355149,yes,6951.095829072853,4317.162383140936,1262.379,1745.142,482.76300000000015,COMPLETED,0,0,0
Person_9545,Person_9545_1,working,car,home,6849.030456639985,3995.3115524784075,city,10159.910029921817,195.30711077929786,842.546,1746.041,903.4949999999999,COMPLETED,0,0,0
Person_9753,Person_9753_1,working,car,home,10159.910029921817,195.30711077929786,industrial,8220.178826865065,4469.17501657766,902.779,1750.536,847.7570000000001,COMPLETED,0,0,0
Person_2365,Person_2365_1,working,car,home,8255.005659655348,3266.381533408893,city,8982.539674594882,6224.04271922478,1682.212,1750.536,68.32400000000007,COMPLETED,0,0,0
Person_4516,Person_4516_1,working,car,home,10159.910029921817,195.30711077929786,yes,6527.054823832203,4033.0065426353417,782.313,1753.233,970.92,COMPLETED,0,0,0
Person_1627,Person_1627_1,working,car,home,8982.539674594882,6224.04271922478,yes,6592.712102437604,3347.7777209693277,422.713,1754.132,1331.419,COMPLETED,0,0,0
Person_6467,Person_6467_1,working,train,home,6736.4141092864,4155.202077341772,,6383.066520287023,4062.6484057004186,2.88,1754.132,1751.252,COMPLETED,0,0,0
Person_2250,Person_2250_1,working,train,home,7039.325825926485,3828.9022781493213,,6383.066520287023,4062.6484057004186,2.88,1755.031,1752.1509999999998,COMPLETED,0,0,0
Person_2295,Person_2295_1,working,car,home,10159.910029921817,195.30711077929786,yes,6749.656025108761,3924.9276479094046,1742.445,1760.425,17.980000000000018,COMPLETED,0,0,0
Person_7693,Person_7693_1,working,car,home,6203.498387213252,2194.0207692962254,city,10159.910029921817,195.30711077929786,1742.445,1763.122,20.677000000000135,COMPLETED,0,0,0
Person_2229,Person_2229_1,working,car,home,10159.910029921817,195.30711077929786,warehouse,5020.267497161361,4177.479761059644,782.313,1764.021,981.708,COMPLETED,0,0,0
Person_8536,Person_8536_1,working,car,home,10159.910029921817,195.30711077929786,yes,4018.826318834734,1493.5242866466258,1682.212,1764.92,82.70800000000008,COMPLETED,0,0,0
Person_7118,Person_7118_1,working,car,home,126.82488358348685,4319.6356930350885,yes,6494.835611603875,4144.7832855395045,1742.445,1765.819,23.374000000000024,COMPLETED,0,0,0
Person_7838,Person_7838_1,working,car,home,8982.539674594882,6224.04271922478,yes,7411.71954522111,3164.3051618203685,842.546,1766.718,924.172,COMPLETED,0,0,0
Person_9309,Person_9309_1,working,car,home,2488.6470704888443,4210.0986357891115,city,10159.910029921817,195.30711077929786,2.88,1770.314,1767.434,COMPLETED,0,0,0
Person_3319,Person_3319_1,working,train,home,8126.291411341647,3281.1078727166596,,8351.70415135049,2763.8378920000764,422.713,1772.112,1349.3990000000001,COMPLETED,0,0,0
Person_4891,Person_4891_1,working,car,home,7775.654889130917,5006.294825473408,city,10159.910029921817,195.30711077929786,1621.979,1773.011,151.03199999999993,COMPLETED,0,0,0
Person_7256,Person_7256_1,working,car,home,6322.817090171927,2836.124901773614,university,6850.81127161198,3522.934095561738,962.113,1773.91,811.797,COMPLETED,0,0,0
Person_2531,Person_2531_1,working,car,home,10159.910029921817,195.30711077929786,yes,6514.5572755060675,4423.4518895371275,842.546,1774.809,932.2629999999999,COMPLETED,0,0,0
Person_7350,Person_7350_1,working,car,home,6696.9225899582,3403.0576397326417,city,10159.910029921817,195.30711077929786,1562.645,1776.607,213.962,COMPLETED,0,0,0
Person_4430,Person_4430_1,working,car,home,5616.662537757117,589.1638648345502,city,10159.910029921817,195.30711077929786,782.313,1777.506,995.1930000000001,COMPLETED,0,0,0
Person_4583,Person_4583_1,working,car,home,7039.065313641173,4071.900402316716,city,8982.539674594882,6224.04271922478,1022.346,1779.304,756.9580000000001,COMPLETED,0,0,0
Person_3993,Person_3993_1,working,car,home,5618.797992552808,4942.764226110754,city,10159.910029921817,195.30711077929786,1682.212,1779.304,97.0920000000001,COMPLETED,0,0,0
Person_187,Person_187_1,working,car,home,6378.367670504114,4616.683560031334,city,10159.910029921817,195.30711077929786,962.113,1780.203,818.0899999999999,COMPLETED,0,0,0
Person_4838,Person_4838_1,working,car,home,10159.910029921817,195.30711077929786,yes,7037.100193570429,5321.648164574805,1262.379,1783.799,521.4200000000001,COMPLETED,0,0,0
Person_6578,Person_6578_1,working,car,home,7656.545214650346,5097.000133925464,school,5016.883744216048,983.1878128930324,1562.645,1783.799,221.154,COMPLETED,0,0,0
Person_5779,Person_5779_1,working,car,home,5546.9309062466555,2566.3825825376603,city,10159.910029921817,195.30711077929786,1742.445,1785.597,43.152000000000044,COMPLETED,0,0,0
Person_808,Person_808_1,working,car,home,10159.910029921817,195.30711077929786,university,5887.791508799354,2982.146731596164,1141.913,1789.193,647.28,COMPLETED,0,0,0
Person_3014,Person_3014_1,working,car,home,10159.910029921817,195.30711077929786,university,6850.81127161198,3522.934095561738,1141.913,1791.89,649.9770000000001,COMPLETED,0,0,0
Person_6742,Person_6742_1,working,car,home,4065.2060983642004,1289.6729660000035,yes,5302.061381036301,4547.9037286591065,1562.645,1791.89,229.24500000000012,COMPLETED,0,0,0
Person_342,Person_342_1,working,car,home,5548.777139762679,2296.8390606607572,city,10159.910029921817,195.30711077929786,1082.579,1796.385,713.806,COMPLETED,0,0,0
Person_5571,Person_5571_1,working,car,home,126.82488358348685,4319.6356930350885,yes,3278.56116402224,5904.637161690636,1742.445,1799.082,56.63700000000017,COMPLETED,0,0,0
Person_415,Person_415_1,working,train,home,6044.566534341074,5001.633954942221,,6383.066520287023,4062.6484057004186,1802.678,1802.678,0.0,COMPLETED,0,0,0
Person_3646,Person_3646_1,working,train,home,8874.16523297169,3245.199237290079,,8351.70415135049,2763.8378920000764,902.779,1803.577,900.798,COMPLETED,0,0,0
Person_6450,Person_6450_1,working,car,home,10159.910029921817,195.30711077929786,yes,7685.153466171891,3207.3208383645087,1141.913,1804.476,662.5630000000001,COMPLETED,0,0,0
Person_1936,Person_1936_1,working,train,home,4949.89697126478,6145.82659692804,,5324.662215615522,5920.8056375972865,2.88,1805.375,1802.495,COMPLETED,0,0,0
Person_464,Person_464_1,working,car,home,6299.667273519436,2773.5164764855995,city,10159.910029921817,195.30711077929786,1442.179,1807.173,364.9939999999999,COMPLETED,0,0,0
Person_7918,Person_7918_1,working,train,home,7763.748069887376,3417.1968395337954,,8351.70415135049,2763.8378920000764,2.88,1810.769,1807.889,COMPLETED,0,0,0
Person_7079,Person_7079_1,working,car,home,10159.910029921817,195.30711077929786,yes,6377.846990662475,3608.161766941437,1621.979,1822.456,200.47699999999986,COMPLETED,0,0,0
Person_2219,Person_2219_1,working,car,home,5586.3294545710005,4551.4216027186985,city,4771.159705068488,7798.325282355149,1802.678,1822.456,19.777999999999793,COMPLETED,0,0,0
Person_1432,Person_1432_1,working,car,home,4771.159705068488,7798.325282355149,yes,6795.542935163588,5601.487077056224,2.88,1823.355,1820.475,COMPLETED,0,0,0
Person_2985,Person_2985_1,working,car,home,7394.161777826096,4750.611795616419,city,10159.910029921817,195.30711077929786,1621.979,1823.355,201.37599999999998,COMPLETED,0,0,0
Person_9793,Person_9793_1,working,car,home,4771.159705068488,7798.325282355149,yes,6923.63102640292,3091.856293993267,1202.146,1825.153,623.0070000000001,COMPLETED,0,0,0
Person_4167,Person_4167_1,working,train,home,4918.126785704261,5314.279941141937,,5324.662215615522,5920.8056375972865,2.88,1827.85,1824.9699999999998,COMPLETED,0,0,0
Person_231,Person_231_1,working,car,home,4065.2060983642004,1289.6729660000035,industrial,6471.2117675728,956.5876190243972,662.746,1834.143,1171.397,COMPLETED,0,0,0
Person_2813,Person_2813_1,working,car,home,10159.910029921817,195.30711077929786,yes,7070.221125956727,1866.5059208190967,1742.445,1837.739,95.2940000000001,COMPLETED,0,0,0
Person_7991,Person_7991_1,working,car,home,5560.016663373446,473.2873578377448,city,10159.910029921817,195.30711077929786,1802.678,1837.739,35.06099999999992,COMPLETED,0,0,0
Person_3663,Person_3663_1,working,car,home,6083.178729156347,3646.844619828378,city,8982.539674594882,6224.04271922478,1802.678,1843.133,40.45499999999993,COMPLETED,0,0,0
Person_2954,Person_2954_1,working,car,home,8957.55984173916,2520.6494238076825,city,10159.910029921817,195.30711077929786,1502.412,1853.022,350.6099999999999,COMPLETED,0,0,0
Person_5316,Person_5316_1,working,car,home,10159.910029921817,195.30711077929786,industrial,5539.046428469787,4333.97157670003,902.779,1855.719,952.94,COMPLETED,0,0,0
Person_8145,Person_8145_1,working,car,home,5690.125721263378,3599.8872076592734,university,6980.17060882167,3727.0047244733337,1022.346,1862.911,840.565,COMPLETED,0,0,0
Person_4869,Person_4869_1,working,car,home,10159.910029921817,195.30711077929786,retail,5052.6871441824505,4866.342531971555,1141.913,1867.406,725.4929999999999,COMPLETED,0,0,0
Person_6909,Person_6909_1,working,car,home,8925.772859036888,2465.5606282943354,city,10159.910029921817,195.30711077929786,1322.612,1869.204,546.5919999999999,COMPLETED,0,0,0
Person_6489,Person_6489_1,working,car,home,10159.910029921817,195.30711077929786,retail,8853.713294719126,3251.3761895317916,1802.678,1870.103,67.42499999999995,COMPLETED,0,0,0
Person_7904,Person_7904_1,working,car,home,10159.910029921817,195.30711077929786,warehouse,5221.738786639359,4297.55435847346,1082.579,1873.699,791.1200000000001,COMPLETED,0,0,0
Person_1885,Person_1885_1,working,car,home,7902.905839799958,2967.599312655677,city,10159.910029921817,195.30711077929786,1682.212,1876.396,194.18399999999997,COMPLETED,0,0,0
Person_4094,Person_4094_1,working,car,home,8179.11171978525,3003.5581052660955,city,4771.159705068488,7798.325282355149,1742.445,1879.992,137.54700000000003,COMPLETED,0,0,0
Person_7666,Person_7666_1,working,car,home,10159.910029921817,195.30711077929786,civic,7440.519998950262,4670.747741571755,1022.346,1881.79,859.444,COMPLETED,0,0,0
Person_6764,Person_6764_1,working,car,home,8812.265773369603,2639.764437326557,city,10159.910029921817,195.30711077929786,1262.379,1881.79,619.4110000000001,COMPLETED,0,0,0
Person_4429,Person_4429_1,working,car,home,5746.017231002171,2528.152988847775,city,10159.910029921817,195.30711077929786,1322.612,1882.689,560.077,COMPLETED,0,0,0
Person_5495,Person_5495_1,working,car,home,10159.910029921817,195.30711077929786,industrial,8507.07582746566,1288.7124444217668,1442.179,1883.588,441.4089999999999,COMPLETED,0,0,0
Person_1451,Person_1451_1,working,car,home,7737.152562450058,3730.0750175984786,city,10159.910029921817,195.30711077929786,1082.579,1884.487,801.9080000000001,COMPLETED,0,0,0
Person_8263,Person_8263_1,working,car,home,10159.910029921817,195.30711077929786,industrial,8559.522205976662,962.2748678241913,1502.412,1888.982,386.56999999999994,COMPLETED,0,0,0
Person_1933,Person_1933_1,working,train,home,8876.38735953274,2606.678240591446,,8351.70415135049,2763.8378920000764,122.447,1888.982,1766.5349999999999,COMPLETED,0,0,0
Person_6200,Person_6200_1,working,car,home,7360.52897523433,4048.7796194692182,city,8982.539674594882,6224.04271922478,1562.645,1889.881,327.2360000000001,COMPLETED,0,0,0
Person_3338,Person_3338_1,working,train,home,7005.934854706682,4218.923019606056,,6383.066520287023,4062.6484057004186,2.88,1895.275,1892.395,COMPLETED,0,0,0
Person_7037,Person_7037_1,working,train,home,6501.6395484673585,3982.3353771580487,,6383.066520287023,4062.6484057004186,722.08,1898.871,1176.7910000000002,COMPLETED,0,0,0
Person_2340,Person_2340_1,working,car,home,10159.910029921817,195.30711077929786,university,6839.399852089795,3585.511730890991,1141.913,1903.366,761.453,COMPLETED,0,0,0
Person_4302,Person_4302_1,working,car,home,10159.910029921817,195.30711077929786,yes,8844.073041069023,1120.684284555989,1562.645,1903.366,340.721,COMPLETED,0,0,0
Person_5038,Person_5038_1,working,car,home,10159.910029921817,195.30711077929786,yes,5817.463638880837,944.0947897713879,1802.678,1905.164,102.48599999999988,COMPLETED,0,0,0
Person_6282,Person_6282_1,working,car,home,126.82488358348685,4319.6356930350885,yes,6993.218667033126,1897.9720323424306,542.28,1906.962,1364.682,COMPLETED,0,0,0
Person_3890,Person_3890_1,working,car,home,8897.081966776173,2404.3266839731627,kindergarten,6894.377262739245,4562.107792110269,1202.146,1911.457,709.3110000000001,COMPLETED,0,0,0
Person_8850,Person_8850_1,working,car,home,7706.074861640503,4090.724717584271,university,5901.5627362491805,2994.702412765903,1442.179,1911.457,469.278,COMPLETED,0,0,0
Person_8277,Person_8277_1,working,car,home,126.82488358348685,4319.6356930350885,yes,6478.889135488077,4404.16244558716,962.113,1913.255,951.142,COMPLETED,0,0,0
Person_9910,Person_9910_1,working,car,home,126.82488358348685,4319.6356930350885,yes,5735.80910633227,789.8218385372122,962.113,1918.649,956.5359999999998,COMPLETED,0,0,0
Person_8523,Person_8523_1,working,car,home,126.82488358348685,4319.6356930350885,yes,5571.389968268436,1022.2068211815551,782.313,1919.548,1137.2350000000001,COMPLETED,0,0,0
Person_5229,Person_5229_1,working,car,home,4771.159705068488,7798.325282355149,yes,7142.077343133339,4362.628693693856,1621.979,1926.74,304.76099999999997,COMPLETED,0,0,0
Person_1826,Person_1826_1,working,car,home,10159.910029921817,195.30711077929786,yes,5665.272155986111,677.7532905620141,722.08,1928.538,1206.458,COMPLETED,0,0,0
Person_7530,Person_7530_1,working,train,home,7823.617102854583,3929.8305017961857,,8351.70415135049,2763.8378920000764,2.88,1942.922,1940.042,COMPLETED,0,0,0
Person_680,Person_680_1,working,car,home,6115.667630367897,3548.1070068141685,city,10159.910029921817,195.30711077929786,1621.979,1944.72,322.741,COMPLETED,0,0,0
Person_6994,Person_6994_1,working,car,home,8001.802426086265,2978.409100123745,city,8982.539674594882,6224.04271922478,1621.979,1946.518,324.539,COMPLETED,0,0,0
Person_7434,Person_7434_1,working,car,home,8305.430714367854,3668.268138696285,school,6481.039182386581,4685.228539221363,902.779,1949.215,1046.436,COMPLETED,0,0,0
Person_7010,Person_7010_1,working,car,home,6420.982915854868,4385.557420066445,city,812.749230267771,6686.310237051298,722.08,1950.114,1228.034,COMPLETED,0,0,0
Person_3400,Person_3400_1,working,car,home,4771.159705068488,7798.325282355149,yes,5729.94740799856,632.0621263101676,662.746,1963.599,1300.853,COMPLETED,0,0,0
Person_2019,Person_2019_1,working,car,home,10159.910029921817,195.30711077929786,yes,6506.1285338379375,4020.899313122948,1802.678,1965.397,162.71899999999982,COMPLETED,0,0,0
Person_2870,Person_2870_1,working,car,home,10159.910029921817,195.30711077929786,yes,7526.869935630663,5265.856183555259,1202.146,1968.094,765.9480000000001,COMPLETED,0,0,0
Person_7031,Person_7031_1,working,car,home,7310.407305688024,3849.6854879807674,city,10159.910029921817,195.30711077929786,1742.445,1968.993,226.548,COMPLETED,0,0,0
Person_9609,Person_9609_1,working,car,home,10159.910029921817,195.30711077929786,yes,6537.066371259672,4339.829804282404,1082.579,1970.791,888.212,COMPLETED,0,0,0
Person_1541,Person_1541_1,working,car,home,10159.910029921817,195.30711077929786,school,5016.883744216048,983.1878128930324,1802.678,1971.69,169.01199999999994,COMPLETED,0,0,0
Person_2997,Person_2997_1,working,car,home,7564.86855292554,3629.762151407722,city,10159.910029921817,195.30711077929786,1621.979,1972.589,350.6099999999999,COMPLETED,0,0,0
Person_8833,Person_8833_1,working,car,home,8982.539674594882,6224.04271922478,yes,7895.557074606968,3377.041145716038,1442.179,1973.488,531.309,COMPLETED,0,0,0
Person_610,Person_610_1,working,car,home,8982.539674594882,6224.04271922478,yes,6783.458375034971,5528.3563954096735,902.779,1977.084,1074.305,COMPLETED,0,0,0
Person_8868,Person_8868_1,working,car,home,7101.232728866715,4078.102285465629,city,10159.910029921817,195.30711077929786,1621.979,1977.084,355.105,COMPLETED,0,0,0
Person_1684,Person_1684_1,working,car,home,10159.910029921817,195.30711077929786,yes,6441.355443235917,4501.70792092805,1322.612,1977.983,655.3709999999999,COMPLETED,0,0,0
Person_9502,Person_9502_1,working,train,home,6226.6792565623455,4495.063875910483,,6383.066520287023,4062.6484057004186,62.214,1978.882,1916.6680000000001,COMPLETED,0,0,0
Person_9462,Person_9462_1,working,car,home,4350.78260014614,5769.7076661342435,city,8982.539674594882,6224.04271922478,1682.212,1981.579,299.36699999999996,COMPLETED,0,0,0
Person_7734,Person_7734_1,working,car,home,10159.910029921817,195.30711077929786,yes,6431.373166911685,4337.345158269104,842.546,1984.276,1141.73,COMPLETED,0,0,0
Person_5931,Person_5931_1,working,train,home,7743.387749202829,3110.037211372316,,8351.70415135049,2763.8378920000764,1262.379,1985.175,722.796,COMPLETED,0,0,0
Person_1757,Person_1757_1,working,car,home,126.82488358348685,4319.6356930350885,yes,5616.662537757117,589.1638648345502,1141.913,1988.771,846.858,COMPLETED,0,0,0
Person_3224,Person_3224_1,working,car,home,7797.253270734464,5181.66635996028,city,812.749230267771,6686.310237051298,1082.579,1989.67,907.0910000000001,COMPLETED,0,0,0
Person_5969,Person_5969_1,working,train,home,5251.212005626953,4508.34762636877,,6383.066520287023,4062.6484057004186,2.88,1989.67,1986.79,COMPLETED,0,0,0
Person_6904,Person_6904_1,working,car,home,4771.159705068488,7798.325282355149,industrial,5665.545433080019,4333.612604520585,1262.379,1995.963,733.5840000000001,COMPLETED,0,0,0
Person_5585,Person_5585_1,working,train,home,6040.3549882449,3718.1405599314025,,6383.066520287023,4062.6484057004186,2.88,1995.963,1993.0829999999999,COMPLETED,0,0,0
Person_1831,Person_1831_1,working,car,home,10159.910029921817,195.30711077929786,yes,6712.642880995936,4590.553943179607,1682.212,2002.256,320.0440000000001,COMPLETED,0,0,0
Person_6851,Person_6851_1,working,train,home,7813.2053676699825,3413.0088482787105,,8351.70415135049,2763.8378920000764,2.88,2004.953,2002.0729999999999,COMPLETED,0,0,0
Person_4731,Person_4731_1,working,car,home,10159.910029921817,195.30711077929786,yes,6455.309978144085,3657.9061553066886,1381.946,2006.751,624.8050000000001,COMPLETED,0,0,0
Person_5664,Person_5664_1,working,car,home,4771.159705068488,7798.325282355149,yes,5717.047990115839,624.7821712818458,1082.579,2007.65,925.0710000000001,COMPLETED,0,0,0
Person_3363,Person_3363_1,working,walking,home,7817.410911812412,3194.342240768666,university,6850.81127161198,3522.934095561738,722.08,2008.549,1286.469,COMPLETED,0,0,0
Person_6951,Person_6951_1,working,train,home,8501.367062703173,2212.0206282540908,,8351.70415135049,2763.8378920000764,2.88,2008.549,2005.6689999999999,COMPLETED,0,0,0
Person_2464,Person_2464_1,working,car,home,10159.910029921817,195.30711077929786,university,6451.821586100195,3200.551272926657,1502.412,2012.145,509.73299999999995,COMPLETED,0,0,0
Person_5431,Person_5431_1,working,car,home,8879.769327568063,2585.720774112925,city,10159.910029921817,195.30711077929786,1381.946,2013.044,631.0980000000002,COMPLETED,0,0,0
Person_2610,Person_2610_1,working,walking,home,5850.578163838939,4539.803165950918,university,6980.17060882167,3727.0047244733337,2.88,2014.842,2011.962,COMPLETED,0,0,0
Person_4304,Person_4304_1,working,car,home,4065.2060983642004,1289.6729660000035,yes,8550.850730000731,1026.0704437126856,1742.445,2016.64,274.19500000000016,COMPLETED,0,0,0
Person_4485,Person_4485_1,working,car,home,10159.910029921817,195.30711077929786,industrial,6096.769515161245,4163.7136716862715,1322.612,2022.034,699.422,COMPLETED,0,0,0
Person_5942,Person_5942_1,working,walking,home,7436.719712743046,4738.206838822611,school,8066.96736046926,3765.4305194914455,2.88,2022.933,2020.0529999999999,COMPLETED,0,0,0
Person_8460,Person_8460_1,working,car,home,8982.539674594882,6224.04271922478,yes,6434.446029868769,4883.447582329675,962.113,2023.832,1061.719,COMPLETED,0,0,0
Person_8688,Person_8688_1,working,car,home,8982.539674594882,6224.04271922478,industrial,8975.999599637351,4134.854176006858,1502.412,2029.226,526.8140000000001,COMPLETED,0,0,0
Person_7580,Person_7580_1,working,car,home,7411.71954522111,3164.3051618203685,city,10159.910029921817,195.30711077929786,1682.212,2031.923,349.711,COMPLETED,0,0,0
Person_9451,Person_9451_1,working,train,home,5050.065328728667,5338.524972425747,,5324.662215615522,5920.8056375972865,2.88,2033.721,2030.841,COMPLETED,0,0,0
Person_3989,Person_3989_1,working,car,home,10159.910029921817,195.30711077929786,university,6451.821586100195,3200.551272926657,1802.678,2042.711,240.0329999999999,COMPLETED,0,0,0
Person_6418,Person_6418_1,working,car,home,5857.531793500095,4529.309303243951,city,10159.910029921817,195.30711077929786,1742.445,2045.408,302.96299999999997,COMPLETED,0,0,0
Person_5018,Person_5018_1,working,car,home,4771.159705068488,7798.325282355149,industrial,5616.097771072463,4248.2629728653055,1262.379,2046.307,783.9280000000001,COMPLETED,0,0,0
Person_6121,Person_6121_1,working,car,home,4889.334170993673,6099.658765923308,city,10159.910029921817,195.30711077929786,1562.645,2048.105,485.46000000000004,COMPLETED,0,0,0
Person_4678,Person_4678_1,working,car,home,4939.01088528387,6078.918228591864,kindergarten,9080.274888624233,2485.4357551968696,1682.212,2048.105,365.89300000000003,COMPLETED,0,0,0
Person_9478,Person_9478_1,working,car,home,8270.625428497271,3725.714908777447,kindergarten,7829.653627273629,4416.211188657,1742.445,2053.499,311.05399999999986,COMPLETED,0,0,0
Person_9505,Person_9505_1,working,car,home,8676.010528482882,2607.014297239817,city,10159.910029921817,195.30711077929786,1381.946,2055.297,673.3510000000001,COMPLETED,0,0,0
Person_564,Person_564_1,working,car,home,6281.6061109234715,3903.5864834663366,city,8982.539674594882,6224.04271922478,1802.678,2058.893,256.2149999999999,COMPLETED,0,0,0
Person_7581,Person_7581_1,working,train,home,5059.753382706858,5675.935161063826,,5324.662215615522,5920.8056375972865,422.713,2062.489,1639.776,COMPLETED,0,0,0
Person_1366,Person_1366_1,working,car,home,10159.910029921817,195.30711077929786,yes,5449.062305180918,849.9023992445867,1381.946,2063.388,681.442,COMPLETED,0,0,0
Person_3272,Person_3272_1,working,car,home,10159.910029921817,195.30711077929786,yes,6432.528337649349,890.520367901868,1742.445,2063.388,320.943,COMPLETED,0,0,0
Person_3226,Person_3226_1,working,train,home,9043.502633734886,2827.2123976367916,,8351.70415135049,2763.8378920000764,602.513,2067.883,1465.37,COMPLETED,0,0,0
Person_5278,Person_5278_1,working,train,home,6572.261671116122,4601.25120666768,,6383.066520287023,4062.6484057004186,122.447,2070.58,1948.1329999999998,COMPLETED,0,0,0
Person_3859,Person_3859_1,working,car,home,10159.910029921817,195.30711077929786,yes,6556.4817878851545,4228.436917806035,1562.645,2073.277,510.63200000000006,COMPLETED,0,0,0
Person_3381,Person_3381_1,working,car,home,4771.159705068488,7798.325282355149,yes,7086.770610784901,7777.342413373319,1802.678,2073.277,270.59899999999993,COMPLETED,0,0,0
Person_8207,Person_8207_1,working,walking,home,7339.334804835263,3598.817625091491,school,8010.909052814616,4067.348617917697,782.313,2076.873,1294.56,COMPLETED,0,0,0
Person_7748,Person_7748_1,working,train,home,5771.738376099264,4900.518313150147,,6383.066520287023,4062.6484057004186,2.88,2080.469,2077.589,COMPLETED,0,0,0
Person_4224,Person_4224_1,working,train,home,8110.370177414471,3268.7454103263253,,8351.70415135049,2763.8378920000764,1202.146,2081.368,879.222,COMPLETED,0,0,0
Person_3474,Person_3474_1,working,car,home,6148.631463294885,2518.1683911161604,university,8640.52148904632,1242.1470644446506,1562.645,2087.661,525.0160000000001,COMPLETED,0,0,0
Person_5576,Person_5576_1,working,train,home,8495.929074827314,2404.8686878444405,,8351.70415135049,2763.8378920000764,1562.645,2088.56,525.915,COMPLETED,0,0,0
Person_4987,Person_4987_1,working,train,home,8700.448164645384,3291.8527764647765,,8351.70415135049,2763.8378920000764,1202.146,2090.358,888.2120000000002,COMPLETED,0,0,0
Person_8524,Person_8524_1,working,train,home,6525.197006640755,4328.3694219597055,,6383.066520287023,4062.6484057004186,362.48,2100.247,1737.7669999999998,COMPLETED,0,0,0
Person_160,Person_160_1,working,car,home,10159.910029921817,195.30711077929786,industrial,8710.812903355563,4970.605062635558,1322.612,2102.944,780.3319999999999,COMPLETED,0,0,0
Person_5306,Person_5306_1,working,car,home,7895.4321540951605,3370.9520285097187,university,5901.5627362491805,2994.702412765903,1621.979,2106.54,484.5609999999999,COMPLETED,0,0,0
Person_2572,Person_2572_1,working,train,home,8213.131221233532,3702.4924314137415,,8351.70415135049,2763.8378920000764,722.08,2107.439,1385.359,COMPLETED,0,0,0
Person_4976,Person_4976_1,working,car,home,5415.950024966604,2767.107762957859,university,5872.083656560459,2982.14688861395,1742.445,2111.035,368.5899999999999,COMPLETED,0,0,0
Person_8316,Person_8316_1,working,car,home,8051.7168288148905,3940.4406402867744,city,812.749230267771,6686.310237051298,2.88,2116.429,2113.549,COMPLETED,0,0,0
Person_4746,Person_4746_1,working,train,home,7348.427898694158,4752.376221934349,,6383.066520287023,4062.6484057004186,3.779,2116.429,2112.65,COMPLETED,0,0,0
Person_384,Person_384_1,working,car,home,6458.476491597437,4285.896629816078,city,8982.539674594882,6224.04271922478,842.546,2119.126,1276.5800000000002,COMPLETED,0,0,0
Person_4544,Person_4544_1,working,car,home,8982.539674594882,6224.04271922478,university,8680.422548567441,1236.9101943957473,1562.645,2124.52,561.875,COMPLETED,0,0,0
Person_2333,Person_2333_1,working,car,home,5359.219684262774,2377.134548290538,unknown,5359.219684262774,2377.134548290538,1502.412,2125.419,623.0069999999998,ABORTED_BREAKDOWN,0,0,0
Person_952,Person_952_1,working,car,home,6040.3549882449,3718.1405599314025,city,10159.910029921817,195.30711077929786,1562.645,2127.217,564.5720000000001,COMPLETED,0,0,0
Person_8336,Person_8336_1,working,car,home,10159.910029921817,195.30711077929786,yes,5598.725779587171,541.591814804702,1802.678,2127.217,324.539,COMPLETED,0,0,0
Person_8469,Person_8469_1,working,car,home,8946.029933834878,2463.7143807410425,school,8471.482187556225,3236.157206254541,962.113,2129.015,1166.9019999999998,COMPLETED,0,0,0
Person_4961,Person_4961_1,working,walking,home,7751.841333307602,3844.307430619216,kindergarten,7813.595747654742,5246.369333041357,2.88,2132.611,2129.7309999999998,COMPLETED,0,0,0
Person_6885,Person_6885_1,working,car,home,8982.539674594882,6224.04271922478,industrial,9389.994288706035,4027.063668680056,1742.445,2135.308,392.86300000000006,COMPLETED,0,0,0
Person_9980,Person_9980_1,working,walking,home,7150.558355399032,4184.44191431471,university,6850.81127161198,3522.934095561738,1022.346,2146.995,1124.649,COMPLETED,0,0,0
Person_325,Person_325_1,working,car,home,7651.1091988699545,4233.304853776396,university,5901.5627362491805,2994.702412765903,1502.412,2151.49,649.0779999999997,COMPLETED,0,0,0
Person_548,Person_548_1,working,car,home,8184.24151179531,3789.3889547189806,university,6753.286006283763,3714.7935438899995,1682.212,2153.288,471.076,COMPLETED,0,0,0
Person_7523,Person_7523_1,working,car,home,10159.910029921817,195.30711077929786,industrial,3793.888121660008,2432.814907177597,1141.913,2154.187,1012.2739999999999,COMPLETED,0,0,0
Person_4254,Person_4254_1,working,train,home,8110.370177414471,3268.7454103263253,,8351.70415135049,2763.8378920000764,1502.412,2155.086,652.6739999999998,COMPLETED,0,0,0
Person_9228,Person_9228_1,working,car,home,6408.593941513497,4404.552467852468,university,6451.821586100195,3200.551272926657,1082.579,2158.682,1076.1029999999998,COMPLETED,0,0,0
Person_2002,Person_2002_1,working,train,home,7555.3909962939515,3213.4783603186775,,8351.70415135049,2763.8378920000764,2.88,2161.379,2158.499,COMPLETED,0,0,0
Person_4915,Person_4915_1,working,car,home,8497.52345406765,3809.864110602006,university,6850.81127161198,3522.934095561738,1742.445,2170.369,427.9240000000002,COMPLETED,0,0,0
Person_8182,Person_8182_1,working,car,home,8128.783279544314,3148.5314025470734,city,10159.910029921817,195.30711077929786,1742.445,2170.369,427.9240000000002,COMPLETED,0,0,0
Person_2656,Person_2656_1,working,car,home,10159.910029921817,195.30711077929786,university,6451.821586100195,3200.551272926657,1621.979,2173.066,551.0869999999998,COMPLETED,0,0,0
Person_248,Person_248_1,working,car,home,7926.064165648223,3788.6572855809427,school,8759.846150965457,2634.994176267512,1562.645,2173.965,611.3200000000002,COMPLETED,0,0,0
Person_7132,Person_7132_1,working,car,home,8320.141361093181,3309.2790095492064,university,8680.422548567441,1236.9101943957473,1262.379,2175.763,913.384,COMPLETED,0,0,0
Person_501,Person_501_1,working,car,home,10159.910029921817,195.30711077929786,school,8076.95953933744,5138.67493273125,1502.412,2179.359,676.9469999999999,COMPLETED,0,0,0
Person_2708,Person_2708_1,working,car,home,4065.2060983642004,1289.6729660000035,yes,5588.74719160081,942.7977847890651,1082.579,2182.056,1099.477,COMPLETED,0,0,0
Person_7687,Person_7687_1,working,car,home,8308.160618743519,2926.682094142215,university,6897.893782272236,3752.9120240344228,1742.445,2194.642,452.1969999999999,COMPLETED,0,0,0
Person_5577,Person_5577_1,working,car,home,8159.596485369912,3492.530796100029,city,8982.539674594882,6224.04271922478,1562.645,2200.036,637.3910000000001,COMPLETED,0,0,0
Person_8470,Person_8470_1,working,car,home,8946.029933834878,2463.7143807410425,city,10159.910029921817,195.30711077929786,1802.678,2200.935,398.25699999999983,COMPLETED,0,0,0
Person_3548,Person_3548_1,working,car,home,5004.74637732198,6182.622848968566,city,10159.910029921817,195.30711077929786,1621.979,2206.329,584.3500000000001,COMPLETED,0,0,0
Person_5623,Person_5623_1,working,car,home,10159.910029921817,195.30711077929786,yes,5578.734582643284,835.3957733492122,1742.445,2207.228,464.78300000000013,COMPLETED,0,0,0
Person_8784,Person_8784_1,working,train,home,7085.262364577826,4389.2884706916675,,6383.066520287023,4062.6484057004186,2.88,2208.127,2205.247,COMPLETED,0,0,0
Person_7475,Person_7475_1,working,car,home,5742.750412396948,3079.8340559199155,kindergarten,8814.275893347078,2600.603644607052,1682.212,2209.925,527.7130000000002,COMPLETED,0,0,0
Person_2264,Person_2264_1,working,car,home,5828.381865546856,877.0809793904757,city,8982.539674594882,6224.04271922478,842.546,2210.824,1368.278,COMPLETED,0,0,0
Person_8991,Person_8991_1,working,car,home,4771.159705068488,7798.325282355149,yes,7267.212905703012,3779.6556455075793,1802.678,2216.218,413.53999999999974,COMPLETED,0,0,0
Person_8540,Person_8540_1,working,car,home,6285.622687983717,2452.7528977422367,city,8982.539674594882,6224.04271922478,1621.979,2218.016,596.037,COMPLETED,0,0,0
Person_8281,Person_8281_1,working,car,home,8228.28181184285,3221.7610415163194,city,8982.539674594882,6224.04271922478,1502.412,2218.915,716.5029999999999,COMPLETED,0,0,0
Person_9411,Person_9411_1,working,car,home,7159.440585338095,7795.489660272725,city,10159.910029921817,195.30711077929786,1381.946,2224.309,842.3630000000003,COMPLETED,0,0,0
Person_4833,Person_4833_1,working,train,home,6960.022802622081,3906.0763727121407,,6383.066520287023,4062.6484057004186,2.88,2227.006,2224.1259999999997,COMPLETED,0,0,0
Person_8614,Person_8614_1,working,car,home,4404.590896002045,5796.288499795639,city,4771.159705068488,7798.325282355149,1802.678,2230.602,427.92399999999975,COMPLETED,0,0,0
Person_3745,Person_3745_1,working,car,home,7480.646940497227,5184.186326243721,city,4771.159705068488,7798.325282355149,1621.979,2231.501,609.5220000000002,COMPLETED,0,0,0
Person_7375,Person_7375_1,working,train,home,7960.009341594565,4079.56882823331,,8351.70415135049,2763.8378920000764,2.88,2232.4,2229.52,COMPLETED,0,0,0
Person_1003,Person_1003_1,working,train,home,5836.718141920838,4612.181823599191,,6383.066520287023,4062.6484057004186,2.88,2235.097,2232.217,COMPLETED,0,0,0
Person_4281,Person_4281_1,working,car,home,6701.255170816861,4732.061229333974,school,8756.328364935112,2996.196013616982,1502.412,2235.996,733.5840000000001,COMPLETED,0,0,0
Person_2349,Person_2349_1,working,car,home,10159.910029921817,195.30711077929786,university,6451.821586100195,3200.551272926657,1621.979,2235.996,614.017,COMPLETED,0,0,0
Person_9270,Person_9270_1,working,walking,home,7556.661496489862,3919.223405848095,university,5908.061135515454,2983.961702940033,2.88,2238.693,2235.813,COMPLETED,0,0,0
Person_6336,Person_6336_1,working,train,home,8973.688779378976,2635.4972920550513,,8351.70415135049,2763.8378920000764,1442.179,2244.986,802.8069999999998,COMPLETED,0,0,0
Person_2072,Person_2072_1,working,car,home,4771.159705068488,7798.325282355149,industrial,3920.203410109818,1995.164385265096,1742.445,2252.178,509.73299999999995,COMPLETED,0,0,0
Person_5451,Person_5451_1,working,car,home,8991.283177024254,3349.852546304873,school,6178.314596811026,2972.721994299326,1802.678,2253.976,451.298,COMPLETED,0,0,0
Person_6417,Person_6417_1,working,train,home,5857.531793500095,4529.309303243951,,6383.066520287023,4062.6484057004186,422.713,2253.976,1831.2630000000001,COMPLETED,0,0,0
Person_3666,Person_3666_1,working,car,home,4771.159705068488,7798.325282355149,yes,6348.195221057972,3558.9021350371495,1682.212,2254.875,572.663,COMPLETED,0,0,0
Person_4159,Person_4159_1,working,car,home,6260.0391739971365,2192.0512708057877,city,10159.910029921817,195.30711077929786,1621.979,2256.673,634.6939999999997,COMPLETED,0,0,0
Person_4162,Person_4162_1,working,train,home,8149.669500159357,4043.7688489385296,,8351.70415135049,2763.8378920000764,962.113,2264.764,1302.651,COMPLETED,0,0,0
Person_3608,Person_3608_1,working,car,home,10159.910029921817,195.30711077929786,yes,6037.87026867192,3567.142445192408,1682.212,2270.158,587.9459999999999,COMPLETED,0,0,0
Person_4088,Person_4088_1,working,train,home,6811.5946041040725,4401.9965861736755,,6383.066520287023,4062.6484057004186,2.88,2275.552,2272.672,COMPLETED,0,0,0
Person_4890,Person_4890_1,working,walking,home,8135.631268768703,3051.550534637237,university,6850.81127161198,3522.934095561738,2.88,2276.451,2273.571,COMPLETED,0,0,0
Person_2401,Person_2401_1,working,train,home,6985.774421316206,4013.4026295955996,,6383.066520287023,4062.6484057004186,2.88,2281.845,2278.9649999999997,COMPLETED,0,0,0
Person_6451,Person_6451_1,working,car,home,10159.910029921817,195.30711077929786,yes,5159.743597294516,5914.0207859357815,1141.913,2283.643,1141.73,COMPLETED,0,0,0
Person_9774,Person_9774_1,working,car,home,126.82488358348685,4319.6356930350885,yes,7021.914271850469,5002.749292347101,1562.645,2284.542,721.8969999999999,COMPLETED,0,0,0
Person_5195,Person_5195_1,working,train,home,5860.182961414662,4521.509856412775,,6383.066520287023,4062.6484057004186,2.88,2286.34,2283.46,COMPLETED,0,0,0
Person_7214,Person_7214_1,working,walking,home,5901.577088191068,2683.4538737246385,university,6897.893782272236,3752.9120240344228,122.447,2286.34,2163.893,COMPLETED,0,0,0
Person_5428,Person_5428_1,working,car,home,6587.233266645203,4703.329905378085,city,10159.910029921817,195.30711077929786,1802.678,2289.936,487.25800000000004,COMPLETED,0,0,0
Person_7911,Person_7911_1,working,car,home,7643.251665527031,3768.948247722043,city,8982.539674594882,6224.04271922478,1562.645,2292.633,729.9879999999998,COMPLETED,0,0,0
Person_6704,Person_6704_1,working,train,home,7186.637618688796,3675.2826671256958,,6383.066520287023,4062.6484057004186,2.88,2294.431,2291.551,COMPLETED,0,0,0
Person_2361,Person_2361_1,working,train,home,8837.808096233935,2424.66849126012,,8351.70415135049,2763.8378920000764,1562.645,2295.33,732.685,COMPLETED,0,0,0
Person_6383,Person_6383_1,working,train,home,6674.663799265515,4039.680950291403,,6383.066520287023,4062.6484057004186,1381.946,2300.724,918.7780000000002,COMPLETED,0,0,0
Person_2557,Person_2557_1,working,train,home,8591.686203260493,3344.874779952259,,8351.70415135049,2763.8378920000764,2.88,2301.623,2298.743,COMPLETED,0,0,0
Person_4620,Person_4620_1,working,car,home,10159.910029921817,195.30711077929786,yes,7265.493414008754,4177.389891625842,1621.979,2304.32,682.3410000000001,COMPLETED,0,0,0
Person_1580,Person_1580_1,working,walking,home,8122.7906906151475,3221.9717827646436,university,6897.893782272236,3752.9120240344228,422.713,2316.007,1893.294,COMPLETED,0,0,0
Person_6044,Person_6044_1,working,train,home,6187.263339279938,3578.5794805977353,,6383.066520287023,4062.6484057004186,2.88,2316.906,2314.026,COMPLETED,0,0,0
Person_8364,Person_8364_1,working,car,home,10159.910029921817,195.30711077929786,yes,6575.138180952727,4008.248968960133,1562.645,2318.704,756.0590000000002,COMPLETED,0,0,0
Person_3670,Person_3670_1,working,car,home,10159.910029921817,195.30711077929786,yes,6955.840457530324,4334.598483892092,1682.212,2320.502,638.29,COMPLETED,0,0,0
Person_23,Person_23_1,working,train,home,8379.420270081337,3827.0536965306087,,8351.70415135049,2763.8378920000764,1381.946,2321.401,939.4549999999999,COMPLETED,0,0,0
Person_8821,Person_8821_1,working,car,home,10159.910029921817,195.30711077929786,school,8477.119662221643,3293.0896276178073,1802.678,2328.593,525.9149999999997,COMPLETED,0,0,0
Person_3924,Person_3924_1,working,car,home,8982.539674594882,6224.04271922478,yes,5552.608374869797,734.9066060559959,1742.445,2332.189,589.7439999999999,COMPLETED,0,0,0
Person_8476,Person_8476_1,working,car,home,4065.2060983642004,1289.6729660000035,university,6850.81127161198,3522.934095561738,1682.212,2340.28,658.0680000000002,COMPLETED,0,0,0
Person_9942,Person_9942_1,working,car,home,8224.799169215905,3183.7107769819418,university,8640.52148904632,1242.1470644446506,1322.612,2342.977,1020.3649999999998,COMPLETED,0,0,0
Person_2619,Person_2619_1,working,car,home,10159.910029921817,195.30711077929786,industrial,9288.36713404913,3785.3399532515564,1262.379,2343.876,1081.4970000000003,COMPLETED,0,0,0
Person_4056,Person_4056_1,working,car,home,6034.795318830083,2597.1663492245502,university,6897.893782272236,3752.9120240344228,1742.445,2351.967,609.5220000000002,COMPLETED,0,0,0
Person_5432,Person_5432_1,working,car,home,126.82488358348685,4319.6356930350885,university,8680.422548567441,1236.9101943957473,842.546,2357.361,1514.8149999999998,COMPLETED,0,0,0
Person_7653,Person_7653_1,working,train,home,7959.577798232945,4026.5729783307024,,8351.70415135049,2763.8378920000764,422.713,2357.361,1934.648,COMPLETED,0,0,0
Person_5424,Person_5424_1,working,train,home,8088.3253129279765,3835.4104151156844,,8351.70415135049,2763.8378920000764,242.014,2361.856,2119.842,COMPLETED,0,0,0
Person_629,Person_629_1,working,train,home,8971.950810598124,2582.391299883089,,8351.70415135049,2763.8378920000764,1381.946,2365.452,983.5060000000003,COMPLETED,0,0,0
Person_9572,Person_9572_1,working,car,home,10159.910029921817,195.30711077929786,university,5901.5627362491805,2994.702412765903,1502.412,2370.846,868.434,COMPLETED,0,0,0
Person_2107,Person_2107_1,working,train,home,6241.206149290495,4382.132078702237,,6383.066520287023,4062.6484057004186,782.313,2375.341,1593.0279999999998,COMPLETED,0,0,0
Person_5955,Person_5955_1,working,car,home,10159.910029921817,195.30711077929786,university,5901.5627362491805,2994.702412765903,1742.445,2377.139,634.6940000000002,COMPLETED,0,0,0
Person_9734,Person_9734_1,working,car,home,10159.910029921817,195.30711077929786,yes,6285.678691057102,3960.9352206557755,1322.612,2387.028,1064.4159999999997,COMPLETED,0,0,0
Person_1844,Person_1844_1,working,car,home,8425.20695526434,3645.541572374202,university,6850.81127161198,3522.934095561738,1802.678,2387.028,584.3499999999997,COMPLETED,0,0,0
Person_1338,Person_1338_1,working,car,home,4771.159705068488,7798.325282355149,school,8038.675694283114,5107.462994554739,1202.146,2387.927,1185.7810000000002,COMPLETED,0,0,0
Person_5463,Person_5463_1,working,car,home,4771.159705068488,7798.325282355149,yes,8468.628067282889,1378.0195143290266,1202.146,2388.826,1186.68,COMPLETED,0,0,0
Person_8266,Person_8266_1,working,car,home,6235.398753038615,2547.9689373123506,university,6980.17060882167,3727.0047244733337,1802.678,2393.321,590.6429999999998,COMPLETED,0,0,0
Person_6324,Person_6324_1,working,walking,home,8107.5387083686865,4203.611648118261,kindergarten,8814.275893347078,2600.603644607052,2.88,2401.412,2398.5319999999997,COMPLETED,0,0,0
Person_2911,Person_2911_1,working,train,home,7751.796996097973,3080.8844862548963,,8351.70415135049,2763.8378920000764,1621.979,2414.897,792.9179999999999,COMPLETED,0,0,0
Person_8203,Person_8203_1,working,car,home,6553.687498699766,4320.545909079517,school,7029.442118104768,2950.8589240361703,1562.645,2415.796,853.1509999999998,COMPLETED,0,0,0
Person_971,Person_971_1,working,train,home,5156.238106682808,5101.867634644293,,5324.662215615522,5920.8056375972865,722.08,2417.594,1695.5140000000001,COMPLETED,0,0,0
Person_5991,Person_5991_1,working,car,home,6625.569509424416,3170.713813632825,university,6980.17060882167,3727.0047244733337,1802.678,2418.493,615.8149999999998,COMPLETED,0,0,0
Person_3643,Person_3643_1,working,train,home,5736.540299950031,3080.517743199378,,6383.066520287023,4062.6484057004186,2.88,2418.493,2415.613,COMPLETED,0,0,0
Person_6436,Person_6436_1,working,car,home,10159.910029921817,195.30711077929786,yes,7203.429091889675,4395.774980385312,1562.645,2421.19,858.5450000000001,COMPLETED,0,0,0
Person_2475,Person_2475_1,working,train,home,6814.2094796748,4144.529082967115,,6383.066520287023,4062.6484057004186,1322.612,2422.988,1100.3759999999997,COMPLETED,0,0,0
Person_7722,Person_7722_1,working,train,home,6507.427765359451,4284.131504044185,,6383.066520287023,4062.6484057004186,1682.212,2426.584,744.3719999999998,COMPLETED,0,0,0
Person_9046,Person_9046_1,working,car,home,7304.943733376406,4065.0609763270913,city,4771.159705068488,7798.325282355149,1802.678,2431.079,628.4010000000001,COMPLETED,0,0,0
Person_682,Person_682_1,working,car,home,5206.95168207335,1097.3476381501273,city,8982.539674594882,6224.04271922478,1742.445,2432.877,690.432,COMPLETED,0,0,0
Person_4414,Person_4414_1,working,car,home,10159.910029921817,195.30711077929786,university,6980.17060882167,3727.0047244733337,1621.979,2446.362,824.383,COMPLETED,0,0,0
Person_8132,Person_8132_1,working,car,home,10159.910029921817,195.30711077929786,yes,5522.319451030748,3798.4927151855954,1802.678,2448.16,645.4819999999997,COMPLETED,0,0,0
Person_7111,Person_7111_1,working,car,home,10159.910029921817,195.30711077929786,yes,6384.628922125158,4588.239654153332,1562.645,2449.059,886.4140000000002,COMPLETED,0,0,0
Person_5542,Person_5542_1,working,walking,home,8054.484654340147,3279.134327289066,school,8736.543901314471,2818.0307806824885,1502.412,2449.059,946.6470000000002,COMPLETED,0,0,0
Person_7739,Person_7739_1,working,car,home,7157.572658587633,4522.347744105929,city,10159.910029921817,195.30711077929786,1682.212,2452.655,770.4430000000002,COMPLETED,0,0,0
Person_6236,Person_6236_1,working,walking,home,8192.138192099528,4182.662552050692,university,6753.286006283763,3714.7935438899995,2.88,2452.655,2449.775,COMPLETED,0,0,0
Person_6672,Person_6672_1,working,car,home,8982.539674594882,6224.04271922478,industrial,8706.59609677522,4815.33801514157,1502.412,2454.453,952.0409999999999,COMPLETED,0,0,0
Person_2386,Person_2386_1,working,car,home,8952.611348545477,2850.997022045212,city,10159.910029921817,195.30711077929786,1802.678,2456.251,653.5730000000001,COMPLETED,0,0,0
Person_4366,Person_4366_1,working,walking,home,6229.0156208036515,2500.915065889482,university,6897.893782272236,3752.9120240344228,2.88,2467.039,2464.159,COMPLETED,0,0,0
Person_8230,Person_8230_1,working,car,home,10159.910029921817,195.30711077929786,yes,6395.157920069802,4536.049915457155,1742.445,2477.827,735.3820000000003,COMPLETED,0,0,0
Person_9681,Person_9681_1,working,car,home,126.82488358348685,4319.6356930350885,yes,6547.09137434388,4037.3503405982847,962.113,2484.12,1522.0069999999998,COMPLETED,0,0,0
Person_1893,Person_1893_1,working,train,home,6491.702619340511,3386.267661736604,,6383.066520287023,4062.6484057004186,2.88,2484.12,2481.24,COMPLETED,0,0,0
Person_3990,Person_3990_1,working,car,home,10159.910029921817,195.30711077929786,yes,5437.059530472286,4057.987161303745,1742.445,2485.918,743.4730000000002,COMPLETED,0,0,0
Person_7349,Person_7349_1,working,train,home,6696.9225899582,3403.0576397326417,,6383.066520287023,4062.6484057004186,782.313,2491.312,1708.9989999999998,COMPLETED,0,0,0
Person_1220,Person_1220_1,working,train,home,8044.332480093341,5208.2989321795185,,6383.066520287023,4062.6484057004186,2.88,2492.211,2489.3309999999997,COMPLETED,0,0,0
Person_8629,Person_8629_1,working,car,home,10159.910029921817,195.30711077929786,yes,6496.3538712677655,4419.377918649008,1802.678,2494.908,692.2299999999998,COMPLETED,0,0,0
Person_2951,Person_2951_1,working,train,home,7576.7035552025245,3667.9514075107154,,6383.066520287023,4062.6484057004186,2.88,2496.706,2493.826,COMPLETED,0,0,0
Person_7948,Person_7948_1,working,train,home,6235.398753038615,2547.9689373123506,,6383.066520287023,4062.6484057004186,2.88,2499.403,2496.5229999999997,COMPLETED,0,0,0
Person_3306,Person_3306_1,working,car,home,10159.910029921817,195.30711077929786,yes,6301.976064577209,3730.616426836281,1802.678,2504.797,702.1189999999999,COMPLETED,0,0,0
Person_8754,Person_8754_1,working,car,home,5481.346262485102,970.1313140664925,university,8680.422548567441,1236.9101943957473,1262.379,2506.595,1244.216,COMPLETED,0,0,0
Person_5967,Person_5967_1,working,car,home,8982.539674594882,6224.04271922478,yes,6238.372547031045,4120.2982073588655,1682.212,2508.393,826.181,COMPLETED,0,0,0
Person_3016,Person_3016_1,working,car,home,10159.910029921817,195.30711077929786,yes,5400.399268947417,4341.046500079881,1502.412,2511.09,1008.6780000000001,COMPLETED,0,0,0
Person_6569,Person_6569_1,working,car,home,4065.2060983642004,1289.6729660000035,yes,5684.672076213712,997.1407546368981,1442.179,2519.181,1077.002,COMPLETED,0,0,0
Person_1857,Person_1857_1,working,walking,home,6572.359697183617,3172.8665535007353,university,6451.821586100195,3200.551272926657,1502.412,2520.08,1017.6679999999999,COMPLETED,0,0,0
Person_3443,Person_3443_1,working,train,home,7742.537886244289,5148.046562484512,,6383.066520287023,4062.6484057004186,2.88,2520.979,2518.0989999999997,COMPLETED,0,0,0
Person_3778,Person_3778_1,working,car,home,126.82488358348685,4319.6356930350885,retail,8212.150374353836,3267.76516494721,1682.212,2521.878,839.6660000000002,COMPLETED,0,0,0
Person_5536,Person_5536_1,working,car,home,126.82488358348685,4319.6356930350885,yes,5447.991262857743,3905.5444407009854,1381.946,2523.676,1141.73,COMPLETED,0,0,0
Person_667,Person_667_1,working,car,home,5034.103859321883,4897.815782503946,university,6753.286006283763,3714.7935438899995,1682.212,2523.676,841.4639999999999,COMPLETED,0,0,0
Person_809,Person_809_1,working,walking,home,8416.589907304395,3589.4117411968878,university,6897.893782272236,3752.9120240344228,2.88,2524.575,2521.6949999999997,COMPLETED,0,0,0
Person_9752,Person_9752_1,working,train,home,10159.910029921817,195.30711077929786,train_station,5906.622980154647,964.7483574069304,1442.179,2525.474,1083.295,COMPLETED,0,0,0
Person_8518,Person_8518_1,working,car,home,4771.159705068488,7798.325282355149,kindergarten,8814.275893347078,2600.603644607052,1502.412,2525.474,1023.0620000000001,COMPLETED,0,0,0
Person_6783,Person_6783_1,working,car,home,8971.950810598124,2582.391299883089,city,812.749230267771,6686.310237051298,1202.146,2532.666,1330.5200000000002,COMPLETED,0,0,0
Person_5992,Person_5992_1,working,train,home,6625.569509424416,3170.713813632825,,6383.066520287023,4062.6484057004186,2.88,2533.565,2530.685,COMPLETED,0,0,0
Person_8102,Person_8102_1,working,car,home,126.82488358348685,4319.6356930350885,yes,5779.753195467127,1026.141738391323,1682.212,2535.363,853.1509999999998,COMPLETED,0,0,0
Person_5341,Person_5341_1,working,car,home,4771.159705068488,7798.325282355149,yes,5437.059530472286,4057.987161303745,1742.445,2538.959,796.5139999999999,COMPLETED,0,0,0
Person_6820,Person_6820_1,working,train,home,5568.844065987926,4577.85920210948,,6383.066520287023,4062.6484057004186,2.88,2538.959,2536.0789999999997,COMPLETED,0,0,0
Person_2237,Person_2237_1,working,car,home,4065.2060983642004,1289.6729660000035,university,5901.5627362491805,2994.702412765903,1802.678,2539.858,737.1800000000001,COMPLETED,0,0,0
Person_5634,Person_5634_1,working,car,home,4771.159705068488,7798.325282355149,retail,9017.731370876694,3101.7345609509134,1802.678,2549.747,747.0689999999997,COMPLETED,0,0,0
Person_926,Person_926_1,working,car,home,4771.159705068488,7798.325282355149,yes,6608.053790327493,4151.705598456364,1682.212,2557.838,875.6260000000002,COMPLETED,0,0,0
Person_1163,Person_1163_1,working,car,home,10159.910029921817,195.30711077929786,yes,5159.743597294516,5914.0207859357815,1562.645,2559.636,996.991,COMPLETED,0,0,0
Person_9336,Person_9336_1,working,car,home,10159.910029921817,195.30711077929786,yes,8250.144124753644,4715.614193648775,1802.678,2562.333,759.655,COMPLETED,0,0,0
Person_7379,Person_7379_1,working,car,home,8982.539674594882,6224.04271922478,yes,5332.1437240558935,644.522326577993,1262.379,2565.03,1302.6510000000003,COMPLETED,0,0,0
Person_2559,Person_2559_1,working,car,home,10159.910029921817,195.30711077929786,university,6753.286006283763,3714.7935438899995,1562.645,2567.727,1005.0819999999999,COMPLETED,0,0,0
Person_3301,Person_3301_1,working,train,home,5642.134886048093,2535.6547261560568,,6383.066520287023,4062.6484057004186,3.779,2571.323,2567.544,COMPLETED,0,0,0
Person_8215,Person_8215_1,working,car,home,4487.039030251696,5847.65225847989,university,6850.81127161198,3522.934095561738,1621.979,2573.121,951.142,COMPLETED,0,0,0
Person_1212,Person_1212_1,working,walking,home,6278.563975909197,3719.1564054157784,university,6897.893782272236,3752.9120240344228,722.08,2576.717,1854.6370000000002,COMPLETED,0,0,0
Person_3024,Person_3024_1,working,car,home,812.749230267771,6686.310237051298,university,6839.399852089795,3585.511730890991,1381.946,2580.313,1198.3670000000002,COMPLETED,0,0,0
Person_2047,Person_2047_1,working,train,home,126.82488358348685,4319.6356930350885,train_station,5908.061135515454,2983.961702940033,2.88,2586.606,2583.726,COMPLETED,0,0,0
Person_2378,Person_2378_1,working,train,home,126.82488358348685,4319.6356930350885,train_station,6484.1257500802485,4124.239991675012,2.88,2586.606,2583.726,COMPLETED,0,0,0
Person_2654,Person_2654_1,working,train,home,126.82488358348685,4319.6356930350885,train_station,8814.275893347078,2600.603644607052,2.88,2586.606,2583.726,COMPLETED,0,0,0
Person_3379,Person_3379_1,working,train,home,126.82488358348685,4319.6356930350885,train_station,6850.81127161198,3522.934095561738,2.88,2586.606,2583.726,COMPLETED,0,0,0
Person_4912,Person_4912_1,working,train,home,126.82488358348685,4319.6356930350885,train_station,3740.073462614613,1866.2088690173714,2.88,2586.606,2583.726,COMPLETED,0,0,0
Person_5531,Person_5531_1,working,train,home,126.82488358348685,4319.6356930350885,train_station,5991.502092943173,1100.8565317531156,2.88,2586.606,2583.726,COMPLETED,0,0,0
Person_9925,Person_9925_1,working,train,home,126.82488358348685,4319.6356930350885,train_station,7021.914271850469,5002.749292347101,2.88,2586.606,2583.726,COMPLETED,0,0,0
Person_5559,Person_5559_1,working,train,home,126.82488358348685,4319.6356930350885,train_station,6262.1606468519085,3608.507313425349,662.746,2586.606,1923.8600000000001,COMPLETED,0,0,0
Person_5453,Person_5453_1,working,train,home,126.82488358348685,4319.6356930350885,train_station,6839.399852089795,3585.511730890991,722.08,2586.606,1864.5260000000003,COMPLETED,0,0,0
Person_521,Person_521_1,working,train,home,126.82488358348685,4319.6356930350885,train_station,8736.543901314471,2818.0307806824885,962.113,2586.606,1624.4930000000002,COMPLETED,0,0,0
Person_1647,Person_1647_1,working,train,home,7735.072229066451,4867.713564654626,,6383.066520287023,4062.6484057004186,2.88,2586.606,2583.726,COMPLETED,0,0,0
Person_4137,Person_4137_1,working,train,home,6306.690163550101,2487.188326043389,,6383.066520287023,4062.6484057004186,2.88,2586.606,2583.726,COMPLETED,0,0,0
Person_5581,Person_5581_1,working,train,home,8235.126208255495,3006.054638818281,,8351.70415135049,2763.8378920000764,422.713,2587.505,2164.792,COMPLETED,0,0,0
Person_4043,Person_4043_1,working,train,home,8813.351062576174,2616.2409544053035,,8351.70415135049,2763.8378920000764,1742.445,2595.596,853.1510000000001,COMPLETED,0,0,0
Person_1748,Person_1748_1,working,train,home,8883.08976731203,3615.3621847248046,,8351.70415135049,2763.8378920000764,1141.913,2598.293,1456.38,COMPLETED,0,0,0
Person_9549,Person_9549_1,working,train,home,7324.370946637461,4678.515579132118,,6383.066520287023,4062.6484057004186,2.88,2600.091,2597.211,COMPLETED,0,0,0
Person_451,Person_451_1,working,car,home,8272.03360240524,3482.9335128984117,city,10159.910029921817,195.30711077929786,1802.678,2613.576,810.8979999999999,COMPLETED,0,0,0
Person_986,Person_986_1,working,train,home,6381.779085848762,4602.264601260456,,6383.066520287023,4062.6484057004186,62.214,2636.95,2574.736,COMPLETED,0,0,0
Person_7091,Person_7091_1,working,walking,home,6412.0134259366005,5209.310876012339,university,6451.821586100195,3200.551272926657,2.88,2638.748,2635.868,COMPLETED,0,0,0
Person_4203,Person_4203_1,working,car,home,8982.539674594882,6224.04271922478,yes,5838.737126265002,3588.4791539498938,1621.979,2660.324,1038.345,COMPLETED,0,0,0
Person_7338,Person_7338_1,working,train,home,4761.591658854417,5243.1380184040545,,5324.662215615522,5920.8056375972865,1621.979,2660.324,1038.345,COMPLETED,0,0,0
Person_2056,Person_2056_1,working,train,home,8317.85012696902,3935.950001290835,,8351.70415135049,2763.8378920000764,1381.946,2666.617,1284.6710000000003,COMPLETED,0,0,0
Person_1506,Person_1506_1,working,train,home,7284.869077340594,4256.216834133852,,6383.066520287023,4062.6484057004186,2.88,2670.213,2667.333,COMPLETED,0,0,0
Person_3489,Person_3489_1,working,walking,home,8833.463149255997,3257.457914602002,school,7068.802730487755,2898.605398466998,362.48,2670.213,2307.733,COMPLETED,0,0,0
Person_2146,Person_2146_1,working,train,home,6082.84604304436,2561.812603679684,,6383.066520287023,4062.6484057004186,2.88,2693.587,2690.707,COMPLETED,0,0,0
Person_9530,Person_9530_1,working,train,home,8910.392507841141,2425.5156189368463,,8351.70415135049,2763.8378920000764,1381.946,2698.082,1316.136,COMPLETED,0,0,0
Person_1138,Person_1138_1,working,train,home,8197.433372982347,3018.9767061348166,,8351.70415135049,2763.8378920000764,542.28,2698.981,2156.701,COMPLETED,0,0,0
Person_4709,Person_4709_1,working,car,home,8056.818068613596,3518.314698671626,city,4771.159705068488,7798.325282355149,1802.678,2701.678,898.9999999999998,COMPLETED,0,0,0
Person_5795,Person_5795_1,working,train,home,7038.121846660819,4609.809773405461,,6383.066520287023,4062.6484057004186,2.88,2705.274,2702.394,COMPLETED,0,0,0
Person_6787,Person_6787_1,working,train,home,8964.868948902056,2635.7314725081674,,8351.70415135049,2763.8378920000764,1082.579,2720.557,1637.9779999999998,COMPLETED,0,0,0
Person_1289,Person_1289_1,working,train,home,7679.794726122548,3659.4733901363747,,8351.70415135049,2763.8378920000764,1442.179,2725.052,1282.873,COMPLETED,0,0,0
Person_7232,Person_7232_1,working,train,home,4942.753357073175,6071.335818662669,,5324.662215615522,5920.8056375972865,1562.645,2727.749,1165.1039999999998,COMPLETED,0,0,0
Person_9094,Person_9094_1,working,train,home,6262.884006684742,4539.908505041467,,6383.066520287023,4062.6484057004186,1562.645,2735.84,1173.1950000000002,COMPLETED,0,0,0
Person_3995,Person_3995_1,working,walking,home,7656.545214650346,5097.000133925464,university,6850.81127161198,3522.934095561738,242.014,2743.931,2501.917,COMPLETED,0,0,0
Person_1457,Person_1457_1,working,taxi,home,126.82488358348685,4319.6356930350885,yes,2462.5521770005926,4067.1151338118275,2.88,2744.83,2741.95,COMPLETED,0,0,0
Person_8880,Person_8880_1,working,train,home,7976.9329195340315,2939.576750258471,,8351.70415135049,2763.8378920000764,1322.612,2758.315,1435.703,COMPLETED,0,0,0
Person_9446,Person_9446_1,working,train,home,6188.65029806228,2850.06300055403,,6383.066520287023,4062.6484057004186,2.88,2761.911,2759.031,COMPLETED,0,0,0
Person_9283,Person_9283_1,working,train,home,5548.777139762679,2296.8390606607572,,6383.066520287023,4062.6484057004186,2.88,2768.204,2765.324,COMPLETED,0,0,0
Person_8822,Person_8822_1,working,car,home,8812.265773369603,2639.764437326557,city,10159.910029921817,195.30711077929786,1682.212,2770.002,1087.79,COMPLETED,0,0,0
Person_2408,Person_2408_1,working,car,home,4771.159705068488,7798.325282355149,yes,8512.789708616081,1137.3017234732558,1262.379,2788.881,1526.502,COMPLETED,0,0,0
Person_4392,Person_4392_1,working,car,home,126.82488358348685,4319.6356930350885,industrial,8706.59609677522,4815.33801514157,1802.678,2790.679,988.001,COMPLETED,0,0,0
Person_8813,Person_8813_1,working,train,home,8164.850071718493,3534.447625675697,,8351.70415135049,2763.8378920000764,1742.445,2795.174,1052.729,COMPLETED,0,0,0
Person_1948,Person_1948_1,working,train,home,7867.405720457773,4970.3937157634655,,6383.066520287023,4062.6484057004186,362.48,2812.255,2449.775,COMPLETED,0,0,0
Person_7246,Person_7246_1,working,car,home,126.82488358348685,4319.6356930350885,yes,6281.6061109234715,3903.5864834663366,1141.913,2816.75,1674.837,COMPLETED,0,0,0
Person_4654,Person_4654_1,working,train,home,7976.9329195340315,2939.576750258471,,8351.70415135049,2763.8378920000764,1742.445,2823.043,1080.5980000000002,COMPLETED,0,0,0
Person_4650,Person_4650_1,working,car,home,8112.786595090205,3535.222394312526,city,10159.910029921817,195.30711077929786,1381.946,2829.336,1447.3899999999999,COMPLETED,0,0,0
Person_4558,Person_4558_1,working,car,home,8982.539674594882,6224.04271922478,yes,5956.61446879461,1037.4065412438229,1742.445,2832.932,1090.4869999999999,COMPLETED,0,0,0
Person_4550,Person_4550_1,working,train,home,6857.885435084573,1972.8283869256877,,8351.70415135049,2763.8378920000764,842.546,2837.427,1994.881,COMPLETED,0,0,0
Person_6755,Person_6755_1,working,train,home,6236.35505682568,2452.318606362635,,6383.066520287023,4062.6484057004186,242.014,2840.124,2598.1099999999997,COMPLETED,0,0,0
Person_9390,Person_9390_1,working,car,home,126.82488358348685,4319.6356930350885,university,5887.791508799354,2982.146731596164,1381.946,2849.114,1467.1680000000001,COMPLETED,0,0,0
Person_4693,Person_4693_1,working,train,home,7417.8502387947965,4062.1721880437526,,6383.066520287023,4062.6484057004186,1022.346,2872.488,1850.1419999999998,COMPLETED,0,0,0
Person_9906,Person_9906_1,working,car,home,8308.973001143082,3634.0054600091294,city,10159.910029921817,195.30711077929786,1682.212,2889.569,1207.357,COMPLETED,0,0,0
Person_6539,Person_6539_1,working,walking,home,7086.675676378576,4100.0532053833,kindergarten,7813.595747654742,5246.369333041357,2.88,2889.569,2886.689,COMPLETED,0,0,0
Person_9099,Person_9099_1,working,car,home,4771.159705068488,7798.325282355149,yes,5642.829472673548,910.7809044648693,1322.612,2899.458,1576.846,COMPLETED,0,0,0
Person_2675,Person_2675_1,working,train,home,7780.427782894699,4011.6944488421545,,6383.066520287023,4062.6484057004186,2.88,2912.943,2910.063,COMPLETED,0,0,0
Person_1988,Person_1988_1,working,train,home,9168.429476506019,3375.0841260164907,,8351.70415135049,2763.8378920000764,542.28,2920.135,2377.8550000000005,COMPLETED,0,0,0
Person_2931,Person_2931_1,working,walking,home,8435.090966342346,3585.735896271275,university,6451.821586100195,3200.551272926657,962.113,2921.933,1959.82,COMPLETED,0,0,0
Person_3551,Person_3551_1,working,train,home,6037.960579538757,2675.0101881223113,,6383.066520287023,4062.6484057004186,2.88,2921.933,2919.053,COMPLETED,0,0,0
Person_1314,Person_1314_1,working,train,home,6082.30952860117,5629.016546095914,,5324.662215615522,5920.8056375972865,1381.946,2924.63,1542.6840000000002,COMPLETED,0,0,0
Person_126,Person_126_1,working,train,home,5688.2268263778815,2459.1886897176323,,6383.066520287023,4062.6484057004186,302.247,2930.024,2627.777,COMPLETED,0,0,0
Person_1317,Person_1317_1,working,train,home,6553.089231945477,4134.822837813679,,6383.066520287023,4062.6484057004186,362.48,2930.024,2567.544,COMPLETED,0,0,0
Person_121,Person_121_1,working,walking,home,7663.398252295789,3571.294844964172,university,5901.5627362491805,2994.702412765903,842.546,2948.903,2106.357,COMPLETED,0,0,0
Person_984,Person_984_1,working,walking,home,6848.096998836463,4331.24605293184,university,6451.821586100195,3200.551272926657,242.014,2953.398,2711.384,COMPLETED,0,0,0
Person_1316,Person_1316_1,working,train,home,8209.586825170334,3624.8806574987225,,8351.70415135049,2763.8378920000764,842.546,2958.792,2116.246,COMPLETED,0,0,0
Person_4287,Person_4287_1,working,train,home,7632.727196068496,3882.005090061952,,6383.066520287023,4062.6484057004186,2.88,2967.782,2964.902,COMPLETED,0,0,0
Person_8910,Person_8910_1,working,walking,home,7069.970879698892,3789.365790076167,school,8984.07142404157,3500.38750429968,482.047,2978.57,2496.523,COMPLETED,0,0,0
Person_4841,Person_4841_1,working,walking,home,7679.794726122548,3659.4733901363747,university,6897.893782272236,3752.9120240344228,1322.612,2989.358,1666.746,COMPLETED,0,0,0
Person_5632,Person_5632_1,working,train,home,7539.297860403295,3579.923206373491,,6383.066520287023,4062.6484057004186,2.88,3021.722,3018.842,COMPLETED,0,0,0
Person_6703,Person_6703_1,working,walking,home,7186.637618688796,3675.2826671256958,school,8736.543901314471,2818.0307806824885,902.779,3025.318,2122.539,COMPLETED,0,0,0
Person_8612,Person_8612_1,working,train,home,7190.363580866898,4388.7115994921205,,6383.066520287023,4062.6484057004186,662.746,3028.015,2365.269,COMPLETED,0,0,0
Person_8126,Person_8126_1,working,train,home,5568.844065987926,4577.85920210948,,6383.066520287023,4062.6484057004186,662.746,3036.106,2373.36,COMPLETED,0,0,0
Person_8514,Person_8514_1,working,car,home,8114.833645721663,3023.7190077670575,city,812.749230267771,6686.310237051298,1621.979,3043.298,1421.3189999999997,COMPLETED,0,0,0
Person_5927,Person_5927_1,working,walking,home,7959.577798232945,4026.5729783307024,university,6753.286006283763,3714.7935438899995,2.88,3044.197,3041.317,COMPLETED,0,0,0
Person_5796,Person_5796_1,working,train,home,7038.121846660819,4609.809773405461,,6383.066520287023,4062.6484057004186,1141.913,3065.773,1923.8600000000001,COMPLETED,0,0,0
Person_4206,Person_4206_1,working,train,home,8270.625428497271,3725.714908777447,,8351.70415135049,2763.8378920000764,1682.212,3088.248,1406.036,COMPLETED,0,0,0
Person_523,Person_523_1,working,car,home,10159.910029921817,195.30711077929786,yes,7872.286012606353,5095.007084998497,1621.979,3090.945,1468.9660000000001,COMPLETED,0,0,0
Person_3077,Person_3077_1,working,car,home,5318.639926132386,5054.906400733221,university,8640.52148904632,1242.1470644446506,1381.946,3100.834,1718.888,COMPLETED,0,0,0
Person_8260,Person_8260_1,working,train,home,9047.71684701172,3476.556851346732,,8351.70415135049,2763.8378920000764,422.713,3102.632,2679.919,COMPLETED,0,0,0
Person_8951,Person_8951_1,working,train,home,7052.746101303216,3792.0423925158634,,6383.066520287023,4062.6484057004186,1322.612,3102.632,1780.02,COMPLETED,0,0,0
Person_1099,Person_1099_1,working,walking,home,5523.306938786743,2327.547052862287,university,5908.061135515454,2983.961702940033,1322.612,3108.026,1785.4139999999998,COMPLETED,0,0,0
Person_3145,Person_3145_1,working,walking,home,7960.973149711852,2942.082058478352,school,8441.599383855953,4102.084838942637,2.88,3129.602,3126.7219999999998,COMPLETED,0,0,0
Person_2302,Person_2302_1,working,train,home,7879.145543408706,4957.857599930069,,6383.066520287023,4062.6484057004186,422.713,3138.592,2715.879,COMPLETED,0,0,0
Person_1901,Person_1901_1,working,train,home,6572.359697183617,3172.8665535007353,,6383.066520287023,4062.6484057004186,1022.346,3143.986,2121.64,COMPLETED,0,0,0
Person_8651,Person_8651_1,working,car,home,6849.030456639985,3995.3115524784075,city,10159.910029921817,195.30711077929786,1562.645,3157.471,1594.826,COMPLETED,0,0,0
Person_9536,Person_9536_1,working,train,home,7998.3640791746975,2892.3773001013037,,8351.70415135049,2763.8378920000764,1502.412,3182.643,1680.231,COMPLETED,0,0,0
Person_262,Person_262_1,working,car,home,6370.4489984108495,4501.414274821196,university,8680.422548567441,1236.9101943957473,1802.678,3200.623,1397.945,COMPLETED,0,0,0
Person_7718,Person_7718_1,working,car,home,4771.159705068488,7798.325282355149,retail,8141.165158862149,2927.421071465252,1802.678,3203.32,1400.642,COMPLETED,0,0,0
Person_7763,Person_7763_1,working,train,home,7770.939514222442,3766.6478217006493,,8351.70415135049,2763.8378920000764,2.88,3211.411,3208.531,COMPLETED,0,0,0
Person_9550,Person_9550_1,working,train,home,8235.186527763795,3400.5748709093873,,8351.70415135049,2763.8378920000764,962.113,3228.492,2266.379,COMPLETED,0,0,0
Person_8654,Person_8654_1,working,train,home,8021.272253294206,5227.751014412981,,6383.066520287023,4062.6484057004186,122.447,3242.876,3120.429,COMPLETED,0,0,0
Person_9798,Person_9798_1,working,train,home,8265.532677172981,3683.940840689612,,8351.70415135049,2763.8378920000764,1082.579,3261.755,2179.1760000000004,COMPLETED,0,0,0
Person_7044,Person_7044_1,working,train,home,5822.251396299551,4823.998751693881,,6383.066520287023,4062.6484057004186,1381.946,3274.341,1892.395,COMPLETED,0,0,0
Person_3440,Person_3440_1,working,train,home,6190.004205039269,2483.2071819011253,,6383.066520287023,4062.6484057004186,962.113,3295.917,2333.804,COMPLETED,0,0,0
Person_9061,Person_9061_1,working,train,home,8243.03054909788,4023.371046874674,,8351.70415135049,2763.8378920000764,1562.645,3309.402,1746.757,COMPLETED,0,0,0
Person_6529,Person_6529_1,working,walking,home,7802.216619253001,5079.98987525577,university,6753.286006283763,3714.7935438899995,2.88,3311.2,3308.3199999999997,COMPLETED,0,0,0
Person_5481,Person_5481_1,working,car,home,7742.537886244289,5148.046562484512,university,8640.52148904632,1242.1470644446506,1262.379,3320.19,2057.811,COMPLETED,0,0,0
Person_3021,Person_3021_1,working,train,home,5560.7797991559555,2321.606107510414,,6383.066520287023,4062.6484057004186,362.48,3339.968,2977.488,COMPLETED,0,0,0
Person_8709,Person_8709_1,working,train,home,6091.539519298074,2890.546518750756,,6383.066520287023,4062.6484057004186,1682.212,3347.16,1664.9479999999999,COMPLETED,0,0,0
Person_3053,Person_3053_1,working,car,home,4065.2060983642004,1289.6729660000035,yes,5976.3818410947715,1050.4018775086631,1502.412,3353.453,1851.041,COMPLETED,0,0,0
Person_2693,Person_2693_1,working,train,home,7672.78282736138,3354.5379426228965,,8351.70415135049,2763.8378920000764,2.88,3386.716,3383.836,COMPLETED,0,0,0
Person_2799,Person_2799_1,working,train,home,5562.829386260184,4536.527465869441,,6383.066520287023,4062.6484057004186,1621.979,3401.1,1779.1209999999999,COMPLETED,0,0,0
Person_9713,Person_9713_1,working,train,home,7039.325825926485,3828.9022781493213,,6383.066520287023,4062.6484057004186,1562.645,3406.494,1843.8490000000002,COMPLETED,0,0,0
Person_8864,Person_8864_1,working,walking,home,8444.02703628431,3641.9363836665702,university,6451.821586100195,3200.551272926657,1381.946,3411.888,2029.942,COMPLETED,0,0,0
Person_7218,Person_7218_1,working,walking,home,5936.911142983375,2611.358261202883,university,6980.17060882167,3727.0047244733337,602.513,3445.151,2842.638,COMPLETED,0,0,0
Person_9825,Person_9825_1,working,train,home,7708.793034491484,5208.550112386032,,6383.066520287023,4062.6484057004186,2.88,3453.242,3450.362,COMPLETED,0,0,0
Person_6228,Person_6228_1,working,car,home,4065.2060983642004,1289.6729660000035,yes,5294.84354169938,719.0712350240768,1682.212,3463.131,1780.9189999999999,COMPLETED,0,0,0
Person_8656,Person_8656_1,working,train,home,7728.396747571839,3630.711928700254,,8351.70415135049,2763.8378920000764,2.88,3470.323,3467.4429999999998,COMPLETED,0,0,0
Person_5056,Person_5056_1,working,train,home,7385.898794091356,4785.088528848107,,6383.066520287023,4062.6484057004186,1742.445,3483.808,1741.363,COMPLETED,0,0,0
Person_98,Person_98_1,working,train,home,8982.047738345336,3605.4479699882354,,8351.70415135049,2763.8378920000764,1442.179,3487.404,2045.225,COMPLETED,0,0,0
Person_4633,Person_4633_1,working,train,home,7836.042124904418,5027.019623722107,,6383.066520287023,4062.6484057004186,242.014,3508.98,3266.966,COMPLETED,0,0,0
Person_2304,Person_2304_1,working,train,home,6969.931512904006,2065.7888739035207,,8351.70415135049,2763.8378920000764,1621.979,3526.96,1904.981,COMPLETED,0,0,0
Person_9559,Person_9559_1,working,car,home,9184.658896441713,3439.7306022461134,city,10159.910029921817,195.30711077929786,962.113,3528.758,2566.6449999999995,COMPLETED,0,0,0
Person_778,Person_778_1,working,walking,home,7586.247872389127,5402.37444462156,school,7875.835330552236,4335.181021378391,482.047,3539.546,3057.499,COMPLETED,0,0,0
Person_4368,Person_4368_1,working,walking,home,8443.981573324758,3775.328037145839,university,6839.399852089795,3585.511730890991,1262.379,3542.243,2279.864,COMPLETED,0,0,0
Person_55,Person_55_1,working,train,home,8152.816190350291,3984.6243374464852,,8351.70415135049,2763.8378920000764,1802.678,3562.92,1760.242,COMPLETED,0,0,0
Person_7474,Person_7474_1,working,train,home,7944.710879731564,2415.6769844516853,,8351.70415135049,2763.8378920000764,1381.946,3563.819,2181.873,COMPLETED,0,0,0
Person_2105,Person_2105_1,working,walking,home,5289.77397718264,852.5165456062805,university,6753.286006283763,3714.7935438899995,3602.476,3602.476,0.0,COMPLETED,0,0,0
Person_2620,Person_2620_1,working,car,home,7033.833420737124,4027.8500202525133,unknown,7033.833420737124,4027.8500202525133,1322.612,3609.668,2287.056,ABORTED_BREAKDOWN,0,0,0
Person_7469,Person_7469_1,working,car,home,8007.707801170528,3411.535901238531,city,10159.910029921817,195.30711077929786,3602.476,3613.264,10.788000000000011,COMPLETED,0,0,0
Person_6111,Person_6111_1,working,car,home,8872.587762642594,3087.867938479179,city,10159.910029921817,195.30711077929786,3602.476,3619.557,17.080999999999676,COMPLETED,0,0,0
Person_5092,Person_5092_1,working,train,home,5522.858465187411,2945.702241089826,,6383.066520287023,4062.6484057004186,2.88,3619.557,3616.6769999999997,COMPLETED,0,0,0
Person_3824,Person_3824_1,working,car,home,10159.910029921817,195.30711077929786,yes,8530.895416469946,1032.1959612055718,3602.476,3621.355,18.878999999999905,COMPLETED,0,0,0
Person_7901,Person_7901_1,working,car,home,10159.910029921817,195.30711077929786,yes,6026.608085078671,1080.0873786704212,3602.476,3626.749,24.272999999999683,COMPLETED,0,0,0
Person_1350,Person_1350_1,working,walking,home,6039.62574175703,3476.2117102511065,kindergarten,6894.377262739245,4562.107792110269,782.313,3637.537,2855.2239999999997,COMPLETED,0,0,0
Person_7445,Person_7445_1,working,train,home,6661.61065509765,3558.991109385854,,6383.066520287023,4062.6484057004186,1141.913,3638.436,2496.523,COMPLETED,0,0,0
Person_7036,Person_7036_1,working,car,home,10159.910029921817,195.30711077929786,yes,7113.010213248334,4120.805336310302,3602.476,3641.133,38.6569999999997,COMPLETED,0,0,0
Person_317,Person_317_1,working,car,home,10159.910029921817,195.30711077929786,industrial,9500.692895192711,3786.085333537128,3602.476,3647.426,44.94999999999982,COMPLETED,0,0,0
Person_7453,Person_7453_1,working,car,home,5655.468061887012,4576.307138986216,city,10159.910029921817,195.30711077929786,3602.476,3648.325,45.848999999999705,COMPLETED,0,0,0
Person_8406,Person_8406_1,working,train,home,6337.040719827618,4540.60550921548,,6383.066520287023,4062.6484057004186,1022.346,3652.82,2630.474,COMPLETED,0,0,0
Person_404,Person_404_1,working,train,home,6831.840473453418,4069.7365926673037,,6383.066520287023,4062.6484057004186,3662.709,3662.709,0.0,COMPLETED,0,0,0
Person_1170,Person_1170_1,working,train,home,6311.618778049252,2772.3669328208784,,6383.066520287023,4062.6484057004186,3662.709,3662.709,0.0,COMPLETED,0,0,0
Person_9871,Person_9871_1,working,train,home,6101.39538951514,5015.220482400386,,6383.066520287023,4062.6484057004186,3662.709,3662.709,0.0,COMPLETED,0,0,0
Person_6639,Person_6639_1,working,train,home,7128.260088853026,3963.8177194398577,,6383.066520287023,4062.6484057004186,1442.179,3669.901,2227.7219999999998,COMPLETED,0,0,0
Person_4991,Person_4991_1,working,car,home,7402.330929605633,4739.4011130667,university,8640.52148904632,1242.1470644446506,3662.709,3674.396,11.687000000000353,COMPLETED,0,0,0
Person_5746,Person_5746_1,working,train,home,6701.6004826492135,2177.784552394399,,8351.70415135049,2763.8378920000764,1442.179,3675.295,2233.116,COMPLETED,0,0,0
Person_1880,Person_1880_1,working,car,home,10159.910029921817,195.30711077929786,yes,5742.608021786932,922.3083751718613,3662.709,3683.386,20.677000000000135,COMPLETED,0,0,0
Person_8208,Person_8208_1,working,car,home,7339.334804835263,3598.817625091491,city,10159.910029921817,195.30711077929786,3662.709,3684.285,21.576000000000022,COMPLETED,0,0,0
Person_7093,Person_7093_1,working,car,home,7624.919147392272,4010.833525692133,university,8680.422548567441,1236.9101943957473,3662.709,3686.083,23.37400000000025,COMPLETED,0,0,0
Person_4683,Person_4683_1,working,train,home,7725.955196968266,3887.889831130134,,6383.066520287023,4062.6484057004186,2.88,3686.982,3684.102,COMPLETED,0,0,0
Person_389,Person_389_1,working,car,home,4589.461729715135,5786.135630223415,city,10159.910029921817,195.30711077929786,3602.476,3691.477,89.00099999999975,COMPLETED,0,0,0
Person_9712,Person_9712_1,working,car,home,10159.910029921817,195.30711077929786,yes,7050.845849327231,2733.377466433765,3662.709,3693.275,30.56600000000026,COMPLETED,0,0,0
Person_6911,Person_6911_1,working,train,home,6256.804426981505,2926.94163644471,,6383.066520287023,4062.6484057004186,2.88,3702.265,3699.3849999999998,COMPLETED,0,0,0
Person_785,Person_785_1,working,car,home,4835.532762600984,6063.963962593968,city,10159.910029921817,195.30711077929786,3662.709,3708.558,45.84900000000016,COMPLETED,0,0,0
Person_596,Person_596_1,working,walking,home,7677.582305871152,4902.783831520505,school,8441.599383855953,4102.084838942637,122.447,3715.75,3593.303,COMPLETED,0,0,0
Person_7040,Person_7040_1,working,car,home,7134.859618872236,7734.092232179226,city,10159.910029921817,195.30711077929786,3662.709,3716.649,53.940000000000055,COMPLETED,0,0,0
Person_3248,Person_3248_1,working,walking,home,8315.024316559064,3001.601167127323,university,6897.893782272236,3752.9120240344228,1322.612,3729.235,2406.623,COMPLETED,0,0,0
Person_9232,Person_9232_1,working,car,home,10159.910029921817,195.30711077929786,yes,5490.197272244169,846.3936124653186,3602.476,3733.73,131.2539999999999,COMPLETED,0,0,0
Person_8359,Person_8359_1,working,car,home,7370.695227580266,3957.391157721304,city,10159.910029921817,195.30711077929786,3602.476,3739.124,136.64799999999968,COMPLETED,0,0,0
Person_3627,Person_3627_1,working,car,home,8982.539674594882,6224.04271922478,yes,6158.693494630527,3387.3778846769496,3602.476,3740.922,138.4459999999999,COMPLETED,0,0,0
Person_6577,Person_6577_1,working,car,home,6587.228183051433,4076.8891638100963,city,10159.910029921817,195.30711077929786,3662.709,3747.215,84.50600000000031,COMPLETED,0,0,0
Person_8328,Person_8328_1,working,car,home,4065.2060983642004,1289.6729660000035,yes,7475.856481269922,4289.341933924346,3722.043,3749.013,26.9699999999998,COMPLETED,0,0,0
Person_3236,Person_3236_1,working,car,home,10159.910029921817,195.30711077929786,yes,6843.924600383817,4242.609751654264,3602.476,3752.609,150.1329999999998,COMPLETED,0,0,0
Person_1807,Person_1807_1,working,car,home,8202.529688416185,3846.9534950256852,city,10159.910029921817,195.30711077929786,3722.043,3766.094,44.05099999999993,COMPLETED,0,0,0
Person_5711,Person_5711_1,working,car,home,7351.76427096663,4310.988355683587,city,10159.910029921817,195.30711077929786,3662.709,3768.791,106.08200000000033,COMPLETED,0,0,0
Person_8506,Person_8506_1,working,train,home,5410.872456753926,3203.0919826244362,,6383.066520287023,4062.6484057004186,482.047,3773.286,3291.239,COMPLETED,0,0,0
Person_3211,Person_3211_1,working,train,home,7643.173550774809,3864.4722033563694,,6383.066520287023,4062.6484057004186,2.88,3778.68,3775.7999999999997,COMPLETED,0,0,0
Person_8287,Person_8287_1,working,train,home,8317.95443528731,3804.757866536298,,8351.70415135049,2763.8378920000764,2.88,3784.074,3781.194,COMPLETED,0,0,0
Person_6621,Person_6621_1,working,car,home,8272.03360240524,3482.9335128984117,city,10159.910029921817,195.30711077929786,3722.043,3788.569,66.52599999999984,COMPLETED,0,0,0
Person_1412,Person_1412_1,working,car,home,7713.916057010627,4949.372110769741,city,10159.910029921817,195.30711077929786,3662.709,3800.256,137.54700000000003,COMPLETED,0,0,0
Person_1555,Person_1555_1,working,car,home,5786.960919281283,1078.3397191659922,city,10159.910029921817,195.30711077929786,3782.276,3801.155,18.87900000000036,COMPLETED,0,0,0
Person_8499,Person_8499_1,working,car,home,6918.372543267277,5676.504722569552,university,6980.17060882167,3727.0047244733337,3782.276,3802.953,20.677000000000135,COMPLETED,0,0,0
Person_7909,Person_7909_1,working,car,home,8734.092233618025,4376.167836961401,city,10159.910029921817,195.30711077929786,3662.709,3809.246,146.53700000000026,COMPLETED,0,0,0
Person_7541,Person_7541_1,working,car,home,10159.910029921817,195.30711077929786,university,8640.52148904632,1242.1470644446506,3782.276,3809.246,26.970000000000255,COMPLETED,0,0,0
Person_8634,Person_8634_1,working,car,home,10159.910029921817,195.30711077929786,yes,7759.55275945076,4998.893253499732,3722.043,3816.438,94.39499999999998,COMPLETED,0,0,0
Person_6283,Person_6283_1,working,car,home,10159.910029921817,195.30711077929786,industrial,5825.538270856283,6432.473109598366,3662.709,3817.337,154.62800000000016,COMPLETED,0,0,0
Person_6300,Person_6300_1,working,car,home,10159.910029921817,195.30711077929786,yes,9428.210905002215,3992.232062471195,3662.709,3820.933,158.22400000000016,COMPLETED,0,0,0
Person_5281,Person_5281_1,working,car,home,4771.159705068488,7798.325282355149,yes,6048.30149153356,1085.3752905160593,3782.276,3820.933,38.65700000000015,COMPLETED,0,0,0
Person_760,Person_760_1,working,car,home,7873.109902700423,5065.227953107921,city,10159.910029921817,195.30711077929786,3662.709,3825.428,162.71900000000005,COMPLETED,0,0,0
Person_6918,Person_6918_1,working,car,home,6304.728972662538,2838.1833866254833,city,10159.910029921817,195.30711077929786,3662.709,3826.327,163.6180000000004,COMPLETED,0,0,0
Person_9314,Person_9314_1,working,car,home,4065.2060983642004,1289.6729660000035,yes,6407.1367844397255,3475.9169917057925,3722.043,3831.721,109.67799999999988,COMPLETED,0,0,0
Person_6376,Person_6376_1,working,car,home,7273.406705304637,4034.893384870938,city,10159.910029921817,195.30711077929786,3782.276,3837.115,54.83899999999994,COMPLETED,0,0,0
Person_74,Person_74_1,working,train,home,7612.64200396252,3762.1331880764046,,6383.066520287023,4062.6484057004186,902.779,3842.509,2939.73,COMPLETED,0,0,0
Person_394,Person_394_1,working,train,home,8282.532200194077,3959.612582776552,,8351.70415135049,2763.8378920000764,1682.212,3847.903,2165.691,COMPLETED,0,0,0
Person_6772,Person_6772_1,working,train,home,7798.583055977031,3115.8254682023758,,8351.70415135049,2763.8378920000764,482.047,3849.701,3367.654,COMPLETED,0,0,0
Person_603,Person_603_1,working,car,home,4771.159705068488,7798.325282355149,yes,6428.97726449054,3619.0056389302626,3602.476,3852.398,249.92200000000003,COMPLETED,0,0,0
Person_7265,Person_7265_1,working,car,home,6752.555221572929,5095.6086048567695,city,10159.910029921817,195.30711077929786,3782.276,3854.196,71.92000000000007,COMPLETED,0,0,0
Person_9839,Person_9839_1,working,walking,home,6261.127339719154,2473.7536975329513,university,6980.17060882167,3727.0047244733337,602.513,3854.196,3251.683,COMPLETED,0,0,0
Person_4829,Person_4829_1,working,car,home,8164.868578839777,3573.197038590852,city,10159.910029921817,195.30711077929786,3662.709,3855.994,193.2850000000003,COMPLETED,0,0,0
Person_4095,Person_4095_1,working,car,home,8179.11171978525,3003.5581052660955,city,10159.910029921817,195.30711077929786,3842.509,3861.388,18.878999999999905,COMPLETED,0,0,0
Person_549,Person_549_1,working,car,home,8982.539674594882,6224.04271922478,university,8640.52148904632,1242.1470644446506,3722.043,3862.287,140.2439999999997,COMPLETED,0,0,0
Person_9663,Person_9663_1,working,car,home,8982.539674594882,6224.04271922478,yes,6385.455817044506,3424.878846676833,3842.509,3863.186,20.677000000000135,COMPLETED,0,0,0
Person_847,Person_847_1,working,car,home,7849.871114642055,3138.3158582561973,university,6839.399852089795,3585.511730890991,3782.276,3864.984,82.70800000000008,COMPLETED,0,0,0
Person_5329,Person_5329_1,working,car,home,6733.138577356381,3909.752565897107,university,6850.81127161198,3522.934095561738,3842.509,3866.782,24.27300000000014,COMPLETED,0,0,0
Person_5473,Person_5473_1,working,car,home,7970.1237956426485,2981.4235848884414,university,6753.286006283763,3714.7935438899995,3842.509,3868.58,26.070999999999913,COMPLETED,0,0,0
Person_1090,Person_1090_1,working,car,home,8086.329700630162,3084.1911365129704,city,10159.910029921817,195.30711077929786,3842.509,3871.277,28.76800000000003,COMPLETED,0,0,0
Person_8048,Person_8048_1,working,car,home,7823.709566580442,3547.518142714733,city,10159.910029921817,195.30711077929786,3782.276,3872.176,89.90000000000009,COMPLETED,0,0,0
Person_8467,Person_8467_1,working,car,home,10159.910029921817,195.30711077929786,yes,5479.229815189852,1013.8393001038609,3782.276,3872.176,89.90000000000009,COMPLETED,0,0,0
Person_3046,Person_3046_1,working,car,home,10159.910029921817,195.30711077929786,yes,7142.077343133339,4362.628693693856,3662.709,3873.974,211.26500000000033,COMPLETED,0,0,0
Person_7613,Person_7613_1,working,car,home,7682.219414388263,4979.01644085159,city,10159.910029921817,195.30711077929786,3842.509,3886.56,44.05099999999993,COMPLETED,0,0,0
Person_5460,Person_5460_1,working,car,home,8421.024066000193,3832.3028167334437,city,10159.910029921817,195.30711077929786,3842.509,3891.954,49.445000000000164,COMPLETED,0,0,0
Person_9151,Person_9151_1,working,car,home,10159.910029921817,195.30711077929786,yes,7666.490654317777,4966.253746423673,3842.509,3893.752,51.24299999999994,COMPLETED,0,0,0
Person_2041,Person_2041_1,working,car,home,10159.910029921817,195.30711077929786,yes,6491.702619340511,3386.267661736604,3842.509,3894.651,52.141999999999825,COMPLETED,0,0,0
Person_6594,Person_6594_1,working,walking,home,6889.812728401524,4027.1358135109454,university,5908.061135515454,2983.961702940033,1742.445,3897.348,2154.9030000000002,COMPLETED,0,0,0
Person_6455,Person_6455_1,working,train,home,8011.479837771354,3944.049456097025,,8351.70415135049,2763.8378920000764,2.88,3899.146,3896.266,COMPLETED,0,0,0
Person_2742,Person_2742_1,working,car,home,6275.8197571435585,3755.976137316888,city,4771.159705068488,7798.325282355149,3782.276,3900.045,117.76900000000023,COMPLETED,0,0,0
Person_4958,Person_4958_1,working,train,home,7799.4931764871235,3653.3221902578084,,8351.70415135049,2763.8378920000764,482.047,3901.843,3419.796,COMPLETED,0,0,0
Person_687,Person_687_1,working,walking,home,6801.045478532269,4013.378983575692,school,7875.835330552236,4335.181021378391,3902.742,3902.742,0.0,COMPLETED,0,0,0
Person_3746,Person_3746_1,working,walking,home,6049.844916759802,3647.462238366518,university,8640.52148904632,1242.1470644446506,3902.742,3902.742,0.0,COMPLETED,0,0,0
Person_4252,Person_4252_1,working,car,home,8916.169345737506,2856.477085624982,city,812.749230267771,6686.310237051298,3662.709,3906.338,243.62900000000036,COMPLETED,0,0,0
Person_1275,Person_1275_1,working,car,home,4771.159705068488,7798.325282355149,yes,6141.4594921707885,4482.12443331482,3662.709,3907.237,244.52800000000025,COMPLETED,0,0,0
Person_8148,Person_8148_1,working,car,home,5373.877007915076,2806.396472771409,city,10159.910029921817,195.30711077929786,3842.509,3909.035,66.52599999999984,COMPLETED,0,0,0
Person_1122,Person_1122_1,working,car,home,8375.437231395366,3352.1440117750076,unknown,8375.437231395366,3352.1440117750076,2.88,3915.328,3912.448,ABORTED_BREAKDOWN,0,0,0
Person_7073,Person_7073_1,working,car,home,7998.954275591711,3618.825306819188,city,10159.910029921817,195.30711077929786,3722.043,3916.227,194.18399999999974,COMPLETED,0,0,0
Person_2876,Person_2876_1,working,car,home,10159.910029921817,195.30711077929786,university,5872.083656560459,2982.14688861395,3782.276,3917.126,134.85000000000036,COMPLETED,0,0,0
Person_7555,Person_7555_1,working,car,home,10159.910029921817,195.30711077929786,university,6850.81127161198,3522.934095561738,3902.742,3922.52,19.777999999999793,COMPLETED,0,0,0
Person_925,Person_925_1,working,car,home,8091.697363327446,3934.139963915812,city,10159.910029921817,195.30711077929786,3902.742,3924.318,21.576000000000022,COMPLETED,0,0,0
Person_1062,Person_1062_1,working,car,home,812.749230267771,6686.310237051298,school,8038.396241174717,3995.9469326736357,3902.742,3924.318,21.576000000000022,COMPLETED,0,0,0
Person_8955,Person_8955_1,working,car,home,7273.803391001385,3760.1116892642235,city,10159.910029921817,195.30711077929786,3902.742,3925.217,22.47499999999991,COMPLETED,0,0,0
Person_5970,Person_5970_1,working,car,home,7354.049953496874,4756.200737227351,city,10159.910029921817,195.30711077929786,3902.742,3927.015,24.272999999999683,COMPLETED,0,0,0
Person_4922,Person_4922_1,working,train,home,6975.177861939823,4069.0826536286686,,6383.066520287023,4062.6484057004186,182.68,3927.015,3744.335,COMPLETED,0,0,0
Person_4842,Person_4842_1,working,car,home,7679.794726122548,3659.4733901363747,city,10159.910029921817,195.30711077929786,3902.742,3929.712,26.9699999999998,COMPLETED,0,0,0
Person_3981,Person_3981_1,working,car,home,4771.159705068488,7798.325282355149,yes,6389.722654588662,4390.139977441629,3902.742,3931.51,28.76800000000003,COMPLETED,0,0,0
Person_2472,Person_2472_1,working,car,home,7772.3181436978175,5368.136309534041,city,10159.910029921817,195.30711077929786,3782.276,3934.207,151.93100000000004,COMPLETED,0,0,0
Person_3314,Person_3314_1,working,car,home,5998.596387050909,2586.5228691375455,university,5901.5627362491805,2994.702412765903,3722.043,3935.106,213.0630000000001,COMPLETED,0,0,0
Person_3274,Person_3274_1,working,car,home,9123.697653266236,3692.862222911861,city,10159.910029921817,195.30711077929786,3782.276,3936.904,154.62800000000016,COMPLETED,0,0,0
Person_8883,Person_8883_1,working,car,home,6711.544885527695,5497.255414788551,city,10159.910029921817,195.30711077929786,3902.742,3941.399,38.6569999999997,COMPLETED,0,0,0
Person_1851,Person_1851_1,working,car,home,6210.75212112959,3412.004642432957,city,10159.910029921817,195.30711077929786,3782.276,3942.298,160.02199999999993,COMPLETED,0,0,0
Person_3686,Person_3686_1,working,train,home,6556.549185011764,3073.0379652057118,,6383.066520287023,4062.6484057004186,2.88,3948.591,3945.711,COMPLETED,0,0,0
Person_4335,Person_4335_1,working,car,home,10159.910029921817,195.30711077929786,yes,5776.83656564903,537.4154779923903,3902.742,3959.379,56.636999999999716,COMPLETED,0,0,0
Person_4653,Person_4653_1,working,car,home,6545.294788935402,3173.9634028419027,city,8982.539674594882,6224.04271922478,3902.742,3959.379,56.636999999999716,COMPLETED,0,0,0
Person_6285,Person_6285_1,working,train,home,6675.439467444666,4460.810861157302,,6383.066520287023,4062.6484057004186,3962.076,3962.076,0.0,COMPLETED,0,0,0
Person_7315,Person_7315_1,working,train,home,6307.007116305123,4407.453725825244,,6383.066520287023,4062.6484057004186,3962.076,3962.076,0.0,COMPLETED,0,0,0
Person_6752,Person_6752_1,working,car,home,7735.913855210888,3974.9200816572925,city,10159.910029921817,195.30711077929786,3602.476,3962.975,360.4989999999998,COMPLETED,0,0,0
Person_1118,Person_1118_1,working,car,home,4065.2060983642004,1289.6729660000035,industrial,9297.576381354227,4106.1608650349735,3662.709,3964.773,302.0640000000003,COMPLETED,0,0,0
Person_3509,Person_3509_1,working,car,home,8048.499159844131,3619.1398068877816,city,10159.910029921817,195.30711077929786,3662.709,3964.773,302.0640000000003,COMPLETED,0,0,0
Person_7832,Person_7832_1,working,car,home,8248.535667340939,3486.2601981976495,city,4771.159705068488,7798.325282355149,3662.709,3964.773,302.0640000000003,COMPLETED,0,0,0
Person_5244,Person_5244_1,working,car,home,7153.9544091942025,3815.1482539775725,city,10159.910029921817,195.30711077929786,3602.476,3965.672,363.1959999999999,COMPLETED,0,0,0
Person_3589,Person_3589_1,working,car,home,6255.8201225112425,2217.145955339732,city,10159.910029921817,195.30711077929786,3722.043,3965.672,243.6289999999999,COMPLETED,0,0,0
Person_1943,Person_1943_1,working,car,home,10159.910029921817,195.30711077929786,university,6451.821586100195,3200.551272926657,3902.742,3966.571,63.82899999999972,COMPLETED,0,0,0
Person_4089,Person_4089_1,working,train,home,6811.5946041040725,4401.9965861736755,,6383.066520287023,4062.6484057004186,962.113,3968.369,3006.2560000000003,COMPLETED,0,0,0
Person_2605,Person_2605_1,working,car,home,4065.2060983642004,1289.6729660000035,university,6850.81127161198,3522.934095561738,3962.076,3970.167,8.090999999999894,COMPLETED,0,0,0
Person_3942,Person_3942_1,working,car,home,8244.48186286921,3379.8558936419267,city,10159.910029921817,195.30711077929786,3782.276,3971.066,188.78999999999996,COMPLETED,0,0,0
Person_4277,Person_4277_1,working,car,home,4065.2060983642004,1289.6729660000035,yes,7148.588318791645,7762.412504204134,3662.709,3973.763,311.0540000000001,COMPLETED,0,0,0
Person_2342,Person_2342_1,working,car,home,10159.910029921817,195.30711077929786,university,5887.791508799354,2982.146731596164,3722.043,3973.763,251.7199999999998,COMPLETED,0,0,0
Person_1421,Person_1421_1,working,car,home,5624.678451056409,601.0118040844102,city,10159.910029921817,195.30711077929786,3842.509,3974.662,132.1529999999998,COMPLETED,0,0,0
Person_1162,Person_1162_1,working,car,home,10159.910029921817,195.30711077929786,industrial,7852.848877555247,1642.6267034935595,3722.043,3975.561,253.51800000000003,COMPLETED,0,0,0
Person_502,Person_502_1,working,car,home,10159.910029921817,195.30711077929786,university,6451.821586100195,3200.551272926657,3962.076,3980.056,17.980000000000018,COMPLETED,0,0,0
Person_5893,Person_5893_1,working,car,home,5636.019981688524,4916.543100001505,city,10159.910029921817,195.30711077929786,3962.076,3984.551,22.47499999999991,COMPLETED,0,0,0
Person_7574,Person_7574_1,working,car,home,5855.580238105294,932.8641402664078,city,8982.539674594882,6224.04271922478,3722.043,3987.248,265.2049999999999,COMPLETED,0,0,0
Person_2728,Person_2728_1,working,car,home,7732.999689368754,5142.436765166655,city,10159.910029921817,195.30711077929786,3842.509,3990.844,148.33500000000004,COMPLETED,0,0,0
Person_9701,Person_9701_1,working,car,home,8879.769327568063,2585.720774112925,city,10159.910029921817,195.30711077929786,3902.742,3994.44,91.69799999999987,COMPLETED,0,0,0
Person_1127,Person_1127_1,working,car,home,6383.598833358282,3649.474412207709,city,10159.910029921817,195.30711077929786,3782.276,3997.137,214.86100000000033,COMPLETED,0,0,0
Person_4758,Person_4758_1,working,train,home,7851.373646460126,5044.589279219628,,6383.066520287023,4062.6484057004186,422.713,3997.137,3574.424,COMPLETED,0,0,0
Person_6875,Person_6875_1,working,car,home,10159.910029921817,195.30711077929786,industrial,8684.313115335372,4376.6762726706565,3602.476,4000.733,398.25700000000006,COMPLETED,0,0,0
Person_9179,Person_9179_1,working,car,home,6400.589393329774,3588.804882248484,city,10159.910029921817,195.30711077929786,3962.076,4000.733,38.65700000000015,COMPLETED,0,0,0
Person_854,Person_854_1,working,car,home,6370.598968999886,4219.392478699962,city,10159.910029921817,195.30711077929786,3662.709,4002.531,339.8220000000001,COMPLETED,0,0,0
Person_1802,Person_1802_1,working,train,home,8224.721188682326,4691.792223129275,,6383.066520287023,4062.6484057004186,2.88,4005.228,4002.348,COMPLETED,0,0,0
Person_1808,Person_1808_1,working,car,home,10159.910029921817,195.30711077929786,industrial,3912.542966946565,6457.314610596944,3722.043,4015.117,293.07400000000007,COMPLETED,0,0,0
Person_860,Person_860_1,working,train,home,7576.998199075092,3493.677121426937,,8351.70415135049,2763.8378920000764,1742.445,4022.309,2279.8640000000005,COMPLETED,0,0,0
Person_6741,Person_6741_1,working,train,home,7317.190024203812,4120.214443020629,,6383.066520287023,4062.6484057004186,122.447,4025.006,3902.5589999999997,COMPLETED,0,0,0
Person_8625,Person_8625_1,working,car,home,6123.105732408362,7232.84105537873,university,6839.399852089795,3585.511730890991,3722.043,4027.703,305.65999999999985,COMPLETED,0,0,0
Person_7501,Person_7501_1,working,car,home,6566.3804866606315,4246.399142632791,city,10159.910029921817,195.30711077929786,3782.276,4029.501,247.22500000000036,COMPLETED,0,0,0
Person_6061,Person_6061_1,working,car,home,6185.595108382566,2588.6064591984223,city,10159.910029921817,195.30711077929786,3962.076,4032.198,70.12199999999984,COMPLETED,0,0,0
Person_3225,Person_3225_1,working,car,home,9043.502633734886,2827.2123976367916,university,5908.061135515454,2983.961702940033,3962.076,4033.097,71.02100000000019,COMPLETED,0,0,0
Person_2465,Person_2465_1,working,car,home,10159.910029921817,195.30711077929786,yes,7849.871114642055,3138.3158582561973,3662.709,4039.39,376.68100000000004,COMPLETED,0,0,0
Person_2866,Person_2866_1,working,car,home,4404.590896002045,5796.288499795639,city,10159.910029921817,195.30711077929786,4022.309,4039.39,17.080999999999676,COMPLETED,0,0,0
Person_810,Person_810_1,working,car,home,8416.589907304395,3589.4117411968878,city,10159.910029921817,195.30711077929786,4022.309,4041.188,18.878999999999905,COMPLETED,0,0,0
Person_9651,Person_9651_1,working,car,home,8091.475299887729,2879.3011138193538,school,8453.262811458328,4022.021617409427,4022.309,4042.087,19.777999999999793,COMPLETED,0,0,0
Person_3384,Person_3384_1,working,car,home,7888.5819716730375,3171.1780631051583,city,8982.539674594882,6224.04271922478,3842.509,4044.784,202.2750000000001,COMPLETED,0,0,0
Person_3136,Person_3136_1,working,car,home,8155.20599387838,3836.8289324180264,city,10159.910029921817,195.30711077929786,4022.309,4044.784,22.47499999999991,COMPLETED,0,0,0
Person_5412,Person_5412_1,working,car,home,5472.780409215994,803.9359294680758,school,6873.238070694492,3804.348267428833,3662.709,4045.683,382.97400000000016,COMPLETED,0,0,0
Person_735,Person_735_1,working,car,home,7884.405355197625,3699.4833771246654,university,6451.821586100195,3200.551272926657,3782.276,4046.582,264.30600000000004,COMPLETED,0,0,0
Person_7709,Person_7709_1,working,car,home,10159.910029921817,195.30711077929786,yes,8803.517243873639,4043.3165885520452,4022.309,4046.582,24.272999999999683,COMPLETED,0,0,0
Person_4854,Person_4854_1,working,car,home,10159.910029921817,195.30711077929786,yes,7166.055954126006,3894.18383378841,4022.309,4052.875,30.565999999999804,COMPLETED,0,0,0
Person_9837,Person_9837_1,working,car,home,10159.910029921817,195.30711077929786,industrial,6424.900434729071,839.9736702077507,4022.309,4053.774,31.46499999999969,COMPLETED,0,0,0
Person_6798,Person_6798_1,working,car,home,9043.069783885903,3191.2205770345327,school,8066.722148837125,3706.408670064231,3722.043,4055.572,333.529,COMPLETED,0,0,0
Person_390,Person_390_1,working,car,home,4589.461729715135,5786.135630223415,university,6451.821586100195,3200.551272926657,4022.309,4056.471,34.16199999999981,COMPLETED,0,0,0
Person_7894,Person_7894_1,working,car,home,7799.395591076048,3637.488390007194,university,6850.81127161198,3522.934095561738,3602.476,4059.168,456.692,COMPLETED,0,0,0
Person_6887,Person_6887_1,working,car,home,10159.910029921817,195.30711077929786,yes,2456.653731270473,4092.016399460742,4022.309,4059.168,36.858999999999924,COMPLETED,0,0,0
Person_4459,Person_4459_1,working,car,home,5709.426891657477,491.8981568210396,city,10159.910029921817,195.30711077929786,3902.742,4066.36,163.61799999999994,COMPLETED,0,0,0
Person_9312,Person_9312_1,working,car,home,8982.539674594882,6224.04271922478,yes,5086.869041079462,3430.7842115192984,3602.476,4072.653,470.1769999999997,COMPLETED,0,0,0
Person_3245,Person_3245_1,working,car,home,4771.159705068488,7798.325282355149,industrial,3995.352074028055,1715.1519630974853,3782.276,4080.744,298.4680000000003,COMPLETED,0,0,0
Person_4873,Person_4873_1,working,car,home,6348.876950043612,4478.598982867826,university,5908.061135515454,2983.961702940033,3962.076,4080.744,118.66800000000012,COMPLETED,0,0,0
Person_9490,Person_9490_1,working,walking,home,8386.627234496349,3542.7518826569813,school,8111.690296286917,5119.4883802517625,1802.678,4081.643,2278.965,COMPLETED,0,0,0
Person_898,Person_898_1,working,car,home,4771.159705068488,7798.325282355149,hospital,6674.418835323226,4297.111994232926,3602.476,4086.138,483.6619999999998,COMPLETED,0,0,0
Person_2652,Person_2652_1,working,car,home,10159.910029921817,195.30711077929786,yes,6337.896131325594,4552.490890007553,3962.076,4087.037,124.96099999999979,COMPLETED,0,0,0
Person_1860,Person_1860_1,working,car,home,4771.159705068488,7798.325282355149,school,4841.10943678065,6155.528336472023,3602.476,4090.633,488.1569999999997,COMPLETED,0,0,0
Person_2170,Person_2170_1,working,car,home,4771.159705068488,7798.325282355149,university,5908.061135515454,2983.961702940033,3842.509,4099.623,257.1139999999996,COMPLETED,0,0,0
Person_7675,Person_7675_1,working,car,home,7903.3290352098165,3204.087641510354,city,10159.910029921817,195.30711077929786,4082.542,4102.32,19.777999999999793,COMPLETED,0,0,0
Person_2098,Person_2098_1,working,car,home,5187.085768314384,2526.008513670757,city,10159.910029921817,195.30711077929786,4082.542,4105.017,22.47499999999991,COMPLETED,0,0,0
Person_3406,Person_3406_1,working,car,home,8219.41942862394,2976.4166861768563,kindergarten,6894.377262739245,4562.107792110269,3662.709,4106.815,444.10599999999977,COMPLETED,0,0,0
Person_777,Person_777_1,working,car,home,4065.2060983642004,1289.6729660000035,industrial,8355.078912078538,4766.35572556159,4082.542,4106.815,24.272999999999683,COMPLETED,0,0,0
Person_7921,Person_7921_1,working,car,home,8051.563916916891,3923.53601757915,city,10159.910029921817,195.30711077929786,4022.309,4108.613,86.30400000000009,COMPLETED,0,0,0
Person_4214,Person_4214_1,working,car,home,10159.910029921817,195.30711077929786,yes,5078.4140355101035,3370.0778720552885,3902.742,4110.411,207.66899999999987,COMPLETED,0,0,0
Person_4799,Person_4799_1,working,car,home,5742.608021786932,922.3083751718613,university,5908.061135515454,2983.961702940033,3962.076,4112.209,150.1329999999998,COMPLETED,0,0,0
Person_7511,Person_7511_1,working,car,home,10159.910029921817,195.30711077929786,university,8680.422548567441,1236.9101943957473,3722.043,4114.906,392.86299999999983,COMPLETED,0,0,0
Person_8371,Person_8371_1,working,car,home,126.82488358348685,4319.6356930350885,yes,7634.420066858046,4949.751209381585,4082.542,4118.502,35.96000000000049,COMPLETED,0,0,0
Person_226,Person_226_1,working,car,home,6436.209460761257,3715.6932475221806,city,10159.910029921817,195.30711077929786,4022.309,4120.3,97.99099999999999,COMPLETED,0,0,0
Person_869,Person_869_1,working,car,home,4065.2060983642004,1289.6729660000035,yes,5956.61446879461,1037.4065412438229,4082.542,4120.3,37.758000000000266,COMPLETED,0,0,0
Person_6513,Person_6513_1,working,walking,home,6696.557795017405,4517.9629691277105,university,5872.083656560459,2982.14688861395,302.247,4125.694,3823.4470000000006,COMPLETED,0,0,0
Person_6545,Person_6545_1,working,car,home,8320.776822919903,3389.6284370495655,city,10159.910029921817,195.30711077929786,4082.542,4130.189,47.64700000000039,COMPLETED,0,0,0
Person_9118,Person_9118_1,working,car,home,7192.610448351387,4732.2569378087,city,10159.910029921817,195.30711077929786,3842.509,4131.987,289.47800000000007,COMPLETED,0,0,0
Person_4999,Person_4999_1,working,car,home,10159.910029921817,195.30711077929786,yes,6622.6265952208905,4402.818185845053,4022.309,4137.381,115.07200000000012,COMPLETED,0,0,0
Person_6585,Person_6585_1,working,car,home,10159.910029921817,195.30711077929786,yes,6071.783756597813,1012.8938496407384,3722.043,4139.179,417.13599999999997,COMPLETED,0,0,0
Person_9113,Person_9113_1,working,car,home,5652.49701673312,2560.7355981054793,city,10159.910029921817,195.30711077929786,3962.076,4140.078,178.0020000000004,COMPLETED,0,0,0
Person_853,Person_853_1,working,train,home,6370.598968999886,4219.392478699962,,6383.066520287023,4062.6484057004186,3602.476,4141.876,539.4000000000001,COMPLETED,0,0,0
Person_2448,Person_2448_1,working,walking,home,6032.343624728016,4913.4601629519475,university,6897.893782272236,3752.9120240344228,1442.179,4143.674,2701.495,COMPLETED,0,0,0
Person_812,Person_812_1,working,car,home,8982.539674594882,6224.04271922478,yes,8982.047738345336,3605.4479699882354,3602.476,4147.27,544.7940000000003,COMPLETED,0,0,0
Person_117,Person_117_1,working,train,home,6599.243550474789,3972.43730443835,,6383.066520287023,4062.6484057004186,1381.946,4149.967,2768.0209999999997,COMPLETED,0,0,0
Person_1292,Person_1292_1,working,train,home,10159.910029921817,195.30711077929786,train_station,6341.509934138824,4463.547095303098,1502.412,4154.462,2652.05,COMPLETED,0,0,0
Person_3773,Person_3773_1,working,train,home,10159.910029921817,195.30711077929786,train_station,6397.665683300546,4335.100097330317,1502.412,4154.462,2652.05,COMPLETED,0,0,0
Person_4566,Person_4566_1,working,train,home,10159.910029921817,195.30711077929786,train_station,8364.262804443046,4016.5015101508857,1502.412,4154.462,2652.05,COMPLETED,0,0,0
Person_1154,Person_1154_1,working,train,home,10159.910029921817,195.30711077929786,train_station,6874.1913015227565,2915.4723861954267,1562.645,4154.462,2591.8170000000005,COMPLETED,0,0,0
Person_3034,Person_3034_1,working,train,home,10159.910029921817,195.30711077929786,train_station,6112.458975732544,4528.364427516567,1562.645,4154.462,2591.8170000000005,COMPLETED,0,0,0
Person_242,Person_242_1,working,train,home,10159.910029921817,195.30711077929786,train_station,8389.604836035238,4935.278318957668,1621.979,4154.462,2532.483,COMPLETED,0,0,0
Person_901,Person_901_1,working,train,home,10159.910029921817,195.30711077929786,train_station,5031.116790070027,6239.9623811619695,1621.979,4154.462,2532.483,COMPLETED,0,0,0
Person_5235,Person_5235_1,working,train,home,10159.910029921817,195.30711077929786,train_station,6935.075876013622,3868.5808485416924,1621.979,4154.462,2532.483,COMPLETED,0,0,0
Person_1509,Person_1509_1,working,train,home,10159.910029921817,195.30711077929786,train_station,5851.15803009955,958.4550127903009,1682.212,4154.462,2472.2500000000005,COMPLETED,0,0,0
Person_6873,Person_6873_1,working,train,home,10159.910029921817,195.30711077929786,train_station,5901.5627362491805,2994.702412765903,1682.212,4154.462,2472.2500000000005,COMPLETED,0,0,0
Person_410,Person_410_1,working,train,home,10159.910029921817,195.30711077929786,train_station,8294.352490680229,1307.2368662646131,1742.445,4154.462,2412.0170000000007,COMPLETED,0,0,0
Person_633,Person_633_1,working,train,home,10159.910029921817,195.30711077929786,train_station,6337.794992289153,3566.9504625245704,1802.678,4154.462,2351.7840000000006,COMPLETED,0,0,0
Person_3371,Person_3371_1,working,train,home,10159.910029921817,195.30711077929786,train_station,4005.975499086116,1668.378338288422,3602.476,4154.462,551.9860000000003,COMPLETED,0,0,0
Person_4410,Person_4410_1,working,train,home,10159.910029921817,195.30711077929786,train_station,5794.0027306264865,6579.2071621553905,3602.476,4154.462,551.9860000000003,COMPLETED,0,0,0
Person_8190,Person_8190_1,working,train,home,10159.910029921817,195.30711077929786,train_station,5784.135605691108,6551.214640581127,3602.476,4154.462,551.9860000000003,COMPLETED,0,0,0
Person_3753,Person_3753_1,working,train,home,10159.910029921817,195.30711077929786,train_station,6974.346300477378,7900.756684691982,3662.709,4154.462,491.7530000000006,COMPLETED,0,0,0
Person_7672,Person_7672_1,working,train,home,10159.910029921817,195.30711077929786,train_station,5779.3146674370155,925.3081179811309,3662.709,4154.462,491.7530000000006,COMPLETED,0,0,0
Person_8431,Person_8431_1,working,train,home,10159.910029921817,195.30711077929786,train_station,8823.66617936585,3109.8068979426516,3662.709,4154.462,491.7530000000006,COMPLETED,0,0,0
Person_3456,Person_3456_1,working,train,home,10159.910029921817,195.30711077929786,train_station,6418.68644321111,3445.3178607193977,3722.043,4154.462,432.4190000000003,COMPLETED,0,0,0
Person_3968,Person_3968_1,working,train,home,10159.910029921817,195.30711077929786,train_station,6753.286006283763,3714.7935438899995,3722.043,4154.462,432.4190000000003,COMPLETED,0,0,0
Person_4779,Person_4779_1,working,train,home,10159.910029921817,195.30711077929786,train_station,8680.422548567441,1236.9101943957473,3722.043,4154.462,432.4190000000003,COMPLETED,0,0,0
Person_6768,Person_6768_1,working,train,home,10159.910029921817,195.30711077929786,train_station,7057.871136246068,1931.0430166146014,3722.043,4154.462,432.4190000000003,COMPLETED,0,0,0
Person_8093,Person_8093_1,working,train,home,10159.910029921817,195.30711077929786,train_station,7289.851316573238,3717.4543568493714,3722.043,4154.462,432.4190000000003,COMPLETED,0,0,0
Person_8685,Person_8685_1,working,train,home,10159.910029921817,195.30711077929786,train_station,8424.67819336363,2626.722333470661,3722.043,4154.462,432.4190000000003,COMPLETED,0,0,0
Person_5477,Person_5477_1,working,train,home,10159.910029921817,195.30711077929786,train_station,7368.563341678128,2405.155830968895,3782.276,4154.462,372.1860000000006,COMPLETED,0,0,0
Person_8741,Person_8741_1,working,train,home,10159.910029921817,195.30711077929786,train_station,5049.145694155934,4048.806572748615,3782.276,4154.462,372.1860000000006,COMPLETED,0,0,0
Person_9164,Person_9164_1,working,train,home,10159.910029921817,195.30711077929786,train_station,8676.010528482882,2607.014297239817,3842.509,4154.462,311.95300000000043,COMPLETED,0,0,0
Person_36,Person_36_1,working,train,home,10159.910029921817,195.30711077929786,train_station,6539.875201280173,3970.641981171666,3902.742,4154.462,251.72000000000025,COMPLETED,0,0,0
Person_3848,Person_3848_1,working,train,home,10159.910029921817,195.30711077929786,train_station,7130.835608283458,4408.885615668641,3902.742,4154.462,251.72000000000025,COMPLETED,0,0,0
Person_7575,Person_7575_1,working,train,home,10159.910029921817,195.30711077929786,train_station,7914.46168647822,4761.601490922496,3902.742,4154.462,251.72000000000025,COMPLETED,0,0,0
Person_90,Person_90_1,working,train,home,10159.910029921817,195.30711077929786,train_station,6108.285225100381,3482.3503377315533,3962.076,4154.462,192.38600000000042,COMPLETED,0,0,0
Person_2287,Person_2287_1,working,train,home,10159.910029921817,195.30711077929786,train_station,7077.428609110704,4286.4783019035885,3962.076,4154.462,192.38600000000042,COMPLETED,0,0,0
Person_2684,Person_2684_1,working,train,home,10159.910029921817,195.30711077929786,train_station,7866.8990998742265,2833.276003720923,3962.076,4154.462,192.38600000000042,COMPLETED,0,0,0
Person_8041,Person_8041_1,working,train,home,10159.910029921817,195.30711077929786,train_station,6839.399852089795,3585.511730890991,4022.309,4154.462,132.15300000000025,COMPLETED,0,0,0
Person_2144,Person_2144_1,working,train,home,10159.910029921817,195.30711077929786,train_station,4103.512677342384,1386.484625119779,4082.542,4154.462,71.92000000000053,COMPLETED,0,0,0
Person_1669,Person_1669_1,working,car,home,10159.910029921817,195.30711077929786,yes,7230.715045494399,3696.7854833125316,3722.043,4157.159,435.11599999999953,COMPLETED,0,0,0
Person_9705,Person_9705_1,working,train,home,7667.009459738731,4920.531952194179,,6383.066520287023,4062.6484057004186,2.88,4157.159,4154.2789999999995,COMPLETED,0,0,0
Person_9442,Person_9442_1,working,car,home,8011.388795406246,3926.5126762764066,university,6850.81127161198,3522.934095561738,4142.775,4162.553,19.778000000000247,COMPLETED,0,0,0
Person_3199,Person_3199_1,working,car,home,5653.26050373371,917.9538371999314,city,10159.910029921817,195.30711077929786,3662.709,4163.452,500.7430000000004,COMPLETED,0,0,0
Person_4549,Person_4549_1,working,car,home,10159.910029921817,195.30711077929786,yes,6165.622408483476,2836.4146053566296,3722.043,4164.351,442.30799999999954,COMPLETED,0,0,0
Person_8338,Person_8338_1,working,car,home,6527.151741451904,4351.579394037637,city,8982.539674594882,6224.04271922478,4142.775,4164.351,21.576000000000022,COMPLETED,0,0,0
Person_7418,Person_7418_1,working,train,home,8299.540799286477,3854.8299544745605,,8351.70415135049,2763.8378920000764,1322.612,4164.351,2841.7389999999996,COMPLETED,0,0,0
Person_2113,Person_2113_1,working,car,home,10159.910029921817,195.30711077929786,yes,5508.379409372127,981.961639048095,4082.542,4167.048,84.50599999999986,COMPLETED,0,0,0
Person_8432,Person_8432_1,working,car,home,10159.910029921817,195.30711077929786,industrial,8930.487732582074,4288.120401301857,4082.542,4170.644,88.10200000000032,COMPLETED,0,0,0
Person_2793,Person_2793_1,working,walking,home,5652.49701673312,2560.7355981054793,university,6980.17060882167,3727.0047244733337,1442.179,4170.644,2728.465,COMPLETED,0,0,0
Person_3324,Person_3324_1,working,car,home,4771.159705068488,7798.325282355149,yes,7156.268508263985,4423.748460984097,3842.509,4173.341,330.83200000000033,COMPLETED,0,0,0
Person_3776,Person_3776_1,working,walking,home,6634.712846530981,4684.100670226005,university,5887.791508799354,2982.146731596164,1262.379,4173.341,2910.9620000000004,COMPLETED,0,0,0
Person_3817,Person_3817_1,working,car,home,7377.601090666118,2483.486659820373,city,10159.910029921817,195.30711077929786,4142.775,4175.139,32.36400000000049,COMPLETED,0,0,0
Person_466,Person_466_1,working,walking,home,8278.046624835597,2951.201520399413,university,6897.893782272236,3752.9120240344228,242.014,4175.139,3933.125,COMPLETED,0,0,0
Person_6874,Person_6874_1,working,car,home,10159.910029921817,195.30711077929786,school,8984.07142404157,3500.38750429968,3842.509,4176.937,334.4279999999999,COMPLETED,0,0,0
Person_3457,Person_3457_1,working,car,home,6684.194584553144,3141.939045300567,city,812.749230267771,6686.310237051298,3962.076,4178.735,216.65899999999965,COMPLETED,0,0,0
Person_7263,Person_7263_1,working,car,home,10159.910029921817,195.30711077929786,school,8307.13205408836,3086.352864703455,3602.476,4179.634,577.1579999999999,COMPLETED,0,0,0
Person_4914,Person_4914_1,working,car,home,8497.52345406765,3809.864110602006,city,10159.910029921817,195.30711077929786,4142.775,4181.432,38.65700000000015,COMPLETED,0,0,0
Person_9067,Person_9067_1,working,car,home,8982.539674594882,6224.04271922478,retail,8674.095448515724,3202.446171419922,3782.276,4184.129,401.85300000000007,COMPLETED,0,0,0
Person_7311,Person_7311_1,working,car,home,8860.967175188276,2583.8116613105476,university,6451.821586100195,3200.551272926657,4142.775,4186.826,44.051000000000386,COMPLETED,0,0,0
Person_1287,Person_1287_1,working,car,home,5364.851826849989,2719.1676619011027,school,6228.590221566115,4781.895669395267,3842.509,4190.422,347.91299999999956,COMPLETED,0,0,0
Person_5146,Person_5146_1,working,car,home,7228.918657106837,3750.690174275473,university,5887.791508799354,2982.146731596164,3602.476,4197.614,595.1379999999995,COMPLETED,0,0,0
Person_4530,Person_4530_1,working,car,home,10159.910029921817,195.30711077929786,yes,6372.779585250556,3588.3473716335125,4082.542,4198.513,115.971,COMPLETED,0,0,0
Person_6807,Person_6807_1,working,car,home,10159.910029921817,195.30711077929786,university,8640.52148904632,1242.1470644446506,3842.509,4201.21,358.701,COMPLETED,0,0,0
Person_172,Person_172_1,working,car,home,9010.722547993326,3344.3425518527915,city,10159.910029921817,195.30711077929786,4142.775,4202.109,59.33400000000074,COMPLETED,0,0,0
Person_8015,Person_8015_1,working,train,home,6293.5937827028565,2774.277052713016,,6383.066520287023,4062.6484057004186,4202.109,4202.109,0.0,COMPLETED,0,0,0
Person_1571,Person_1571_1,working,car,home,8114.833645721663,3023.7190077670575,university,5887.791508799354,2982.146731596164,3842.509,4206.604,364.09500000000025,COMPLETED,0,0,0
Person_896,Person_896_1,working,car,home,10159.910029921817,195.30711077929786,yes,5709.908966731839,1037.4603619936076,3962.076,4214.695,252.6189999999997,COMPLETED,0,0,0
Person_8640,Person_8640_1,working,train,home,10159.910029921817,195.30711077929786,train_station,6041.900256703201,996.79072124227,4142.775,4215.594,72.81900000000041,COMPLETED,0,0,0
Person_2355,Person_2355_1,working,car,home,8290.420958143446,3621.43054824778,city,10159.910029921817,195.30711077929786,4202.109,4215.594,13.484999999999673,COMPLETED,0,0,0
Person_2796,Person_2796_1,working,car,home,126.82488358348685,4319.6356930350885,yes,7412.415849204381,3702.045971725326,4142.775,4222.786,80.01100000000042,COMPLETED,0,0,0
Person_8000,Person_8000_1,working,car,home,8255.478725553683,3646.9746023423136,city,10159.910029921817,195.30711077929786,4202.109,4222.786,20.67699999999968,COMPLETED,0,0,0
Person_5787,Person_5787_1,working,car,home,10159.910029921817,195.30711077929786,university,8640.52148904632,1242.1470644446506,4202.109,4225.483,23.373999999999796,COMPLETED,0,0,0
Person_5467,Person_5467_1,working,car,home,6863.42751724535,4537.9080772758,city,10159.910029921817,195.30711077929786,4142.775,4227.281,84.50600000000031,COMPLETED,0,0,0
Person_4769,Person_4769_1,working,car,home,10159.910029921817,195.30711077929786,yes,6922.426039534189,4229.278676513147,4202.109,4227.281,25.17199999999957,COMPLETED,0,0,0
Person_9378,Person_9378_1,working,car,home,7560.6905614204925,3720.0105357986345,city,10159.910029921817,195.30711077929786,3962.076,4228.18,266.10400000000027,COMPLETED,0,0,0
Person_3027,Person_3027_1,working,car,home,7883.534084680849,3916.6616543307287,city,10159.910029921817,195.30711077929786,4202.109,4229.079,26.969999999999345,COMPLETED,0,0,0
Person_5525,Person_5525_1,working,car,home,10159.910029921817,195.30711077929786,yes,5573.019134742465,747.6851634891782,4142.775,4229.978,87.20300000000043,COMPLETED,0,0,0
Person_9393,Person_9393_1,working,car,home,8070.201332924146,2925.1269864213205,city,10159.910029921817,195.30711077929786,4202.109,4233.574,31.464999999999236,COMPLETED,0,0,0
Person_8020,Person_8020_1,working,car,home,8991.283177024254,3349.852546304873,city,10159.910029921817,195.30711077929786,4202.109,4234.473,32.36399999999958,COMPLETED,0,0,0
Person_7008,Person_7008_1,working,car,home,6199.352888814034,3831.557699847668,city,10159.910029921817,195.30711077929786,4202.109,4237.17,35.060999999999694,COMPLETED,0,0,0
Person_1192,Person_1192_1,working,car,home,6949.87138252956,3945.807150999084,city,10159.910029921817,195.30711077929786,4082.542,4243.463,160.92099999999982,COMPLETED,0,0,0
Person_1336,Person_1336_1,working,car,home,7677.910553234859,3317.4967760317545,university,6850.81127161198,3522.934095561738,3842.509,4244.362,401.85300000000007,COMPLETED,0,0,0
Person_3065,Person_3065_1,working,car,home,7291.492645071476,3568.2345744965965,city,10159.910029921817,195.30711077929786,4082.542,4248.857,166.31500000000005,COMPLETED,0,0,0
Person_764,Person_764_1,working,car,home,7646.768031843379,4570.470315234524,school,8441.599383855953,4102.084838942637,4022.309,4249.756,227.44700000000012,COMPLETED,0,0,0
Person_22,Person_22_1,working,car,home,8379.420270081337,3827.0536965306087,city,10159.910029921817,195.30711077929786,4202.109,4255.15,53.04099999999926,COMPLETED,0,0,0
Person_7017,Person_7017_1,working,car,home,7992.9256386854095,2938.386867437729,city,10159.910029921817,195.30711077929786,4022.309,4260.544,238.23499999999967,COMPLETED,0,0,0
Person_6998,Person_6998_1,working,car,home,7674.404844276162,4945.146508675218,university,6980.17060882167,3727.0047244733337,4202.109,4260.544,58.43499999999949,COMPLETED,0,0,0
Person_7340,Person_7340_1,working,train,home,6763.001159244984,5135.777760283317,,6383.066520287023,4062.6484057004186,602.513,4261.443,3658.9300000000003,COMPLETED,0,0,0
Person_1978,Person_1978_1,working,train,home,6688.650489986794,2202.076908461406,,6383.066520287023,4062.6484057004186,2.88,4263.241,4260.361,COMPLETED,0,0,0
Person_140,Person_140_1,working,car,home,10159.910029921817,195.30711077929786,university,6980.17060882167,3727.0047244733337,3602.476,4266.837,664.3610000000003,COMPLETED,0,0,0
Person_7925,Person_7925_1,working,car,home,7049.273165356458,4209.75517924007,university,5908.061135515454,2983.961702940033,3602.476,4270.433,667.9569999999999,COMPLETED,0,0,0
Person_15,Person_15_1,working,train,home,6474.744375581298,4320.99152131948,,6383.066520287023,4062.6484057004186,3782.276,4270.433,488.15700000000015,COMPLETED,0,0,0
Person_606,Person_606_1,working,car,home,6607.660664942251,3861.226180865165,university,6980.17060882167,3727.0047244733337,3602.476,4274.029,671.5530000000003,COMPLETED,0,0,0
Person_1621,Person_1621_1,working,train,home,6249.484248581651,2217.636560581152,,6383.066520287023,4062.6484057004186,1322.612,4274.029,2951.4170000000004,COMPLETED,0,0,0
Person_4456,Person_4456_1,working,train,home,10159.910029921817,195.30711077929786,train_station,5763.122830139078,926.3101998891638,4202.109,4276.726,74.61699999999928,COMPLETED,0,0,0
Person_6278,Person_6278_1,working,train,home,10159.910029921817,195.30711077929786,train_station,5702.550210154136,4537.438848460344,4202.109,4276.726,74.61699999999928,COMPLETED,0,0,0
Person_3903,Person_3903_1,working,car,home,6187.1840317147235,2882.0321859525143,city,10159.910029921817,195.30711077929786,4142.775,4279.423,136.64800000000014,COMPLETED,0,0,0
Person_3299,Person_3299_1,working,car,home,10159.910029921817,195.30711077929786,yes,5242.6472006976865,791.9301873103309,3902.742,4284.817,382.0749999999998,COMPLETED,0,0,0
Person_6523,Person_6523_1,working,car,home,7385.898794091356,4785.088528848107,city,10159.910029921817,195.30711077929786,4262.342,4284.817,22.475000000000364,COMPLETED,0,0,0
Person_2151,Person_2151_1,working,car,home,8653.515824855322,3692.2018372591606,city,10159.910029921817,195.30711077929786,4262.342,4289.312,26.970000000000255,COMPLETED,0,0,0
Person_2585,Person_2585_1,working,car,home,5389.176353231777,2851.2408489086683,city,10159.910029921817,195.30711077929786,4022.309,4292.908,270.59900000000016,COMPLETED,0,0,0
Person_3158,Person_3158_1,working,car,home,8339.084206359274,2215.5570437313054,city,10159.910029921817,195.30711077929786,4262.342,4293.807,31.465000000000146,COMPLETED,0,0,0
Person_1274,Person_1274_1,working,car,home,10159.910029921817,195.30711077929786,university,8680.422548567441,1236.9101943957473,3962.076,4294.706,332.6300000000001,COMPLETED,0,0,0
Person_4028,Person_4028_1,working,car,home,6790.069922796814,4577.736207107264,city,10159.910029921817,195.30711077929786,4262.342,4295.605,33.26299999999992,COMPLETED,0,0,0
Person_9965,Person_9965_1,working,car,home,6297.092740652123,4441.147071098435,city,10159.910029921817,195.30711077929786,4022.309,4296.504,274.1949999999997,COMPLETED,0,0,0
Person_3757,Person_3757_1,working,car,home,10159.910029921817,195.30711077929786,industrial,4000.67347820691,1796.3896774492791,4082.542,4299.201,216.6590000000001,COMPLETED,0,0,0
Person_9553,Person_9553_1,working,walking,home,5743.734832486495,4958.043898498963,university,5887.791508799354,2982.146731596164,1442.179,4300.1,2857.9210000000003,COMPLETED,0,0,0
Person_3878,Person_3878_1,working,car,home,8032.8252463445815,5217.955605485007,city,10159.910029921817,195.30711077929786,4142.775,4301.898,159.1230000000005,COMPLETED,0,0,0
Person_3809,Person_3809_1,working,car,home,6630.631985307032,4160.868894661804,city,10159.910029921817,195.30711077929786,4022.309,4306.393,284.08399999999983,COMPLETED,0,0,0
Person_7608,Person_7608_1,working,car,home,10159.910029921817,195.30711077929786,yes,7015.6533647750575,2077.3518910920893,3962.076,4313.585,351.509,COMPLETED,0,0,0
Person_1728,Person_1728_1,working,car,home,5911.152550401684,2911.0573839076173,university,5908.061135515454,2983.961702940033,4022.309,4314.484,292.1750000000002,COMPLETED,0,0,0
Person_1570,Person_1570_1,working,walking,home,8114.833645721663,3023.7190077670575,university,5872.083656560459,2982.14688861395,2.88,4315.383,4312.503,COMPLETED,0,0,0
Person_3906,Person_3906_1,working,car,home,6555.656374661183,4117.182138132209,school,7985.941202265277,4074.0982570155625,4262.342,4317.181,54.83899999999994,COMPLETED,0,0,0
Person_7958,Person_7958_1,working,car,home,5875.743854246089,4503.5770079169115,city,10159.910029921817,195.30711077929786,3962.076,4318.979,356.90300000000025,COMPLETED,0,0,0
Person_862,Person_862_1,working,car,home,7753.1954803708295,3729.546652905359,city,10159.910029921817,195.30711077929786,3902.742,4321.676,418.9340000000002,COMPLETED,0,0,0
Person_7423,Person_7423_1,working,car,home,6553.50591151502,2948.950732974484,city,10159.910029921817,195.30711077929786,3962.076,4322.575,360.4989999999998,COMPLETED,0,0,0
Person_6518,Person_6518_1,working,train,home,7079.4460023777165,1921.907122804603,,8351.70415135049,2763.8378920000764,4322.575,4322.575,0.0,COMPLETED,0,0,0
Person_5309,Person_5309_1,working,car,home,7250.8323570610655,4147.304959703984,city,10159.910029921817,195.30711077929786,4202.109,4323.474,121.36499999999978,COMPLETED,0,0,0
Person_3485,Person_3485_1,working,train,home,7004.386049067734,4093.2152950826176,,6383.066520287023,4062.6484057004186,302.247,4323.474,4021.2270000000003,COMPLETED,0,0,0
Person_4972,Person_4972_1,working,car,home,5379.570261005044,1176.371946615086,city,10159.910029921817,195.30711077929786,3902.742,4329.767,427.02499999999964,COMPLETED,0,0,0
Person_5037,Person_5037_1,working,car,home,10159.910029921817,195.30711077929786,industrial,6471.2117675728,956.5876190243972,4082.542,4334.262,251.7199999999998,COMPLETED,0,0,0
Person_695,Person_695_1,working,car,home,7396.042932711904,4181.114404302185,city,10159.910029921817,195.30711077929786,4262.342,4335.161,72.81900000000041,COMPLETED,0,0,0
Person_2486,Person_2486_1,working,car,home,5727.551674948581,2528.1391611592626,city,10159.910029921817,195.30711077929786,3902.742,4336.06,433.3180000000002,COMPLETED,0,0,0
Person_6051,Person_6051_1,working,car,home,4771.159705068488,7798.325282355149,university,6753.286006283763,3714.7935438899995,3902.742,4336.06,433.3180000000002,COMPLETED,0,0,0
Person_2480,Person_2480_1,working,car,home,8135.219995211881,3648.3965757462024,city,4771.159705068488,7798.325282355149,3602.476,4336.959,734.4829999999997,COMPLETED,0,0,0
Person_6846,Person_6846_1,working,car,home,4771.159705068488,7798.325282355149,yes,8907.124336725856,1348.0285239436153,4202.109,4336.959,134.84999999999945,COMPLETED,0,0,0
Person_7324,Person_7324_1,working,train,home,10159.910029921817,195.30711077929786,train_station,6753.286006283763,3714.7935438899995,4262.342,4337.858,75.51600000000053,COMPLETED,0,0,0
Person_9656,Person_9656_1,working,train,home,10159.910029921817,195.30711077929786,train_station,6451.821586100195,3200.551272926657,4262.342,4337.858,75.51600000000053,COMPLETED,0,0,0
Person_1841,Person_1841_1,working,train,home,7766.153329815699,3188.450702704045,,8351.70415135049,2763.8378920000764,3602.476,4337.858,735.3820000000001,COMPLETED,0,0,0
Person_5947,Person_5947_1,working,car,home,7265.493414008754,4177.389891625842,city,10159.910029921817,195.30711077929786,4262.342,4343.252,80.91000000000076,COMPLETED,0,0,0
Person_6745,Person_6745_1,working,car,home,8124.625495347195,3890.047007190352,city,10159.910029921817,195.30711077929786,4322.575,4343.252,20.67700000000059,COMPLETED,0,0,0
Person_6078,Person_6078_1,working,walking,home,8166.865186961227,4054.2194834100137,university,5872.083656560459,2982.14688861395,302.247,4345.05,4042.8030000000003,COMPLETED,0,0,0
Person_5758,Person_5758_1,working,train,home,7386.749537423223,4744.006170971844,,6383.066520287023,4062.6484057004186,1621.979,4348.646,2726.6669999999995,COMPLETED,0,0,0
Person_1617,Person_1617_1,working,car,home,6674.289358291203,3297.578957886595,city,10159.910029921817,195.30711077929786,3962.076,4349.545,387.46900000000005,COMPLETED,0,0,0
Person_1909,Person_1909_1,working,car,home,4065.2060983642004,1289.6729660000035,yes,5731.977636972818,697.1934604225846,4262.342,4354.04,91.69800000000032,COMPLETED,0,0,0
Person_4667,Person_4667_1,working,car,home,4771.159705068488,7798.325282355149,yes,7053.911079124263,2101.12564422978,4262.342,4354.04,91.69800000000032,COMPLETED,0,0,0
Person_9083,Person_9083_1,working,car,home,5535.998735788919,2909.6386902214726,city,10159.910029921817,195.30711077929786,4322.575,4354.939,32.36400000000049,COMPLETED,0,0,0
Person_1898,Person_1898_1,working,car,home,10159.910029921817,195.30711077929786,yes,8520.77392470754,1380.8504029977453,4322.575,4355.838,33.26299999999992,COMPLETED,0,0,0
Person_3166,Person_3166_1,working,car,home,4065.2060983642004,1289.6729660000035,yes,4855.046556180977,5686.766970849889,3782.276,4359.434,577.1580000000004,COMPLETED,0,0,0
Person_1357,Person_1357_1,working,car,home,5560.4720445509565,2659.572379822744,city,10159.910029921817,195.30711077929786,4202.109,4362.131,160.02199999999993,COMPLETED,0,0,0
Person_2898,Person_2898_1,working,car,home,8591.103160247538,3297.2469299437794,city,10159.910029921817,195.30711077929786,4322.575,4363.03,40.45499999999993,COMPLETED,0,0,0
Person_719,Person_719_1,working,car,home,7648.9877448429215,4021.376722457708,city,10159.910029921817,195.30711077929786,4142.775,4365.727,222.95200000000023,COMPLETED,0,0,0
Person_3094,Person_3094_1,working,car,home,2488.6470704888443,4210.0986357891115,unknown,2488.6470704888443,4210.0986357891115,3722.043,4375.616,653.5729999999999,ABORTED_BREAKDOWN,0,0,0
Person_5074,Person_5074_1,working,car,home,7543.053305494784,3734.943308486067,kindergarten,8588.876066519004,2384.539250749051,3902.742,4381.909,479.16699999999946,COMPLETED,0,0,0
Person_1144,Person_1144_1,working,train,home,6818.742931111194,4113.670385811862,,6383.066520287023,4062.6484057004186,4381.909,4381.909,0.0,COMPLETED,0,0,0
Person_1404,Person_1404_1,working,train,home,6694.869959303572,2202.117895730905,,8351.70415135049,2763.8378920000764,3.779,4381.909,4378.129999999999,COMPLETED,0,0,0
Person_1809,Person_1809_1,working,car,home,10159.910029921817,195.30711077929786,university,5901.5627362491805,2994.702412765903,3662.709,4388.202,725.4930000000004,COMPLETED,0,0,0
Person_6469,Person_6469_1,working,car,home,5657.38382145316,4749.31661961494,city,10159.910029921817,195.30711077929786,4082.542,4392.697,310.1550000000002,COMPLETED,0,0,0
Person_6687,Person_6687_1,working,car,home,4065.2060983642004,1289.6729660000035,university,8680.422548567441,1236.9101943957473,4262.342,4394.495,132.15300000000025,COMPLETED,0,0,0
Person_349,Person_349_1,working,train,home,6269.285551859903,4436.9927045180975,,6383.066520287023,4062.6484057004186,3962.076,4396.293,434.21699999999964,COMPLETED,0,0,0
Person_689,Person_689_1,working,train,home,6326.965428769858,2297.232555775193,,6383.066520287023,4062.6484057004186,1502.412,4396.293,2893.8809999999994,COMPLETED,0,0,0
Person_3798,Person_3798_1,working,walking,home,8810.395818416535,2195.271851854315,university,5872.083656560459,2982.14688861395,242.014,4396.293,4154.2789999999995,COMPLETED,0,0,0
Person_1455,Person_1455_1,working,car,home,5015.428886120088,6161.129842800549,city,10159.910029921817,195.30711077929786,4262.342,4398.091,135.7490000000007,COMPLETED,0,0,0
Person_525,Person_525_1,working,train,home,10159.910029921817,195.30711077929786,train_station,7847.543522432937,3019.7351117243343,4322.575,4398.99,76.41499999999996,COMPLETED,0,0,0
Person_3083,Person_3083_1,working,train,home,10159.910029921817,195.30711077929786,train_station,6174.393141822902,4555.11659556991,4322.575,4398.99,76.41499999999996,COMPLETED,0,0,0
Person_7605,Person_7605_1,working,train,home,10159.910029921817,195.30711077929786,train_station,4112.983267454643,1451.9584676910256,4322.575,4398.99,76.41499999999996,COMPLETED,0,0,0
Person_7627,Person_7627_1,working,train,home,10159.910029921817,195.30711077929786,train_station,6753.286006283763,3714.7935438899995,4322.575,4398.99,76.41499999999996,COMPLETED,0,0,0
Person_2068,Person_2068_1,working,car,home,4771.159705068488,7798.325282355149,yes,7008.534155728609,4474.3623650714435,3842.509,4398.99,556.4809999999998,COMPLETED,0,0,0
Person_9540,Person_9540_1,working,train,home,7173.43946874244,3701.691393203227,,6383.066520287023,4062.6484057004186,2.88,4399.889,4397.009,COMPLETED,0,0,0
Person_559,Person_559_1,working,car,home,8809.875625598004,2291.9747128908784,university,8640.52148904632,1242.1470644446506,3902.742,4403.485,500.7429999999995,COMPLETED,0,0,0
Person_2174,Person_2174_1,working,car,home,8982.539674594882,6224.04271922478,school,8832.69820418768,3203.7521812503664,4381.909,4407.98,26.070999999999913,COMPLETED,0,0,0
Person_7896,Person_7896_1,working,car,home,6094.031340491549,3747.809199226577,city,10159.910029921817,195.30711077929786,4381.909,4408.879,26.970000000000255,COMPLETED,0,0,0
Person_2701,Person_2701_1,working,car,home,10159.910029921817,195.30711077929786,yes,6969.931512904006,2065.7888739035207,4082.542,4409.778,327.23600000000033,COMPLETED,0,0,0
Person_273,Person_273_1,working,car,home,7701.788183228949,3990.8442073986375,university,8680.422548567441,1236.9101943957473,3722.043,4410.677,688.6339999999996,COMPLETED,0,0,0
Person_8568,Person_8568_1,working,car,home,8982.539674594882,6224.04271922478,yes,5911.065537125988,3374.2249155812606,4381.909,4410.677,28.76800000000003,COMPLETED,0,0,0
Person_3546,Person_3546_1,working,car,home,7762.80379482189,3849.881219880989,city,10159.910029921817,195.30711077929786,3962.076,4412.475,450.39900000000034,COMPLETED,0,0,0
Person_4365,Person_4365_1,working,car,home,6229.0156208036515,2500.915065889482,kindergarten,7829.653627273629,4416.211188657,4381.909,4414.273,32.36400000000049,COMPLETED,0,0,0
Person_3408,Person_3408_1,working,car,home,5871.8277095647345,995.7845689738375,university,8640.52148904632,1242.1470644446506,3782.276,4416.97,634.6940000000004,COMPLETED,0,0,0
Person_5176,Person_5176_1,working,car,home,5762.670284437346,2555.848437917989,city,10159.910029921817,195.30711077929786,4381.909,4416.97,35.061000000000604,COMPLETED,0,0,0
Person_4052,Person_4052_1,working,car,home,7467.022247108356,5198.704780167976,city,10159.910029921817,195.30711077929786,4381.909,4419.667,37.75800000000072,COMPLETED,0,0,0
Person_1768,Person_1768_1,working,car,home,7366.157914355959,3531.2428568450796,city,10159.910029921817,195.30711077929786,4262.342,4426.859,164.51700000000073,COMPLETED,0,0,0
Person_1352,Person_1352_1,working,car,home,4771.159705068488,7798.325282355149,industrial,5447.518050399224,4143.4235671375345,4381.909,4431.354,49.44500000000062,COMPLETED,0,0,0
Person_5876,Person_5876_1,working,car,home,4065.2060983642004,1289.6729660000035,yes,6299.033964300542,3752.854964122385,4381.909,4434.051,52.142000000000735,COMPLETED,0,0,0
Person_8160,Person_8160_1,working,walking,home,8734.58012901491,4212.606506708383,university,6839.399852089795,3585.511730890991,302.247,4434.95,4132.7029999999995,COMPLETED,0,0,0
Person_6103,Person_6103_1,working,train,home,6130.196173584039,2228.3190361447987,,6383.066520287023,4062.6484057004186,1202.146,4438.546,3236.4000000000005,COMPLETED,0,0,0
Person_3133,Person_3133_1,working,car,home,2451.4608945802092,4184.765562421767,unknown,2451.4608945802092,4184.765562421767,302.247,4443.041,4140.794,ABORTED_BREAKDOWN,0,0,0
Person_9319,Person_9319_1,working,car,home,7440.266462387861,3989.378298360018,city,8982.539674594882,6224.04271922478,3782.276,4443.94,661.6639999999998,COMPLETED,0,0,0
Person_8122,Person_8122_1,working,walking,home,6233.700776743162,2496.885757234927,university,6897.893782272236,3752.9120240344228,722.08,4444.839,3722.759,COMPLETED,0,0,0
Person_6898,Person_6898_1,working,car,home,6238.372547031045,4120.2982073588655,city,10159.910029921817,195.30711077929786,4202.109,4452.93,250.8209999999999,COMPLETED,0,0,0
Person_2274,Person_2274_1,working,car,home,5560.904111940049,2630.4142098458774,city,10159.910029921817,195.30711077929786,4442.142,4452.93,10.788000000000466,COMPLETED,0,0,0
Person_7110,Person_7110_1,working,car,home,10159.910029921817,195.30711077929786,school,8931.956712799021,3487.121609324863,3722.043,4457.425,735.3820000000001,COMPLETED,0,0,0
Person_8903,Person_8903_1,working,car,home,8247.682479014893,3935.340585669226,city,10159.910029921817,195.30711077929786,3962.076,4458.324,496.2479999999996,COMPLETED,0,0,0
Person_4502,Person_4502_1,working,car,home,10159.910029921817,195.30711077929786,yes,7342.4845273394885,3634.0689146848754,4022.309,4459.223,436.91399999999976,COMPLETED,0,0,0
Person_6086,Person_6086_1,working,train,home,6694.867800212709,4566.5495204158715,,6383.066520287023,4062.6484057004186,1262.379,4459.223,3196.844,COMPLETED,0,0,0
Person_9282,Person_9282_1,working,train,home,10159.910029921817,195.30711077929786,train_station,6156.039260583908,3627.977036379138,4381.909,4460.122,78.21300000000065,COMPLETED,0,0,0
Person_627,Person_627_1,working,car,home,8206.007692855846,3090.07687659447,city,4771.159705068488,7798.325282355149,3602.476,4461.021,858.5449999999996,COMPLETED,0,0,0
Person_2776,Person_2776_1,working,car,home,8894.536235811765,2425.4363235749124,university,5872.083656560459,2982.14688861395,3962.076,4469.112,507.03600000000006,COMPLETED,0,0,0
Person_9909,Person_9909_1,working,car,home,126.82488358348685,4319.6356930350885,school,8813.867687863838,2909.3660428374696,4381.909,4474.506,92.59700000000066,COMPLETED,0,0,0
Person_3271,Person_3271_1,working,car,home,10159.910029921817,195.30711077929786,college,6747.753015898421,3319.6122938214417,3962.076,4477.203,515.1270000000004,COMPLETED,0,0,0
Person_9420,Person_9420_1,working,car,home,10159.910029921817,195.30711077929786,yes,6616.275834528968,4031.71110713962,3782.276,4479.001,696.7250000000004,COMPLETED,0,0,0
Person_885,Person_885_1,working,car,home,8479.40239791919,3768.7843527821774,city,4771.159705068488,7798.325282355149,3842.509,4481.698,639.1890000000003,COMPLETED,0,0,0
Person_7239,Person_7239_1,working,car,home,6485.8120825987235,4339.874348090617,school,6596.6449373770965,4515.058302908642,4082.542,4483.496,400.9540000000002,COMPLETED,0,0,0
Person_1667,Person_1667_1,working,car,home,10159.910029921817,195.30711077929786,yes,6288.518193069657,3521.296464843673,3662.709,4487.991,825.2820000000002,COMPLETED,0,0,0
Person_2576,Person_2576_1,working,train,home,7525.551370201603,3655.9377799302465,,6383.066520287023,4062.6484057004186,902.779,4492.486,3589.707,COMPLETED,0,0,0
Person_1896,Person_1896_1,working,car,home,5489.302650692247,933.210286511506,city,10159.910029921817,195.30711077929786,4202.109,4499.678,297.5689999999995,COMPLETED,0,0,0
Person_3397,Person_3397_1,working,train,home,6323.56056667217,2773.1582843630463,,6383.066520287023,4062.6484057004186,4502.375,4502.375,0.0,COMPLETED,0,0,0
Person_4197,Person_4197_1,working,car,home,10159.910029921817,195.30711077929786,kindergarten,9080.274888624233,2485.4357551968696,4142.775,4503.274,360.4990000000007,COMPLETED,0,0,0
Person_1519,Person_1519_1,working,train,home,8807.400528291744,2467.567248082928,,8351.70415135049,2763.8378920000764,3842.509,4505.072,662.5630000000001,COMPLETED,0,0,0
Person_7573,Person_7573_1,working,car,home,10159.910029921817,195.30711077929786,yes,6413.544631559054,4372.598484263835,3782.276,4505.971,723.6949999999997,COMPLETED,0,0,0
Person_4707,Person_4707_1,working,walking,home,8020.901297555459,3836.381827637293,university,5872.083656560459,2982.14688861395,2.88,4505.971,4503.090999999999,COMPLETED,0,0,0
Person_2453,Person_2453_1,working,train,home,9193.55144975652,3470.424441771684,,8351.70415135049,2763.8378920000764,242.014,4511.365,4269.351,COMPLETED,0,0,0
Person_7512,Person_7512_1,working,car,home,10159.910029921817,195.30711077929786,university,6839.399852089795,3585.511730890991,3962.076,4514.062,551.9859999999999,COMPLETED,0,0,0
Person_8231,Person_8231_1,working,car,home,10159.910029921817,195.30711077929786,industrial,5444.338246874187,4188.887590035954,4381.909,4516.759,134.85000000000036,COMPLETED,0,0,0
Person_8018,Person_8018_1,working,car,home,7545.91763084612,1874.7084230943908,university,6753.286006283763,3714.7935438899995,3962.076,4518.557,556.4809999999998,COMPLETED,0,0,0
Person_6072,Person_6072_1,working,train,home,10159.910029921817,195.30711077929786,train_station,7903.079310116366,3187.477460001197,4442.142,4521.254,79.11200000000008,COMPLETED,0,0,0
Person_9573,Person_9573_1,working,train,home,10159.910029921817,195.30711077929786,train_station,7068.802730487755,2898.605398466998,4442.142,4521.254,79.11200000000008,COMPLETED,0,0,0
Person_1044,Person_1044_1,working,car,home,8479.037712510019,2617.2420242132434,city,10159.910029921817,195.30711077929786,4502.375,4521.254,18.878999999999905,COMPLETED,0,0,0
Person_4138,Person_4138_1,working,walking,home,8397.801433357994,3593.157400657033,university,5872.083656560459,2982.14688861395,482.047,4521.254,4039.207,COMPLETED,0,0,0
Person_3447,Person_3447_1,working,train,home,7613.270179667528,3982.1333210524626,,6383.066520287023,4062.6484057004186,2.88,4522.153,4519.273,COMPLETED,0,0,0
Person_8262,Person_8262_1,working,car,home,7903.079310116366,3187.477460001197,city,10159.910029921817,195.30711077929786,4502.375,4523.052,20.67699999999968,COMPLETED,0,0,0
Person_432,Person_432_1,working,car,home,8250.144124753644,4715.614193648775,city,10159.910029921817,195.30711077929786,4502.375,4524.85,22.475000000000364,COMPLETED,0,0,0
Person_2104,Person_2104_1,working,car,home,10159.910029921817,195.30711077929786,yes,8539.79515115731,1063.2310006100024,4502.375,4525.749,23.373999999999796,COMPLETED,0,0,0
Person_1864,Person_1864_1,working,car,home,10159.910029921817,195.30711077929786,yes,8526.557302254427,1046.2372609259855,4202.109,4527.547,325.4379999999992,COMPLETED,0,0,0
Person_2331,Person_2331_1,working,car,home,8338.646844392764,3272.618961856206,city,10159.910029921817,195.30711077929786,4442.142,4527.547,85.40499999999975,COMPLETED,0,0,0
Person_8297,Person_8297_1,working,car,home,7095.578507701704,3872.4637090333954,city,10159.910029921817,195.30711077929786,4502.375,4527.547,25.17199999999957,COMPLETED,0,0,0
Person_6152,Person_6152_1,working,car,home,10159.910029921817,195.30711077929786,retail,8302.044081579237,3394.6077478685283,4502.375,4530.244,27.868999999999687,COMPLETED,0,0,0
Person_6628,Person_6628_1,working,car,home,10159.910029921817,195.30711077929786,yes,6314.922512502759,3545.9260304252807,3782.276,4531.143,748.8670000000002,COMPLETED,0,0,0
Person_3642,Person_3642_1,working,car,home,5736.540299950031,3080.517743199378,city,10159.910029921817,195.30711077929786,4502.375,4532.042,29.66700000000037,COMPLETED,0,0,0
Person_5957,Person_5957_1,working,car,home,7015.6533647750575,2077.3518910920893,university,5901.5627362491805,2994.702412765903,4202.109,4534.739,332.6299999999992,COMPLETED,0,0,0
Person_2167,Person_2167_1,working,car,home,5493.720233262264,2312.124327444531,university,8680.422548567441,1236.9101943957473,3722.043,4535.638,813.5949999999998,COMPLETED,0,0,0
Person_3522,Person_3522_1,working,car,home,126.82488358348685,4319.6356930350885,yes,5631.001052225626,911.5113887632249,4022.309,4536.537,514.2280000000001,COMPLETED,0,0,0
Person_6879,Person_6879_1,working,car,home,10159.910029921817,195.30711077929786,yes,4231.9741532488315,2095.356736337408,4502.375,4537.436,35.060999999999694,COMPLETED,0,0,0
Person_3842,Person_3842_1,working,car,home,5119.287755900276,1087.5143312143798,university,5901.5627362491805,2994.702412765903,4082.542,4541.032,458.49000000000024,COMPLETED,0,0,0
Person_755,Person_755_1,working,car,home,8054.470270429345,3087.276132000083,university,6980.17060882167,3727.0047244733337,4502.375,4541.931,39.555999999999585,COMPLETED,0,0,0
Person_2821,Person_2821_1,working,car,home,8871.121395958286,2486.472708719973,city,10159.910029921817,195.30711077929786,4022.309,4549.123,526.8139999999994,COMPLETED,0,0,0
Person_2489,Person_2489_1,working,train,home,8583.619993323875,2895.6281801252653,,8351.70415135049,2763.8378920000764,4262.342,4550.022,287.6800000000003,COMPLETED,0,0,0
Person_1703,Person_1703_1,working,car,home,6108.8101637981135,2595.2054915200647,city,10159.910029921817,195.30711077929786,4322.575,4550.921,228.34600000000046,COMPLETED,0,0,0
Person_2661,Person_2661_1,working,car,home,6257.076784572653,2786.840599982781,city,8982.539674594882,6224.04271922478,3782.276,4551.82,769.5439999999999,COMPLETED,0,0,0
Person_7121,Person_7121_1,working,car,home,5729.471711464293,4873.075842074327,kindergarten,7829.653627273629,4416.211188657,3962.076,4553.618,591.5420000000004,COMPLETED,0,0,0
Person_9327,Person_9327_1,working,car,home,7406.076308468657,3758.381039551809,city,10159.910029921817,195.30711077929786,3722.043,4560.81,838.7670000000003,COMPLETED,0,0,0
Person_8484,Person_8484_1,working,walking,home,5626.253366410664,751.7232619642068,university,6839.399852089795,3585.511730890991,4562.608,4562.608,0.0,COMPLETED,0,0,0
Person_4924,Person_4924_1,working,car,home,8316.025809868719,2856.967462112087,city,10159.910029921817,195.30711077929786,4502.375,4564.406,62.03099999999995,COMPLETED,0,0,0
Person_5985,Person_5985_1,working,train,home,8255.417371119212,3203.890483229834,,8351.70415135049,2763.8378920000764,4082.542,4566.204,483.6619999999998,COMPLETED,0,0,0
Person_9924,Person_9924_1,working,car,home,126.82488358348685,4319.6356930350885,yes,7390.940645075235,3461.2016417973755,4202.109,4567.103,364.9939999999997,COMPLETED,0,0,0
Person_970,Person_970_1,working,car,home,5156.238106682808,5101.867634644293,university,6897.893782272236,3752.9120240344228,4502.375,4568.901,66.52599999999984,COMPLETED,0,0,0
Person_1260,Person_1260_1,working,car,home,7721.639545029998,5389.848606346455,university,6897.893782272236,3752.9120240344228,4262.342,4570.699,308.35699999999997,COMPLETED,0,0,0
Person_8197,Person_8197_1,working,car,home,4771.159705068488,7798.325282355149,university,6980.17060882167,3727.0047244733337,3842.509,4575.194,732.6850000000004,COMPLETED,0,0,0
Person_7267,Person_7267_1,working,car,home,10159.910029921817,195.30711077929786,university,6451.821586100195,3200.551272926657,4381.909,4576.992,195.08300000000054,COMPLETED,0,0,0
Person_5962,Person_5962_1,working,car,home,10159.910029921817,195.30711077929786,yes,6394.508346720129,3641.4505393127465,4322.575,4579.689,257.1140000000005,COMPLETED,0,0,0
Person_3269,Person_3269_1,working,car,home,7948.725790986424,3103.158574117059,city,10159.910029921817,195.30711077929786,4381.909,4580.588,198.6790000000001,COMPLETED,0,0,0
Person_5395,Person_5395_1,working,car,home,5613.060819934718,870.2617986036004,city,10159.910029921817,195.30711077929786,4502.375,4580.588,78.21299999999974,COMPLETED,0,0,0
Person_9822,Person_9822_1,working,car,home,7947.493538257055,2536.5740249677297,school,7526.775593773133,4035.0478456201936,3902.742,4582.386,679.6440000000002,COMPLETED,0,0,0
Person_3982,Person_3982_1,working,car,home,8982.539674594882,6224.04271922478,yes,7259.811150259056,3821.1141270658222,4262.342,4583.285,320.9430000000002,COMPLETED,0,0,0
Person_4928,Person_4928_1,working,car,home,4065.2060983642004,1289.6729660000035,yes,7674.404844276162,4945.146508675218,4562.608,4585.982,23.373999999999796,COMPLETED,0,0,0
Person_2648,Person_2648_1,working,car,home,6121.1563921065745,2202.3726613073272,city,10159.910029921817,195.30711077929786,4562.608,4590.477,27.868999999999687,COMPLETED,0,0,0
Person_7173,Person_7173_1,working,car,home,7113.314589194261,2035.0896251096335,city,10159.910029921817,195.30711077929786,4262.342,4594.073,331.7310000000007,COMPLETED,0,0,0
Person_8033,Person_8033_1,working,car,home,4483.07339037213,5732.676508971556,university,6897.893782272236,3752.9120240344228,4262.342,4594.073,331.7310000000007,COMPLETED,0,0,0
Person_7824,Person_7824_1,working,car,home,8160.503240034939,3398.6599601537505,city,10159.910029921817,195.30711077929786,4322.575,4595.871,273.2960000000003,COMPLETED,0,0,0
Person_9908,Person_9908_1,working,car,home,10159.910029921817,195.30711077929786,yes,5512.8905565120485,871.3013626612587,3962.076,4597.669,635.5929999999998,COMPLETED,0,0,0
Person_4050,Person_4050_1,working,car,home,10159.910029921817,195.30711077929786,yes,6773.239938569439,4208.838087719764,4022.309,4599.467,577.1579999999994,COMPLETED,0,0,0
Person_1356,Person_1356_1,working,train,home,6079.313459697594,2556.609129388782,,6383.066520287023,4062.6484057004186,1322.612,4600.366,3277.754,COMPLETED,0,0,0
Person_7406,Person_7406_1,working,car,home,6063.0418874381585,5566.106997219513,city,10159.910029921817,195.30711077929786,4502.375,4601.265,98.89000000000033,COMPLETED,0,0,0
Person_5068,Person_5068_1,working,car,home,5754.865097301471,2318.5523169257103,city,10159.910029921817,195.30711077929786,4082.542,4603.063,520.5210000000002,COMPLETED,0,0,0
Person_4899,Person_4899_1,working,train,home,7925.027391515089,2894.7285598619724,,8351.70415135049,2763.8378920000764,3602.476,4603.063,1000.587,COMPLETED,0,0,0
Person_3081,Person_3081_1,working,car,home,5086.557661805221,1027.3124041337794,university,5908.061135515454,2983.961702940033,4082.542,4605.76,523.2180000000003,COMPLETED,0,0,0
Person_6740,Person_6740_1,working,car,home,7317.190024203812,4120.214443020629,city,10159.910029921817,195.30711077929786,4442.142,4605.76,163.6180000000004,COMPLETED,0,0,0
Person_2411,Person_2411_1,working,train,home,6495.7892110936755,4362.037501017925,,6383.066520287023,4062.6484057004186,3842.509,4608.457,765.9480000000003,COMPLETED,0,0,0
Person_6108,Person_6108_1,working,car,home,10159.910029921817,195.30711077929786,industrial,7177.6732383729495,5347.817290763428,3842.509,4609.356,766.8469999999998,COMPLETED,0,0,0
Person_2341,Person_2341_1,working,car,home,10159.910029921817,195.30711077929786,yes,8468.628067282889,1378.0195143290266,4082.542,4612.053,529.511,COMPLETED,0,0,0
Person_7602,Person_7602_1,working,car,home,5657.292111202177,4715.215551032183,city,10159.910029921817,195.30711077929786,4562.608,4612.952,50.34400000000005,COMPLETED,0,0,0
Person_2416,Person_2416_1,working,car,home,4065.2060983642004,1289.6729660000035,yes,6507.7970934871555,3692.3882833965495,3782.276,4613.851,831.5749999999998,COMPLETED,0,0,0
Person_7551,Person_7551_1,working,car,home,4065.2060983642004,1289.6729660000035,yes,5434.070448115308,813.2908708334942,4322.575,4620.144,297.5690000000004,COMPLETED,0,0,0
Person_1467,Person_1467_1,working,car,home,7596.160339492108,4279.573990006388,city,10159.910029921817,195.30711077929786,4502.375,4623.74,121.36499999999978,COMPLETED,0,0,0
Person_5498,Person_5498_1,working,car,home,4065.2060983642004,1289.6729660000035,university,5908.061135515454,2983.961702940033,4562.608,4625.538,62.92999999999938,COMPLETED,0,0,0
Person_8427,Person_8427_1,working,car,home,4968.109602835421,4919.579179888034,city,10159.910029921817,195.30711077929786,4202.109,4627.336,425.22699999999986,COMPLETED,0,0,0
Person_4266,Person_4266_1,working,car,home,6953.662448780445,4632.897568711406,university,6897.893782272236,3752.9120240344228,4322.575,4630.932,308.35699999999997,COMPLETED,0,0,0
Person_1810,Person_1810_1,working,walking,home,5626.852669113541,4773.147924628157,university,6753.286006283763,3714.7935438899995,422.713,4630.932,4208.219,COMPLETED,0,0,0
Person_152,Person_152_1,working,car,home,4501.422964076865,5894.8719664905775,kindergarten,6894.377262739245,4562.107792110269,3902.742,4631.831,729.0889999999999,COMPLETED,0,0,0
Person_2726,Person_2726_1,working,car,home,812.749230267771,6686.310237051298,yes,6384.628922125158,4588.239654153332,3902.742,4631.831,729.0889999999999,COMPLETED,0,0,0
Person_821,Person_821_1,working,car,home,7977.458975950783,3444.9910783108744,city,10159.910029921817,195.30711077929786,4381.909,4632.73,250.8209999999999,COMPLETED,0,0,0
Person_1528,Person_1528_1,working,car,home,4771.159705068488,7798.325282355149,school,8499.036194378996,3962.126999265153,4621.942,4632.73,10.787999999999556,COMPLETED,0,0,0
Person_5033,Person_5033_1,working,car,home,7692.967827294921,5402.779313693001,university,6897.893782272236,3752.9120240344228,4142.775,4638.124,495.34900000000016,COMPLETED,0,0,0
Person_5735,Person_5735_1,working,car,home,6187.481912671829,2809.9036722069827,city,10159.910029921817,195.30711077929786,4381.909,4639.922,258.0129999999999,COMPLETED,0,0,0
Person_1304,Person_1304_1,working,car,home,8025.338301558638,3343.2338088358492,city,10159.910029921817,195.30711077929786,4621.942,4646.215,24.27300000000014,COMPLETED,0,0,0
Person_1479,Person_1479_1,working,car,home,5158.596645896562,2518.221290021055,university,8680.422548567441,1236.9101943957473,4202.109,4650.71,448.60099999999966,COMPLETED,0,0,0
Person_6382,Person_6382_1,working,car,home,6674.663799265515,4039.680950291403,school,7714.99434024055,4316.181996257846,4202.109,4650.71,448.60099999999966,COMPLETED,0,0,0
Person_916,Person_916_1,working,car,home,7962.56835161945,2870.4103265404738,city,10159.910029921817,195.30711077929786,4262.342,4652.508,390.16600000000017,COMPLETED,0,0,0
Person_9196,Person_9196_1,working,car,home,126.82488358348685,4319.6356930350885,university,5901.5627362491805,2994.702412765903,4442.142,4652.508,210.36599999999999,COMPLETED,0,0,0
Person_2666,Person_2666_1,working,car,home,7366.157914355959,3531.2428568450796,city,10159.910029921817,195.30711077929786,4621.942,4652.508,30.565999999999804,COMPLETED,0,0,0
Person_6730,Person_6730_1,working,car,home,10159.910029921817,195.30711077929786,yes,6969.997338813025,4076.052795740294,3962.076,4653.407,691.3310000000001,COMPLETED,0,0,0
Person_7353,Person_7353_1,working,walking,home,5744.90071056202,4883.976408165716,school,8341.16750359266,4024.570741664971,1141.913,4653.407,3511.494,COMPLETED,0,0,0
Person_2874,Person_2874_1,working,car,home,6301.976064577209,3730.616426836281,university,6897.893782272236,3752.9120240344228,4082.542,4657.902,575.3600000000001,COMPLETED,0,0,0
Person_7426,Person_7426_1,working,car,home,8982.539674594882,6224.04271922478,yes,5686.418205262921,4556.627026690281,4621.942,4661.498,39.555999999999585,COMPLETED,0,0,0
Person_8065,Person_8065_1,working,car,home,5543.719242516532,1004.5618249005311,city,8982.539674594882,6224.04271922478,3902.742,4664.195,761.4529999999995,COMPLETED,0,0,0
Person_4387,Person_4387_1,working,car,home,7615.02376321483,3687.84599625596,city,10159.910029921817,195.30711077929786,4621.942,4664.195,42.2529999999997,COMPLETED,0,0,0
Person_863,Person_863_1,working,car,home,8689.915455905832,951.2570630061113,university,6839.399852089795,3585.511730890991,3962.076,4665.094,703.018,COMPLETED,0,0,0
Person_275,Person_275_1,working,car,home,10159.910029921817,195.30711077929786,yes,7873.109902700423,5065.227953107921,3602.476,4665.993,1063.5170000000003,COMPLETED,0,0,0
Person_1721,Person_1721_1,working,car,home,7699.338082882644,3849.314249456078,university,6753.286006283763,3714.7935438899995,4202.109,4667.791,465.6819999999998,COMPLETED,0,0,0
Person_8438,Person_8438_1,working,car,home,6673.449070925769,4686.880345451786,university,6897.893782272236,3752.9120240344228,4262.342,4673.185,410.84300000000076,COMPLETED,0,0,0
Person_8826,Person_8826_1,working,car,home,7551.911632241162,3566.254771600528,city,10159.910029921817,195.30711077929786,4502.375,4674.084,171.70899999999983,COMPLETED,0,0,0
Person_2686,Person_2686_1,working,car,home,5065.052136969429,1011.6721013814531,university,8680.422548567441,1236.9101943957473,3662.709,4676.781,1014.0720000000001,COMPLETED,0,0,0
Person_9064,Person_9064_1,working,car,home,10159.910029921817,195.30711077929786,yes,9427.815589581845,3182.2343007896334,4621.942,4681.276,59.33399999999983,COMPLETED,0,0,0
Person_7255,Person_7255_1,working,walking,home,6322.817090171927,2836.124901773614,university,6980.17060882167,3727.0047244733337,4682.175,4682.175,0.0,COMPLETED,0,0,0
Person_9483,Person_9483_1,working,car,home,10159.910029921817,195.30711077929786,yes,6763.6738788891125,3108.3753157479414,4442.142,4684.872,242.73000000000047,COMPLETED,0,0,0
Person_5470,Person_5470_1,working,car,home,10159.910029921817,195.30711077929786,yes,2488.6470704888443,4210.0986357891115,4082.542,4686.67,604.1280000000002,COMPLETED,0,0,0
Person_3945,Person_3945_1,working,train,home,6504.622905461624,4230.321509724982,,6383.066520287023,4062.6484057004186,3722.043,4688.468,966.4249999999997,COMPLETED,0,0,0
Person_191,Person_191_1,working,car,home,7070.136477488377,3882.571225414198,city,10159.910029921817,195.30711077929786,4502.375,4692.963,190.58799999999974,COMPLETED,0,0,0
Person_9732,Person_9732_1,working,car,home,10159.910029921817,195.30711077929786,yes,5412.969088589926,920.4582951912146,4262.342,4695.66,433.3180000000002,COMPLETED,0,0,0
Person_528,Person_528_1,working,car,home,6301.976064577209,3730.616426836281,city,10159.910029921817,195.30711077929786,3722.043,4697.458,975.4149999999995,COMPLETED,0,0,0
Person_4586,Person_4586_1,working,car,home,6479.929679620537,4046.2839778460684,university,6850.81127161198,3522.934095561738,3902.742,4698.357,795.6149999999998,COMPLETED,0,0,0
Person_5350,Person_5350_1,working,car,home,10159.910029921817,195.30711077929786,school,7714.99434024055,4316.181996257846,4442.142,4698.357,256.21500000000015,COMPLETED,0,0,0
Person_1365,Person_1365_1,working,car,home,10159.910029921817,195.30711077929786,yes,5839.5815226073055,3707.9573056632726,4562.608,4698.357,135.7489999999998,COMPLETED,0,0,0
Person_3526,Person_3526_1,working,car,home,8982.539674594882,6224.04271922478,university,6451.821586100195,3200.551272926657,3722.043,4700.155,978.1119999999996,COMPLETED,0,0,0
Person_7339,Person_7339_1,working,car,home,6763.001159244984,5135.777760283317,city,10159.910029921817,195.30711077929786,4502.375,4700.155,197.77999999999975,COMPLETED,0,0,0
Person_6254,Person_6254_1,working,car,home,4065.2060983642004,1289.6729660000035,yes,5944.722112741207,917.2966062172384,4442.142,4701.054,258.91200000000026,COMPLETED,0,0,0
Person_4751,Person_4751_1,working,car,home,8071.728024525576,3835.665457489291,kindergarten,9080.274888624233,2485.4357551968696,4381.909,4702.852,320.9430000000002,COMPLETED,0,0,0
Person_9750,Person_9750_1,working,car,home,10159.910029921817,195.30711077929786,yes,8238.277184776114,4872.608019605584,4682.175,4702.852,20.67699999999968,COMPLETED,0,0,0
Person_6595,Person_6595_1,working,walking,home,6889.812728401524,4027.1358135109454,university,6850.81127161198,3522.934095561738,3962.076,4702.852,740.7759999999998,COMPLETED,0,0,0
Person_2965,Person_2965_1,working,car,home,8812.265773369603,2639.764437326557,city,10159.910029921817,195.30711077929786,4682.175,4703.751,21.576000000000022,COMPLETED,0,0,0
Person_3599,Person_3599_1,working,car,home,10159.910029921817,195.30711077929786,university,5872.083656560459,2982.14688861395,3902.742,4712.741,809.9989999999998,COMPLETED,0,0,0
Person_2542,Person_2542_1,working,car,home,10159.910029921817,195.30711077929786,university,5908.061135515454,2983.961702940033,4682.175,4712.741,30.565999999999804,COMPLETED,0,0,0
Person_555,Person_555_1,working,car,home,10159.910029921817,195.30711077929786,warehouse,5008.761159852772,4070.249400483963,4202.109,4714.539,512.4299999999994,COMPLETED,0,0,0
Person_4450,Person_4450_1,working,car,home,6837.680159788419,2782.985363145725,university,6897.893782272236,3752.9120240344228,4502.375,4714.539,212.16399999999976,COMPLETED,0,0,0
Person_1904,Person_1904_1,working,car,home,8324.2662785578,3199.1781560868017,city,10159.910029921817,195.30711077929786,4682.175,4714.539,32.36399999999958,COMPLETED,0,0,0
Person_9062,Person_9062_1,working,car,home,5996.097040576618,2685.030938413481,city,10159.910029921817,195.30711077929786,4682.175,4715.438,33.26299999999992,COMPLETED,0,0,0
Person_7777,Person_7777_1,working,car,home,6224.348865849533,2219.737046109243,city,10159.910029921817,195.30711077929786,4682.175,4716.337,34.16200000000026,COMPLETED,0,0,0
Person_9187,Person_9187_1,working,car,home,5697.836167507957,4990.415489159327,university,5901.5627362491805,2994.702412765903,4082.542,4719.034,636.4919999999997,COMPLETED,0,0,0
Person_1058,Person_1058_1,working,car,home,4771.159705068488,7798.325282355149,yes,6298.134156638382,3589.223491054247,4202.109,4722.63,520.5209999999997,COMPLETED,0,0,0
Person_4336,Person_4336_1,working,car,home,10159.910029921817,195.30711077929786,yes,5566.448622634508,759.0582324605919,4142.775,4725.327,582.5520000000006,COMPLETED,0,0,0
Person_6582,Person_6582_1,working,car,home,5492.047866864446,682.9950472943029,city,10159.910029921817,195.30711077929786,4682.175,4726.226,44.050999999999476,COMPLETED,0,0,0
Person_5869,Person_5869_1,working,car,home,10159.910029921817,195.30711077929786,yes,8497.91835080842,2976.2414438119936,4202.109,4728.024,525.915,COMPLETED,0,0,0
Person_8238,Person_8238_1,working,car,home,7180.92879822597,4117.611044935329,city,10159.910029921817,195.30711077929786,4621.942,4728.024,106.08200000000033,COMPLETED,0,0,0
Person_5584,Person_5584_1,working,car,home,7940.83991567319,3074.1856669994004,city,8982.539674594882,6224.04271922478,3842.509,4731.62,889.1109999999999,COMPLETED,0,0,0
Person_1775,Person_1775_1,working,car,home,10159.910029921817,195.30711077929786,yes,5552.259380813247,965.3032867525395,4202.109,4731.62,529.5109999999995,COMPLETED,0,0,0
Person_2990,Person_2990_1,working,car,home,7761.031241049349,4976.01764552771,school,8066.96736046926,3765.4305194914455,4142.775,4736.115,593.3400000000001,COMPLETED,0,0,0
Person_5117,Person_5117_1,working,car,home,10159.910029921817,195.30711077929786,yes,7008.510006642921,3656.9975327487596,4621.942,4737.913,115.97099999999955,COMPLETED,0,0,0
Person_4828,Person_4828_1,working,walking,home,8164.868578839777,3573.197038590852,school,9073.502899488896,3567.523879519276,2.88,4737.913,4735.032999999999,COMPLETED,0,0,0
Person_7204,Person_7204_1,working,car,home,4065.2060983642004,1289.6729660000035,yes,7284.160182672764,4060.3510122985476,4202.109,4738.812,536.7029999999995,COMPLETED,0,0,0
Person_5258,Person_5258_1,working,car,home,8197.94831446867,3892.7512431940722,city,10159.910029921817,195.30711077929786,4621.942,4743.307,121.36499999999978,COMPLETED,0,0,0
Person_9887,Person_9887_1,working,car,home,6071.02048765632,3717.6132628521013,city,10159.910029921817,195.30711077929786,4502.375,4746.903,244.52800000000025,COMPLETED,0,0,0
Person_1883,Person_1883_1,working,car,home,8011.15392212224,3909.0093833081505,city,10159.910029921817,195.30711077929786,4682.175,4747.802,65.6269999999995,COMPLETED,0,0,0
Person_4496,Person_4496_1,working,car,home,126.82488358348685,4319.6356930350885,yes,6536.562012350028,4132.386658733924,3842.509,4748.701,906.192,COMPLETED,0,0,0
Person_6857,Person_6857_1,working,car,home,10159.910029921817,195.30711077929786,university,5901.5627362491805,2994.702412765903,4082.542,4748.701,666.1590000000001,COMPLETED,0,0,0
Person_9795,Person_9795_1,working,train,home,6215.787969667898,3552.0705921377257,,6383.066520287023,4062.6484057004186,3842.509,4748.701,906.192,COMPLETED,0,0,0
Person_1616,Person_1616_1,working,car,home,10159.910029921817,195.30711077929786,yes,9004.873419950565,3246.0800205325263,3962.076,4749.6,787.5240000000003,COMPLETED,0,0,0
Person_9888,Person_9888_1,working,car,home,6071.02048765632,3717.6132628521013,city,10159.910029921817,195.30711077929786,4502.375,4750.499,248.1239999999998,COMPLETED,0,0,0
Person_2537,Person_2537_1,working,car,home,10159.910029921817,195.30711077929786,university,6980.17060882167,3727.0047244733337,4202.109,4755.893,553.7839999999997,COMPLETED,0,0,0
Person_8667,Person_8667_1,working,car,home,6448.818771696015,4317.362617110152,university,6897.893782272236,3752.9120240344228,4381.909,4768.479,386.5700000000006,COMPLETED,0,0,0
Person_1755,Person_1755_1,working,car,home,5786.599986817128,903.6201022870112,city,10159.910029921817,195.30711077929786,4682.175,4768.479,86.30400000000009,COMPLETED,0,0,0
Person_5819,Person_5819_1,working,car,home,7411.71954522111,3164.3051618203685,city,10159.910029921817,195.30711077929786,4742.408,4769.378,26.969999999999345,COMPLETED,0,0,0
Person_3342,Person_3342_1,working,car,home,6348.755929152439,4368.3367314448205,university,5908.061135515454,2983.961702940033,4682.175,4770.277,88.10199999999986,COMPLETED,0,0,0
Person_9143,Person_9143_1,working,car,home,7838.53752072544,5032.183057890882,city,8982.539674594882,6224.04271922478,3842.509,4771.176,928.6670000000004,COMPLETED,0,0,0
Person_5041,Person_5041_1,working,car,home,4771.159705068488,7798.325282355149,school,6873.238070694492,3804.348267428833,4742.408,4773.873,31.464999999999236,COMPLETED,0,0,0
Person_2842,Person_2842_1,working,car,home,5894.380443400159,2639.7074685804823,city,10159.910029921817,195.30711077929786,4562.608,4774.772,212.16399999999976,COMPLETED,0,0,0
Person_4444,Person_4444_1,working,car,home,8072.518063734796,2867.6763305368913,city,8982.539674594882,6224.04271922478,4742.408,4774.772,32.36399999999958,COMPLETED,0,0,0
Person_5975,Person_5975_1,working,train,home,8512.489397407373,3063.644048426881,,8351.70415135049,2763.8378920000764,4022.309,4774.772,752.4629999999997,COMPLETED,0,0,0
Person_1828,Person_1828_1,working,car,home,6480.388261116975,3497.559948136768,university,6753.286006283763,3714.7935438899995,4742.408,4776.57,34.16199999999935,COMPLETED,0,0,0
Person_2734,Person_2734_1,working,car,home,126.82488358348685,4319.6356930350885,university,6451.821586100195,3200.551272926657,3602.476,4777.469,1174.993,COMPLETED,0,0,0
Person_9829,Person_9829_1,working,car,home,8686.284517263537,1033.6676873256806,city,10159.910029921817,195.30711077929786,4742.408,4778.368,35.960000000000036,COMPLETED,0,0,0
Person_1501,Person_1501_1,working,walking,home,7849.625155333954,3121.82938554597,kindergarten,8814.275893347078,2600.603644607052,1621.979,4778.368,3156.389,COMPLETED,0,0,0
Person_547,Person_547_1,working,car,home,8184.24151179531,3789.3889547189806,school,8736.543901314471,2818.0307806824885,4562.608,4781.964,219.35599999999977,COMPLETED,0,0,0
Person_6757,Person_6757_1,working,car,home,7865.016774111744,5326.698789113818,university,5887.791508799354,2982.146731596164,3782.276,4787.358,1005.0820000000003,COMPLETED,0,0,0
Person_9511,Person_9511_1,working,car,home,10159.910029921817,195.30711077929786,yes,5109.553882945416,5814.183803997176,3902.742,4787.358,884.616,COMPLETED,0,0,0
Person_4139,Person_4139_1,working,car,home,8397.801433357994,3593.157400657033,university,8680.422548567441,1236.9101943957473,4022.309,4787.358,765.049,COMPLETED,0,0,0
Person_3705,Person_3705_1,working,car,home,6456.127504293886,4362.595151481532,city,10159.910029921817,195.30711077929786,4322.575,4787.358,464.78300000000036,COMPLETED,0,0,0
Person_9055,Person_9055_1,working,car,home,6372.490554936575,4448.708005109362,university,6451.821586100195,3200.551272926657,4202.109,4790.954,588.8449999999993,COMPLETED,0,0,0
Person_4704,Person_4704_1,working,car,home,10159.910029921817,195.30711077929786,school,7986.113893908355,4246.609318443733,3902.742,4793.651,890.9089999999997,COMPLETED,0,0,0
Person_1797,Person_1797_1,working,car,home,126.82488358348685,4319.6356930350885,yes,5071.275305894408,5767.815508176626,4022.309,4797.247,774.9380000000001,COMPLETED,0,0,0
Person_9722,Person_9722_1,working,car,home,6307.007116305123,4407.453725825244,city,10159.910029921817,195.30711077929786,4742.408,4797.247,54.83899999999994,COMPLETED,0,0,0
Person_9463,Person_9463_1,working,car,home,8256.577895799226,3664.9257608219455,city,10159.910029921817,195.30711077929786,4562.608,4803.54,240.9319999999998,COMPLETED,0,0,0
Person_6029,Person_6029_1,working,car,home,7157.572658587633,4522.347744105929,university,6980.17060882167,3727.0047244733337,4621.942,4808.934,186.9920000000002,COMPLETED,0,0,0
Person_3909,Person_3909_1,working,car,home,10159.910029921817,195.30711077929786,university,8640.52148904632,1242.1470644446506,4682.175,4809.833,127.65799999999945,COMPLETED,0,0,0
Person_2367,Person_2367_1,working,train,home,8194.60114726768,3666.7068369493945,,8351.70415135049,2763.8378920000764,1682.212,4809.833,3127.6209999999996,COMPLETED,0,0,0
Person_7309,Person_7309_1,working,car,home,8860.967175188276,2583.8116613105476,unknown,8860.967175188276,2583.8116613105476,2.88,4810.732,4807.852,ABORTED_BREAKDOWN,0,0,0
Person_161,Person_161_1,working,train,home,10159.910029921817,195.30711077929786,industrial,4110.938856920013,1537.8601875357256,4502.375,4810.732,308.35699999999997,COMPLETED,0,0,0
Person_3794,Person_3794_1,working,train,home,10159.910029921817,195.30711077929786,yes,6702.114535963981,4164.8788755828555,4502.375,4810.732,308.35699999999997,COMPLETED,0,0,0
Person_4464,Person_4464_1,working,train,home,10159.910029921817,195.30711077929786,university,5887.791508799354,2982.146731596164,4502.375,4810.732,308.35699999999997,COMPLETED,0,0,0
Person_2639,Person_2639_1,working,car,home,10159.910029921817,195.30711077929786,yes,6483.37352603736,3704.7053425737927,3602.476,4812.53,1210.0539999999996,COMPLETED,0,0,0
Person_157,Person_157_1,working,car,home,3278.56116402224,5904.637161690636,city,10159.910029921817,195.30711077929786,4682.175,4813.429,131.2539999999999,COMPLETED,0,0,0
Person_1840,Person_1840_1,working,car,home,7766.153329815699,3188.450702704045,city,10159.910029921817,195.30711077929786,4802.641,4813.429,10.788000000000466,COMPLETED,0,0,0
Person_6551,Person_6551_1,working,car,home,5825.860188978328,4779.627017105839,university,5872.083656560459,2982.14688861395,3662.709,4814.328,1151.6190000000006,COMPLETED,0,0,0
Person_1446,Person_1446_1,working,car,home,4771.159705068488,7798.325282355149,yes,6315.502383393626,3754.5481522630444,4742.408,4814.328,71.92000000000007,COMPLETED,0,0,0
Person_2026,Person_2026_1,working,car,home,10159.910029921817,195.30711077929786,yes,5901.6021624736595,890.7023041537869,4742.408,4818.823,76.41499999999996,COMPLETED,0,0,0
Person_2748,Person_2748_1,working,car,home,6401.7073513011865,4453.822055487786,city,10159.910029921817,195.30711077929786,4682.175,4819.722,137.54699999999957,COMPLETED,0,0,0
Person_7466,Person_7466_1,working,car,home,4771.159705068488,7798.325282355149,yes,7285.496547606232,3604.813011182496,4022.309,4821.52,799.2110000000002,COMPLETED,0,0,0
Person_4826,Person_4826_1,working,car,home,10159.910029921817,195.30711077929786,school,6228.590221566115,4781.895669395267,3902.742,4822.419,919.6769999999997,COMPLETED,0,0,0
Person_2696,Person_2696_1,working,car,home,6661.18636836302,3068.7974912060135,city,8982.539674594882,6224.04271922478,4742.408,4822.419,80.01099999999951,COMPLETED,0,0,0
Person_9569,Person_9569_1,working,car,home,6619.42950769379,2201.6220800769684,university,6839.399852089795,3585.511730890991,4802.641,4822.419,19.778000000000247,COMPLETED,0,0,0
Person_3472,Person_3472_1,working,car,home,4065.2060983642004,1289.6729660000035,industrial,8121.973114618426,4774.614280075879,4802.641,4823.318,20.67700000000059,COMPLETED,0,0,0
Person_3253,Person_3253_1,working,car,home,10159.910029921817,195.30711077929786,university,8640.52148904632,1242.1470644446506,3662.709,4826.015,1163.3060000000005,COMPLETED,0,0,0
Person_5611,Person_5611_1,working,train,home,6215.487927768052,3651.184819314587,,6383.066520287023,4062.6484057004186,3902.742,4827.813,925.0709999999999,COMPLETED,0,0,0
Person_6311,Person_6311_1,working,car,home,6279.264481054667,2871.317023797676,city,4771.159705068488,7798.325282355149,4802.641,4828.712,26.071000000000822,COMPLETED,0,0,0
Person_9928,Person_9928_1,working,car,home,5109.553882945416,5814.183803997176,city,10159.910029921817,195.30711077929786,4802.641,4830.51,27.869000000000597,COMPLETED,0,0,0
Person_3323,Person_3323_1,working,car,home,10159.910029921817,195.30711077929786,yes,7883.56266585039,3214.033255397345,4742.408,4834.106,91.69799999999941,COMPLETED,0,0,0
Person_5368,Person_5368_1,working,car,home,10159.910029921817,195.30711077929786,yes,5820.573865177627,3404.0932006810694,4082.542,4835.005,752.4630000000002,COMPLETED,0,0,0
Person_3033,Person_3033_1,working,car,home,10159.910029921817,195.30711077929786,yes,6388.747541447933,7411.0790184685175,3962.076,4835.904,873.8280000000004,COMPLETED,0,0,0
Person_5883,Person_5883_1,working,car,home,8071.612263584283,3793.8337989110473,city,10159.910029921817,195.30711077929786,4502.375,4835.904,333.52900000000045,COMPLETED,0,0,0
Person_8567,Person_8567_1,working,car,home,5537.030583952298,2570.9870526361924,city,10159.910029921817,195.30711077929786,4562.608,4835.904,273.2960000000003,COMPLETED,0,0,0
Person_7217,Person_7217_1,working,car,home,8104.838616374977,2415.2153495278476,city,10159.910029921817,195.30711077929786,3602.476,4836.803,1234.3269999999998,COMPLETED,0,0,0
Person_2162,Person_2162_1,working,car,home,6298.217413852659,2802.716543602306,city,812.749230267771,6686.310237051298,3962.076,4838.601,876.5249999999996,COMPLETED,0,0,0
Person_587,Person_587_1,working,car,home,4771.159705068488,7798.325282355149,university,8640.52148904632,1242.1470644446506,3662.709,4840.399,1177.6900000000005,COMPLETED,0,0,0
Person_3161,Person_3161_1,working,car,home,5572.463896725857,1046.5487444304456,city,8982.539674594882,6224.04271922478,3842.509,4842.197,999.6880000000001,COMPLETED,0,0,0
Person_6096,Person_6096_1,working,car,home,4771.159705068488,7798.325282355149,university,6980.17060882167,3727.0047244733337,4381.909,4842.197,460.28800000000047,COMPLETED,0,0,0
Person_2878,Person_2878_1,working,car,home,4771.159705068488,7798.325282355149,retail,6593.078707249591,4595.7802305877285,4802.641,4845.793,43.152000000000044,COMPLETED,0,0,0
Person_7296,Person_7296_1,working,train,home,5230.724476291324,4951.085842438727,,5324.662215615522,5920.8056375972865,1802.678,4845.793,3043.115,COMPLETED,0,0,0
Person_369,Person_369_1,working,car,home,8444.02703628431,3641.9363836665702,city,10159.910029921817,195.30711077929786,4802.641,4850.288,47.646999999999935,COMPLETED,0,0,0
Person_6003,Person_6003_1,working,car,home,5542.566322709065,2298.2274458276947,university,5908.061135515454,2983.961702940033,4442.142,4851.187,409.0450000000001,COMPLETED,0,0,0
Person_255,Person_255_1,working,car,home,5525.456050767906,1164.248811883542,university,6839.399852089795,3585.511730890991,4442.142,4855.682,413.53999999999996,COMPLETED,0,0,0
Person_1326,Person_1326_1,working,car,home,10159.910029921817,195.30711077929786,university,6897.893782272236,3752.9120240344228,4381.909,4859.278,477.3690000000006,COMPLETED,0,0,0
Person_1876,Person_1876_1,working,car,home,6067.3086031711155,3732.9355017141565,city,10159.910029921817,195.30711077929786,4381.909,4860.177,478.26800000000003,COMPLETED,0,0,0
Person_1652,Person_1652_1,working,car,home,10159.910029921817,195.30711077929786,industrial,9317.291253213229,3983.5966656467795,4742.408,4864.672,122.26399999999921,COMPLETED,0,0,0
Person_8627,Person_8627_1,working,car,home,126.82488358348685,4319.6356930350885,kindergarten,8814.275893347078,2600.603644607052,4022.309,4870.066,847.7569999999996,COMPLETED,0,0,0
Person_6522,Person_6522_1,working,car,home,126.82488358348685,4319.6356930350885,yes,7287.463234782105,3828.1593115810583,3842.509,4870.965,1028.4560000000001,COMPLETED,0,0,0
Person_19,Person_19_1,working,train,home,6528.057614730875,4089.824112524904,,6383.066520287023,4062.6484057004186,4322.575,4876.359,553.7840000000006,COMPLETED,0,0,0
Person_6999,Person_6999_1,working,car,home,7667.009459738731,4920.531952194179,city,10159.910029921817,195.30711077929786,4802.641,4879.056,76.41499999999996,COMPLETED,0,0,0
Person_1089,Person_1089_1,working,car,home,8006.129605687884,1829.822135789141,city,10159.910029921817,195.30711077929786,4802.641,4881.753,79.11200000000008,COMPLETED,0,0,0
Person_12,Person_12_1,working,car,home,7693.814452127381,3502.0888421258155,school,9098.085856493626,3537.613979535089,4562.608,4886.248,323.6399999999994,COMPLETED,0,0,0
Person_2677,Person_2677_1,working,car,home,6424.325843442023,3688.995596268769,city,10159.910029921817,195.30711077929786,4861.975,4888.046,26.070999999999913,COMPLETED,0,0,0
Person_6648,Person_6648_1,working,car,home,6236.723066786591,2892.2742111934695,city,10159.910029921817,195.30711077929786,4861.975,4888.046,26.070999999999913,COMPLETED,0,0,0
Person_6001,Person_6001_1,working,car,home,7022.34509573869,3934.3661085841645,kindergarten,7813.595747654742,5246.369333041357,4442.142,4894.339,452.1970000000001,COMPLETED,0,0,0
Person_9450,Person_9450_1,working,car,home,5050.065328728667,5338.524972425747,city,10159.910029921817,195.30711077929786,4682.175,4894.339,212.16399999999976,COMPLETED,0,0,0
Person_9588,Person_9588_1,working,car,home,5722.20051358419,955.6756585014136,city,10159.910029921817,195.30711077929786,4262.342,4897.935,635.5930000000008,COMPLETED,0,0,0
Person_6754,Person_6754_1,working,car,home,6674.97947276595,3870.759197683268,university,5908.061135515454,2983.961702940033,4861.975,4897.935,35.960000000000036,COMPLETED,0,0,0
Person_3444,Person_3444_1,working,walking,home,7735.072229066451,4867.713564654626,university,6850.81127161198,3522.934095561738,302.247,4897.935,4595.688,COMPLETED,0,0,0
Person_4078,Person_4078_1,working,train,home,8338.646844392764,3272.618961856206,,8351.70415135049,2763.8378920000764,4082.542,4897.935,815.3930000000005,COMPLETED,0,0,0
Person_2038,Person_2038_1,working,car,home,8982.539674594882,6224.04271922478,yes,6090.918907752789,3618.0536772412397,4502.375,4899.733,397.3580000000002,COMPLETED,0,0,0
Person_5573,Person_5573_1,working,car,home,8761.74657446482,4354.894507984215,city,10159.910029921817,195.30711077929786,4861.975,4901.531,39.555999999999585,COMPLETED,0,0,0
Person_3785,Person_3785_1,working,car,home,8054.454900205431,3029.2111551566813,city,8982.539674594882,6224.04271922478,4381.909,4903.329,521.4200000000001,COMPLETED,0,0,0
Person_9585,Person_9585_1,working,car,home,6482.140301046572,4322.121818825982,city,10159.910029921817,195.30711077929786,4322.575,4906.925,584.3500000000004,COMPLETED,0,0,0
Person_6030,Person_6030_1,working,train,home,7157.572658587633,4522.347744105929,,6383.066520287023,4062.6484057004186,3662.709,4907.824,1245.1149999999998,COMPLETED,0,0,0
Person_1884,Person_1884_1,working,car,home,8011.15392212224,3909.0093833081505,city,10159.910029921817,195.30711077929786,3662.709,4909.622,1246.9130000000005,COMPLETED,0,0,0
Person_3237,Person_3237_1,working,car,home,10159.910029921817,195.30711077929786,yes,5522.319451030748,3798.4927151855954,4562.608,4909.622,347.0140000000001,COMPLETED,0,0,0
Person_7644,Person_7644_1,working,car,home,4771.159705068488,7798.325282355149,yes,5571.242615194039,4801.824126565886,4742.408,4919.511,177.10300000000007,COMPLETED,0,0,0
Person_8025,Person_8025_1,working,car,home,8387.753198391983,3652.7602013262035,city,10159.910029921817,195.30711077929786,4682.175,4920.41,238.23499999999967,COMPLETED,0,0,0
Person_8767,Person_8767_1,working,car,home,4771.159705068488,7798.325282355149,retail,7911.657726712273,4057.9821016838155,4381.909,4921.309,539.4000000000005,COMPLETED,0,0,0
Person_8811,Person_8811_1,working,car,home,8182.530644602905,3572.6563561438215,city,10159.910029921817,195.30711077929786,4742.408,4921.309,178.90099999999984,COMPLETED,0,0,0
Person_3508,Person_3508_1,working,car,home,8048.499159844131,3619.1398068877816,city,10159.910029921817,195.30711077929786,4802.641,4924.905,122.26400000000012,COMPLETED,0,0,0
Person_1927,Person_1927_1,working,car,home,8208.342607325572,4639.159431474539,university,8640.52148904632,1242.1470644446506,3602.476,4926.703,1324.2270000000003,COMPLETED,0,0,0
Person_4001,Person_4001_1,working,walking,home,7157.624235341074,4721.421273117901,school,6641.52091038261,4510.587040769736,3722.043,4926.703,1204.6600000000003,COMPLETED,0,0,0
Person_2561,Person_2561_1,working,walking,home,6118.059787131625,2919.8161686704175,school,8984.07142404157,3500.38750429968,2.88,4928.501,4925.621,COMPLETED,0,0,0
Person_8279,Person_8279_1,working,car,home,5570.340663474956,979.083948127965,city,8982.539674594882,6224.04271922478,3902.742,4929.4,1026.6579999999994,COMPLETED,0,0,0
Person_5610,Person_5610_1,working,train,home,7984.925845959499,5256.382311534491,,6383.066520287023,4062.6484057004186,662.746,4930.299,4267.553,COMPLETED,0,0,0
Person_5885,Person_5885_1,working,car,home,8038.95244339012,3030.0982208218916,city,10159.910029921817,195.30711077929786,4142.775,4932.996,790.2210000000005,COMPLETED,0,0,0
Person_9800,Person_9800_1,working,train,home,7797.96596743232,3831.0782089077834,,8351.70415135049,2763.8378920000764,1502.412,4932.996,3430.584,COMPLETED,0,0,0
Person_6338,Person_6338_1,working,car,home,8771.8155791269,884.1779759914293,university,6839.399852089795,3585.511730890991,4562.608,4935.693,373.08500000000004,COMPLETED,0,0,0
Person_6600,Person_6600_1,working,car,home,10159.910029921817,195.30711077929786,industrial,8810.879947467567,4446.975683277817,4742.408,4936.592,194.1839999999993,COMPLETED,0,0,0
Person_6231,Person_6231_1,working,car,home,7139.2526368671215,4116.721908972413,unknown,7139.2526368671215,4116.721908972413,3662.709,4938.39,1275.6810000000005,ABORTED_BREAKDOWN,0,0,0
Person_2601,Person_2601_1,working,car,home,4065.2060983642004,1289.6729660000035,yes,6508.918473021899,4370.645434899016,4082.542,4940.188,857.6460000000002,COMPLETED,0,0,0
Person_5156,Person_5156_1,working,car,home,6126.8699088677695,7215.11186798912,university,6980.17060882167,3727.0047244733337,4682.175,4940.188,258.0129999999999,COMPLETED,0,0,0
Person_4041,Person_4041_1,working,car,home,5916.116533106146,2668.8539052519836,city,10159.910029921817,195.30711077929786,4922.208,4941.087,18.879000000000815,COMPLETED,0,0,0
Person_8424,Person_8424_1,working,car,home,6799.665390374567,3144.965758734877,university,5887.791508799354,2982.146731596164,4922.208,4941.986,19.778000000000247,COMPLETED,0,0,0
Person_8321,Person_8321_1,working,car,home,7324.4944700032565,3556.7190971375117,city,10159.910029921817,195.30711077929786,4922.208,4948.279,26.071000000000822,COMPLETED,0,0,0
Person_8349,Person_8349_1,working,train,home,8583.619993323875,2895.6281801252653,,8351.70415135049,2763.8378920000764,4682.175,4949.178,267.0029999999997,COMPLETED,0,0,0
Person_209,Person_209_1,working,train,home,8860.967175188276,2583.8116613105476,,8351.70415135049,2763.8378920000764,3782.276,4950.077,1167.8010000000004,COMPLETED,0,0,0
Person_3216,Person_3216_1,working,car,home,7814.072620641945,2937.838223596505,university,6753.286006283763,3714.7935438899995,4861.975,4952.774,90.79899999999998,COMPLETED,0,0,0
Person_241,Person_241_1,working,car,home,10159.910029921817,195.30711077929786,yes,6450.157263341888,3535.777544152861,4262.342,4953.673,691.3310000000001,COMPLETED,0,0,0
Person_8922,Person_8922_1,working,train,home,7206.480100098761,4951.38647036001,,6383.066520287023,4062.6484057004186,2.88,4959.966,4957.086,COMPLETED,0,0,0
Person_5114,Person_5114_1,working,car,home,10159.910029921817,195.30711077929786,yes,6569.072082904584,3094.6892420896374,4202.109,4960.865,758.7559999999994,COMPLETED,0,0,0
Person_7740,Person_7740_1,working,car,home,6025.657536162927,3613.0315626049855,city,4771.159705068488,7798.325282355149,4381.909,4962.663,580.7539999999999,COMPLETED,0,0,0
Person_7946,Person_7946_1,working,car,home,4065.2060983642004,1289.6729660000035,yes,5240.849823683331,1022.2629992460053,3962.076,4963.562,1001.4859999999999,COMPLETED,0,0,0
Person_8434,Person_8434_1,working,car,home,5598.914690905264,849.893865762194,university,6897.893782272236,3752.9120240344228,4922.208,4964.461,42.25300000000061,COMPLETED,0,0,0
Person_9159,Person_9159_1,working,car,home,5991.502092943173,1100.8565317531156,city,8982.539674594882,6224.04271922478,4322.575,4965.36,642.7849999999999,COMPLETED,0,0,0
Person_4699,Person_4699_1,working,car,home,126.82488358348685,4319.6356930350885,yes,7218.823090778216,3898.1724244179522,4621.942,4969.855,347.91299999999956,COMPLETED,0,0,0
Person_8049,Person_8049_1,working,train,home,8861.163178677765,2638.8113910307825,,8351.70415135049,2763.8378920000764,3962.076,4969.855,1007.7789999999995,COMPLETED,0,0,0
Person_4469,Person_4469_1,working,car,home,812.749230267771,6686.310237051298,university,8680.422548567441,1236.9101943957473,4861.975,4971.653,109.67799999999988,COMPLETED,0,0,0
Person_5816,Person_5816_1,working,car,home,126.82488358348685,4319.6356930350885,yes,5568.485335499397,606.5424060957627,3962.076,4972.552,1010.4759999999997,COMPLETED,0,0,0
Person_3159,Person_3159_1,working,car,home,10159.910029921817,195.30711077929786,industrial,3991.9032392404415,1683.22959601365,4922.208,4972.552,50.34400000000005,COMPLETED,0,0,0
Person_3832,Person_3832_1,working,train,home,4573.595184645834,5818.5341090133725,,5324.662215615522,5920.8056375972865,3902.742,4976.148,1073.406,COMPLETED,0,0,0
Person_7876,Person_7876_1,working,car,home,6694.867800212709,4566.5495204158715,university,6980.17060882167,3727.0047244733337,4682.175,4977.946,295.77099999999973,COMPLETED,0,0,0
Person_7357,Person_7357_1,working,car,home,8982.539674594882,6224.04271922478,university,6839.399852089795,3585.511730890991,4142.775,4979.744,836.969,COMPLETED,0,0,0
Person_7743,Person_7743_1,working,car,home,8206.007692855846,3090.07687659447,city,10159.910029921817,195.30711077929786,4861.975,4980.643,118.66799999999967,COMPLETED,0,0,0
Person_7318,Person_7318_1,working,car,home,10159.910029921817,195.30711077929786,yes,6844.550724737313,2893.9969379134513,4802.641,4981.542,178.90100000000075,COMPLETED,0,0,0
Person_1731,Person_1731_1,working,car,home,7621.200565634576,5434.855152440541,unknown,7621.200565634576,5434.855152440541,2.88,4982.441,4979.561,ABORTED_BREAKDOWN,0,0,0
Person_7308,Person_7308_1,working,walking,home,6714.046932549196,3929.056891145951,university,6451.821586100195,3200.551272926657,4982.441,4982.441,0.0,COMPLETED,0,0,0
Person_1729,Person_1729_1,working,car,home,5911.152550401684,2911.0573839076173,university,5887.791508799354,2982.146731596164,4682.175,4986.037,303.8620000000001,COMPLETED,0,0,0
Person_2891,Person_2891_1,working,car,home,7313.50046746395,3583.7529318431884,university,6753.286006283763,3714.7935438899995,4442.142,4988.734,546.5920000000006,COMPLETED,0,0,0
Person_672,Person_672_1,working,car,home,8847.626670494945,2466.2350073893404,city,4771.159705068488,7798.325282355149,4142.775,4989.633,846.8580000000002,COMPLETED,0,0,0
Person_3491,Person_3491_1,working,car,home,4771.159705068488,7798.325282355149,retail,6593.078707249591,4595.7802305877285,4562.608,4992.33,429.72199999999975,COMPLETED,0,0,0
Person_6456,Person_6456_1,working,train,home,6577.522751954366,4095.45779486714,,6383.066520287023,4062.6484057004186,4142.775,4998.623,855.848,COMPLETED,0,0,0
Person_6658,Person_6658_1,working,car,home,7879.065301313732,5320.5395132419635,city,10159.910029921817,195.30711077929786,4982.441,5000.421,17.980000000000473,COMPLETED,0,0,0
Person_9653,Person_9653_1,working,train,home,8809.004354621582,2207.870491358582,,8351.70415135049,2763.8378920000764,1682.212,5001.32,3319.1079999999997,COMPLETED,0,0,0
Person_1581,Person_1581_1,working,car,home,8122.7906906151475,3221.9717827646436,city,10159.910029921817,195.30711077929786,4982.441,5002.219,19.778000000000247,COMPLETED,0,0,0
Person_8881,Person_8881_1,working,car,home,4771.159705068488,7798.325282355149,university,6451.821586100195,3200.551272926657,4982.441,5002.219,19.778000000000247,COMPLETED,0,0,0
Person_739,Person_739_1,working,car,home,7139.2526368671215,4116.721908972413,university,8640.52148904632,1242.1470644446506,4982.441,5003.118,20.67700000000059,COMPLETED,0,0,0
Person_100,Person_100_1,working,car,home,7859.2705267596675,5050.7629413338545,city,10159.910029921817,195.30711077929786,4861.975,5004.017,142.04199999999946,COMPLETED,0,0,0
Person_6963,Person_6963_1,working,car,home,10159.910029921817,195.30711077929786,university,5872.083656560459,2982.14688861395,4562.608,5004.916,442.308,COMPLETED,0,0,0
Person_8992,Person_8992_1,working,car,home,4771.159705068488,7798.325282355149,industrial,3934.3505801203673,1754.0249950645589,4982.441,5004.916,22.475000000000364,COMPLETED,0,0,0
Person_7790,Person_7790_1,working,car,home,7748.365420703783,3687.3580634438613,city,10159.910029921817,195.30711077929786,4982.441,5005.815,23.373999999999796,COMPLETED,0,0,0
Person_2099,Person_2099_1,working,car,home,8182.347064006608,3374.296479533065,city,10159.910029921817,195.30711077929786,4982.441,5006.714,24.27300000000014,COMPLETED,0,0,0
Person_9670,Person_9670_1,working,car,home,7659.351068016511,3853.3556337834607,city,10159.910029921817,195.30711077929786,4982.441,5006.714,24.27300000000014,COMPLETED,0,0,0
Person_2209,Person_2209_1,working,car,home,10159.910029921817,195.30711077929786,yes,6032.8971812396785,3748.767963672903,4861.975,5007.613,145.63799999999992,COMPLETED,0,0,0
Person_6574,Person_6574_1,working,car,home,9472.914884414735,3165.5363435867253,university,6850.81127161198,3522.934095561738,4381.909,5008.512,626.6030000000001,COMPLETED,0,0,0
Person_171,Person_171_1,working,train,home,8993.8619987679,3116.5834768322993,,8351.70415135049,2763.8378920000764,4142.775,5010.31,867.5350000000008,COMPLETED,0,0,0
Person_830,Person_830_1,working,car,home,6668.412472001998,4499.573945744331,city,10159.910029921817,195.30711077929786,4562.608,5011.209,448.60099999999966,COMPLETED,0,0,0
Person_1542,Person_1542_1,working,car,home,4771.159705068488,7798.325282355149,yes,5415.802922662566,5561.202640178731,4682.175,5012.108,329.933,COMPLETED,0,0,0
Person_7907,Person_7907_1,working,car,home,5572.096098373295,2653.895598549728,city,10159.910029921817,195.30711077929786,4742.408,5013.906,271.4979999999996,COMPLETED,0,0,0
Person_360,Person_360_1,working,car,home,10159.910029921817,195.30711077929786,yes,5686.839259372327,841.0419537285597,4922.208,5016.603,94.39500000000044,COMPLETED,0,0,0
Person_9891,Person_9891_1,working,car,home,5106.359127221264,986.1811628743603,school,7985.941202265277,4074.0982570155625,3902.742,5022.896,1120.1539999999995,COMPLETED,0,0,0
Person_402,Person_402_1,working,car,home,10159.910029921817,195.30711077929786,industrial,7852.848877555247,1642.6267034935595,4742.408,5024.694,282.28600000000006,COMPLETED,0,0,0
Person_4101,Person_4101_1,working,car,home,8871.431341294121,2508.3869430096033,city,10159.910029921817,195.30711077929786,4982.441,5025.593,43.152000000000044,COMPLETED,0,0,0
Person_8035,Person_8035_1,working,car,home,5597.764416132097,1025.1823358224483,university,8640.52148904632,1242.1470644446506,4861.975,5026.492,164.51699999999983,COMPLETED,0,0,0
Person_2426,Person_2426_1,working,car,home,126.82488358348685,4319.6356930350885,yes,5614.203652112576,4508.966986212388,4082.542,5028.29,945.748,COMPLETED,0,0,0
Person_585,Person_585_1,working,car,home,5888.358305454137,2637.5189109401017,city,10159.910029921817,195.30711077929786,4982.441,5032.785,50.34400000000005,COMPLETED,0,0,0
Person_911,Person_911_1,working,car,home,5996.0809049126065,2567.1760804227642,university,8680.422548567441,1236.9101943957473,4562.608,5035.482,472.8739999999998,COMPLETED,0,0,0
Person_2158,Person_2158_1,working,walking,home,8433.398507870288,2504.211458010144,school,8066.96736046926,3765.4305194914455,1802.678,5035.482,3232.804,COMPLETED,0,0,0
Person_5526,Person_5526_1,working,car,home,10159.910029921817,195.30711077929786,school,7024.777053539045,2987.180767545184,4982.441,5039.078,56.637000000000626,COMPLETED,0,0,0
Person_1445,Person_1445_1,working,car,home,10159.910029921817,195.30711077929786,university,6980.17060882167,3727.0047244733337,4861.975,5039.977,178.0019999999995,COMPLETED,0,0,0
Person_5804,Person_5804_1,working,car,home,8995.423960564727,2610.5617001392848,city,8982.539674594882,6224.04271922478,4982.441,5041.775,59.33399999999983,COMPLETED,0,0,0
Person_8814,Person_8814_1,working,car,home,4065.2060983642004,1289.6729660000035,university,8640.52148904632,1242.1470644446506,4082.542,5042.674,960.1320000000001,COMPLETED,0,0,0
Person_1243,Person_1243_1,working,train,home,7008.344566846666,1913.2887812804343,,8351.70415135049,2763.8378920000764,5042.674,5042.674,0.0,COMPLETED,0,0,0
Person_5403,Person_5403_1,working,train,home,6663.517465958852,4719.974525786643,,6383.066520287023,4062.6484057004186,5042.674,5042.674,0.0,COMPLETED,0,0,0
Person_7408,Person_7408_1,working,car,home,8361.520098739325,3333.7844122472675,university,5901.5627362491805,2994.702412765903,4621.942,5043.573,421.6310000000003,COMPLETED,0,0,0
Person_4196,Person_4196_1,working,car,home,7208.789657720505,3545.9872636927926,city,10159.910029921817,195.30711077929786,4802.641,5043.573,240.9320000000007,COMPLETED,0,0,0
Person_3986,Person_3986_1,working,car,home,5996.892665972857,2573.4599189858654,university,6451.821586100195,3200.551272926657,4861.975,5045.371,183.39599999999973,COMPLETED,0,0,0
Person_1657,Person_1657_1,working,train,home,7999.087491860621,3640.140587700866,,8351.70415135049,2763.8378920000764,4082.542,5048.068,965.5260000000003,COMPLETED,0,0,0
Person_5160,Person_5160_1,working,car,home,6674.289358291203,3297.578957886595,college,7779.529138789207,4353.3219031409635,4442.142,5053.462,611.3200000000006,COMPLETED,0,0,0
Person_2644,Person_2644_1,working,car,home,5858.080820510505,4788.397571043492,city,10159.910029921817,195.30711077929786,5042.674,5054.361,11.686999999999898,COMPLETED,0,0,0
Person_9866,Person_9866_1,working,train,home,6279.323807961682,2901.1210946722967,,6383.066520287023,4062.6484057004186,422.713,5054.361,4631.648,COMPLETED,0,0,0
Person_4593,Person_4593_1,working,car,home,8145.377330205615,3159.135668974215,city,10159.910029921817,195.30711077929786,5042.674,5058.856,16.18199999999979,COMPLETED,0,0,0
Person_9499,Person_9499_1,working,car,home,10159.910029921817,195.30711077929786,university,5908.061135515454,2983.961702940033,4442.142,5062.452,620.3100000000004,COMPLETED,0,0,0
Person_2059,Person_2059_1,working,car,home,10159.910029921817,195.30711077929786,yes,7014.453424417347,4289.816640453052,4742.408,5062.452,320.04399999999987,COMPLETED,0,0,0
Person_3905,Person_3905_1,working,car,home,10159.910029921817,195.30711077929786,yes,4977.122730999947,4899.066871406355,4022.309,5063.351,1041.0419999999995,COMPLETED,0,0,0
Person_2393,Person_2393_1,working,car,home,7708.793034491484,5208.550112386032,city,10159.910029921817,195.30711077929786,4982.441,5063.351,80.90999999999985,COMPLETED,0,0,0
Person_1994,Person_1994_1,working,car,home,5806.026102151179,1004.9228310178041,city,10159.910029921817,195.30711077929786,5042.674,5064.25,21.576000000000022,COMPLETED,0,0,0
Person_9288,Person_9288_1,working,car,home,4771.159705068488,7798.325282355149,yes,6120.111248099004,3628.1694941753904,4621.942,5066.947,445.0050000000001,COMPLETED,0,0,0
Person_489,Person_489_1,working,car,home,8982.539674594882,6224.04271922478,yes,7203.429091889675,4395.774980385312,4442.142,5069.644,627.5020000000004,COMPLETED,0,0,0
Person_2270,Person_2270_1,working,car,home,10159.910029921817,195.30711077929786,yes,7069.5565858519485,2011.8402773121245,4802.641,5071.442,268.8010000000004,COMPLETED,0,0,0
Person_6980,Person_6980_1,working,car,home,6459.585387509105,3581.8452493318287,city,10159.910029921817,195.30711077929786,5042.674,5072.341,29.66700000000037,COMPLETED,0,0,0
Person_3902,Person_3902_1,working,car,home,5028.121285709921,1034.4810101428275,city,812.749230267771,6686.310237051298,3902.742,5074.139,1171.397,COMPLETED,0,0,0
Person_8107,Person_8107_1,working,car,home,10159.910029921817,195.30711077929786,yes,6209.710881817168,3589.4456118407693,4442.142,5074.139,631.9970000000003,COMPLETED,0,0,0
Person_5058,Person_5058_1,working,car,home,6362.931297901687,3566.5853973758317,kindergarten,8814.275893347078,2600.603644607052,5042.674,5074.139,31.465000000000146,COMPLETED,0,0,0
Person_7076,Person_7076_1,working,car,home,126.82488358348685,4319.6356930350885,industrial,8793.902769248614,4189.248198513553,4262.342,5081.331,818.9890000000005,COMPLETED,0,0,0
Person_4250,Person_4250_1,working,train,home,8097.331042338363,3150.748288862748,,8351.70415135049,2763.8378920000764,4322.575,5082.23,759.6549999999997,COMPLETED,0,0,0
Person_302,Person_302_1,working,car,home,10159.910029921817,195.30711077929786,yes,5703.3805449653055,643.0424041431576,5042.674,5083.129,40.45499999999993,COMPLETED,0,0,0
Person_7410,Person_7410_1,working,car,home,10159.910029921817,195.30711077929786,yes,6682.17739479751,4491.9703141815,4322.575,5086.725,764.1500000000005,COMPLETED,0,0,0
Person_3037,Person_3037_1,working,car,home,6271.480982436024,4794.296747621268,university,5887.791508799354,2982.146731596164,4621.942,5086.725,464.78300000000036,COMPLETED,0,0,0
Person_2746,Person_2746_1,working,car,home,5743.149300350289,3032.931795088625,city,10159.910029921817,195.30711077929786,4861.975,5086.725,224.75,COMPLETED,0,0,0
Person_3250,Person_3250_1,working,train,home,7834.017893589754,3495.897110863719,,8351.70415135049,2763.8378920000764,1202.146,5087.624,3885.478,COMPLETED,0,0,0
Person_7131,Person_7131_1,working,car,home,8320.141361093181,3309.2790095492064,city,10159.910029921817,195.30711077929786,5042.674,5088.523,45.84900000000016,COMPLETED,0,0,0
Person_9120,Person_9120_1,working,car,home,10159.910029921817,195.30711077929786,industrial,6008.098394683316,6498.042265106,4262.342,5089.422,827.0799999999999,COMPLETED,0,0,0
Person_8815,Person_8815_1,working,car,home,10159.910029921817,195.30711077929786,hospital,6425.103306513127,4942.825230985864,5042.674,5089.422,46.74799999999959,COMPLETED,0,0,0
Person_8646,Person_8646_1,working,car,home,6372.490554936575,4448.708005109362,city,10159.910029921817,195.30711077929786,4262.342,5090.321,827.9790000000003,COMPLETED,0,0,0
Person_752,Person_752_1,working,car,home,5942.929479777733,2611.764172353405,city,4771.159705068488,7798.325282355149,4922.208,5091.22,169.01200000000063,COMPLETED,0,0,0
Person_3653,Person_3653_1,working,car,home,4771.159705068488,7798.325282355149,yes,7299.418772035869,3555.2701271442725,4502.375,5093.018,590.643,COMPLETED,0,0,0
Person_2062,Person_2062_1,working,car,home,6826.187655604615,4002.9631246064478,city,10159.910029921817,195.30711077929786,5042.674,5096.614,53.9399999999996,COMPLETED,0,0,0
Person_2075,Person_2075_1,working,car,home,4771.159705068488,7798.325282355149,retail,6534.676323992155,3775.028075469656,4262.342,5099.311,836.969,COMPLETED,0,0,0
Person_9835,Person_9835_1,working,car,home,126.82488358348685,4319.6356930350885,industrial,8586.913593099713,4825.157447870736,4982.441,5100.21,117.76900000000023,COMPLETED,0,0,0
Person_7538,Person_7538_1,working,car,home,6630.078099663446,3559.1702665060197,university,8680.422548567441,1236.9101943957473,4562.608,5101.109,538.5010000000002,COMPLETED,0,0,0
Person_3621,Person_3621_1,working,car,home,3278.56116402224,5904.637161690636,city,10159.910029921817,195.30711077929786,4861.975,5102.008,240.03299999999945,COMPLETED,0,0,0
Person_6839,Person_6839_1,working,car,home,5519.233833055702,959.5520807737673,city,10159.910029921817,195.30711077929786,4562.608,5108.301,545.6930000000002,COMPLETED,0,0,0
Person_145,Person_145_1,working,car,home,7792.6380122526725,3987.613406793118,university,6850.81127161198,3522.934095561738,4742.408,5110.099,367.6909999999998,COMPLETED,0,0,0
Person_8446,Person_8446_1,working,car,home,7259.960772680463,4903.57732046095,unknown,7259.960772680463,4903.57732046095,62.214,5110.998,5048.784,ABORTED_BREAKDOWN,0,0,0
Person_1587,Person_1587_1,working,car,home,6169.526696837322,2920.6471658581595,city,10159.910029921817,195.30711077929786,4621.942,5110.998,489.0559999999996,COMPLETED,0,0,0
Person_721,Person_721_1,working,car,home,7566.622150109683,3851.2712580423417,city,10159.910029921817,195.30711077929786,4682.175,5110.998,428.8229999999994,COMPLETED,0,0,0
Person_9731,Person_9731_1,working,car,home,10159.910029921817,195.30711077929786,retail,6564.21928509016,3471.4292866312644,5102.008,5112.796,10.788000000000466,COMPLETED,0,0,0
Person_9542,Person_9542_1,working,train,home,7775.623345129226,3119.8079748700957,,8351.70415135049,2763.8378920000764,4442.142,5113.695,671.5529999999999,COMPLETED,0,0,0
Person_5833,Person_5833_1,working,train,home,7692.241758959113,3303.5940146012763,,8351.70415135049,2763.8378920000764,3962.076,5114.594,1152.518,COMPLETED,0,0,0
Person_9237,Person_9237_1,working,train,home,7657.091794590454,3415.1632300987208,,8351.70415135049,2763.8378920000764,3842.509,5116.392,1273.8829999999998,COMPLETED,0,0,0
Person_2289,Person_2289_1,working,car,home,10159.910029921817,195.30711077929786,university,6850.81127161198,3522.934095561738,4381.909,5117.291,735.3820000000005,COMPLETED,0,0,0
Person_6965,Person_6965_1,working,car,home,10159.910029921817,195.30711077929786,yes,7337.640770946783,3742.9851122675223,4562.608,5120.887,558.2789999999995,COMPLETED,0,0,0
Person_4993,Person_4993_1,working,car,home,10159.910029921817,195.30711077929786,yes,7108.386644855771,2038.1995311180212,4742.408,5125.382,382.97399999999925,COMPLETED,0,0,0
Person_4124,Person_4124_1,working,car,home,4065.2060983642004,1289.6729660000035,yes,9472.914884414735,3165.5363435867253,3962.076,5127.18,1165.1040000000003,COMPLETED,0,0,0
Person_9747,Person_9747_1,working,car,home,7115.1268969039575,3682.5970689579303,city,10159.910029921817,195.30711077929786,4861.975,5127.18,265.2049999999999,COMPLETED,0,0,0
Person_5920,Person_5920_1,working,car,home,6943.48677846935,4623.189320554318,university,6839.399852089795,3585.511730890991,4682.175,5128.978,446.8029999999999,COMPLETED,0,0,0
Person_220,Person_220_1,working,car,home,10159.910029921817,195.30711077929786,yes,7445.927863340788,1477.016868011957,4082.542,5131.675,1049.1330000000003,COMPLETED,0,0,0
Person_7875,Person_7875_1,working,car,home,5601.078329857547,2642.508770378974,city,4771.159705068488,7798.325282355149,4142.775,5136.17,993.3950000000004,COMPLETED,0,0,0
Person_3420,Person_3420_1,working,car,home,5721.632652761462,968.6075375000405,city,10159.910029921817,195.30711077929786,4742.408,5136.17,393.7619999999997,COMPLETED,0,0,0
Person_1358,Person_1358_1,working,car,home,7821.2428268535095,5017.9800710624,city,10159.910029921817,195.30711077929786,5102.008,5136.17,34.16200000000026,COMPLETED,0,0,0
Person_857,Person_857_1,working,car,home,8936.19901875014,2463.9035110647815,university,5901.5627362491805,2994.702412765903,4262.342,5139.766,877.424,COMPLETED,0,0,0
Person_8589,Person_8589_1,working,train,home,6504.622905461624,4230.321509724982,,6383.066520287023,4062.6484057004186,4322.575,5140.665,818.0900000000001,COMPLETED,0,0,0
Person_628,Person_628_1,working,train,home,8971.950810598124,2582.391299883089,,8351.70415135049,2763.8378920000764,3902.742,5147.857,1245.1149999999998,COMPLETED,0,0,0
Person_7396,Person_7396_1,working,car,home,10159.910029921817,195.30711077929786,yes,6097.409111582216,4696.148505349979,4142.775,5149.655,1006.8800000000001,COMPLETED,0,0,0
Person_2617,Person_2617_1,working,car,home,10159.910029921817,195.30711077929786,yes,5837.71736793174,855.63613364179,4381.909,5149.655,767.7460000000001,COMPLETED,0,0,0
Person_6485,Person_6485_1,working,car,home,7050.713933677346,3821.3072273718844,city,10159.910029921817,195.30711077929786,4802.641,5151.453,348.8120000000008,COMPLETED,0,0,0
Person_4191,Person_4191_1,working,car,home,4771.159705068488,7798.325282355149,yes,4793.583092780878,5651.021837731533,4802.641,5152.352,349.71100000000024,COMPLETED,0,0,0
Person_4225,Person_4225_1,working,car,home,5948.429185548459,2686.24874240236,university,6980.17060882167,3727.0047244733337,4621.942,5154.15,532.2079999999996,COMPLETED,0,0,0
Person_2296,Person_2296_1,working,car,home,10159.910029921817,195.30711077929786,yes,5062.03803211019,922.5026267938224,4442.142,5156.847,714.7049999999999,COMPLETED,0,0,0
Person_9860,Person_9860_1,working,car,home,4630.595667095954,5948.1149623144165,university,5901.5627362491805,2994.702412765903,3902.742,5157.746,1255.004,COMPLETED,0,0,0
Person_5171,Person_5171_1,working,car,home,7406.244053655202,4107.3595997944985,city,8982.539674594882,6224.04271922478,5042.674,5160.443,117.76900000000023,COMPLETED,0,0,0
Person_2198,Person_2198_1,working,car,home,7643.251665527031,3768.948247722043,university,5901.5627362491805,2994.702412765903,5042.674,5161.342,118.66799999999967,COMPLETED,0,0,0
Person_3359,Person_3359_1,working,train,home,6675.439467444666,4460.810861157302,,6383.066520287023,4062.6484057004186,5162.241,5162.241,0.0,COMPLETED,0,0,0
Person_2227,Person_2227_1,working,car,home,8542.038688468625,1187.5818813912176,city,10159.910029921817,195.30711077929786,4562.608,5164.938,602.3299999999999,COMPLETED,0,0,0
Person_8643,Person_8643_1,working,car,home,10159.910029921817,195.30711077929786,yes,5501.029981671465,910.2294018058672,4802.641,5166.736,364.09500000000025,COMPLETED,0,0,0
Person_8547,Person_8547_1,working,car,home,8982.539674594882,6224.04271922478,yes,6449.067410534478,3493.3918139673356,4742.408,5171.231,428.8229999999994,COMPLETED,0,0,0
Person_7153,Person_7153_1,working,car,home,4065.2060983642004,1289.6729660000035,yes,5078.4140355101035,3370.0778720552885,4142.775,5173.928,1031.1530000000002,COMPLETED,0,0,0
Person_383,Person_383_1,working,car,home,10159.910029921817,195.30711077929786,yes,5648.651861660975,4531.764563027671,4082.542,5178.423,1095.8809999999999,COMPLETED,0,0,0
Person_2458,Person_2458_1,working,car,home,10159.910029921817,195.30711077929786,school,8736.543901314471,2818.0307806824885,4742.408,5181.12,438.71199999999953,COMPLETED,0,0,0
Person_5363,Person_5363_1,working,car,home,6550.042708399577,3123.7241383145924,city,10159.910029921817,195.30711077929786,4682.175,5182.019,499.84400000000005,COMPLETED,0,0,0
Person_7495,Person_7495_1,working,car,home,7775.623345129226,3119.8079748700957,city,10159.910029921817,195.30711077929786,5162.241,5182.918,20.67699999999968,COMPLETED,0,0,0
Person_6399,Person_6399_1,working,train,home,7562.620149350426,3949.9943075116093,,6383.066520287023,4062.6484057004186,662.746,5184.716,4521.97,COMPLETED,0,0,0
Person_7774,Person_7774_1,working,car,home,8185.149231746338,3400.5430260723856,city,8982.539674594882,6224.04271922478,5162.241,5188.312,26.070999999999913,COMPLETED,0,0,0
Person_4754,Person_4754_1,working,car,home,5198.111111380697,808.8998757206393,city,8982.539674594882,6224.04271922478,4142.775,5190.11,1047.335,COMPLETED,0,0,0
Person_7216,Person_7216_1,working,car,home,7977.640675862335,1867.1119731195004,university,5872.083656560459,2982.14688861395,4202.109,5191.009,988.8999999999996,COMPLETED,0,0,0
Person_9119,Person_9119_1,working,car,home,10159.910029921817,195.30711077929786,university,8640.52148904632,1242.1470644446506,4922.208,5194.605,272.39699999999993,COMPLETED,0,0,0
Person_7245,Person_7245_1,working,car,home,10159.910029921817,195.30711077929786,university,6753.286006283763,3714.7935438899995,4621.942,5197.302,575.3599999999997,COMPLETED,0,0,0
Person_9017,Person_9017_1,working,car,home,10159.910029921817,195.30711077929786,university,6451.821586100195,3200.551272926657,4922.208,5201.797,279.58899999999994,COMPLETED,0,0,0
Person_8532,Person_8532_1,working,car,home,10159.910029921817,195.30711077929786,school,8471.482187556225,3236.157206254541,5162.241,5202.696,40.45499999999993,COMPLETED,0,0,0
Person_8111,Person_8111_1,working,car,home,7862.372944791533,3411.984174087949,city,10159.910029921817,195.30711077929786,5162.241,5203.595,41.35400000000027,COMPLETED,0,0,0
Person_635,Person_635_1,working,car,home,7385.518533522036,4008.5183307474103,university,5887.791508799354,2982.146731596164,4562.608,5206.292,643.6840000000002,COMPLETED,0,0,0
Person_2987,Person_2987_1,working,car,home,4771.159705068488,7798.325282355149,yes,6255.924008199212,3513.7507134773928,4621.942,5206.292,584.3500000000004,COMPLETED,0,0,0
Person_485,Person_485_1,working,car,home,7754.512252823831,4972.193223176857,university,6850.81127161198,3522.934095561738,4742.408,5207.191,464.78299999999945,COMPLETED,0,0,0
Person_4301,Person_4301_1,working,car,home,4626.474665268273,5956.4193540456245,university,5908.061135515454,2983.961702940033,3842.509,5216.181,1373.6719999999996,COMPLETED,0,0,0
Person_1295,Person_1295_1,working,car,home,10159.910029921817,195.30711077929786,industrial,4000.67347820691,1796.3896774492791,4322.575,5216.181,893.6059999999998,COMPLETED,0,0,0
Person_6256,Person_6256_1,working,car,home,4771.159705068488,7798.325282355149,university,5908.061135515454,2983.961702940033,4621.942,5222.474,600.5320000000002,COMPLETED,0,0,0
Person_8377,Person_8377_1,working,train,home,6766.330233330277,4610.792665772929,,6383.066520287023,4062.6484057004186,5222.474,5222.474,0.0,COMPLETED,0,0,0
Person_7717,Person_7717_1,working,car,home,6093.049345630694,2862.9923458557114,university,5872.083656560459,2982.14688861395,5162.241,5226.07,63.82899999999972,COMPLETED,0,0,0
Person_7960,Person_7960_1,working,car,home,7651.849563904538,4069.0262817256034,university,6980.17060882167,3727.0047244733337,4802.641,5226.969,424.32800000000043,COMPLETED,0,0,0
Person_4631,Person_4631_1,working,car,home,7157.9514562439135,4306.3306366221605,city,10159.910029921817,195.30711077929786,5162.241,5229.666,67.42500000000018,COMPLETED,0,0,0
Person_7780,Person_7780_1,working,car,home,4771.159705068488,7798.325282355149,yes,7290.524811829626,4061.8837169374274,4861.975,5232.363,370.3879999999999,COMPLETED,0,0,0
Person_3048,Person_3048_1,working,car,home,5956.61446879461,1037.4065412438229,city,4771.159705068488,7798.325282355149,4502.375,5233.262,730.8869999999997,COMPLETED,0,0,0
Person_4426,Person_4426_1,working,car,home,8982.539674594882,6224.04271922478,yes,5126.601967601573,958.2713231591824,4621.942,5238.656,616.7139999999999,COMPLETED,0,0,0
Person_9838,Person_9838_1,working,car,home,10159.910029921817,195.30711077929786,industrial,3957.8249566090544,1638.9063859114124,4802.641,5240.454,437.8130000000001,COMPLETED,0,0,0
Person_9843,Person_9843_1,working,car,home,7868.505109906588,2912.043689479716,university,5887.791508799354,2982.146731596164,5222.474,5240.454,17.979999999999563,COMPLETED,0,0,0
Person_1402,Person_1402_1,working,car,home,10159.910029921817,195.30711077929786,yes,6172.787967187763,5500.008880580673,5222.474,5242.252,19.778000000000247,COMPLETED,0,0,0
Person_8879,Person_8879_1,working,car,home,7417.8502387947965,4062.1721880437526,city,10159.910029921817,195.30711077929786,5102.008,5243.151,141.14300000000003,COMPLETED,0,0,0
Person_6976,Person_6976_1,working,car,home,5349.314535958679,2782.279094611517,city,10159.910029921817,195.30711077929786,5162.241,5243.151,80.90999999999985,COMPLETED,0,0,0
Person_947,Person_947_1,working,car,home,4771.159705068488,7798.325282355149,yes,5609.858162975985,484.2973383389253,5222.474,5243.151,20.67699999999968,COMPLETED,0,0,0
Person_8736,Person_8736_1,working,car,home,4771.159705068488,7798.325282355149,kindergarten,9080.274888624233,2485.4357551968696,4502.375,5244.949,742.5739999999996,COMPLETED,0,0,0
Person_9011,Person_9011_1,working,car,home,4976.69752402344,6167.809184153574,city,10159.910029921817,195.30711077929786,5042.674,5244.949,202.27499999999964,COMPLETED,0,0,0
Person_5483,Person_5483_1,working,car,home,8180.975281611864,2848.564802196491,city,10159.910029921817,195.30711077929786,5222.474,5244.949,22.474999999999454,COMPLETED,0,0,0
Person_659,Person_659_1,working,car,home,10159.910029921817,195.30711077929786,yes,6312.909453974156,4519.829731219247,5222.474,5245.848,23.373999999999796,COMPLETED,0,0,0
Person_7566,Person_7566_1,working,car,home,5736.193962474446,937.2436126548595,city,8982.539674594882,6224.04271922478,5222.474,5245.848,23.373999999999796,COMPLETED,0,0,0
Person_6977,Person_6977_1,working,car,home,4065.2060983642004,1289.6729660000035,university,6897.893782272236,3752.9120240344228,4502.375,5246.747,744.3720000000003,COMPLETED,0,0,0
Person_5434,Person_5434_1,working,car,home,6062.140836905099,3423.485241986161,city,10159.910029921817,195.30711077929786,4802.641,5250.343,447.7020000000002,COMPLETED,0,0,0
Person_2306,Person_2306_1,working,car,home,4914.336599223096,6049.077612396785,university,5908.061135515454,2983.961702940033,5162.241,5250.343,88.10199999999986,COMPLETED,0,0,0
Person_8865,Person_8865_1,working,car,home,4565.606047018252,5834.6899654741455,city,10159.910029921817,195.30711077929786,4922.208,5252.141,329.933,COMPLETED,0,0,0
Person_7604,Person_7604_1,working,car,home,8623.644141845765,1394.4633683037619,university,6850.81127161198,3522.934095561738,5162.241,5255.737,93.4960000000001,COMPLETED,0,0,0
Person_6546,Person_6546_1,working,train,home,8320.776822919903,3389.6284370495655,,8351.70415135049,2763.8378920000764,4562.608,5255.737,693.1289999999999,COMPLETED,0,0,0
Person_886,Person_886_1,working,car,home,4065.2060983642004,1289.6729660000035,yes,5668.214653615055,543.9384794558357,4262.342,5256.636,994.2940000000008,COMPLETED,0,0,0
Person_1605,Person_1605_1,working,car,home,7674.495725364777,3707.270061093272,city,10159.910029921817,195.30711077929786,5222.474,5258.434,35.960000000000036,COMPLETED,0,0,0
Person_5346,Person_5346_1,working,car,home,10159.910029921817,195.30711077929786,yes,6421.1215883545265,3284.5648249270503,4022.309,5260.232,1237.9229999999998,COMPLETED,0,0,0
Person_3222,Person_3222_1,working,car,home,4065.2060983642004,1289.6729660000035,yes,6844.550724737313,2893.9969379134513,4922.208,5260.232,338.02400000000034,COMPLETED,0,0,0
Person_6238,Person_6238_1,working,car,home,10159.910029921817,195.30711077929786,yes,5203.004207074689,1005.4675275724736,5102.008,5261.131,159.1230000000005,COMPLETED,0,0,0
Person_5582,Person_5582_1,working,car,home,8211.38021813205,3157.629500852959,university,8680.422548567441,1236.9101943957473,5222.474,5262.03,39.555999999999585,COMPLETED,0,0,0
Person_2083,Person_2083_1,working,car,home,126.82488358348685,4319.6356930350885,yes,6427.109947974988,3678.3045732402593,5102.008,5262.929,160.92100000000028,COMPLETED,0,0,0
Person_2846,Person_2846_1,working,car,home,6599.608823344089,4759.089423161652,university,6839.399852089795,3585.511730890991,5222.474,5263.828,41.35400000000027,COMPLETED,0,0,0
Person_8445,Person_8445_1,working,walking,home,7259.960772680463,4903.57732046095,school,8893.280107574261,3448.459055170979,1682.212,5263.828,3581.6160000000004,COMPLETED,0,0,0
Person_6599,Person_6599_1,working,car,home,10159.910029921817,195.30711077929786,yes,6025.740013255567,1056.7267707720923,5102.008,5264.727,162.71900000000005,COMPLETED,0,0,0
Person_7982,Person_7982_1,working,car,home,10159.910029921817,195.30711077929786,yes,7674.404844276162,4945.146508675218,3842.509,5266.525,1424.0159999999996,COMPLETED,0,0,0
Person_6064,Person_6064_1,working,train,home,6446.897588242854,4338.843996481692,,6383.066520287023,4062.6484057004186,4682.175,5274.616,592.4409999999998,COMPLETED,0,0,0
Person_7352,Person_7352_1,working,car,home,10159.910029921817,195.30711077929786,yes,5785.562497218945,850.0360447179166,4621.942,5278.212,656.2700000000004,COMPLETED,0,0,0
Person_5078,Person_5078_1,working,car,home,5361.961714014802,1173.4748533809336,city,10159.910029921817,195.30711077929786,4742.408,5280.909,538.5009999999993,COMPLETED,0,0,0
Person_1269,Person_1269_1,working,car,home,10159.910029921817,195.30711077929786,yes,4848.257669307064,5577.8292808746355,4022.309,5285.404,1263.0950000000003,COMPLETED,0,0,0
Person_9345,Person_9345_1,working,train,home,8946.029933834878,2463.7143807410425,,8351.70415135049,2763.8378920000764,4562.608,5285.404,722.7960000000003,COMPLETED,0,0,0
Person_146,Person_146_1,working,car,home,10159.910029921817,195.30711077929786,yes,5621.385036554559,624.1575996550542,4922.208,5287.202,364.9940000000006,COMPLETED,0,0,0
Person_9834,Person_9834_1,working,car,home,126.82488358348685,4319.6356930350885,school,8443.137324611243,3167.0037369544502,5042.674,5288.101,245.42699999999968,COMPLETED,0,0,0
Person_2580,Person_2580_1,working,car,home,10159.910029921817,195.30711077929786,university,5872.083656560459,2982.14688861395,4562.608,5290.798,728.1899999999996,COMPLETED,0,0,0
Person_7254,Person_7254_1,working,car,home,10159.910029921817,195.30711077929786,yes,6122.664839768715,3501.9894397093663,5222.474,5293.495,71.02099999999973,COMPLETED,0,0,0
Person_2599,Person_2599_1,working,car,home,6123.896608629466,3746.8316742697175,city,8982.539674594882,6224.04271922478,4861.975,5294.394,432.41899999999987,COMPLETED,0,0,0
Person_4663,Person_4663_1,working,car,home,8907.419282238536,2636.779958983399,university,5908.061135515454,2983.961702940033,4502.375,5295.293,792.9179999999997,COMPLETED,0,0,0
Person_4217,Person_4217_1,working,car,home,10159.910029921817,195.30711077929786,industrial,4030.904105687084,2068.8054453321015,4621.942,5297.091,675.1490000000003,COMPLETED,0,0,0
Person_5997,Person_5997_1,working,car,home,8039.138400955556,3267.130457843837,city,10159.910029921817,195.30711077929786,5042.674,5298.889,256.21500000000015,COMPLETED,0,0,0
Person_2434,Person_2434_1,working,car,home,7353.569590965629,4001.0647209593335,kindergarten,8814.275893347078,2600.603644607052,3962.076,5299.788,1337.7119999999995,COMPLETED,0,0,0
Person_7885,Person_7885_1,working,walking,home,8901.460187012115,2506.290123516297,university,5908.061135515454,2983.961702940033,1141.913,5303.384,4161.471,COMPLETED,0,0,0
Person_5567,Person_5567_1,working,car,home,7767.271665854411,3622.134525336608,city,10159.910029921817,195.30711077929786,5282.707,5306.081,23.373999999999796,COMPLETED,0,0,0
Person_8576,Person_8576_1,working,car,home,6299.033964300542,3752.854964122385,city,8982.539674594882,6224.04271922478,4442.142,5308.778,866.6360000000004,COMPLETED,0,0,0
Person_2669,Person_2669_1,working,car,home,10159.910029921817,195.30711077929786,yes,7240.181140794743,3824.064150073881,4621.942,5308.778,686.8360000000002,COMPLETED,0,0,0
Person_2388,Person_2388_1,working,walking,home,6663.768221642157,2180.0420764632854,university,5908.061135515454,2983.961702940033,2.88,5309.677,5306.797,COMPLETED,0,0,0
Person_2466,Person_2466_1,working,car,home,10159.910029921817,195.30711077929786,university,8680.422548567441,1236.9101943957473,4982.441,5310.576,328.1350000000002,COMPLETED,0,0,0
Person_2835,Person_2835_1,working,car,home,7723.641920008527,4977.233679620427,city,10159.910029921817,195.30711077929786,4861.975,5311.475,449.5,COMPLETED,0,0,0
Person_4096,Person_4096_1,working,car,home,7782.328263080661,4992.330767931585,university,6839.399852089795,3585.511730890991,4621.942,5312.374,690.4319999999998,COMPLETED,0,0,0
Person_8332,Person_8332_1,working,car,home,10159.910029921817,195.30711077929786,yes,4939.746139648196,5839.001021692793,5282.707,5313.273,30.565999999999804,COMPLETED,0,0,0
Person_6674,Person_6674_1,working,car,home,5650.925038866245,795.9420973809587,city,10159.910029921817,195.30711077929786,4922.208,5314.172,391.96399999999994,COMPLETED,0,0,0
Person_1801,Person_1801_1,working,car,home,8224.721188682326,4691.792223129275,city,10159.910029921817,195.30711077929786,5282.707,5314.172,31.464999999999236,COMPLETED,0,0,0
Person_1696,Person_1696_1,working,car,home,8182.530644602905,3572.6563561438215,city,10159.910029921817,195.30711077929786,4922.208,5315.071,392.8630000000003,COMPLETED,0,0,0
Person_7882,Person_7882_1,working,car,home,8224.799169215905,3183.7107769819418,city,10159.910029921817,195.30711077929786,5282.707,5315.97,33.26299999999992,COMPLETED,0,0,0
Person_7756,Person_7756_1,working,car,home,126.82488358348685,4319.6356930350885,yes,8290.420958143446,3621.43054824778,3962.076,5316.869,1354.7929999999997,COMPLETED,0,0,0
Person_8082,Person_8082_1,working,car,home,6615.607662608252,3171.1379186893255,city,10159.910029921817,195.30711077929786,4802.641,5318.667,516.0260000000007,COMPLETED,0,0,0
Person_8987,Person_8987_1,working,walking,home,8135.807915164732,3684.6833508384466,school,7494.449757573685,4128.613590046072,4022.309,5318.667,1296.3580000000002,COMPLETED,0,0,0
Person_7102,Person_7102_1,working,car,home,5710.124559954586,2618.6505962771603,city,10159.910029921817,195.30711077929786,4922.208,5320.465,398.2570000000005,COMPLETED,0,0,0
Person_143,Person_143_1,working,train,home,7004.485989969746,3999.9883515868687,,6383.066520287023,4062.6484057004186,1802.678,5324.96,3522.282,COMPLETED,0,0,0
Person_1494,Person_1494_1,working,car,home,4771.159705068488,7798.325282355149,college,6747.753015898421,3319.6122938214417,4442.142,5326.758,884.616,COMPLETED,0,0,0
Person_5266,Person_5266_1,working,car,home,6988.6462890318235,4546.4010484482405,city,10159.910029921817,195.30711077929786,5042.674,5330.354,287.6800000000003,COMPLETED,0,0,0
Person_6065,Person_6065_1,working,car,home,6271.480982436024,4794.296747621268,city,10159.910029921817,195.30711077929786,4442.142,5332.152,890.0100000000002,COMPLETED,0,0,0
Person_1342,Person_1342_1,working,train,home,6364.66133115615,4369.887532973828,,6383.066520287023,4062.6484057004186,4442.142,5332.152,890.0100000000002,COMPLETED,0,0,0
Person_5131,Person_5131_1,working,car,home,8982.047738345336,3605.4479699882354,city,8982.539674594882,6224.04271922478,4982.441,5334.849,352.40800000000036,COMPLETED,0,0,0
Person_4902,Person_4902_1,working,car,home,10159.910029921817,195.30711077929786,yes,6978.294170146541,4289.594787017238,5162.241,5336.647,174.40599999999995,COMPLETED,0,0,0
Person_4626,Person_4626_1,working,car,home,7829.19387299542,5023.403513888621,city,8982.539674594882,6224.04271922478,4502.375,5338.445,836.0699999999997,COMPLETED,0,0,0
Person_2389,Person_2389_1,working,train,home,7631.235334164509,3402.9581956036873,,8351.70415135049,2763.8378920000764,5342.041,5342.041,0.0,COMPLETED,0,0,0
Person_6685,Person_6685_1,working,train,home,6055.143880411356,5050.666938624947,,6383.066520287023,4062.6484057004186,5342.041,5342.041,0.0,COMPLETED,0,0,0
Person_1474,Person_1474_1,working,car,home,7814.544552561295,3336.8762026718973,city,10159.910029921817,195.30711077929786,5162.241,5347.435,185.19400000000041,COMPLETED,0,0,0
Person_3285,Person_3285_1,working,car,home,10159.910029921817,195.30711077929786,yes,6147.802875563546,3658.8436642716542,4502.375,5348.334,845.9589999999998,COMPLETED,0,0,0
Person_3946,Person_3946_1,working,car,home,8982.539674594882,6224.04271922478,yes,6316.816444610905,4571.823553963382,5222.474,5348.334,125.85999999999967,COMPLETED,0,0,0
Person_4084,Person_4084_1,working,car,home,6143.64348754883,3674.362099801779,city,10159.910029921817,195.30711077929786,4562.608,5349.233,786.625,COMPLETED,0,0,0
Person_8043,Person_8043_1,working,train,home,6244.375226806518,3704.1378262077446,,6383.066520287023,4062.6484057004186,3662.709,5352.829,1690.12,COMPLETED,0,0,0
Person_9139,Person_9139_1,working,car,home,6918.642065796709,3020.4119070310867,city,10159.910029921817,195.30711077929786,5102.008,5355.526,253.51800000000003,COMPLETED,0,0,0
Person_196,Person_196_1,working,car,home,6777.3616701851615,4166.41347428811,university,5872.083656560459,2982.14688861395,5042.674,5357.324,314.64999999999964,COMPLETED,0,0,0
Person_2143,Person_2143_1,working,car,home,10159.910029921817,195.30711077929786,yes,5865.6262279119555,873.0084303189161,5282.707,5359.122,76.41499999999996,COMPLETED,0,0,0
Person_7744,Person_7744_1,working,car,home,8616.793255228682,1388.6204257811246,city,10159.910029921817,195.30711077929786,5342.041,5359.122,17.08100000000013,COMPLETED,0,0,0
Person_7472,Person_7472_1,working,car,home,5492.847835023656,3913.70901079794,city,10159.910029921817,195.30711077929786,5342.041,5362.718,20.67699999999968,COMPLETED,0,0,0
Person_9004,Person_9004_1,working,car,home,6983.718427414446,4905.938487466281,city,8982.539674594882,6224.04271922478,5222.474,5364.516,142.04199999999946,COMPLETED,0,0,0
Person_4130,Person_4130_1,working,car,home,9004.873419950565,3246.0800205325263,city,10159.910029921817,195.30711077929786,5042.674,5366.314,323.6400000000003,COMPLETED,0,0,0
Person_382,Person_382_1,working,car,home,10159.910029921817,195.30711077929786,yes,5620.359557042766,444.5950901190787,5342.041,5366.314,24.27300000000014,COMPLETED,0,0,0
Person_3507,Person_3507_1,working,car,home,8240.329951329873,2139.0622507998546,city,10159.910029921817,195.30711077929786,5342.041,5368.112,26.070999999999913,COMPLETED,0,0,0
Person_386,Person_386_1,working,car,home,8982.539674594882,6224.04271922478,industrial,8057.538116404269,4800.621162392206,5342.041,5369.011,26.970000000000255,COMPLETED,0,0,0
Person_6405,Person_6405_1,working,car,home,5552.934513076193,4862.34309689652,university,6753.286006283763,3714.7935438899995,5342.041,5369.91,27.868999999999687,COMPLETED,0,0,0
Person_3769,Person_3769_1,working,car,home,5785.562497218945,850.0360447179166,city,10159.910029921817,195.30711077929786,4682.175,5374.405,692.2299999999996,COMPLETED,0,0,0
Person_1869,Person_1869_1,working,walking,home,6102.089863647303,2830.8883622353746,university,5887.791508799354,2982.146731596164,4682.175,5378.001,695.826,COMPLETED,0,0,0
Person_5181,Person_5181_1,working,car,home,8022.625766730129,3090.3679409370993,city,4771.159705068488,7798.325282355149,5042.674,5381.597,338.9229999999998,COMPLETED,0,0,0
Person_8747,Person_8747_1,working,car,home,8338.646844392764,3272.618961856206,university,6850.81127161198,3522.934095561738,5342.041,5381.597,39.555999999999585,COMPLETED,0,0,0
Person_2581,Person_2581_1,working,car,home,7288.5117714028,3643.8358789502167,city,10159.910029921817,195.30711077929786,4922.208,5384.294,462.08600000000024,COMPLETED,0,0,0
Person_53,Person_53_1,working,car,home,6171.302211967013,3532.1039813953025,school,7875.835330552236,4335.181021378391,5342.041,5385.193,43.152000000000044,COMPLETED,0,0,0
Person_2042,Person_2042_1,working,car,home,8815.573256656087,2501.329451531983,university,6753.286006283763,3714.7935438899995,4202.109,5395.082,1192.973,COMPLETED,0,0,0
Person_3506,Person_3506_1,working,train,home,8240.329951329873,2139.0622507998546,,8351.70415135049,2763.8378920000764,4322.575,5395.981,1073.406,COMPLETED,0,0,0
Person_7359,Person_7359_1,working,car,home,6307.007116305123,4407.453725825244,university,6897.893782272236,3752.9120240344228,4982.441,5397.779,415.33800000000065,COMPLETED,0,0,0
Person_6446,Person_6446_1,working,car,home,4771.159705068488,7798.325282355149,industrial,8095.6963607014295,4745.281814499811,4861.975,5399.577,537.6019999999999,COMPLETED,0,0,0
Person_2497,Person_2497_1,working,car,home,7977.619816375173,5261.216479663544,city,10159.910029921817,195.30711077929786,5282.707,5400.476,117.76899999999932,COMPLETED,0,0,0
Person_2819,Person_2819_1,working,car,home,4771.159705068488,7798.325282355149,yes,6057.044744260315,1076.520538655645,4442.142,5402.274,960.1320000000005,COMPLETED,0,0,0
Person_1706,Person_1706_1,working,car,home,10159.910029921817,195.30711077929786,industrial,4020.7143424666983,1871.5215996337138,5282.707,5404.072,121.36499999999978,COMPLETED,0,0,0
Person_2637,Person_2637_1,working,car,home,6570.110432319467,3122.9244442481577,university,6980.17060882167,3727.0047244733337,4742.408,5408.567,666.1589999999997,COMPLETED,0,0,0
Person_3152,Person_3152_1,working,car,home,10159.910029921817,195.30711077929786,university,5901.5627362491805,2994.702412765903,4742.408,5413.961,671.5529999999999,COMPLETED,0,0,0
Person_8660,Person_8660_1,working,train,home,8664.047130682986,2306.29301302793,,8351.70415135049,2763.8378920000764,4022.309,5413.961,1391.652,COMPLETED,0,0,0
Person_8733,Person_8733_1,working,car,home,8308.226403817893,4731.850917940679,school,8066.722148837125,3706.408670064231,5342.041,5416.658,74.61700000000019,COMPLETED,0,0,0
Person_7372,Person_7372_1,working,car,home,8449.625070572545,3702.740095660262,city,10159.910029921817,195.30711077929786,5402.274,5422.052,19.777999999999338,COMPLETED,0,0,0
Person_790,Person_790_1,working,car,home,7384.847608571696,3678.9040332396676,university,6451.821586100195,3200.551272926657,4742.408,5422.951,680.5429999999997,COMPLETED,0,0,0
Person_8168,Person_8168_1,working,car,home,4065.2060983642004,1289.6729660000035,industrial,8710.812903355563,4970.605062635558,5222.474,5423.85,201.3760000000002,COMPLETED,0,0,0
Person_8261,Person_8261_1,working,car,home,7903.079310116366,3187.477460001197,city,10159.910029921817,195.30711077929786,5282.707,5424.749,142.04199999999946,COMPLETED,0,0,0
Person_8101,Person_8101_1,working,car,home,126.82488358348685,4319.6356930350885,yes,7791.718823078515,5042.4805078345435,4262.342,5426.547,1164.205,COMPLETED,0,0,0
Person_9391,Person_9391_1,working,car,home,126.82488358348685,4319.6356930350885,yes,7037.100193570429,5321.648164574805,4802.641,5429.244,626.6030000000001,COMPLETED,0,0,0
Person_9895,Person_9895_1,working,car,home,6203.294767300871,7427.203452804478,university,5887.791508799354,2982.146731596164,4442.142,5431.941,989.799,COMPLETED,0,0,0
Person_9058,Person_9058_1,working,car,home,8982.539674594882,6224.04271922478,yes,5548.615670943079,618.0810699441269,4562.608,5431.941,869.3329999999996,COMPLETED,0,0,0
Person_8861,Person_8861_1,working,car,home,7846.736034487383,4016.393720999605,city,10159.910029921817,195.30711077929786,5282.707,5431.941,149.23399999999947,COMPLETED,0,0,0
Person_6453,Person_6453_1,working,car,home,7899.0489705298105,4064.022130298447,unknown,7899.0489705298105,4064.022130298447,4562.608,5436.436,873.8279999999995,ABORTED_BREAKDOWN,0,0,0
Person_1830,Person_1830_1,working,car,home,8982.539674594882,6224.04271922478,university,6980.17060882167,3727.0047244733337,4742.408,5438.234,695.826,COMPLETED,0,0,0
Person_7678,Person_7678_1,working,car,home,10159.910029921817,195.30711077929786,industrial,8559.522205976662,962.2748678241913,5162.241,5440.032,277.79100000000017,COMPLETED,0,0,0
Person_4326,Person_4326_1,working,train,home,9032.553765730523,3380.4378974309852,,8351.70415135049,2763.8378920000764,4202.109,5440.032,1237.9229999999998,COMPLETED,0,0,0
Person_5838,Person_5838_1,working,car,home,10159.910029921817,195.30711077929786,industrial,5844.482039014461,6483.055789423292,5402.274,5441.83,39.555999999999585,COMPLETED,0,0,0
Person_4675,Person_4675_1,working,car,home,126.82488358348685,4319.6356930350885,university,6980.17060882167,3727.0047244733337,5042.674,5442.729,400.0550000000003,COMPLETED,0,0,0
Person_9380,Person_9380_1,working,car,home,10159.910029921817,195.30711077929786,yes,9709.605670766072,2946.070616148129,5222.474,5442.729,220.2550000000001,COMPLETED,0,0,0
Person_1976,Person_1976_1,working,car,home,8309.842149781996,3239.917553948626,city,10159.910029921817,195.30711077929786,4802.641,5444.527,641.8860000000004,COMPLETED,0,0,0
Person_7074,Person_7074_1,working,train,home,8426.473380969644,3778.84682444373,,8351.70415135049,2763.8378920000764,4502.375,5444.527,942.152,COMPLETED,0,0,0
Person_4384,Person_4384_1,working,car,home,7568.465822623495,3416.896413113459,university,5887.791508799354,2982.146731596164,5402.274,5445.426,43.152000000000044,COMPLETED,0,0,0
Person_5089,Person_5089_1,working,car,home,10159.910029921817,195.30711077929786,industrial,4020.7143424666983,1871.5215996337138,5282.707,5447.224,164.51699999999983,COMPLETED,0,0,0
Person_8684,Person_8684_1,working,car,home,6123.862714104166,4502.690114287078,city,10159.910029921817,195.30711077929786,5282.707,5448.123,165.41599999999926,COMPLETED,0,0,0
Person_472,Person_472_1,working,walking,home,8264.212568765905,3511.0859486639674,university,6451.821586100195,3200.551272926657,3842.509,5449.921,1607.4120000000003,COMPLETED,0,0,0
Person_9146,Person_9146_1,working,car,home,10159.910029921817,195.30711077929786,yes,8584.522120735059,2924.295791054636,5162.241,5450.82,288.5789999999997,COMPLETED,0,0,0
Person_3967,Person_3967_1,working,car,home,10159.910029921817,195.30711077929786,industrial,8586.913593099713,4825.157447870736,5342.041,5450.82,108.77899999999954,COMPLETED,0,0,0
Person_2603,Person_2603_1,working,car,home,4771.159705068488,7798.325282355149,university,6897.893782272236,3752.9120240344228,5402.274,5450.82,48.54599999999937,COMPLETED,0,0,0
Person_9432,Person_9432_1,working,car,home,126.82488358348685,4319.6356930350885,yes,8539.79515115731,1063.2310006100024,3782.276,5451.719,1669.4430000000002,COMPLETED,0,0,0
Person_5880,Person_5880_1,working,car,home,10159.910029921817,195.30711077929786,yes,6935.075876013622,3868.5808485416924,5342.041,5456.214,114.17299999999977,COMPLETED,0,0,0
Person_9096,Person_9096_1,working,car,home,7748.361619212892,4013.0758960308513,city,10159.910029921817,195.30711077929786,5042.674,5458.012,415.33799999999974,COMPLETED,0,0,0
Person_8652,Person_8652_1,working,car,home,10159.910029921817,195.30711077929786,yes,6402.173304881463,7409.815025338002,4982.441,5462.507,480.0659999999998,COMPLETED,0,0,0
Person_3962,Person_3962_1,working,car,home,10159.910029921817,195.30711077929786,retail,6583.094845993018,3948.392522770023,4381.909,5467.002,1085.0930000000008,COMPLETED,0,0,0
Person_9047,Person_9047_1,working,train,home,7304.943733376406,4065.0609763270913,,6383.066520287023,4062.6484057004186,782.313,5467.901,4685.588,COMPLETED,0,0,0
Person_9405,Person_9405_1,working,train,home,8994.338980553202,2483.75479568603,,8351.70415135049,2763.8378920000764,4562.608,5472.396,909.7879999999996,COMPLETED,0,0,0
Person_2543,Person_2543_1,working,car,home,5711.034864003796,4751.53004402661,university,6753.286006283763,3714.7935438899995,5102.008,5474.194,372.1860000000006,COMPLETED,0,0,0
Person_1975,Person_1975_1,working,car,home,10159.910029921817,195.30711077929786,yes,7645.700571448753,5305.516603945917,4082.542,5477.79,1395.248,COMPLETED,0,0,0
Person_9480,Person_9480_1,working,car,home,8877.926097002479,2425.9384358312736,city,10159.910029921817,195.30711077929786,5402.274,5480.487,78.21299999999974,COMPLETED,0,0,0
Person_5540,Person_5540_1,working,car,home,6872.408837630939,4374.3583985951955,school,8736.543901314471,2818.0307806824885,5402.274,5482.285,80.01099999999951,COMPLETED,0,0,0
Person_2970,Person_2970_1,working,car,home,8982.539674594882,6224.04271922478,yes,6974.064737041804,4299.824387173497,4502.375,5483.184,980.8090000000002,COMPLETED,0,0,0
Person_1670,Person_1670_1,working,car,home,10159.910029921817,195.30711077929786,yes,7382.4307902787605,3645.893360676281,5102.008,5485.881,383.8730000000005,COMPLETED,0,0,0
Person_5533,Person_5533_1,working,car,home,126.82488358348685,4319.6356930350885,yes,6007.231693261542,1050.6027994175208,5162.241,5486.78,324.53899999999976,COMPLETED,0,0,0
Person_6635,Person_6635_1,working,car,home,8910.392507841141,2425.5156189368463,city,10159.910029921817,195.30711077929786,5282.707,5487.679,204.97199999999975,COMPLETED,0,0,0
Person_2519,Person_2519_1,working,car,home,126.82488358348685,4319.6356930350885,yes,5861.637720778329,832.7078209564913,3782.276,5488.578,1706.3020000000006,COMPLETED,0,0,0
Person_3566,Person_3566_1,working,car,home,10159.910029921817,195.30711077929786,yes,6053.66985782908,3632.9598411193297,5282.707,5489.477,206.76999999999953,COMPLETED,0,0,0
Person_2023,Person_2023_1,working,car,home,10159.910029921817,195.30711077929786,industrial,3926.2156937976038,2200.2010029135236,4621.942,5490.376,868.4340000000002,COMPLETED,0,0,0
Person_3029,Person_3029_1,working,car,home,8982.539674594882,6224.04271922478,yes,5420.81008564687,810.2857698259869,5222.474,5490.376,267.90200000000004,COMPLETED,0,0,0
Person_8720,Person_8720_1,working,train,home,7729.285083503972,3241.1396389860843,,8351.70415135049,2763.8378920000764,4022.309,5490.376,1468.067,COMPLETED,0,0,0
Person_467,Person_467_1,working,car,home,8278.046624835597,2951.201520399413,city,10159.910029921817,195.30711077929786,5222.474,5493.073,270.59900000000016,COMPLETED,0,0,0
Person_6177,Person_6177_1,working,car,home,7557.684114249355,3868.8000807483572,university,5887.791508799354,2982.146731596164,4982.441,5498.467,516.0259999999998,COMPLETED,0,0,0
Person_1912,Person_1912_1,working,car,home,8591.103160247538,3297.2469299437794,university,6897.893782272236,3752.9120240344228,4802.641,5500.265,697.6240000000007,COMPLETED,0,0,0
Person_7032,Person_7032_1,working,car,home,10159.910029921817,195.30711077929786,yes,6511.601605606863,4037.9499595562133,4621.942,5501.164,879.2219999999998,COMPLETED,0,0,0
Person_8862,Person_8862_1,working,walking,home,5585.372255535716,2316.0348331700857,university,5887.791508799354,2982.146731596164,4322.575,5501.164,1178.589,COMPLETED,0,0,0
Person_2672,Person_2672_1,working,car,home,126.82488358348685,4319.6356930350885,industrial,7891.1188328616845,4633.705252825012,5222.474,5502.063,279.58899999999994,COMPLETED,0,0,0
Person_5417,Person_5417_1,working,car,home,4732.586994942385,5958.569168753674,university,5901.5627362491805,2994.702412765903,4682.175,5504.76,822.585,COMPLETED,0,0,0
Person_5545,Person_5545_1,working,car,home,4771.159705068488,7798.325282355149,yes,7742.79725676844,1862.7567192938247,5222.474,5504.76,282.28600000000006,COMPLETED,0,0,0
Person_2461,Person_2461_1,working,car,home,4065.2060983642004,1289.6729660000035,yes,5609.858162975985,484.2973383389253,5042.674,5505.659,462.9849999999997,COMPLETED,0,0,0
Person_855,Person_855_1,working,car,home,10159.910029921817,195.30711077929786,yes,6874.1913015227565,2915.4723861954267,5162.241,5508.356,346.1149999999998,COMPLETED,0,0,0
Person_4814,Person_4814_1,working,train,home,7999.087491860621,3640.140587700866,,8351.70415135049,2763.8378920000764,4442.142,5509.255,1067.1130000000003,COMPLETED,0,0,0
Person_1376,Person_1376_1,working,car,home,8043.438756779015,2966.2508867017686,school,8537.37232824418,4082.837948281172,5042.674,5511.952,469.27800000000025,COMPLETED,0,0,0
Person_4470,Person_4470_1,working,car,home,812.749230267771,6686.310237051298,yes,5584.299279635391,880.8517094877016,5402.274,5511.952,109.67799999999988,COMPLETED,0,0,0
Person_7905,Person_7905_1,working,car,home,10159.910029921817,195.30711077929786,college,6747.753015898421,3319.6122938214417,5222.474,5514.649,292.1750000000002,COMPLETED,0,0,0
Person_4945,Person_4945_1,working,car,home,7724.7896685315,4955.834098105764,city,4771.159705068488,7798.325282355149,4802.641,5517.346,714.7049999999999,COMPLETED,0,0,0
Person_4176,Person_4176_1,working,car,home,10159.910029921817,195.30711077929786,yes,7884.019215190182,3259.325366351708,5342.041,5517.346,175.30499999999938,COMPLETED,0,0,0
Person_7123,Person_7123_1,working,train,home,7702.55650852711,4918.976987468246,,6383.066520287023,4062.6484057004186,182.68,5519.144,5336.464,COMPLETED,0,0,0
Person_1931,Person_1931_1,working,car,home,10159.910029921817,195.30711077929786,industrial,3920.203410109818,1995.164385265096,4861.975,5520.942,658.9669999999996,COMPLETED,0,0,0
Person_1733,Person_1733_1,working,car,home,8982.539674594882,6224.04271922478,yes,7034.900150914833,1876.6835189306223,5342.041,5520.942,178.90099999999984,COMPLETED,0,0,0
Person_9970,Person_9970_1,working,car,home,4771.159705068488,7798.325282355149,industrial,8088.792607749397,4608.102640923852,4861.975,5521.841,659.866,COMPLETED,0,0,0
Person_3487,Person_3487_1,working,train,home,7751.841333307602,3844.307430619216,,8351.70415135049,2763.8378920000764,3842.509,5522.74,1680.2309999999998,COMPLETED,0,0,0
Person_1803,Person_1803_1,working,walking,home,7406.329485770558,3584.7704531675627,school,5978.820137900769,2481.391894079247,1502.412,5529.033,4026.621,COMPLETED,0,0,0
Person_5739,Person_5739_1,working,car,home,4771.159705068488,7798.325282355149,kindergarten,7813.595747654742,5246.369333041357,5042.674,5531.73,489.0559999999996,COMPLETED,0,0,0
Person_343,Person_343_1,working,car,home,6645.3855056629545,4670.818293586847,city,8982.539674594882,6224.04271922478,5102.008,5532.629,430.6210000000001,COMPLETED,0,0,0
Person_7775,Person_7775_1,working,car,home,10159.910029921817,195.30711077929786,yes,7150.349135222596,3678.539750804007,5102.008,5535.326,433.3180000000002,COMPLETED,0,0,0
Person_1668,Person_1668_1,working,car,home,10159.910029921817,195.30711077929786,yes,8653.515824855322,3692.2018372591606,4802.641,5536.225,733.5840000000007,COMPLETED,0,0,0
Person_2033,Person_2033_1,working,train,home,8124.625495347195,3890.047007190352,,8351.70415135049,2763.8378920000764,4142.775,5536.225,1393.4500000000007,COMPLETED,0,0,0
Person_6805,Person_6805_1,working,car,home,6755.688264549655,4176.487481184119,school,8930.382961603776,3399.952793477875,4262.342,5538.023,1275.6810000000005,COMPLETED,0,0,0
Person_5099,Person_5099_1,working,car,home,8982.539674594882,6224.04271922478,kindergarten,8588.876066519004,2384.539250749051,4562.608,5546.114,983.5059999999994,COMPLETED,0,0,0
Person_7582,Person_7582_1,working,train,home,5059.753382706858,5675.935161063826,,5324.662215615522,5920.8056375972865,4621.942,5546.114,924.1719999999996,COMPLETED,0,0,0
Person_6478,Person_6478_1,working,car,home,9093.10196137486,3334.5730577536087,university,6897.893782272236,3752.9120240344228,5402.274,5547.912,145.63799999999992,COMPLETED,0,0,0
Person_8530,Person_8530_1,working,car,home,5688.2268263778815,2459.1886897176323,city,10159.910029921817,195.30711077929786,4982.441,5550.609,568.1680000000006,COMPLETED,0,0,0
Person_4060,Person_4060_1,working,car,home,10159.910029921817,195.30711077929786,yes,5724.117494256563,912.6129882450394,4982.441,5551.508,569.067,COMPLETED,0,0,0
Person_1464,Person_1464_1,working,car,home,8110.486825371464,2888.3904065178563,city,8982.539674594882,6224.04271922478,4562.608,5553.306,990.6979999999994,COMPLETED,0,0,0
Person_9506,Person_9506_1,working,train,home,8241.787122707408,3969.305619695883,,8351.70415135049,2763.8378920000764,4262.342,5554.205,1291.8630000000003,COMPLETED,0,0,0
Person_1265,Person_1265_1,working,train,home,7215.21283753448,4046.3802123035293,,6383.066520287023,4062.6484057004186,782.313,5556.902,4774.589,COMPLETED,0,0,0
Person_8293,Person_8293_1,working,car,home,7634.474024761218,1895.3283347651904,city,10159.910029921817,195.30711077929786,5402.274,5559.599,157.32499999999982,COMPLETED,0,0,0
Person_292,Person_292_1,working,car,home,6718.175942857313,4736.94437299677,city,8982.539674594882,6224.04271922478,4562.608,5569.488,1006.8800000000001,COMPLETED,0,0,0
Person_9408,Person_9408_1,working,car,home,6943.48677846935,4623.189320554318,university,8640.52148904632,1242.1470644446506,5342.041,5571.286,229.2449999999999,COMPLETED,0,0,0
Person_4975,Person_4975_1,working,car,home,10159.910029921817,195.30711077929786,yes,5793.0530114198755,953.4497150225534,5102.008,5572.185,470.1770000000006,COMPLETED,0,0,0
Person_8275,Person_8275_1,working,car,home,8652.095513460143,2840.2553680440205,city,4771.159705068488,7798.325282355149,4562.608,5573.983,1011.375,COMPLETED,0,0,0
Person_4576,Person_4576_1,working,car,home,10159.910029921817,195.30711077929786,yes,5541.1526835726445,693.8344214903744,5222.474,5575.781,353.3069999999998,COMPLETED,0,0,0
Person_4532,Person_4532_1,working,car,home,4397.850118043295,5792.988281655017,city,10159.910029921817,195.30711077929786,5042.674,5577.579,534.9049999999997,COMPLETED,0,0,0
Person_577,Person_577_1,working,car,home,10159.910029921817,195.30711077929786,yes,7789.073139464166,3042.6442186859163,5162.241,5578.478,416.2370000000001,COMPLETED,0,0,0
Person_3659,Person_3659_1,working,train,home,5331.124239318726,5087.963626462384,,5324.662215615522,5920.8056375972865,1502.412,5578.478,4076.066,COMPLETED,0,0,0
Person_112,Person_112_1,working,car,home,10159.910029921817,195.30711077929786,yes,5860.356598451436,965.4940681894004,5102.008,5580.276,478.26800000000003,COMPLETED,0,0,0
Person_5063,Person_5063_1,working,car,home,4771.159705068488,7798.325282355149,industrial,8159.8609541577025,4931.226321273433,5102.008,5582.074,480.0659999999998,COMPLETED,0,0,0
Person_2668,Person_2668_1,working,car,home,10159.910029921817,195.30711077929786,industrial,6009.561965060655,4398.8440738464815,5042.674,5587.468,544.7939999999999,COMPLETED,0,0,0
Person_9227,Person_9227_1,working,train,home,7913.9561132940635,3360.9358750813703,,8351.70415135049,2763.8378920000764,4142.775,5590.165,1447.3900000000003,COMPLETED,0,0,0
Person_5889,Person_5889_1,working,car,home,6770.478903242352,4412.385094923397,city,10159.910029921817,195.30711077929786,5342.041,5591.064,249.02300000000014,COMPLETED,0,0,0
Person_2071,Person_2071_1,working,car,home,5375.983415624588,2785.730251965964,city,8982.539674594882,6224.04271922478,4922.208,5595.559,673.3510000000006,COMPLETED,0,0,0
Person_9057,Person_9057_1,working,car,home,10159.910029921817,195.30711077929786,yes,7586.247872389127,5402.37444462156,4802.641,5597.357,794.7160000000003,COMPLETED,0,0,0
Person_4585,Person_4585_1,working,walking,home,6479.929679620537,4046.2839778460684,university,6980.17060882167,3727.0047244733337,4142.775,5599.155,1456.38,COMPLETED,0,0,0
Person_1837,Person_1837_1,working,train,home,10159.910029921817,195.30711077929786,train_station,7403.550387787573,2333.205639013824,4502.375,5600.054,1097.679,COMPLETED,0,0,0
Person_9632,Person_9632_1,working,train,home,10159.910029921817,195.30711077929786,train_station,8443.137324611243,3167.0037369544502,4502.375,5600.054,1097.679,COMPLETED,0,0,0
Person_1119,Person_1119_1,working,car,home,4771.159705068488,7798.325282355149,yes,8584.522120735059,2924.295791054636,4381.909,5602.751,1220.8420000000006,COMPLETED,0,0,0
Person_3339,Person_3339_1,working,train,home,6147.802875563546,3658.8436642716542,,6383.066520287023,4062.6484057004186,4562.608,5602.751,1040.143,COMPLETED,0,0,0
Person_1302,Person_1302_1,working,car,home,8982.539674594882,6224.04271922478,yes,6547.126004590355,4210.0885297197,4562.608,5603.65,1041.0419999999995,COMPLETED,0,0,0
Person_8176,Person_8176_1,working,car,home,7865.016774111744,5326.698789113818,university,6897.893782272236,3752.9120240344228,5282.707,5605.448,322.741,COMPLETED,0,0,0
Person_6856,Person_6856_1,working,car,home,10159.910029921817,195.30711077929786,yes,6980.654376326508,2060.8135515909603,5282.707,5614.438,331.73099999999977,COMPLETED,0,0,0
Person_2251,Person_2251_1,working,car,home,7039.325825926485,3828.9022781493213,city,10159.910029921817,195.30711077929786,5342.041,5616.236,274.1949999999997,COMPLETED,0,0,0
Person_6971,Person_6971_1,working,car,home,10159.910029921817,195.30711077929786,school,8038.675694283114,5107.462994554739,4922.208,5618.034,695.826,COMPLETED,0,0,0
Person_4082,Person_4082_1,working,car,home,6134.538018381288,2577.6230682418773,city,10159.910029921817,195.30711077929786,5342.041,5618.034,275.9929999999995,COMPLETED,0,0,0
Person_3935,Person_3935_1,working,train,home,6777.3616701851615,4166.41347428811,,6383.066520287023,4062.6484057004186,4562.608,5623.428,1060.8199999999997,COMPLETED,0,0,0
Person_3096,Person_3096_1,working,car,home,8982.047738345336,3605.4479699882354,city,812.749230267771,6686.310237051298,4562.608,5629.721,1067.1129999999994,COMPLETED,0,0,0
Person_4547,Person_4547_1,working,car,home,5714.962782125949,4650.511685091676,city,10159.910029921817,195.30711077929786,5162.241,5629.721,467.47999999999956,COMPLETED,0,0,0
Person_7943,Person_7943_1,working,train,home,6536.562012350028,4132.386658733924,,6383.066520287023,4062.6484057004186,4922.208,5629.721,707.5129999999999,COMPLETED,0,0,0
Person_3557,Person_3557_1,working,walking,home,6900.599356743235,4907.091320514722,university,5872.083656560459,2982.14688861395,3.779,5631.519,5627.74,COMPLETED,0,0,0
Person_8256,Person_8256_1,working,car,home,6429.636705202961,3392.16793427091,university,8680.422548567441,1236.9101943957473,4682.175,5638.711,956.5360000000001,COMPLETED,0,0,0
Person_7006,Person_7006_1,working,car,home,10159.910029921817,195.30711077929786,yes,7900.886405678909,1612.9171889865409,5342.041,5640.509,298.46799999999985,COMPLETED,0,0,0
Person_5767,Person_5767_1,working,walking,home,7394.161777826096,4750.611795616419,university,6980.17060882167,3727.0047244733337,4022.309,5646.802,1624.4929999999995,COMPLETED,0,0,0
Person_5101,Person_5101_1,working,walking,home,6713.5443810280785,3870.366146862677,university,6839.399852089795,3585.511730890991,4802.641,5653.095,850.4540000000006,COMPLETED,0,0,0
Person_8978,Person_8978_1,working,car,home,812.749230267771,6686.310237051298,yes,7646.768031843379,4570.470315234524,4802.641,5653.994,851.3530000000001,COMPLETED,0,0,0
Person_6795,Person_6795_1,working,car,home,5460.652697186963,3216.1948744823926,university,6980.17060882167,3727.0047244733337,4742.408,5654.893,912.4849999999997,COMPLETED,0,0,0
Person_5196,Person_5196_1,working,car,home,10159.910029921817,195.30711077929786,yes,5594.102458018956,863.0451497116043,4682.175,5655.792,973.6170000000002,COMPLETED,0,0,0
Person_4862,Person_4862_1,working,car,home,4771.159705068488,7798.325282355149,university,5872.083656560459,2982.14688861395,5042.674,5655.792,613.1180000000004,COMPLETED,0,0,0
Person_4468,Person_4468_1,working,car,home,10159.910029921817,195.30711077929786,yes,6078.546605548618,4986.136231629336,4502.375,5657.59,1155.2150000000001,COMPLETED,0,0,0
Person_4123,Person_4123_1,working,car,home,4065.2060983642004,1289.6729660000035,yes,5975.258813427204,1076.143366987782,3962.076,5659.388,1697.312,COMPLETED,0,0,0
Person_4047,Person_4047_1,working,car,home,10159.910029921817,195.30711077929786,yes,6298.134156638382,3589.223491054247,4682.175,5659.388,977.2129999999997,COMPLETED,0,0,0
Person_3442,Person_3442_1,working,train,home,126.82488358348685,4319.6356930350885,train_station,8017.230938100275,4418.356292367983,3722.043,5661.186,1939.1429999999996,COMPLETED,0,0,0
Person_2695,Person_2695_1,working,train,home,126.82488358348685,4319.6356930350885,train_station,6341.509934138824,4463.547095303098,3782.276,5661.186,1878.9099999999999,COMPLETED,0,0,0
Person_1694,Person_1694_1,working,train,home,126.82488358348685,4319.6356930350885,train_station,5887.791508799354,2982.146731596164,3842.509,5661.186,1818.6769999999997,COMPLETED,0,0,0
Person_7642,Person_7642_1,working,train,home,126.82488358348685,4319.6356930350885,train_station,8640.52148904632,1242.1470644446506,3842.509,5661.186,1818.6769999999997,COMPLETED,0,0,0
Person_5199,Person_5199_1,working,train,home,126.82488358348685,4319.6356930350885,train_station,5683.9043697458255,922.9045081591049,3962.076,5661.186,1699.1099999999997,COMPLETED,0,0,0
Person_8555,Person_8555_1,working,train,home,126.82488358348685,4319.6356930350885,train_station,6005.505860103496,3733.9804940627046,4022.309,5661.186,1638.8769999999995,COMPLETED,0,0,0
Person_7048,Person_7048_1,working,train,home,126.82488358348685,4319.6356930350885,train_station,5860.356598451436,965.4940681894004,4442.142,5661.186,1219.0439999999999,COMPLETED,0,0,0
Person_4698,Person_4698_1,working,train,home,126.82488358348685,4319.6356930350885,train_station,6409.442808419304,3676.8666728127755,5042.674,5661.186,618.5119999999997,COMPLETED,0,0,0
Person_2066,Person_2066_1,working,train,home,126.82488358348685,4319.6356930350885,train_station,5970.843613094605,977.0948440856228,5102.008,5661.186,559.1779999999999,COMPLETED,0,0,0
Person_522,Person_522_1,working,train,home,126.82488358348685,4319.6356930350885,train_station,8535.562026096486,1068.5548499686067,5402.274,5661.186,258.91199999999935,COMPLETED,0,0,0
Person_2641,Person_2641_1,working,train,home,126.82488358348685,4319.6356930350885,train_station,3840.0020666479354,1709.8191579747324,5402.274,5661.186,258.91199999999935,COMPLETED,0,0,0
Person_6521,Person_6521_1,working,train,home,126.82488358348685,4319.6356930350885,train_station,6451.821586100195,3200.551272926657,5402.274,5661.186,258.91199999999935,COMPLETED,0,0,0
Person_7528,Person_7528_1,working,train,home,126.82488358348685,4319.6356930350885,train_station,7713.916057010627,4949.372110769741,5402.274,5661.186,258.91199999999935,COMPLETED,0,0,0
Person_7425,Person_7425_1,working,car,home,8982.539674594882,6224.04271922478,hospital,6751.432458298703,4275.985273547054,4922.208,5668.378,746.1700000000001,COMPLETED,0,0,0
Person_2308,Person_2308_1,working,train,home,4914.336599223096,6049.077612396785,,5324.662215615522,5920.8056375972865,4922.208,5668.378,746.1700000000001,COMPLETED,0,0,0
Person_536,Person_536_1,working,train,home,7128.260088853026,3963.8177194398577,,6383.066520287023,4062.6484057004186,4022.309,5669.277,1646.9679999999998,COMPLETED,0,0,0
Person_4291,Person_4291_1,working,car,home,7867.405720457773,4970.3937157634655,city,4771.159705068488,7798.325282355149,5282.707,5672.873,390.16599999999926,COMPLETED,0,0,0
Person_1327,Person_1327_1,working,car,home,7254.7682334700385,3837.0281703660553,city,4771.159705068488,7798.325282355149,4982.441,5673.772,691.3310000000001,COMPLETED,0,0,0
Person_1469,Person_1469_1,working,car,home,6770.478903242352,4412.385094923397,university,8640.52148904632,1242.1470644446506,4562.608,5674.671,1112.063,COMPLETED,0,0,0
Person_798,Person_798_1,working,car,home,10159.910029921817,195.30711077929786,yes,5751.3537016662885,944.0848306476763,5222.474,5675.57,453.09599999999955,COMPLETED,0,0,0
Person_8737,Person_8737_1,working,car,home,4771.159705068488,7798.325282355149,yes,7318.445352721327,3699.3143080897526,4562.608,5676.469,1113.8609999999999,COMPLETED,0,0,0
Person_4925,Person_4925_1,working,car,home,10159.910029921817,195.30711077929786,yes,7142.077343133339,4362.628693693856,5222.474,5678.267,455.79299999999967,COMPLETED,0,0,0
Person_4361,Person_4361_1,working,car,home,8183.507709327339,4064.8066463729015,university,8640.52148904632,1242.1470644446506,4982.441,5680.964,698.5230000000001,COMPLETED,0,0,0
Person_5148,Person_5148_1,working,car,home,4771.159705068488,7798.325282355149,yes,6704.092430655238,3548.65606764252,5102.008,5684.56,582.5520000000006,COMPLETED,0,0,0
Person_4946,Person_4946_1,working,car,home,4065.2060983642004,1289.6729660000035,yes,7804.077021138356,3024.907262147725,4502.375,5691.752,1189.3770000000004,COMPLETED,0,0,0
Person_2353,Person_2353_1,working,car,home,8860.967175188276,2583.8116613105476,city,10159.910029921817,195.30711077929786,4922.208,5701.641,779.433,COMPLETED,0,0,0
Person_5730,Person_5730_1,working,train,home,8043.219188948326,3680.4429258924765,,8351.70415135049,2763.8378920000764,4142.775,5704.338,1561.563,COMPLETED,0,0,0
Person_3308,Person_3308_1,working,car,home,7699.7911243056715,5399.754614347111,city,10159.910029921817,195.30711077929786,3782.276,5708.833,1926.5569999999998,COMPLETED,0,0,0
Person_9115,Person_9115_1,working,car,home,126.82488358348685,4319.6356930350885,yes,6049.844916759802,3647.462238366518,5402.274,5708.833,306.5589999999993,COMPLETED,0,0,0
Person_3736,Person_3736_1,working,car,home,5345.731405217065,3173.6066224009487,university,5887.791508799354,2982.146731596164,5402.274,5716.025,313.7509999999993,COMPLETED,0,0,0
Person_6025,Person_6025_1,working,train,home,6533.158212108073,4107.191105664971,,6383.066520287023,4062.6484057004186,4742.408,5722.318,979.9099999999999,COMPLETED,0,0,0
Person_6161,Person_6161_1,working,car,home,8901.460187012115,2506.290123516297,school,8499.036194378996,3962.126999265153,4861.975,5725.015,863.04,COMPLETED,0,0,0
Person_711,Person_711_1,working,car,home,7047.487866733965,1871.9866685069178,city,8982.539674594882,6224.04271922478,5222.474,5725.914,503.4399999999996,COMPLETED,0,0,0
Person_5003,Person_5003_1,working,car,home,8653.62427426219,2869.688891507495,city,8982.539674594882,6224.04271922478,5402.274,5730.409,328.1349999999993,COMPLETED,0,0,0
Person_7479,Person_7479_1,working,car,home,5480.938169391848,2312.821500267791,city,10159.910029921817,195.30711077929786,5162.241,5733.106,570.8649999999998,COMPLETED,0,0,0
Person_293,Person_293_1,working,walking,home,6718.175942857313,4736.94437299677,university,5887.791508799354,2982.146731596164,1502.412,5733.106,4230.6939999999995,COMPLETED,0,0,0
Person_4984,Person_4984_1,working,car,home,4771.159705068488,7798.325282355149,industrial,8556.10149806124,943.2158370176192,5282.707,5734.005,451.2979999999998,COMPLETED,0,0,0
Person_6447,Person_6447_1,working,train,home,8201.548779401348,2961.792462947791,,8351.70415135049,2763.8378920000764,4502.375,5734.005,1231.63,COMPLETED,0,0,0
Person_9727,Person_9727_1,working,car,home,5026.542751093452,4946.049046991023,university,5872.083656560459,2982.14688861395,4861.975,5734.904,872.9290000000001,COMPLETED,0,0,0
Person_5256,Person_5256_1,working,car,home,8197.94831446867,3892.7512431940722,city,10159.910029921817,195.30711077929786,5282.707,5742.096,459.3889999999992,COMPLETED,0,0,0
Person_1111,Person_1111_1,working,car,home,4065.2060983642004,1289.6729660000035,yes,5371.432033884396,991.4886004719417,4682.175,5746.591,1064.4160000000002,COMPLETED,0,0,0
Person_3858,Person_3858_1,working,car,home,7621.200565634576,5434.855152440541,city,10159.910029921817,195.30711077929786,5102.008,5746.591,644.5830000000005,COMPLETED,0,0,0
Person_717,Person_717_1,working,car,home,5481.346262485102,970.1313140664925,city,10159.910029921817,195.30711077929786,4202.109,5748.389,1546.2799999999997,COMPLETED,0,0,0
Person_8628,Person_8628_1,working,car,home,126.82488358348685,4319.6356930350885,yes,6694.4920206596635,4123.977867193675,4442.142,5748.389,1306.2470000000003,COMPLETED,0,0,0
Person_2800,Person_2800_1,working,car,home,10159.910029921817,195.30711077929786,yes,6362.931297901687,3566.5853973758317,5102.008,5749.288,647.2799999999997,COMPLETED,0,0,0
Person_7920,Person_7920_1,working,train,home,8051.563916916891,3923.53601757915,,8351.70415135049,2763.8378920000764,4262.342,5749.288,1486.946,COMPLETED,0,0,0
Person_4819,Person_4819_1,working,car,home,10159.910029921817,195.30711077929786,yes,6737.324565652624,5041.562928716112,4861.975,5753.783,891.808,COMPLETED,0,0,0
Person_4057,Person_4057_1,working,car,home,6034.795318830083,2597.1663492245502,university,6980.17060882167,3727.0047244733337,4682.175,5754.682,1072.5069999999996,COMPLETED,0,0,0
Person_3762,Person_3762_1,working,car,home,7649.581703618721,4955.360899361229,university,6451.821586100195,3200.551272926657,4802.641,5755.581,952.9400000000005,COMPLETED,0,0,0
Person_8157,Person_8157_1,working,car,home,5355.86809857001,1172.5143375565085,city,10159.910029921817,195.30711077929786,5282.707,5758.278,475.5709999999999,COMPLETED,0,0,0
Person_7815,Person_7815_1,working,car,home,10159.910029921817,195.30711077929786,yes,7849.625155333954,3121.82938554597,5402.274,5759.177,356.90299999999934,COMPLETED,0,0,0
Person_6457,Person_6457_1,working,train,home,6577.522751954366,4095.45779486714,,6383.066520287023,4062.6484057004186,4562.608,5760.975,1198.3670000000002,COMPLETED,0,0,0
Person_2787,Person_2787_1,working,car,home,4065.2060983642004,1289.6729660000035,yes,6871.113672842544,4186.361364772343,5162.241,5764.571,602.3299999999999,COMPLETED,0,0,0
Person_6196,Person_6196_1,working,train,home,7560.687382666011,5343.3538571201625,,6383.066520287023,4062.6484057004186,1682.212,5769.066,4086.854,COMPLETED,0,0,0
Person_1169,Person_1169_1,working,car,home,8200.850208546883,2945.1030931045284,city,10159.910029921817,195.30711077929786,4621.942,5769.965,1148.0230000000001,COMPLETED,0,0,0
Person_5670,Person_5670_1,working,car,home,4771.159705068488,7798.325282355149,industrial,7891.1188328616845,4633.705252825012,5342.041,5769.965,427.924,COMPLETED,0,0,0
Person_4990,Person_4990_1,working,car,home,9055.021387619097,3278.648703776205,city,10159.910029921817,195.30711077929786,5282.707,5781.652,498.9449999999997,COMPLETED,0,0,0
Person_4394,Person_4394_1,working,car,home,126.82488358348685,4319.6356930350885,yes,6963.155310984683,4251.48432992937,5102.008,5784.349,682.3410000000003,COMPLETED,0,0,0
Person_8143,Person_8143_1,working,car,home,5630.0723282266645,4874.816674621404,city,10159.910029921817,195.30711077929786,5222.474,5786.147,563.6729999999998,COMPLETED,0,0,0
Person_9574,Person_9574_1,working,car,home,10159.910029921817,195.30711077929786,yes,6914.0771788846,1938.1818943651542,5342.041,5787.945,445.90399999999954,COMPLETED,0,0,0
Person_189,Person_189_1,working,car,home,6378.367670504114,4616.683560031334,university,6850.81127161198,3522.934095561738,5402.274,5789.743,387.46900000000005,COMPLETED,0,0,0
Person_9485,Person_9485_1,working,car,home,10159.910029921817,195.30711077929786,yes,6115.667630367897,3548.1070068141685,4982.441,5793.339,810.8980000000001,COMPLETED,0,0,0
Person_8452,Person_8452_1,working,car,home,10159.910029921817,195.30711077929786,industrial,5463.007611605549,4067.427851331974,5402.274,5794.238,391.96399999999994,COMPLETED,0,0,0
Person_7589,Person_7589_1,working,car,home,7708.136497235865,5127.641835902184,city,10159.910029921817,195.30711077929786,4742.408,5797.834,1055.4259999999995,COMPLETED,0,0,0
Person_4688,Person_4688_1,working,train,home,5720.3508982908725,4654.052536257271,,6383.066520287023,4062.6484057004186,4262.342,5801.43,1539.0880000000006,COMPLETED,0,0,0
Person_6295,Person_6295_1,working,car,home,4065.2060983642004,1289.6729660000035,industrial,8586.913593099713,4825.157447870736,4861.975,5804.127,942.152,COMPLETED,0,0,0
Person_8457,Person_8457_1,working,car,home,4771.159705068488,7798.325282355149,industrial,9052.248701527655,4224.022920642554,5102.008,5804.127,702.1190000000006,COMPLETED,0,0,0
Person_3452,Person_3452_1,working,car,home,4771.159705068488,7798.325282355149,yes,6062.140836905099,3423.485241986161,4922.208,5808.622,886.4140000000007,COMPLETED,0,0,0
Person_694,Person_694_1,working,car,home,8810.058464444248,2316.8956134598407,city,10159.910029921817,195.30711077929786,4982.441,5811.319,828.8780000000006,COMPLETED,0,0,0
Person_1433,Person_1433_1,working,car,home,10159.910029921817,195.30711077929786,yes,6241.206149290495,4382.132078702237,4922.208,5814.915,892.7070000000003,COMPLETED,0,0,0
Person_8732,Person_8732_1,working,train,home,6028.57011243997,4787.539005106403,,6383.066520287023,4062.6484057004186,3782.276,5816.713,2034.437,COMPLETED,0,0,0
Person_2738,Person_2738_1,working,train,home,6711.807482846853,4679.929239565191,,6383.066520287023,4062.6484057004186,4621.942,5817.612,1195.67,COMPLETED,0,0,0
Person_4145,Person_4145_1,working,train,home,8667.570316991274,2401.5875818903837,,8351.70415135049,2763.8378920000764,4802.641,5817.612,1014.9710000000005,COMPLETED,0,0,0
Person_7821,Person_7821_1,working,car,home,4771.159705068488,7798.325282355149,industrial,6141.706990525439,4391.808920246126,5222.474,5828.4,605.9259999999995,COMPLETED,0,0,0
Person_5102,Person_5102_1,working,train,home,6713.5443810280785,3870.366146862677,,6383.066520287023,4062.6484057004186,4262.342,5828.4,1566.058,COMPLETED,0,0,0
Person_2832,Person_2832_1,working,car,home,6091.959279814919,5050.955469896622,university,5887.791508799354,2982.146731596164,4861.975,5829.299,967.3239999999996,COMPLETED,0,0,0
Person_8374,Person_8374_1,working,walking,home,7831.290161040182,5051.050239523647,kindergarten,7813.595747654742,5246.369333041357,5402.274,5833.794,431.5199999999995,COMPLETED,0,0,0
Person_4592,Person_4592_1,working,car,home,4771.159705068488,7798.325282355149,yes,6226.6792565623455,4495.063875910483,5282.707,5837.39,554.683,COMPLETED,0,0,0
Person_2868,Person_2868_1,working,car,home,5390.713194894974,5589.016054041392,school,8424.219877122703,3037.381678006474,4502.375,5841.885,1339.5100000000002,COMPLETED,0,0,0
Person_1520,Person_1520_1,working,car,home,8807.400528291744,2467.567248082928,university,6980.17060882167,3727.0047244733337,5162.241,5842.784,680.5429999999997,COMPLETED,0,0,0
Person_5650,Person_5650_1,working,car,home,5684.964397866608,2270.2799940161067,university,6753.286006283763,3714.7935438899995,5102.008,5845.481,743.473,COMPLETED,0,0,0
Person_1834,Person_1834_1,working,car,home,126.82488358348685,4319.6356930350885,retail,6534.676323992155,3775.028075469656,5042.674,5847.279,804.6050000000005,COMPLETED,0,0,0
Person_4025,Person_4025_1,working,car,home,10159.910029921817,195.30711077929786,yes,5570.324451096146,713.2124205153094,4621.942,5849.077,1227.1350000000002,COMPLETED,0,0,0
Person_3415,Person_3415_1,working,walking,home,7848.8208430201075,4890.895545781037,university,6839.399852089795,3585.511730890991,3962.076,5849.077,1887.0010000000002,COMPLETED,0,0,0
Person_7163,Person_7163_1,working,car,home,7888.259092096083,3154.5266193775205,city,8982.539674594882,6224.04271922478,5162.241,5849.976,687.7349999999997,COMPLETED,0,0,0
Person_4903,Person_4903_1,working,car,home,10159.910029921817,195.30711077929786,school,8453.262811458328,4022.021617409427,5222.474,5853.572,631.098,COMPLETED,0,0,0
Person_3857,Person_3857_1,working,train,home,7621.200565634576,5434.855152440541,,6383.066520287023,4062.6484057004186,902.779,5854.471,4951.691999999999,COMPLETED,0,0,0
Person_2993,Person_2993_1,working,train,home,6726.449270288203,4170.804743487382,,6383.066520287023,4062.6484057004186,4922.208,5855.37,933.1620000000003,COMPLETED,0,0,0
Person_57,Person_57_1,working,car,home,10159.910029921817,195.30711077929786,yes,6442.235491717177,4372.821708470391,4802.641,5857.168,1054.527,COMPLETED,0,0,0
Person_8774,Person_8774_1,working,train,home,7643.737025680254,3215.2155674697274,,8351.70415135049,2763.8378920000764,4802.641,5858.067,1055.4260000000004,COMPLETED,0,0,0
Person_5461,Person_5461_1,working,car,home,8421.024066000193,3832.3028167334437,city,812.749230267771,6686.310237051298,4022.309,5863.461,1841.152,COMPLETED,0,0,0
Person_7430,Person_7430_1,working,train,home,6922.426039534189,4229.278676513147,,6383.066520287023,4062.6484057004186,4802.641,5867.956,1065.3150000000005,COMPLETED,0,0,0
Person_7383,Person_7383_1,working,car,home,8982.539674594882,6224.04271922478,university,6451.821586100195,3200.551272926657,4502.375,5868.855,1366.4799999999996,COMPLETED,0,0,0
Person_8553,Person_8553_1,working,train,home,7666.490654317777,4966.253746423673,,6383.066520287023,4062.6484057004186,1202.146,5870.653,4668.5070000000005,COMPLETED,0,0,0
Person_1861,Person_1861_1,working,car,home,4771.159705068488,7798.325282355149,yes,4805.529665615698,5700.350186200892,5282.707,5873.35,590.643,COMPLETED,0,0,0
Person_2008,Person_2008_1,working,car,home,7212.023295567524,4663.937732430972,city,10159.910029921817,195.30711077929786,4861.975,5874.249,1012.2739999999994,COMPLETED,0,0,0
Person_5376,Person_5376_1,working,train,home,7326.241633871126,4245.588063934467,,6383.066520287023,4062.6484057004186,2.88,5874.249,5871.369,COMPLETED,0,0,0
Person_937,Person_937_1,working,train,home,4537.662459230747,5820.87323167803,,5324.662215615522,5920.8056375972865,4262.342,5877.845,1615.5030000000006,COMPLETED,0,0,0
Person_3310,Person_3310_1,working,car,home,126.82488358348685,4319.6356930350885,yes,7036.629479878563,5035.6573885901635,5402.274,5878.744,476.46999999999935,COMPLETED,0,0,0
Person_5794,Person_5794_1,working,car,home,6755.688264549655,4176.487481184119,university,8640.52148904632,1242.1470644446506,4262.342,5890.431,1628.089,COMPLETED,0,0,0
Person_6623,Person_6623_1,working,car,home,10159.910029921817,195.30711077929786,yes,6934.179420300133,5379.15141599818,5042.674,5906.613,863.9390000000003,COMPLETED,0,0,0
Person_6359,Person_6359_1,working,car,home,8815.359206766841,2488.893630091484,university,5872.083656560459,2982.14688861395,5342.041,5915.603,573.5619999999999,COMPLETED,0,0,0
Person_2778,Person_2778_1,working,car,home,6815.592474505131,4731.136926094913,city,10159.910029921817,195.30711077929786,3962.076,5918.3,1956.2240000000002,COMPLETED,0,0,0
Person_4594,Person_4594_1,working,train,home,4990.094944550662,6140.730410249506,,5324.662215615522,5920.8056375972865,5342.041,5920.997,578.9560000000001,COMPLETED,0,0,0
Person_5840,Person_5840_1,working,walking,home,7344.243824814457,4045.4547186655236,university,6850.81127161198,3522.934095561738,4082.542,5925.492,1842.9500000000003,COMPLETED,0,0,0
Person_8069,Person_8069_1,working,car,home,10159.910029921817,195.30711077929786,university,6839.399852089795,3585.511730890991,5282.707,5926.391,643.6839999999993,COMPLETED,0,0,0
Person_2992,Person_2992_1,working,train,home,6726.449270288203,4170.804743487382,,6383.066520287023,4062.6484057004186,4861.975,5932.684,1070.7089999999998,COMPLETED,0,0,0
Person_9379,Person_9379_1,working,car,home,7425.735289673054,4114.116886575603,city,10159.910029921817,195.30711077929786,5342.041,5933.583,591.5419999999995,COMPLETED,0,0,0
Person_5268,Person_5268_1,working,car,home,8305.430714367854,3668.268138696285,university,8680.422548567441,1236.9101943957473,5222.474,5934.482,712.0079999999998,COMPLETED,0,0,0
Person_6540,Person_6540_1,working,train,home,7086.675676378576,4100.0532053833,,6383.066520287023,4062.6484057004186,4562.608,5934.482,1371.8739999999998,COMPLETED,0,0,0
Person_8070,Person_8070_1,working,car,home,10159.910029921817,195.30711077929786,industrial,7948.94640156128,4469.588052297396,4682.175,5937.179,1255.004,COMPLETED,0,0,0
Person_7248,Person_7248_1,working,car,home,10159.910029921817,195.30711077929786,industrial,4053.041774851472,1761.313715444711,5042.674,5938.977,896.3029999999999,COMPLETED,0,0,0
Person_8816,Person_8816_1,working,car,home,10159.910029921817,195.30711077929786,yes,6382.08327367378,4413.605275378321,5282.707,5944.371,661.6639999999998,COMPLETED,0,0,0
Person_7603,Person_7603_1,working,car,home,8623.644141845765,1394.4633683037619,kindergarten,7813.595747654742,5246.369333041357,4922.208,5948.866,1026.6580000000004,COMPLETED,0,0,0
Person_2385,Person_2385_1,working,car,home,8952.611348545477,2850.997022045212,university,6897.893782272236,3752.9120240344228,5402.274,5952.462,550.1880000000001,COMPLETED,0,0,0
Person_7182,Person_7182_1,working,car,home,8982.539674594882,6224.04271922478,yes,7162.228385115721,5217.142387140193,4982.441,5956.058,973.6170000000002,COMPLETED,0,0,0
Person_944,Person_944_1,working,car,home,4065.2060983642004,1289.6729660000035,yes,6634.712846530981,4684.100670226005,4861.975,5958.755,1096.7799999999997,COMPLETED,0,0,0
Person_6419,Person_6419_1,working,car,home,126.82488358348685,4319.6356930350885,yes,5658.469310641232,535.4033358408961,4982.441,5958.755,976.3140000000003,COMPLETED,0,0,0
Person_1293,Person_1293_1,working,car,home,10159.910029921817,195.30711077929786,yes,7215.487578071942,3836.7504722914036,5222.474,5964.149,741.6750000000002,COMPLETED,0,0,0
Person_6735,Person_6735_1,working,car,home,4065.2060983642004,1289.6729660000035,yes,6761.196198044814,5471.668178601842,5222.474,5964.149,741.6750000000002,COMPLETED,0,0,0
Person_8552,Person_8552_1,working,car,home,5473.167800555768,2855.88189218735,city,8982.539674594882,6224.04271922478,4802.641,5965.048,1162.4070000000002,COMPLETED,0,0,0
Person_7280,Person_7280_1,working,train,home,7094.712544273197,3791.6786508434257,,6383.066520287023,4062.6484057004186,62.214,5965.048,5902.834,COMPLETED,0,0,0
Person_7846,Person_7846_1,working,car,home,7898.775305709708,3323.3433472555553,kindergarten,8588.876066519004,2384.539250749051,5402.274,5966.846,564.5719999999992,COMPLETED,0,0,0
Person_443,Person_443_1,working,car,home,10159.910029921817,195.30711077929786,retail,8853.713294719126,3251.3761895317916,4982.441,5971.341,988.9000000000005,COMPLETED,0,0,0
Person_697,Person_697_1,working,car,home,10159.910029921817,195.30711077929786,yes,7203.429091889675,4395.774980385312,5402.274,5971.341,569.067,COMPLETED,0,0,0
Person_4352,Person_4352_1,working,train,home,9007.770224009759,2518.7391672017156,,8351.70415135049,2763.8378920000764,5042.674,5975.836,933.1620000000003,COMPLETED,0,0,0
Person_3313,Person_3313_1,working,train,home,6844.611201599066,3908.724771863354,,6383.066520287023,4062.6484057004186,2.88,5980.331,5977.451,COMPLETED,0,0,0
Person_6605,Person_6605_1,working,car,home,6658.447343029776,4737.202102339228,city,8982.539674594882,6224.04271922478,5402.274,5985.725,583.451,COMPLETED,0,0,0
Person_5144,Person_5144_1,working,car,home,5592.631385676873,636.4997117561862,city,4771.159705068488,7798.325282355149,5222.474,5986.624,764.1499999999996,COMPLETED,0,0,0
Person_8515,Person_8515_1,working,car,home,8181.9905119995465,2217.6990472557245,city,8982.539674594882,6224.04271922478,5342.041,5987.523,645.482,COMPLETED,0,0,0
Person_2741,Person_2741_1,working,car,home,4065.2060983642004,1289.6729660000035,school,8832.69820418768,3203.7521812503664,4982.441,5988.422,1005.9809999999998,COMPLETED,0,0,0
Person_4703,Person_4703_1,working,car,home,4065.2060983642004,1289.6729660000035,yes,7794.570551588523,5063.379332348287,5282.707,5989.321,706.6139999999996,COMPLETED,0,0,0
Person_6240,Person_6240_1,working,train,home,4490.643034166135,5736.2947628916245,,5324.662215615522,5920.8056375972865,3662.709,5990.22,2327.5110000000004,COMPLETED,0,0,0
Person_1719,Person_1719_1,working,car,home,10159.910029921817,195.30711077929786,yes,6420.982915854868,4385.557420066445,5042.674,5996.513,953.8389999999999,COMPLETED,0,0,0
Person_9322,Person_9322_1,working,car,home,8982.539674594882,6224.04271922478,yes,6389.331886490684,3660.81680505407,5282.707,5996.513,713.8059999999996,COMPLETED,0,0,0
Person_2018,Person_2018_1,working,car,home,10159.910029921817,195.30711077929786,kindergarten,7829.653627273629,4416.211188657,5222.474,6001.907,779.433,COMPLETED,0,0,0
Person_2153,Person_2153_1,working,car,home,8982.539674594882,6224.04271922478,yes,6021.580949260571,3628.1347878156166,5222.474,6004.604,782.1300000000001,COMPLETED,0,0,0
Person_3047,Person_3047_1,working,car,home,8170.217747674571,3824.2826721320985,city,4771.159705068488,7798.325282355149,4982.441,6005.503,1023.0619999999999,COMPLETED,0,0,0
Person_2747,Person_2747_1,working,car,home,6401.7073513011865,4453.822055487786,city,8982.539674594882,6224.04271922478,5162.241,6010.897,848.656,COMPLETED,0,0,0
Person_3648,Person_3648_1,working,train,home,8240.329951329873,2139.0622507998546,,8351.70415135049,2763.8378920000764,3662.709,6017.19,2354.4809999999998,COMPLETED,0,0,0
Person_558,Person_558_1,working,car,home,4771.159705068488,7798.325282355149,yes,6841.490729972725,2948.583193915357,5342.041,6027.978,685.9369999999999,COMPLETED,0,0,0
Person_5572,Person_5572_1,working,car,home,8761.74657446482,4354.894507984215,university,5901.5627362491805,2994.702412765903,5402.274,6028.877,626.6030000000001,COMPLETED,0,0,0
Person_899,Person_899_1,working,car,home,4771.159705068488,7798.325282355149,yes,5912.718123880397,4294.357787896209,4982.441,6030.675,1048.2340000000004,COMPLETED,0,0,0
Person_2867,Person_2867_1,working,train,home,4404.590896002045,5796.288499795639,,5324.662215615522,5920.8056375972865,4562.608,6042.362,1479.754,COMPLETED,0,0,0
Person_5748,Person_5748_1,working,car,home,7748.365420703783,3687.3580634438613,city,10159.910029921817,195.30711077929786,5342.041,6044.16,702.1189999999997,COMPLETED,0,0,0
Person_4898,Person_4898_1,working,train,home,7925.027391515089,2894.7285598619724,,8351.70415135049,2763.8378920000764,4322.575,6048.655,1726.08,COMPLETED,0,0,0
Person_4362,Person_4362_1,working,car,home,8183.507709327339,4064.8066463729015,city,4771.159705068488,7798.325282355149,5282.707,6052.251,769.5439999999999,COMPLETED,0,0,0
Person_7842,Person_7842_1,working,car,home,5676.325271811342,660.5614988490302,university,5887.791508799354,2982.146731596164,5342.041,6059.443,717.402,COMPLETED,0,0,0
Person_6552,Person_6552_1,working,train,home,5760.784371149721,4603.625675773926,,6383.066520287023,4062.6484057004186,3722.043,6069.332,2347.289,COMPLETED,0,0,0
Person_5848,Person_5848_1,working,car,home,126.82488358348685,4319.6356930350885,yes,6155.531383620622,3528.6926294483224,4922.208,6093.605,1171.397,COMPLETED,0,0,0
Person_4074,Person_4074_1,working,train,home,7847.474449074448,3631.2411566585897,,8351.70415135049,2763.8378920000764,4262.342,6093.605,1831.263,COMPLETED,0,0,0
Person_1115,Person_1115_1,working,car,home,5410.872456753926,3203.0919826244362,city,8982.539674594882,6224.04271922478,5222.474,6094.504,872.0299999999997,COMPLETED,0,0,0
Person_91,Person_91_1,working,car,home,812.749230267771,6686.310237051298,yes,6172.378356558978,4477.503159533712,4742.408,6099.898,1357.4899999999998,COMPLETED,0,0,0
Person_7549,Person_7549_1,working,walking,home,8015.509018930359,2414.3237176755533,school,8949.410883229664,3371.092297283396,4742.408,6099.898,1357.4899999999998,COMPLETED,0,0,0
Person_7496,Person_7496_1,working,car,home,7775.623345129226,3119.8079748700957,city,10159.910029921817,195.30711077929786,5282.707,6100.797,818.0899999999992,COMPLETED,0,0,0
Person_4235,Person_4235_1,working,car,home,8370.089547090074,3313.603223604212,university,6753.286006283763,3714.7935438899995,5402.274,6108.888,706.6139999999996,COMPLETED,0,0,0
Person_9291,Person_9291_1,working,car,home,10159.910029921817,195.30711077929786,yes,6055.143880411356,5050.666938624947,5162.241,6123.272,961.031,COMPLETED,0,0,0
Person_7525,Person_7525_1,working,walking,home,7711.8012772319935,3379.592142621142,school,8759.846150965457,2634.994176267512,4562.608,6127.767,1565.1589999999997,COMPLETED,0,0,0
Person_5398,Person_5398_1,working,car,home,8875.583226912313,2394.032647840547,university,5908.061135515454,2983.961702940033,5402.274,6128.666,726.3919999999998,COMPLETED,0,0,0
Person_7195,Person_7195_1,working,walking,home,5896.101232459369,4734.625231464103,school,6178.314596811026,2972.721994299326,3602.476,6132.262,2529.7859999999996,COMPLETED,0,0,0
Person_2783,Person_2783_1,working,car,home,7798.583055977031,3115.8254682023758,school,8771.070745378134,3029.6096100662385,5342.041,6138.555,796.5140000000001,COMPLETED,0,0,0
Person_1354,Person_1354_1,working,car,home,6078.095828925855,4878.776380851692,city,10159.910029921817,195.30711077929786,4982.441,6140.353,1157.9120000000003,COMPLETED,0,0,0
Person_2318,Person_2318_1,working,train,home,5531.369217321066,2573.71227586699,,6383.066520287023,4062.6484057004186,362.48,6141.252,5778.772000000001,COMPLETED,0,0,0
Person_9012,Person_9012_1,working,car,home,8982.539674594882,6224.04271922478,yes,6572.9742257499065,4135.854880569613,4682.175,6142.151,1459.9759999999997,COMPLETED,0,0,0
Person_385,Person_385_1,working,car,home,8982.539674594882,6224.04271922478,yes,6874.1913015227565,2915.4723861954267,4802.641,6145.747,1343.1060000000007,COMPLETED,0,0,0
Person_5476,Person_5476_1,working,car,home,10159.910029921817,195.30711077929786,yes,7265.493414008754,4177.389891625842,5282.707,6148.444,865.7370000000001,COMPLETED,0,0,0
Person_5761,Person_5761_1,working,car,home,8982.539674594882,6224.04271922478,university,6980.17060882167,3727.0047244733337,5342.041,6149.343,807.3019999999997,COMPLETED,0,0,0
Person_8606,Person_8606_1,working,car,home,6535.167193406541,4126.841086819211,university,8680.422548567441,1236.9101943957473,5222.474,6154.737,932.2629999999999,COMPLETED,0,0,0
Person_9972,Person_9972_1,working,walking,home,8113.389877271151,3161.4626686282627,university,6850.81127161198,3522.934095561738,3782.276,6154.737,2372.4610000000002,COMPLETED,0,0,0
Person_6193,Person_6193_1,working,car,home,8982.539674594882,6224.04271922478,yes,7687.261096335731,4908.514271788083,4861.975,6162.828,1300.853,COMPLETED,0,0,0
Person_6252,Person_6252_1,working,car,home,10159.910029921817,195.30711077929786,school,6932.920012622823,4765.975327657057,5402.274,6171.818,769.5439999999999,COMPLETED,0,0,0
Person_9206,Person_9206_1,working,car,home,10159.910029921817,195.30711077929786,yes,7708.405523276425,4425.768605650033,4861.975,6180.808,1318.8329999999996,COMPLETED,0,0,0
Person_7046,Person_7046_1,working,train,home,7849.124569822714,5212.305600125935,,6383.066520287023,4062.6484057004186,1262.379,6189.798,4927.419,COMPLETED,0,0,0
Person_9013,Person_9013_1,working,car,home,10159.910029921817,195.30711077929786,yes,7817.936934932596,4918.203690486683,4802.641,6192.495,1389.8540000000003,COMPLETED,0,0,0
Person_221,Person_221_1,working,car,home,10159.910029921817,195.30711077929786,yes,6702.114535963981,4164.8788755828555,5222.474,6203.283,980.8090000000002,COMPLETED,0,0,0
Person_974,Person_974_1,working,train,home,5369.095129562572,3157.965458078167,,6383.066520287023,4062.6484057004186,1802.678,6219.465,4416.787,COMPLETED,0,0,0
Person_9220,Person_9220_1,working,car,home,4771.159705068488,7798.325282355149,yes,6498.571293007274,3708.4243041365066,5402.274,6230.253,827.9789999999994,COMPLETED,0,0,0
Person_9622,Person_9622_1,working,train,home,8901.460187012115,2506.290123516297,,8351.70415135049,2763.8378920000764,4442.142,6232.051,1789.9090000000006,COMPLETED,0,0,0
Person_8698,Person_8698_1,working,walking,home,7781.717911035642,3069.295518929059,kindergarten,7829.653627273629,4416.211188657,4381.909,6239.243,1857.3340000000007,COMPLETED,0,0,0
Person_8574,Person_8574_1,working,train,home,6995.1769206981035,3893.364214410303,,6383.066520287023,4062.6484057004186,4442.142,6267.112,1824.9700000000003,COMPLETED,0,0,0
Person_9512,Person_9512_1,working,walking,home,6628.444971633286,3460.589048962922,kindergarten,7813.595747654742,5246.369333041357,3662.709,6271.607,2608.898,COMPLETED,0,0,0
Person_4719,Person_4719_1,working,train,home,6804.128181086669,4356.326611415028,,6383.066520287023,4062.6484057004186,5162.241,6273.405,1111.1639999999998,COMPLETED,0,0,0
Person_7428,Person_7428_1,working,car,home,8982.539674594882,6224.04271922478,retail,7921.054677879198,3493.0157893330106,4682.175,6288.688,1606.513,COMPLETED,0,0,0
Person_2646,Person_2646_1,working,train,home,8818.926262810108,2584.658744380181,,8351.70415135049,2763.8378920000764,5042.674,6290.486,1247.812,COMPLETED,0,0,0
Person_7657,Person_7657_1,working,car,home,8982.539674594882,6224.04271922478,yes,6876.966132941862,4319.590893649213,4982.441,6301.274,1318.8330000000005,COMPLETED,0,0,0
Person_5044,Person_5044_1,working,train,home,5800.957992864016,4845.0347977588835,,6383.066520287023,4062.6484057004186,4502.375,6304.87,1802.495,COMPLETED,0,0,0
Person_5591,Person_5591_1,working,train,home,4483.135388653638,5855.548123291709,,5324.662215615522,5920.8056375972865,4442.142,6305.769,1863.6270000000004,COMPLETED,0,0,0
Person_6271,Person_6271_1,working,walking,home,7124.994654089474,3654.145766075579,university,6451.821586100195,3200.551272926657,5102.008,6317.456,1215.4480000000003,COMPLETED,0,0,0
Person_594,Person_594_1,working,car,home,4065.2060983642004,1289.6729660000035,university,5887.791508799354,2982.146731596164,5402.274,6319.254,916.9799999999996,COMPLETED,0,0,0
Person_2624,Person_2624_1,working,train,home,7226.7203593551585,4258.808344923252,,6383.066520287023,4062.6484057004186,4022.309,6323.749,2301.4399999999996,COMPLETED,0,0,0
Person_5462,Person_5462_1,working,car,home,4771.159705068488,7798.325282355149,yes,5722.20051358419,955.6756585014136,4982.441,6331.84,1349.3990000000003,COMPLETED,0,0,0
Person_9255,Person_9255_1,working,car,home,10159.910029921817,195.30711077929786,school,7526.775593773133,4035.0478456201936,5222.474,6334.537,1112.063,COMPLETED,0,0,0
Person_3232,Person_3232_1,working,train,home,8777.68928295548,3277.286761597313,,8351.70415135049,2763.8378920000764,5402.274,6353.416,951.1419999999998,COMPLETED,0,0,0
Person_4067,Person_4067_1,working,train,home,7345.959003409626,3563.4517167260424,,6383.066520287023,4062.6484057004186,3782.276,6357.911,2575.635,COMPLETED,0,0,0
Person_6723,Person_6723_1,working,train,home,8272.03360240524,3482.9335128984117,,8351.70415135049,2763.8378920000764,5342.041,6372.295,1030.254,COMPLETED,0,0,0
Person_6019,Person_6019_1,working,walking,home,7607.524634982683,4242.317117386031,university,6753.286006283763,3714.7935438899995,5162.241,6374.992,1212.7510000000002,COMPLETED,0,0,0
Person_7149,Person_7149_1,working,train,home,6973.284009169969,3453.725293234793,,6383.066520287023,4062.6484057004186,3782.276,6374.992,2592.7160000000003,COMPLETED,0,0,0
Person_9112,Person_9112_1,working,train,home,8676.194711232642,3556.999802059583,,8351.70415135049,2763.8378920000764,4621.942,6375.891,1753.9489999999996,COMPLETED,0,0,0
Person_1522,Person_1522_1,working,train,home,6503.015778909157,4351.949296520553,,6383.066520287023,4062.6484057004186,4082.542,6379.487,2296.945,COMPLETED,0,0,0
Person_7016,Person_7016_1,working,train,home,6963.155310984683,4251.48432992937,,6383.066520287023,4062.6484057004186,5222.474,6390.275,1167.8009999999995,COMPLETED,0,0,0
Person_6524,Person_6524_1,working,train,home,7385.898794091356,4785.088528848107,,6383.066520287023,4062.6484057004186,4322.575,6392.972,2070.397,COMPLETED,0,0,0
Person_8663,Person_8663_1,working,train,home,7359.041794033368,3571.2384946147545,,6383.066520287023,4062.6484057004186,842.546,6393.871,5551.325,COMPLETED,0,0,0
Person_1194,Person_1194_1,working,train,home,5107.096838628821,3387.1711978698268,,6383.066520287023,4062.6484057004186,4082.542,6398.366,2315.824,COMPLETED,0,0,0
Person_5075,Person_5075_1,working,car,home,7543.053305494784,3734.943308486067,city,10159.910029921817,195.30711077929786,4982.441,6403.76,1421.3190000000004,COMPLETED,0,0,0
Person_6366,Person_6366_1,working,train,home,7249.029564181001,4031.439372000056,,6383.066520287023,4062.6484057004186,3962.076,6407.356,2445.2799999999997,COMPLETED,0,0,0
Person_5269,Person_5269_1,working,train,home,7618.535877045647,3652.319175340876,,8351.70415135049,2763.8378920000764,5042.674,6408.255,1365.5810000000001,COMPLETED,0,0,0
Person_8268,Person_8268_1,working,train,home,7849.871114642055,3138.3158582561973,,8351.70415135049,2763.8378920000764,5402.274,6410.952,1008.6779999999999,COMPLETED,0,0,0
Person_6770,Person_6770_1,working,car,home,10159.910029921817,195.30711077929786,yes,4797.886416432928,5635.590154772272,5282.707,6413.649,1130.942,COMPLETED,0,0,0
Person_9954,Person_9954_1,working,car,home,8982.539674594882,6224.04271922478,school,8011.264074460382,5084.965334779289,5102.008,6436.124,1334.116,COMPLETED,0,0,0
Person_6826,Person_6826_1,working,walking,home,7930.731166646654,3516.3261324390114,university,6850.81127161198,3522.934095561738,3902.742,6455.902,2553.16,COMPLETED,0,0,0
Person_3578,Person_3578_1,working,walking,home,6107.852280943571,3673.871068809442,university,6753.286006283763,3714.7935438899995,4562.608,6465.791,1903.183,COMPLETED,0,0,0
Person_9921,Person_9921_1,working,train,home,5012.087525240659,4915.2214310795425,,5324.662215615522,5920.8056375972865,4502.375,6469.387,1967.0119999999997,COMPLETED,0,0,0
Person_663,Person_663_1,working,car,home,8982.539674594882,6224.04271922478,yes,4018.826318834734,1493.5242866466258,4861.975,6470.286,1608.3109999999997,COMPLETED,0,0,0
Person_2202,Person_2202_1,working,train,home,6777.3616701851615,4166.41347428811,,6383.066520287023,4062.6484057004186,5342.041,6472.983,1130.942,COMPLETED,0,0,0
Person_3388,Person_3388_1,working,car,home,4771.159705068488,7798.325282355149,yes,8300.321021057476,3805.8233604562406,5042.674,6478.377,1435.7030000000004,COMPLETED,0,0,0
Person_8142,Person_8142_1,working,car,home,5630.0723282266645,4874.816674621404,school,8000.399339510443,3770.0483185431594,5162.241,6479.276,1317.0349999999999,COMPLETED,0,0,0
Person_1987,Person_1987_1,working,car,home,4065.2060983642004,1289.6729660000035,yes,5212.02754384217,939.1658440842715,5342.041,6479.276,1137.2349999999997,COMPLETED,0,0,0
Person_7196,Person_7196_1,working,car,home,5896.101232459369,4734.625231464103,city,812.749230267771,6686.310237051298,5402.274,6479.276,1077.0019999999995,COMPLETED,0,0,0
Person_4069,Person_4069_1,working,car,home,126.82488358348685,4319.6356930350885,yes,6626.274772876311,4022.837927631556,5282.707,6491.862,1209.1549999999997,COMPLETED,0,0,0
Person_1926,Person_1926_1,working,walking,home,8208.342607325572,4639.159431474539,school,7714.99434024055,4316.181996257846,5282.707,6501.751,1219.0439999999999,COMPLETED,0,0,0
Person_2937,Person_2937_1,working,train,home,6959.014443174276,4285.741496023765,,6383.066520287023,4062.6484057004186,5222.474,6503.549,1281.0749999999998,COMPLETED,0,0,0
Person_4333,Person_4333_1,working,car,home,4065.2060983642004,1289.6729660000035,retail,8894.770661647573,3238.89523483034,4861.975,6522.428,1660.4529999999995,COMPLETED,0,0,0
Person_3688,Person_3688_1,working,train,home,6556.549185011764,3073.0379652057118,,6383.066520287023,4062.6484057004186,4621.942,6531.418,1909.4759999999997,COMPLETED,0,0,0
Person_1369,Person_1369_1,working,car,home,4065.2060983642004,1289.6729660000035,yes,7572.852280646702,2956.045473671096,4621.942,6555.691,1933.7489999999998,COMPLETED,0,0,0
Person_1221,Person_1221_1,working,train,home,7648.9877448429215,4021.376722457708,,6383.066520287023,4062.6484057004186,1562.645,6557.489,4994.843999999999,COMPLETED,0,0,0
Person_10,Person_10_1,working,walking,home,6099.928467593693,3703.7565035848884,school,6932.920012622823,4765.975327657057,3962.076,6559.287,2597.2110000000002,COMPLETED,0,0,0
Person_2900,Person_2900_1,working,train,home,6316.272652339504,2479.010727009002,,6383.066520287023,4062.6484057004186,3722.043,6561.984,2839.9410000000003,COMPLETED,0,0,0
Person_5829,Person_5829_1,working,car,home,6914.0771788846,1938.1818943651542,university,5901.5627362491805,2994.702412765903,5282.707,6568.277,1285.5699999999997,COMPLETED,0,0,0
Person_5259,Person_5259_1,working,car,home,4065.2060983642004,1289.6729660000035,yes,6406.542064007954,3354.094314683253,5222.474,6579.065,1356.5909999999994,COMPLETED,0,0,0
Person_5182,Person_5182_1,working,train,home,8022.625766730129,3090.3679409370993,,8351.70415135049,2763.8378920000764,5282.707,6585.358,1302.6509999999998,COMPLETED,0,0,0
Person_4773,Person_4773_1,working,train,home,6533.158212108073,4107.191105664971,,6383.066520287023,4062.6484057004186,4381.909,6586.257,2204.348,COMPLETED,0,0,0
Person_8235,Person_8235_1,working,train,home,4991.402383521486,4930.167795432005,,5324.662215615522,5920.8056375972865,4802.641,6590.752,1788.1110000000008,COMPLETED,0,0,0
Person_3959,Person_3959_1,working,car,home,812.749230267771,6686.310237051298,kindergarten,8814.275893347078,2600.603644607052,4982.441,6594.348,1611.9070000000002,COMPLETED,0,0,0
Person_9878,Person_9878_1,working,train,home,7368.711290392689,4804.92818314556,,6383.066520287023,4062.6484057004186,4022.309,6595.247,2572.938,COMPLETED,0,0,0
Person_376,Person_376_1,working,train,home,6227.052825115555,3691.4510118806493,,6383.066520287023,4062.6484057004186,3962.076,6596.146,2634.0699999999997,COMPLETED,0,0,0
Person_9683,Person_9683_1,working,train,home,7657.091794590454,3415.1632300987208,,8351.70415135049,2763.8378920000764,4142.775,6598.843,2456.068,COMPLETED,0,0,0
Person_4117,Person_4117_1,working,car,home,10159.910029921817,195.30711077929786,unknown,10159.910029921817,195.30711077929786,5402.274,6608.732,1206.4579999999996,ABORTED_BREAKDOWN,0,0,0
Person_6692,Person_6692_1,working,train,home,9034.568123446072,2928.422816290495,,8351.70415135049,2763.8378920000764,5402.274,6614.126,1211.8519999999999,COMPLETED,0,0,0
Person_3109,Person_3109_1,working,train,home,6804.242819350677,4292.658638116092,,6383.066520287023,4062.6484057004186,4922.208,6615.924,1693.7160000000003,COMPLETED,0,0,0
Person_8534,Person_8534_1,working,train,home,7908.63364387974,2982.5985036694105,,8351.70415135049,2763.8378920000764,5282.707,6632.106,1349.3989999999994,COMPLETED,0,0,0
Person_6182,Person_6182_1,working,walking,home,7289.209023500274,4075.1262799458063,university,6839.399852089795,3585.511730890991,4262.342,6633.904,2371.562000000001,COMPLETED,0,0,0
Person_1083,Person_1083_1,working,walking,home,5335.885449935741,2388.363043423429,university,5872.083656560459,2982.14688861395,3722.043,6637.5,2915.457,COMPLETED,0,0,0
Person_7873,Person_7873_1,working,train,home,8991.283177024254,3349.852546304873,,8351.70415135049,2763.8378920000764,3962.076,6659.975,2697.8990000000003,COMPLETED,0,0,0
Person_3702,Person_3702_1,working,car,home,10159.910029921817,195.30711077929786,yes,5695.198785199157,6515.472346332071,5342.041,6667.167,1325.1260000000002,COMPLETED,0,0,0
Person_9268,Person_9268_1,working,walking,home,8095.975744629531,2971.3303100104436,university,6850.81127161198,3522.934095561738,4982.441,6672.561,1690.12,COMPLETED,0,0,0
Person_357,Person_357_1,working,train,home,7136.23513917108,4020.8290478915383,,6383.066520287023,4062.6484057004186,4381.909,6686.945,2305.036,COMPLETED,0,0,0
Person_6714,Person_6714_1,working,walking,home,8443.981573324758,3775.328037145839,kindergarten,8588.876066519004,2384.539250749051,5162.241,6689.642,1527.4009999999998,COMPLETED,0,0,0
Person_3791,Person_3791_1,working,car,home,126.82488358348685,4319.6356930350885,university,5908.061135515454,2983.961702940033,5282.707,6697.733,1415.0259999999998,COMPLETED,0,0,0
Person_9127,Person_9127_1,working,car,home,8021.2764091608005,2221.557159226673,university,6850.81127161198,3522.934095561738,4742.408,6716.612,1974.2039999999997,COMPLETED,0,0,0
Person_8162,Person_8162_1,working,train,home,5404.694456115785,3201.0954336416826,,6383.066520287023,4062.6484057004186,4562.608,6722.905,2160.2969999999996,COMPLETED,0,0,0
Person_4565,Person_4565_1,working,car,home,10159.910029921817,195.30711077929786,yes,3631.5479504775285,2282.6880835555926,5342.041,6732.794,1390.7529999999997,COMPLETED,0,0,0
Person_6438,Person_6438_1,working,walking,home,6196.771821807348,4509.082860069544,university,6980.17060882167,3727.0047244733337,482.047,6735.491,6253.4439999999995,COMPLETED,0,0,0
Person_480,Person_480_1,working,walking,home,6844.611201599066,3908.724771863354,school,8364.262804443046,4016.5015101508857,1262.379,6802.017,5539.638,COMPLETED,0,0,0
Person_1168,Person_1168_1,working,walking,home,8200.850208546883,2945.1030931045284,kindergarten,8588.876066519004,2384.539250749051,4682.175,6804.714,2122.5389999999998,COMPLETED,0,0,0
Person_9913,Person_9913_1,working,walking,home,8240.383237371238,2859.139103526626,university,6980.17060882167,3727.0047244733337,4562.608,6804.714,2242.1059999999998,COMPLETED,0,0,0
Person_6609,Person_6609_1,working,train,home,5376.405096159776,2778.879116046596,,6383.066520287023,4062.6484057004186,4502.375,6817.3,2314.925,COMPLETED,0,0,0
Person_1140,Person_1140_1,working,car,home,126.82488358348685,4319.6356930350885,yes,5704.793850475933,770.5071187241671,5342.041,6821.795,1479.754,COMPLETED,0,0,0
Person_8594,Person_8594_1,working,car,home,5392.797607789128,3168.689514605824,city,8982.539674594882,6224.04271922478,5402.274,6832.583,1430.3089999999993,COMPLETED,0,0,0
Person_78,Person_78_1,working,train,home,5382.7158479591135,2694.3681955166458,,6383.066520287023,4062.6484057004186,2.88,6833.482,6830.602,COMPLETED,0,0,0
Person_4051,Person_4051_1,working,train,home,7467.022247108356,5198.704780167976,,6383.066520287023,4062.6484057004186,3722.043,6843.371,3121.328,COMPLETED,0,0,0
Person_9165,Person_9165_1,working,car,home,10159.910029921817,195.30711077929786,yes,6702.114535963981,4164.8788755828555,4982.441,6846.068,1863.6270000000004,COMPLETED,0,0,0
Person_7376,Person_7376_1,working,walking,home,8813.684132852832,2425.10503452317,school,8441.599383855953,4102.084838942637,4982.441,6882.927,1900.4859999999999,COMPLETED,0,0,0
Person_5774,Person_5774_1,working,train,home,6540.77573121737,3913.6780465003226,,6383.066520287023,4062.6484057004186,4562.608,6894.614,2332.0059999999994,COMPLETED,0,0,0
Person_2078,Person_2078_1,working,train,home,8038.130736240384,3664.601253813483,,8351.70415135049,2763.8378920000764,5042.674,6911.695,1869.0209999999997,COMPLETED,0,0,0
Person_8507,Person_8507_1,working,walking,home,5410.872456753926,3203.0919826244362,university,6753.286006283763,3714.7935438899995,3782.276,6943.16,3160.884,COMPLETED,0,0,0
Person_3996,Person_3996_1,working,walking,home,7656.545214650346,5097.000133925464,university,6451.821586100195,3200.551272926657,4262.342,6962.039,2699.697,COMPLETED,0,0,0
Person_7638,Person_7638_1,working,train,home,6991.290199232381,4124.416179493438,,6383.066520287023,4062.6484057004186,1322.612,6979.12,5656.508,COMPLETED,0,0,0
Person_4147,Person_4147_1,working,walking,home,8197.94831446867,3892.7512431940722,university,6839.399852089795,3585.511730890991,4742.408,6997.1,2254.692,COMPLETED,0,0,0
Person_8744,Person_8744_1,working,train,home,6654.982013453123,2912.3442393698783,,6383.066520287023,4062.6484057004186,4682.175,7030.363,2348.188,COMPLETED,0,0,0
Person_8010,Person_8010_1,working,walking,home,7650.919964421458,5003.502521995027,university,6980.17060882167,3727.0047244733337,4922.208,7075.313,2153.1050000000005,COMPLETED,0,0,0
Person_6197,Person_6197_1,working,train,home,7560.687382666011,5343.3538571201625,,6383.066520287023,4062.6484057004186,4621.942,7087.0,2465.058,COMPLETED,0,0,0
Person_4629,Person_4629_1,working,train,home,5462.6403923312155,2317.1676455839047,,6383.066520287023,4062.6484057004186,4322.575,7096.889,2774.3140000000003,COMPLETED,0,0,0
Person_4882,Person_4882_1,working,walking,home,8201.548779401348,2961.792462947791,university,6451.821586100195,3200.551272926657,2.88,7152.627,7149.747,COMPLETED,0,0,0
Person_4722,Person_4722_1,working,car,home,6203.749263372861,3690.505278539931,unknown,6203.749263372861,3690.505278539931,1022.346,7158.021,6135.674999999999,ABORTED_BREAKDOWN,0,0,0
Person_3364,Person_3364_1,working,walking,home,7817.410911812412,3194.342240768666,university,5872.083656560459,2982.14688861395,4621.942,7164.314,2542.3720000000003,COMPLETED,0,0,0
Person_4075,Person_4075_1,working,train,home,7847.474449074448,3631.2411566585897,,8351.70415135049,2763.8378920000764,5342.041,7166.112,1824.071,COMPLETED,0,0,0
Person_3527,Person_3527_1,working,walking,home,5872.809171320613,2594.97167865307,kindergarten,8588.876066519004,2384.539250749051,3662.709,7171.506,3508.7970000000005,COMPLETED,0,0,0
Person_69,Person_69_1,accompany,walking,home,8982.539674594882,6224.04271922478,,7869.893664775449,3437.243384290975,7201.173,7201.173,0.0,COMPLETED,0,0,0
Person_570,Person_570_1,accompany,walking,home,10159.910029921817,195.30711077929786,detached,7593.326416290277,5447.175314211213,7201.173,7201.173,0.0,COMPLETED,0,0,0
Person_3494,Person_3494_1,accompany,walking,home,4065.2060983642004,1289.6729660000035,detached,7765.239097614823,5371.177540854312,7201.173,7201.173,0.0,COMPLETED,0,0,0
Person_3550,Person_3550_1,accompany,walking,home,10159.910029921817,195.30711077929786,,7544.756687057094,3601.865751441827,7201.173,7201.173,0.0,COMPLETED,0,0,0
Person_4030,Person_4030_1,accompany,walking,home,10159.910029921817,195.30711077929786,public,6855.436237558896,4137.525266840391,7201.173,7201.173,0.0,COMPLETED,0,0,0
Person_4103,Person_4103_1,accompany,walking,home,10159.910029921817,195.30711077929786,,8301.410469456934,3345.1549460797764,7201.173,7201.173,0.0,COMPLETED,0,0,0
Person_5988,Person_5988_1,accompany,walking,home,10159.910029921817,195.30711077929786,,7388.965738296716,4496.840040115452,7201.173,7201.173,0.0,COMPLETED,0,0,0
Person_6174,Person_6174_1,accompany,walking,home,10159.910029921817,195.30711077929786,public,9152.27688467384,4233.611771667784,7201.173,7201.173,0.0,COMPLETED,0,0,0
Person_6654,Person_6654_1,accompany,walking,home,4771.159705068488,7798.325282355149,,7188.6219970554375,4431.2532113182515,7201.173,7201.173,0.0,COMPLETED,0,0,0
Person_7301,Person_7301_1,accompany,walking,home,10159.910029921817,195.30711077929786,public,9152.27688467384,4233.611771667784,7201.173,7201.173,0.0,COMPLETED,0,0,0
Person_7393,Person_7393_1,accompany,walking,home,7933.174206515255,3044.7582870392043,,7388.965738296716,4496.840040115452,7201.173,7201.173,0.0,COMPLETED,0,0,0
Person_7808,Person_7808_1,accompany,walking,home,10159.910029921817,195.30711077929786,,6655.2561352520925,4637.285760422547,7201.173,7201.173,0.0,COMPLETED,0,0,0
Person_7853,Person_7853_1,accompany,walking,home,10159.910029921817,195.30711077929786,public,6298.318483960806,3201.6749946932046,7201.173,7201.173,0.0,COMPLETED,0,0,0
Person_8773,Person_8773_1,accompany,walking,home,4771.159705068488,7798.325282355149,,7679.244055912684,3966.4554079022073,7201.173,7201.173,0.0,COMPLETED,0,0,0
Person_8782,Person_8782_1,accompany,walking,home,2452.4516525580466,4092.1109396032625,public,8503.572031847112,4170.383924385128,7201.173,7201.173,0.0,COMPLETED,0,0,0
Person_9085,Person_9085_1,accompany,walking,home,8982.539674594882,6224.04271922478,public,7000.828755017194,2713.181347796825,7201.173,7201.173,0.0,COMPLETED,0,0,0
Person_9695,Person_9695_1,accompany,walking,home,10159.910029921817,195.30711077929786,detached,7939.979669931022,5286.664842882348,7201.173,7201.173,0.0,COMPLETED,0,0,0
Person_9741,Person_9741_1,accompany,walking,home,10159.910029921817,195.30711077929786,,5624.430329649398,2430.9258151787612,7201.173,7201.173,0.0,COMPLETED,0,0,0
Person_732,Person_732_1,accompany,walking,home,10159.910029921817,195.30711077929786,terrace,6406.44530674205,2208.034488107793,7202.072,7202.072,0.0,COMPLETED,0,0,0
Person_1344,Person_1344_1,accompany,walking,home,10159.910029921817,195.30711077929786,terrace,5816.724527371207,4855.412151707601,7202.072,7202.072,0.0,COMPLETED,0,0,0
Person_1346,Person_1346_1,accompany,walking,home,10159.910029921817,195.30711077929786,,6675.370623975082,4592.757909023824,7202.072,7202.072,0.0,COMPLETED,0,0,0
Person_3345,Person_3345_1,accompany,walking,home,6340.8173292839465,2834.1104291436163,public,9152.27688467384,4233.611771667784,7202.072,7202.072,0.0,COMPLETED,0,0,0
Person_4761,Person_4761_1,accompany,walking,home,10159.910029921817,195.30711077929786,detached,7743.589464060415,5380.536524208189,7202.072,7202.072,0.0,COMPLETED,0,0,0
Person_4908,Person_4908_1,accompany,walking,home,6187.588894295992,3394.2409683669475,,8874.482205927301,943.0430778792849,7202.072,7202.072,0.0,COMPLETED,0,0,0
Person_5945,Person_5945_1,accompany,walking,home,7904.444228791297,5114.692978109715,public,6791.140022529146,3843.3004074411247,7202.072,7202.072,0.0,COMPLETED,0,0,0
Person_8390,Person_8390_1,accompany,walking,home,8982.539674594882,6224.04271922478,public,6298.318483960806,3201.6749946932046,7202.072,7202.072,0.0,COMPLETED,0,0,0
Person_8678,Person_8678_1,accompany,walking,home,6546.369226551317,4133.942856331579,,7765.022266520383,3987.318919261552,7202.072,7202.072,0.0,COMPLETED,0,0,0
Person_9443,Person_9443_1,accompany,walking,home,6847.080501853714,4049.5564143394586,public,9152.27688467384,4233.611771667784,7202.072,7202.072,0.0,COMPLETED,0,0,0
Person_9454,Person_9454_1,accompany,walking,home,10159.910029921817,195.30711077929786,public,6791.140022529146,3843.3004074411247,7202.072,7202.072,0.0,COMPLETED,0,0,0
Person_9881,Person_9881_1,accompany,walking,home,4771.159705068488,7798.325282355149,,6605.269947242297,3787.4610800781616,7202.072,7202.072,0.0,COMPLETED,0,0,0
Person_9059,Person_9059_1,working,train,home,7883.573520095048,3229.2705679466108,,8351.70415135049,2763.8378920000764,4322.575,7210.163,2887.5879999999997,COMPLETED,0,0,0
Person_3139,Person_3139_1,working,train,home,8984.85164352066,2635.1223578212116,,8351.70415135049,2763.8378920000764,4682.175,7220.951,2538.776,COMPLETED,0,0,0
Person_7816,Person_7816_1,working,car,home,10159.910029921817,195.30711077929786,yes,7298.973337424706,3679.165400074617,7202.072,7223.648,21.576000000000022,COMPLETED,0,0,0
Person_1055,Person_1055_1,working,train,home,10159.910029921817,195.30711077929786,train_station,7220.17684274942,3890.044640396713,4562.608,7229.042,2666.434,COMPLETED,0,0,0
Person_4048,Person_4048_1,working,train,home,10159.910029921817,195.30711077929786,train_station,6560.667828655856,4057.400332788906,4562.608,7229.042,2666.434,COMPLETED,0,0,0
Person_9998,Person_9998_1,working,train,home,10159.910029921817,195.30711077929786,train_station,6897.893782272236,3752.9120240344228,4562.608,7229.042,2666.434,COMPLETED,0,0,0
Person_4705,Person_4705_1,working,train,home,10159.910029921817,195.30711077929786,train_station,6135.203157433983,3493.811942799691,4621.942,7229.042,2607.1000000000004,COMPLETED,0,0,0
Person_7983,Person_7983_1,working,train,home,10159.910029921817,195.30711077929786,train_station,7731.883605316861,4937.283875257621,4621.942,7229.042,2607.1000000000004,COMPLETED,0,0,0
Person_4587,Person_4587_1,working,train,home,10159.910029921817,195.30711077929786,train_station,6348.129845393239,3621.948285151939,4742.408,7229.042,2486.634,COMPLETED,0,0,0
Person_9884,Person_9884_1,working,train,home,10159.910029921817,195.30711077929786,train_station,8680.422548567441,1236.9101943957473,4802.641,7229.042,2426.4010000000007,COMPLETED,0,0,0
Person_2722,Person_2722_1,working,train,home,10159.910029921817,195.30711077929786,train_station,8274.282112757268,1353.3625491449736,4922.208,7229.042,2306.8340000000007,COMPLETED,0,0,0
Person_3160,Person_3160_1,working,train,home,10159.910029921817,195.30711077929786,train_station,5447.991262857743,3905.5444407009854,4922.208,7229.042,2306.8340000000007,COMPLETED,0,0,0
Person_4213,Person_4213_1,working,train,home,10159.910029921817,195.30711077929786,train_station,7125.534738371811,1891.2583084143887,4922.208,7229.042,2306.8340000000007,COMPLETED,0,0,0
Person_5976,Person_5976_1,working,train,home,10159.910029921817,195.30711077929786,train_station,8090.403727763584,3710.439326848461,4922.208,7229.042,2306.8340000000007,COMPLETED,0,0,0
Person_8586,Person_8586_1,working,train,home,10159.910029921817,195.30711077929786,train_station,7247.875039336421,3458.1722241247257,4922.208,7229.042,2306.8340000000007,COMPLETED,0,0,0
Person_515,Person_515_1,working,train,home,10159.910029921817,195.30711077929786,train_station,9444.944690647531,3903.6764885993207,4982.441,7229.042,2246.6010000000006,COMPLETED,0,0,0
Person_4575,Person_4575_1,working,train,home,10159.910029921817,195.30711077929786,train_station,6532.149564197148,4019.131903041395,5042.674,7229.042,2186.3680000000004,COMPLETED,0,0,0
Person_6210,Person_6210_1,working,train,home,10159.910029921817,195.30711077929786,train_station,9541.08764477866,3889.3861724211624,5042.674,7229.042,2186.3680000000004,COMPLETED,0,0,0
Person_7422,Person_7422_1,working,train,home,10159.910029921817,195.30711077929786,train_station,8587.727685225269,3725.2078942027742,5042.674,7229.042,2186.3680000000004,COMPLETED,0,0,0
Person_303,Person_303_1,working,train,home,10159.910029921817,195.30711077929786,train_station,7174.257366891309,4770.92573418258,5102.008,7229.042,2127.0340000000006,COMPLETED,0,0,0
Person_1132,Person_1132_1,working,train,home,10159.910029921817,195.30711077929786,train_station,8327.66066742198,1381.5282017327277,5102.008,7229.042,2127.0340000000006,COMPLETED,0,0,0
Person_1766,Person_1766_1,working,train,home,10159.910029921817,195.30711077929786,train_station,6242.060456640763,3714.331521282113,5102.008,7229.042,2127.0340000000006,COMPLETED,0,0,0
Person_3369,Person_3369_1,working,train,home,10159.910029921817,195.30711077929786,train_station,7298.973337424706,3679.165400074617,5102.008,7229.042,2127.0340000000006,COMPLETED,0,0,0
Person_2535,Person_2535_1,working,train,home,10159.910029921817,195.30711077929786,train_station,6276.297336103217,3745.6043615884714,5162.241,7229.042,2066.8010000000004,COMPLETED,0,0,0
Person_1932,Person_1932_1,working,train,home,10159.910029921817,195.30711077929786,train_station,8835.113022051348,4479.5685350788945,5222.474,7229.042,2006.5680000000002,COMPLETED,0,0,0
Person_3461,Person_3461_1,working,train,home,10159.910029921817,195.30711077929786,train_station,6025.740013255567,1056.7267707720923,5222.474,7229.042,2006.5680000000002,COMPLETED,0,0,0
Person_8149,Person_8149_1,working,train,home,10159.910029921817,195.30711077929786,train_station,7178.545645889529,2017.8089932646944,5222.474,7229.042,2006.5680000000002,COMPLETED,0,0,0
Person_324,Person_324_1,working,train,home,10159.910029921817,195.30711077929786,train_station,6527.151741451904,4351.579394037637,5342.041,7229.042,1887.0010000000002,COMPLETED,0,0,0
Person_716,Person_716_1,working,train,home,10159.910029921817,195.30711077929786,train_station,5512.2817608359355,671.3931122039137,5342.041,7229.042,1887.0010000000002,COMPLETED,0,0,0
Person_3521,Person_3521_1,working,train,home,10159.910029921817,195.30711077929786,train_station,7240.33359315998,5131.79425497876,5342.041,7229.042,1887.0010000000002,COMPLETED,0,0,0
Person_5938,Person_5938_1,working,train,home,10159.910029921817,195.30711077929786,train_station,5539.046428469787,4333.97157670003,5342.041,7229.042,1887.0010000000002,COMPLETED,0,0,0
Person_401,Person_401_1,working,train,home,10159.910029921817,195.30711077929786,train_station,7068.802730487755,2898.605398466998,5402.274,7229.042,1826.768,COMPLETED,0,0,0
Person_5272,Person_5272_1,working,train,home,10159.910029921817,195.30711077929786,train_station,8163.007345030898,4757.950485682834,5402.274,7229.042,1826.768,COMPLETED,0,0,0
Person_7973,Person_7973_1,working,train,home,10159.910029921817,195.30711077929786,train_station,7780.587197579069,4964.995126630557,5402.274,7229.042,1826.768,COMPLETED,0,0,0
Person_7319,Person_7319_1,working,car,home,10159.910029921817,195.30711077929786,university,6839.399852089795,3585.511730890991,7202.072,7233.537,31.465000000000146,COMPLETED,0,0,0
Person_1536,Person_1536_1,working,car,home,126.82488358348685,4319.6356930350885,yes,6895.140048294518,4373.245304262076,7202.072,7256.911,54.83899999999994,COMPLETED,0,0,0
Person_2919,Person_2919_1,working,car,home,8181.729682174539,2314.9063189042845,city,10159.910029921817,195.30711077929786,7262.305,7282.083,19.777999999999338,COMPLETED,0,0,0
Person_8090,Person_8090_1,accompany,train,home,10159.910029921817,195.30711077929786,train_station,6298.318483960806,3201.6749946932046,7202.072,7290.174,88.10199999999986,COMPLETED,0,0,0
Person_6118,Person_6118_1,working,car,home,8009.7528564538825,3047.8975874436,city,10159.910029921817,195.30711077929786,7202.072,7305.457,103.38500000000022,COMPLETED,0,0,0
Person_9301,Person_9301_1,working,train,home,6097.505551736314,2889.7771960233476,,6383.066520287023,4062.6484057004186,1022.346,7313.548,6291.201999999999,COMPLETED,0,0,0
Person_1390,Person_1390_1,working,car,home,9026.414723250746,3140.798893469239,city,10159.910029921817,195.30711077929786,7262.305,7315.346,53.04099999999926,COMPLETED,0,0,0
Person_9552,Person_9552_1,working,train,home,5743.734832486495,4958.043898498963,,6383.066520287023,4062.6484057004186,3962.076,7322.538,3360.4619999999995,COMPLETED,0,0,0
Person_3638,Person_3638_1,working,walking,home,7112.262235635471,3927.383257725828,school,8893.280107574261,3448.459055170979,1262.379,7329.73,6067.351,COMPLETED,0,0,0
Person_964,Person_964_1,working,car,home,10159.910029921817,195.30711077929786,yes,5653.26050373371,917.9538371999314,7322.538,7341.417,18.879000000000815,COMPLETED,0,0,0
Person_7355,Person_7355_1,working,car,home,5407.089146674684,1017.5704463861956,city,10159.910029921817,195.30711077929786,7262.305,7343.215,80.90999999999985,COMPLETED,0,0,0
Person_2665,Person_2665_1,working,train,home,7129.82756947266,3640.213852217499,,6383.066520287023,4062.6484057004186,4082.542,7344.114,3261.5719999999997,COMPLETED,0,0,0
Person_871,Person_871_1,working,car,home,8176.551459320729,3667.6769255495797,university,6850.81127161198,3522.934095561738,7202.072,7355.801,153.72900000000027,COMPLETED,0,0,0
Person_2006,Person_2006_1,working,car,home,5955.022632563673,2612.62644267796,city,10159.910029921817,195.30711077929786,7322.538,7369.286,46.7480000000005,COMPLETED,0,0,0
Person_327,Person_327_1,working,walking,home,7651.1091988699545,4233.304853776396,university,6839.399852089795,3585.511730890991,3722.043,7372.882,3650.8389999999995,COMPLETED,0,0,0
Person_5564,Person_5564_1,working,walking,home,7791.683312701943,5178.353584184751,university,5901.5627362491805,2994.702412765903,1381.946,7380.074,5998.128,COMPLETED,0,0,0
Person_6598,Person_6598_1,working,walking,home,6602.9253466561295,4084.0873677525183,university,6850.81127161198,3522.934095561738,4621.942,7385.468,2763.526,COMPLETED,0,0,0
Person_3157,Person_3157_1,working,train,home,8339.084206359274,2215.5570437313054,,8351.70415135049,2763.8378920000764,4381.909,7387.266,3005.357,COMPLETED,0,0,0
Person_714,Person_714_1,working,car,home,7135.535483750766,3356.8100977792215,city,10159.910029921817,195.30711077929786,4922.208,7391.761,2469.553000000001,COMPLETED,0,0,0
Person_6753,Person_6753_1,working,train,home,7735.913855210888,3974.9200816572925,,6383.066520287023,4062.6484057004186,5222.474,7398.953,2176.4790000000003,COMPLETED,0,0,0
Person_297,Person_297_1,working,car,home,8235.126208255495,3006.054638818281,city,4771.159705068488,7798.325282355149,7322.538,7399.852,77.3140000000003,COMPLETED,0,0,0
Person_3055,Person_3055_1,working,car,home,8074.170489345819,3669.2664708035086,city,10159.910029921817,195.30711077929786,7202.072,7406.145,204.07300000000032,COMPLETED,0,0,0
Person_1935,Person_1935_1,working,train,home,10159.910029921817,195.30711077929786,train_station,6203.4626055470835,4476.198329285883,7322.538,7412.438,89.90000000000055,COMPLETED,0,0,0
Person_9423,Person_9423_1,working,car,home,8982.539674594882,6224.04271922478,university,6753.286006283763,3714.7935438899995,7382.771,7416.034,33.26299999999992,COMPLETED,0,0,0
Person_3911,Person_3911_1,working,walking,home,8379.420270081337,3827.0536965306087,university,5901.5627362491805,2994.702412765903,4202.109,7416.933,3214.8239999999996,COMPLETED,0,0,0
Person_7485,Person_7485_1,working,car,home,7092.145206080842,4206.5421048117905,city,10159.910029921817,195.30711077929786,7382.771,7417.832,35.061000000000604,COMPLETED,0,0,0
Person_7858,Person_7858_1,working,walking,home,8139.720357475865,3401.347014842925,university,5872.083656560459,2982.14688861395,4861.975,7424.125,2562.1499999999996,COMPLETED,0,0,0
Person_4518,Person_4518_1,working,car,home,5666.198327072843,946.2229928518276,city,10159.910029921817,195.30711077929786,7322.538,7425.923,103.38500000000022,COMPLETED,0,0,0
Person_8242,Person_8242_1,working,walking,home,8809.666643538927,2584.4604355062893,university,6839.399852089795,3585.511730890991,4082.542,7441.206,3358.664,COMPLETED,0,0,0
Person_5214,Person_5214_1,working,car,home,5514.04217223909,967.5520777065608,university,6451.821586100195,3200.551272926657,7262.305,7443.004,180.69899999999961,COMPLETED,0,0,0
Person_9351,Person_9351_1,working,car,home,6175.959348430486,2596.196765749604,city,10159.910029921817,195.30711077929786,7322.538,7449.297,126.75900000000001,COMPLETED,0,0,0
Person_7516,Person_7516_1,working,train,home,6159.0113570957,2558.413054631724,,6383.066520287023,4062.6484057004186,4861.975,7451.095,2589.12,COMPLETED,0,0,0
Person_2655,Person_2655_1,working,car,home,126.82488358348685,4319.6356930350885,yes,5747.798307786238,1004.354062527454,7442.105,7460.085,17.980000000000473,COMPLETED,0,0,0
Person_3049,Person_3049_1,working,car,home,8011.15392212224,3909.0093833081505,city,10159.910029921817,195.30711077929786,7262.305,7460.984,198.6790000000001,COMPLETED,0,0,0
Person_2879,Person_2879_1,working,train,home,10159.910029921817,195.30711077929786,train_station,5901.5627362491805,2994.702412765903,7382.771,7473.57,90.79899999999998,COMPLETED,0,0,0
Person_8131,Person_8131_1,working,train,home,10159.910029921817,195.30711077929786,train_station,7715.273017628751,1932.2662922852649,7382.771,7473.57,90.79899999999998,COMPLETED,0,0,0
Person_3758,Person_3758_1,working,car,home,6863.943395362214,4006.8911413042783,city,10159.910029921817,195.30711077929786,7442.105,7474.469,32.36400000000049,COMPLETED,0,0,0
Person_2234,Person_2234_1,working,car,home,7699.338082882644,3849.314249456078,city,10159.910029921817,195.30711077929786,7442.105,7487.954,45.84900000000016,COMPLETED,0,0,0
Person_2412,Person_2412_1,working,train,home,7903.861297224299,4970.886235353688,,6383.066520287023,4062.6484057004186,5162.241,7490.651,2328.41,COMPLETED,0,0,0
Person_2121,Person_2121_1,working,car,home,126.82488358348685,4319.6356930350885,yes,6677.217919627822,4207.659028053145,7442.105,7493.348,51.24300000000039,COMPLETED,0,0,0
Person_3036,Person_3036_1,working,car,home,7959.623033304331,4043.962191068502,university,8680.422548567441,1236.9101943957473,7262.305,7504.136,241.83100000000013,COMPLETED,0,0,0
Person_5990,Person_5990_1,working,car,home,8628.148759102465,3244.6555426028003,city,10159.910029921817,195.30711077929786,7382.771,7516.722,133.95100000000002,COMPLETED,0,0,0
Person_2356,Person_2356_1,working,car,home,8290.420958143446,3621.43054824778,unknown,8290.420958143446,3621.43054824778,542.28,7522.116,6979.836,ABORTED_BREAKDOWN,0,0,0
Person_2855,Person_2855_1,working,car,home,8135.807915164732,3684.6833508384466,city,10159.910029921817,195.30711077929786,7262.305,7523.015,260.71000000000004,COMPLETED,0,0,0
Person_8311,Person_8311_1,working,car,home,7036.639557536699,4507.414788805784,city,10159.910029921817,195.30711077929786,7202.072,7530.207,328.1350000000002,COMPLETED,0,0,0
Person_2148,Person_2148_1,working,train,home,10159.910029921817,195.30711077929786,train_station,7021.618147061396,3113.1360659355755,7442.105,7534.702,92.59700000000066,COMPLETED,0,0,0
Person_7397,Person_7397_1,working,train,home,10159.910029921817,195.30711077929786,train_station,6517.063678160129,5966.261005730275,7442.105,7534.702,92.59700000000066,COMPLETED,0,0,0
Person_8294,Person_8294_1,working,train,home,10159.910029921817,195.30711077929786,train_station,6389.014966455384,3491.2746484878003,7442.105,7534.702,92.59700000000066,COMPLETED,0,0,0
Person_8717,Person_8717_1,working,car,home,6054.882446213993,4941.7916239348515,city,10159.910029921817,195.30711077929786,7262.305,7539.197,276.8919999999998,COMPLETED,0,0,0
Person_7238,Person_7238_1,accompany,walking,home,6560.667828655856,4057.400332788906,public,6855.436237558896,4137.525266840391,7201.173,7546.389,345.21600000000035,COMPLETED,0,0,0
Person_5212,Person_5212_1,working,car,home,7759.503929395974,3167.5637709059424,university,6451.821586100195,3200.551272926657,7502.338,7548.187,45.84900000000016,COMPLETED,0,0,0
Person_3352,Person_3352_1,working,car,home,7351.76427096663,4310.988355683587,city,10159.910029921817,195.30711077929786,7502.338,7550.884,48.54600000000028,COMPLETED,0,0,0
Person_1759,Person_1759_1,working,car,home,7628.119282680464,5431.72246366483,university,6451.821586100195,3200.551272926657,7322.538,7556.278,233.7400000000007,COMPLETED,0,0,0
Person_7092,Person_7092_1,working,car,home,6412.0134259366005,5209.310876012339,city,10159.910029921817,195.30711077929786,7382.771,7564.369,181.59799999999996,COMPLETED,0,0,0
Person_2157,Person_2157_1,working,walking,home,5624.678451056409,601.0118040844102,university,8640.52148904632,1242.1470644446506,422.713,7564.369,7141.656,COMPLETED,0,0,0
Person_9295,Person_9295_1,working,train,home,5947.006782135497,2928.5787623331694,,6383.066520287023,4062.6484057004186,2.88,7565.268,7562.388,COMPLETED,0,0,0
Person_5435,Person_5435_1,working,car,home,5925.7474210372875,1032.5585288989819,city,10159.910029921817,195.30711077929786,7382.771,7567.066,184.29500000000007,COMPLETED,0,0,0
Person_3355,Person_3355_1,working,car,home,8122.7906906151475,3221.9717827646436,city,10159.910029921817,195.30711077929786,7382.771,7568.864,186.09299999999985,COMPLETED,0,0,0
Person_2467,Person_2467_1,accompany,walking,home,8095.418986988095,3397.8362856305125,,8110.648102916065,3510.5316766643286,7202.072,7575.157,373.08500000000004,COMPLETED,0,0,0
Person_8385,Person_8385_1,working,car,home,7011.635528525646,4110.12675645561,university,5887.791508799354,2982.146731596164,7562.571,7591.339,28.76800000000003,COMPLETED,0,0,0
Person_3556,Person_3556_1,working,train,home,10159.910029921817,195.30711077929786,train_station,5418.372289714096,840.2872249816304,7502.338,7595.834,93.4960000000001,COMPLETED,0,0,0
Person_6715,Person_6715_1,working,train,home,8443.981573324758,3775.328037145839,,8351.70415135049,2763.8378920000764,4381.909,7597.632,3215.723,COMPLETED,0,0,0
Person_8483,Person_8483_1,working,car,home,8812.265773369603,2639.764437326557,city,10159.910029921817,195.30711077929786,7502.338,7602.127,99.78900000000067,COMPLETED,0,0,0
Person_1780,Person_1780_1,working,walking,home,8240.099176177484,3054.9572106934606,university,5908.061135515454,2983.961702940033,4082.542,7603.026,3520.484,COMPLETED,0,0,0
Person_3831,Person_3831_1,working,car,home,7867.405720457773,4970.3937157634655,city,10159.910029921817,195.30711077929786,7562.571,7608.42,45.84900000000016,COMPLETED,0,0,0
Person_4805,Person_4805_1,working,car,home,10159.910029921817,195.30711077929786,industrial,7050.420751678767,5572.014270593429,7502.338,7612.016,109.67799999999988,COMPLETED,0,0,0
Person_1710,Person_1710_1,working,walking,home,6431.713382146009,4318.262116123807,kindergarten,9080.274888624233,2485.4357551968696,3602.476,7612.016,4009.5399999999995,COMPLETED,0,0,0
Person_4210,Person_4210_1,working,car,home,4771.159705068488,7798.325282355149,industrial,7371.768244504024,5009.906900591174,7322.538,7612.915,290.3770000000004,COMPLETED,0,0,0
Person_7285,Person_7285_1,working,train,home,5994.879558243064,2951.2503154625415,,6383.066520287023,4062.6484057004186,5402.274,7616.511,2214.237,COMPLETED,0,0,0
Person_9148,Person_9148_1,working,train,home,5647.232225525706,2274.932573063188,,6383.066520287023,4062.6484057004186,4082.542,7619.208,3536.6659999999997,COMPLETED,0,0,0
Person_4608,Person_4608_1,working,car,home,5633.885832739779,572.1632962837156,university,5908.061135515454,2983.961702940033,7562.571,7631.794,69.22299999999996,COMPLETED,0,0,0
Person_7803,Person_7803_1,working,train,home,9148.940061651558,3316.343660353246,,8351.70415135049,2763.8378920000764,3962.076,7635.39,3673.3140000000003,COMPLETED,0,0,0
Person_2212,Person_2212_1,working,car,home,8040.269850284998,3400.3663336328145,kindergarten,9080.274888624233,2485.4357551968696,7562.571,7639.885,77.3140000000003,COMPLETED,0,0,0
Person_527,Person_527_1,working,car,home,6301.976064577209,3730.616426836281,city,10159.910029921817,195.30711077929786,7382.771,7647.976,265.2049999999999,COMPLETED,0,0,0
Person_6066,Person_6066_1,working,car,home,6271.480982436024,4794.296747621268,city,10159.910029921817,195.30711077929786,7502.338,7655.168,152.82999999999993,COMPLETED,0,0,0
Person_9242,Person_9242_1,working,car,home,10159.910029921817,195.30711077929786,retail,6818.80877633669,3867.778498180788,7502.338,7655.168,152.82999999999993,COMPLETED,0,0,0
Person_2923,Person_2923_1,working,car,home,6554.98336089604,4100.29573642184,city,10159.910029921817,195.30711077929786,7621.905,7660.562,38.65700000000015,COMPLETED,0,0,0
Person_2864,Person_2864_1,working,walking,home,7092.548218701165,4117.505862392746,school,6749.755453020404,3273.529339912455,4621.942,7667.754,3045.812,COMPLETED,0,0,0
Person_1491,Person_1491_1,working,car,home,10159.910029921817,195.30711077929786,yes,7888.100177191886,3138.157758354022,7202.072,7668.653,466.58100000000013,COMPLETED,0,0,0
Person_2600,Person_2600_1,working,car,home,6725.915927772833,3964.4574992897324,city,10159.910029921817,195.30711077929786,7502.338,7679.441,177.10300000000007,COMPLETED,0,0,0
Person_1107,Person_1107_1,accompany,walking,home,7001.057857443288,4435.118928248795,,7388.965738296716,4496.840040115452,7201.173,7681.239,480.0659999999998,COMPLETED,0,0,0
Person_5538,Person_5538_1,working,car,home,6334.898170074832,2777.1425506222536,city,10159.910029921817,195.30711077929786,7322.538,7684.835,362.2970000000005,COMPLETED,0,0,0
Person_757,Person_757_1,working,car,home,7157.9514562439135,4306.3306366221605,city,10159.910029921817,195.30711077929786,7621.905,7686.633,64.72800000000007,COMPLETED,0,0,0
Person_7072,Person_7072_1,working,walking,home,7998.954275591711,3618.825306819188,university,6451.821586100195,3200.551272926657,4502.375,7690.229,3187.8540000000003,COMPLETED,0,0,0
Person_6701,Person_6701_1,working,car,home,8786.319774565354,3564.4672422247977,city,10159.910029921817,195.30711077929786,7202.072,7692.926,490.85400000000027,COMPLETED,0,0,0
Person_3759,Person_3759_1,working,car,home,6863.943395362214,4006.8911413042783,city,10159.910029921817,195.30711077929786,7682.138,7700.118,17.980000000000473,COMPLETED,0,0,0
Person_2269,Person_2269_1,working,car,home,10159.910029921817,195.30711077929786,school,8674.299282986376,4065.9332880299785,7682.138,7701.916,19.778000000000247,COMPLETED,0,0,0
Person_7290,Person_7290_1,working,car,home,6546.369226551317,4133.942856331579,city,10159.910029921817,195.30711077929786,7621.905,7712.704,90.79899999999998,COMPLETED,0,0,0
Person_7442,Person_7442_1,working,car,home,7920.948662597846,3841.5034417216198,university,6839.399852089795,3585.511730890991,7262.305,7713.603,451.2979999999998,COMPLETED,0,0,0
Person_266,Person_266_1,working,car,home,10159.910029921817,195.30711077929786,yes,8623.644141845765,1394.4633683037619,7562.571,7713.603,151.03200000000015,COMPLETED,0,0,0
Person_5025,Person_5025_1,working,car,home,7895.4321540951605,3370.9520285097187,university,8640.52148904632,1242.1470644446506,7621.905,7713.603,91.69800000000032,COMPLETED,0,0,0
Person_4488,Person_4488_1,working,car,home,6531.149911875634,3437.993155017179,university,6850.81127161198,3522.934095561738,7262.305,7716.3,453.9949999999999,COMPLETED,0,0,0
Person_1251,Person_1251_1,working,car,home,10159.910029921817,195.30711077929786,yes,5120.768896989754,5896.480606707833,7562.571,7725.29,162.71900000000005,COMPLETED,0,0,0
Person_9465,Person_9465_1,working,car,home,4065.2060983642004,1289.6729660000035,yes,8104.838616374977,2415.2153495278476,7682.138,7725.29,43.152000000000044,COMPLETED,0,0,0
Person_6744,Person_6744_1,working,car,home,5838.749270928107,4730.076683299739,university,6753.286006283763,3714.7935438899995,7682.138,7738.775,56.636999999999716,COMPLETED,0,0,0
Person_3633,Person_3633_1,working,car,home,6694.3777628634225,4485.026446798328,city,10159.910029921817,195.30711077929786,7502.338,7745.068,242.73000000000047,COMPLETED,0,0,0
Person_4036,Person_4036_1,working,train,home,6701.347860635008,3842.9028082984396,,6383.066520287023,4062.6484057004186,5402.274,7754.957,2352.683,COMPLETED,0,0,0
Person_6683,Person_6683_1,working,car,home,8110.486825371464,2888.3904065178563,city,10159.910029921817,195.30711077929786,7382.771,7755.856,373.08500000000004,COMPLETED,0,0,0
Person_5036,Person_5036_1,working,car,home,10159.910029921817,195.30711077929786,yes,6063.0418874381585,5566.106997219513,7682.138,7760.351,78.21299999999974,COMPLETED,0,0,0
Person_8489,Person_8489_1,working,car,home,6432.528337649349,890.520367901868,city,10159.910029921817,195.30711077929786,7621.905,7763.947,142.04200000000037,COMPLETED,0,0,0
Person_7257,Person_7257_1,working,car,home,7920.005857484978,3932.4851995885742,city,10159.910029921817,195.30711077929786,7742.371,7763.947,21.576000000000022,COMPLETED,0,0,0
Person_7755,Person_7755_1,working,car,home,126.82488358348685,4319.6356930350885,yes,5086.869041079462,3430.7842115192984,7742.371,7764.846,22.474999999999454,COMPLETED,0,0,0
Person_2973,Person_2973_1,working,car,home,7366.157914355959,3531.2428568450796,city,4771.159705068488,7798.325282355149,7742.371,7771.139,28.76800000000003,COMPLETED,0,0,0
Person_5335,Person_5335_1,working,car,home,10159.910029921817,195.30711077929786,yes,6325.05050759651,3613.702629847879,7562.571,7772.038,209.46699999999964,COMPLETED,0,0,0
Person_2809,Person_2809_1,working,train,home,6978.294170146541,4289.594787017238,,6383.066520287023,4062.6484057004186,4562.608,7772.937,3210.3289999999997,COMPLETED,0,0,0
Person_6016,Person_6016_1,working,car,home,7252.262305086838,3777.7107308843456,city,10159.910029921817,195.30711077929786,7742.371,7775.634,33.26299999999992,COMPLETED,0,0,0
Person_6232,Person_6232_1,working,train,home,7139.2526368671215,4116.721908972413,,6383.066520287023,4062.6484057004186,4322.575,7783.725,3461.1500000000005,COMPLETED,0,0,0
Person_7258,Person_7258_1,working,train,home,7621.200565634576,5434.855152440541,,6383.066520287023,4062.6484057004186,3962.076,7787.321,3825.245,COMPLETED,0,0,0
Person_9971,Person_9971_1,working,walking,home,8113.389877271151,3161.4626686282627,university,5901.5627362491805,2994.702412765903,2.88,7790.917,7788.037,COMPLETED,0,0,0
Person_5512,Person_5512_1,working,car,home,8982.539674594882,6224.04271922478,yes,8581.948640915056,4236.390119650278,7682.138,7799.907,117.76900000000023,COMPLETED,0,0,0
Person_1635,Person_1635_1,working,walking,home,6371.9361691720205,4646.029834945387,school,8066.722148837125,3706.408670064231,3602.476,7809.796,4207.32,COMPLETED,0,0,0
Person_353,Person_353_1,working,train,home,5646.864693740765,4742.379090455891,,6383.066520287023,4062.6484057004186,5402.274,7812.493,2410.219,COMPLETED,0,0,0
Person_4388,Person_4388_1,working,train,home,7615.02376321483,3687.84599625596,,6383.066520287023,4062.6484057004186,4682.175,7818.786,3136.611,COMPLETED,0,0,0
Person_9310,Person_9310_1,working,car,home,4065.2060983642004,1289.6729660000035,yes,7225.740973942497,3817.569760162773,7202.072,7820.584,618.5119999999997,COMPLETED,0,0,0
Person_2035,Person_2035_1,working,walking,home,8199.990165711697,2847.9929010491683,kindergarten,7829.653627273629,4416.211188657,3962.076,7821.483,3859.407,COMPLETED,0,0,0
Person_1050,Person_1050_1,working,train,home,6324.796622448126,2211.960910151296,,6383.066520287023,4062.6484057004186,3782.276,7825.978,4043.702,COMPLETED,0,0,0
Person_3134,Person_3134_1,working,car,home,2451.4608945802092,4184.765562421767,city,10159.910029921817,195.30711077929786,7562.571,7836.766,274.1949999999997,COMPLETED,0,0,0
Person_8237,Person_8237_1,working,car,home,4771.159705068488,7798.325282355149,yes,6885.33381510893,4787.499287658236,7621.905,7843.059,221.15400000000045,COMPLETED,0,0,0
Person_2667,Person_2667_1,working,car,home,126.82488358348685,4319.6356930350885,university,6850.81127161198,3522.934095561738,7202.072,7843.958,641.8859999999995,COMPLETED,0,0,0
Person_3367,Person_3367_1,working,car,home,5518.366276760947,3223.86861897934,university,5901.5627362491805,2994.702412765903,7442.105,7846.655,404.5500000000002,COMPLETED,0,0,0
Person_3944,Person_3944_1,working,car,home,6504.622905461624,4230.321509724982,city,10159.910029921817,195.30711077929786,7621.905,7853.847,231.942,COMPLETED,0,0,0
Person_7382,Person_7382_1,working,car,home,8923.164516294926,1443.6072394971284,city,10159.910029921817,195.30711077929786,7802.604,7857.443,54.83899999999994,COMPLETED,0,0,0
Person_9538,Person_9538_1,working,car,home,7998.3640791746975,2892.3773001013037,university,8640.52148904632,1242.1470644446506,7861.938,7881.716,19.778000000000247,COMPLETED,0,0,0
Person_7592,Person_7592_1,working,car,home,7724.7896685315,4955.834098105764,university,5901.5627362491805,2994.702412765903,7202.072,7894.302,692.2299999999996,COMPLETED,0,0,0
Person_7898,Person_7898_1,working,car,home,7763.748069887376,3417.1968395337954,city,10159.910029921817,195.30711077929786,7861.938,7906.888,44.94999999999982,COMPLETED,0,0,0
Person_9368,Person_9368_1,working,car,home,5584.299279635391,880.8517094877016,city,10159.910029921817,195.30711077929786,7742.371,7908.686,166.3149999999996,COMPLETED,0,0,0
Person_1743,Person_1743_1,working,car,home,10159.910029921817,195.30711077929786,yes,5971.604990607705,1067.1143893603785,7382.771,7918.575,535.8040000000001,COMPLETED,0,0,0
Person_4657,Person_4657_1,working,car,home,4065.2060983642004,1289.6729660000035,university,8640.52148904632,1242.1470644446506,7682.138,7925.767,243.6289999999999,COMPLETED,0,0,0
Person_6681,Person_6681_1,working,car,home,6371.9361691720205,4646.029834945387,university,6451.821586100195,3200.551272926657,7502.338,7928.464,426.1260000000002,COMPLETED,0,0,0
Person_4129,Person_4129_1,working,car,home,9004.873419950565,3246.0800205325263,school,8424.219877122703,3037.381678006474,7682.138,7931.161,249.02300000000014,COMPLETED,0,0,0
Person_5315,Person_5315_1,working,walking,home,6999.750614330797,3603.8823332205725,university,5901.5627362491805,2994.702412765903,4682.175,7935.656,3253.4809999999998,COMPLETED,0,0,0
Person_1004,Person_1004_1,working,car,home,5836.718141920838,4612.181823599191,city,10159.910029921817,195.30711077929786,7802.604,7936.555,133.95100000000002,COMPLETED,0,0,0
Person_139,Person_139_1,working,car,home,10159.910029921817,195.30711077929786,school,6873.238070694492,3804.348267428833,7502.338,7937.454,435.116,COMPLETED,0,0,0
Person_3087,Person_3087_1,working,car,home,10159.910029921817,195.30711077929786,yes,6496.3538712677655,4419.377918649008,7202.072,7938.353,736.281,COMPLETED,0,0,0
Person_1000,Person_1000_1,working,car,home,4771.159705068488,7798.325282355149,industrial,5951.512513068993,4230.886272584304,7382.771,7949.141,566.3699999999999,COMPLETED,0,0,0
Person_1972,Person_1972_1,working,walking,home,7288.5117714028,3643.8358789502167,university,5872.083656560459,2982.14688861395,5282.707,7950.939,2668.232,COMPLETED,0,0,0
Person_2573,Person_2573_1,working,train,home,5317.003465201745,3083.3304426083996,,6383.066520287023,4062.6484057004186,5282.707,7953.636,2670.929,COMPLETED,0,0,0
Person_8318,Person_8318_1,working,car,home,8038.536901649225,3088.801984434774,city,10159.910029921817,195.30711077929786,7922.171,7954.535,32.36399999999958,COMPLETED,0,0,0
Person_6652,Person_6652_1,working,train,home,7777.856505150071,3686.5501784942494,,8351.70415135049,2763.8378920000764,3722.043,7980.606,4258.563,COMPLETED,0,0,0
Person_5925,Person_5925_1,working,car,home,10159.910029921817,195.30711077929786,yes,6143.64348754883,3674.362099801779,7442.105,7983.303,541.1980000000003,COMPLETED,0,0,0
Person_473,Person_473_1,working,car,home,8309.60926172709,3182.5157647392607,city,10159.910029921817,195.30711077929786,7982.404,7995.889,13.484999999999673,COMPLETED,0,0,0
Person_820,Person_820_1,working,car,home,8991.283177024254,3349.852546304873,city,10159.910029921817,195.30711077929786,7742.371,7996.788,254.41699999999946,COMPLETED,0,0,0
Person_2419,Person_2419_1,working,car,home,5155.18969066543,2523.8310561496332,city,10159.910029921817,195.30711077929786,7982.404,8003.98,21.575999999999112,COMPLETED,0,0,0
Person_985,Person_985_1,working,car,home,6848.096998836463,4331.24605293184,university,5908.061135515454,2983.961702940033,7502.338,8007.576,505.2380000000003,COMPLETED,0,0,0
Person_7829,Person_7829_1,working,train,home,8258.353922018197,3235.8892341668907,,8351.70415135049,2763.8378920000764,7442.105,8011.172,569.067,COMPLETED,0,0,0
Person_456,Person_456_1,working,car,home,8982.539674594882,6224.04271922478,yes,2462.1117102471317,4064.994824251114,7502.338,8012.071,509.7330000000002,COMPLETED,0,0,0
Person_2481,Person_2481_1,working,car,home,10159.910029921817,195.30711077929786,unknown,10159.910029921817,195.30711077929786,7382.771,8018.364,635.5929999999998,ABORTED_BREAKDOWN,0,0,0
Person_7341,Person_7341_1,working,car,home,10159.910029921817,195.30711077929786,yes,5563.366663802548,712.29467073312,7982.404,8018.364,35.95999999999913,COMPLETED,0,0,0
Person_3143,Person_3143_1,working,train,home,5885.461630783255,4540.069339891728,,6383.066520287023,4062.6484057004186,4322.575,8018.364,3695.7889999999998,COMPLETED,0,0,0
Person_4883,Person_4883_1,working,car,home,8201.548779401348,2961.792462947791,city,10159.910029921817,195.30711077929786,7982.404,8020.162,37.75799999999981,COMPLETED,0,0,0
Person_1998,Person_1998_1,working,train,home,7161.754860593289,3765.0946499476527,,6383.066520287023,4062.6484057004186,5222.474,8022.859,2800.385,COMPLETED,0,0,0
Person_953,Person_953_1,working,car,home,4771.159705068488,7798.325282355149,yes,6314.922512502759,3545.9260304252807,7502.338,8024.657,522.3190000000004,COMPLETED,0,0,0
Person_8599,Person_8599_1,working,train,home,6299.991881378089,3615.758442579587,,6383.066520287023,4062.6484057004186,5042.674,8024.657,2981.983,COMPLETED,0,0,0
Person_9305,Person_9305_1,working,walking,home,7707.62192822447,1950.941190395982,university,6753.286006283763,3714.7935438899995,5102.008,8032.748,2930.74,COMPLETED,0,0,0
Person_8780,Person_8780_1,working,car,home,10159.910029921817,195.30711077929786,university,8640.52148904632,1242.1470644446506,7502.338,8033.647,531.3090000000002,COMPLETED,0,0,0
Person_1450,Person_1450_1,working,car,home,8135.842610530406,3702.82816778954,city,10159.910029921817,195.30711077929786,7621.905,8037.243,415.33800000000065,COMPLETED,0,0,0
Person_2756,Person_2756_1,working,train,home,6196.036069640612,2582.4517323279474,,6383.066520287023,4062.6484057004186,5402.274,8039.041,2636.767,COMPLETED,0,0,0
Person_4263,Person_4263_1,working,car,home,7147.963143595915,2580.6617987168725,school,9073.502899488896,3567.523879519276,7562.571,8039.94,477.3689999999997,COMPLETED,0,0,0
Person_5111,Person_5111_1,working,car,home,8982.539674594882,6224.04271922478,industrial,9192.983319175539,3887.749670182773,7682.138,8039.94,357.8019999999997,COMPLETED,0,0,0
Person_6043,Person_6043_1,working,car,home,8308.096828455165,1986.4005650273002,city,10159.910029921817,195.30711077929786,7922.171,8040.839,118.66799999999967,COMPLETED,0,0,0
Person_4512,Person_4512_1,working,car,home,10159.910029921817,195.30711077929786,university,6753.286006283763,3714.7935438899995,7382.771,8046.233,663.4620000000004,COMPLETED,0,0,0
Person_1430,Person_1430_1,working,car,home,8812.265773369603,2639.764437326557,city,8982.539674594882,6224.04271922478,7502.338,8059.718,557.3800000000001,COMPLETED,0,0,0
Person_6168,Person_6168_1,working,car,home,10159.910029921817,195.30711077929786,yes,6702.114535963981,4164.8788755828555,7322.538,8061.516,738.9780000000001,COMPLETED,0,0,0
Person_2628,Person_2628_1,working,train,home,4935.517252509525,6085.983652119704,,5324.662215615522,5920.8056375972865,7502.338,8062.415,560.0770000000002,COMPLETED,0,0,0
Person_883,Person_883_1,working,car,home,5777.799266091382,2251.7741572482123,university,6753.286006283763,3714.7935438899995,7922.171,8068.708,146.53699999999935,COMPLETED,0,0,0
Person_3623,Person_3623_1,working,car,home,5806.398954205174,4607.421142563643,city,10159.910029921817,195.30711077929786,7861.938,8069.607,207.66899999999987,COMPLETED,0,0,0
Person_2278,Person_2278_1,working,car,home,7028.189683587065,3802.2569290192587,school,5016.883744216048,983.1878128930324,7382.771,8070.506,687.7350000000006,COMPLETED,0,0,0
Person_1153,Person_1153_1,working,car,home,10159.910029921817,195.30711077929786,yes,7900.886405678909,1612.9171889865409,7682.138,8075.9,393.7619999999997,COMPLETED,0,0,0
Person_2417,Person_2417_1,working,car,home,4065.2060983642004,1289.6729660000035,school,6596.6449373770965,4515.058302908642,7562.571,8083.092,520.5209999999997,COMPLETED,0,0,0
Person_6677,Person_6677_1,working,car,home,9086.828179824744,3428.31906564295,school,6749.755453020404,3273.529339912455,8042.637,8083.991,41.35400000000027,COMPLETED,0,0,0
Person_9720,Person_9720_1,working,train,home,7762.80379482189,3849.881219880989,,8351.70415135049,2763.8378920000764,4861.975,8092.082,3230.107,COMPLETED,0,0,0
Person_1879,Person_1879_1,working,car,home,10159.910029921817,195.30711077929786,university,6753.286006283763,3714.7935438899995,7742.371,8093.88,351.509,COMPLETED,0,0,0
Person_4832,Person_4832_1,working,train,home,6960.022802622081,3906.0763727121407,,6383.066520287023,4062.6484057004186,3602.476,8096.577,4494.101000000001,COMPLETED,0,0,0
Person_8914,Person_8914_1,working,walking,home,7039.53281604858,1887.9786110119599,university,5872.083656560459,2982.14688861395,8101.971,8101.971,0.0,COMPLETED,0,0,0
Person_3675,Person_3675_1,working,car,home,5367.766482251243,1138.3135205549695,city,8982.539674594882,6224.04271922478,7322.538,8104.668,782.1300000000001,COMPLETED,0,0,0
Person_729,Person_729_1,working,train,home,6518.013605505075,4361.481079723399,,6383.066520287023,4062.6484057004186,7262.305,8104.668,842.3629999999994,COMPLETED,0,0,0
Person_3229,Person_3229_1,working,car,home,4065.2060983642004,1289.6729660000035,university,6850.81127161198,3522.934095561738,7861.938,8109.163,247.22499999999945,COMPLETED,0,0,0
Person_5271,Person_5271_1,working,car,home,10159.910029921817,195.30711077929786,yes,5741.178160129165,825.845275064017,7502.338,8111.86,609.5219999999999,COMPLETED,0,0,0
Person_4433,Person_4433_1,working,car,home,9008.79033000887,3073.610191386479,city,4771.159705068488,7798.325282355149,7742.371,8111.86,369.4889999999996,COMPLETED,0,0,0
Person_2967,Person_2967_1,working,car,home,10159.910029921817,195.30711077929786,yes,5925.7474210372875,1032.5585288989819,7742.371,8114.557,372.1859999999997,COMPLETED,0,0,0
Person_4551,Person_4551_1,working,car,home,6857.885435084573,1972.8283869256877,city,10159.910029921817,195.30711077929786,8101.971,8128.042,26.071000000000822,COMPLETED,0,0,0
Person_8898,Person_8898_1,working,car,home,126.82488358348685,4319.6356930350885,yes,6046.697334968855,4663.818829317491,7262.305,8133.436,871.1309999999994,COMPLETED,0,0,0
Person_6931,Person_6931_1,working,train,home,7854.210584442146,3846.595695634869,,8351.70415135049,2763.8378920000764,5162.241,8134.335,2972.094,COMPLETED,0,0,0
Person_4750,Person_4750_1,working,car,home,10159.910029921817,195.30711077929786,yes,6547.557534410063,4329.230978712338,7382.771,8135.234,752.4630000000006,COMPLETED,0,0,0
Person_5418,Person_5418_1,working,car,home,8168.51130914773,3206.2199717579183,school,8759.846150965457,2634.994176267512,8101.971,8137.032,35.061000000000604,COMPLETED,0,0,0
Person_3289,Person_3289_1,working,train,home,5523.890086347648,2606.6536374234015,,6383.066520287023,4062.6484057004186,5222.474,8137.931,2915.4569999999994,COMPLETED,0,0,0
Person_8475,Person_8475_1,working,train,home,7218.0446714835425,3460.152259019104,,6383.066520287023,4062.6484057004186,3902.742,8138.83,4236.088,COMPLETED,0,0,0
Person_7289,Person_7289_1,working,walking,home,7834.017893589754,3495.897110863719,university,6839.399852089795,3585.511730890991,4562.608,8142.426,3579.818,COMPLETED,0,0,0
Person_5821,Person_5821_1,working,car,home,6953.759034376813,5334.276196581478,unknown,6953.759034376813,5334.276196581478,602.513,8144.224,7541.711,ABORTED_BREAKDOWN,0,0,0
Person_3656,Person_3656_1,working,car,home,4771.159705068488,7798.325282355149,yes,6863.657119686202,4387.224968696725,8101.971,8149.618,47.647000000000844,COMPLETED,0,0,0
Person_6033,Person_6033_1,accompany,walking,home,6909.324732801238,4084.789233200148,,7388.965738296716,4496.840040115452,7201.173,8155.911,954.7380000000003,COMPLETED,0,0,0
Person_803,Person_803_1,working,car,home,10159.910029921817,195.30711077929786,industrial,6406.833032707632,836.7148050197659,7861.938,8157.709,295.77099999999973,COMPLETED,0,0,0
Person_6241,Person_6241_1,working,car,home,4490.643034166135,5736.2947628916245,city,10159.910029921817,195.30711077929786,7922.171,8164.002,241.83100000000013,COMPLETED,0,0,0
Person_8715,Person_8715_1,working,car,home,8821.353441925543,1431.5421202657292,city,10159.910029921817,195.30711077929786,8101.971,8164.002,62.03100000000086,COMPLETED,0,0,0
Person_3676,Person_3676_1,working,car,home,6212.667870745336,3755.4774245932117,city,10159.910029921817,195.30711077929786,8101.971,8164.901,62.93000000000029,COMPLETED,0,0,0
Person_3992,Person_3992_1,working,car,home,5618.797992552808,4942.764226110754,city,10159.910029921817,195.30711077929786,8101.971,8164.901,62.93000000000029,COMPLETED,0,0,0
Person_4783,Person_4783_1,working,car,home,10159.910029921817,195.30711077929786,university,5901.5627362491805,2994.702412765903,7742.371,8171.194,428.8230000000003,COMPLETED,0,0,0
Person_8259,Person_8259_1,working,car,home,9047.71684701172,3476.556851346732,school,8443.137324611243,3167.0037369544502,7922.171,8172.992,250.8209999999999,COMPLETED,0,0,0
Person_9964,Person_9964_1,working,car,home,6297.092740652123,4441.147071098435,city,10159.910029921817,195.30711077929786,7982.404,8177.487,195.08299999999963,COMPLETED,0,0,0
Person_6325,Person_6325_1,working,car,home,8107.5387083686865,4203.611648118261,city,10159.910029921817,195.30711077929786,7802.604,8181.083,378.47899999999936,COMPLETED,0,0,0
Person_613,Person_613_1,working,car,home,10159.910029921817,195.30711077929786,yes,6808.365973214214,4229.010591582989,7502.338,8183.78,681.442,COMPLETED,0,0,0
Person_639,Person_639_1,working,car,home,6840.798877258688,3920.1499913350162,city,10159.910029921817,195.30711077929786,8162.204,8183.78,21.576000000000022,COMPLETED,0,0,0
Person_8702,Person_8702_1,working,car,home,8876.21465372715,2614.7553626519,city,10159.910029921817,195.30711077929786,8162.204,8185.578,23.374000000000706,COMPLETED,0,0,0
Person_9200,Person_9200_1,working,car,home,4771.159705068488,7798.325282355149,school,7815.620707248594,4334.47240185377,7742.371,8199.962,457.59099999999944,COMPLETED,0,0,0
Person_2932,Person_2932_1,working,car,home,10159.910029921817,195.30711077929786,yes,6958.651173126999,4000.8802273787587,8162.204,8200.861,38.65700000000106,COMPLETED,0,0,0
Person_7219,Person_7219_1,working,car,home,4771.159705068488,7798.325282355149,kindergarten,7813.595747654742,5246.369333041357,8101.971,8208.053,106.08200000000033,COMPLETED,0,0,0
Person_797,Person_797_1,working,car,home,8743.004894060095,2208.545147694566,university,8680.422548567441,1236.9101943957473,7202.072,8213.447,1011.375,COMPLETED,0,0,0
Person_3567,Person_3567_1,working,car,home,5385.938541793497,1175.6950645819327,city,10159.910029921817,195.30711077929786,7861.938,8217.043,355.10499999999956,COMPLETED,0,0,0
Person_8146,Person_8146_1,working,car,home,5522.319451030748,3798.4927151855954,city,10159.910029921817,195.30711077929786,7861.938,8217.043,355.10499999999956,COMPLETED,0,0,0
Person_4858,Person_4858_1,working,car,home,5673.259425174505,4759.838069371382,unknown,5673.259425174505,4759.838069371382,2.88,8222.437,8219.557,ABORTED_BREAKDOWN,0,0,0
Person_1764,Person_1764_1,working,car,home,10159.910029921817,195.30711077929786,industrial,8053.11876518299,4816.995446671595,8101.971,8235.023,133.05199999999968,COMPLETED,0,0,0
Person_4570,Person_4570_1,working,car,home,6055.143880411356,5050.666938624947,city,8982.539674594882,6224.04271922478,7322.538,8239.518,916.9800000000005,COMPLETED,0,0,0
Person_814,Person_814_1,working,car,home,10159.910029921817,195.30711077929786,university,5901.5627362491805,2994.702412765903,7802.604,8240.417,437.8129999999992,COMPLETED,0,0,0
Person_1141,Person_1141_1,working,car,home,8700.448164645384,3291.8527764647765,city,10159.910029921817,195.30711077929786,7382.771,8246.71,863.9389999999994,COMPLETED,0,0,0
Person_2912,Person_2912_1,working,car,home,7557.684114249355,3868.8000807483572,university,5887.791508799354,2982.146731596164,8222.437,8247.609,25.17200000000048,COMPLETED,0,0,0
Person_2285,Person_2285_1,working,car,home,6744.053779401566,4030.4602529193294,university,8640.52148904632,1242.1470644446506,8222.437,8248.508,26.070999999999913,COMPLETED,0,0,0
Person_6958,Person_6958_1,working,car,home,7706.777583761359,3259.0412920797025,university,6839.399852089795,3585.511730890991,8222.437,8251.205,28.76800000000003,COMPLETED,0,0,0
Person_7962,Person_7962_1,working,car,home,8982.539674594882,6224.04271922478,yes,5702.550210154136,4537.438848460344,8101.971,8252.104,150.1329999999998,COMPLETED,0,0,0
Person_3261,Person_3261_1,working,car,home,7016.0014618668565,4169.106859029205,city,10159.910029921817,195.30711077929786,8042.637,8254.801,212.16399999999976,COMPLETED,0,0,0
Person_3341,Person_3341_1,working,walking,home,6348.755929152439,4368.3367314448205,university,5887.791508799354,2982.146731596164,4202.109,8254.801,4052.691999999999,COMPLETED,0,0,0
Person_6749,Person_6749_1,working,car,home,4065.2060983642004,1289.6729660000035,industrial,8397.09450768246,4642.553927607256,7502.338,8259.296,756.9580000000005,COMPLETED,0,0,0
Person_4413,Person_4413_1,working,car,home,5812.692298985577,1085.731360222029,city,10159.910029921817,195.30711077929786,8222.437,8259.296,36.85900000000038,COMPLETED,0,0,0
Person_2765,Person_2765_1,working,car,home,8982.539674594882,6224.04271922478,yes,5936.785788531401,975.0799136362486,8162.204,8269.185,106.98099999999977,COMPLETED,0,0,0
Person_9861,Person_9861_1,working,car,home,4630.595667095954,5948.1149623144165,city,10159.910029921817,195.30711077929786,8162.204,8270.084,107.88000000000102,COMPLETED,0,0,0
Person_2527,Person_2527_1,working,car,home,6999.750614330797,3603.8823332205725,city,10159.910029921817,195.30711077929786,7861.938,8271.882,409.9439999999995,COMPLETED,0,0,0
Person_8608,Person_8608_1,working,car,home,8051.563916916891,3923.53601757915,city,10159.910029921817,195.30711077929786,8222.437,8271.882,49.44499999999971,COMPLETED,0,0,0
Person_6404,Person_6404_1,working,train,home,6209.710881817168,3589.4456118407693,,6383.066520287023,4062.6484057004186,4682.175,8271.882,3589.7069999999994,COMPLETED,0,0,0
Person_5966,Person_5966_1,working,car,home,8982.539674594882,6224.04271922478,yes,9709.605670766072,2946.070616148129,7562.571,8273.68,711.1090000000004,COMPLETED,0,0,0
Person_5963,Person_5963_1,working,car,home,6417.805183269307,2179.898828520733,city,8982.539674594882,6224.04271922478,7982.404,8273.68,291.27599999999984,COMPLETED,0,0,0
Person_8897,Person_8897_1,working,car,home,5406.920430976688,900.463615820083,city,10159.910029921817,195.30711077929786,7982.404,8283.569,301.16499999999905,COMPLETED,0,0,0
Person_7752,Person_7752_1,working,train,home,5771.738376099264,4900.518313150147,,6383.066520287023,4062.6484057004186,5222.474,8288.963,3066.4889999999996,COMPLETED,0,0,0
Person_2254,Person_2254_1,working,car,home,8267.862143966155,2970.7908374920644,city,10159.910029921817,195.30711077929786,8222.437,8292.559,70.12199999999939,COMPLETED,0,0,0
Person_7489,Person_7489_1,working,car,home,4771.159705068488,7798.325282355149,school,7876.742569302692,4220.762789429215,8282.67,8292.559,9.888999999999214,COMPLETED,0,0,0
Person_2262,Person_2262_1,working,car,home,6157.476806697875,3428.9440262117814,city,10159.910029921817,195.30711077929786,8162.204,8296.155,133.95100000000093,COMPLETED,0,0,0
Person_5310,Person_5310_1,working,train,home,8894.536235811765,2425.4363235749124,,8351.70415135049,2763.8378920000764,7502.338,8296.155,793.8170000000009,COMPLETED,0,0,0
Person_6082,Person_6082_1,working,car,home,7352.465886474364,3905.728042880929,city,10159.910029921817,195.30711077929786,8042.637,8303.347,260.71000000000004,COMPLETED,0,0,0
Person_4424,Person_4424_1,working,car,home,8024.010184818359,3279.2178200620788,city,10159.910029921817,195.30711077929786,8042.637,8306.044,263.40700000000015,COMPLETED,0,0,0
Person_6092,Person_6092_1,working,car,home,8022.054225903353,3179.250875793279,city,10159.910029921817,195.30711077929786,8282.67,8306.943,24.27299999999923,COMPLETED,0,0,0
Person_6640,Person_6640_1,working,car,home,7128.260088853026,3963.8177194398577,university,6980.17060882167,3727.0047244733337,8162.204,8317.731,155.52700000000004,COMPLETED,0,0,0
Person_4662,Person_4662_1,working,car,home,5420.899973691213,4284.908291021697,city,10159.910029921817,195.30711077929786,8282.67,8317.731,35.060999999999694,COMPLETED,0,0,0
Person_4009,Person_4009_1,working,car,home,10159.910029921817,195.30711077929786,industrial,8389.604836035238,4935.278318957668,7682.138,8320.428,638.29,COMPLETED,0,0,0
Person_96,Person_96_1,working,car,home,8982.539674594882,6224.04271922478,industrial,9068.1008776679,4015.906276424868,8282.67,8320.428,37.75799999999981,COMPLETED,0,0,0
Person_1942,Person_1942_1,working,car,home,10159.910029921817,195.30711077929786,university,6753.286006283763,3714.7935438899995,8222.437,8321.327,98.88999999999942,COMPLETED,0,0,0
Person_8899,Person_8899_1,working,car,home,126.82488358348685,4319.6356930350885,yes,7771.160597619901,4889.489666134337,7621.905,8330.317,708.4119999999994,COMPLETED,0,0,0
Person_850,Person_850_1,working,car,home,6259.6532100825125,2527.1648941575368,city,10159.910029921817,195.30711077929786,8042.637,8335.711,293.0739999999996,COMPLETED,0,0,0
Person_5886,Person_5886_1,working,car,home,10159.910029921817,195.30711077929786,yes,5659.86207111717,990.5038616503095,7922.171,8336.61,414.4390000000003,COMPLETED,0,0,0
Person_614,Person_614_1,working,car,home,4771.159705068488,7798.325282355149,industrial,8402.271814277039,5071.139698173247,7922.171,8338.408,416.23699999999917,COMPLETED,0,0,0
Person_1937,Person_1937_1,working,car,home,4949.89697126478,6145.82659692804,city,10159.910029921817,195.30711077929786,8282.67,8341.105,58.43499999999949,COMPLETED,0,0,0
Person_2309,Person_2309_1,working,car,home,7775.623345129226,3119.8079748700957,university,6753.286006283763,3714.7935438899995,7861.938,8343.802,481.8639999999996,COMPLETED,0,0,0
Person_759,Person_759_1,working,walking,home,7157.9514562439135,4306.3306366221605,university,5887.791508799354,2982.146731596164,5042.674,8343.802,3301.1279999999997,COMPLETED,0,0,0
Person_3585,Person_3585_1,working,train,home,5588.917970978149,2577.7789814348935,,6383.066520287023,4062.6484057004186,2.88,8343.802,8340.922,COMPLETED,0,0,0
Person_8153,Person_8153_1,working,car,home,8294.46441947953,3166.2333780310096,city,10159.910029921817,195.30711077929786,8101.971,8356.388,254.41700000000128,COMPLETED,0,0,0
Person_5165,Person_5165_1,working,car,home,4771.159705068488,7798.325282355149,university,6839.399852089795,3585.511730890991,7682.138,8358.186,676.0479999999998,COMPLETED,0,0,0
Person_3667,Person_3667_1,working,car,home,8182.530644602905,3572.6563561438215,city,10159.910029921817,195.30711077929786,8282.67,8359.085,76.41499999999905,COMPLETED,0,0,0
Person_1191,Person_1191_1,working,car,home,4771.159705068488,7798.325282355149,yes,6408.593941513497,4404.552467852468,8342.004,8360.883,18.878999999998996,COMPLETED,0,0,0
Person_2208,Person_2208_1,working,car,home,10159.910029921817,195.30711077929786,yes,7105.286505412262,1988.2811640136433,8342.004,8361.782,19.77799999999843,COMPLETED,0,0,0
Person_2362,Person_2362_1,working,car,home,10159.910029921817,195.30711077929786,yes,7959.606512704493,3537.907857571911,8342.004,8362.681,20.67699999999968,COMPLETED,0,0,0
Person_6188,Person_6188_1,working,car,home,7242.177370210327,4430.264772303036,university,5887.791508799354,2982.146731596164,8342.004,8362.681,20.67699999999968,COMPLETED,0,0,0
Person_1765,Person_1765_1,working,car,home,10159.910029921817,195.30711077929786,university,5887.791508799354,2982.146731596164,8282.67,8366.277,83.60699999999997,COMPLETED,0,0,0
Person_8923,Person_8923_1,working,train,home,6170.9417605931385,2499.4248057564287,,6383.066520287023,4062.6484057004186,1562.645,8369.873,6807.227999999999,COMPLETED,0,0,0
Person_7365,Person_7365_1,working,car,home,4771.159705068488,7798.325282355149,yes,6638.617586515048,4241.400022986684,7621.905,8373.469,751.5639999999994,COMPLETED,0,0,0
Person_2996,Person_2996_1,working,car,home,7564.86855292554,3629.762151407722,city,10159.910029921817,195.30711077929786,8342.004,8377.065,35.060999999999694,COMPLETED,0,0,0
Person_654,Person_654_1,working,car,home,6942.785815837005,3645.9918927813515,city,10159.910029921817,195.30711077929786,7861.938,8380.661,518.723,COMPLETED,0,0,0
Person_219,Person_219_1,working,car,home,9086.828179824744,3428.31906564295,university,6980.17060882167,3727.0047244733337,8342.004,8381.56,39.555999999998676,COMPLETED,0,0,0
Person_7113,Person_7113_1,working,car,home,4771.159705068488,7798.325282355149,yes,7814.544552561295,3336.8762026718973,7802.604,8383.358,580.7539999999999,COMPLETED,0,0,0
Person_8636,Person_8636_1,working,car,home,5633.885832739779,572.1632962837156,city,10159.910029921817,195.30711077929786,7922.171,8385.156,462.9850000000006,COMPLETED,0,0,0
Person_3180,Person_3180_1,working,car,home,8135.842610530406,3702.82816778954,university,5901.5627362491805,2994.702412765903,7621.905,8395.045,773.1400000000003,COMPLETED,0,0,0
Person_8051,Person_8051_1,working,car,home,5543.241680765351,4888.485387947231,city,10159.910029921817,195.30711077929786,8162.204,8395.944,233.73999999999978,COMPLETED,0,0,0
Person_416,Person_416_1,working,car,home,6044.566534341074,5001.633954942221,university,5872.083656560459,2982.14688861395,7682.138,8401.338,719.1999999999998,COMPLETED,0,0,0
Person_653,Person_653_1,working,train,home,7013.192632685212,3805.7797513475807,,6383.066520287023,4062.6484057004186,8402.237,8402.237,0.0,COMPLETED,0,0,0
Person_805,Person_805_1,working,car,home,10159.910029921817,195.30711077929786,school,6596.6449373770965,4515.058302908642,7442.105,8404.035,961.9300000000003,COMPLETED,0,0,0
Person_9608,Person_9608_1,working,car,home,8901.105826095334,2486.8877244299333,university,6980.17060882167,3727.0047244733337,7262.305,8404.934,1142.628999999999,COMPLETED,0,0,0
Person_897,Person_897_1,working,car,home,10159.910029921817,195.30711077929786,university,5908.061135515454,2983.961702940033,7982.404,8408.53,426.1260000000002,COMPLETED,0,0,0
Person_1683,Person_1683_1,working,car,home,10159.910029921817,195.30711077929786,university,5901.5627362491805,2994.702412765903,7861.938,8415.722,553.7839999999997,COMPLETED,0,0,0
Person_8465,Person_8465_1,working,car,home,8982.539674594882,6224.04271922478,university,5887.791508799354,2982.146731596164,7682.138,8420.217,738.0790000000006,COMPLETED,0,0,0
Person_1142,Person_1142_1,working,car,home,10159.910029921817,195.30711077929786,university,6451.821586100195,3200.551272926657,8222.437,8420.217,197.78000000000065,COMPLETED,0,0,0
Person_6134,Person_6134_1,working,train,home,6174.393141822902,4555.11659556991,,6383.066520287023,4062.6484057004186,7621.905,8421.116,799.2110000000002,COMPLETED,0,0,0
Person_4108,Person_4108_1,working,car,home,10159.910029921817,195.30711077929786,industrial,8080.829916471052,4629.75964335266,8342.004,8422.914,80.90999999999985,COMPLETED,0,0,0
Person_4923,Person_4923_1,working,car,home,8316.025809868719,2856.967462112087,city,10159.910029921817,195.30711077929786,8402.237,8425.611,23.374000000001615,COMPLETED,0,0,0
Person_1771,Person_1771_1,working,car,home,6843.924600383817,4242.609751654264,city,10159.910029921817,195.30711077929786,8402.237,8429.207,26.970000000001164,COMPLETED,0,0,0
Person_5757,Person_5757_1,working,car,home,10159.910029921817,195.30711077929786,yes,7475.554611629245,3020.1164795656277,8042.637,8431.005,388.3679999999995,COMPLETED,0,0,0
Person_1371,Person_1371_1,working,car,home,10159.910029921817,195.30711077929786,industrial,5977.1596384891345,4403.416452898187,7922.171,8431.904,509.7330000000002,COMPLETED,0,0,0
Person_8429,Person_8429_1,working,car,home,7232.504182143934,3772.4120076257755,university,6839.399852089795,3585.511730890991,7742.371,8433.702,691.3309999999992,COMPLETED,0,0,0
Person_6789,Person_6789_1,working,car,home,4956.6151865379425,6132.291228377245,unknown,4956.6151865379425,6132.291228377245,722.08,8437.298,7715.218000000001,ABORTED_BREAKDOWN,0,0,0
Person_9766,Person_9766_1,working,train,home,7338.56518995551,2288.5116511751685,,8351.70415135049,2763.8378920000764,4442.142,8437.298,3995.156000000001,COMPLETED,0,0,0
Person_2433,Person_2433_1,working,train,home,8942.047144184595,2423.676306891407,,8351.70415135049,2763.8378920000764,7562.571,8439.995,877.4240000000009,COMPLETED,0,0,0
Person_162,Person_162_1,working,car,home,5409.205959461573,1181.4020211353152,school,6228.590221566115,4781.895669395267,8402.237,8444.49,42.25300000000061,COMPLETED,0,0,0
Person_6473,Person_6473_1,working,car,home,10159.910029921817,195.30711077929786,yes,7221.6176318120015,3881.049062581885,8402.237,8445.389,43.152000000000044,COMPLETED,0,0,0
Person_6955,Person_6955_1,working,train,home,8130.973032158879,3534.8424952649325,,8351.70415135049,2763.8378920000764,7202.072,8445.389,1243.316999999999,COMPLETED,0,0,0
Person_9845,Person_9845_1,working,car,home,10159.910029921817,195.30711077929786,yes,5736.471317541137,4480.827942782186,7682.138,8449.884,767.7460000000001,COMPLETED,0,0,0
Person_8324,Person_8324_1,working,car,home,4771.159705068488,7798.325282355149,yes,6972.59428681254,1878.355826175277,7682.138,8458.874,776.7359999999999,COMPLETED,0,0,0
Person_3728,Person_3728_1,working,car,home,10159.910029921817,195.30711077929786,industrial,6056.489881471464,4094.3160588297396,8222.437,8460.672,238.23500000000058,COMPLETED,0,0,0
Person_108,Person_108_1,working,train,home,7105.286505412262,1988.2811640136433,,8351.70415135049,2763.8378920000764,8462.47,8462.47,0.0,COMPLETED,0,0,0
Person_6986,Person_6986_1,working,train,home,8499.06651498974,3005.549047528962,,8351.70415135049,2763.8378920000764,8462.47,8462.47,0.0,COMPLETED,0,0,0
Person_5728,Person_5728_1,working,car,home,4065.2060983642004,1289.6729660000035,yes,5604.927847176978,608.6081792584141,8222.437,8465.167,242.72999999999956,COMPLETED,0,0,0
Person_9081,Person_9081_1,working,car,home,5713.111802772502,6620.873789523847,city,10159.910029921817,195.30711077929786,8342.004,8466.965,124.96099999999933,COMPLETED,0,0,0
Person_7105,Person_7105_1,working,walking,home,8777.68928295548,3277.286761597313,university,5901.5627362491805,2994.702412765903,5042.674,8471.46,3428.785999999999,COMPLETED,0,0,0
Person_5367,Person_5367_1,working,car,home,10159.910029921817,195.30711077929786,yes,6326.012352206987,4450.743310135666,8282.67,8473.258,190.58799999999974,COMPLETED,0,0,0
Person_2591,Person_2591_1,accompany,walking,home,6857.596052345787,3871.4594680112928,,7587.209963972728,3427.7405819488004,7202.072,8473.258,1271.1859999999997,COMPLETED,0,0,0
Person_1919,Person_1919_1,working,car,home,4734.456099767883,5194.631461985008,city,8982.539674594882,6224.04271922478,7562.571,8474.157,911.5859999999993,COMPLETED,0,0,0
Person_59,Person_59_1,working,car,home,8090.316347057237,3493.4184368665883,city,10159.910029921817,195.30711077929786,7861.938,8477.753,615.8150000000005,COMPLETED,0,0,0
Person_5956,Person_5956_1,working,car,home,10159.910029921817,195.30711077929786,yes,6353.697512354989,3667.781518935259,7982.404,8482.248,499.84399999999914,COMPLETED,0,0,0
Person_5118,Person_5118_1,working,car,home,10159.910029921817,195.30711077929786,university,6839.399852089795,3585.511730890991,7742.371,8483.147,740.7760000000007,COMPLETED,0,0,0
Person_648,Person_648_1,working,car,home,7998.954275591711,3618.825306819188,city,10159.910029921817,195.30711077929786,8462.47,8483.147,20.6770000000015,COMPLETED,0,0,0
Person_742,Person_742_1,working,car,home,10159.910029921817,195.30711077929786,industrial,9136.737253115334,4020.1326310211894,7682.138,8486.743,804.6050000000005,COMPLETED,0,0,0
Person_4483,Person_4483_1,working,train,home,8075.716378665936,3991.8046652622256,,8351.70415135049,2763.8378920000764,4202.109,8488.541,4286.431999999999,COMPLETED,0,0,0
Person_1689,Person_1689_1,working,car,home,4065.2060983642004,1289.6729660000035,yes,6172.378356558978,4477.503159533712,7861.938,8493.036,631.098,COMPLETED,0,0,0
Person_3810,Person_3810_1,working,car,home,10159.910029921817,195.30711077929786,yes,5447.991262857743,3905.5444407009854,7802.604,8493.935,691.3309999999992,COMPLETED,0,0,0
Person_8739,Person_8739_1,working,car,home,10159.910029921817,195.30711077929786,yes,6602.948164865258,739.1530069151949,8282.67,8500.228,217.55799999999908,COMPLETED,0,0,0
Person_8466,Person_8466_1,working,car,home,10159.910029921817,195.30711077929786,school,6873.238070694492,3804.348267428833,8462.47,8500.228,37.75799999999981,COMPLETED,0,0,0
Person_7157,Person_7157_1,working,car,home,126.82488358348685,4319.6356930350885,yes,7572.852280646702,2956.045473671096,7682.138,8502.925,820.7869999999994,COMPLETED,0,0,0
Person_1339,Person_1339_1,working,car,home,4771.159705068488,7798.325282355149,yes,6251.821381596441,3717.4808850864456,7742.371,8504.723,762.3519999999999,COMPLETED,0,0,0
Person_88,Person_88_1,working,train,home,6889.812728401524,4027.1358135109454,,6383.066520287023,4062.6484057004186,1682.212,8508.319,6826.107,COMPLETED,0,0,0
Person_2933,Person_2933_1,working,train,home,8241.787122707408,3969.305619695883,,8351.70415135049,2763.8378920000764,4682.175,8508.319,3826.1439999999993,COMPLETED,0,0,0
Person_8528,Person_8528_1,working,car,home,7867.353490585476,5056.862517324103,city,8982.539674594882,6224.04271922478,7621.905,8510.117,888.2120000000004,COMPLETED,0,0,0
Person_5682,Person_5682_1,working,car,home,10159.910029921817,195.30711077929786,university,5887.791508799354,2982.146731596164,7742.371,8513.713,771.3419999999996,COMPLETED,0,0,0
Person_3317,Person_3317_1,working,car,home,7687.261096335731,4908.514271788083,city,10159.910029921817,195.30711077929786,8462.47,8517.309,54.83899999999994,COMPLETED,0,0,0
Person_2134,Person_2134_1,accompany,walking,home,6988.860046334969,3809.3690315022945,public,6298.318483960806,3201.6749946932046,7202.072,8520.905,1318.8330000000005,COMPLETED,0,0,0
Person_7947,Person_7947_1,working,car,home,6235.398753038615,2547.9689373123506,university,6980.17060882167,3727.0047244733337,7861.938,8530.794,668.8559999999998,COMPLETED,0,0,0
Person_4409,Person_4409_1,working,train,home,5646.06521785381,2561.9683091635907,,6383.066520287023,4062.6484057004186,4082.542,8530.794,4448.252,COMPLETED,0,0,0
Person_6586,Person_6586_1,working,car,home,7621.567543389379,3362.7305076339617,city,10159.910029921817,195.30711077929786,8522.703,8535.289,12.58600000000115,COMPLETED,0,0,0
Person_8569,Person_8569_1,working,train,home,8460.101538617166,3824.7434570235305,,8351.70415135049,2763.8378920000764,5282.707,8537.986,3255.2790000000005,COMPLETED,0,0,0
Person_4796,Person_4796_1,working,walking,home,7307.820647829323,4142.764299608269,school,8307.13205408836,3086.352864703455,1141.913,8539.784,7397.870999999999,COMPLETED,0,0,0
Person_4716,Person_4716_1,working,car,home,7770.7482100242305,4067.8718688955673,city,10159.910029921817,195.30711077929786,8101.971,8540.683,438.71200000000135,COMPLETED,0,0,0
Person_1663,Person_1663_1,working,walking,home,8029.654218040824,3568.3473334750315,university,5908.061135515454,2983.961702940033,5342.041,8544.279,3202.2380000000003,COMPLETED,0,0,0
Person_156,Person_156_1,working,car,home,3278.56116402224,5904.637161690636,college,6747.753015898421,3319.6122938214417,8402.237,8546.077,143.84000000000015,COMPLETED,0,0,0
Person_1424,Person_1424_1,working,car,home,126.82488358348685,4319.6356930350885,yes,6551.086984612071,4385.6051863623625,8522.703,8554.168,31.465000000000146,COMPLETED,0,0,0
Person_650,Person_650_1,working,car,home,4771.159705068488,7798.325282355149,university,6897.893782272236,3752.9120240344228,8462.47,8555.067,92.59699999999975,COMPLETED,0,0,0
Person_8397,Person_8397_1,working,car,home,5367.730518218576,1174.4385486173612,city,10159.910029921817,195.30711077929786,7982.404,8555.966,573.5619999999999,COMPLETED,0,0,0
Person_5899,Person_5899_1,working,car,home,8212.019541668946,3684.6389163103036,city,10159.910029921817,195.30711077929786,8282.67,8555.966,273.2960000000003,COMPLETED,0,0,0
Person_7160,Person_7160_1,working,car,home,6734.689749813649,4086.9964716632976,city,10159.910029921817,195.30711077929786,8522.703,8556.865,34.16200000000026,COMPLETED,0,0,0
Person_774,Person_774_1,working,car,home,8015.558941919486,5232.7983300958895,city,4771.159705068488,7798.325282355149,8462.47,8563.158,100.6880000000001,COMPLETED,0,0,0
Person_7865,Person_7865_1,working,car,home,4771.159705068488,7798.325282355149,school,8307.13205408836,3086.352864703455,8522.703,8565.855,43.152000000000044,COMPLETED,0,0,0
Person_9958,Person_9958_1,working,car,home,10159.910029921817,195.30711077929786,yes,6436.724205618662,4444.813254572301,8282.67,8570.35,287.6800000000003,COMPLETED,0,0,0
Person_8762,Person_8762_1,working,car,home,8460.101538617166,3824.7434570235305,city,10159.910029921817,195.30711077929786,8462.47,8570.35,107.88000000000102,COMPLETED,0,0,0
Person_2676,Person_2676_1,working,car,home,6424.325843442023,3688.995596268769,university,8680.422548567441,1236.9101943957473,8222.437,8575.744,353.3070000000007,COMPLETED,0,0,0
Person_9771,Person_9771_1,working,car,home,6761.196198044814,5471.668178601842,city,10159.910029921817,195.30711077929786,8402.237,8576.643,174.40600000000086,COMPLETED,0,0,0
Person_7098,Person_7098_1,working,car,home,6688.993537196118,2177.621948081911,city,10159.910029921817,195.30711077929786,8522.703,8581.138,58.43500000000131,COMPLETED,0,0,0
Person_2760,Person_2760_1,working,car,home,7702.55650852711,4918.976987468246,city,10159.910029921817,195.30711077929786,8522.703,8584.734,62.03100000000086,COMPLETED,0,0,0
Person_4342,Person_4342_1,working,car,home,7906.268450935405,4946.833800995849,city,4771.159705068488,7798.325282355149,8342.004,8590.128,248.1239999999998,COMPLETED,0,0,0
Person_2583,Person_2583_1,working,walking,home,7288.5117714028,3643.8358789502167,university,6897.893782272236,3752.9120240344228,5222.474,8592.825,3370.3510000000006,COMPLETED,0,0,0
Person_8150,Person_8150_1,working,car,home,126.82488358348685,4319.6356930350885,kindergarten,8814.275893347078,2600.603644607052,8522.703,8598.219,75.51599999999962,COMPLETED,0,0,0
Person_260,Person_260_1,working,car,home,126.82488358348685,4319.6356930350885,warehouse,5008.761159852772,4070.249400483963,8582.037,8600.916,18.878999999998996,COMPLETED,0,0,0
Person_6526,Person_6526_1,working,car,home,5399.004564693384,933.3666171855216,city,10159.910029921817,195.30711077929786,8522.703,8603.613,80.90999999999985,COMPLETED,0,0,0
Person_3614,Person_3614_1,working,walking,home,6569.026809581291,2198.982435819756,kindergarten,8588.876066519004,2384.539250749051,5162.241,8606.31,3444.0689999999995,COMPLETED,0,0,0
Person_3811,Person_3811_1,working,car,home,10159.910029921817,195.30711077929786,yes,6215.725545984446,4505.8347739098435,8282.67,8614.401,331.73099999999977,COMPLETED,0,0,0
Person_5557,Person_5557_1,working,car,home,8168.63912901341,3969.4526808558608,city,10159.910029921817,195.30711077929786,8042.637,8624.29,581.6530000000012,COMPLETED,0,0,0
Person_7066,Person_7066_1,working,walking,home,8813.684132852832,2425.10503452317,university,6850.81127161198,3522.934095561738,2.88,8626.088,8623.208,COMPLETED,0,0,0
Person_1999,Person_1999_1,working,car,home,4771.159705068488,7798.325282355149,yes,7359.088474697984,2322.668710169636,7861.938,8628.785,766.8469999999998,COMPLETED,0,0,0
Person_5490,Person_5490_1,working,car,home,8689.915455905832,951.2570630061113,university,6753.286006283763,3714.7935438899995,8402.237,8630.583,228.34600000000137,COMPLETED,0,0,0
Person_338,Person_338_1,working,car,home,10159.910029921817,195.30711077929786,university,6753.286006283763,3714.7935438899995,7982.404,8634.179,651.7749999999996,COMPLETED,0,0,0
Person_63,Person_63_1,working,car,home,10159.910029921817,195.30711077929786,yes,7302.010781298295,3746.86343911662,8162.204,8635.078,472.8739999999998,COMPLETED,0,0,0
Person_1449,Person_1449_1,working,car,home,8135.842610530406,3702.82816778954,kindergarten,7813.595747654742,5246.369333041357,8222.437,8644.967,422.53000000000065,COMPLETED,0,0,0
Person_3668,Person_3668_1,working,train,home,8182.530644602905,3572.6563561438215,,8351.70415135049,2763.8378920000764,7802.604,8645.866,843.2619999999997,COMPLETED,0,0,0
Person_5234,Person_5234_1,working,car,home,10159.910029921817,195.30711077929786,yes,5583.227453554144,814.3999284586264,7682.138,8650.361,968.2230000000009,COMPLETED,0,0,0
Person_9257,Person_9257_1,working,car,home,7902.905839799958,2967.599312655677,city,10159.910029921817,195.30711077929786,8642.27,8653.058,10.788000000000466,COMPLETED,0,0,0
Person_9267,Person_9267_1,working,car,home,8095.975744629531,2971.3303100104436,city,8982.539674594882,6224.04271922478,8282.67,8654.856,372.1859999999997,COMPLETED,0,0,0
Person_6284,Person_6284_1,working,car,home,10159.910029921817,195.30711077929786,yes,8530.895416469946,1032.1959612055718,8162.204,8655.755,493.5509999999995,COMPLETED,0,0,0
Person_3251,Person_3251_1,working,car,home,10159.910029921817,195.30711077929786,university,8640.52148904632,1242.1470644446506,8222.437,8663.846,441.40899999999965,COMPLETED,0,0,0
Person_2998,Person_2998_1,working,car,home,7229.078230151304,4099.627139752659,university,8680.422548567441,1236.9101943957473,8042.637,8671.038,628.4010000000007,COMPLETED,0,0,0
Person_1088,Person_1088_1,working,train,home,8006.129605687884,1829.822135789141,,8351.70415135049,2763.8378920000764,4621.942,8673.735,4051.7930000000006,COMPLETED,0,0,0
Person_7310,Person_7310_1,working,car,home,8860.967175188276,2583.8116613105476,city,8982.539674594882,6224.04271922478,7802.604,8683.624,881.0199999999995,COMPLETED,0,0,0
Person_7733,Person_7733_1,working,car,home,8813.315400380045,2608.096706766936,city,8982.539674594882,6224.04271922478,8162.204,8686.321,524.1170000000002,COMPLETED,0,0,0
Person_5549,Person_5549_1,working,car,home,5359.219684262774,2377.134548290538,city,4771.159705068488,7798.325282355149,8642.27,8687.22,44.94999999999891,COMPLETED,0,0,0
Person_7651,Person_7651_1,working,car,home,126.82488358348685,4319.6356930350885,yes,6228.5349146105655,4816.965979194749,7442.105,8700.705,1258.6000000000004,COMPLETED,0,0,0
Person_1714,Person_1714_1,working,car,home,10159.910029921817,195.30711077929786,yes,6406.554656732974,4365.638552981192,8042.637,8702.503,659.8660000000009,COMPLETED,0,0,0
Person_6124,Person_6124_1,working,car,home,6531.502856100197,3490.255789373392,city,10159.910029921817,195.30711077929786,8582.037,8705.2,123.16300000000047,COMPLETED,0,0,0
Person_4072,Person_4072_1,working,car,home,6564.816316430574,4343.158508766478,city,10159.910029921817,195.30711077929786,8342.004,8706.998,364.9939999999988,COMPLETED,0,0,0
Person_4343,Person_4343_1,working,car,home,8633.307185246253,2130.4489581456605,city,10159.910029921817,195.30711077929786,8342.004,8713.291,371.28699999999844,COMPLETED,0,0,0
Person_5751,Person_5751_1,working,car,home,10159.910029921817,195.30711077929786,yes,5713.950863683471,719.2447217556602,8342.004,8720.483,378.47899999999936,COMPLETED,0,0,0
Person_8059,Person_8059_1,working,car,home,4771.159705068488,7798.325282355149,yes,5415.802922662566,5561.202640178731,8702.503,8722.281,19.778000000000247,COMPLETED,0,0,0
Person_5133,Person_5133_1,working,car,home,10159.910029921817,195.30711077929786,yes,6924.887613059966,4096.410181385712,8462.47,8723.18,260.71000000000095,COMPLETED,0,0,0
Person_7906,Person_7906_1,working,car,home,10159.910029921817,195.30711077929786,yes,7357.5815702842665,5266.823773620617,7861.938,8724.079,862.1409999999996,COMPLETED,0,0,0
Person_8308,Person_8308_1,working,car,home,7154.553908855018,4362.22422795448,city,10159.910029921817,195.30711077929786,8702.503,8724.079,21.575999999999112,COMPLETED,0,0,0
Person_7490,Person_7490_1,working,car,home,4771.159705068488,7798.325282355149,yes,7818.038881927648,3224.6220846376877,8702.503,8724.978,22.474999999998545,COMPLETED,0,0,0
Person_7785,Person_7785_1,working,train,home,126.82488358348685,4319.6356930350885,train_station,8680.422548567441,1236.9101943957473,7922.171,8735.766,813.5949999999993,COMPLETED,0,0,0
Person_1388,Person_1388_1,working,train,home,126.82488358348685,4319.6356930350885,train_station,7742.79725676844,1862.7567192938247,7982.404,8735.766,753.3619999999992,COMPLETED,0,0,0
Person_2082,Person_2082_1,working,train,home,126.82488358348685,4319.6356930350885,train_station,4869.450726107636,6189.400572083019,8222.437,8735.766,513.3289999999997,COMPLETED,0,0,0
Person_7641,Person_7641_1,working,train,home,126.82488358348685,4319.6356930350885,train_station,6276.297336103217,3745.6043615884714,8222.437,8735.766,513.3289999999997,COMPLETED,0,0,0
Person_6840,Person_6840_1,working,train,home,126.82488358348685,4319.6356930350885,train_station,5982.436826432026,4428.627576305187,8282.67,8735.766,453.09599999999955,COMPLETED,0,0,0
Person_7286,Person_7286_1,working,train,home,126.82488358348685,4319.6356930350885,train_station,6495.7892110936755,4362.037501017925,8462.47,8735.766,273.2960000000003,COMPLETED,0,0,0
Person_693,Person_693_1,working,car,home,7619.084309412377,3260.6671070460325,unknown,7619.084309412377,3260.6671070460325,4861.975,8739.362,3877.386999999999,ABORTED_BREAKDOWN,0,0,0
Person_4965,Person_4965_1,working,car,home,10159.910029921817,195.30711077929786,industrial,9343.792677361278,3823.1793236768567,8642.27,8740.261,97.99099999999999,COMPLETED,0,0,0
Person_6040,Person_6040_1,working,car,home,9178.256256635525,3405.8314934758005,college,7395.194598913096,3945.4885639777276,8402.237,8742.958,340.72100000000137,COMPLETED,0,0,0
Person_2910,Person_2910_1,working,car,home,7751.796996097973,3080.8844862548963,city,10159.910029921817,195.30711077929786,8582.037,8742.958,160.92100000000028,COMPLETED,0,0,0
Person_6352,Person_6352_1,working,car,home,126.82488358348685,4319.6356930350885,yes,6661.058697860867,3019.8171139380197,7922.171,8743.857,821.6859999999997,COMPLETED,0,0,0
Person_195,Person_195_1,working,car,home,6777.3616701851615,4166.41347428811,city,10159.910029921817,195.30711077929786,8702.503,8747.453,44.94999999999891,COMPLETED,0,0,0
Person_8858,Person_8858_1,working,car,home,8982.539674594882,6224.04271922478,yes,7775.654889130917,5006.294825473408,7982.404,8750.15,767.7459999999992,COMPLETED,0,0,0
Person_4648,Person_4648_1,working,car,home,6804.128181086669,4356.326611415028,university,6839.399852089795,3585.511730890991,8402.237,8753.746,351.509,COMPLETED,0,0,0
Person_175,Person_175_1,working,train,home,5942.929479777733,2611.764172353405,,6383.066520287023,4062.6484057004186,4742.408,8755.544,4013.1359999999995,COMPLETED,0,0,0
Person_2946,Person_2946_1,working,car,home,126.82488358348685,4319.6356930350885,yes,6028.57011243997,4787.539005106403,8642.27,8767.231,124.96099999999933,COMPLETED,0,0,0
Person_87,Person_87_1,working,train,home,5478.645284099816,2860.1835593244423,,6383.066520287023,4062.6484057004186,5402.274,8769.928,3367.6539999999995,COMPLETED,0,0,0
Person_1440,Person_1440_1,working,car,home,5413.177739513791,2789.452744982633,city,10159.910029921817,195.30711077929786,8642.27,8770.827,128.55699999999888,COMPLETED,0,0,0
Person_9874,Person_9874_1,working,car,home,4771.159705068488,7798.325282355149,yes,7151.871193061533,3456.8803381055145,8342.004,8772.625,430.6209999999992,COMPLETED,0,0,0
Person_7186,Person_7186_1,working,train,home,6204.474633440216,3136.9591055048772,,6383.066520287023,4062.6484057004186,7442.105,8777.12,1335.0150000000012,COMPLETED,0,0,0
Person_4209,Person_4209_1,working,car,home,4771.159705068488,7798.325282355149,school,8424.219877122703,3037.381678006474,8762.736,8781.615,18.878999999998996,COMPLETED,0,0,0
Person_9953,Person_9953_1,working,car,home,10159.910029921817,195.30711077929786,hospital,6674.418835323226,4297.111994232926,7982.404,8785.211,802.8069999999989,COMPLETED,0,0,0
Person_400,Person_400_1,working,car,home,10159.910029921817,195.30711077929786,yes,6276.297336103217,3745.6043615884714,8462.47,8786.11,323.64000000000124,COMPLETED,0,0,0
Person_6949,Person_6949_1,working,car,home,8501.367062703173,2212.0206282540908,university,5887.791508799354,2982.146731596164,8462.47,8786.11,323.64000000000124,COMPLETED,0,0,0
Person_7358,Person_7358_1,working,car,home,8982.539674594882,6224.04271922478,university,6897.893782272236,3752.9120240344228,8762.736,8788.807,26.070999999999913,COMPLETED,0,0,0
Person_5737,Person_5737_1,working,walking,home,6677.217919627822,4207.659028053145,school,8376.027605541432,3949.2979496161574,5402.274,8790.605,3388.330999999999,COMPLETED,0,0,0
Person_6972,Person_6972_1,working,car,home,10159.910029921817,195.30711077929786,industrial,6521.127826460231,6982.211915588871,7621.905,8793.302,1171.397,COMPLETED,0,0,0
Person_9926,Person_9926_1,working,car,home,10159.910029921817,195.30711077929786,yes,5542.136653258316,883.3355980821314,8402.237,8794.201,391.96399999999994,COMPLETED,0,0,0
Person_261,Person_261_1,working,train,home,126.82488358348685,4319.6356930350885,train_station,7717.367203941569,4630.313990061073,8702.503,8796.898,94.39499999999862,COMPLETED,0,0,0
Person_1377,Person_1377_1,working,car,home,8043.438756779015,2966.2508867017686,city,8982.539674594882,6224.04271922478,8162.204,8801.393,639.1890000000003,COMPLETED,0,0,0
Person_7879,Person_7879_1,working,car,home,8982.539674594882,6224.04271922478,yes,6550.042708399577,3123.7241383145924,7861.938,8802.292,940.3539999999994,COMPLETED,0,0,0
Person_510,Person_510_1,working,car,home,7791.683312701943,5178.353584184751,unknown,7791.683312701943,5178.353584184751,8522.703,8807.686,284.9830000000002,ABORTED_BREAKDOWN,0,0,0
Person_8742,Person_8742_1,working,walking,home,8043.219188948326,3680.4429258924765,school,6178.314596811026,2972.721994299326,5282.707,8808.585,3525.877999999999,COMPLETED,0,0,0
Person_9756,Person_9756_1,working,car,home,4065.2060983642004,1289.6729660000035,kindergarten,9080.274888624233,2485.4357551968696,8762.736,8810.383,47.646999999999025,COMPLETED,0,0,0
Person_2871,Person_2871_1,working,car,home,10159.910029921817,195.30711077929786,yes,5538.241134951367,1122.9034946053596,8162.204,8813.979,651.7749999999996,COMPLETED,0,0,0
Person_7934,Person_7934_1,working,car,home,8008.147544713392,5183.1681551510455,city,10159.910029921817,195.30711077929786,8762.736,8826.565,63.82899999999972,COMPLETED,0,0,0
Person_6611,Person_6611_1,working,car,home,10159.910029921817,195.30711077929786,university,6839.399852089795,3585.511730890991,7982.404,8830.161,847.7569999999996,COMPLETED,0,0,0
Person_6666,Person_6666_1,working,car,home,10159.910029921817,195.30711077929786,kindergarten,7813.595747654742,5246.369333041357,8582.037,8837.353,255.3159999999989,COMPLETED,0,0,0
Person_7857,Person_7857_1,working,car,home,8982.539674594882,6224.04271922478,yes,6620.943541004359,739.0937267503159,8822.07,8840.949,18.879000000000815,COMPLETED,0,0,0
Person_1758,Person_1758_1,working,car,home,126.82488358348685,4319.6356930350885,yes,6464.7563494506785,3497.6343259241917,7682.138,8845.444,1163.3059999999996,COMPLETED,0,0,0
Person_4571,Person_4571_1,working,car,home,8528.78387341882,1133.9261197100748,city,4771.159705068488,7798.325282355149,8582.037,8846.343,264.3060000000005,COMPLETED,0,0,0
Person_1335,Person_1335_1,working,car,home,8757.542957797272,3160.4950938981688,city,10159.910029921817,195.30711077929786,8822.07,8851.737,29.66699999999946,COMPLETED,0,0,0
Person_4966,Person_4966_1,working,car,home,10159.910029921817,195.30711077929786,university,5872.083656560459,2982.14688861395,8822.07,8851.737,29.66699999999946,COMPLETED,0,0,0
Person_5154,Person_5154_1,accompany,walking,home,6117.550259850229,4502.079680474708,public,6855.436237558896,4137.525266840391,7201.173,8861.626,1660.4530000000004,COMPLETED,0,0,0
Person_2721,Person_2721_1,working,car,home,10159.910029921817,195.30711077929786,industrial,4087.541993934466,1567.2096037755941,8762.736,8862.525,99.78899999999885,COMPLETED,0,0,0
Person_3304,Person_3304_1,working,car,home,8342.225051471616,3604.0255722004877,city,10159.910029921817,195.30711077929786,8522.703,8864.323,341.6200000000008,COMPLETED,0,0,0
Person_8719,Person_8719_1,working,train,home,7729.285083503972,3241.1396389860843,,8351.70415135049,2763.8378920000764,5102.008,8872.414,3770.406000000001,COMPLETED,0,0,0
Person_9324,Person_9324_1,working,car,home,10159.910029921817,195.30711077929786,university,6850.81127161198,3522.934095561738,8402.237,8874.212,471.97500000000036,COMPLETED,0,0,0
Person_3823,Person_3823_1,working,car,home,10159.910029921817,195.30711077929786,kindergarten,9080.274888624233,2485.4357551968696,8402.237,8875.111,472.8740000000016,COMPLETED,0,0,0
Person_2291,Person_2291_1,working,car,home,10159.910029921817,195.30711077929786,yes,6308.022663524776,3590.9761014097144,8762.736,8876.01,113.27399999999943,COMPLETED,0,0,0
Person_887,Person_887_1,working,car,home,4065.2060983642004,1289.6729660000035,school,8356.033207910275,3961.954411112437,8402.237,8879.606,477.3690000000006,COMPLETED,0,0,0
Person_1608,Person_1608_1,working,car,home,7652.101294685572,3587.292805857601,city,10159.910029921817,195.30711077929786,8822.07,8882.303,60.233000000000175,COMPLETED,0,0,0
Person_8700,Person_8700_1,working,walking,home,7791.718823078515,5042.4805078345435,university,6839.399852089795,3585.511730890991,902.779,8882.303,7979.523999999999,COMPLETED,0,0,0
Person_9682,Person_9682_1,working,car,home,7657.091794590454,3415.1632300987208,city,10159.910029921817,195.30711077929786,7382.771,8883.202,1500.4309999999996,COMPLETED,0,0,0
Person_5345,Person_5345_1,working,car,home,10159.910029921817,195.30711077929786,yes,6089.23613174787,5644.24364900321,8162.204,8887.697,725.4930000000004,COMPLETED,0,0,0
Person_7139,Person_7139_1,working,car,home,7798.156443921635,3337.21579260243,school,8441.599383855953,4102.084838942637,8822.07,8892.192,70.12199999999939,COMPLETED,0,0,0
Person_7130,Person_7130_1,working,car,home,5702.953565516808,4761.187670442455,city,10159.910029921817,195.30711077929786,8822.07,8893.091,71.02100000000064,COMPLETED,0,0,0
Person_4280,Person_4280_1,working,car,home,10159.910029921817,195.30711077929786,yes,6467.665037773488,3351.1526105534276,8882.303,8893.99,11.686999999999898,COMPLETED,0,0,0
Person_8254,Person_8254_1,working,car,home,6608.12488785997,739.9823871814741,university,8640.52148904632,1242.1470644446506,8462.47,8894.889,432.41899999999987,COMPLETED,0,0,0
Person_9376,Person_9376_1,working,car,home,4065.2060983642004,1289.6729660000035,yes,5922.102373051351,985.4831702655632,8522.703,8895.788,373.08500000000095,COMPLETED,0,0,0
Person_3685,Person_3685_1,working,car,home,10159.910029921817,195.30711077929786,unknown,10159.910029921817,195.30711077929786,8342.004,8902.081,560.0769999999993,ABORTED_BREAKDOWN,0,0,0
Person_5000,Person_5000_1,working,train,home,6421.1215883545265,3284.5648249270503,,6383.066520287023,4062.6484057004186,4621.942,8902.98,4281.038,COMPLETED,0,0,0
Person_2685,Person_2685_1,working,car,home,10159.910029921817,195.30711077929786,yes,6497.630858679106,5586.100634631507,8522.703,8905.677,382.97400000000016,COMPLETED,0,0,0
Person_3841,Person_3841_1,working,car,home,5119.287755900276,1087.5143312143798,city,10159.910029921817,195.30711077929786,8882.303,8910.172,27.869000000000597,COMPLETED,0,0,0
Person_215,Person_215_1,working,car,home,6788.097450116277,3930.764865631222,city,10159.910029921817,195.30711077929786,8882.303,8911.071,28.76800000000003,COMPLETED,0,0,0
Person_2772,Person_2772_1,working,walking,home,8181.729682174539,2314.9063189042845,kindergarten,7813.595747654742,5246.369333041357,4442.142,8912.869,4470.727000000001,COMPLETED,0,0,0
Person_2863,Person_2863_1,working,train,home,8083.052408065822,3630.921740051796,,8351.70415135049,2763.8378920000764,7202.072,8916.465,1714.393,COMPLETED,0,0,0
Person_4579,Person_4579_1,working,car,home,6634.712846530981,4684.100670226005,city,10159.910029921817,195.30711077929786,8882.303,8920.96,38.65699999999924,COMPLETED,0,0,0
Person_4821,Person_4821_1,working,car,home,10159.910029921817,195.30711077929786,hospital,6674.418835323226,4297.111994232926,8882.303,8922.758,40.45499999999993,COMPLETED,0,0,0
Person_388,Person_388_1,working,car,home,8982.539674594882,6224.04271922478,yes,6344.054605021181,3690.4899460547235,8101.971,8929.051,827.0799999999999,COMPLETED,0,0,0
Person_2994,Person_2994_1,working,car,home,6208.121646452173,3678.091804122461,city,10159.910029921817,195.30711077929786,8882.303,8930.849,48.54600000000028,COMPLETED,0,0,0
Person_8694,Person_8694_1,working,car,home,7677.582305871152,4902.783831520505,city,10159.910029921817,195.30711077929786,8282.67,8938.041,655.3709999999992,COMPLETED,0,0,0
Person_5339,Person_5339_1,working,car,home,5872.276741512177,4508.853656261298,university,5872.083656560459,2982.14688861395,8522.703,8939.839,417.1360000000004,COMPLETED,0,0,0
Person_9523,Person_9523_1,working,car,home,10159.910029921817,195.30711077929786,yes,6528.057614730875,4089.824112524904,8822.07,8940.738,118.66799999999967,COMPLETED,0,0,0
Person_6981,Person_6981_1,working,car,home,6877.484581101863,4017.8669688482587,city,10159.910029921817,195.30711077929786,8762.736,8945.233,182.4969999999994,COMPLETED,0,0,0
Person_8240,Person_8240_1,working,car,home,6611.558452577996,4119.639385440782,city,10159.910029921817,195.30711077929786,8101.971,8946.132,844.1610000000001,COMPLETED,0,0,0
Person_7618,Person_7618_1,working,car,home,6720.402318874877,2178.0505860134103,university,8640.52148904632,1242.1470644446506,8522.703,8947.031,424.32800000000134,COMPLETED,0,0,0
Person_2941,Person_2941_1,working,car,home,10159.910029921817,195.30711077929786,university,6980.17060882167,3727.0047244733337,8342.004,8954.223,612.2189999999991,COMPLETED,0,0,0
Person_1567,Person_1567_1,working,train,home,7619.980700635539,5043.815471188522,,6383.066520287023,4062.6484057004186,4442.142,8955.122,4512.98,COMPLETED,0,0,0
Person_8662,Person_8662_1,working,car,home,10159.910029921817,195.30711077929786,school,8972.939282807172,3411.125914588914,7922.171,8959.617,1037.446,COMPLETED,0,0,0
Person_9767,Person_9767_1,working,car,home,5535.371454638681,2600.6699994344876,school,8038.396241174717,3995.9469326736357,8282.67,8959.617,676.9470000000001,COMPLETED,0,0,0
Person_7356,Person_7356_1,working,car,home,5407.089146674684,1017.5704463861956,city,8982.539674594882,6224.04271922478,8822.07,8959.617,137.54700000000048,COMPLETED,0,0,0
Person_6584,Person_6584_1,working,car,home,10159.910029921817,195.30711077929786,university,6980.17060882167,3727.0047244733337,8342.004,8963.213,621.2089999999989,COMPLETED,0,0,0
Person_1827,Person_1827_1,working,car,home,10159.910029921817,195.30711077929786,yes,6835.603180920219,4150.749177115256,8342.004,8966.809,624.8049999999985,COMPLETED,0,0,0
Person_2241,Person_2241_1,working,car,home,4771.159705068488,7798.325282355149,industrial,9093.237887962377,3975.7414389652226,8282.67,8967.708,685.0380000000005,COMPLETED,0,0,0
Person_649,Person_649_1,working,car,home,7998.954275591711,3618.825306819188,city,10159.910029921817,195.30711077929786,8882.303,8971.304,89.0010000000002,COMPLETED,0,0,0
Person_2207,Person_2207_1,working,train,home,8093.827666373867,2144.4379124567204,,8351.70415135049,2763.8378920000764,7621.905,8971.304,1349.3990000000003,COMPLETED,0,0,0
Person_4187,Person_4187_1,working,car,home,6358.545280309096,3651.2753682366624,city,10159.910029921817,195.30711077929786,8942.536,8974.9,32.36399999999958,COMPLETED,0,0,0
Person_9361,Person_9361_1,working,car,home,8982.539674594882,6224.04271922478,yes,7833.233617581087,5091.66700363709,7621.905,8975.799,1353.8940000000011,COMPLETED,0,0,0
Person_5784,Person_5784_1,working,car,home,7206.480100098761,4951.38647036001,city,10159.910029921817,195.30711077929786,8522.703,8977.597,454.89400000000023,COMPLETED,0,0,0
Person_5466,Person_5466_1,working,train,home,6863.42751724535,4537.9080772758,,6383.066520287023,4062.6484057004186,7382.771,8977.597,1594.826,COMPLETED,0,0,0
Person_4666,Person_4666_1,working,car,home,4771.159705068488,7798.325282355149,yes,6044.614958127589,5586.00833146306,8882.303,8980.294,97.99099999999999,COMPLETED,0,0,0
Person_2794,Person_2794_1,working,walking,home,5447.550179829096,3015.7913025478156,school,7672.964929315058,4256.21355070374,4922.208,8981.193,4058.9849999999997,COMPLETED,0,0,0
Person_6758,Person_6758_1,working,walking,home,7865.016774111744,5326.698789113818,university,5872.083656560459,2982.14688861395,3842.509,8981.193,5138.683999999999,COMPLETED,0,0,0
Person_8104,Person_8104_1,working,car,home,8809.822371476455,2201.6994621844383,city,10159.910029921817,195.30711077929786,8702.503,8984.789,282.28600000000006,COMPLETED,0,0,0
Person_6179,Person_6179_1,working,car,home,8982.539674594882,6224.04271922478,yes,6157.8365969684255,3546.3049355123653,8762.736,8988.385,225.64899999999943,COMPLETED,0,0,0
Person_540,Person_540_1,working,car,home,7884.405355197625,3699.4833771246654,university,8640.52148904632,1242.1470644446506,8822.07,8993.779,171.70900000000074,COMPLETED,0,0,0
Person_3611,Person_3611_1,working,car,home,7789.073139464166,3042.6442186859163,university,6451.821586100195,3200.551272926657,8642.27,9002.769,360.4989999999998,COMPLETED,0,0,0
Person_1777,Person_1777_1,working,car,home,10159.910029921817,195.30711077929786,yes,6713.5443810280785,3870.366146862677,8282.67,9009.062,726.3919999999998,COMPLETED,0,0,0
Person_7929,Person_7929_1,working,car,home,10159.910029921817,195.30711077929786,yes,5390.037089524118,978.5472148744736,8582.037,9009.062,427.02499999999964,COMPLETED,0,0,0
Person_1626,Person_1626_1,working,car,home,8982.539674594882,6224.04271922478,school,6641.52091038261,4510.587040769736,8162.204,9011.759,849.5550000000003,COMPLETED,0,0,0
Person_6262,Person_6262_1,working,train,home,8490.634890023914,2135.503563392279,,8351.70415135049,2763.8378920000764,7742.371,9012.658,1270.2869999999994,COMPLETED,0,0,0
Person_455,Person_455_1,working,train,home,8135.631268768703,3051.550534637237,,8351.70415135049,2763.8378920000764,8402.237,9014.456,612.219000000001,COMPLETED,0,0,0
Person_7558,Person_7558_1,working,car,home,10159.910029921817,195.30711077929786,industrial,3918.6216862014967,1774.8729707821506,8462.47,9019.85,557.380000000001,COMPLETED,0,0,0
Person_1401,Person_1401_1,working,car,home,10159.910029921817,195.30711077929786,university,6451.821586100195,3200.551272926657,9002.769,9020.749,17.979999999999563,COMPLETED,0,0,0
Person_7148,Person_7148_1,working,car,home,8311.576727158108,2964.1275304602136,city,10159.910029921817,195.30711077929786,8582.037,9027.042,445.0049999999992,COMPLETED,0,0,0
Person_5892,Person_5892_1,working,car,home,5636.019981688524,4916.543100001505,city,10159.910029921817,195.30711077929786,8042.637,9033.335,990.6979999999994,COMPLETED,0,0,0
Person_60,Person_60_1,working,car,home,10159.910029921817,195.30711077929786,university,6980.17060882167,3727.0047244733337,9002.769,9036.931,34.16200000000026,COMPLETED,0,0,0
Person_3114,Person_3114_1,working,car,home,7112.262235635471,3927.383257725828,city,8982.539674594882,6224.04271922478,8222.437,9043.224,820.7870000000003,COMPLETED,0,0,0
Person_858,Person_858_1,working,car,home,8936.19901875014,2463.9035110647815,university,8680.422548567441,1236.9101943957473,8522.703,9047.719,525.0159999999996,COMPLETED,0,0,0
Person_6307,Person_6307_1,working,car,home,7984.925845959499,5256.382311534491,school,8424.219877122703,3037.381678006474,8402.237,9052.214,649.9770000000008,COMPLETED,0,0,0
Person_3372,Person_3372_1,working,car,home,10159.910029921817,195.30711077929786,university,6980.17060882167,3727.0047244733337,8342.004,9058.507,716.5029999999988,COMPLETED,0,0,0
Person_1196,Person_1196_1,working,walking,home,5781.949441145986,4908.0923334603685,school,6178.314596811026,2972.721994299326,5162.241,9061.204,3898.9629999999997,COMPLETED,0,0,0
Person_1685,Person_1685_1,working,car,home,4850.050497347492,6034.638396567328,city,10159.910029921817,195.30711077929786,8582.037,9063.901,481.8639999999996,COMPLETED,0,0,0
Person_9323,Person_9323_1,working,car,home,4771.159705068488,7798.325282355149,yes,4112.70077978844,2192.948549901375,8342.004,9070.194,728.1899999999987,COMPLETED,0,0,0
Person_2881,Person_2881_1,working,car,home,4771.159705068488,7798.325282355149,university,5901.5627362491805,2994.702412765903,7861.938,9075.588,1213.6499999999996,COMPLETED,0,0,0
Person_1441,Person_1441_1,working,car,home,5413.177739513791,2789.452744982633,university,6850.81127161198,3522.934095561738,8282.67,9080.982,798.3119999999999,COMPLETED,0,0,0
Person_7828,Person_7828_1,working,car,home,7685.288417246844,4955.703628856715,university,5872.083656560459,2982.14688861395,8162.204,9081.881,919.6769999999997,COMPLETED,0,0,0
Person_5721,Person_5721_1,working,train,home,6285.817360455962,3747.7923052664228,,6383.066520287023,4062.6484057004186,7621.905,9081.881,1459.9759999999997,COMPLETED,0,0,0
Person_9304,Person_9304_1,working,car,home,7707.62192822447,1950.941190395982,university,8680.422548567441,1236.9101943957473,8762.736,9083.679,320.9429999999993,COMPLETED,0,0,0
Person_5922,Person_5922_1,working,train,home,8443.206055648614,5099.814488542908,,6383.066520287023,4062.6484057004186,782.313,9088.174,8305.861,COMPLETED,0,0,0
Person_605,Person_605_1,working,car,home,8927.539985473193,2637.7408834898342,university,6850.81127161198,3522.934095561738,8822.07,9095.366,273.2960000000003,COMPLETED,0,0,0
Person_7058,Person_7058_1,working,car,home,6378.314043264246,5312.890675297239,city,8982.539674594882,6224.04271922478,8101.971,9097.164,995.1930000000011,COMPLETED,0,0,0
Person_8233,Person_8233_1,working,train,home,4991.402383521486,4930.167795432005,,5324.662215615522,5920.8056375972865,7202.072,9099.861,1897.7890000000007,COMPLETED,0,0,0
Person_6506,Person_6506_1,working,car,home,6148.631463294885,2518.1683911161604,university,6897.893782272236,3752.9120240344228,8582.037,9100.76,518.723,COMPLETED,0,0,0
Person_5304,Person_5304_1,accompany,walking,home,6425.272695966241,4433.852087080538,,6499.070719847778,5140.083138637214,7201.173,9109.75,1908.5770000000002,COMPLETED,0,0,0
Person_8819,Person_8819_1,working,car,home,10159.910029921817,195.30711077929786,yes,7423.362050907444,3135.2556179063677,8522.703,9112.447,589.7440000000006,COMPLETED,0,0,0
Person_1818,Person_1818_1,working,car,home,7738.639162309263,4068.4972421254583,city,4771.159705068488,7798.325282355149,8582.037,9115.144,533.107,COMPLETED,0,0,0
Person_4868,Person_4868_1,working,car,home,10159.910029921817,195.30711077929786,university,5901.5627362491805,2994.702412765903,8702.503,9119.639,417.1359999999986,COMPLETED,0,0,0
Person_4895,Person_4895_1,working,car,home,6254.96526755814,2531.1873681415577,city,4771.159705068488,7798.325282355149,7982.404,9121.437,1139.0329999999994,COMPLETED,0,0,0
Person_1330,Person_1330_1,working,car,home,5691.839002982294,987.4131903257421,kindergarten,6894.377262739245,4562.107792110269,8462.47,9123.235,660.7650000000012,COMPLETED,0,0,0
Person_4931,Person_4931_1,working,car,home,6391.560905260307,5259.010164921983,city,10159.910029921817,195.30711077929786,8882.303,9125.033,242.72999999999956,COMPLETED,0,0,0
Person_1019,Person_1019_1,working,car,home,8055.940494909727,5198.244109507016,unknown,8055.940494909727,5198.244109507016,2.88,9130.427,9127.547,ABORTED_BREAKDOWN,0,0,0
Person_2076,Person_2076_1,working,car,home,4771.159705068488,7798.325282355149,yes,5655.683182454543,868.7578159513924,7742.371,9137.619,1395.2480000000005,COMPLETED,0,0,0
Person_513,Person_513_1,working,car,home,10159.910029921817,195.30711077929786,yes,6262.1606468519085,3608.507313425349,8222.437,9137.619,915.1820000000007,COMPLETED,0,0,0
Person_8592,Person_8592_1,working,car,home,7619.980700635539,5043.815471188522,city,8982.539674594882,6224.04271922478,8042.637,9138.518,1095.8810000000003,COMPLETED,0,0,0
Person_8891,Person_8891_1,working,car,home,8069.681049395663,3266.711049600975,school,4918.832613446236,6196.969023683962,8042.637,9139.417,1096.7799999999997,COMPLETED,0,0,0
Person_403,Person_403_1,working,car,home,6831.840473453418,4069.7365926673037,unknown,6831.840473453418,4069.7365926673037,7982.404,9143.013,1160.6090000000004,ABORTED_BREAKDOWN,0,0,0
Person_6459,Person_6459_1,working,car,home,10159.910029921817,195.30711077929786,yes,5717.1254054831725,1004.5419298079227,8642.27,9147.508,505.2379999999994,COMPLETED,0,0,0
Person_7158,Person_7158_1,working,car,home,126.82488358348685,4319.6356930350885,yes,5609.858162975985,484.2973383389253,7982.404,9148.407,1166.0029999999988,COMPLETED,0,0,0
Person_4875,Person_4875_1,working,car,home,5347.450233481054,2382.5586214247483,city,10159.910029921817,195.30711077929786,8702.503,9156.498,453.994999999999,COMPLETED,0,0,0
Person_7229,Person_7229_1,working,car,home,10159.910029921817,195.30711077929786,yes,7696.173364407699,4856.011160701753,8942.536,9169.983,227.44700000000012,COMPLETED,0,0,0
Person_1614,Person_1614_1,working,car,home,10159.910029921817,195.30711077929786,yes,7294.153726590901,4141.539075707794,8522.703,9171.781,649.0780000000013,COMPLETED,0,0,0
Person_1082,Person_1082_1,working,car,home,5614.725821444576,2569.5509183015115,city,10159.910029921817,195.30711077929786,9002.769,9176.276,173.5069999999996,COMPLETED,0,0,0
Person_3045,Person_3045_1,working,car,home,10159.910029921817,195.30711077929786,yes,6565.510714844614,4000.9519452900654,8342.004,9185.266,843.2619999999988,COMPLETED,0,0,0
Person_834,Person_834_1,working,train,home,8199.990165711697,2847.9929010491683,,8351.70415135049,2763.8378920000764,8462.47,9192.458,729.9880000000012,COMPLETED,0,0,0
Person_9735,Person_9735_1,working,car,home,10159.910029921817,195.30711077929786,yes,5587.964393453271,650.6400058170971,8822.07,9195.155,373.08500000000095,COMPLETED,0,0,0
Person_8935,Person_8935_1,working,car,home,7582.328679594876,3402.230545080506,city,10159.910029921817,195.30711077929786,8942.536,9195.155,252.6190000000006,COMPLETED,0,0,0
Person_5048,Person_5048_1,working,train,home,7845.68722320652,4045.273026679622,,8351.70415135049,2763.8378920000764,7621.905,9205.943,1584.0379999999996,COMPLETED,0,0,0
Person_7039,Person_7039_1,working,train,home,7796.818804339701,3413.287080595846,,8351.70415135049,2763.8378920000764,7682.138,9220.327,1538.1889999999994,COMPLETED,0,0,0
Person_6512,Person_6512_1,working,train,home,6696.557795017405,4517.9629691277105,,6383.066520287023,4062.6484057004186,8342.004,9221.226,879.2219999999998,COMPLETED,0,0,0
Person_1117,Person_1117_1,working,car,home,4065.2060983642004,1289.6729660000035,university,5901.5627362491805,2994.702412765903,8822.07,9222.125,400.0550000000003,COMPLETED,0,0,0
Person_9169,Person_9169_1,working,car,home,6806.9892679928735,4107.192447263572,city,10159.910029921817,195.30711077929786,8822.07,9224.822,402.7520000000004,COMPLETED,0,0,0
Person_8273,Person_8273_1,working,car,home,4771.159705068488,7798.325282355149,yes,6537.066371259672,4339.829804282404,8942.536,9229.317,286.78099999999904,COMPLETED,0,0,0
Person_3525,Person_3525_1,working,car,home,8982.539674594882,6224.04271922478,university,6839.399852089795,3585.511730890991,8582.037,9230.216,648.1790000000001,COMPLETED,0,0,0
Person_4105,Person_4105_1,working,car,home,7174.180560370514,4215.163338781263,university,8640.52148904632,1242.1470644446506,8582.037,9232.913,650.8760000000002,COMPLETED,0,0,0
Person_3547,Person_3547_1,working,train,home,5004.74637732198,6182.622848968566,,5324.662215615522,5920.8056375972865,8042.637,9238.307,1195.670000000001,COMPLETED,0,0,0
Person_3626,Person_3626_1,working,car,home,5413.938580788527,2778.2515912064,city,8982.539674594882,6224.04271922478,8462.47,9246.398,783.9279999999999,COMPLETED,0,0,0
Person_2945,Person_2945_1,working,car,home,126.82488358348685,4319.6356930350885,school,9098.085856493626,3537.613979535089,7682.138,9252.691,1570.5530000000008,COMPLETED,0,0,0
Person_8473,Person_8473_1,working,car,home,10159.910029921817,195.30711077929786,kindergarten,8588.876066519004,2384.539250749051,8582.037,9257.186,675.1489999999994,COMPLETED,0,0,0
Person_5493,Person_5493_1,working,car,home,5771.738376099264,4900.518313150147,city,8982.539674594882,6224.04271922478,8101.971,9258.085,1156.1139999999996,COMPLETED,0,0,0
Person_3652,Person_3652_1,working,car,home,8069.348890453407,3027.77086806991,city,8982.539674594882,6224.04271922478,8762.736,9270.671,507.9349999999995,COMPLETED,0,0,0
Person_9289,Person_9289_1,working,train,home,6242.060456640763,3714.331521282113,,6383.066520287023,4062.6484057004186,7802.604,9276.065,1473.4610000000002,COMPLETED,0,0,0
Person_3282,Person_3282_1,working,car,home,126.82488358348685,4319.6356930350885,yes,5581.73656123622,758.0574019501051,8522.703,9286.853,764.1499999999996,COMPLETED,0,0,0
Person_836,Person_836_1,working,car,home,4771.159705068488,7798.325282355149,yes,6379.375480202943,3659.3875198700753,8462.47,9300.338,837.8680000000004,COMPLETED,0,0,0
Person_1745,Person_1745_1,working,car,home,10159.910029921817,195.30711077929786,yes,6068.0141169901535,4748.482201772183,8582.037,9300.338,718.3009999999995,COMPLETED,0,0,0
Person_5119,Person_5119_1,working,car,home,10159.910029921817,195.30711077929786,university,5901.5627362491805,2994.702412765903,8762.736,9300.338,537.601999999999,COMPLETED,0,0,0
Person_2757,Person_2757_1,working,car,home,6344.054605021181,3690.4899460547235,university,8680.422548567441,1236.9101943957473,8582.037,9304.833,722.7960000000003,COMPLETED,0,0,0
Person_3678,Person_3678_1,working,car,home,6212.667870745336,3755.4774245932117,city,10159.910029921817,195.30711077929786,8702.503,9304.833,602.3299999999999,COMPLETED,0,0,0
Person_2718,Person_2718_1,working,car,home,8982.539674594882,6224.04271922478,yes,5723.291765627843,657.875206907027,8882.303,9309.328,427.02499999999964,COMPLETED,0,0,0
Person_7421,Person_7421_1,working,car,home,10159.910029921817,195.30711077929786,industrial,7983.275958192545,4582.917282688791,8402.237,9321.914,919.6770000000015,COMPLETED,0,0,0
Person_1611,Person_1611_1,working,walking,home,6984.30315931229,4658.422179825678,school,7815.620707248594,4334.47240185377,8042.637,9337.197,1294.5600000000004,COMPLETED,0,0,0
Person_3030,Person_3030_1,accompany,walking,home,7686.034705994086,5405.882505070756,public,6576.554485978423,4281.923680250285,7202.072,9342.591,2140.5190000000002,COMPLETED,0,0,0
Person_5491,Person_5491_1,working,car,home,126.82488358348685,4319.6356930350885,industrial,8684.539811536348,4257.917052301143,8642.27,9348.884,706.6139999999996,COMPLETED,0,0,0
Person_6411,Person_6411_1,working,car,home,8294.46441947953,3166.2333780310096,city,10159.910029921817,195.30711077929786,8942.536,9352.48,409.9439999999995,COMPLETED,0,0,0
Person_5364,Person_5364_1,working,train,home,5352.666117567112,2757.988562621047,,6383.066520287023,4062.6484057004186,4742.408,9363.268,4620.86,COMPLETED,0,0,0
Person_183,Person_183_1,working,car,home,4065.2060983642004,1289.6729660000035,industrial,5332.058255646999,4183.898910752756,7982.404,9364.167,1381.762999999999,COMPLETED,0,0,0
Person_3241,Person_3241_1,working,car,home,8982.539674594882,6224.04271922478,university,5901.5627362491805,2994.702412765903,8642.27,9372.258,729.9879999999994,COMPLETED,0,0,0
Person_5189,Person_5189_1,working,car,home,10159.910029921817,195.30711077929786,yes,5819.663691959662,876.8449772463762,8582.037,9374.056,792.0190000000002,COMPLETED,0,0,0
Person_487,Person_487_1,working,walking,home,8818.460500169278,2523.1539454419626,university,6980.17060882167,3727.0047244733337,5282.707,9384.844,4102.136999999999,COMPLETED,0,0,0
Person_2554,Person_2554_1,working,car,home,8982.539674594882,6224.04271922478,yes,5599.882785218024,895.8273814193466,8702.503,9390.238,687.7349999999988,COMPLETED,0,0,0
Person_8931,Person_8931_1,working,car,home,5583.214568023079,974.7301837735264,unknown,5583.214568023079,974.7301837735264,3602.476,9394.733,5792.257,ABORTED_BREAKDOWN,0,0,0
Person_3238,Person_3238_1,working,train,home,6139.930571198093,3465.2961149773305,,6383.066520287023,4062.6484057004186,8282.67,9405.521,1122.8510000000006,COMPLETED,0,0,0
Person_9520,Person_9520_1,working,train,home,8803.517243873639,4043.3165885520452,,8351.70415135049,2763.8378920000764,7682.138,9407.319,1725.1809999999996,COMPLETED,0,0,0
Person_9495,Person_9495_1,working,car,home,4855.046556180977,5686.766970849889,city,10159.910029921817,195.30711077929786,7562.571,9418.107,1855.536,COMPLETED,0,0,0
Person_3326,Person_3326_1,working,car,home,10159.910029921817,195.30711077929786,yes,6251.636707473767,3595.37810998319,8642.27,9421.703,779.4329999999991,COMPLETED,0,0,0
Person_1225,Person_1225_1,working,train,home,6787.519873889508,5212.1164713961425,,6383.066520287023,4062.6484057004186,5162.241,9425.299,4263.058000000001,COMPLETED,0,0,0
Person_1045,Person_1045_1,working,car,home,8332.277484750895,3859.593584891011,unknown,8332.277484750895,3859.593584891011,4502.375,9432.491,4930.116,ABORTED_BREAKDOWN,0,0,0
Person_8198,Person_8198_1,working,car,home,4771.159705068488,7798.325282355149,yes,6521.20673125687,3280.9304339762857,8822.07,9434.289,612.219000000001,COMPLETED,0,0,0
Person_6264,Person_6264_1,working,car,home,4771.159705068488,7798.325282355149,industrial,3715.2270969334045,2265.797335395259,8582.037,9435.188,853.1509999999998,COMPLETED,0,0,0
