household_id,number_persons,district,household_type_theoretical,household_type_generated,member_count,nucleus_member_refs,house_building_name,house_building_type
HH_1,3 personas,Norte,Hogar formado por pareja con hijos en donde algún hijo es menor de 25 años,Hogar formado por pareja con hijos en donde algún hijo es menor de 25 años,3,Person_0|Person_1|Person_2,Madrid,city
HH_2,2 personas,Zarzaquemada,Hogar formado por pareja sin hijos,Hogar formado por pareja sin hijos,2,Person_3|Person_4,Madrid,city
HH_3,4 personas,Sur,Otro tipo de hogar,Otro tipo de hogar,4,Person_5|Person_6|Person_7|Person_8,Extremadura,city
HH_4,3 personas,San Nicasio,Hogar formado por pareja con hijos en donde algún hijo es menor de 25 años,Hogar formado por pareja con hijos en donde algún hijo es menor de 25 años,3,Person_9|Person_10|Person_11,,semidetached_house
HH_5,4 personas,Zarzaquemada,Hogar formado por pareja con hijos en donde algún hijo es menor de 25 años,Hogar formado por pareja con hijos en donde algún hijo es menor de 25 años,4,Person_12|Person_13|Person_14|Person_15,,apartments
HH_6,2 personas,Sur,Hogar formado por pareja sin hijos,Hogar formado por pareja sin hijos,2,Person_16|Person_17,,apartments
HH_7,2 personas,Norte,Hogar formado por pareja sin hijos,Hogar formado por pareja sin hijos,2,Person_18|Person_19,,yes
HH_8,1 persona,Carrascal,Hogar con una mujer sola de 65 años o más,Hogar con una mujer sola de 65 años o más,1,Person_20,,detached
HH_9,3 personas,Zarzaquemada,Hogar formado por pareja o un solo progenitor que convive con algún hijo menor de 25 años y otra(s) persona(s),Hogar formado por pareja o un solo progenitor que convive con algún hijo menor de 25 años y otra(s) persona(s),3,Person_21|Person_22|Person_23,,residential
HH_10,2 personas,Polvoranca,Hogar formado por pareja sin hijos,Hogar formado por pareja sin hijos,2,Person_24|Person_25,,house
HH_11,1 persona,Polvoranca,Hogar con una mujer sola de 65 años o más,Hogar con una mujer sola de 65 años o más,1,Person_26,Madrid,city
HH_12,3 personas,San Nicasio,Hogar formado por pareja con hijos en donde algún hijo es menor de 25 años,Hogar formado por pareja con hijos en donde algún hijo es menor de 25 años,3,Person_27|Person_28|Person_29,,residential
HH_13,5 o mas personas,Norte,Hogar formado por pareja con hijos en donde algún hijo es menor de 25 años,Hogar formado por pareja con hijos en donde algún hijo es menor de 25 años,5,Person_30|Person_31|Person_32|Person_33|Person_34,,yes
HH_14,2 personas,Norte,Hogar con un solo progenitor que convive con algún hijo menor de 25 años,Hogar con un solo progenitor que convive con algún hijo menor de 25 años,2,Person_35|Person_36,,apartments
HH_15,5 o mas personas,Fortuna,Hogar formado por pareja o un solo progenitor que convive con algún hijo menor de 25 años y otra(s) persona(s),Hogar formado por pareja o un solo progenitor que convive con algún hijo menor de 25 años y otra(s) persona(s),5,Person_37|Person_38|Person_39|Person_40|Person_41,,yes
HH_16,2 personas,Sur,Hogar formado por pareja sin hijos,Hogar formado por pareja sin hijos,2,Person_42|Person_43,Madrid,city
HH_17,1 persona,San Nicasio,Hogar con un hombre solo menor de 65 años,Hogar con un hombre solo menor de 65 años,1,Person_44,Madrid,city
HH_18,3 personas,Sur,Hogar formado por pareja con hijos en donde algún hijo es menor de 25 años,Hogar formado por pareja con hijos en donde algún hijo es menor de 25 años,3,Person_45|Person_46|Person_47,,apartments
HH_19,2 personas,Polvoranca,Hogar con un solo progenitor que convive con todos sus hijos de 25 años o más,Hogar con un solo progenitor que convive con todos sus hijos de 25 años o más,2,Person_48|Person_49,,semidetached_house
HH_20,4 personas,Fortuna,Hogar formado por pareja con hijos en donde algún hijo es menor de 25 años,Hogar formado por pareja con hijos en donde algún hijo es menor de 25 años,4,Person_50|Person_51|Person_52|Person_53,,yes
HH_21,3 personas,Sur,Hogar con un solo progenitor que convive con algún hijo menor de 25 años,Hogar con un solo progenitor que convive con algún hijo menor de 25 años,3,Person_54|Person_55|Person_56,,yes
HH_22,3 personas,San Nicasio,Hogar formado por pareja con hijos en donde todos los hijos de 25 años o más,Hogar formado por pareja con hijos en donde todos los hijos de 25 años o más,3,Person_57|Person_58|Person_59,Carrefour,yes
HH_23,1 persona,Sur,Hogar con un hombre solo menor de 65 años,Hogar con un hombre solo menor de 65 años,1,Person_60,Madrid,city
HH_24,4 personas,Sur,Hogar formado por pareja con hijos en donde algún hijo es menor de 25 años,Hogar formado por pareja con hijos en donde algún hijo es menor de 25 años,4,Person_61|Person_62|Person_63|Person_64,Madrid,city
HH_25,2 personas,Sur,Hogar formado por pareja sin hijos,Hogar formado por pareja sin hijos,2,Person_65|Person_66,,yes
HH_26,2 personas,Carrascal,Hogar formado por pareja sin hijos,Hogar formado por pareja sin hijos,2,Person_67|Person_68,,semidetached_house
HH_27,1 persona,Polvoranca,Hogar con un hombre solo menor de 65 años,Hogar con un hombre solo menor de 65 años,1,Person_69,Fuenlabrada,city
HH_28,3 personas,Zarzaquemada,Hogar formado por pareja con hijos en donde algún hijo es menor de 25 años,Hogar formado por pareja con hijos en donde algún hijo es menor de 25 años,3,Person_70|Person_71|Person_72,,residential
HH_29,5 o mas personas,Zarzaquemada,Hogar formado por pareja o un solo progenitor que convive con algún hijo menor de 25 años y otra(s) persona(s),Hogar formado por pareja o un solo progenitor que convive con algún hijo menor de 25 años y otra(s) persona(s),5,Person_73|Person_74|Person_75|Person_76|Person_77,,apartments
HH_30,2 personas,Polvoranca,Hogar con un solo progenitor que convive con todos sus hijos de 25 años o más,Hogar con un solo progenitor que convive con todos sus hijos de 25 años o más,2,Person_78|Person_79,Madrid,city
HH_31,5 o mas personas,Carrascal,Hogar formado por pareja o un solo progenitor que convive con algún hijo menor de 25 años y otra(s) persona(s),Hogar formado por pareja o un solo progenitor que convive con algún hijo menor de 25 años y otra(s) persona(s),5,Person_80|Person_81|Person_82|Person_83|Person_84,,yes
HH_32,4 personas,Polvoranca,Hogar formado por pareja o un solo progenitor que convive con algún hijo menor de 25 años y otra(s) persona(s),Hogar formado por pareja o un solo progenitor que convive con algún hijo menor de 25 años y otra(s) persona(s),4,Person_85|Person_86|Person_87|Person_88,Alcorcon,city
HH_33,3 personas,Polvoranca,Hogar formado por pareja con hijos en donde algún hijo es menor de 25 años,Hogar formado por pareja con hijos en donde algún hijo es menor de 25 años,3,Person_89|Person_90|Person_91,Alcorcon,city
HH_34,1 persona,Polvoranca,Hogar con un hombre solo menor de 65 años,Hogar con un hombre solo menor de 65 años,1,Person_92,,semidetached_house
HH_35,4 personas,Norte,Otro tipo de hogar,Otro tipo de hogar,4,Person_93|Person_94|Person_95|Person_96,,yes
HH_36,1 persona,Zarzaquemada,Hogar con una mujer sola de 65 años o más,Hogar con una mujer sola de 65 años o más,1,Person_97,Mostoles,city
HH_37,1 persona,Polvoranca,Hogar con un hombre solo de 65 años o más,Hogar con un hombre solo de 65 años o más,1,Person_98,,semidetached_house
HH_38,5 o mas personas,Sur,Hogar formado por pareja con hijos en donde algún hijo es menor de 25 años,Hogar formado por pareja con hijos en donde algún hijo es menor de 25 años,5,Person_99|Person_100|Person_101|Person_102|Person_103,Madrid,city
HH_39,5 o mas personas,Polvoranca,Hogar formado por pareja con hijos en donde algún hijo es menor de 25 años,Hogar formado por pareja con hijos en donde algún hijo es menor de 25 años,5,Person_104|Person_105|Person_106|Person_107|Person_108,Alcorcon,city
HH_40,4 personas,Sur,Hogar formado por pareja o un solo progenitor que convive con algún hijo menor de 25 años y otra(s) persona(s),Hogar formado por pareja o un solo progenitor que convive con algún hijo menor de 25 años y otra(s) persona(s),4,Person_109|Person_110|Person_111|Person_112,Madrid,city
HH_41,2 personas,Zarzaquemada,Hogar formado por pareja sin hijos,Hogar formado por pareja sin hijos,2,Person_113|Person_114,,apartments
HH_42,5 o mas personas,Zarzaquemada,Hogar formado por pareja o un solo progenitor que convive con algún hijo menor de 25 años y otra(s) persona(s),Hogar formado por pareja o un solo progenitor que convive con algún hijo menor de 25 años y otra(s) persona(s),5,Person_115|Person_116|Person_117|Person_118|Person_119,,apartments
HH_43,1 persona,Fortuna,Hogar con una mujer sola de 65 años o más,Hogar con una mujer sola de 65 años o más,1,Person_120,,yes
HH_44,3 personas,Zarzaquemada,Otro tipo de hogar,Otro tipo de hogar,3,Person_121|Person_122|Person_123,,residential
HH_45,4 personas,Zarzaquemada,Hogar formado por pareja con hijos en donde algún hijo es menor de 25 años,Hogar formado por pareja con hijos en donde algún hijo es menor de 25 años,4,Person_124|Person_125|Person_126|Person_127,,residential
HH_46,1 persona,San Nicasio,Hogar con una mujer sola menor de 65 años,Hogar con una mujer sola menor de 65 años,1,Person_128,,apartments
HH_47,2 personas,Sur,Hogar formado por pareja sin hijos,Hogar formado por pareja sin hijos,2,Person_129|Person_130,,yes
HH_48,2 personas,Sur,Hogar con un solo progenitor que convive con algún hijo menor de 25 años,Hogar con un solo progenitor que convive con algún hijo menor de 25 años,2,Person_131|Person_132,Madrid,city
HH_49,3 personas,San Nicasio,Hogar con un solo progenitor que convive con algún hijo menor de 25 años,Hogar con un solo progenitor que convive con algún hijo menor de 25 años,3,Person_133|Person_134|Person_135,Madrid,city
HH_50,1 persona,Carrascal,Hogar con una mujer sola de 65 años o más,Hogar con una mujer sola de 65 años o más,1,Person_136,Madrid,city
HH_51,2 personas,Sur,Hogar formado por pareja sin hijos,Hogar formado por pareja sin hijos,2,Person_137|Person_138,,apartments
HH_52,2 personas,Zarzaquemada,Hogar formado por pareja sin hijos,Hogar formado por pareja sin hijos,2,Person_139|Person_140,,apartments
HH_53,3 personas,Carrascal,Hogar formado por pareja con hijos en donde algún hijo es menor de 25 años,Hogar formado por pareja con hijos en donde algún hijo es menor de 25 años,3,Person_141|Person_142|Person_143,,residential
HH_54,3 personas,San Nicasio,Hogar formado por pareja con hijos en donde algún hijo es menor de 25 años,Hogar formado por pareja con hijos en donde algún hijo es menor de 25 años,3,Person_144|Person_145|Person_146,Alcorcon,city
HH_55,4 personas,Norte,Hogar formado por pareja con hijos en donde algún hijo es menor de 25 años,Hogar formado por pareja con hijos en donde algún hijo es menor de 25 años,4,Person_147|Person_148|Person_149|Person_150,Getafe norte,city
HH_56,1 persona,Norte,Hogar con una mujer sola de 65 años o más,Hogar con una mujer sola de 65 años o más,1,Person_151,,yes
HH_57,3 personas,Zarzaquemada,Hogar formado por pareja con hijos en donde todos los hijos de 25 años o más,Hogar formado por pareja con hijos en donde todos los hijos de 25 años o más,3,Person_152|Person_153|Person_154,Madrid,city
HH_58,2 personas,Zarzaquemada,Otro tipo de hogar,Otro tipo de hogar,2,Person_155|Person_156,Madrid,city
HH_59,3 personas,Fortuna,Hogar formado por pareja con hijos en donde todos los hijos de 25 años o más,Hogar formado por pareja con hijos en donde todos los hijos de 25 años o más,3,Person_157|Person_158|Person_159,Madrid,city
HH_60,1 persona,San Nicasio,Hogar con una mujer sola de 65 años o más,Hogar con una mujer sola de 65 años o más,1,Person_160,,yes
HH_61,1 persona,Sur,Hogar con una mujer sola menor de 65 años,Hogar con una mujer sola menor de 65 años,1,Person_161,,yes
HH_62,2 personas,Zarzaquemada,Hogar formado por pareja sin hijos,Hogar formado por pareja sin hijos,2,Person_162|Person_163,,apartments
HH_63,1 persona,Zarzaquemada,Hogar con una mujer sola menor de 65 años,Hogar con una mujer sola menor de 65 años,1,Person_164,,yes
HH_64,3 personas,Sur,Otro tipo de hogar,Otro tipo de hogar,3,Person_165|Person_166|Person_167,,apartments
HH_65,3 personas,Carrascal,Hogar formado por pareja con hijos en donde todos los hijos de 25 años o más,Hogar formado por pareja con hijos en donde todos los hijos de 25 años o más,3,Person_168|Person_169|Person_170,,cabin
HH_66,3 personas,Zarzaquemada,Hogar formado por pareja con hijos en donde algún hijo es menor de 25 años,Hogar formado por pareja con hijos en donde algún hijo es menor de 25 años,3,Person_171|Person_172|Person_173,,residential
HH_67,2 personas,San Nicasio,Hogar formado por pareja sin hijos,Hogar formado por pareja sin hijos,2,Person_174|Person_175,,semidetached_house
HH_68,5 o mas personas,Norte,Otro tipo de hogar,Otro tipo de hogar,5,Person_176|Person_177|Person_178|Person_179|Person_180,,yes
HH_69,4 personas,Sur,Hogar formado por pareja o un solo progenitor que convive con algún hijo menor de 25 años y otra(s) persona(s),Hogar formado por pareja o un solo progenitor que convive con algún hijo menor de 25 años y otra(s) persona(s),4,Person_181|Person_182|Person_183|Person_184,Madrid,city
HH_70,1 persona,San Nicasio,Hogar con una mujer sola menor de 65 años,Hogar con una mujer sola menor de 65 años,1,Person_185,,semidetached_house
HH_71,3 personas,Zarzaquemada,Hogar formado por pareja con hijos en donde algún hijo es menor de 25 años,Hogar formado por pareja con hijos en donde algún hijo es menor de 25 años,3,Person_186|Person_187|Person_188,,apartments
HH_72,3 personas,Carrascal,Hogar formado por pareja con hijos en donde algún hijo es menor de 25 años,Hogar formado por pareja con hijos en donde algún hijo es menor de 25 años,3,Person_189|Person_190|Person_191,,semidetached_house
HH_73,2 personas,Carrascal,Hogar formado por pareja sin hijos,Hogar formado por pareja sin hijos,2,Person_192|Person_193,,semidetached_house
HH_74,3 personas,Carrascal,Hogar formado por pareja con hijos en donde algún hijo es menor de 25 años,Hogar formado por pareja con hijos en donde algún hijo es menor de 25 años,3,Person_194|Person_195|Person_196,Fuenlabrada,city
HH_75,4 personas,Carrascal,Hogar formado por pareja o un solo progenitor que convive con algún hijo menor de 25 años y otra(s) persona(s),Hogar formado por pareja o un solo progenitor que convive con algún hijo menor de 25 años y otra(s) persona(s),4,Person_197|Person_198|Person_199|Person_200,,yes
HH_76,1 persona,Zarzaquemada,Hogar con un hombre solo menor de 65 años,Hogar con un hombre solo menor de 65 años,1,Person_201,Madrid,city
HH_77,3 personas,San Nicasio,Hogar formado por pareja con hijos en donde todos los hijos de 25 años o más,Hogar formado por pareja con hijos en donde todos los hijos de 25 años o más,3,Person_202|Person_203|Person_204,Madrid,city
HH_78,1 persona,Carrascal,Hogar con una mujer sola de 65 años o más,Hogar con una mujer sola de 65 años o más,1,Person_205,,apartments
HH_79,2 personas,Sur,Hogar con un solo progenitor que convive con todos sus hijos de 25 años o más,Hogar con un solo progenitor que convive con todos sus hijos de 25 años o más,2,Person_206|Person_207,,yes
HH_80,1 persona,Fortuna,Hogar con una mujer sola menor de 65 años,Hogar con una mujer sola menor de 65 años,1,Person_208,,yes
HH_81,1 persona,San Nicasio,Hogar con una mujer sola menor de 65 años,Hogar con una mujer sola menor de 65 años,1,Person_209,Madrid,city
HH_82,4 personas,Sur,Hogar formado por pareja con hijos en donde algún hijo es menor de 25 años,Hogar formado por pareja con hijos en donde algún hijo es menor de 25 años,4,Person_210|Person_211|Person_212|Person_213,,yes
HH_83,3 personas,Zarzaquemada,Hogar formado por pareja con hijos en donde todos los hijos de 25 años o más,Hogar formado por pareja con hijos en donde todos los hijos de 25 años o más,3,Person_214|Person_215|Person_216,,residential
HH_84,4 personas,Norte,Hogar formado por pareja con hijos en donde algún hijo es menor de 25 años,Hogar formado por pareja con hijos en donde algún hijo es menor de 25 años,4,Person_217|Person_218|Person_219|Person_220,,apartments
HH_85,4 personas,Norte,Hogar formado por pareja con hijos en donde algún hijo es menor de 25 años,Hogar formado por pareja con hijos en donde algún hijo es menor de 25 años,4,Person_221|Person_222|Person_223|Person_224,,yes
HH_86,3 personas,Polvoranca,Hogar formado por pareja con hijos en donde algún hijo es menor de 25 años,Hogar formado por pareja con hijos en donde algún hijo es menor de 25 años,3,Person_225|Person_226|Person_227,Getafe norte,city
HH_87,5 o mas personas,Norte,Hogar formado por pareja o un solo progenitor que convive con algún hijo menor de 25 años y otra(s) persona(s),Hogar formado por pareja o un solo progenitor que convive con algún hijo menor de 25 años y otra(s) persona(s),5,Person_228|Person_229|Person_230|Person_231|Person_232,Madrid,city
HH_88,4 personas,Fortuna,Hogar formado por pareja con hijos en donde algún hijo es menor de 25 años,Hogar formado por pareja con hijos en donde algún hijo es menor de 25 años,4,Person_233|Person_234|Person_235|Person_236,,yes
HH_89,4 personas,Carrascal,Hogar formado por pareja o un solo progenitor que convive con algún hijo menor de 25 años y otra(s) persona(s),Hogar formado por pareja o un solo progenitor que convive con algún hijo menor de 25 años y otra(s) persona(s),4,Person_237|Person_238|Person_239|Person_240,,detached
HH_90,1 persona,Zarzaquemada,Hogar con una mujer sola de 65 años o más,Hogar con una mujer sola de 65 años o más,1,Person_241,,residential
HH_91,5 o mas personas,Zarzaquemada,Hogar formado por pareja o un solo progenitor que convive con algún hijo menor de 25 años y otra(s) persona(s),Hogar formado por pareja o un solo progenitor que convive con algún hijo menor de 25 años y otra(s) persona(s),5,Person_242|Person_243|Person_244|Person_245|Person_246,,residential
HH_92,1 persona,Norte,Hogar con una mujer sola de 65 años o más,Hogar con una mujer sola de 65 años o más,1,Person_247,,apartments
HH_93,1 persona,San Nicasio,Hogar con una mujer sola de 65 años o más,Hogar con una mujer sola de 65 años o más,1,Person_248,,residential
HH_94,2 personas,San Nicasio,Hogar formado por pareja sin hijos,Hogar formado por pareja sin hijos,2,Person_249|Person_250,Getafe norte,city
HH_95,5 o mas personas,Polvoranca,Hogar formado por pareja o un solo progenitor que convive con algún hijo menor de 25 años y otra(s) persona(s),Hogar formado por pareja o un solo progenitor que convive con algún hijo menor de 25 años y otra(s) persona(s),5,Person_251|Person_252|Person_253|Person_254|Person_255,,house
HH_96,2 personas,San Nicasio,Hogar formado por pareja sin hijos,Hogar formado por pareja sin hijos,2,Person_256|Person_257,,yes
HH_97,2 personas,Zarzaquemada,Hogar formado por pareja sin hijos,Hogar formado por pareja sin hijos,2,Person_258|Person_259,,residential
HH_98,2 personas,Zarzaquemada,Hogar formado por pareja sin hijos,Hogar formado por pareja sin hijos,2,Person_260|Person_261,Madrid,city
HH_99,2 personas,Polvoranca,Hogar formado por pareja sin hijos,Hogar formado por pareja sin hijos,2,Person_262|Person_263,,semidetached_house
HH_100,3 personas,Polvoranca,Hogar con un solo progenitor que convive con todos sus hijos de 25 años o más,Hogar con un solo progenitor que convive con todos sus hijos de 25 años o más,3,Person_264|Person_265|Person_266,,house
HH_101,3 personas,Zarzaquemada,Otro tipo de hogar,Otro tipo de hogar,3,Person_267|Person_268|Person_269,,residential
HH_102,3 personas,Carrascal,Hogar formado por pareja con hijos en donde algún hijo es menor de 25 años,Hogar formado por pareja con hijos en donde algún hijo es menor de 25 años,3,Person_270|Person_271|Person_272,,semidetached_house
HH_103,2 personas,Carrascal,Hogar formado por pareja sin hijos,Hogar formado por pareja sin hijos,2,Person_273|Person_274,,apartments
HH_104,4 personas,Zarzaquemada,Hogar formado por pareja con hijos en donde algún hijo es menor de 25 años,Hogar formado por pareja con hijos en donde algún hijo es menor de 25 años,4,Person_275|Person_276|Person_277|Person_278,,apartments
HH_105,4 personas,San Nicasio,Hogar formado por pareja con hijos en donde algún hijo es menor de 25 años,Hogar formado por pareja con hijos en donde algún hijo es menor de 25 años,4,Person_279|Person_280|Person_281|Person_282,Extremadura,city
HH_106,1 persona,San Nicasio,Hogar con un hombre solo menor de 65 años,Hogar con un hombre solo menor de 65 años,1,Person_283,,semidetached_house
HH_107,2 personas,Zarzaquemada,Hogar formado por pareja sin hijos,Hogar formado por pareja sin hijos,2,Person_284|Person_285,Madrid,city
HH_108,3 personas,San Nicasio,Hogar formado por pareja con hijos en donde algún hijo es menor de 25 años,Hogar formado por pareja con hijos en donde algún hijo es menor de 25 años,3,Person_286|Person_287|Person_288,,semidetached_house
HH_109,4 personas,Zarzaquemada,Hogar formado por pareja con hijos en donde algún hijo es menor de 25 años,Hogar formado por pareja con hijos en donde algún hijo es menor de 25 años,4,Person_289|Person_290|Person_291|Person_292,Alcorcon,city
HH_110,1 persona,Norte,Hogar con un hombre solo de 65 años o más,Hogar con un hombre solo de 65 años o más,1,Person_293,Madrid,city
HH_111,4 personas,San Nicasio,Hogar formado por pareja con hijos en donde algún hijo es menor de 25 años,Hogar formado por pareja con hijos en donde algún hijo es menor de 25 años,4,Person_294|Person_295|Person_296|Person_297,,residential
HH_112,5 o mas personas,Carrascal,Otro tipo de hogar,Otro tipo de hogar,5,Person_298|Person_299|Person_300|Person_301|Person_302,,yes
HH_113,2 personas,Fortuna,Hogar con un solo progenitor que convive con todos sus hijos de 25 años o más,Hogar con un solo progenitor que convive con todos sus hijos de 25 años o más,2,Person_303|Person_304,,yes
HH_114,2 personas,Sur,Hogar con un solo progenitor que convive con todos sus hijos de 25 años o más,Hogar con un solo progenitor que convive con todos sus hijos de 25 años o más,2,Person_305|Person_306,,apartments
HH_115,1 persona,Carrascal,Hogar con un hombre solo de 65 años o más,Hogar con un hombre solo de 65 años o más,1,Person_307,,residential
HH_116,2 personas,Sur,Hogar con un solo progenitor que convive con algún hijo menor de 25 años,Hogar con un solo progenitor que convive con algún hijo menor de 25 años,2,Person_308|Person_309,,yes
HH_117,3 personas,Carrascal,Hogar formado por pareja con hijos en donde algún hijo es menor de 25 años,Hogar formado por pareja con hijos en donde algún hijo es menor de 25 años,3,Person_310|Person_311|Person_312,Madrid,city
HH_118,4 personas,Sur,Hogar formado por pareja o un solo progenitor que convive con algún hijo menor de 25 años y otra(s) persona(s),Hogar formado por pareja o un solo progenitor que convive con algún hijo menor de 25 años y otra(s) persona(s),4,Person_313|Person_314|Person_315|Person_316,,yes
HH_119,1 persona,Fortuna,Hogar con un hombre solo de 65 años o más,Hogar con un hombre solo de 65 años o más,1,Person_317,,semidetached_house
HH_120,4 personas,Zarzaquemada,Hogar formado por pareja con hijos en donde algún hijo es menor de 25 años,Hogar formado por pareja con hijos en donde algún hijo es menor de 25 años,4,Person_318|Person_319|Person_320|Person_321,REPALAB,yes
HH_121,1 persona,Norte,Hogar con una mujer sola menor de 65 años,Hogar con una mujer sola menor de 65 años,1,Person_322,,apartments
HH_122,2 personas,San Nicasio,Hogar formado por pareja sin hijos,Hogar formado por pareja sin hijos,2,Person_323|Person_324,,house
HH_123,3 personas,Polvoranca,Hogar formado por pareja con hijos en donde todos los hijos de 25 años o más,Hogar formado por pareja con hijos en donde todos los hijos de 25 años o más,3,Person_325|Person_326|Person_327,,house
HH_124,2 personas,Polvoranca,Hogar formado por pareja sin hijos,Hogar formado por pareja sin hijos,2,Person_328|Person_329,,yes
HH_125,4 personas,Carrascal,Hogar formado por pareja con hijos en donde algún hijo es menor de 25 años,Hogar formado por pareja con hijos en donde algún hijo es menor de 25 años,4,Person_330|Person_331|Person_332|Person_333,,yes
HH_126,1 persona,Zarzaquemada,Hogar con un hombre solo de 65 años o más,Hogar con un hombre solo de 65 años o más,1,Person_334,,apartments
HH_127,4 personas,Norte,Hogar formado por pareja o un solo progenitor que convive con algún hijo menor de 25 años y otra(s) persona(s),Hogar formado por pareja o un solo progenitor que convive con algún hijo menor de 25 años y otra(s) persona(s),4,Person_335|Person_336|Person_337|Person_338,Madrid,city
HH_128,4 personas,Zarzaquemada,Hogar formado por pareja con hijos en donde algún hijo es menor de 25 años,Hogar formado por pareja con hijos en donde algún hijo es menor de 25 años,4,Person_339|Person_340|Person_341|Person_342,Madrid,city
HH_129,1 persona,Sur,Hogar con una mujer sola de 65 años o más,Hogar con una mujer sola de 65 años o más,1,Person_343,Madrid,city
HH_130,3 personas,Carrascal,Hogar formado por pareja con hijos en donde algún hijo es menor de 25 años,Hogar formado por pareja con hijos en donde algún hijo es menor de 25 años,3,Person_344|Person_345|Person_346,Madrid,city
HH_131,4 personas,San Nicasio,Hogar formado por pareja o un solo progenitor que convive con algún hijo menor de 25 años y otra(s) persona(s),Hogar formado por pareja o un solo progenitor que convive con algún hijo menor de 25 años y otra(s) persona(s),4,Person_347|Person_348|Person_349|Person_350,,semidetached_house
HH_132,1 persona,Norte,Hogar con una mujer sola de 65 años o más,Hogar con una mujer sola de 65 años o más,1,Person_351,,yes
HH_133,2 personas,Carrascal,Hogar con un solo progenitor que convive con todos sus hijos de 25 años o más,Hogar con un solo progenitor que convive con todos sus hijos de 25 años o más,2,Person_352|Person_353,Madrid,city
HH_134,2 personas,Carrascal,Hogar formado por pareja sin hijos,Hogar formado por pareja sin hijos,2,Person_354|Person_355,,apartments
HH_135,4 personas,Sur,Hogar formado por pareja con hijos en donde algún hijo es menor de 25 años,Hogar formado por pareja con hijos en donde algún hijo es menor de 25 años,4,Person_356|Person_357|Person_358|Person_359,Madrid,city
HH_136,1 persona,Zarzaquemada,Hogar con una mujer sola de 65 años o más,Hogar con una mujer sola de 65 años o más,1,Person_360,Madrid,city
HH_137,4 personas,Carrascal,Hogar formado por pareja con hijos en donde algún hijo es menor de 25 años,Hogar formado por pareja con hijos en donde algún hijo es menor de 25 años,4,Person_361|Person_362|Person_363|Person_364,,yes
HH_138,3 personas,San Nicasio,Hogar formado por pareja con hijos en donde algún hijo es menor de 25 años,Hogar formado por pareja con hijos en donde algún hijo es menor de 25 años,3,Person_365|Person_366|Person_367,Alcorcon,city
HH_139,2 personas,Zarzaquemada,Hogar con un solo progenitor que convive con algún hijo menor de 25 años,Hogar con un solo progenitor que convive con algún hijo menor de 25 años,2,Person_368|Person_369,,residential
HH_140,1 persona,Sur,Hogar con un hombre solo menor de 65 años,Hogar con un hombre solo menor de 65 años,1,Person_370,,yes
HH_141,1 persona,Fortuna,Hogar con una mujer sola menor de 65 años,Hogar con una mujer sola menor de 65 años,1,Person_371,,semidetached_house
HH_142,1 persona,Sur,Hogar con un hombre solo menor de 65 años,Hogar con un hombre solo menor de 65 años,1,Person_372,,yes
HH_143,5 o mas personas,Carrascal,Hogar formado por pareja con hijos en donde algún hijo es menor de 25 años,Hogar formado por pareja con hijos en donde algún hijo es menor de 25 años,5,Person_373|Person_374|Person_375|Person_376|Person_377,Madrid,city
HH_144,2 personas,Sur,Hogar con un solo progenitor que convive con todos sus hijos de 25 años o más,Hogar con un solo progenitor que convive con todos sus hijos de 25 años o más,2,Person_378|Person_379,Madrid,city
HH_145,3 personas,Zarzaquemada,Otro tipo de hogar,Otro tipo de hogar,3,Person_380|Person_381|Person_382,Fuenlabrada,city
HH_146,4 personas,Norte,Hogar formado por pareja o un solo progenitor que convive con algún hijo menor de 25 años y otra(s) persona(s),Hogar formado por pareja o un solo progenitor que convive con algún hijo menor de 25 años y otra(s) persona(s),4,Person_383|Person_384|Person_385|Person_386,Madrid,city
HH_147,3 personas,San Nicasio,Hogar formado por pareja con hijos en donde todos los hijos de 25 años o más,Hogar formado por pareja con hijos en donde todos los hijos de 25 años o más,3,Person_387|Person_388|Person_389,,semidetached_house
HH_148,5 o mas personas,San Nicasio,Hogar formado por pareja o un solo progenitor que convive con algún hijo menor de 25 años y otra(s) persona(s),Hogar formado por pareja o un solo progenitor que convive con algún hijo menor de 25 años y otra(s) persona(s),5,Person_390|Person_391|Person_392|Person_393|Person_394,,semidetached_house
HH_149,4 personas,Sur,Hogar formado por pareja con hijos en donde algún hijo es menor de 25 años,Hogar formado por pareja con hijos en donde algún hijo es menor de 25 años,4,Person_395|Person_396|Person_397|Person_398,,apartments
HH_150,2 personas,San Nicasio,Hogar con un solo progenitor que convive con todos sus hijos de 25 años o más,Hogar con un solo progenitor que convive con todos sus hijos de 25 años o más,2,Person_399|Person_400,,house
HH_151,4 personas,Fortuna,Hogar formado por pareja o un solo progenitor que convive con algún hijo menor de 25 años y otra(s) persona(s),Hogar formado por pareja o un solo progenitor que convive con algún hijo menor de 25 años y otra(s) persona(s),4,Person_401|Person_402|Person_403|Person_404,,yes
HH_152,2 personas,Sur,Hogar con un solo progenitor que convive con todos sus hijos de 25 años o más,Hogar con un solo progenitor que convive con todos sus hijos de 25 años o más,2,Person_405|Person_406,Honda,yes
HH_153,1 persona,San Nicasio,Hogar con un hombre solo menor de 65 años,Hogar con un hombre solo menor de 65 años,1,Person_407,Fuenlabrada,city
HH_154,2 personas,Norte,Hogar formado por pareja sin hijos,Hogar formado por pareja sin hijos,2,Person_408|Person_409,Auditorio,yes
HH_155,3 personas,San Nicasio,Hogar formado por pareja con hijos en donde todos los hijos de 25 años o más,Hogar formado por pareja con hijos en donde todos los hijos de 25 años o más,3,Person_410|Person_411|Person_412,,apartments
HH_156,4 personas,Zarzaquemada,Hogar formado por pareja con hijos en donde algún hijo es menor de 25 años,Hogar formado por pareja con hijos en donde algún hijo es menor de 25 años,4,Person_413|Person_414|Person_415|Person_416,Madrid,city
HH_157,2 personas,Carrascal,Otro tipo de hogar,Otro tipo de hogar,2,Person_417|Person_418,,yes
HH_158,1 persona,Zarzaquemada,Hogar con un hombre solo menor de 65 años,Hogar con un hombre solo menor de 65 años,1,Person_419,Madrid,city
HH_159,2 personas,Zarzaquemada,Hogar formado por pareja sin hijos,Hogar formado por pareja sin hijos,2,Person_420|Person_421,,apartments
HH_160,1 persona,San Nicasio,Hogar con una mujer sola de 65 años o más,Hogar con una mujer sola de 65 años o más,1,Person_422,,semidetached_house
HH_161,5 o mas personas,Norte,Hogar formado por pareja o un solo progenitor que convive con algún hijo menor de 25 años y otra(s) persona(s),Hogar formado por pareja o un solo progenitor que convive con algún hijo menor de 25 años y otra(s) persona(s),5,Person_423|Person_424|Person_425|Person_426|Person_427,,yes
HH_162,3 personas,Sur,Hogar formado por pareja con hijos en donde todos los hijos de 25 años o más,Hogar formado por pareja con hijos en donde todos los hijos de 25 años o más,3,Person_428|Person_429|Person_430,,apartments
HH_163,4 personas,Polvoranca,Hogar formado por pareja con hijos en donde algún hijo es menor de 25 años,Hogar formado por pareja con hijos en donde algún hijo es menor de 25 años,4,Person_431|Person_432|Person_433|Person_434,,semidetached_house
HH_164,4 personas,Zarzaquemada,Hogar formado por pareja o un solo progenitor que convive con algún hijo menor de 25 años y otra(s) persona(s),Hogar formado por pareja o un solo progenitor que convive con algún hijo menor de 25 años y otra(s) persona(s),4,Person_435|Person_436|Person_437|Person_438,,yes
HH_165,2 personas,Zarzaquemada,Hogar formado por pareja sin hijos,Hogar formado por pareja sin hijos,2,Person_439|Person_440,,apartments
HH_166,1 persona,Carrascal,Hogar con un hombre solo menor de 65 años,Hogar con un hombre solo menor de 65 años,1,Person_441,,yes
HH_167,2 personas,Polvoranca,Hogar formado por pareja sin hijos,Hogar formado por pareja sin hijos,2,Person_442|Person_443,,house
HH_168,1 persona,Zarzaquemada,Hogar con una mujer sola de 65 años o más,Hogar con una mujer sola de 65 años o más,1,Person_444,,apartments
HH_169,1 persona,Zarzaquemada,Hogar con una mujer sola menor de 65 años,Hogar con una mujer sola menor de 65 años,1,Person_445,,residential
HH_170,2 personas,Sur,Hogar formado por pareja sin hijos,Hogar formado por pareja sin hijos,2,Person_446|Person_447,Supeco,yes
HH_171,2 personas,San Nicasio,Hogar formado por pareja sin hijos,Hogar formado por pareja sin hijos,2,Person_448|Person_449,,residential
HH_172,1 persona,Carrascal,Hogar con una mujer sola de 65 años o más,Hogar con una mujer sola de 65 años o más,1,Person_450,,yes
HH_173,1 persona,San Nicasio,Hogar con una mujer sola menor de 65 años,Hogar con una mujer sola menor de 65 años,1,Person_451,,semidetached_house
HH_174,4 personas,Carrascal,Hogar formado por pareja con hijos en donde algún hijo es menor de 25 años,Hogar formado por pareja con hijos en donde algún hijo es menor de 25 años,4,Person_452|Person_453|Person_454|Person_455,,apartments
HH_175,2 personas,Norte,Hogar formado por pareja sin hijos,Hogar formado por pareja sin hijos,2,Person_456|Person_457,,apartments
HH_176,2 personas,Zarzaquemada,Hogar formado por pareja sin hijos,Hogar formado por pareja sin hijos,2,Person_458|Person_459,,residential
HH_177,2 personas,Carrascal,Hogar formado por pareja sin hijos,Hogar formado por pareja sin hijos,2,Person_460|Person_461,Madrid,city
HH_178,3 personas,Sur,Hogar formado por pareja con hijos en donde todos los hijos de 25 años o más,Hogar formado por pareja con hijos en donde todos los hijos de 25 años o más,3,Person_462|Person_463|Person_464,Madrid,city
HH_179,3 personas,Fortuna,Hogar formado por pareja con hijos en donde algún hijo es menor de 25 años,Hogar formado por pareja con hijos en donde algún hijo es menor de 25 años,3,Person_465|Person_466|Person_467,,semidetached_house
HH_180,3 personas,Polvoranca,Otro tipo de hogar,Otro tipo de hogar,3,Person_468|Person_469|Person_470,,semidetached_house
HH_181,1 persona,Carrascal,Hogar con un hombre solo menor de 65 años,Hogar con un hombre solo menor de 65 años,1,Person_471,,apartments
HH_182,4 personas,Zarzaquemada,Hogar formado por pareja o un solo progenitor que convive con algún hijo menor de 25 años y otra(s) persona(s),Hogar formado por pareja o un solo progenitor que convive con algún hijo menor de 25 años y otra(s) persona(s),4,Person_472|Person_473|Person_474|Person_475,Madrid,city
HH_183,1 persona,Zarzaquemada,Hogar con una mujer sola menor de 65 años,Hogar con una mujer sola menor de 65 años,1,Person_476,,residential
HH_184,3 personas,Carrascal,Hogar formado por pareja con hijos en donde algún hijo es menor de 25 años,Hogar formado por pareja con hijos en donde algún hijo es menor de 25 años,3,Person_477|Person_478|Person_479,,apartments
HH_185,2 personas,Carrascal,Hogar formado por pareja sin hijos,Hogar formado por pareja sin hijos,2,Person_480|Person_481,Madrid,city
HH_186,2 personas,Carrascal,Hogar formado por pareja sin hijos,Hogar formado por pareja sin hijos,2,Person_482|Person_483,,semidetached_house
HH_187,3 personas,Zarzaquemada,Hogar con un solo progenitor que convive con todos sus hijos de 25 años o más,Hogar con un solo progenitor que convive con todos sus hijos de 25 años o más,3,Person_484|Person_485|Person_486,Fuenlabrada,city
HH_188,2 personas,Zarzaquemada,Hogar formado por pareja sin hijos,Hogar formado por pareja sin hijos,2,Person_487|Person_488,Mostoles,city
HH_189,1 persona,Norte,Hogar con una mujer sola menor de 65 años,Hogar con una mujer sola menor de 65 años,1,Person_489,Getafe norte,city
HH_190,2 personas,Zarzaquemada,Hogar con un solo progenitor que convive con todos sus hijos de 25 años o más,Hogar con un solo progenitor que convive con todos sus hijos de 25 años o más,2,Person_490|Person_491,,apartments
HH_191,3 personas,Zarzaquemada,Hogar formado por pareja con hijos en donde algún hijo es menor de 25 años,Hogar formado por pareja con hijos en donde algún hijo es menor de 25 años,3,Person_492|Person_493|Person_494,Alcorcon,city
HH_192,1 persona,San Nicasio,Hogar con una mujer sola de 65 años o más,Hogar con una mujer sola de 65 años o más,1,Person_495,Madrid,city
HH_193,2 personas,Sur,Hogar con un solo progenitor que convive con todos sus hijos de 25 años o más,Hogar con un solo progenitor que convive con todos sus hijos de 25 años o más,2,Person_496|Person_497,,yes
HH_194,2 personas,Carrascal,Hogar formado por pareja sin hijos,Hogar formado por pareja sin hijos,2,Person_498|Person_499,,semidetached_house
HH_195,3 personas,Norte,Hogar formado por pareja con hijos en donde todos los hijos de 25 años o más,Hogar formado por pareja con hijos en donde todos los hijos de 25 años o más,3,Person_500|Person_501|Person_502,Fuenlabrada,city
HH_196,5 o mas personas,Zarzaquemada,Otro tipo de hogar,Otro tipo de hogar,5,Person_503|Person_504|Person_505|Person_506|Person_507,,residential
HH_197,1 persona,San Nicasio,Hogar con un hombre solo menor de 65 años,Hogar con un hombre solo menor de 65 años,1,Person_508,Madrid,city
HH_198,3 personas,Fortuna,Hogar formado por pareja con hijos en donde todos los hijos de 25 años o más,Hogar formado por pareja con hijos en donde todos los hijos de 25 años o más,3,Person_509|Person_510|Person_511,,yes
HH_199,2 personas,San Nicasio,Hogar formado por pareja sin hijos,Hogar formado por pareja sin hijos,2,Person_512|Person_513,,semidetached_house
HH_200,1 persona,San Nicasio,Hogar con una mujer sola menor de 65 años,Hogar con una mujer sola menor de 65 años,1,Person_514,Alcorcon,city
HH_201,3 personas,Zarzaquemada,Hogar formado por pareja con hijos en donde algún hijo es menor de 25 años,Hogar formado por pareja con hijos en donde algún hijo es menor de 25 años,3,Person_515|Person_516|Person_517,,residential
HH_202,4 personas,Sur,Hogar formado por pareja con hijos en donde algún hijo es menor de 25 años,Hogar formado por pareja con hijos en donde algún hijo es menor de 25 años,4,Person_518|Person_519|Person_520|Person_521,,yes
HH_203,4 personas,San Nicasio,Hogar formado por pareja con hijos en donde algún hijo es menor de 25 años,Hogar formado por pareja con hijos en donde algún hijo es menor de 25 años,4,Person_522|Person_523|Person_524|Person_525,,terrace
HH_204,2 personas,San Nicasio,Hogar formado por pareja sin hijos,Hogar formado por pareja sin hijos,2,Person_526|Person_527,,residential
HH_205,3 personas,Zarzaquemada,Hogar formado por pareja con hijos en donde todos los hijos de 25 años o más,Hogar formado por pareja con hijos en donde todos los hijos de 25 años o más,3,Person_528|Person_529|Person_530,Madrid,city
HH_206,4 personas,Fortuna,Hogar formado por pareja con hijos en donde algún hijo es menor de 25 años,Hogar formado por pareja con hijos en donde algún hijo es menor de 25 años,4,Person_531|Person_532|Person_533|Person_534,,yes
HH_207,1 persona,Zarzaquemada,Hogar con una mujer sola menor de 65 años,Hogar con una mujer sola menor de 65 años,1,Person_535,Fuenlabrada,city
HH_208,4 personas,Norte,Hogar formado por pareja con hijos en donde algún hijo es menor de 25 años,Hogar formado por pareja con hijos en donde algún hijo es menor de 25 años,4,Person_536|Person_537|Person_538|Person_539,Madrid,city
HH_209,1 persona,Carrascal,Hogar con una mujer sola de 65 años o más,Hogar con una mujer sola de 65 años o más,1,Person_540,,house
HH_210,5 o mas personas,Zarzaquemada,Hogar formado por pareja con hijos en donde algún hijo es menor de 25 años,Hogar formado por pareja con hijos en donde algún hijo es menor de 25 años,5,Person_541|Person_542|Person_543|Person_544|Person_545,,residential
HH_211,1 persona,Carrascal,Hogar con un hombre solo menor de 65 años,Hogar con un hombre solo menor de 65 años,1,Person_546,,house
HH_212,5 o mas personas,Norte,Hogar formado por pareja con hijos en donde algún hijo es menor de 25 años,Hogar formado por pareja con hijos en donde algún hijo es menor de 25 años,5,Person_547|Person_548|Person_549|Person_550|Person_551,,yes
HH_213,5 o mas personas,Sur,Hogar formado por pareja con hijos en donde algún hijo es menor de 25 años,Hogar formado por pareja con hijos en donde algún hijo es menor de 25 años,5,Person_552|Person_553|Person_554|Person_555|Person_556,Madrid,city
HH_214,2 personas,Norte,Hogar formado por pareja sin hijos,Hogar formado por pareja sin hijos,2,Person_557|Person_558,,apartments
HH_215,5 o mas personas,Zarzaquemada,Hogar formado por pareja o un solo progenitor que convive con algún hijo menor de 25 años y otra(s) persona(s),Hogar formado por pareja o un solo progenitor que convive con algún hijo menor de 25 años y otra(s) persona(s),5,Person_559|Person_560|Person_561|Person_562|Person_563,,apartments
HH_216,1 persona,San Nicasio,Hogar con un hombre solo de 65 años o más,Hogar con un hombre solo de 65 años o más,1,Person_564,,semidetached_house
HH_217,5 o mas personas,Polvoranca,Hogar formado por pareja con hijos en donde algún hijo es menor de 25 años,Hogar formado por pareja con hijos en donde algún hijo es menor de 25 años,5,Person_565|Person_566|Person_567|Person_568|Person_569,,semidetached_house
HH_218,2 personas,Fortuna,Hogar formado por pareja sin hijos,Hogar formado por pareja sin hijos,2,Person_570|Person_571,,semidetached_house
HH_219,2 personas,Zarzaquemada,Hogar formado por pareja sin hijos,Hogar formado por pareja sin hijos,2,Person_572|Person_573,,residential
HH_220,2 personas,Zarzaquemada,Otro tipo de hogar,Otro tipo de hogar,2,Person_574|Person_575,,yes
HH_221,4 personas,Norte,Hogar formado por pareja con hijos en donde algún hijo es menor de 25 años,Hogar formado por pareja con hijos en donde algún hijo es menor de 25 años,4,Person_576|Person_577|Person_578|Person_579,,residential
HH_222,4 personas,San Nicasio,Hogar formado por pareja con hijos en donde algún hijo es menor de 25 años,Hogar formado por pareja con hijos en donde algún hijo es menor de 25 años,4,Person_580|Person_581|Person_582|Person_583,Fuenlabrada,city
HH_223,1 persona,Sur,Hogar con una mujer sola de 65 años o más,Hogar con una mujer sola de 65 años o más,1,Person_584,,apartments
HH_224,2 personas,Zarzaquemada,Hogar formado por pareja sin hijos,Hogar formado por pareja sin hijos,2,Person_585|Person_586,Madrid,city
HH_225,4 personas,Zarzaquemada,Hogar formado por pareja con hijos en donde algún hijo es menor de 25 años,Hogar formado por pareja con hijos en donde algún hijo es menor de 25 años,4,Person_587|Person_588|Person_589|Person_590,,apartments
HH_226,2 personas,Zarzaquemada,Hogar formado por pareja sin hijos,Hogar formado por pareja sin hijos,2,Person_591|Person_592,,apartments
HH_227,4 personas,Carrascal,Hogar formado por pareja o un solo progenitor que convive con algún hijo menor de 25 años y otra(s) persona(s),Hogar formado por pareja o un solo progenitor que convive con algún hijo menor de 25 años y otra(s) persona(s),4,Person_593|Person_594|Person_595|Person_596,,yes
HH_228,2 personas,Fortuna,Hogar con un solo progenitor que convive con todos sus hijos de 25 años o más,Hogar con un solo progenitor que convive con todos sus hijos de 25 años o más,2,Person_597|Person_598,,yes
HH_229,2 personas,San Nicasio,Hogar con un solo progenitor que convive con todos sus hijos de 25 años o más,Hogar con un solo progenitor que convive con todos sus hijos de 25 años o más,2,Person_599|Person_600,Madrid,city
HH_230,2 personas,Sur,Hogar formado por pareja sin hijos,Hogar formado por pareja sin hijos,2,Person_601|Person_602,Getafe norte,city
HH_231,4 personas,Sur,Hogar formado por pareja con hijos en donde algún hijo es menor de 25 años,Hogar formado por pareja con hijos en donde algún hijo es menor de 25 años,4,Person_603|Person_604|Person_605|Person_606,,yes
HH_232,1 persona,Zarzaquemada,Hogar con un hombre solo de 65 años o más,Hogar con un hombre solo de 65 años o más,1,Person_607,,apartments
HH_233,4 personas,Fortuna,Hogar formado por pareja con hijos en donde algún hijo es menor de 25 años,Hogar formado por pareja con hijos en donde algún hijo es menor de 25 años,4,Person_608|Person_609|Person_610|Person_611,,residential
HH_234,2 personas,Zarzaquemada,Hogar con un solo progenitor que convive con todos sus hijos de 25 años o más,Hogar con un solo progenitor que convive con todos sus hijos de 25 años o más,2,Person_612|Person_613,Madrid,city
HH_235,1 persona,Carrascal,Hogar con un hombre solo menor de 65 años,Hogar con un hombre solo menor de 65 años,1,Person_614,,apartments
HH_236,3 personas,Zarzaquemada,Hogar con un solo progenitor que convive con algún hijo menor de 25 años,Hogar con un solo progenitor que convive con algún hijo menor de 25 años,3,Person_615|Person_616|Person_617,,apartments
HH_237,2 personas,Sur,Hogar formado por pareja sin hijos,Hogar formado por pareja sin hijos,2,Person_618|Person_619,,apartments
HH_238,2 personas,Zarzaquemada,Otro tipo de hogar,Otro tipo de hogar,2,Person_620|Person_621,Madrid,city
HH_239,3 personas,Zarzaquemada,Hogar formado por pareja con hijos en donde todos los hijos de 25 años o más,Hogar formado por pareja con hijos en donde todos los hijos de 25 años o más,3,Person_622|Person_623|Person_624,Madrid,city
HH_240,1 persona,Sur,Hogar con una mujer sola de 65 años o más,Hogar con una mujer sola de 65 años o más,1,Person_625,,apartments
HH_241,3 personas,Zarzaquemada,Hogar formado por pareja con hijos en donde todos los hijos de 25 años o más,Hogar formado por pareja con hijos en donde todos los hijos de 25 años o más,3,Person_626|Person_627|Person_628,,apartments
HH_242,5 o mas personas,Zarzaquemada,Hogar formado por pareja con hijos en donde algún hijo es menor de 25 años,Hogar formado por pareja con hijos en donde algún hijo es menor de 25 años,5,Person_629|Person_630|Person_631|Person_632|Person_633,,residential
HH_243,4 personas,Zarzaquemada,Hogar formado por pareja con hijos en donde algún hijo es menor de 25 años,Hogar formado por pareja con hijos en donde algún hijo es menor de 25 años,4,Person_634|Person_635|Person_636|Person_637,Madrid,city
HH_244,3 personas,Zarzaquemada,Hogar con un solo progenitor que convive con todos sus hijos de 25 años o más,Hogar con un solo progenitor que convive con todos sus hijos de 25 años o más,3,Person_638|Person_639|Person_640,Madrid,city
HH_245,1 persona,San Nicasio,Hogar con un hombre solo menor de 65 años,Hogar con un hombre solo menor de 65 años,1,Person_641,Lidl,yes
HH_246,4 personas,Sur,Hogar formado por pareja con hijos en donde algún hijo es menor de 25 años,Hogar formado por pareja con hijos en donde algún hijo es menor de 25 años,4,Person_642|Person_643|Person_644|Person_645,Getafe norte,city
HH_247,2 personas,Carrascal,Hogar con un solo progenitor que convive con algún hijo menor de 25 años,Hogar con un solo progenitor que convive con algún hijo menor de 25 años,2,Person_646|Person_647,,yes
HH_248,3 personas,Zarzaquemada,Otro tipo de hogar,Otro tipo de hogar,3,Person_648|Person_649|Person_650,,apartments
HH_249,4 personas,Carrascal,Hogar formado por pareja con hijos en donde algún hijo es menor de 25 años,Hogar formado por pareja con hijos en donde algún hijo es menor de 25 años,4,Person_651|Person_652|Person_653|Person_654,,house
HH_250,2 personas,Fortuna,Hogar formado por pareja sin hijos,Hogar formado por pareja sin hijos,2,Person_655|Person_656,,yes
HH_251,4 personas,Fortuna,Hogar formado por pareja con hijos en donde algún hijo es menor de 25 años,Hogar formado por pareja con hijos en donde algún hijo es menor de 25 años,4,Person_657|Person_658|Person_659|Person_660,,yes
HH_252,2 personas,Zarzaquemada,Hogar con un solo progenitor que convive con algún hijo menor de 25 años,Hogar con un solo progenitor que convive con algún hijo menor de 25 años,2,Person_661|Person_662,,apartments
HH_253,2 personas,Carrascal,Hogar formado por pareja sin hijos,Hogar formado por pareja sin hijos,2,Person_663|Person_664,Fuenlabrada,city
HH_254,5 o mas personas,Norte,Hogar formado por pareja o un solo progenitor que convive con algún hijo menor de 25 años y otra(s) persona(s),Hogar formado por pareja o un solo progenitor que convive con algún hijo menor de 25 años y otra(s) persona(s),5,Person_665|Person_666|Person_667|Person_668|Person_669,,yes
HH_255,1 persona,Carrascal,Hogar con una mujer sola de 65 años o más,Hogar con una mujer sola de 65 años o más,1,Person_670,Madrid,city
HH_256,3 personas,Zarzaquemada,Hogar formado por pareja con hijos en donde todos los hijos de 25 años o más,Hogar formado por pareja con hijos en donde todos los hijos de 25 años o más,3,Person_671|Person_672|Person_673,,apartments
HH_257,1 persona,Sur,Hogar con un hombre solo menor de 65 años,Hogar con un hombre solo menor de 65 años,1,Person_674,Mostoles,city
HH_258,2 personas,Sur,Hogar con un solo progenitor que convive con todos sus hijos de 25 años o más,Hogar con un solo progenitor que convive con todos sus hijos de 25 años o más,2,Person_675|Person_676,,yes
HH_259,4 personas,Zarzaquemada,Hogar formado por pareja con hijos en donde todos los hijos de 25 años o más,Hogar formado por pareja con hijos en donde todos los hijos de 25 años o más,4,Person_677|Person_678|Person_679|Person_680,,residential
HH_260,4 personas,Carrascal,Hogar con un solo progenitor que convive con algún hijo menor de 25 años,Hogar con un solo progenitor que convive con algún hijo menor de 25 años,4,Person_681|Person_682|Person_683|Person_684,,yes
HH_261,2 personas,Zarzaquemada,Hogar formado por pareja sin hijos,Hogar formado por pareja sin hijos,2,Person_685|Person_686,Mostoles,city
HH_262,3 personas,Zarzaquemada,Hogar formado por pareja o un solo progenitor que convive con algún hijo menor de 25 años y otra(s) persona(s),Hogar formado por pareja o un solo progenitor que convive con algún hijo menor de 25 años y otra(s) persona(s),3,Person_687|Person_688|Person_689,,apartments
HH_263,3 personas,San Nicasio,Hogar con un solo progenitor que convive con algún hijo menor de 25 años,Hogar con un solo progenitor que convive con algún hijo menor de 25 años,3,Person_690|Person_691|Person_692,,house
HH_264,1 persona,Sur,Hogar con una mujer sola menor de 65 años,Hogar con una mujer sola menor de 65 años,1,Person_693,,yes
HH_265,2 personas,San Nicasio,Hogar formado por pareja sin hijos,Hogar formado por pareja sin hijos,2,Person_694|Person_695,,semidetached_house
HH_266,3 personas,San Nicasio,Hogar formado por pareja con hijos en donde algún hijo es menor de 25 años,Hogar formado por pareja con hijos en donde algún hijo es menor de 25 años,3,Person_696|Person_697|Person_698,,semidetached_house
HH_267,2 personas,Zarzaquemada,Hogar con un solo progenitor que convive con todos sus hijos de 25 años o más,Hogar con un solo progenitor que convive con todos sus hijos de 25 años o más,2,Person_699|Person_700,Fuenlabrada,city
HH_268,1 persona,Carrascal,Hogar con una mujer sola menor de 65 años,Hogar con una mujer sola menor de 65 años,1,Person_701,Aurgi,yes
HH_269,4 personas,Norte,Hogar formado por pareja con hijos en donde algún hijo es menor de 25 años,Hogar formado por pareja con hijos en donde algún hijo es menor de 25 años,4,Person_702|Person_703|Person_704|Person_705,,yes
HH_270,1 persona,Sur,Hogar con un hombre solo menor de 65 años,Hogar con un hombre solo menor de 65 años,1,Person_706,,apartments
HH_271,2 personas,Norte,Hogar formado por pareja sin hijos,Hogar formado por pareja sin hijos,2,Person_707|Person_708,,apartments
HH_272,4 personas,San Nicasio,Hogar formado por pareja con hijos en donde todos los hijos de 25 años o más,Hogar formado por pareja con hijos en donde todos los hijos de 25 años o más,4,Person_709|Person_710|Person_711|Person_712,,apartments
HH_273,1 persona,Norte,Hogar con una mujer sola de 65 años o más,Hogar con una mujer sola de 65 años o más,1,Person_713,,yes
HH_274,1 persona,Sur,Hogar con una mujer sola menor de 65 años,Hogar con una mujer sola menor de 65 años,1,Person_714,,apartments
HH_275,2 personas,San Nicasio,Hogar formado por pareja sin hijos,Hogar formado por pareja sin hijos,2,Person_715|Person_716,Fuenlabrada,city
HH_276,2 personas,Sur,Hogar formado por pareja sin hijos,Hogar formado por pareja sin hijos,2,Person_717|Person_718,Alcorcon,city
HH_277,1 persona,San Nicasio,Hogar con un hombre solo menor de 65 años,Hogar con un hombre solo menor de 65 años,1,Person_719,,house
HH_278,1 persona,Carrascal,Hogar con un hombre solo menor de 65 años,Hogar con un hombre solo menor de 65 años,1,Person_720,Madrid,city
HH_279,2 personas,Sur,Otro tipo de hogar,Otro tipo de hogar,2,Person_721|Person_722,,apartments
HH_280,1 persona,Sur,Hogar con un hombre solo menor de 65 años,Hogar con un hombre solo menor de 65 años,1,Person_723,,apartments
HH_281,1 persona,Norte,Hogar con un hombre solo de 65 años o más,Hogar con un hombre solo de 65 años o más,1,Person_724,,yes
HH_282,4 personas,Carrascal,Otro tipo de hogar,Otro tipo de hogar,4,Person_725|Person_726|Person_727|Person_728,Fuenlabrada,city
HH_283,1 persona,Zarzaquemada,Hogar con una mujer sola de 65 años o más,Hogar con una mujer sola de 65 años o más,1,Person_729,,apartments
HH_284,3 personas,Sur,Hogar formado por pareja con hijos en donde algún hijo es menor de 25 años,Hogar formado por pareja con hijos en donde algún hijo es menor de 25 años,3,Person_730|Person_731|Person_732,,apartments
HH_285,1 persona,Carrascal,Hogar con una mujer sola menor de 65 años,Hogar con una mujer sola menor de 65 años,1,Person_733,,semidetached_house
HH_286,2 personas,San Nicasio,Hogar formado por pareja sin hijos,Hogar formado por pareja sin hijos,2,Person_734|Person_735,Fuenlabrada,city
HH_287,4 personas,Zarzaquemada,Hogar formado por pareja con hijos en donde algún hijo es menor de 25 años,Hogar formado por pareja con hijos en donde algún hijo es menor de 25 años,4,Person_736|Person_737|Person_738|Person_739,Madrid,city
HH_288,1 persona,Zarzaquemada,Hogar con una mujer sola de 65 años o más,Hogar con una mujer sola de 65 años o más,1,Person_740,,residential
HH_289,2 personas,Polvoranca,Hogar formado por pareja sin hijos,Hogar formado por pareja sin hijos,2,Person_741|Person_742,,yes
HH_290,1 persona,San Nicasio,Hogar con un hombre solo menor de 65 años,Hogar con un hombre solo menor de 65 años,1,Person_743,,semidetached_house
HH_291,3 personas,Polvoranca,Hogar formado por pareja con hijos en donde todos los hijos de 25 años o más,Hogar formado por pareja con hijos en donde todos los hijos de 25 años o más,3,Person_744|Person_745|Person_746,Madrid,city
HH_292,4 personas,Carrascal,Hogar formado por pareja con hijos en donde algún hijo es menor de 25 años,Hogar formado por pareja con hijos en donde algún hijo es menor de 25 años,4,Person_747|Person_748|Person_749|Person_750,,semidetached_house
HH_293,1 persona,Polvoranca,Hogar con un hombre solo menor de 65 años,Hogar con un hombre solo menor de 65 años,1,Person_751,Fuenlabrada,city
HH_294,1 persona,Sur,Hogar con un hombre solo de 65 años o más,Hogar con un hombre solo de 65 años o más,1,Person_752,,yes
HH_295,3 personas,Carrascal,Hogar formado por pareja con hijos en donde algún hijo es menor de 25 años,Hogar formado por pareja con hijos en donde algún hijo es menor de 25 años,3,Person_753|Person_754|Person_755,,apartments
HH_296,4 personas,Sur,Hogar con un solo progenitor que convive con algún hijo menor de 25 años,Hogar con un solo progenitor que convive con algún hijo menor de 25 años,4,Person_756|Person_757|Person_758|Person_759,,yes
HH_297,3 personas,Norte,Otro tipo de hogar,Otro tipo de hogar,3,Person_760|Person_761|Person_762,,apartments
HH_298,3 personas,Sur,Hogar con un solo progenitor que convive con algún hijo menor de 25 años,Hogar con un solo progenitor que convive con algún hijo menor de 25 años,3,Person_763|Person_764|Person_765,,yes
HH_299,2 personas,Zarzaquemada,Hogar formado por pareja sin hijos,Hogar formado por pareja sin hijos,2,Person_766|Person_767,Mostoles,city
HH_300,2 personas,Zarzaquemada,Hogar formado por pareja sin hijos,Hogar formado por pareja sin hijos,2,Person_768|Person_769,Madrid,city
HH_301,1 persona,Sur,Hogar con una mujer sola menor de 65 años,Hogar con una mujer sola menor de 65 años,1,Person_770,Mostoles,city
HH_302,1 persona,San Nicasio,Hogar con una mujer sola de 65 años o más,Hogar con una mujer sola de 65 años o más,1,Person_771,,apartments
HH_303,3 personas,Zarzaquemada,Otro tipo de hogar,Otro tipo de hogar,3,Person_772|Person_773|Person_774,Alcorcon,city
HH_304,3 personas,San Nicasio,Hogar formado por pareja con hijos en donde todos los hijos de 25 años o más,Hogar formado por pareja con hijos en donde todos los hijos de 25 años o más,3,Person_775|Person_776|Person_777,,yes
HH_305,1 persona,Sur,Hogar con una mujer sola menor de 65 años,Hogar con una mujer sola menor de 65 años,1,Person_778,Mercadona,yes
HH_306,2 personas,Zarzaquemada,Hogar formado por pareja sin hijos,Hogar formado por pareja sin hijos,2,Person_779|Person_780,,apartments
HH_307,2 personas,Sur,Hogar con un solo progenitor que convive con algún hijo menor de 25 años,Hogar con un solo progenitor que convive con algún hijo menor de 25 años,2,Person_781|Person_782,,yes
HH_308,2 personas,Carrascal,Hogar con un solo progenitor que convive con algún hijo menor de 25 años,Hogar con un solo progenitor que convive con algún hijo menor de 25 años,2,Person_783|Person_784,,apartments
HH_309,2 personas,Carrascal,Hogar con un solo progenitor que convive con algún hijo menor de 25 años,Hogar con un solo progenitor que convive con algún hijo menor de 25 años,2,Person_785|Person_786,,detached
HH_310,2 personas,Sur,Hogar con un solo progenitor que convive con algún hijo menor de 25 años,Hogar con un solo progenitor que convive con algún hijo menor de 25 años,2,Person_787|Person_788,,yes
HH_311,2 personas,Sur,Hogar formado por pareja sin hijos,Hogar formado por pareja sin hijos,2,Person_789|Person_790,,yes
HH_312,3 personas,Zarzaquemada,Hogar formado por pareja con hijos en donde todos los hijos de 25 años o más,Hogar formado por pareja con hijos en donde todos los hijos de 25 años o más,3,Person_791|Person_792|Person_793,,residential
HH_313,3 personas,San Nicasio,Hogar formado por pareja con hijos en donde algún hijo es menor de 25 años,Hogar formado por pareja con hijos en donde algún hijo es menor de 25 años,3,Person_794|Person_795|Person_796,Madrid,city
HH_314,4 personas,Polvoranca,Hogar formado por pareja con hijos en donde algún hijo es menor de 25 años,Hogar formado por pareja con hijos en donde algún hijo es menor de 25 años,4,Person_797|Person_798|Person_799|Person_800,,house
HH_315,4 personas,Sur,Hogar formado por pareja con hijos en donde todos los hijos de 25 años o más,Hogar formado por pareja con hijos en donde todos los hijos de 25 años o más,4,Person_801|Person_802|Person_803|Person_804,,house
HH_316,3 personas,Norte,Hogar formado por pareja con hijos en donde todos los hijos de 25 años o más,Hogar formado por pareja con hijos en donde todos los hijos de 25 años o más,3,Person_805|Person_806|Person_807,Fuenlabrada,city
HH_317,1 persona,Polvoranca,Hogar con una mujer sola de 65 años o más,Hogar con una mujer sola de 65 años o más,1,Person_808,Madrid,city
HH_318,2 personas,Carrascal,Hogar formado por pareja sin hijos,Hogar formado por pareja sin hijos,2,Person_809|Person_810,,apartments
HH_319,3 personas,Zarzaquemada,Hogar formado por pareja con hijos en donde todos los hijos de 25 años o más,Hogar formado por pareja con hijos en donde todos los hijos de 25 años o más,3,Person_811|Person_812|Person_813,,residential
HH_320,3 personas,Carrascal,Hogar con un solo progenitor que convive con algún hijo menor de 25 años,Hogar con un solo progenitor que convive con algún hijo menor de 25 años,3,Person_814|Person_815|Person_816,,apartments
HH_321,4 personas,San Nicasio,Hogar formado por pareja con hijos en donde algún hijo es menor de 25 años,Hogar formado por pareja con hijos en donde algún hijo es menor de 25 años,4,Person_817|Person_818|Person_819|Person_820,,semidetached_house
HH_322,1 persona,San Nicasio,Hogar con una mujer sola menor de 65 años,Hogar con una mujer sola menor de 65 años,1,Person_821,,semidetached_house
HH_323,2 personas,Sur,Hogar formado por pareja sin hijos,Hogar formado por pareja sin hijos,2,Person_822|Person_823,,yes
HH_324,3 personas,Carrascal,Hogar formado por pareja con hijos en donde algún hijo es menor de 25 años,Hogar formado por pareja con hijos en donde algún hijo es menor de 25 años,3,Person_824|Person_825|Person_826,,apartments
HH_325,1 persona,Fortuna,Hogar con una mujer sola menor de 65 años,Hogar con una mujer sola menor de 65 años,1,Person_827,,semidetached_house
HH_326,2 personas,Carrascal,Hogar formado por pareja sin hijos,Hogar formado por pareja sin hijos,2,Person_828|Person_829,Madrid,city
HH_327,2 personas,Carrascal,Otro tipo de hogar,Otro tipo de hogar,2,Person_830|Person_831,Madrid,city
HH_328,1 persona,Sur,Hogar con un hombre solo menor de 65 años,Hogar con un hombre solo menor de 65 años,1,Person_832,,yes
HH_329,4 personas,Zarzaquemada,Hogar formado por pareja con hijos en donde algún hijo es menor de 25 años,Hogar formado por pareja con hijos en donde algún hijo es menor de 25 años,4,Person_833|Person_834|Person_835|Person_836,,residential
HH_330,3 personas,Carrascal,Hogar formado por pareja con hijos en donde algún hijo es menor de 25 años,Hogar formado por pareja con hijos en donde algún hijo es menor de 25 años,3,Person_837|Person_838|Person_839,,yes
HH_331,3 personas,Sur,Hogar formado por pareja con hijos en donde todos los hijos de 25 años o más,Hogar formado por pareja con hijos en donde todos los hijos de 25 años o más,3,Person_840|Person_841|Person_842,,apartments
HH_332,3 personas,Carrascal,Hogar formado por pareja con hijos en donde todos los hijos de 25 años o más,Hogar formado por pareja con hijos en donde todos los hijos de 25 años o más,3,Person_843|Person_844|Person_845,,house
HH_333,2 personas,Fortuna,Hogar formado por pareja sin hijos,Hogar formado por pareja sin hijos,2,Person_846|Person_847,,yes
HH_334,1 persona,Fortuna,Hogar con una mujer sola de 65 años o más,Hogar con una mujer sola de 65 años o más,1,Person_848,Madrid,city
HH_335,3 personas,San Nicasio,Hogar formado por pareja con hijos en donde algún hijo es menor de 25 años,Hogar formado por pareja con hijos en donde algún hijo es menor de 25 años,3,Person_849|Person_850|Person_851,,semidetached_house
HH_336,4 personas,San Nicasio,Hogar formado por pareja con hijos en donde algún hijo es menor de 25 años,Hogar formado por pareja con hijos en donde algún hijo es menor de 25 años,4,Person_852|Person_853|Person_854|Person_855,,semidetached_house
HH_337,3 personas,Zarzaquemada,Hogar formado por pareja con hijos en donde todos los hijos de 25 años o más,Hogar formado por pareja con hijos en donde todos los hijos de 25 años o más,3,Person_856|Person_857|Person_858,,residential
HH_338,1 persona,San Nicasio,Hogar con una mujer sola de 65 años o más,Hogar con una mujer sola de 65 años o más,1,Person_859,,residential
HH_339,2 personas,Carrascal,Hogar formado por pareja sin hijos,Hogar formado por pareja sin hijos,2,Person_860|Person_861,,semidetached_house
HH_340,4 personas,Zarzaquemada,Hogar formado por pareja con hijos en donde algún hijo es menor de 25 años,Hogar formado por pareja con hijos en donde algún hijo es menor de 25 años,4,Person_862|Person_863|Person_864|Person_865,Madrid,city
HH_341,5 o mas personas,Carrascal,Hogar con un solo progenitor que convive con algún hijo menor de 25 años,Hogar con un solo progenitor que convive con algún hijo menor de 25 años,5,Person_866|Person_867|Person_868|Person_869|Person_870,,semidetached_house
HH_342,4 personas,Carrascal,Hogar formado por pareja con hijos en donde algún hijo es menor de 25 años,Hogar formado por pareja con hijos en donde algún hijo es menor de 25 años,4,Person_871|Person_872|Person_873|Person_874,,yes
HH_343,2 personas,Polvoranca,Hogar formado por pareja sin hijos,Hogar formado por pareja sin hijos,2,Person_875|Person_876,Alcorcon,city
HH_344,2 personas,San Nicasio,Hogar formado por pareja sin hijos,Hogar formado por pareja sin hijos,2,Person_877|Person_878,,semidetached_house
HH_345,1 persona,San Nicasio,Hogar con un hombre solo menor de 65 años,Hogar con un hombre solo menor de 65 años,1,Person_879,,house
HH_346,3 personas,Fortuna,Hogar con un solo progenitor que convive con algún hijo menor de 25 años,Hogar con un solo progenitor que convive con algún hijo menor de 25 años,3,Person_880|Person_881|Person_882,,yes
HH_347,4 personas,Sur,Hogar formado por pareja con hijos en donde algún hijo es menor de 25 años,Hogar formado por pareja con hijos en donde algún hijo es menor de 25 años,4,Person_883|Person_884|Person_885|Person_886,Fuenlabrada,city
HH_348,3 personas,Zarzaquemada,Hogar formado por pareja con hijos en donde todos los hijos de 25 años o más,Hogar formado por pareja con hijos en donde todos los hijos de 25 años o más,3,Person_887|Person_888|Person_889,,residential
HH_349,3 personas,Carrascal,Hogar formado por pareja con hijos en donde todos los hijos de 25 años o más,Hogar formado por pareja con hijos en donde todos los hijos de 25 años o más,3,Person_890|Person_891|Person_892,Alcorcon,city
HH_350,2 personas,Fortuna,Hogar con un solo progenitor que convive con todos sus hijos de 25 años o más,Hogar con un solo progenitor que convive con todos sus hijos de 25 años o más,2,Person_893|Person_894,,yes
HH_351,1 persona,San Nicasio,Hogar con un hombre solo menor de 65 años,Hogar con un hombre solo menor de 65 años,1,Person_895,,yes
HH_352,2 personas,Polvoranca,Hogar formado por pareja sin hijos,Hogar formado por pareja sin hijos,2,Person_896|Person_897,,semidetached_house
HH_353,3 personas,Zarzaquemada,Hogar formado por pareja con hijos en donde todos los hijos de 25 años o más,Hogar formado por pareja con hijos en donde todos los hijos de 25 años o más,3,Person_898|Person_899|Person_900,,apartments
HH_354,4 personas,Sur,Otro tipo de hogar,Otro tipo de hogar,4,Person_901|Person_902|Person_903|Person_904,,apartments
HH_355,4 personas,San Nicasio,Hogar formado por pareja con hijos en donde algún hijo es menor de 25 años,Hogar formado por pareja con hijos en donde algún hijo es menor de 25 años,4,Person_905|Person_906|Person_907|Person_908,Madrid,city
HH_356,3 personas,Zarzaquemada,Hogar formado por pareja con hijos en donde algún hijo es menor de 25 años,Hogar formado por pareja con hijos en donde algún hijo es menor de 25 años,3,Person_909|Person_910|Person_911,,apartments
HH_357,3 personas,Carrascal,Otro tipo de hogar,Otro tipo de hogar,3,Person_912|Person_913|Person_914,Madrid,city
HH_358,1 persona,Zarzaquemada,Hogar con una mujer sola de 65 años o más,Hogar con una mujer sola de 65 años o más,1,Person_915,Fuenlabrada,city
HH_359,1 persona,Sur,Hogar con un hombre solo de 65 años o más,Hogar con un hombre solo de 65 años o más,1,Person_916,Madrid,city
HH_360,2 personas,Zarzaquemada,Hogar formado por pareja sin hijos,Hogar formado por pareja sin hijos,2,Person_917|Person_918,,residential
HH_361,5 o mas personas,San Nicasio,Hogar formado por pareja o un solo progenitor que convive con algún hijo menor de 25 años y otra(s) persona(s),Hogar formado por pareja o un solo progenitor que convive con algún hijo menor de 25 años y otra(s) persona(s),5,Person_919|Person_920|Person_921|Person_922|Person_923,,house
HH_362,2 personas,Polvoranca,Hogar con un solo progenitor que convive con algún hijo menor de 25 años,Hogar con un solo progenitor que convive con algún hijo menor de 25 años,2,Person_924|Person_925,,semidetached_house
HH_363,1 persona,Zarzaquemada,Hogar con un hombre solo menor de 65 años,Hogar con un hombre solo menor de 65 años,1,Person_926,,apartments
HH_364,1 persona,Sur,Hogar con un hombre solo menor de 65 años,Hogar con un hombre solo menor de 65 años,1,Person_927,,yes
HH_365,3 personas,Norte,Otro tipo de hogar,Otro tipo de hogar,3,Person_928|Person_929|Person_930,Madrid,city
HH_366,4 personas,Zarzaquemada,Hogar formado por pareja con hijos en donde algún hijo es menor de 25 años,Hogar formado por pareja con hijos en donde algún hijo es menor de 25 años,4,Person_931|Person_932|Person_933|Person_934,,residential
HH_367,1 persona,San Nicasio,Hogar con una mujer sola menor de 65 años,Hogar con una mujer sola menor de 65 años,1,Person_935,Tienda Tienda,yes
HH_368,3 personas,Carrascal,Otro tipo de hogar,Otro tipo de hogar,3,Person_936|Person_937|Person_938,,yes
HH_369,2 personas,Carrascal,Hogar formado por pareja sin hijos,Hogar formado por pareja sin hijos,2,Person_939|Person_940,,yes
HH_370,4 personas,Sur,Hogar formado por pareja con hijos en donde algún hijo es menor de 25 años,Hogar formado por pareja con hijos en donde algún hijo es menor de 25 años,4,Person_941|Person_942|Person_943|Person_944,,yes
HH_371,4 personas,Zarzaquemada,Hogar formado por pareja o un solo progenitor que convive con algún hijo menor de 25 años y otra(s) persona(s),Hogar formado por pareja o un solo progenitor que convive con algún hijo menor de 25 años y otra(s) persona(s),4,Person_945|Person_946|Person_947|Person_948,,residential
HH_372,4 personas,San Nicasio,Hogar formado por pareja con hijos en donde algún hijo es menor de 25 años,Hogar formado por pareja con hijos en donde algún hijo es menor de 25 años,4,Person_949|Person_950|Person_951|Person_952,Madrid,city
HH_373,2 personas,San Nicasio,Hogar formado por pareja sin hijos,Hogar formado por pareja sin hijos,2,Person_953|Person_954,Madrid,city
HH_374,2 personas,San Nicasio,Hogar formado por pareja sin hijos,Hogar formado por pareja sin hijos,2,Person_955|Person_956,Madrid,city
HH_375,4 personas,San Nicasio,Hogar formado por pareja con hijos en donde algún hijo es menor de 25 años,Hogar formado por pareja con hijos en donde algún hijo es menor de 25 años,4,Person_957|Person_958|Person_959|Person_960,,semidetached_house
HH_376,4 personas,Sur,Hogar formado por pareja o un solo progenitor que convive con algún hijo menor de 25 años y otra(s) persona(s),Hogar formado por pareja o un solo progenitor que convive con algún hijo menor de 25 años y otra(s) persona(s),4,Person_961|Person_962|Person_963|Person_964,Getafe norte,city
HH_377,1 persona,Zarzaquemada,Hogar con un hombre solo menor de 65 años,Hogar con un hombre solo menor de 65 años,1,Person_965,,apartments
HH_378,3 personas,Carrascal,Hogar con un solo progenitor que convive con todos sus hijos de 25 años o más,Hogar con un solo progenitor que convive con todos sus hijos de 25 años o más,3,Person_966|Person_967|Person_968,,apartments
HH_379,1 persona,Polvoranca,Hogar con una mujer sola menor de 65 años,Hogar con una mujer sola menor de 65 años,1,Person_969,,house
HH_380,2 personas,Norte,Hogar formado por pareja sin hijos,Hogar formado por pareja sin hijos,2,Person_970|Person_971,,apartments
HH_381,2 personas,Polvoranca,Hogar con un solo progenitor que convive con todos sus hijos de 25 años o más,Hogar con un solo progenitor que convive con todos sus hijos de 25 años o más,2,Person_972|Person_973,,apartments
HH_382,1 persona,Carrascal,Hogar con una mujer sola de 65 años o más,Hogar con una mujer sola de 65 años o más,1,Person_974,,yes
HH_383,3 personas,Sur,Hogar con un solo progenitor que convive con algún hijo menor de 25 años,Hogar con un solo progenitor que convive con algún hijo menor de 25 años,3,Person_975|Person_976|Person_977,Madrid,city
HH_384,2 personas,Zarzaquemada,Hogar formado por pareja sin hijos,Hogar formado por pareja sin hijos,2,Person_978|Person_979,,residential
HH_385,4 personas,Carrascal,Hogar formado por pareja con hijos en donde algún hijo es menor de 25 años,Hogar formado por pareja con hijos en donde algún hijo es menor de 25 años,4,Person_980|Person_981|Person_982|Person_983,,house
HH_386,2 personas,Norte,Hogar con un solo progenitor que convive con todos sus hijos de 25 años o más,Hogar con un solo progenitor que convive con todos sus hijos de 25 años o más,2,Person_984|Person_985,Madrid,city
HH_387,3 personas,Zarzaquemada,Hogar formado por pareja con hijos en donde algún hijo es menor de 25 años,Hogar formado por pareja con hijos en donde algún hijo es menor de 25 años,3,Person_986|Person_987|Person_988,,apartments
HH_388,2 personas,Zarzaquemada,Hogar formado por pareja sin hijos,Hogar formado por pareja sin hijos,2,Person_989|Person_990,,residential
HH_389,2 personas,Sur,Hogar formado por pareja sin hijos,Hogar formado por pareja sin hijos,2,Person_991|Person_992,,yes
HH_390,4 personas,San Nicasio,Hogar con un solo progenitor que convive con algún hijo menor de 25 años,Hogar con un solo progenitor que convive con algún hijo menor de 25 años,4,Person_993|Person_994|Person_995|Person_996,,semidetached_house
HH_391,3 personas,Zarzaquemada,Hogar formado por pareja con hijos en donde todos los hijos de 25 años o más,Hogar formado por pareja con hijos en donde todos los hijos de 25 años o más,3,Person_997|Person_998|Person_999,,apartments
HH_392,2 personas,Sur,Hogar formado por pareja sin hijos,Hogar formado por pareja sin hijos,2,Person_1000|Person_1001,,yes
HH_393,3 personas,Carrascal,Hogar formado por pareja con hijos en donde todos los hijos de 25 años o más,Hogar formado por pareja con hijos en donde todos los hijos de 25 años o más,3,Person_1002|Person_1003|Person_1004,,semidetached_house
HH_394,4 personas,San Nicasio,Hogar formado por pareja con hijos en donde algún hijo es menor de 25 años,Hogar formado por pareja con hijos en donde algún hijo es menor de 25 años,4,Person_1005|Person_1006|Person_1007|Person_1008,McFit,yes
HH_395,2 personas,Sur,Hogar formado por pareja sin hijos,Hogar formado por pareja sin hijos,2,Person_1009|Person_1010,Fuenlabrada,city
HH_396,5 o mas personas,Zarzaquemada,Hogar formado por pareja o un solo progenitor que convive con algún hijo menor de 25 años y otra(s) persona(s),Hogar formado por pareja o un solo progenitor que convive con algún hijo menor de 25 años y otra(s) persona(s),5,Person_1011|Person_1012|Person_1013|Person_1014|Person_1015,,residential
HH_397,4 personas,San Nicasio,Hogar formado por pareja con hijos en donde algún hijo es menor de 25 años,Hogar formado por pareja con hijos en donde algún hijo es menor de 25 años,4,Person_1016|Person_1017|Person_1018|Person_1019,,semidetached_house
HH_398,1 persona,Carrascal,Hogar con una mujer sola menor de 65 años,Hogar con una mujer sola menor de 65 años,1,Person_1020,,detached
HH_399,2 personas,Fortuna,Hogar formado por pareja sin hijos,Hogar formado por pareja sin hijos,2,Person_1021|Person_1022,,yes
HH_400,1 persona,Zarzaquemada,Hogar con una mujer sola menor de 65 años,Hogar con una mujer sola menor de 65 años,1,Person_1023,,apartments
HH_401,3 personas,Zarzaquemada,Hogar formado por pareja con hijos en donde algún hijo es menor de 25 años,Hogar formado por pareja con hijos en donde algún hijo es menor de 25 años,3,Person_1024|Person_1025|Person_1026,Madrid,city
HH_402,1 persona,Carrascal,Hogar con un hombre solo menor de 65 años,Hogar con un hombre solo menor de 65 años,1,Person_1027,Madrid,city
HH_403,3 personas,Norte,Hogar con un solo progenitor que convive con algún hijo menor de 25 años,Hogar con un solo progenitor que convive con algún hijo menor de 25 años,3,Person_1028|Person_1029|Person_1030,Getafe norte,city
HH_404,2 personas,Zarzaquemada,Hogar formado por pareja sin hijos,Hogar formado por pareja sin hijos,2,Person_1031|Person_1032,Fuenlabrada,city
HH_405,3 personas,San Nicasio,Hogar formado por pareja con hijos en donde algún hijo es menor de 25 años,Hogar formado por pareja con hijos en donde algún hijo es menor de 25 años,3,Person_1033|Person_1034|Person_1035,Mostoles,city
HH_406,3 personas,Fortuna,Hogar formado por pareja con hijos en donde algún hijo es menor de 25 años,Hogar formado por pareja con hijos en donde algún hijo es menor de 25 años,3,Person_1036|Person_1037|Person_1038,,terrace
HH_407,2 personas,Fortuna,Hogar formado por pareja sin hijos,Hogar formado por pareja sin hijos,2,Person_1039|Person_1040,,yes
HH_408,3 personas,Norte,Hogar formado por pareja con hijos en donde algún hijo es menor de 25 años,Hogar formado por pareja con hijos en donde algún hijo es menor de 25 años,3,Person_1041|Person_1042|Person_1043,,house
HH_409,4 personas,Zarzaquemada,Hogar formado por pareja con hijos en donde algún hijo es menor de 25 años,Hogar formado por pareja con hijos en donde algún hijo es menor de 25 años,4,Person_1044|Person_1045|Person_1046|Person_1047,,apartments
HH_410,2 personas,Norte,Hogar formado por pareja sin hijos,Hogar formado por pareja sin hijos,2,Person_1048|Person_1049,,apartments
HH_411,2 personas,Carrascal,Hogar formado por pareja sin hijos,Hogar formado por pareja sin hijos,2,Person_1050|Person_1051,,yes
HH_412,1 persona,Sur,Hogar con un hombre solo menor de 65 años,Hogar con un hombre solo menor de 65 años,1,Person_1052,,yes
HH_413,4 personas,Zarzaquemada,Hogar formado por pareja con hijos en donde algún hijo es menor de 25 años,Hogar formado por pareja con hijos en donde algún hijo es menor de 25 años,4,Person_1053|Person_1054|Person_1055|Person_1056,,apartments
HH_414,4 personas,Zarzaquemada,Hogar formado por pareja con hijos en donde algún hijo es menor de 25 años,Hogar formado por pareja con hijos en donde algún hijo es menor de 25 años,4,Person_1057|Person_1058|Person_1059|Person_1060,,apartments
HH_415,4 personas,Sur,Hogar formado por pareja con hijos en donde algún hijo es menor de 25 años,Hogar formado por pareja con hijos en donde algún hijo es menor de 25 años,4,Person_1061|Person_1062|Person_1063|Person_1064,,yes
HH_416,2 personas,Norte,Hogar formado por pareja sin hijos,Hogar formado por pareja sin hijos,2,Person_1065|Person_1066,,apartments
HH_417,4 personas,Sur,Hogar formado por pareja con hijos en donde algún hijo es menor de 25 años,Hogar formado por pareja con hijos en donde algún hijo es menor de 25 años,4,Person_1067|Person_1068|Person_1069|Person_1070,Madrid,city
HH_418,3 personas,Carrascal,Hogar con un solo progenitor que convive con algún hijo menor de 25 años,Hogar con un solo progenitor que convive con algún hijo menor de 25 años,3,Person_1071|Person_1072|Person_1073,,yes
HH_419,4 personas,Zarzaquemada,Hogar formado por pareja con hijos en donde algún hijo es menor de 25 años,Hogar formado por pareja con hijos en donde algún hijo es menor de 25 años,4,Person_1074|Person_1075|Person_1076|Person_1077,Madrid,city
HH_420,2 personas,Carrascal,Hogar con un solo progenitor que convive con algún hijo menor de 25 años,Hogar con un solo progenitor que convive con algún hijo menor de 25 años,2,Person_1078|Person_1079,Fuenlabrada,city
HH_421,2 personas,San Nicasio,Hogar formado por pareja sin hijos,Hogar formado por pareja sin hijos,2,Person_1080|Person_1081,JYSK,yes
HH_422,2 personas,Norte,Hogar con un solo progenitor que convive con todos sus hijos de 25 años o más,Hogar con un solo progenitor que convive con todos sus hijos de 25 años o más,2,Person_1082|Person_1083,Getafe norte,city
HH_423,1 persona,Zarzaquemada,Hogar con una mujer sola menor de 65 años,Hogar con una mujer sola menor de 65 años,1,Person_1084,Getafe norte,city
HH_424,1 persona,Zarzaquemada,Hogar con una mujer sola menor de 65 años,Hogar con una mujer sola menor de 65 años,1,Person_1085,Mostoles,city
HH_425,2 personas,Norte,Hogar con un solo progenitor que convive con algún hijo menor de 25 años,Hogar con un solo progenitor que convive con algún hijo menor de 25 años,2,Person_1086|Person_1087,,apartments
HH_426,3 personas,San Nicasio,Hogar formado por pareja con hijos en donde todos los hijos de 25 años o más,Hogar formado por pareja con hijos en donde todos los hijos de 25 años o más,3,Person_1088|Person_1089|Person_1090,,semidetached_house
HH_427,2 personas,Carrascal,Hogar formado por pareja sin hijos,Hogar formado por pareja sin hijos,2,Person_1091|Person_1092,,apartments
HH_428,5 o mas personas,Carrascal,Hogar formado por pareja o un solo progenitor que convive con algún hijo menor de 25 años y otra(s) persona(s),Hogar formado por pareja o un solo progenitor que convive con algún hijo menor de 25 años y otra(s) persona(s),5,Person_1093|Person_1094|Person_1095|Person_1096|Person_1097,Fuenlabrada,city
HH_429,3 personas,Zarzaquemada,Hogar con un solo progenitor que convive con algún hijo menor de 25 años,Hogar con un solo progenitor que convive con algún hijo menor de 25 años,3,Person_1098|Person_1099|Person_1100,,apartments
HH_430,4 personas,Carrascal,Hogar formado por pareja con hijos en donde algún hijo es menor de 25 años,Hogar formado por pareja con hijos en donde algún hijo es menor de 25 años,4,Person_1101|Person_1102|Person_1103|Person_1104,Getafe norte,city
HH_431,2 personas,Zarzaquemada,Hogar formado por pareja sin hijos,Hogar formado por pareja sin hijos,2,Person_1105|Person_1106,,apartments
HH_432,2 personas,Zarzaquemada,Hogar con un solo progenitor que convive con algún hijo menor de 25 años,Hogar con un solo progenitor que convive con algún hijo menor de 25 años,2,Person_1107|Person_1108,,residential
HH_433,2 personas,San Nicasio,Hogar formado por pareja sin hijos,Hogar formado por pareja sin hijos,2,Person_1109|Person_1110,,semidetached_house
HH_434,2 personas,Carrascal,Hogar con un solo progenitor que convive con todos sus hijos de 25 años o más,Hogar con un solo progenitor que convive con todos sus hijos de 25 años o más,2,Person_1111|Person_1112,,apartments
HH_435,3 personas,Zarzaquemada,Hogar formado por pareja con hijos en donde todos los hijos de 25 años o más,Hogar formado por pareja con hijos en donde todos los hijos de 25 años o más,3,Person_1113|Person_1114|Person_1115,,yes
HH_436,3 personas,Zarzaquemada,Hogar con un solo progenitor que convive con algún hijo menor de 25 años,Hogar con un solo progenitor que convive con algún hijo menor de 25 años,3,Person_1116|Person_1117|Person_1118,,apartments
HH_437,1 persona,San Nicasio,Hogar con una mujer sola de 65 años o más,Hogar con una mujer sola de 65 años o más,1,Person_1119,,yes
HH_438,3 personas,Sur,Hogar formado por pareja con hijos en donde algún hijo es menor de 25 años,Hogar formado por pareja con hijos en donde algún hijo es menor de 25 años,3,Person_1120|Person_1121|Person_1122,,yes
HH_439,3 personas,Carrascal,Hogar con un solo progenitor que convive con algún hijo menor de 25 años,Hogar con un solo progenitor que convive con algún hijo menor de 25 años,3,Person_1123|Person_1124|Person_1125,Mostoles,city
HH_440,2 personas,Carrascal,Hogar formado por pareja sin hijos,Hogar formado por pareja sin hijos,2,Person_1126|Person_1127,Fuenlabrada,city
HH_441,3 personas,Zarzaquemada,Hogar formado por pareja con hijos en donde algún hijo es menor de 25 años,Hogar formado por pareja con hijos en donde algún hijo es menor de 25 años,3,Person_1128|Person_1129|Person_1130,,apartments
HH_442,4 personas,San Nicasio,Hogar con un solo progenitor que convive con algún hijo menor de 25 años,Hogar con un solo progenitor que convive con algún hijo menor de 25 años,4,Person_1131|Person_1132|Person_1133|Person_1134,,semidetached_house
HH_443,4 personas,San Nicasio,Hogar formado por pareja con hijos en donde algún hijo es menor de 25 años,Hogar formado por pareja con hijos en donde algún hijo es menor de 25 años,4,Person_1135|Person_1136|Person_1137|Person_1138,Fuenlabrada,city
HH_444,4 personas,Zarzaquemada,Hogar formado por pareja con hijos en donde algún hijo es menor de 25 años,Hogar formado por pareja con hijos en donde algún hijo es menor de 25 años,4,Person_1139|Person_1140|Person_1141|Person_1142,Madrid,city
HH_445,2 personas,Carrascal,Hogar con un solo progenitor que convive con todos sus hijos de 25 años o más,Hogar con un solo progenitor que convive con todos sus hijos de 25 años o más,2,Person_1143|Person_1144,Fuenlabrada,city
HH_446,1 persona,Norte,Hogar con una mujer sola menor de 65 años,Hogar con una mujer sola menor de 65 años,1,Person_1145,Madrid,city
HH_447,4 personas,Zarzaquemada,Hogar formado por pareja con hijos en donde algún hijo es menor de 25 años,Hogar formado por pareja con hijos en donde algún hijo es menor de 25 años,4,Person_1146|Person_1147|Person_1148|Person_1149,Madrid,city
HH_448,2 personas,Sur,Hogar formado por pareja sin hijos,Hogar formado por pareja sin hijos,2,Person_1150|Person_1151,,yes
HH_449,5 o mas personas,San Nicasio,Hogar formado por pareja con hijos en donde algún hijo es menor de 25 años,Hogar formado por pareja con hijos en donde algún hijo es menor de 25 años,5,Person_1152|Person_1153|Person_1154|Person_1155|Person_1156,,semidetached_house
HH_450,2 personas,Norte,Hogar con un solo progenitor que convive con algún hijo menor de 25 años,Hogar con un solo progenitor que convive con algún hijo menor de 25 años,2,Person_1157|Person_1158,,apartments
HH_451,1 persona,Carrascal,Hogar con un hombre solo de 65 años o más,Hogar con un hombre solo de 65 años o más,1,Person_1159,Changó,yes
HH_452,2 personas,Carrascal,Hogar formado por pareja sin hijos,Hogar formado por pareja sin hijos,2,Person_1160|Person_1161,,apartments
HH_453,1 persona,San Nicasio,Hogar con una mujer sola de 65 años o más,Hogar con una mujer sola de 65 años o más,1,Person_1162,Madrid,city
HH_454,1 persona,Zarzaquemada,Hogar con una mujer sola menor de 65 años,Hogar con una mujer sola menor de 65 años,1,Person_1163,,yes
HH_455,3 personas,Carrascal,Hogar formado por pareja con hijos en donde todos los hijos de 25 años o más,Hogar formado por pareja con hijos en donde todos los hijos de 25 años o más,3,Person_1164|Person_1165|Person_1166,Madrid,city
HH_456,5 o mas personas,Sur,Hogar formado por pareja con hijos en donde algún hijo es menor de 25 años,Hogar formado por pareja con hijos en donde algún hijo es menor de 25 años,5,Person_1167|Person_1168|Person_1169|Person_1170|Person_1171,Madrid,city
HH_457,4 personas,Zarzaquemada,Hogar formado por pareja con hijos en donde algún hijo es menor de 25 años,Hogar formado por pareja con hijos en donde algún hijo es menor de 25 años,4,Person_1172|Person_1173|Person_1174|Person_1175,,residential
HH_458,3 personas,Carrascal,Hogar formado por pareja con hijos en donde todos los hijos de 25 años o más,Hogar formado por pareja con hijos en donde todos los hijos de 25 años o más,3,Person_1176|Person_1177|Person_1178,,apartments
HH_459,1 persona,Polvoranca,Hogar con una mujer sola menor de 65 años,Hogar con una mujer sola menor de 65 años,1,Person_1179,Fuenlabrada,city
HH_460,3 personas,Zarzaquemada,Hogar formado por pareja con hijos en donde algún hijo es menor de 25 años,Hogar formado por pareja con hijos en donde algún hijo es menor de 25 años,3,Person_1180|Person_1181|Person_1182,Fuenlabrada,city
HH_461,3 personas,Zarzaquemada,Hogar formado por pareja con hijos en donde algún hijo es menor de 25 años,Hogar formado por pareja con hijos en donde algún hijo es menor de 25 años,3,Person_1183|Person_1184|Person_1185,Mostoles,city
HH_462,3 personas,Norte,Hogar formado por pareja con hijos en donde todos los hijos de 25 años o más,Hogar formado por pareja con hijos en donde todos los hijos de 25 años o más,3,Person_1186|Person_1187|Person_1188,Mostoles,city
HH_463,3 personas,Carrascal,Otro tipo de hogar,Otro tipo de hogar,3,Person_1189|Person_1190|Person_1191,,semidetached_house
HH_464,3 personas,Carrascal,Hogar formado por pareja con hijos en donde todos los hijos de 25 años o más,Hogar formado por pareja con hijos en donde todos los hijos de 25 años o más,3,Person_1192|Person_1193|Person_1194,,yes
HH_465,2 personas,San Nicasio,Hogar con un solo progenitor que convive con todos sus hijos de 25 años o más,Hogar con un solo progenitor que convive con todos sus hijos de 25 años o más,2,Person_1195|Person_1196,Alcorcon,city
HH_466,1 persona,San Nicasio,Hogar con una mujer sola de 65 años o más,Hogar con una mujer sola de 65 años o más,1,Person_1197,,yes
HH_467,3 personas,San Nicasio,Otro tipo de hogar,Otro tipo de hogar,3,Person_1198|Person_1199|Person_1200,,semidetached_house
HH_468,2 personas,Carrascal,Hogar formado por pareja sin hijos,Hogar formado por pareja sin hijos,2,Person_1201|Person_1202,,semidetached_house
HH_469,2 personas,Carrascal,Hogar formado por pareja sin hijos,Hogar formado por pareja sin hijos,2,Person_1203|Person_1204,Madrid,city
HH_470,2 personas,Zarzaquemada,Hogar formado por pareja sin hijos,Hogar formado por pareja sin hijos,2,Person_1205|Person_1206,,apartments
HH_471,3 personas,Zarzaquemada,Hogar formado por pareja con hijos en donde todos los hijos de 25 años o más,Hogar formado por pareja con hijos en donde todos los hijos de 25 años o más,3,Person_1207|Person_1208|Person_1209,,yes
HH_472,4 personas,Carrascal,Hogar formado por pareja con hijos en donde algún hijo es menor de 25 años,Hogar formado por pareja con hijos en donde algún hijo es menor de 25 años,4,Person_1210|Person_1211|Person_1212|Person_1213,,semidetached_house
HH_473,3 personas,Fortuna,Hogar formado por pareja con hijos en donde algún hijo es menor de 25 años,Hogar formado por pareja con hijos en donde algún hijo es menor de 25 años,3,Person_1214|Person_1215|Person_1216,,semidetached_house
HH_474,1 persona,Zarzaquemada,Hogar con una mujer sola menor de 65 años,Hogar con una mujer sola menor de 65 años,1,Person_1217,,apartments
HH_475,1 persona,Carrascal,Hogar con un hombre solo menor de 65 años,Hogar con un hombre solo menor de 65 años,1,Person_1218,,house
HH_476,4 personas,Carrascal,Hogar formado por pareja con hijos en donde algún hijo es menor de 25 años,Hogar formado por pareja con hijos en donde algún hijo es menor de 25 años,4,Person_1219|Person_1220|Person_1221|Person_1222,Fuenlabrada,city
HH_477,2 personas,Sur,Hogar formado por pareja sin hijos,Hogar formado por pareja sin hijos,2,Person_1223|Person_1224,,yes
HH_478,2 personas,Carrascal,Hogar formado por pareja sin hijos,Hogar formado por pareja sin hijos,2,Person_1225|Person_1226,,yes
HH_479,2 personas,Zarzaquemada,Hogar formado por pareja sin hijos,Hogar formado por pareja sin hijos,2,Person_1227|Person_1228,Madrid,city
HH_480,3 personas,Carrascal,Hogar formado por pareja o un solo progenitor que convive con algún hijo menor de 25 años y otra(s) persona(s),Hogar formado por pareja o un solo progenitor que convive con algún hijo menor de 25 años y otra(s) persona(s),3,Person_1229|Person_1230|Person_1231,,residential
HH_481,3 personas,Polvoranca,Hogar formado por pareja con hijos en donde algún hijo es menor de 25 años,Hogar formado por pareja con hijos en donde algún hijo es menor de 25 años,3,Person_1232|Person_1233|Person_1234,Madrid,city
HH_482,3 personas,Fortuna,Otro tipo de hogar,Otro tipo de hogar,3,Person_1235|Person_1236|Person_1237,,yes
HH_483,1 persona,Sur,Hogar con un hombre solo menor de 65 años,Hogar con un hombre solo menor de 65 años,1,Person_1238,Madrid,city
HH_484,3 personas,Carrascal,Hogar formado por pareja con hijos en donde algún hijo es menor de 25 años,Hogar formado por pareja con hijos en donde algún hijo es menor de 25 años,3,Person_1239|Person_1240|Person_1241,,semidetached_house
HH_485,4 personas,Sur,Hogar formado por pareja con hijos en donde algún hijo es menor de 25 años,Hogar formado por pareja con hijos en donde algún hijo es menor de 25 años,4,Person_1242|Person_1243|Person_1244|Person_1245,,residential
HH_486,2 personas,San Nicasio,Otro tipo de hogar,Otro tipo de hogar,2,Person_1246|Person_1247,,yes
HH_487,2 personas,San Nicasio,Hogar formado por pareja sin hijos,Hogar formado por pareja sin hijos,2,Person_1248|Person_1249,,semidetached_house
HH_488,3 personas,Sur,Hogar formado por pareja con hijos en donde algún hijo es menor de 25 años,Hogar formado por pareja con hijos en donde algún hijo es menor de 25 años,3,Person_1250|Person_1251|Person_1252,,apartments
HH_489,2 personas,Fortuna,Hogar formado por pareja sin hijos,Hogar formado por pareja sin hijos,2,Person_1253|Person_1254,Fuenlabrada,city
HH_490,3 personas,Zarzaquemada,Hogar formado por pareja con hijos en donde todos los hijos de 25 años o más,Hogar formado por pareja con hijos en donde todos los hijos de 25 años o más,3,Person_1255|Person_1256|Person_1257,Alcorcon,city
HH_491,3 personas,Sur,Otro tipo de hogar,Otro tipo de hogar,3,Person_1258|Person_1259|Person_1260,,yes
HH_492,1 persona,Sur,Hogar con una mujer sola de 65 años o más,Hogar con una mujer sola de 65 años o más,1,Person_1261,Madrid,city
HH_493,2 personas,Sur,Hogar formado por pareja sin hijos,Hogar formado por pareja sin hijos,2,Person_1262|Person_1263,Alcorcon,city
HH_494,2 personas,Fortuna,Hogar con un solo progenitor que convive con todos sus hijos de 25 años o más,Hogar con un solo progenitor que convive con todos sus hijos de 25 años o más,2,Person_1264|Person_1265,Madrid,city
HH_495,2 personas,Polvoranca,Otro tipo de hogar,Otro tipo de hogar,2,Person_1266|Person_1267,,semidetached_house
HH_496,2 personas,Zarzaquemada,Hogar con un solo progenitor que convive con algún hijo menor de 25 años,Hogar con un solo progenitor que convive con algún hijo menor de 25 años,2,Person_1268|Person_1269,,residential
HH_497,2 personas,Zarzaquemada,Hogar formado por pareja sin hijos,Hogar formado por pareja sin hijos,2,Person_1270|Person_1271,,residential
HH_498,3 personas,Polvoranca,Hogar formado por pareja con hijos en donde algún hijo es menor de 25 años,Hogar formado por pareja con hijos en donde algún hijo es menor de 25 años,3,Person_1272|Person_1273|Person_1274,Madrid,city
HH_499,4 personas,San Nicasio,Hogar formado por pareja con hijos en donde algún hijo es menor de 25 años,Hogar formado por pareja con hijos en donde algún hijo es menor de 25 años,4,Person_1275|Person_1276|Person_1277|Person_1278,,house
HH_500,4 personas,Sur,Hogar formado por pareja con hijos en donde algún hijo es menor de 25 años,Hogar formado por pareja con hijos en donde algún hijo es menor de 25 años,4,Person_1279|Person_1280|Person_1281|Person_1282,,apartments
HH_501,4 personas,Polvoranca,Hogar formado por pareja con hijos en donde algún hijo es menor de 25 años,Hogar formado por pareja con hijos en donde algún hijo es menor de 25 años,4,Person_1283|Person_1284|Person_1285|Person_1286,,semidetached_house
HH_502,1 persona,Zarzaquemada,Hogar con una mujer sola menor de 65 años,Hogar con una mujer sola menor de 65 años,1,Person_1287,,apartments
HH_503,3 personas,Zarzaquemada,Hogar formado por pareja con hijos en donde todos los hijos de 25 años o más,Hogar formado por pareja con hijos en donde todos los hijos de 25 años o más,3,Person_1288|Person_1289|Person_1290,Fuenlabrada,city
HH_504,3 personas,Polvoranca,Hogar formado por pareja con hijos en donde algún hijo es menor de 25 años,Hogar formado por pareja con hijos en donde algún hijo es menor de 25 años,3,Person_1291|Person_1292|Person_1293,Madrid,city
HH_505,3 personas,Zarzaquemada,Hogar formado por pareja con hijos en donde todos los hijos de 25 años o más,Hogar formado por pareja con hijos en donde todos los hijos de 25 años o más,3,Person_1294|Person_1295|Person_1296,Fuenlabrada,city
HH_506,3 personas,Sur,Hogar formado por pareja con hijos en donde todos los hijos de 25 años o más,Hogar formado por pareja con hijos en donde todos los hijos de 25 años o más,3,Person_1297|Person_1298|Person_1299,,yes
HH_507,3 personas,Carrascal,Hogar formado por pareja con hijos en donde todos los hijos de 25 años o más,Hogar formado por pareja con hijos en donde todos los hijos de 25 años o más,3,Person_1300|Person_1301|Person_1302,Madrid,city
HH_508,3 personas,Zarzaquemada,Hogar formado por pareja con hijos en donde algún hijo es menor de 25 años,Hogar formado por pareja con hijos en donde algún hijo es menor de 25 años,3,Person_1303|Person_1304|Person_1305,,apartments
HH_509,2 personas,Polvoranca,Hogar formado por pareja sin hijos,Hogar formado por pareja sin hijos,2,Person_1306|Person_1307,Madrid,city
HH_510,1 persona,Sur,Hogar con una mujer sola menor de 65 años,Hogar con una mujer sola menor de 65 años,1,Person_1308,,apartments
HH_511,1 persona,Zarzaquemada,Hogar con una mujer sola menor de 65 años,Hogar con una mujer sola menor de 65 años,1,Person_1309,Fuenlabrada,city
HH_512,4 personas,Zarzaquemada,Hogar formado por pareja con hijos en donde algún hijo es menor de 25 años,Hogar formado por pareja con hijos en donde algún hijo es menor de 25 años,4,Person_1310|Person_1311|Person_1312|Person_1313,,apartments
HH_513,4 personas,San Nicasio,Hogar formado por pareja con hijos en donde todos los hijos de 25 años o más,Hogar formado por pareja con hijos en donde todos los hijos de 25 años o más,4,Person_1314|Person_1315|Person_1316|Person_1317,,semidetached_house
HH_514,3 personas,Fortuna,Hogar formado por pareja con hijos en donde todos los hijos de 25 años o más,Hogar formado por pareja con hijos en donde todos los hijos de 25 años o más,3,Person_1318|Person_1319|Person_1320,,yes
HH_515,1 persona,Carrascal,Hogar con un hombre solo de 65 años o más,Hogar con un hombre solo de 65 años o más,1,Person_1321,,apartments
HH_516,2 personas,San Nicasio,Hogar formado por pareja sin hijos,Hogar formado por pareja sin hijos,2,Person_1322|Person_1323,,house
HH_517,4 personas,Sur,Hogar formado por pareja con hijos en donde algún hijo es menor de 25 años,Hogar formado por pareja con hijos en donde algún hijo es menor de 25 años,4,Person_1324|Person_1325|Person_1326|Person_1327,Madrid,city
HH_518,4 personas,Sur,Hogar formado por pareja con hijos en donde algún hijo es menor de 25 años,Hogar formado por pareja con hijos en donde algún hijo es menor de 25 años,4,Person_1328|Person_1329|Person_1330|Person_1331,Fuenlabrada,city
HH_519,3 personas,Carrascal,Otro tipo de hogar,Otro tipo de hogar,3,Person_1332|Person_1333|Person_1334,,yes
HH_520,2 personas,Carrascal,Hogar formado por pareja sin hijos,Hogar formado por pareja sin hijos,2,Person_1335|Person_1336,,yes
HH_521,2 personas,Polvoranca,Hogar formado por pareja sin hijos,Hogar formado por pareja sin hijos,2,Person_1337|Person_1338,,semidetached_house
HH_522,2 personas,Carrascal,Otro tipo de hogar,Otro tipo de hogar,2,Person_1339|Person_1340,Madrid,city
HH_523,3 personas,Carrascal,Hogar formado por pareja con hijos en donde todos los hijos de 25 años o más,Hogar formado por pareja con hijos en donde todos los hijos de 25 años o más,3,Person_1341|Person_1342|Person_1343,Getafe norte,city
HH_524,1 persona,Carrascal,Hogar con una mujer sola de 65 años o más,Hogar con una mujer sola de 65 años o más,1,Person_1344,Madrid,city
HH_525,2 personas,Zarzaquemada,Hogar formado por pareja sin hijos,Hogar formado por pareja sin hijos,2,Person_1345|Person_1346,,residential
HH_526,2 personas,San Nicasio,Hogar formado por pareja sin hijos,Hogar formado por pareja sin hijos,2,Person_1347|Person_1348,Madrid,city
HH_527,4 personas,Sur,Hogar formado por pareja con hijos en donde algún hijo es menor de 25 años,Hogar formado por pareja con hijos en donde algún hijo es menor de 25 años,4,Person_1349|Person_1350|Person_1351|Person_1352,,yes
HH_528,3 personas,Carrascal,Hogar formado por pareja con hijos en donde algún hijo es menor de 25 años,Hogar formado por pareja con hijos en donde algún hijo es menor de 25 años,3,Person_1353|Person_1354|Person_1355,,apartments
HH_529,2 personas,Sur,Hogar formado por pareja sin hijos,Hogar formado por pareja sin hijos,2,Person_1356|Person_1357,,yes
HH_530,1 persona,Sur,Hogar con un hombre solo menor de 65 años,Hogar con un hombre solo menor de 65 años,1,Person_1358,Madrid,city
HH_531,1 persona,Carrascal,Hogar con una mujer sola de 65 años o más,Hogar con una mujer sola de 65 años o más,1,Person_1359,,apartments
HH_532,4 personas,Zarzaquemada,Hogar formado por pareja con hijos en donde algún hijo es menor de 25 años,Hogar formado por pareja con hijos en donde algún hijo es menor de 25 años,4,Person_1360|Person_1361|Person_1362|Person_1363,Madrid,city
HH_533,3 personas,Fortuna,Otro tipo de hogar,Otro tipo de hogar,3,Person_1364|Person_1365|Person_1366,,semidetached_house
HH_534,3 personas,Sur,Hogar formado por pareja con hijos en donde algún hijo es menor de 25 años,Hogar formado por pareja con hijos en donde algún hijo es menor de 25 años,3,Person_1367|Person_1368|Person_1369,,yes
HH_535,2 personas,Norte,Hogar formado por pareja sin hijos,Hogar formado por pareja sin hijos,2,Person_1370|Person_1371,,apartments
HH_536,1 persona,San Nicasio,Hogar con un hombre solo menor de 65 años,Hogar con un hombre solo menor de 65 años,1,Person_1372,,semidetached_house
HH_537,3 personas,Zarzaquemada,Hogar formado por pareja con hijos en donde algún hijo es menor de 25 años,Hogar formado por pareja con hijos en donde algún hijo es menor de 25 años,3,Person_1373|Person_1374|Person_1375,Mostoles,city
HH_538,1 persona,Polvoranca,Hogar con una mujer sola de 65 años o más,Hogar con una mujer sola de 65 años o más,1,Person_1376,Madrid,city
HH_539,1 persona,Norte,Hogar con una mujer sola de 65 años o más,Hogar con una mujer sola de 65 años o más,1,Person_1377,,yes
HH_540,1 persona,Carrascal,Hogar con una mujer sola de 65 años o más,Hogar con una mujer sola de 65 años o más,1,Person_1378,,apartments
HH_541,4 personas,San Nicasio,Hogar formado por pareja con hijos en donde algún hijo es menor de 25 años,Hogar formado por pareja con hijos en donde algún hijo es menor de 25 años,4,Person_1379|Person_1380|Person_1381|Person_1382,,semidetached_house
HH_542,1 persona,Sur,Hogar con un hombre solo menor de 65 años,Hogar con un hombre solo menor de 65 años,1,Person_1383,Getafe norte,city
HH_543,1 persona,Norte,Hogar con un hombre solo de 65 años o más,Hogar con un hombre solo de 65 años o más,1,Person_1384,,residential
HH_544,3 personas,Zarzaquemada,Hogar formado por pareja con hijos en donde todos los hijos de 25 años o más,Hogar formado por pareja con hijos en donde todos los hijos de 25 años o más,3,Person_1385|Person_1386|Person_1387,,yes
HH_545,2 personas,San Nicasio,Hogar formado por pareja sin hijos,Hogar formado por pareja sin hijos,2,Person_1388|Person_1389,Fuenlabrada,city
HH_546,4 personas,Sur,Hogar formado por pareja o un solo progenitor que convive con algún hijo menor de 25 años y otra(s) persona(s),Hogar formado por pareja o un solo progenitor que convive con algún hijo menor de 25 años y otra(s) persona(s),4,Person_1390|Person_1391|Person_1392|Person_1393,Getafe norte,city
HH_547,1 persona,Sur,Hogar con una mujer sola de 65 años o más,Hogar con una mujer sola de 65 años o más,1,Person_1394,Fuenlabrada,city
HH_548,1 persona,Zarzaquemada,Hogar con una mujer sola de 65 años o más,Hogar con una mujer sola de 65 años o más,1,Person_1395,Madrid,city
HH_549,3 personas,San Nicasio,Hogar formado por pareja con hijos en donde algún hijo es menor de 25 años,Hogar formado por pareja con hijos en donde algún hijo es menor de 25 años,3,Person_1396|Person_1397|Person_1398,,semidetached_house
HH_550,5 o mas personas,San Nicasio,Hogar formado por pareja o un solo progenitor que convive con algún hijo menor de 25 años y otra(s) persona(s),Hogar formado por pareja o un solo progenitor que convive con algún hijo menor de 25 años y otra(s) persona(s),5,Person_1399|Person_1400|Person_1401|Person_1402|Person_1403,Alcorcon,city
HH_551,1 persona,Polvoranca,Hogar con una mujer sola de 65 años o más,Hogar con una mujer sola de 65 años o más,1,Person_1404,Madrid,city
HH_552,5 o mas personas,San Nicasio,Hogar formado por pareja con hijos en donde algún hijo es menor de 25 años,Hogar formado por pareja con hijos en donde algún hijo es menor de 25 años,5,Person_1405|Person_1406|Person_1407|Person_1408|Person_1409,,house
HH_553,5 o mas personas,Carrascal,Hogar formado por pareja o un solo progenitor que convive con algún hijo menor de 25 años y otra(s) persona(s),Hogar formado por pareja o un solo progenitor que convive con algún hijo menor de 25 años y otra(s) persona(s),5,Person_1410|Person_1411|Person_1412|Person_1413|Person_1414,Makro Leganés,yes
HH_554,2 personas,Polvoranca,Hogar con un solo progenitor que convive con todos sus hijos de 25 años o más,Hogar con un solo progenitor que convive con todos sus hijos de 25 años o más,2,Person_1415|Person_1416,Madrid,city
HH_555,5 o mas personas,Fortuna,Hogar formado por pareja o un solo progenitor que convive con algún hijo menor de 25 años y otra(s) persona(s),Hogar formado por pareja o un solo progenitor que convive con algún hijo menor de 25 años y otra(s) persona(s),5,Person_1417|Person_1418|Person_1419|Person_1420|Person_1421,,yes
HH_556,3 personas,Sur,Hogar formado por pareja con hijos en donde algún hijo es menor de 25 años,Hogar formado por pareja con hijos en donde algún hijo es menor de 25 años,3,Person_1422|Person_1423|Person_1424,,yes
HH_557,1 persona,Zarzaquemada,Hogar con un hombre solo de 65 años o más,Hogar con un hombre solo de 65 años o más,1,Person_1425,,apartments
HH_558,2 personas,Norte,Hogar formado por pareja sin hijos,Hogar formado por pareja sin hijos,2,Person_1426|Person_1427,Fuenlabrada,city
HH_559,1 persona,Polvoranca,Hogar con una mujer sola menor de 65 años,Hogar con una mujer sola menor de 65 años,1,Person_1428,,apartments
HH_560,4 personas,Norte,Hogar formado por pareja o un solo progenitor que convive con algún hijo menor de 25 años y otra(s) persona(s),Hogar formado por pareja o un solo progenitor que convive con algún hijo menor de 25 años y otra(s) persona(s),4,Person_1429|Person_1430|Person_1431|Person_1432,,apartments
HH_561,2 personas,Zarzaquemada,Otro tipo de hogar,Otro tipo de hogar,2,Person_1433|Person_1434,,apartments
HH_562,3 personas,Zarzaquemada,Hogar formado por pareja con hijos en donde algún hijo es menor de 25 años,Hogar formado por pareja con hijos en donde algún hijo es menor de 25 años,3,Person_1435|Person_1436|Person_1437,,apartments
HH_563,1 persona,Zarzaquemada,Hogar con una mujer sola de 65 años o más,Hogar con una mujer sola de 65 años o más,1,Person_1438,,residential
HH_564,3 personas,Carrascal,Hogar formado por pareja con hijos en donde algún hijo es menor de 25 años,Hogar formado por pareja con hijos en donde algún hijo es menor de 25 años,3,Person_1439|Person_1440|Person_1441,,apartments
HH_565,3 personas,Zarzaquemada,Hogar con un solo progenitor que convive con algún hijo menor de 25 años,Hogar con un solo progenitor que convive con algún hijo menor de 25 años,3,Person_1442|Person_1443|Person_1444,,apartments
HH_566,1 persona,San Nicasio,Hogar con una mujer sola menor de 65 años,Hogar con una mujer sola menor de 65 años,1,Person_1445,Fuenlabrada,city
HH_567,5 o mas personas,Zarzaquemada,Hogar formado por pareja con hijos en donde algún hijo es menor de 25 años,Hogar formado por pareja con hijos en donde algún hijo es menor de 25 años,5,Person_1446|Person_1447|Person_1448|Person_1449|Person_1450,,residential
HH_568,3 personas,Zarzaquemada,Hogar formado por pareja con hijos en donde algún hijo es menor de 25 años,Hogar formado por pareja con hijos en donde algún hijo es menor de 25 años,3,Person_1451|Person_1452|Person_1453,,residential
HH_569,3 personas,Zarzaquemada,Hogar formado por pareja con hijos en donde algún hijo es menor de 25 años,Hogar formado por pareja con hijos en donde algún hijo es menor de 25 años,3,Person_1454|Person_1455|Person_1456,,apartments
HH_570,5 o mas personas,Norte,Hogar formado por pareja o un solo progenitor que convive con algún hijo menor de 25 años y otra(s) persona(s),Hogar formado por pareja o un solo progenitor que convive con algún hijo menor de 25 años y otra(s) persona(s),5,Person_1457|Person_1458|Person_1459|Person_1460|Person_1461,,apartments
HH_571,3 personas,Zarzaquemada,Hogar formado por pareja con hijos en donde todos los hijos de 25 años o más,Hogar formado por pareja con hijos en donde todos los hijos de 25 años o más,3,Person_1462|Person_1463|Person_1464,Madrid,city
HH_572,3 personas,Carrascal,Otro tipo de hogar,Otro tipo de hogar,3,Person_1465|Person_1466|Person_1467,CarGlass,yes
HH_573,2 personas,Fortuna,Hogar con un solo progenitor que convive con todos sus hijos de 25 años o más,Hogar con un solo progenitor que convive con todos sus hijos de 25 años o más,2,Person_1468|Person_1469,,yes
HH_574,4 personas,Fortuna,Hogar formado por pareja con hijos en donde algún hijo es menor de 25 años,Hogar formado por pareja con hijos en donde algún hijo es menor de 25 años,4,Person_1470|Person_1471|Person_1472|Person_1473,Getafe norte,city
HH_575,3 personas,San Nicasio,Hogar con un solo progenitor que convive con algún hijo menor de 25 años,Hogar con un solo progenitor que convive con algún hijo menor de 25 años,3,Person_1474|Person_1475|Person_1476,,terrace
HH_576,4 personas,San Nicasio,Hogar formado por pareja con hijos en donde algún hijo es menor de 25 años,Hogar formado por pareja con hijos en donde algún hijo es menor de 25 años,4,Person_1477|Person_1478|Person_1479|Person_1480,,semidetached_house
HH_577,2 personas,Fortuna,Hogar formado por pareja sin hijos,Hogar formado por pareja sin hijos,2,Person_1481|Person_1482,,yes
HH_578,2 personas,San Nicasio,Hogar formado por pareja sin hijos,Hogar formado por pareja sin hijos,2,Person_1483|Person_1484,Madrid,city
HH_579,4 personas,San Nicasio,Hogar formado por pareja con hijos en donde algún hijo es menor de 25 años,Hogar formado por pareja con hijos en donde algún hijo es menor de 25 años,4,Person_1485|Person_1486|Person_1487|Person_1488,,residential
HH_580,2 personas,Zarzaquemada,Hogar formado por pareja sin hijos,Hogar formado por pareja sin hijos,2,Person_1489|Person_1490,,apartments
HH_581,1 persona,Zarzaquemada,Hogar con una mujer sola de 65 años o más,Hogar con una mujer sola de 65 años o más,1,Person_1491,,residential
HH_582,2 personas,Polvoranca,Otro tipo de hogar,Otro tipo de hogar,2,Person_1492|Person_1493,Fuenlabrada,city
HH_583,1 persona,San Nicasio,Hogar con una mujer sola de 65 años o más,Hogar con una mujer sola de 65 años o más,1,Person_1494,,house
HH_584,4 personas,Polvoranca,Hogar formado por pareja con hijos en donde algún hijo es menor de 25 años,Hogar formado por pareja con hijos en donde algún hijo es menor de 25 años,4,Person_1495|Person_1496|Person_1497|Person_1498,,semidetached_house
HH_585,2 personas,San Nicasio,Hogar formado por pareja sin hijos,Hogar formado por pareja sin hijos,2,Person_1499|Person_1500,Madrid,city
HH_586,2 personas,Polvoranca,Hogar formado por pareja sin hijos,Hogar formado por pareja sin hijos,2,Person_1501|Person_1502,,terrace
HH_587,5 o mas personas,Fortuna,Hogar formado por pareja o un solo progenitor que convive con algún hijo menor de 25 años y otra(s) persona(s),Hogar formado por pareja o un solo progenitor que convive con algún hijo menor de 25 años y otra(s) persona(s),5,Person_1503|Person_1504|Person_1505|Person_1506|Person_1507,,semidetached_house
HH_588,4 personas,Fortuna,Hogar formado por pareja con hijos en donde algún hijo es menor de 25 años,Hogar formado por pareja con hijos en donde algún hijo es menor de 25 años,4,Person_1508|Person_1509|Person_1510|Person_1511,,yes
HH_589,4 personas,Norte,Hogar formado por pareja con hijos en donde algún hijo es menor de 25 años,Hogar formado por pareja con hijos en donde algún hijo es menor de 25 años,4,Person_1512|Person_1513|Person_1514|Person_1515,,apartments
HH_590,2 personas,San Nicasio,Hogar con un solo progenitor que convive con todos sus hijos de 25 años o más,Hogar con un solo progenitor que convive con todos sus hijos de 25 años o más,2,Person_1516|Person_1517,,apartments
HH_591,4 personas,San Nicasio,Hogar formado por pareja con hijos en donde algún hijo es menor de 25 años,Hogar formado por pareja con hijos en donde algún hijo es menor de 25 años,4,Person_1518|Person_1519|Person_1520|Person_1521,,yes
HH_592,1 persona,Norte,Hogar con una mujer sola de 65 años o más,Hogar con una mujer sola de 65 años o más,1,Person_1522,,apartments
HH_593,3 personas,Polvoranca,Hogar con un solo progenitor que convive con algún hijo menor de 25 años,Hogar con un solo progenitor que convive con algún hijo menor de 25 años,3,Person_1523|Person_1524|Person_1525,,house
HH_594,5 o mas personas,Carrascal,Hogar formado por pareja o un solo progenitor que convive con algún hijo menor de 25 años y otra(s) persona(s),Hogar formado por pareja o un solo progenitor que convive con algún hijo menor de 25 años y otra(s) persona(s),5,Person_1526|Person_1527|Person_1528|Person_1529|Person_1530,,residential
HH_595,3 personas,San Nicasio,Hogar formado por pareja con hijos en donde algún hijo es menor de 25 años,Hogar formado por pareja con hijos en donde algún hijo es menor de 25 años,3,Person_1531|Person_1532|Person_1533,,yes
HH_596,2 personas,Carrascal,Hogar formado por pareja sin hijos,Hogar formado por pareja sin hijos,2,Person_1534|Person_1535,Fuenlabrada,city
HH_597,1 persona,Zarzaquemada,Hogar con una mujer sola de 65 años o más,Hogar con una mujer sola de 65 años o más,1,Person_1536,Alcorcon,city
HH_598,1 persona,Fortuna,Hogar con un hombre solo menor de 65 años,Hogar con un hombre solo menor de 65 años,1,Person_1537,,yes
HH_599,2 personas,Carrascal,Hogar formado por pareja sin hijos,Hogar formado por pareja sin hijos,2,Person_1538|Person_1539,Madrid,city
HH_600,2 personas,Zarzaquemada,Hogar con un solo progenitor que convive con todos sus hijos de 25 años o más,Hogar con un solo progenitor que convive con todos sus hijos de 25 años o más,2,Person_1540|Person_1541,,residential
HH_601,4 personas,Polvoranca,Hogar formado por pareja con hijos en donde algún hijo es menor de 25 años,Hogar formado por pareja con hijos en donde algún hijo es menor de 25 años,4,Person_1542|Person_1543|Person_1544|Person_1545,Madrid,city
HH_602,4 personas,Fortuna,Hogar formado por pareja con hijos en donde algún hijo es menor de 25 años,Hogar formado por pareja con hijos en donde algún hijo es menor de 25 años,4,Person_1546|Person_1547|Person_1548|Person_1549,,yes
HH_603,2 personas,Sur,Hogar con un solo progenitor que convive con algún hijo menor de 25 años,Hogar con un solo progenitor que convive con algún hijo menor de 25 años,2,Person_1550|Person_1551,,apartments
HH_604,3 personas,Zarzaquemada,Hogar formado por pareja con hijos en donde todos los hijos de 25 años o más,Hogar formado por pareja con hijos en donde todos los hijos de 25 años o más,3,Person_1552|Person_1553|Person_1554,Mostoles,city
HH_605,5 o mas personas,Polvoranca,Hogar formado por pareja con hijos en donde algún hijo es menor de 25 años,Hogar formado por pareja con hijos en donde algún hijo es menor de 25 años,5,Person_1555|Person_1556|Person_1557|Person_1558|Person_1559,,semidetached_house
HH_606,5 o mas personas,Fortuna,Hogar formado por pareja con hijos en donde algún hijo es menor de 25 años,Hogar formado por pareja con hijos en donde algún hijo es menor de 25 años,5,Person_1560|Person_1561|Person_1562|Person_1563|Person_1564,Fuenlabrada,city
HH_607,2 personas,Zarzaquemada,Hogar con un solo progenitor que convive con todos sus hijos de 25 años o más,Hogar con un solo progenitor que convive con todos sus hijos de 25 años o más,2,Person_1565|Person_1566,,apartments
HH_608,3 personas,Zarzaquemada,Hogar formado por pareja con hijos en donde algún hijo es menor de 25 años,Hogar formado por pareja con hijos en donde algún hijo es menor de 25 años,3,Person_1567|Person_1568|Person_1569,Centro de Especialidades Mª Ángeles López Gómez,yes
HH_609,2 personas,Carrascal,Otro tipo de hogar,Otro tipo de hogar,2,Person_1570|Person_1571,Madrid,city
HH_610,3 personas,Sur,Hogar con un solo progenitor que convive con algún hijo menor de 25 años,Hogar con un solo progenitor que convive con algún hijo menor de 25 años,3,Person_1572|Person_1573|Person_1574,Fuenlabrada,city
HH_611,1 persona,Sur,Hogar con un hombre solo menor de 65 años,Hogar con un hombre solo menor de 65 años,1,Person_1575,,apartments
HH_612,2 personas,Carrascal,Hogar con un solo progenitor que convive con algún hijo menor de 25 años,Hogar con un solo progenitor que convive con algún hijo menor de 25 años,2,Person_1576|Person_1577,,yes
HH_613,2 personas,Sur,Hogar formado por pareja sin hijos,Hogar formado por pareja sin hijos,2,Person_1578|Person_1579,,yes
HH_614,3 personas,Carrascal,Hogar formado por pareja con hijos en donde todos los hijos de 25 años o más,Hogar formado por pareja con hijos en donde todos los hijos de 25 años o más,3,Person_1580|Person_1581|Person_1582,Fuenlabrada,city
HH_615,3 personas,Zarzaquemada,Otro tipo de hogar,Otro tipo de hogar,3,Person_1583|Person_1584|Person_1585,,apartments
HH_616,1 persona,Zarzaquemada,Hogar con una mujer sola de 65 años o más,Hogar con una mujer sola de 65 años o más,1,Person_1586,,apartments
HH_617,2 personas,Polvoranca,Hogar formado por pareja sin hijos,Hogar formado por pareja sin hijos,2,Person_1587|Person_1588,,house
HH_618,1 persona,Polvoranca,Hogar con un hombre solo menor de 65 años,Hogar con un hombre solo menor de 65 años,1,Person_1589,,house
HH_619,2 personas,Fortuna,Hogar formado por pareja sin hijos,Hogar formado por pareja sin hijos,2,Person_1590|Person_1591,,semidetached_house
HH_620,2 personas,Zarzaquemada,Hogar con un solo progenitor que convive con todos sus hijos de 25 años o más,Hogar con un solo progenitor que convive con todos sus hijos de 25 años o más,2,Person_1592|Person_1593,Isengar,residential
HH_621,3 personas,Zarzaquemada,Hogar formado por pareja con hijos en donde algún hijo es menor de 25 años,Hogar formado por pareja con hijos en donde algún hijo es menor de 25 años,3,Person_1594|Person_1595|Person_1596,,apartments
HH_622,2 personas,Sur,Hogar formado por pareja sin hijos,Hogar formado por pareja sin hijos,2,Person_1597|Person_1598,Mercadona,yes
HH_623,2 personas,Sur,Hogar con un solo progenitor que convive con algún hijo menor de 25 años,Hogar con un solo progenitor que convive con algún hijo menor de 25 años,2,Person_1599|Person_1600,Getafe norte,city
HH_624,2 personas,Fortuna,Hogar con un solo progenitor que convive con todos sus hijos de 25 años o más,Hogar con un solo progenitor que convive con todos sus hijos de 25 años o más,2,Person_1601|Person_1602,,yes
HH_625,3 personas,Carrascal,Hogar formado por pareja con hijos en donde todos los hijos de 25 años o más,Hogar formado por pareja con hijos en donde todos los hijos de 25 años o más,3,Person_1603|Person_1604|Person_1605,,yes
HH_626,1 persona,Zarzaquemada,Hogar con una mujer sola de 65 años o más,Hogar con una mujer sola de 65 años o más,1,Person_1606,,apartments
HH_627,2 personas,Zarzaquemada,Hogar formado por pareja sin hijos,Hogar formado por pareja sin hijos,2,Person_1607|Person_1608,,residential
HH_628,3 personas,Sur,Hogar formado por pareja con hijos en donde algún hijo es menor de 25 años,Hogar formado por pareja con hijos en donde algún hijo es menor de 25 años,3,Person_1609|Person_1610|Person_1611,Madrid,city
HH_629,3 personas,Sur,Hogar con un solo progenitor que convive con algún hijo menor de 25 años,Hogar con un solo progenitor que convive con algún hijo menor de 25 años,3,Person_1612|Person_1613|Person_1614,,yes
HH_630,5 o mas personas,San Nicasio,Hogar formado por pareja con hijos en donde algún hijo es menor de 25 años,Hogar formado por pareja con hijos en donde algún hijo es menor de 25 años,5,Person_1615|Person_1616|Person_1617|Person_1618|Person_1619,,semidetached_house
HH_631,1 persona,Norte,Hogar con una mujer sola menor de 65 años,Hogar con una mujer sola menor de 65 años,1,Person_1620,,yes
HH_632,2 personas,San Nicasio,Hogar con un solo progenitor que convive con todos sus hijos de 25 años o más,Hogar con un solo progenitor que convive con todos sus hijos de 25 años o más,2,Person_1621|Person_1622,,semidetached_house
HH_633,2 personas,Sur,Hogar formado por pareja sin hijos,Hogar formado por pareja sin hijos,2,Person_1623|Person_1624,,apartments
HH_634,2 personas,San Nicasio,Hogar formado por pareja sin hijos,Hogar formado por pareja sin hijos,2,Person_1625|Person_1626,,yes
HH_635,4 personas,Carrascal,Hogar formado por pareja con hijos en donde algún hijo es menor de 25 años,Hogar formado por pareja con hijos en donde algún hijo es menor de 25 años,4,Person_1627|Person_1628|Person_1629|Person_1630,,house
HH_636,4 personas,Zarzaquemada,Hogar formado por pareja con hijos en donde algún hijo es menor de 25 años,Hogar formado por pareja con hijos en donde algún hijo es menor de 25 años,4,Person_1631|Person_1632|Person_1633|Person_1634,,residential
HH_637,1 persona,Norte,Hogar con una mujer sola de 65 años o más,Hogar con una mujer sola de 65 años o más,1,Person_1635,,apartments
HH_638,3 personas,Polvoranca,Hogar formado por pareja con hijos en donde algún hijo es menor de 25 años,Hogar formado por pareja con hijos en donde algún hijo es menor de 25 años,3,Person_1636|Person_1637|Person_1638,Madrid,city
HH_639,1 persona,Carrascal,Hogar con una mujer sola de 65 años o más,Hogar con una mujer sola de 65 años o más,1,Person_1639,,yes
HH_640,1 persona,Carrascal,Hogar con un hombre solo menor de 65 años,Hogar con un hombre solo menor de 65 años,1,Person_1640,,yes
HH_641,2 personas,Norte,Hogar formado por pareja sin hijos,Hogar formado por pareja sin hijos,2,Person_1641|Person_1642,,apartments
HH_642,3 personas,Carrascal,Hogar con un solo progenitor que convive con algún hijo menor de 25 años,Hogar con un solo progenitor que convive con algún hijo menor de 25 años,3,Person_1643|Person_1644|Person_1645,,yes
HH_643,5 o mas personas,Fortuna,Hogar formado por pareja con hijos en donde algún hijo es menor de 25 años,Hogar formado por pareja con hijos en donde algún hijo es menor de 25 años,5,Person_1646|Person_1647|Person_1648|Person_1649|Person_1650,,yes
HH_644,4 personas,San Nicasio,Hogar formado por pareja con hijos en donde algún hijo es menor de 25 años,Hogar formado por pareja con hijos en donde algún hijo es menor de 25 años,4,Person_1651|Person_1652|Person_1653|Person_1654,,apartments
HH_645,3 personas,Zarzaquemada,Hogar con un solo progenitor que convive con algún hijo menor de 25 años,Hogar con un solo progenitor que convive con algún hijo menor de 25 años,3,Person_1655|Person_1656|Person_1657,,residential
HH_646,1 persona,Norte,Hogar con una mujer sola de 65 años o más,Hogar con una mujer sola de 65 años o más,1,Person_1658,Madrid,city
HH_647,4 personas,Zarzaquemada,Hogar formado por pareja con hijos en donde algún hijo es menor de 25 años,Hogar formado por pareja con hijos en donde algún hijo es menor de 25 años,4,Person_1659|Person_1660|Person_1661|Person_1662,,residential
HH_648,4 personas,Sur,Hogar formado por pareja con hijos en donde algún hijo es menor de 25 años,Hogar formado por pareja con hijos en donde algún hijo es menor de 25 años,4,Person_1663|Person_1664|Person_1665|Person_1666,,yes
HH_649,4 personas,Fortuna,Hogar formado por pareja con hijos en donde algún hijo es menor de 25 años,Hogar formado por pareja con hijos en donde algún hijo es menor de 25 años,4,Person_1667|Person_1668|Person_1669|Person_1670,,terrace
HH_650,1 persona,Zarzaquemada,Hogar con una mujer sola menor de 65 años,Hogar con una mujer sola menor de 65 años,1,Person_1671,,residential
HH_651,3 personas,Norte,Hogar formado por pareja con hijos en donde algún hijo es menor de 25 años,Hogar formado por pareja con hijos en donde algún hijo es menor de 25 años,3,Person_1672|Person_1673|Person_1674,Madrid,city
HH_652,3 personas,Sur,Hogar formado por pareja o un solo progenitor que convive con algún hijo menor de 25 años y otra(s) persona(s),Hogar formado por pareja o un solo progenitor que convive con algún hijo menor de 25 años y otra(s) persona(s),3,Person_1675|Person_1676|Person_1677,Madrid,city
HH_653,2 personas,Carrascal,Hogar formado por pareja sin hijos,Hogar formado por pareja sin hijos,2,Person_1678|Person_1679,,apartments
HH_654,3 personas,Sur,Hogar formado por pareja con hijos en donde todos los hijos de 25 años o más,Hogar formado por pareja con hijos en donde todos los hijos de 25 años o más,3,Person_1680|Person_1681|Person_1682,Fuenlabrada,city
HH_655,2 personas,Sur,Hogar con un solo progenitor que convive con todos sus hijos de 25 años o más,Hogar con un solo progenitor que convive con todos sus hijos de 25 años o más,2,Person_1683|Person_1684,Fuenlabrada,city
HH_656,2 personas,San Nicasio,Hogar formado por pareja sin hijos,Hogar formado por pareja sin hijos,2,Person_1685|Person_1686,,yes
HH_657,2 personas,San Nicasio,Hogar formado por pareja sin hijos,Hogar formado por pareja sin hijos,2,Person_1687|Person_1688,Madrid,city
HH_658,2 personas,Sur,Hogar formado por pareja sin hijos,Hogar formado por pareja sin hijos,2,Person_1689|Person_1690,,apartments
HH_659,2 personas,Norte,Hogar formado por pareja sin hijos,Hogar formado por pareja sin hijos,2,Person_1691|Person_1692,,apartments
HH_660,4 personas,Carrascal,Hogar formado por pareja con hijos en donde algún hijo es menor de 25 años,Hogar formado por pareja con hijos en donde algún hijo es menor de 25 años,4,Person_1693|Person_1694|Person_1695|Person_1696,Getafe norte,city
HH_661,3 personas,San Nicasio,Hogar formado por pareja o un solo progenitor que convive con algún hijo menor de 25 años y otra(s) persona(s),Hogar formado por pareja o un solo progenitor que convive con algún hijo menor de 25 años y otra(s) persona(s),3,Person_1697|Person_1698|Person_1699,,yes
HH_662,1 persona,Zarzaquemada,Hogar con una mujer sola menor de 65 años,Hogar con una mujer sola menor de 65 años,1,Person_1700,,residential
HH_663,4 personas,Sur,Hogar formado por pareja con hijos en donde algún hijo es menor de 25 años,Hogar formado por pareja con hijos en donde algún hijo es menor de 25 años,4,Person_1701|Person_1702|Person_1703|Person_1704,,apartments
HH_664,1 persona,Carrascal,Hogar con una mujer sola de 65 años o más,Hogar con una mujer sola de 65 años o más,1,Person_1705,,apartments
HH_665,2 personas,San Nicasio,Hogar formado por pareja sin hijos,Hogar formado por pareja sin hijos,2,Person_1706|Person_1707,,yes
HH_666,2 personas,Sur,Hogar con un solo progenitor que convive con todos sus hijos de 25 años o más,Hogar con un solo progenitor que convive con todos sus hijos de 25 años o más,2,Person_1708|Person_1709,,yes
HH_667,2 personas,Zarzaquemada,Hogar formado por pareja sin hijos,Hogar formado por pareja sin hijos,2,Person_1710|Person_1711,,residential
HH_668,1 persona,Carrascal,Hogar con una mujer sola de 65 años o más,Hogar con una mujer sola de 65 años o más,1,Person_1712,Madrid,city
HH_669,2 personas,Zarzaquemada,Hogar formado por pareja sin hijos,Hogar formado por pareja sin hijos,2,Person_1713|Person_1714,Alcorcon,city
HH_670,3 personas,Zarzaquemada,Hogar formado por pareja con hijos en donde todos los hijos de 25 años o más,Hogar formado por pareja con hijos en donde todos los hijos de 25 años o más,3,Person_1715|Person_1716|Person_1717,Getafe norte,city
HH_671,4 personas,Carrascal,Hogar formado por pareja o un solo progenitor que convive con algún hijo menor de 25 años y otra(s) persona(s),Hogar formado por pareja o un solo progenitor que convive con algún hijo menor de 25 años y otra(s) persona(s),4,Person_1718|Person_1719|Person_1720|Person_1721,Madrid,city
HH_672,3 personas,Zarzaquemada,Hogar formado por pareja con hijos en donde todos los hijos de 25 años o más,Hogar formado por pareja con hijos en donde todos los hijos de 25 años o más,3,Person_1722|Person_1723|Person_1724,,apartments
HH_673,3 personas,Norte,Hogar formado por pareja con hijos en donde algún hijo es menor de 25 años,Hogar formado por pareja con hijos en donde algún hijo es menor de 25 años,3,Person_1725|Person_1726|Person_1727,,apartments
HH_674,5 o mas personas,San Nicasio,Otro tipo de hogar,Otro tipo de hogar,5,Person_1728|Person_1729|Person_1730|Person_1731|Person_1732,,semidetached_house
HH_675,1 persona,Sur,Hogar con un hombre solo menor de 65 años,Hogar con un hombre solo menor de 65 años,1,Person_1733,,yes
HH_676,2 personas,Zarzaquemada,Hogar formado por pareja sin hijos,Hogar formado por pareja sin hijos,2,Person_1734|Person_1735,,apartments
HH_677,5 o mas personas,San Nicasio,Hogar formado por pareja con hijos en donde algún hijo es menor de 25 años,Hogar formado por pareja con hijos en donde algún hijo es menor de 25 años,5,Person_1736|Person_1737|Person_1738|Person_1739|Person_1740,,house
HH_678,1 persona,Zarzaquemada,Hogar con una mujer sola de 65 años o más,Hogar con una mujer sola de 65 años o más,1,Person_1741,,apartments
HH_679,5 o mas personas,Sur,Hogar formado por pareja o un solo progenitor que convive con algún hijo menor de 25 años y otra(s) persona(s),Hogar formado por pareja o un solo progenitor que convive con algún hijo menor de 25 años y otra(s) persona(s),5,Person_1742|Person_1743|Person_1744|Person_1745|Person_1746,Madrid,city
HH_680,3 personas,Zarzaquemada,Hogar formado por pareja con hijos en donde algún hijo es menor de 25 años,Hogar formado por pareja con hijos en donde algún hijo es menor de 25 años,3,Person_1747|Person_1748|Person_1749,,apartments
HH_681,4 personas,Carrascal,Hogar formado por pareja con hijos en donde algún hijo es menor de 25 años,Hogar formado por pareja con hijos en donde algún hijo es menor de 25 años,4,Person_1750|Person_1751|Person_1752|Person_1753,,yes
HH_682,4 personas,Zarzaquemada,Hogar formado por pareja con hijos en donde algún hijo es menor de 25 años,Hogar formado por pareja con hijos en donde algún hijo es menor de 25 años,4,Person_1754|Person_1755|Person_1756|Person_1757,,apartments
HH_683,3 personas,Polvoranca,Hogar formado por pareja con hijos en donde todos los hijos de 25 años o más,Hogar formado por pareja con hijos en donde todos los hijos de 25 años o más,3,Person_1758|Person_1759|Person_1760,,house
HH_684,2 personas,Sur,Hogar formado por pareja sin hijos,Hogar formado por pareja sin hijos,2,Person_1761|Person_1762,,residential
HH_685,3 personas,Polvoranca,Hogar formado por pareja con hijos en donde algún hijo es menor de 25 años,Hogar formado por pareja con hijos en donde algún hijo es menor de 25 años,3,Person_1763|Person_1764|Person_1765,,semidetached_house
HH_686,2 personas,Zarzaquemada,Hogar con un solo progenitor que convive con algún hijo menor de 25 años,Hogar con un solo progenitor que convive con algún hijo menor de 25 años,2,Person_1766|Person_1767,Madrid,city
HH_687,1 persona,Sur,Hogar con una mujer sola de 65 años o más,Hogar con una mujer sola de 65 años o más,1,Person_1768,,yes
HH_688,2 personas,Zarzaquemada,Hogar formado por pareja sin hijos,Hogar formado por pareja sin hijos,2,Person_1769|Person_1770,,residential
HH_689,1 persona,Norte,Hogar con una mujer sola menor de 65 años,Hogar con una mujer sola menor de 65 años,1,Person_1771,,apartments
HH_690,3 personas,Sur,Hogar formado por pareja con hijos en donde algún hijo es menor de 25 años,Hogar formado por pareja con hijos en donde algún hijo es menor de 25 años,3,Person_1772|Person_1773|Person_1774,,yes
HH_691,1 persona,Sur,Hogar con una mujer sola de 65 años o más,Hogar con una mujer sola de 65 años o más,1,Person_1775,,residential
HH_692,4 personas,Zarzaquemada,Hogar formado por pareja con hijos en donde algún hijo es menor de 25 años,Hogar formado por pareja con hijos en donde algún hijo es menor de 25 años,4,Person_1776|Person_1777|Person_1778|Person_1779,,apartments
HH_693,2 personas,Sur,Otro tipo de hogar,Otro tipo de hogar,2,Person_1780|Person_1781,,yes
HH_694,4 personas,Zarzaquemada,Hogar formado por pareja con hijos en donde algún hijo es menor de 25 años,Hogar formado por pareja con hijos en donde algún hijo es menor de 25 años,4,Person_1782|Person_1783|Person_1784|Person_1785,,residential
HH_695,2 personas,Norte,Hogar formado por pareja sin hijos,Hogar formado por pareja sin hijos,2,Person_1786|Person_1787,,yes
HH_696,4 personas,Norte,Hogar formado por pareja con hijos en donde algún hijo es menor de 25 años,Hogar formado por pareja con hijos en donde algún hijo es menor de 25 años,4,Person_1788|Person_1789|Person_1790|Person_1791,Madrid,city
HH_697,4 personas,Zarzaquemada,Hogar formado por pareja con hijos en donde algún hijo es menor de 25 años,Hogar formado por pareja con hijos en donde algún hijo es menor de 25 años,4,Person_1792|Person_1793|Person_1794|Person_1795,Getafe norte,city
HH_698,3 personas,Carrascal,Hogar formado por pareja o un solo progenitor que convive con algún hijo menor de 25 años y otra(s) persona(s),Hogar formado por pareja o un solo progenitor que convive con algún hijo menor de 25 años y otra(s) persona(s),3,Person_1796|Person_1797|Person_1798,,yes
HH_699,1 persona,Carrascal,Hogar con un hombre solo menor de 65 años,Hogar con un hombre solo menor de 65 años,1,Person_1799,Mostoles,city
HH_700,4 personas,Norte,Hogar formado por pareja con hijos en donde algún hijo es menor de 25 años,Hogar formado por pareja con hijos en donde algún hijo es menor de 25 años,4,Person_1800|Person_1801|Person_1802|Person_1803,Madrid,city
HH_701,4 personas,Fortuna,Hogar formado por pareja con hijos en donde algún hijo es menor de 25 años,Hogar formado por pareja con hijos en donde algún hijo es menor de 25 años,4,Person_1804|Person_1805|Person_1806|Person_1807,Madrid,city
HH_702,1 persona,Fortuna,Hogar con un hombre solo menor de 65 años,Hogar con un hombre solo menor de 65 años,1,Person_1808,Madrid,city
HH_703,4 personas,San Nicasio,Hogar formado por pareja con hijos en donde algún hijo es menor de 25 años,Hogar formado por pareja con hijos en donde algún hijo es menor de 25 años,4,Person_1809|Person_1810|Person_1811|Person_1812,,semidetached_house
HH_704,4 personas,Carrascal,Hogar formado por pareja con hijos en donde algún hijo es menor de 25 años,Hogar formado por pareja con hijos en donde algún hijo es menor de 25 años,4,Person_1813|Person_1814|Person_1815|Person_1816,,yes
HH_705,2 personas,Norte,Otro tipo de hogar,Otro tipo de hogar,2,Person_1817|Person_1818,,yes
HH_706,4 personas,Carrascal,Hogar formado por pareja con hijos en donde algún hijo es menor de 25 años,Hogar formado por pareja con hijos en donde algún hijo es menor de 25 años,4,Person_1819|Person_1820|Person_1821|Person_1822,,detached
HH_707,2 personas,San Nicasio,Hogar formado por pareja sin hijos,Hogar formado por pareja sin hijos,2,Person_1823|Person_1824,,residential
HH_708,2 personas,Zarzaquemada,Hogar formado por pareja sin hijos,Hogar formado por pareja sin hijos,2,Person_1825|Person_1826,,residential
HH_709,2 personas,Polvoranca,Hogar formado por pareja sin hijos,Hogar formado por pareja sin hijos,2,Person_1827|Person_1828,,house
HH_710,4 personas,Norte,Hogar formado por pareja con hijos en donde algún hijo es menor de 25 años,Hogar formado por pareja con hijos en donde algún hijo es menor de 25 años,4,Person_1829|Person_1830|Person_1831|Person_1832,Madrid,city
HH_711,3 personas,Polvoranca,Hogar formado por pareja con hijos en donde algún hijo es menor de 25 años,Hogar formado por pareja con hijos en donde algún hijo es menor de 25 años,3,Person_1833|Person_1834|Person_1835,,semidetached_house
HH_712,3 personas,Zarzaquemada,Hogar formado por pareja con hijos en donde algún hijo es menor de 25 años,Hogar formado por pareja con hijos en donde algún hijo es menor de 25 años,3,Person_1836|Person_1837|Person_1838,,residential
HH_713,4 personas,Zarzaquemada,Hogar formado por pareja con hijos en donde todos los hijos de 25 años o más,Hogar formado por pareja con hijos en donde todos los hijos de 25 años o más,4,Person_1839|Person_1840|Person_1841|Person_1842,Madrid,city
HH_714,3 personas,San Nicasio,Otro tipo de hogar,Otro tipo de hogar,3,Person_1843|Person_1844|Person_1845,Madrid,city
HH_715,3 personas,Sur,Hogar formado por pareja o un solo progenitor que convive con algún hijo menor de 25 años y otra(s) persona(s),Hogar formado por pareja o un solo progenitor que convive con algún hijo menor de 25 años y otra(s) persona(s),3,Person_1846|Person_1847|Person_1848,,apartments
HH_716,3 personas,San Nicasio,Hogar formado por pareja con hijos en donde algún hijo es menor de 25 años,Hogar formado por pareja con hijos en donde algún hijo es menor de 25 años,3,Person_1849|Person_1850|Person_1851,Madrid,city
HH_717,1 persona,Sur,Hogar con una mujer sola menor de 65 años,Hogar con una mujer sola menor de 65 años,1,Person_1852,Fuenlabrada,city
HH_718,3 personas,Sur,Hogar formado por pareja con hijos en donde todos los hijos de 25 años o más,Hogar formado por pareja con hijos en donde todos los hijos de 25 años o más,3,Person_1853|Person_1854|Person_1855,Getafe norte,city
HH_719,2 personas,Sur,Hogar formado por pareja sin hijos,Hogar formado por pareja sin hijos,2,Person_1856|Person_1857,,yes
HH_720,3 personas,Carrascal,Hogar formado por pareja o un solo progenitor que convive con algún hijo menor de 25 años y otra(s) persona(s),Hogar formado por pareja o un solo progenitor que convive con algún hijo menor de 25 años y otra(s) persona(s),3,Person_1858|Person_1859|Person_1860,,semidetached_house
HH_721,1 persona,Zarzaquemada,Hogar con un hombre solo de 65 años o más,Hogar con un hombre solo de 65 años o más,1,Person_1861,,apartments
HH_722,3 personas,Sur,Hogar formado por pareja con hijos en donde algún hijo es menor de 25 años,Hogar formado por pareja con hijos en donde algún hijo es menor de 25 años,3,Person_1862|Person_1863|Person_1864,,yes
HH_723,3 personas,Carrascal,Otro tipo de hogar,Otro tipo de hogar,3,Person_1865|Person_1866|Person_1867,,detached
HH_724,2 personas,San Nicasio,Hogar formado por pareja sin hijos,Hogar formado por pareja sin hijos,2,Person_1868|Person_1869,,apartments
HH_725,3 personas,Sur,Hogar formado por pareja con hijos en donde algún hijo es menor de 25 años,Hogar formado por pareja con hijos en donde algún hijo es menor de 25 años,3,Person_1870|Person_1871|Person_1872,,yes
HH_726,2 personas,San Nicasio,Hogar formado por pareja sin hijos,Hogar formado por pareja sin hijos,2,Person_1873|Person_1874,Fuenlabrada,city
HH_727,4 personas,Sur,Hogar formado por pareja con hijos en donde algún hijo es menor de 25 años,Hogar formado por pareja con hijos en donde algún hijo es menor de 25 años,4,Person_1875|Person_1876|Person_1877|Person_1878,Madrid,city
HH_728,4 personas,Fortuna,Hogar formado por pareja con hijos en donde todos los hijos de 25 años o más,Hogar formado por pareja con hijos en donde todos los hijos de 25 años o más,4,Person_1879|Person_1880|Person_1881|Person_1882,,yes
HH_729,4 personas,Sur,Hogar formado por pareja con hijos en donde algún hijo es menor de 25 años,Hogar formado por pareja con hijos en donde algún hijo es menor de 25 años,4,Person_1883|Person_1884|Person_1885|Person_1886,,yes
HH_730,4 personas,Carrascal,Hogar formado por pareja con hijos en donde algún hijo es menor de 25 años,Hogar formado por pareja con hijos en donde algún hijo es menor de 25 años,4,Person_1887|Person_1888|Person_1889|Person_1890,,cabin
HH_731,3 personas,San Nicasio,Hogar formado por pareja con hijos en donde algún hijo es menor de 25 años,Hogar formado por pareja con hijos en donde algún hijo es menor de 25 años,3,Person_1891|Person_1892|Person_1893,,yes
HH_732,2 personas,San Nicasio,Hogar formado por pareja sin hijos,Hogar formado por pareja sin hijos,2,Person_1894|Person_1895,,semidetached_house
HH_733,1 persona,Sur,Hogar con una mujer sola de 65 años o más,Hogar con una mujer sola de 65 años o más,1,Person_1896,Getafe norte,city
HH_734,2 personas,Norte,Hogar formado por pareja sin hijos,Hogar formado por pareja sin hijos,2,Person_1897|Person_1898,,yes
HH_735,4 personas,Fortuna,Hogar formado por pareja con hijos en donde todos los hijos de 25 años o más,Hogar formado por pareja con hijos en donde todos los hijos de 25 años o más,4,Person_1899|Person_1900|Person_1901|Person_1902,,yes
HH_736,3 personas,Sur,Hogar con un solo progenitor que convive con algún hijo menor de 25 años,Hogar con un solo progenitor que convive con algún hijo menor de 25 años,3,Person_1903|Person_1904|Person_1905,Madrid,city
HH_737,1 persona,Norte,Hogar con una mujer sola menor de 65 años,Hogar con una mujer sola menor de 65 años,1,Person_1906,,apartments
HH_738,1 persona,San Nicasio,Hogar con una mujer sola de 65 años o más,Hogar con una mujer sola de 65 años o más,1,Person_1907,,semidetached_house
HH_739,2 personas,Norte,Hogar formado por pareja sin hijos,Hogar formado por pareja sin hijos,2,Person_1908|Person_1909,,yes
HH_740,4 personas,San Nicasio,Hogar formado por pareja o un solo progenitor que convive con algún hijo menor de 25 años y otra(s) persona(s),Hogar formado por pareja o un solo progenitor que convive con algún hijo menor de 25 años y otra(s) persona(s),4,Person_1910|Person_1911|Person_1912|Person_1913,Getafe norte,city
HH_741,3 personas,Sur,Hogar con un solo progenitor que convive con todos sus hijos de 25 años o más,Hogar con un solo progenitor que convive con todos sus hijos de 25 años o más,3,Person_1914|Person_1915|Person_1916,,apartments
HH_742,2 personas,Polvoranca,Hogar con un solo progenitor que convive con algún hijo menor de 25 años,Hogar con un solo progenitor que convive con algún hijo menor de 25 años,2,Person_1917|Person_1918,Alcorcon,city
HH_743,4 personas,Norte,Hogar formado por pareja con hijos en donde algún hijo es menor de 25 años,Hogar formado por pareja con hijos en donde algún hijo es menor de 25 años,4,Person_1919|Person_1920|Person_1921|Person_1922,Getafe norte,city
HH_744,4 personas,San Nicasio,Hogar formado por pareja con hijos en donde algún hijo es menor de 25 años,Hogar formado por pareja con hijos en donde algún hijo es menor de 25 años,4,Person_1923|Person_1924|Person_1925|Person_1926,,semidetached_house
HH_745,4 personas,Polvoranca,Hogar formado por pareja con hijos en donde todos los hijos de 25 años o más,Hogar formado por pareja con hijos en donde todos los hijos de 25 años o más,4,Person_1927|Person_1928|Person_1929|Person_1930,,semidetached_house
HH_746,5 o mas personas,San Nicasio,Hogar formado por pareja o un solo progenitor que convive con algún hijo menor de 25 años y otra(s) persona(s),Hogar formado por pareja o un solo progenitor que convive con algún hijo menor de 25 años y otra(s) persona(s),5,Person_1931|Person_1932|Person_1933|Person_1934|Person_1935,Alcorcon,city
HH_747,1 persona,Polvoranca,Hogar con un hombre solo de 65 años o más,Hogar con un hombre solo de 65 años o más,1,Person_1936,Madrid,city
HH_748,2 personas,Carrascal,Hogar formado por pareja sin hijos,Hogar formado por pareja sin hijos,2,Person_1937|Person_1938,Madrid,city
HH_749,4 personas,Carrascal,Hogar formado por pareja con hijos en donde algún hijo es menor de 25 años,Hogar formado por pareja con hijos en donde algún hijo es menor de 25 años,4,Person_1939|Person_1940|Person_1941|Person_1942,,house
HH_750,2 personas,Zarzaquemada,Hogar formado por pareja sin hijos,Hogar formado por pareja sin hijos,2,Person_1943|Person_1944,,apartments
HH_751,1 persona,Carrascal,Hogar con una mujer sola de 65 años o más,Hogar con una mujer sola de 65 años o más,1,Person_1945,Alcorcon,city
HH_752,4 personas,Sur,Hogar formado por pareja con hijos en donde algún hijo es menor de 25 años,Hogar formado por pareja con hijos en donde algún hijo es menor de 25 años,4,Person_1946|Person_1947|Person_1948|Person_1949,,yes
HH_753,1 persona,Fortuna,Hogar con una mujer sola de 65 años o más,Hogar con una mujer sola de 65 años o más,1,Person_1950,,yes
HH_754,3 personas,Polvoranca,Hogar formado por pareja con hijos en donde algún hijo es menor de 25 años,Hogar formado por pareja con hijos en donde algún hijo es menor de 25 años,3,Person_1951|Person_1952|Person_1953,,house
HH_755,4 personas,Polvoranca,Hogar formado por pareja con hijos en donde algún hijo es menor de 25 años,Hogar formado por pareja con hijos en donde algún hijo es menor de 25 años,4,Person_1954|Person_1955|Person_1956|Person_1957,,apartments
HH_756,3 personas,Carrascal,Hogar formado por pareja con hijos en donde algún hijo es menor de 25 años,Hogar formado por pareja con hijos en donde algún hijo es menor de 25 años,3,Person_1958|Person_1959|Person_1960,,apartments
HH_757,2 personas,Carrascal,Hogar formado por pareja sin hijos,Hogar formado por pareja sin hijos,2,Person_1961|Person_1962,,residential
HH_758,3 personas,Carrascal,Hogar formado por pareja con hijos en donde algún hijo es menor de 25 años,Hogar formado por pareja con hijos en donde algún hijo es menor de 25 años,3,Person_1963|Person_1964|Person_1965,,semidetached_house
HH_759,1 persona,Carrascal,Hogar con un hombre solo menor de 65 años,Hogar con un hombre solo menor de 65 años,1,Person_1966,Madrid,city
HH_760,5 o mas personas,Zarzaquemada,Hogar formado por pareja o un solo progenitor que convive con algún hijo menor de 25 años y otra(s) persona(s),Hogar formado por pareja o un solo progenitor que convive con algún hijo menor de 25 años y otra(s) persona(s),5,Person_1967|Person_1968|Person_1969|Person_1970|Person_1971,Madrid,city
HH_761,5 o mas personas,San Nicasio,Hogar formado por pareja con hijos en donde algún hijo es menor de 25 años,Hogar formado por pareja con hijos en donde algún hijo es menor de 25 años,5,Person_1972|Person_1973|Person_1974|Person_1975|Person_1976,Mostoles,city
HH_762,4 personas,Zarzaquemada,Hogar formado por pareja con hijos en donde todos los hijos de 25 años o más,Hogar formado por pareja con hijos en donde todos los hijos de 25 años o más,4,Person_1977|Person_1978|Person_1979|Person_1980,,residential
HH_763,1 persona,Zarzaquemada,Hogar con un hombre solo menor de 65 años,Hogar con un hombre solo menor de 65 años,1,Person_1981,,apartments
HH_764,4 personas,Zarzaquemada,Hogar formado por pareja con hijos en donde algún hijo es menor de 25 años,Hogar formado por pareja con hijos en donde algún hijo es menor de 25 años,4,Person_1982|Person_1983|Person_1984|Person_1985,,yes
HH_765,3 personas,Carrascal,Otro tipo de hogar,Otro tipo de hogar,3,Person_1986|Person_1987|Person_1988,,house
HH_766,1 persona,Carrascal,Hogar con una mujer sola menor de 65 años,Hogar con una mujer sola menor de 65 años,1,Person_1989,,apartments
HH_767,5 o mas personas,Carrascal,Hogar formado por pareja o un solo progenitor que convive con algún hijo menor de 25 años y otra(s) persona(s),Hogar formado por pareja o un solo progenitor que convive con algún hijo menor de 25 años y otra(s) persona(s),5,Person_1990|Person_1991|Person_1992|Person_1993|Person_1994,Fuenlabrada,city
HH_768,2 personas,San Nicasio,Hogar formado por pareja sin hijos,Hogar formado por pareja sin hijos,2,Person_1995|Person_1996,,apartments
HH_769,5 o mas personas,Carrascal,Hogar formado por pareja con hijos en donde algún hijo es menor de 25 años,Hogar formado por pareja con hijos en donde algún hijo es menor de 25 años,5,Person_1997|Person_1998|Person_1999|Person_2000|Person_2001,Madrid,city
HH_770,5 o mas personas,Polvoranca,Hogar formado por pareja o un solo progenitor que convive con algún hijo menor de 25 años y otra(s) persona(s),Hogar formado por pareja o un solo progenitor que convive con algún hijo menor de 25 años y otra(s) persona(s),5,Person_2002|Person_2003|Person_2004|Person_2005|Person_2006,,semidetached_house
HH_771,3 personas,San Nicasio,Hogar formado por pareja con hijos en donde algún hijo es menor de 25 años,Hogar formado por pareja con hijos en donde algún hijo es menor de 25 años,3,Person_2007|Person_2008|Person_2009,,house
HH_772,1 persona,Zarzaquemada,Hogar con una mujer sola de 65 años o más,Hogar con una mujer sola de 65 años o más,1,Person_2010,,apartments
HH_773,2 personas,Carrascal,Hogar formado por pareja sin hijos,Hogar formado por pareja sin hijos,2,Person_2011|Person_2012,Madrid,city
HH_774,2 personas,San Nicasio,Hogar formado por pareja sin hijos,Hogar formado por pareja sin hijos,2,Person_2013|Person_2014,Madrid,city
HH_775,4 personas,Fortuna,Hogar formado por pareja con hijos en donde algún hijo es menor de 25 años,Hogar formado por pareja con hijos en donde algún hijo es menor de 25 años,4,Person_2015|Person_2016|Person_2017|Person_2018,,semidetached_house
HH_776,3 personas,San Nicasio,Hogar formado por pareja con hijos en donde todos los hijos de 25 años o más,Hogar formado por pareja con hijos en donde todos los hijos de 25 años o más,3,Person_2019|Person_2020|Person_2021,,apartments
HH_777,1 persona,Zarzaquemada,Hogar con un hombre solo menor de 65 años,Hogar con un hombre solo menor de 65 años,1,Person_2022,,residential
HH_778,5 o mas personas,Carrascal,Hogar formado por pareja con hijos en donde algún hijo es menor de 25 años,Hogar formado por pareja con hijos en donde algún hijo es menor de 25 años,5,Person_2023|Person_2024|Person_2025|Person_2026|Person_2027,,residential
HH_779,2 personas,Carrascal,Hogar con un solo progenitor que convive con todos sus hijos de 25 años o más,Hogar con un solo progenitor que convive con todos sus hijos de 25 años o más,2,Person_2028|Person_2029,,apartments
HH_780,3 personas,Zarzaquemada,Hogar formado por pareja con hijos en donde algún hijo es menor de 25 años,Hogar formado por pareja con hijos en donde algún hijo es menor de 25 años,3,Person_2030|Person_2031|Person_2032,Madrid,city
HH_781,4 personas,Zarzaquemada,Hogar formado por pareja con hijos en donde algún hijo es menor de 25 años,Hogar formado por pareja con hijos en donde algún hijo es menor de 25 años,4,Person_2033|Person_2034|Person_2035|Person_2036,,residential
HH_782,4 personas,Zarzaquemada,Hogar formado por pareja con hijos en donde algún hijo es menor de 25 años,Hogar formado por pareja con hijos en donde algún hijo es menor de 25 años,4,Person_2037|Person_2038|Person_2039|Person_2040,Madrid,city
HH_783,2 personas,Carrascal,Hogar formado por pareja sin hijos,Hogar formado por pareja sin hijos,2,Person_2041|Person_2042,,apartments
HH_784,1 persona,Carrascal,Hogar con una mujer sola menor de 65 años,Hogar con una mujer sola menor de 65 años,1,Person_2043,,house
HH_785,4 personas,Carrascal,Hogar formado por pareja con hijos en donde todos los hijos de 25 años o más,Hogar formado por pareja con hijos en donde todos los hijos de 25 años o más,4,Person_2044|Person_2045|Person_2046|Person_2047,Pabellón de hielo de Leganés,yes
HH_786,2 personas,Norte,Hogar formado por pareja sin hijos,Hogar formado por pareja sin hijos,2,Person_2048|Person_2049,,apartments
HH_787,2 personas,San Nicasio,Hogar formado por pareja sin hijos,Hogar formado por pareja sin hijos,2,Person_2050|Person_2051,,semidetached_house
HH_788,3 personas,Sur,Hogar formado por pareja con hijos en donde algún hijo es menor de 25 años,Hogar formado por pareja con hijos en donde algún hijo es menor de 25 años,3,Person_2052|Person_2053|Person_2054,Madrid,city
HH_789,3 personas,Norte,Hogar formado por pareja con hijos en donde todos los hijos de 25 años o más,Hogar formado por pareja con hijos en donde todos los hijos de 25 años o más,3,Person_2055|Person_2056|Person_2057,Mostoles,city
HH_790,3 personas,Zarzaquemada,Hogar formado por pareja con hijos en donde todos los hijos de 25 años o más,Hogar formado por pareja con hijos en donde todos los hijos de 25 años o más,3,Person_2058|Person_2059|Person_2060,,apartments
HH_791,3 personas,Sur,Hogar con un solo progenitor que convive con algún hijo menor de 25 años,Hogar con un solo progenitor que convive con algún hijo menor de 25 años,3,Person_2061|Person_2062|Person_2063,,yes
HH_792,4 personas,San Nicasio,Hogar formado por pareja con hijos en donde todos los hijos de 25 años o más,Hogar formado por pareja con hijos en donde todos los hijos de 25 años o más,4,Person_2064|Person_2065|Person_2066|Person_2067,,semidetached_house
HH_793,4 personas,Zarzaquemada,Hogar formado por pareja con hijos en donde todos los hijos de 25 años o más,Hogar formado por pareja con hijos en donde todos los hijos de 25 años o más,4,Person_2068|Person_2069|Person_2070|Person_2071,,apartments
HH_794,4 personas,Zarzaquemada,Hogar formado por pareja con hijos en donde algún hijo es menor de 25 años,Hogar formado por pareja con hijos en donde algún hijo es menor de 25 años,4,Person_2072|Person_2073|Person_2074|Person_2075,,apartments
HH_795,3 personas,Zarzaquemada,Hogar formado por pareja con hijos en donde algún hijo es menor de 25 años,Hogar formado por pareja con hijos en donde algún hijo es menor de 25 años,3,Person_2076|Person_2077|Person_2078,Madrid,city
HH_796,1 persona,Zarzaquemada,Hogar con un hombre solo de 65 años o más,Hogar con un hombre solo de 65 años o más,1,Person_2079,Madrid,city
HH_797,4 personas,Fortuna,Hogar formado por pareja con hijos en donde todos los hijos de 25 años o más,Hogar formado por pareja con hijos en donde todos los hijos de 25 años o más,4,Person_2080|Person_2081|Person_2082|Person_2083,Madrid,city
HH_798,4 personas,Carrascal,Hogar formado por pareja con hijos en donde algún hijo es menor de 25 años,Hogar formado por pareja con hijos en donde algún hijo es menor de 25 años,4,Person_2084|Person_2085|Person_2086|Person_2087,Madrid,city
HH_799,4 personas,Norte,Hogar formado por pareja con hijos en donde algún hijo es menor de 25 años,Hogar formado por pareja con hijos en donde algún hijo es menor de 25 años,4,Person_2088|Person_2089|Person_2090|Person_2091,,apartments
HH_800,2 personas,Fortuna,Hogar con un solo progenitor que convive con algún hijo menor de 25 años,Hogar con un solo progenitor que convive con algún hijo menor de 25 años,2,Person_2092|Person_2093,,yes
HH_801,3 personas,Zarzaquemada,Hogar con un solo progenitor que convive con algún hijo menor de 25 años,Hogar con un solo progenitor que convive con algún hijo menor de 25 años,3,Person_2094|Person_2095|Person_2096,,apartments
HH_802,2 personas,Carrascal,Hogar formado por pareja sin hijos,Hogar formado por pareja sin hijos,2,Person_2097|Person_2098,,house
HH_803,3 personas,Zarzaquemada,Hogar formado por pareja con hijos en donde todos los hijos de 25 años o más,Hogar formado por pareja con hijos en donde todos los hijos de 25 años o más,3,Person_2099|Person_2100|Person_2101,,apartments
HH_804,2 personas,Zarzaquemada,Hogar con un solo progenitor que convive con todos sus hijos de 25 años o más,Hogar con un solo progenitor que convive con todos sus hijos de 25 años o más,2,Person_2102|Person_2103,,apartments
HH_805,2 personas,Zarzaquemada,Hogar formado por pareja sin hijos,Hogar formado por pareja sin hijos,2,Person_2104|Person_2105,Getafe norte,city
HH_806,2 personas,Sur,Hogar formado por pareja sin hijos,Hogar formado por pareja sin hijos,2,Person_2106|Person_2107,,residential
HH_807,1 persona,Zarzaquemada,Hogar con un hombre solo de 65 años o más,Hogar con un hombre solo de 65 años o más,1,Person_2108,,residential
HH_808,2 personas,Zarzaquemada,Hogar formado por pareja sin hijos,Hogar formado por pareja sin hijos,2,Person_2109|Person_2110,Fuenlabrada,city
HH_809,4 personas,San Nicasio,Hogar con un solo progenitor que convive con algún hijo menor de 25 años,Hogar con un solo progenitor que convive con algún hijo menor de 25 años,4,Person_2111|Person_2112|Person_2113|Person_2114,,apartments
HH_810,2 personas,Polvoranca,Hogar formado por pareja sin hijos,Hogar formado por pareja sin hijos,2,Person_2115|Person_2116,,house
HH_811,4 personas,Sur,Hogar formado por pareja con hijos en donde algún hijo es menor de 25 años,Hogar formado por pareja con hijos en donde algún hijo es menor de 25 años,4,Person_2117|Person_2118|Person_2119|Person_2120,,apartments
HH_812,2 personas,Zarzaquemada,Hogar formado por pareja sin hijos,Hogar formado por pareja sin hijos,2,Person_2121|Person_2122,,apartments
HH_813,4 personas,Carrascal,Hogar formado por pareja con hijos en donde algún hijo es menor de 25 años,Hogar formado por pareja con hijos en donde algún hijo es menor de 25 años,4,Person_2123|Person_2124|Person_2125|Person_2126,,apartments
HH_814,2 personas,Carrascal,Hogar formado por pareja sin hijos,Hogar formado por pareja sin hijos,2,Person_2127|Person_2128,Getafe norte,city
HH_815,1 persona,Sur,Hogar con una mujer sola de 65 años o más,Hogar con una mujer sola de 65 años o más,1,Person_2129,Alcorcon,city
HH_816,1 persona,Carrascal,Hogar con un hombre solo de 65 años o más,Hogar con un hombre solo de 65 años o más,1,Person_2130,,semidetached_house
HH_817,1 persona,San Nicasio,Hogar con una mujer sola menor de 65 años,Hogar con una mujer sola menor de 65 años,1,Person_2131,,house
HH_818,3 personas,Sur,Hogar formado por pareja con hijos en donde algún hijo es menor de 25 años,Hogar formado por pareja con hijos en donde algún hijo es menor de 25 años,3,Person_2132|Person_2133|Person_2134,,apartments
HH_819,1 persona,Sur,Hogar con un hombre solo de 65 años o más,Hogar con un hombre solo de 65 años o más,1,Person_2135,,residential
HH_820,1 persona,Carrascal,Hogar con un hombre solo menor de 65 años,Hogar con un hombre solo menor de 65 años,1,Person_2136,,apartments
HH_821,4 personas,Carrascal,Hogar formado por pareja con hijos en donde algún hijo es menor de 25 años,Hogar formado por pareja con hijos en donde algún hijo es menor de 25 años,4,Person_2137|Person_2138|Person_2139|Person_2140,,apartments
HH_822,3 personas,Sur,Hogar formado por pareja con hijos en donde algún hijo es menor de 25 años,Hogar formado por pareja con hijos en donde algún hijo es menor de 25 años,3,Person_2141|Person_2142|Person_2143,,yes
HH_823,4 personas,San Nicasio,Hogar formado por pareja con hijos en donde algún hijo es menor de 25 años,Hogar formado por pareja con hijos en donde algún hijo es menor de 25 años,4,Person_2144|Person_2145|Person_2146|Person_2147,,semidetached_house
HH_824,5 o mas personas,Sur,Hogar formado por pareja o un solo progenitor que convive con algún hijo menor de 25 años y otra(s) persona(s),Hogar formado por pareja o un solo progenitor que convive con algún hijo menor de 25 años y otra(s) persona(s),5,Person_2148|Person_2149|Person_2150|Person_2151|Person_2152,,house
HH_825,2 personas,Carrascal,Hogar formado por pareja sin hijos,Hogar formado por pareja sin hijos,2,Person_2153|Person_2154,,semidetached_house
HH_826,4 personas,Sur,Hogar formado por pareja con hijos en donde algún hijo es menor de 25 años,Hogar formado por pareja con hijos en donde algún hijo es menor de 25 años,4,Person_2155|Person_2156|Person_2157|Person_2158,,residential
HH_827,2 personas,San Nicasio,Hogar formado por pareja sin hijos,Hogar formado por pareja sin hijos,2,Person_2159|Person_2160,,semidetached_house
HH_828,2 personas,Zarzaquemada,Hogar con un solo progenitor que convive con todos sus hijos de 25 años o más,Hogar con un solo progenitor que convive con todos sus hijos de 25 años o más,2,Person_2161|Person_2162,,apartments
HH_829,3 personas,Zarzaquemada,Hogar con un solo progenitor que convive con algún hijo menor de 25 años,Hogar con un solo progenitor que convive con algún hijo menor de 25 años,3,Person_2163|Person_2164|Person_2165,Madrid,city
HH_830,2 personas,Norte,Hogar formado por pareja sin hijos,Hogar formado por pareja sin hijos,2,Person_2166|Person_2167,,yes
HH_831,4 personas,Sur,Hogar formado por pareja con hijos en donde algún hijo es menor de 25 años,Hogar formado por pareja con hijos en donde algún hijo es menor de 25 años,4,Person_2168|Person_2169|Person_2170|Person_2171,Madrid,city
HH_832,4 personas,Fortuna,Hogar formado por pareja con hijos en donde algún hijo es menor de 25 años,Hogar formado por pareja con hijos en donde algún hijo es menor de 25 años,4,Person_2172|Person_2173|Person_2174|Person_2175,,yes
HH_833,1 persona,Carrascal,Hogar con una mujer sola menor de 65 años,Hogar con una mujer sola menor de 65 años,1,Person_2176,,semidetached_house
HH_834,1 persona,Polvoranca,Hogar con una mujer sola menor de 65 años,Hogar con una mujer sola menor de 65 años,1,Person_2177,,house
HH_835,2 personas,Fortuna,Hogar formado por pareja sin hijos,Hogar formado por pareja sin hijos,2,Person_2178|Person_2179,Madrid,city
HH_836,2 personas,Carrascal,Hogar formado por pareja sin hijos,Hogar formado por pareja sin hijos,2,Person_2180|Person_2181,Madrid,city
HH_837,1 persona,Zarzaquemada,Hogar con una mujer sola de 65 años o más,Hogar con una mujer sola de 65 años o más,1,Person_2182,,residential
HH_838,3 personas,Sur,Otro tipo de hogar,Otro tipo de hogar,3,Person_2183|Person_2184|Person_2185,,yes
HH_839,4 personas,Zarzaquemada,Hogar formado por pareja con hijos en donde algún hijo es menor de 25 años,Hogar formado por pareja con hijos en donde algún hijo es menor de 25 años,4,Person_2186|Person_2187|Person_2188|Person_2189,Alcorcon,city
HH_840,4 personas,Carrascal,Otro tipo de hogar,Otro tipo de hogar,4,Person_2190|Person_2191|Person_2192|Person_2193,Madrid,city
HH_841,2 personas,Zarzaquemada,Hogar formado por pareja sin hijos,Hogar formado por pareja sin hijos,2,Person_2194|Person_2195,,apartments
HH_842,2 personas,Carrascal,Hogar formado por pareja sin hijos,Hogar formado por pareja sin hijos,2,Person_2196|Person_2197,Madrid,city
HH_843,4 personas,Carrascal,Hogar formado por pareja con hijos en donde algún hijo es menor de 25 años,Hogar formado por pareja con hijos en donde algún hijo es menor de 25 años,4,Person_2198|Person_2199|Person_2200|Person_2201,,apartments
HH_844,1 persona,Zarzaquemada,Hogar con una mujer sola de 65 años o más,Hogar con una mujer sola de 65 años o más,1,Person_2202,,residential
HH_845,3 personas,Polvoranca,Hogar formado por pareja con hijos en donde algún hijo es menor de 25 años,Hogar formado por pareja con hijos en donde algún hijo es menor de 25 años,3,Person_2203|Person_2204|Person_2205,,house
HH_846,5 o mas personas,Polvoranca,Hogar con un solo progenitor que convive con todos sus hijos de 25 años o más,Hogar con un solo progenitor que convive con todos sus hijos de 25 años o más,5,Person_2206|Person_2207|Person_2208|Person_2209|Person_2210,,semidetached_house
HH_847,4 personas,Sur,Hogar formado por pareja con hijos en donde algún hijo es menor de 25 años,Hogar formado por pareja con hijos en donde algún hijo es menor de 25 años,4,Person_2211|Person_2212|Person_2213|Person_2214,,yes
HH_848,2 personas,Norte,Hogar formado por pareja sin hijos,Hogar formado por pareja sin hijos,2,Person_2215|Person_2216,,apartments
HH_849,1 persona,Norte,Hogar con una mujer sola de 65 años o más,Hogar con una mujer sola de 65 años o más,1,Person_2217,Fuenlabrada,city
HH_850,2 personas,Norte,Otro tipo de hogar,Otro tipo de hogar,2,Person_2218|Person_2219,Madrid,city
HH_851,1 persona,Sur,Hogar con un hombre solo menor de 65 años,Hogar con un hombre solo menor de 65 años,1,Person_2220,Subaru,yes
HH_852,2 personas,San Nicasio,Hogar con un solo progenitor que convive con algún hijo menor de 25 años,Hogar con un solo progenitor que convive con algún hijo menor de 25 años,2,Person_2221|Person_2222,,house
HH_853,3 personas,Zarzaquemada,Hogar con un solo progenitor que convive con algún hijo menor de 25 años,Hogar con un solo progenitor que convive con algún hijo menor de 25 años,3,Person_2223|Person_2224|Person_2225,,residential
HH_854,2 personas,San Nicasio,Hogar formado por pareja sin hijos,Hogar formado por pareja sin hijos,2,Person_2226|Person_2227,Madrid,city
HH_855,2 personas,Sur,Hogar formado por pareja sin hijos,Hogar formado por pareja sin hijos,2,Person_2228|Person_2229,Madrid,city
HH_856,2 personas,Zarzaquemada,Hogar formado por pareja sin hijos,Hogar formado por pareja sin hijos,2,Person_2230|Person_2231,,apartments
HH_857,4 personas,Polvoranca,Hogar formado por pareja con hijos en donde algún hijo es menor de 25 años,Hogar formado por pareja con hijos en donde algún hijo es menor de 25 años,4,Person_2232|Person_2233|Person_2234|Person_2235,Fuenlabrada,city
HH_858,1 persona,Carrascal,Hogar con un hombre solo menor de 65 años,Hogar con un hombre solo menor de 65 años,1,Person_2236,,house
HH_859,2 personas,Carrascal,Hogar formado por pareja sin hijos,Hogar formado por pareja sin hijos,2,Person_2237|Person_2238,Madrid,city
HH_860,4 personas,Zarzaquemada,Hogar formado por pareja con hijos en donde algún hijo es menor de 25 años,Hogar formado por pareja con hijos en donde algún hijo es menor de 25 años,4,Person_2239|Person_2240|Person_2241|Person_2242,,residential
HH_861,3 personas,Fortuna,Hogar formado por pareja con hijos en donde algún hijo es menor de 25 años,Hogar formado por pareja con hijos en donde algún hijo es menor de 25 años,3,Person_2243|Person_2244|Person_2245,,semidetached_house
HH_862,4 personas,Carrascal,Hogar formado por pareja con hijos en donde algún hijo es menor de 25 años,Hogar formado por pareja con hijos en donde algún hijo es menor de 25 años,4,Person_2246|Person_2247|Person_2248|Person_2249,,detached
HH_863,1 persona,Zarzaquemada,Hogar con una mujer sola de 65 años o más,Hogar con una mujer sola de 65 años o más,1,Person_2250,,apartments
HH_864,1 persona,San Nicasio,Hogar con una mujer sola menor de 65 años,Hogar con una mujer sola menor de 65 años,1,Person_2251,,semidetached_house
HH_865,2 personas,Sur,Hogar formado por pareja sin hijos,Hogar formado por pareja sin hijos,2,Person_2252|Person_2253,,yes
HH_866,2 personas,Carrascal,Hogar formado por pareja sin hijos,Hogar formado por pareja sin hijos,2,Person_2254|Person_2255,,semidetached_house
HH_867,1 persona,San Nicasio,Hogar con una mujer sola de 65 años o más,Hogar con una mujer sola de 65 años o más,1,Person_2256,Parque de Bomberos - Leganés.,yes
HH_868,1 persona,Fortuna,Hogar con un hombre solo de 65 años o más,Hogar con un hombre solo de 65 años o más,1,Person_2257,,yes
HH_869,1 persona,San Nicasio,Hogar con una mujer sola de 65 años o más,Hogar con una mujer sola de 65 años o más,1,Person_2258,,semidetached_house
HH_870,2 personas,Sur,Hogar formado por pareja sin hijos,Hogar formado por pareja sin hijos,2,Person_2259|Person_2260,,yes
HH_871,3 personas,San Nicasio,Hogar formado por pareja con hijos en donde algún hijo es menor de 25 años,Hogar formado por pareja con hijos en donde algún hijo es menor de 25 años,3,Person_2261|Person_2262|Person_2263,,semidetached_house
HH_872,3 personas,Carrascal,Hogar formado por pareja con hijos en donde algún hijo es menor de 25 años,Hogar formado por pareja con hijos en donde algún hijo es menor de 25 años,3,Person_2264|Person_2265|Person_2266,Getafe norte,city
HH_873,4 personas,Sur,Hogar con un solo progenitor que convive con todos sus hijos de 25 años o más,Hogar con un solo progenitor que convive con todos sus hijos de 25 años o más,4,Person_2267|Person_2268|Person_2269|Person_2270,Madrid,city
HH_874,4 personas,Sur,Hogar formado por pareja con hijos en donde algún hijo es menor de 25 años,Hogar formado por pareja con hijos en donde algún hijo es menor de 25 años,4,Person_2271|Person_2272|Person_2273|Person_2274,Fuenlabrada,city
HH_875,3 personas,Norte,Hogar formado por pareja o un solo progenitor que convive con algún hijo menor de 25 años y otra(s) persona(s),Hogar formado por pareja o un solo progenitor que convive con algún hijo menor de 25 años y otra(s) persona(s),3,Person_2275|Person_2276|Person_2277,,yes
HH_876,1 persona,Sur,Hogar con un hombre solo menor de 65 años,Hogar con un hombre solo menor de 65 años,1,Person_2278,Madrid,city
HH_877,2 personas,Sur,Hogar formado por pareja sin hijos,Hogar formado por pareja sin hijos,2,Person_2279|Person_2280,,yes
HH_878,4 personas,Zarzaquemada,Hogar formado por pareja con hijos en donde algún hijo es menor de 25 años,Hogar formado por pareja con hijos en donde algún hijo es menor de 25 años,4,Person_2281|Person_2282|Person_2283|Person_2284,,apartments
HH_879,4 personas,San Nicasio,Hogar formado por pareja con hijos en donde algún hijo es menor de 25 años,Hogar formado por pareja con hijos en donde algún hijo es menor de 25 años,4,Person_2285|Person_2286|Person_2287|Person_2288,Getafe norte,city
HH_880,1 persona,Zarzaquemada,Hogar con una mujer sola de 65 años o más,Hogar con una mujer sola de 65 años o más,1,Person_2289,Madrid,city
HH_881,4 personas,Sur,Hogar formado por pareja con hijos en donde algún hijo es menor de 25 años,Hogar formado por pareja con hijos en donde algún hijo es menor de 25 años,4,Person_2290|Person_2291|Person_2292|Person_2293,,residential
HH_882,3 personas,Zarzaquemada,Hogar formado por pareja con hijos en donde todos los hijos de 25 años o más,Hogar formado por pareja con hijos en donde todos los hijos de 25 años o más,3,Person_2294|Person_2295|Person_2296,,residential
HH_883,2 personas,Carrascal,Hogar con un solo progenitor que convive con todos sus hijos de 25 años o más,Hogar con un solo progenitor que convive con todos sus hijos de 25 años o más,2,Person_2297|Person_2298,,semidetached_house
HH_884,2 personas,Zarzaquemada,Hogar formado por pareja sin hijos,Hogar formado por pareja sin hijos,2,Person_2299|Person_2300,,apartments
HH_885,3 personas,Sur,Hogar formado por pareja con hijos en donde algún hijo es menor de 25 años,Hogar formado por pareja con hijos en donde algún hijo es menor de 25 años,3,Person_2301|Person_2302|Person_2303,,apartments
HH_886,1 persona,Zarzaquemada,Hogar con una mujer sola menor de 65 años,Hogar con una mujer sola menor de 65 años,1,Person_2304,,residential
HH_887,2 personas,Polvoranca,Hogar formado por pareja sin hijos,Hogar formado por pareja sin hijos,2,Person_2305|Person_2306,,house
HH_888,3 personas,Zarzaquemada,Hogar formado por pareja con hijos en donde todos los hijos de 25 años o más,Hogar formado por pareja con hijos en donde todos los hijos de 25 años o más,3,Person_2307|Person_2308|Person_2309,,residential
HH_889,1 persona,Norte,Hogar con un hombre solo menor de 65 años,Hogar con un hombre solo menor de 65 años,1,Person_2310,Getafe norte,city
HH_890,1 persona,Carrascal,Hogar con un hombre solo menor de 65 años,Hogar con un hombre solo menor de 65 años,1,Person_2311,,yes
HH_891,4 personas,Zarzaquemada,Hogar formado por pareja con hijos en donde algún hijo es menor de 25 años,Hogar formado por pareja con hijos en donde algún hijo es menor de 25 años,4,Person_2312|Person_2313|Person_2314|Person_2315,,residential
HH_892,1 persona,Carrascal,Hogar con una mujer sola de 65 años o más,Hogar con una mujer sola de 65 años o más,1,Person_2316,Madrid,city
HH_893,5 o mas personas,Sur,Hogar formado por pareja con hijos en donde algún hijo es menor de 25 años,Hogar formado por pareja con hijos en donde algún hijo es menor de 25 años,5,Person_2317|Person_2318|Person_2319|Person_2320|Person_2321,,yes
HH_894,1 persona,Carrascal,Hogar con una mujer sola de 65 años o más,Hogar con una mujer sola de 65 años o más,1,Person_2322,,detached
HH_895,2 personas,Zarzaquemada,Hogar formado por pareja sin hijos,Hogar formado por pareja sin hijos,2,Person_2323|Person_2324,,apartments
HH_896,4 personas,Zarzaquemada,Hogar formado por pareja con hijos en donde todos los hijos de 25 años o más,Hogar formado por pareja con hijos en donde todos los hijos de 25 años o más,4,Person_2325|Person_2326|Person_2327|Person_2328,,residential
HH_897,2 personas,Carrascal,Hogar formado por pareja sin hijos,Hogar formado por pareja sin hijos,2,Person_2329|Person_2330,Fuenlabrada,city
HH_898,2 personas,Norte,Hogar formado por pareja sin hijos,Hogar formado por pareja sin hijos,2,Person_2331|Person_2332,,yes
HH_899,5 o mas personas,Carrascal,Hogar formado por pareja o un solo progenitor que convive con algún hijo menor de 25 años y otra(s) persona(s),Hogar formado por pareja o un solo progenitor que convive con algún hijo menor de 25 años y otra(s) persona(s),5,Person_2333|Person_2334|Person_2335|Person_2336|Person_2337,,semidetached_house
HH_900,3 personas,Polvoranca,Hogar formado por pareja con hijos en donde algún hijo es menor de 25 años,Hogar formado por pareja con hijos en donde algún hijo es menor de 25 años,3,Person_2338|Person_2339|Person_2340,,semidetached_house
HH_901,1 persona,Carrascal,Hogar con una mujer sola de 65 años o más,Hogar con una mujer sola de 65 años o más,1,Person_2341,,yes
HH_902,4 personas,Zarzaquemada,Hogar formado por pareja con hijos en donde algún hijo es menor de 25 años,Hogar formado por pareja con hijos en donde algún hijo es menor de 25 años,4,Person_2342|Person_2343|Person_2344|Person_2345,,apartments
HH_903,1 persona,Zarzaquemada,Hogar con un hombre solo menor de 65 años,Hogar con un hombre solo menor de 65 años,1,Person_2346,,apartments
HH_904,3 personas,Zarzaquemada,Hogar formado por pareja con hijos en donde algún hijo es menor de 25 años,Hogar formado por pareja con hijos en donde algún hijo es menor de 25 años,3,Person_2347|Person_2348|Person_2349,,residential
HH_905,1 persona,Zarzaquemada,Hogar con un hombre solo de 65 años o más,Hogar con un hombre solo de 65 años o más,1,Person_2350,,residential
HH_906,2 personas,Zarzaquemada,Hogar con un solo progenitor que convive con todos sus hijos de 25 años o más,Hogar con un solo progenitor que convive con todos sus hijos de 25 años o más,2,Person_2351|Person_2352,Madrid,city
HH_907,4 personas,Zarzaquemada,Hogar formado por pareja con hijos en donde algún hijo es menor de 25 años,Hogar formado por pareja con hijos en donde algún hijo es menor de 25 años,4,Person_2353|Person_2354|Person_2355|Person_2356,,apartments
HH_908,4 personas,Norte,Hogar formado por pareja con hijos en donde algún hijo es menor de 25 años,Hogar formado por pareja con hijos en donde algún hijo es menor de 25 años,4,Person_2357|Person_2358|Person_2359|Person_2360,Madrid,city
HH_909,1 persona,Polvoranca,Hogar con una mujer sola de 65 años o más,Hogar con una mujer sola de 65 años o más,1,Person_2361,Getafe norte,city
HH_910,5 o mas personas,Norte,Hogar formado por pareja o un solo progenitor que convive con algún hijo menor de 25 años y otra(s) persona(s),Hogar formado por pareja o un solo progenitor que convive con algún hijo menor de 25 años y otra(s) persona(s),5,Person_2362|Person_2363|Person_2364|Person_2365|Person_2366,,yes
HH_911,2 personas,Carrascal,Hogar formado por pareja sin hijos,Hogar formado por pareja sin hijos,2,Person_2367|Person_2368,,apartments
HH_912,1 persona,San Nicasio,Hogar con una mujer sola menor de 65 años,Hogar con una mujer sola menor de 65 años,1,Person_2369,,yes
HH_913,2 personas,Sur,Hogar formado por pareja sin hijos,Hogar formado por pareja sin hijos,2,Person_2370|Person_2371,,apartments
HH_914,4 personas,Zarzaquemada,Hogar formado por pareja con hijos en donde algún hijo es menor de 25 años,Hogar formado por pareja con hijos en donde algún hijo es menor de 25 años,4,Person_2372|Person_2373|Person_2374|Person_2375,Fuenlabrada,city
HH_915,2 personas,Carrascal,Hogar formado por pareja sin hijos,Hogar formado por pareja sin hijos,2,Person_2376|Person_2377,Getafe norte,city
HH_916,1 persona,Carrascal,Hogar con un hombre solo menor de 65 años,Hogar con un hombre solo menor de 65 años,1,Person_2378,Fuenlabrada,city
HH_917,4 personas,San Nicasio,Hogar formado por pareja con hijos en donde todos los hijos de 25 años o más,Hogar formado por pareja con hijos en donde todos los hijos de 25 años o más,4,Person_2379|Person_2380|Person_2381|Person_2382,,semidetached_house
HH_918,1 persona,Zarzaquemada,Hogar con una mujer sola de 65 años o más,Hogar con una mujer sola de 65 años o más,1,Person_2383,,apartments
HH_919,1 persona,Sur,Hogar con un hombre solo menor de 65 años,Hogar con un hombre solo menor de 65 años,1,Person_2384,,yes
HH_920,4 personas,Carrascal,Hogar formado por pareja con hijos en donde algún hijo es menor de 25 años,Hogar formado por pareja con hijos en donde algún hijo es menor de 25 años,4,Person_2385|Person_2386|Person_2387|Person_2388,Fuenlabrada,city
HH_921,2 personas,Sur,Hogar formado por pareja sin hijos,Hogar formado por pareja sin hijos,2,Person_2389|Person_2390,Madrid,city
HH_922,3 personas,Carrascal,Hogar con un solo progenitor que convive con algún hijo menor de 25 años,Hogar con un solo progenitor que convive con algún hijo menor de 25 años,3,Person_2391|Person_2392|Person_2393,,house
HH_923,1 persona,San Nicasio,Hogar con una mujer sola de 65 años o más,Hogar con una mujer sola de 65 años o más,1,Person_2394,,yes
HH_924,3 personas,Zarzaquemada,Otro tipo de hogar,Otro tipo de hogar,3,Person_2395|Person_2396|Person_2397,,residential
HH_925,2 personas,Zarzaquemada,Hogar formado por pareja sin hijos,Hogar formado por pareja sin hijos,2,Person_2398|Person_2399,,residential
HH_926,4 personas,Carrascal,Hogar formado por pareja con hijos en donde algún hijo es menor de 25 años,Hogar formado por pareja con hijos en donde algún hijo es menor de 25 años,4,Person_2400|Person_2401|Person_2402|Person_2403,,apartments
HH_927,5 o mas personas,Sur,Hogar formado por pareja con hijos en donde algún hijo es menor de 25 años,Hogar formado por pareja con hijos en donde algún hijo es menor de 25 años,5,Person_2404|Person_2405|Person_2406|Person_2407|Person_2408,Madrid,city
HH_928,2 personas,Sur,Hogar formado por pareja sin hijos,Hogar formado por pareja sin hijos,2,Person_2409|Person_2410,,yes
HH_929,4 personas,Carrascal,Hogar formado por pareja con hijos en donde algún hijo es menor de 25 años,Hogar formado por pareja con hijos en donde algún hijo es menor de 25 años,4,Person_2411|Person_2412|Person_2413|Person_2414,,house
HH_930,2 personas,Fortuna,Hogar formado por pareja sin hijos,Hogar formado por pareja sin hijos,2,Person_2415|Person_2416,Madrid,city
HH_931,2 personas,Polvoranca,Hogar con un solo progenitor que convive con todos sus hijos de 25 años o más,Hogar con un solo progenitor que convive con todos sus hijos de 25 años o más,2,Person_2417|Person_2418,,house
HH_932,2 personas,Sur,Hogar formado por pareja sin hijos,Hogar formado por pareja sin hijos,2,Person_2419|Person_2420,Madrid,city
HH_933,3 personas,Zarzaquemada,Hogar formado por pareja con hijos en donde algún hijo es menor de 25 años,Hogar formado por pareja con hijos en donde algún hijo es menor de 25 años,3,Person_2421|Person_2422|Person_2423,Madrid,city
HH_934,3 personas,Zarzaquemada,Hogar formado por pareja con hijos en donde algún hijo es menor de 25 años,Hogar formado por pareja con hijos en donde algún hijo es menor de 25 años,3,Person_2424|Person_2425|Person_2426,,apartments
HH_935,3 personas,Zarzaquemada,Hogar formado por pareja con hijos en donde algún hijo es menor de 25 años,Hogar formado por pareja con hijos en donde algún hijo es menor de 25 años,3,Person_2427|Person_2428|Person_2429,Fuenlabrada,city
HH_936,3 personas,Norte,Hogar formado por pareja con hijos en donde algún hijo es menor de 25 años,Hogar formado por pareja con hijos en donde algún hijo es menor de 25 años,3,Person_2430|Person_2431|Person_2432,,yes
HH_937,1 persona,Sur,Hogar con una mujer sola de 65 años o más,Hogar con una mujer sola de 65 años o más,1,Person_2433,Madrid,city
HH_938,4 personas,Sur,Hogar formado por pareja o un solo progenitor que convive con algún hijo menor de 25 años y otra(s) persona(s),Hogar formado por pareja o un solo progenitor que convive con algún hijo menor de 25 años y otra(s) persona(s),4,Person_2434|Person_2435|Person_2436|Person_2437,Madrid,city
HH_939,2 personas,Carrascal,Hogar formado por pareja sin hijos,Hogar formado por pareja sin hijos,2,Person_2438|Person_2439,Madrid,city
HH_940,2 personas,Zarzaquemada,Hogar formado por pareja sin hijos,Hogar formado por pareja sin hijos,2,Person_2440|Person_2441,Fuenlabrada,city
HH_941,1 persona,San Nicasio,Hogar con un hombre solo menor de 65 años,Hogar con un hombre solo menor de 65 años,1,Person_2442,,semidetached_house
HH_942,2 personas,Sur,Hogar formado por pareja sin hijos,Hogar formado por pareja sin hijos,2,Person_2443|Person_2444,,apartments
HH_943,2 personas,Sur,Hogar con un solo progenitor que convive con todos sus hijos de 25 años o más,Hogar con un solo progenitor que convive con todos sus hijos de 25 años o más,2,Person_2445|Person_2446,,yes
HH_944,1 persona,Sur,Hogar con un hombre solo de 65 años o más,Hogar con un hombre solo de 65 años o más,1,Person_2447,Madrid,city
HH_945,1 persona,San Nicasio,Hogar con una mujer sola de 65 años o más,Hogar con una mujer sola de 65 años o más,1,Person_2448,,yes
HH_946,5 o mas personas,Norte,Hogar formado por pareja o un solo progenitor que convive con algún hijo menor de 25 años y otra(s) persona(s),Hogar formado por pareja o un solo progenitor que convive con algún hijo menor de 25 años y otra(s) persona(s),5,Person_2449|Person_2450|Person_2451|Person_2452|Person_2453,,house
HH_947,4 personas,Zarzaquemada,Hogar formado por pareja con hijos en donde algún hijo es menor de 25 años,Hogar formado por pareja con hijos en donde algún hijo es menor de 25 años,4,Person_2454|Person_2455|Person_2456|Person_2457,,residential
HH_948,3 personas,Zarzaquemada,Otro tipo de hogar,Otro tipo de hogar,3,Person_2458|Person_2459|Person_2460,Fuenlabrada,city
HH_949,1 persona,Polvoranca,Hogar con un hombre solo de 65 años o más,Hogar con un hombre solo de 65 años o más,1,Person_2461,Alcorcon,city
HH_950,3 personas,San Nicasio,Otro tipo de hogar,Otro tipo de hogar,3,Person_2462|Person_2463|Person_2464,,yes
HH_951,2 personas,San Nicasio,Hogar formado por pareja sin hijos,Hogar formado por pareja sin hijos,2,Person_2465|Person_2466,,semidetached_house
HH_952,1 persona,Norte,Hogar con una mujer sola de 65 años o más,Hogar con una mujer sola de 65 años o más,1,Person_2467,Fuenlabrada,city
HH_953,4 personas,Norte,Hogar formado por pareja con hijos en donde algún hijo es menor de 25 años,Hogar formado por pareja con hijos en donde algún hijo es menor de 25 años,4,Person_2468|Person_2469|Person_2470|Person_2471,Madrid,city
HH_954,2 personas,San Nicasio,Hogar formado por pareja sin hijos,Hogar formado por pareja sin hijos,2,Person_2472|Person_2473,,house
HH_955,5 o mas personas,Norte,Hogar formado por pareja con hijos en donde todos los hijos de 25 años o más,Hogar formado por pareja con hijos en donde todos los hijos de 25 años o más,5,Person_2474|Person_2475|Person_2476|Person_2477|Person_2478,,yes
HH_956,4 personas,Carrascal,Hogar formado por pareja o un solo progenitor que convive con algún hijo menor de 25 años y otra(s) persona(s),Hogar formado por pareja o un solo progenitor que convive con algún hijo menor de 25 años y otra(s) persona(s),4,Person_2479|Person_2480|Person_2481|Person_2482,,house
HH_957,3 personas,Zarzaquemada,Hogar formado por pareja con hijos en donde todos los hijos de 25 años o más,Hogar formado por pareja con hijos en donde todos los hijos de 25 años o más,3,Person_2483|Person_2484|Person_2485,,residential
HH_958,4 personas,Fortuna,Hogar formado por pareja con hijos en donde algún hijo es menor de 25 años,Hogar formado por pareja con hijos en donde algún hijo es menor de 25 años,4,Person_2486|Person_2487|Person_2488|Person_2489,,yes
HH_959,2 personas,Zarzaquemada,Hogar con un solo progenitor que convive con todos sus hijos de 25 años o más,Hogar con un solo progenitor que convive con todos sus hijos de 25 años o más,2,Person_2490|Person_2491,Mostoles,city
HH_960,4 personas,San Nicasio,Otro tipo de hogar,Otro tipo de hogar,4,Person_2492|Person_2493|Person_2494|Person_2495,,semidetached_house
HH_961,3 personas,Fortuna,Hogar formado por pareja con hijos en donde todos los hijos de 25 años o más,Hogar formado por pareja con hijos en donde todos los hijos de 25 años o más,3,Person_2496|Person_2497|Person_2498,,yes
HH_962,2 personas,San Nicasio,Hogar formado por pareja sin hijos,Hogar formado por pareja sin hijos,2,Person_2499|Person_2500,Madrid,city
HH_963,3 personas,Sur,Hogar formado por pareja con hijos en donde todos los hijos de 25 años o más,Hogar formado por pareja con hijos en donde todos los hijos de 25 años o más,3,Person_2501|Person_2502|Person_2503,,yes
HH_964,2 personas,San Nicasio,Hogar formado por pareja sin hijos,Hogar formado por pareja sin hijos,2,Person_2504|Person_2505,,semidetached_house
HH_965,4 personas,Zarzaquemada,Hogar formado por pareja con hijos en donde algún hijo es menor de 25 años,Hogar formado por pareja con hijos en donde algún hijo es menor de 25 años,4,Person_2506|Person_2507|Person_2508|Person_2509,Fuenlabrada,city
HH_966,4 personas,Sur,Hogar formado por pareja con hijos en donde algún hijo es menor de 25 años,Hogar formado por pareja con hijos en donde algún hijo es menor de 25 años,4,Person_2510|Person_2511|Person_2512|Person_2513,Alcorcon,city
HH_967,1 persona,Norte,Hogar con una mujer sola de 65 años o más,Hogar con una mujer sola de 65 años o más,1,Person_2514,,apartments
HH_968,2 personas,Norte,Hogar formado por pareja sin hijos,Hogar formado por pareja sin hijos,2,Person_2515|Person_2516,,yes
HH_969,4 personas,San Nicasio,Hogar formado por pareja con hijos en donde algún hijo es menor de 25 años,Hogar formado por pareja con hijos en donde algún hijo es menor de 25 años,4,Person_2517|Person_2518|Person_2519|Person_2520,Madrid,city
HH_970,5 o mas personas,Zarzaquemada,Hogar formado por pareja con hijos en donde algún hijo es menor de 25 años,Hogar formado por pareja con hijos en donde algún hijo es menor de 25 años,5,Person_2521|Person_2522|Person_2523|Person_2524|Person_2525,,yes
HH_971,3 personas,Zarzaquemada,Hogar formado por pareja con hijos en donde todos los hijos de 25 años o más,Hogar formado por pareja con hijos en donde todos los hijos de 25 años o más,3,Person_2526|Person_2527|Person_2528,,apartments
HH_972,4 personas,Zarzaquemada,Hogar formado por pareja con hijos en donde algún hijo es menor de 25 años,Hogar formado por pareja con hijos en donde algún hijo es menor de 25 años,4,Person_2529|Person_2530|Person_2531|Person_2532,,residential
HH_973,3 personas,San Nicasio,Otro tipo de hogar,Otro tipo de hogar,3,Person_2533|Person_2534|Person_2535,,semidetached_house
HH_974,3 personas,Carrascal,Hogar formado por pareja con hijos en donde algún hijo es menor de 25 años,Hogar formado por pareja con hijos en donde algún hijo es menor de 25 años,3,Person_2536|Person_2537|Person_2538,,yes
HH_975,2 personas,Zarzaquemada,Hogar formado por pareja sin hijos,Hogar formado por pareja sin hijos,2,Person_2539|Person_2540,Fuenlabrada,city
HH_976,4 personas,Carrascal,Hogar formado por pareja con hijos en donde algún hijo es menor de 25 años,Hogar formado por pareja con hijos en donde algún hijo es menor de 25 años,4,Person_2541|Person_2542|Person_2543|Person_2544,,apartments
HH_977,4 personas,Zarzaquemada,Hogar formado por pareja con hijos en donde todos los hijos de 25 años o más,Hogar formado por pareja con hijos en donde todos los hijos de 25 años o más,4,Person_2545|Person_2546|Person_2547|Person_2548,Madrid,city
HH_978,3 personas,San Nicasio,Hogar con un solo progenitor que convive con algún hijo menor de 25 años,Hogar con un solo progenitor que convive con algún hijo menor de 25 años,3,Person_2549|Person_2550|Person_2551,,yes
HH_979,2 personas,San Nicasio,Hogar formado por pareja sin hijos,Hogar formado por pareja sin hijos,2,Person_2552|Person_2553,,semidetached_house
HH_980,3 personas,Norte,Hogar formado por pareja con hijos en donde todos los hijos de 25 años o más,Hogar formado por pareja con hijos en donde todos los hijos de 25 años o más,3,Person_2554|Person_2555|Person_2556,,yes
HH_981,3 personas,Carrascal,Hogar formado por pareja con hijos en donde algún hijo es menor de 25 años,Hogar formado por pareja con hijos en donde algún hijo es menor de 25 años,3,Person_2557|Person_2558|Person_2559,Madrid,city
HH_982,2 personas,Zarzaquemada,Hogar con un solo progenitor que convive con algún hijo menor de 25 años,Hogar con un solo progenitor que convive con algún hijo menor de 25 años,2,Person_2560|Person_2561,,apartments
HH_983,2 personas,Norte,Hogar formado por pareja sin hijos,Hogar formado por pareja sin hijos,2,Person_2562|Person_2563,,apartments
HH_984,4 personas,Zarzaquemada,Hogar formado por pareja con hijos en donde algún hijo es menor de 25 años,Hogar formado por pareja con hijos en donde algún hijo es menor de 25 años,4,Person_2564|Person_2565|Person_2566|Person_2567,Madrid,city
HH_985,5 o mas personas,Polvoranca,Hogar formado por pareja o un solo progenitor que convive con algún hijo menor de 25 años y otra(s) persona(s),Hogar formado por pareja o un solo progenitor que convive con algún hijo menor de 25 años y otra(s) persona(s),5,Person_2568|Person_2569|Person_2570|Person_2571|Person_2572,,house
HH_986,1 persona,San Nicasio,Hogar con una mujer sola de 65 años o más,Hogar con una mujer sola de 65 años o más,1,Person_2573,Getafe norte,city
HH_987,4 personas,Zarzaquemada,Hogar formado por pareja con hijos en donde algún hijo es menor de 25 años,Hogar formado por pareja con hijos en donde algún hijo es menor de 25 años,4,Person_2574|Person_2575|Person_2576|Person_2577,,apartments
HH_988,2 personas,San Nicasio,Hogar con un solo progenitor que convive con todos sus hijos de 25 años o más,Hogar con un solo progenitor que convive con todos sus hijos de 25 años o más,2,Person_2578|Person_2579,,apartments
HH_989,1 persona,Zarzaquemada,Hogar con una mujer sola menor de 65 años,Hogar con una mujer sola menor de 65 años,1,Person_2580,,apartments
HH_990,4 personas,Zarzaquemada,Hogar formado por pareja con hijos en donde algún hijo es menor de 25 años,Hogar formado por pareja con hijos en donde algún hijo es menor de 25 años,4,Person_2581|Person_2582|Person_2583|Person_2584,Madrid,city
HH_991,4 personas,San Nicasio,Hogar formado por pareja con hijos en donde algún hijo es menor de 25 años,Hogar formado por pareja con hijos en donde algún hijo es menor de 25 años,4,Person_2585|Person_2586|Person_2587|Person_2588,,house
HH_992,3 personas,San Nicasio,Hogar con un solo progenitor que convive con algún hijo menor de 25 años,Hogar con un solo progenitor que convive con algún hijo menor de 25 años,3,Person_2589|Person_2590|Person_2591,,yes
HH_993,2 personas,Carrascal,Hogar con un solo progenitor que convive con algún hijo menor de 25 años,Hogar con un solo progenitor que convive con algún hijo menor de 25 años,2,Person_2592|Person_2593,,yes
HH_994,3 personas,Polvoranca,Hogar formado por pareja con hijos en donde algún hijo es menor de 25 años,Hogar formado por pareja con hijos en donde algún hijo es menor de 25 años,3,Person_2594|Person_2595|Person_2596,,terrace
HH_995,2 personas,Zarzaquemada,Hogar formado por pareja sin hijos,Hogar formado por pareja sin hijos,2,Person_2597|Person_2598,Madrid,city
HH_996,2 personas,Zarzaquemada,Hogar formado por pareja sin hijos,Hogar formado por pareja sin hijos,2,Person_2599|Person_2600,Getafe norte,city
HH_997,4 personas,Norte,Hogar formado por pareja con hijos en donde algún hijo es menor de 25 años,Hogar formado por pareja con hijos en donde algún hijo es menor de 25 años,4,Person_2601|Person_2602|Person_2603|Person_2604,Madrid,city
HH_998,4 personas,Norte,Hogar formado por pareja con hijos en donde algún hijo es menor de 25 años,Hogar formado por pareja con hijos en donde algún hijo es menor de 25 años,4,Person_2605|Person_2606|Person_2607|Person_2608,,yes
HH_999,3 personas,San Nicasio,Hogar con un solo progenitor que convive con algún hijo menor de 25 años,Hogar con un solo progenitor que convive con algún hijo menor de 25 años,3,Person_2609|Person_2610|Person_2611,Mostoles,city
HH_1000,4 personas,Carrascal,Hogar formado por pareja con hijos en donde algún hijo es menor de 25 años,Hogar formado por pareja con hijos en donde algún hijo es menor de 25 años,4,Person_2612|Person_2613|Person_2614|Person_2615,,yes
HH_1001,3 personas,Zarzaquemada,Hogar formado por pareja con hijos en donde algún hijo es menor de 25 años,Hogar formado por pareja con hijos en donde algún hijo es menor de 25 años,3,Person_2616|Person_2617|Person_2618,,apartments
HH_1002,2 personas,Norte,Hogar formado por pareja sin hijos,Hogar formado por pareja sin hijos,2,Person_2619|Person_2620,Mostoles,city
HH_1003,3 personas,Polvoranca,Hogar formado por pareja con hijos en donde algún hijo es menor de 25 años,Hogar formado por pareja con hijos en donde algún hijo es menor de 25 años,3,Person_2621|Person_2622|Person_2623,,semidetached_house
HH_1004,3 personas,San Nicasio,Hogar formado por pareja con hijos en donde algún hijo es menor de 25 años,Hogar formado por pareja con hijos en donde algún hijo es menor de 25 años,3,Person_2624|Person_2625|Person_2626,,house
HH_1005,3 personas,Polvoranca,Hogar formado por pareja con hijos en donde todos los hijos de 25 años o más,Hogar formado por pareja con hijos en donde todos los hijos de 25 años o más,3,Person_2627|Person_2628|Person_2629,,semidetached_house
HH_1006,3 personas,Carrascal,Hogar con un solo progenitor que convive con todos sus hijos de 25 años o más,Hogar con un solo progenitor que convive con todos sus hijos de 25 años o más,3,Person_2630|Person_2631|Person_2632,,yes
HH_1007,5 o mas personas,Carrascal,Hogar formado por pareja o un solo progenitor que convive con algún hijo menor de 25 años y otra(s) persona(s),Hogar formado por pareja o un solo progenitor que convive con algún hijo menor de 25 años y otra(s) persona(s),5,Person_2633|Person_2634|Person_2635|Person_2636|Person_2637,,house
HH_1008,3 personas,Zarzaquemada,Hogar formado por pareja con hijos en donde algún hijo es menor de 25 años,Hogar formado por pareja con hijos en donde algún hijo es menor de 25 años,3,Person_2638|Person_2639|Person_2640,,apartments
HH_1009,2 personas,Sur,Hogar con un solo progenitor que convive con algún hijo menor de 25 años,Hogar con un solo progenitor que convive con algún hijo menor de 25 años,2,Person_2641|Person_2642,,yes
HH_1010,1 persona,Zarzaquemada,Hogar con una mujer sola menor de 65 años,Hogar con una mujer sola menor de 65 años,1,Person_2643,,residential
HH_1011,3 personas,Fortuna,Hogar formado por pareja con hijos en donde algún hijo es menor de 25 años,Hogar formado por pareja con hijos en donde algún hijo es menor de 25 años,3,Person_2644|Person_2645|Person_2646,,yes
HH_1012,4 personas,San Nicasio,Hogar formado por pareja con hijos en donde algún hijo es menor de 25 años,Hogar formado por pareja con hijos en donde algún hijo es menor de 25 años,4,Person_2647|Person_2648|Person_2649|Person_2650,,house
HH_1013,3 personas,Sur,Hogar formado por pareja con hijos en donde algún hijo es menor de 25 años,Hogar formado por pareja con hijos en donde algún hijo es menor de 25 años,3,Person_2651|Person_2652|Person_2653,,apartments
HH_1014,1 persona,Carrascal,Hogar con una mujer sola de 65 años o más,Hogar con una mujer sola de 65 años o más,1,Person_2654,Centro de Salud María Montessori,yes
HH_1015,1 persona,Fortuna,Hogar con una mujer sola menor de 65 años,Hogar con una mujer sola menor de 65 años,1,Person_2655,Madrid,city
HH_1016,4 personas,Zarzaquemada,Hogar formado por pareja o un solo progenitor que convive con algún hijo menor de 25 años y otra(s) persona(s),Hogar formado por pareja o un solo progenitor que convive con algún hijo menor de 25 años y otra(s) persona(s),4,Person_2656|Person_2657|Person_2658|Person_2659,Madrid,city
HH_1017,4 personas,Zarzaquemada,Hogar formado por pareja con hijos en donde algún hijo es menor de 25 años,Hogar formado por pareja con hijos en donde algún hijo es menor de 25 años,4,Person_2660|Person_2661|Person_2662|Person_2663,Getafe norte,city
HH_1018,2 personas,Zarzaquemada,Hogar con un solo progenitor que convive con algún hijo menor de 25 años,Hogar con un solo progenitor que convive con algún hijo menor de 25 años,2,Person_2664|Person_2665,,residential
HH_1019,3 personas,Fortuna,Hogar con un solo progenitor que convive con todos sus hijos de 25 años o más,Hogar con un solo progenitor que convive con todos sus hijos de 25 años o más,3,Person_2666|Person_2667|Person_2668,,semidetached_house
HH_1020,2 personas,Carrascal,Hogar formado por pareja sin hijos,Hogar formado por pareja sin hijos,2,Person_2669|Person_2670,,yes
HH_1021,1 persona,San Nicasio,Hogar con una mujer sola menor de 65 años,Hogar con una mujer sola menor de 65 años,1,Person_2671,,house
HH_1022,2 personas,Sur,Hogar formado por pareja sin hijos,Hogar formado por pareja sin hijos,2,Person_2672|Person_2673,Madrid,city
HH_1023,2 personas,Zarzaquemada,Hogar formado por pareja sin hijos,Hogar formado por pareja sin hijos,2,Person_2674|Person_2675,,yes
HH_1024,4 personas,San Nicasio,Hogar formado por pareja con hijos en donde algún hijo es menor de 25 años,Hogar formado por pareja con hijos en donde algún hijo es menor de 25 años,4,Person_2676|Person_2677|Person_2678|Person_2679,Alcorcon,city
HH_1025,3 personas,Sur,Hogar con un solo progenitor que convive con algún hijo menor de 25 años,Hogar con un solo progenitor que convive con algún hijo menor de 25 años,3,Person_2680|Person_2681|Person_2682,Madrid,city
HH_1026,1 persona,San Nicasio,Hogar con una mujer sola menor de 65 años,Hogar con una mujer sola menor de 65 años,1,Person_2683,,house
HH_1027,2 personas,San Nicasio,Hogar formado por pareja sin hijos,Hogar formado por pareja sin hijos,2,Person_2684|Person_2685,,yes
HH_1028,4 personas,Norte,Hogar formado por pareja con hijos en donde algún hijo es menor de 25 años,Hogar formado por pareja con hijos en donde algún hijo es menor de 25 años,4,Person_2686|Person_2687|Person_2688|Person_2689,,apartments
HH_1029,1 persona,Zarzaquemada,Hogar con un hombre solo menor de 65 años,Hogar con un hombre solo menor de 65 años,1,Person_2690,,residential
HH_1030,3 personas,Norte,Hogar formado por pareja con hijos en donde todos los hijos de 25 años o más,Hogar formado por pareja con hijos en donde todos los hijos de 25 años o más,3,Person_2691|Person_2692|Person_2693,,yes
HH_1031,1 persona,Sur,Hogar con un hombre solo menor de 65 años,Hogar con un hombre solo menor de 65 años,1,Person_2694,,yes
HH_1032,2 personas,Zarzaquemada,Hogar formado por pareja sin hijos,Hogar formado por pareja sin hijos,2,Person_2695|Person_2696,Getafe norte,city
HH_1033,5 o mas personas,Zarzaquemada,Hogar formado por pareja o un solo progenitor que convive con algún hijo menor de 25 años y otra(s) persona(s),Hogar formado por pareja o un solo progenitor que convive con algún hijo menor de 25 años y otra(s) persona(s),5,Person_2697|Person_2698|Person_2699|Person_2700|Person_2701,,apartments
HH_1034,5 o mas personas,Norte,Hogar formado por pareja o un solo progenitor que convive con algún hijo menor de 25 años y otra(s) persona(s),Hogar formado por pareja o un solo progenitor que convive con algún hijo menor de 25 años y otra(s) persona(s),5,Person_2702|Person_2703|Person_2704|Person_2705|Person_2706,Madrid,city
HH_1035,3 personas,Sur,Hogar formado por pareja con hijos en donde todos los hijos de 25 años o más,Hogar formado por pareja con hijos en donde todos los hijos de 25 años o más,3,Person_2707|Person_2708|Person_2709,Madrid,city
HH_1036,5 o mas personas,Zarzaquemada,Hogar formado por pareja o un solo progenitor que convive con algún hijo menor de 25 años y otra(s) persona(s),Hogar formado por pareja o un solo progenitor que convive con algún hijo menor de 25 años y otra(s) persona(s),5,Person_2710|Person_2711|Person_2712|Person_2713|Person_2714,,apartments
HH_1037,2 personas,Zarzaquemada,Hogar formado por pareja sin hijos,Hogar formado por pareja sin hijos,2,Person_2715|Person_2716,,residential
HH_1038,1 persona,San Nicasio,Hogar con una mujer sola de 65 años o más,Hogar con una mujer sola de 65 años o más,1,Person_2717,Fuenlabrada,city
HH_1039,2 personas,Zarzaquemada,Hogar con un solo progenitor que convive con todos sus hijos de 25 años o más,Hogar con un solo progenitor que convive con todos sus hijos de 25 años o más,2,Person_2718|Person_2719,,residential
HH_1040,1 persona,Sur,Hogar con un hombre solo menor de 65 años,Hogar con un hombre solo menor de 65 años,1,Person_2720,,apartments
HH_1041,1 persona,San Nicasio,Hogar con un hombre solo menor de 65 años,Hogar con un hombre solo menor de 65 años,1,Person_2721,,semidetached_house
HH_1042,1 persona,San Nicasio,Hogar con una mujer sola menor de 65 años,Hogar con una mujer sola menor de 65 años,1,Person_2722,,house
HH_1043,2 personas,Zarzaquemada,Hogar con un solo progenitor que convive con algún hijo menor de 25 años,Hogar con un solo progenitor que convive con algún hijo menor de 25 años,2,Person_2723|Person_2724,Madrid,city
HH_1044,2 personas,Norte,Hogar formado por pareja sin hijos,Hogar formado por pareja sin hijos,2,Person_2725|Person_2726,,apartments
HH_1045,1 persona,Sur,Hogar con una mujer sola de 65 años o más,Hogar con una mujer sola de 65 años o más,1,Person_2727,Madrid,city
HH_1046,4 personas,Carrascal,Hogar formado por pareja con hijos en donde algún hijo es menor de 25 años,Hogar formado por pareja con hijos en donde algún hijo es menor de 25 años,4,Person_2728|Person_2729|Person_2730|Person_2731,Mostoles,city
HH_1047,1 persona,Zarzaquemada,Hogar con un hombre solo de 65 años o más,Hogar con un hombre solo de 65 años o más,1,Person_2732,Madrid,city
HH_1048,1 persona,Carrascal,Hogar con una mujer sola de 65 años o más,Hogar con una mujer sola de 65 años o más,1,Person_2733,,detached
HH_1049,3 personas,Sur,Hogar formado por pareja con hijos en donde algún hijo es menor de 25 años,Hogar formado por pareja con hijos en donde algún hijo es menor de 25 años,3,Person_2734|Person_2735|Person_2736,,yes
HH_1050,3 personas,Sur,Hogar con un solo progenitor que convive con algún hijo menor de 25 años,Hogar con un solo progenitor que convive con algún hijo menor de 25 años,3,Person_2737|Person_2738|Person_2739,Madrid,city
HH_1051,4 personas,Zarzaquemada,Hogar formado por pareja con hijos en donde todos los hijos de 25 años o más,Hogar formado por pareja con hijos en donde todos los hijos de 25 años o más,4,Person_2740|Person_2741|Person_2742|Person_2743,,apartments
HH_1052,4 personas,Zarzaquemada,Hogar formado por pareja con hijos en donde algún hijo es menor de 25 años,Hogar formado por pareja con hijos en donde algún hijo es menor de 25 años,4,Person_2744|Person_2745|Person_2746|Person_2747,Madrid,city
HH_1053,1 persona,Zarzaquemada,Hogar con un hombre solo de 65 años o más,Hogar con un hombre solo de 65 años o más,1,Person_2748,,apartments
HH_1054,2 personas,Sur,Hogar con un solo progenitor que convive con todos sus hijos de 25 años o más,Hogar con un solo progenitor que convive con todos sus hijos de 25 años o más,2,Person_2749|Person_2750,,yes
HH_1055,2 personas,San Nicasio,Hogar formado por pareja sin hijos,Hogar formado por pareja sin hijos,2,Person_2751|Person_2752,Madrid,city
HH_1056,4 personas,Polvoranca,Hogar formado por pareja con hijos en donde algún hijo es menor de 25 años,Hogar formado por pareja con hijos en donde algún hijo es menor de 25 años,4,Person_2753|Person_2754|Person_2755|Person_2756,Madrid,city
HH_1057,3 personas,Zarzaquemada,Hogar formado por pareja o un solo progenitor que convive con algún hijo menor de 25 años y otra(s) persona(s),Hogar formado por pareja o un solo progenitor que convive con algún hijo menor de 25 años y otra(s) persona(s),3,Person_2757|Person_2758|Person_2759,,apartments
HH_1058,2 personas,Carrascal,Hogar con un solo progenitor que convive con todos sus hijos de 25 años o más,Hogar con un solo progenitor que convive con todos sus hijos de 25 años o más,2,Person_2760|Person_2761,,semidetached_house
HH_1059,1 persona,Polvoranca,Hogar con una mujer sola menor de 65 años,Hogar con una mujer sola menor de 65 años,1,Person_2762,,semidetached_house
HH_1060,3 personas,San Nicasio,Hogar formado por pareja con hijos en donde algún hijo es menor de 25 años,Hogar formado por pareja con hijos en donde algún hijo es menor de 25 años,3,Person_2763|Person_2764|Person_2765,Madrid,city
HH_1061,2 personas,San Nicasio,Hogar con un solo progenitor que convive con algún hijo menor de 25 años,Hogar con un solo progenitor que convive con algún hijo menor de 25 años,2,Person_2766|Person_2767,,semidetached_house
HH_1062,1 persona,Carrascal,Hogar con una mujer sola menor de 65 años,Hogar con una mujer sola menor de 65 años,1,Person_2768,Madrid,city
HH_1063,2 personas,Sur,Hogar con un solo progenitor que convive con algún hijo menor de 25 años,Hogar con un solo progenitor que convive con algún hijo menor de 25 años,2,Person_2769|Person_2770,,apartments
HH_1064,4 personas,Zarzaquemada,Hogar formado por pareja con hijos en donde algún hijo es menor de 25 años,Hogar formado por pareja con hijos en donde algún hijo es menor de 25 años,4,Person_2771|Person_2772|Person_2773|Person_2774,,apartments
HH_1065,4 personas,Fortuna,Hogar formado por pareja con hijos en donde algún hijo es menor de 25 años,Hogar formado por pareja con hijos en donde algún hijo es menor de 25 años,4,Person_2775|Person_2776|Person_2777|Person_2778,Madrid,city
HH_1066,2 personas,Carrascal,Otro tipo de hogar,Otro tipo de hogar,2,Person_2779|Person_2780,,yes
HH_1067,1 persona,Norte,Hogar con una mujer sola de 65 años o más,Hogar con una mujer sola de 65 años o más,1,Person_2781,,yes
HH_1068,3 personas,Zarzaquemada,Hogar formado por pareja con hijos en donde algún hijo es menor de 25 años,Hogar formado por pareja con hijos en donde algún hijo es menor de 25 años,3,Person_2782|Person_2783|Person_2784,,residential
HH_1069,2 personas,Norte,Hogar con un solo progenitor que convive con todos sus hijos de 25 años o más,Hogar con un solo progenitor que convive con todos sus hijos de 25 años o más,2,Person_2785|Person_2786,Madrid,city
HH_1070,4 personas,Zarzaquemada,Hogar formado por pareja con hijos en donde todos los hijos de 25 años o más,Hogar formado por pareja con hijos en donde todos los hijos de 25 años o más,4,Person_2787|Person_2788|Person_2789|Person_2790,,apartments
HH_1071,2 personas,Polvoranca,Hogar formado por pareja sin hijos,Hogar formado por pareja sin hijos,2,Person_2791|Person_2792,,semidetached_house
HH_1072,1 persona,San Nicasio,Hogar con una mujer sola de 65 años o más,Hogar con una mujer sola de 65 años o más,1,Person_2793,Madrid,city
HH_1073,2 personas,Sur,Hogar formado por pareja sin hijos,Hogar formado por pareja sin hijos,2,Person_2794|Person_2795,,apartments
HH_1074,4 personas,Polvoranca,Hogar formado por pareja con hijos en donde algún hijo es menor de 25 años,Hogar formado por pareja con hijos en donde algún hijo es menor de 25 años,4,Person_2796|Person_2797|Person_2798|Person_2799,,house
HH_1075,4 personas,Carrascal,Hogar formado por pareja con hijos en donde algún hijo es menor de 25 años,Hogar formado por pareja con hijos en donde algún hijo es menor de 25 años,4,Person_2800|Person_2801|Person_2802|Person_2803,,semidetached_house
HH_1076,4 personas,Polvoranca,Hogar formado por pareja con hijos en donde algún hijo es menor de 25 años,Hogar formado por pareja con hijos en donde algún hijo es menor de 25 años,4,Person_2804|Person_2805|Person_2806|Person_2807,,yes
HH_1077,3 personas,Sur,Hogar formado por pareja o un solo progenitor que convive con algún hijo menor de 25 años y otra(s) persona(s),Hogar formado por pareja o un solo progenitor que convive con algún hijo menor de 25 años y otra(s) persona(s),3,Person_2808|Person_2809|Person_2810,,yes
HH_1078,2 personas,San Nicasio,Hogar formado por pareja sin hijos,Hogar formado por pareja sin hijos,2,Person_2811|Person_2812,Madrid,city
HH_1079,2 personas,Fortuna,Hogar formado por pareja sin hijos,Hogar formado por pareja sin hijos,2,Person_2813|Person_2814,Madrid,city
HH_1080,1 persona,Zarzaquemada,Hogar con un hombre solo menor de 65 años,Hogar con un hombre solo menor de 65 años,1,Person_2815,Getafe norte,city
HH_1081,2 personas,San Nicasio,Hogar formado por pareja sin hijos,Hogar formado por pareja sin hijos,2,Person_2816|Person_2817,Madrid,city
HH_1082,1 persona,Zarzaquemada,Hogar con una mujer sola de 65 años o más,Hogar con una mujer sola de 65 años o más,1,Person_2818,,residential
HH_1083,4 personas,Zarzaquemada,Hogar formado por pareja con hijos en donde todos los hijos de 25 años o más,Hogar formado por pareja con hijos en donde todos los hijos de 25 años o más,4,Person_2819|Person_2820|Person_2821|Person_2822,,yes
HH_1084,1 persona,San Nicasio,Hogar con un hombre solo menor de 65 años,Hogar con un hombre solo menor de 65 años,1,Person_2823,Madrid,city
HH_1085,3 personas,Norte,Hogar formado por pareja con hijos en donde algún hijo es menor de 25 años,Hogar formado por pareja con hijos en donde algún hijo es menor de 25 años,3,Person_2824|Person_2825|Person_2826,Madrid,city
HH_1086,1 persona,Carrascal,Hogar con una mujer sola menor de 65 años,Hogar con una mujer sola menor de 65 años,1,Person_2827,,apartments
HH_1087,3 personas,San Nicasio,Hogar formado por pareja con hijos en donde algún hijo es menor de 25 años,Hogar formado por pareja con hijos en donde algún hijo es menor de 25 años,3,Person_2828|Person_2829|Person_2830,,semidetached_house
HH_1088,4 personas,Zarzaquemada,Otro tipo de hogar,Otro tipo de hogar,4,Person_2831|Person_2832|Person_2833|Person_2834,Madrid,city
HH_1089,3 personas,Sur,Hogar formado por pareja con hijos en donde todos los hijos de 25 años o más,Hogar formado por pareja con hijos en donde todos los hijos de 25 años o más,3,Person_2835|Person_2836|Person_2837,,yes
HH_1090,3 personas,Carrascal,Otro tipo de hogar,Otro tipo de hogar,3,Person_2838|Person_2839|Person_2840,Madrid,city
HH_1091,2 personas,Zarzaquemada,Hogar con un solo progenitor que convive con algún hijo menor de 25 años,Hogar con un solo progenitor que convive con algún hijo menor de 25 años,2,Person_2841|Person_2842,,residential
HH_1092,3 personas,Carrascal,Hogar formado por pareja con hijos en donde todos los hijos de 25 años o más,Hogar formado por pareja con hijos en donde todos los hijos de 25 años o más,3,Person_2843|Person_2844|Person_2845,McDonald's,yes
HH_1093,3 personas,San Nicasio,Hogar formado por pareja con hijos en donde algún hijo es menor de 25 años,Hogar formado por pareja con hijos en donde algún hijo es menor de 25 años,3,Person_2846|Person_2847|Person_2848,,apartments
HH_1094,4 personas,Norte,Otro tipo de hogar,Otro tipo de hogar,4,Person_2849|Person_2850|Person_2851|Person_2852,Madrid,city
HH_1095,1 persona,Zarzaquemada,Hogar con un hombre solo menor de 65 años,Hogar con un hombre solo menor de 65 años,1,Person_2853,,apartments
HH_1096,4 personas,San Nicasio,Hogar formado por pareja con hijos en donde algún hijo es menor de 25 años,Hogar formado por pareja con hijos en donde algún hijo es menor de 25 años,4,Person_2854|Person_2855|Person_2856|Person_2857,,house
HH_1097,4 personas,Zarzaquemada,Hogar formado por pareja con hijos en donde algún hijo es menor de 25 años,Hogar formado por pareja con hijos en donde algún hijo es menor de 25 años,4,Person_2858|Person_2859|Person_2860|Person_2861,,apartments
HH_1098,1 persona,Fortuna,Hogar con una mujer sola de 65 años o más,Hogar con una mujer sola de 65 años o más,1,Person_2862,,yes
HH_1099,1 persona,Zarzaquemada,Hogar con un hombre solo de 65 años o más,Hogar con un hombre solo de 65 años o más,1,Person_2863,Madrid,city
HH_1100,2 personas,San Nicasio,Hogar formado por pareja sin hijos,Hogar formado por pareja sin hijos,2,Person_2864|Person_2865,,terrace
HH_1101,3 personas,Zarzaquemada,Hogar formado por pareja con hijos en donde algún hijo es menor de 25 años,Hogar formado por pareja con hijos en donde algún hijo es menor de 25 años,3,Person_2866|Person_2867|Person_2868,,apartments
HH_1102,3 personas,San Nicasio,Hogar formado por pareja con hijos en donde algún hijo es menor de 25 años,Hogar formado por pareja con hijos en donde algún hijo es menor de 25 años,3,Person_2869|Person_2870|Person_2871,,semidetached_house
HH_1103,1 persona,Carrascal,Hogar con una mujer sola de 65 años o más,Hogar con una mujer sola de 65 años o más,1,Person_2872,Madrid,city
HH_1104,5 o mas personas,San Nicasio,Hogar formado por pareja con hijos en donde algún hijo es menor de 25 años,Hogar formado por pareja con hijos en donde algún hijo es menor de 25 años,5,Person_2873|Person_2874|Person_2875|Person_2876|Person_2877,,semidetached_house
HH_1105,1 persona,San Nicasio,Hogar con una mujer sola menor de 65 años,Hogar con una mujer sola menor de 65 años,1,Person_2878,,house
HH_1106,2 personas,Zarzaquemada,Hogar formado por pareja sin hijos,Hogar formado por pareja sin hijos,2,Person_2879|Person_2880,,apartments
HH_1107,1 persona,San Nicasio,Hogar con una mujer sola menor de 65 años,Hogar con una mujer sola menor de 65 años,1,Person_2881,,semidetached_house
HH_1108,1 persona,Norte,Hogar con un hombre solo menor de 65 años,Hogar con un hombre solo menor de 65 años,1,Person_2882,Madrid,city
HH_1109,3 personas,San Nicasio,Hogar con un solo progenitor que convive con algún hijo menor de 25 años,Hogar con un solo progenitor que convive con algún hijo menor de 25 años,3,Person_2883|Person_2884|Person_2885,,semidetached_house
HH_1110,4 personas,Polvoranca,Hogar formado por pareja con hijos en donde algún hijo es menor de 25 años,Hogar formado por pareja con hijos en donde algún hijo es menor de 25 años,4,Person_2886|Person_2887|Person_2888|Person_2889,,yes
HH_1111,3 personas,Zarzaquemada,Hogar formado por pareja con hijos en donde algún hijo es menor de 25 años,Hogar formado por pareja con hijos en donde algún hijo es menor de 25 años,3,Person_2890|Person_2891|Person_2892,,residential
HH_1112,3 personas,San Nicasio,Hogar formado por pareja con hijos en donde algún hijo es menor de 25 años,Hogar formado por pareja con hijos en donde algún hijo es menor de 25 años,3,Person_2893|Person_2894|Person_2895,,semidetached_house
HH_1113,1 persona,Carrascal,Hogar con una mujer sola de 65 años o más,Hogar con una mujer sola de 65 años o más,1,Person_2896,,semidetached_house
HH_1114,2 personas,Zarzaquemada,Hogar formado por pareja sin hijos,Hogar formado por pareja sin hijos,2,Person_2897|Person_2898,,yes
HH_1115,4 personas,San Nicasio,Hogar formado por pareja o un solo progenitor que convive con algún hijo menor de 25 años y otra(s) persona(s),Hogar formado por pareja o un solo progenitor que convive con algún hijo menor de 25 años y otra(s) persona(s),4,Person_2899|Person_2900|Person_2901|Person_2902,,semidetached_house
HH_1116,3 personas,Polvoranca,Hogar formado por pareja con hijos en donde todos los hijos de 25 años o más,Hogar formado por pareja con hijos en donde todos los hijos de 25 años o más,3,Person_2903|Person_2904|Person_2905,,semidetached_house
HH_1117,2 personas,Sur,Hogar formado por pareja sin hijos,Hogar formado por pareja sin hijos,2,Person_2906|Person_2907,,yes
HH_1118,2 personas,Zarzaquemada,Hogar formado por pareja sin hijos,Hogar formado por pareja sin hijos,2,Person_2908|Person_2909,Alcorcon,city
HH_1119,4 personas,Zarzaquemada,Otro tipo de hogar,Otro tipo de hogar,4,Person_2910|Person_2911|Person_2912|Person_2913,,residential
HH_1120,4 personas,Norte,Hogar formado por pareja con hijos en donde algún hijo es menor de 25 años,Hogar formado por pareja con hijos en donde algún hijo es menor de 25 años,4,Person_2914|Person_2915|Person_2916|Person_2917,Madrid,city
HH_1121,4 personas,Carrascal,Hogar formado por pareja o un solo progenitor que convive con algún hijo menor de 25 años y otra(s) persona(s),Hogar formado por pareja o un solo progenitor que convive con algún hijo menor de 25 años y otra(s) persona(s),4,Person_2918|Person_2919|Person_2920|Person_2921,Madrid,city
HH_1122,2 personas,Zarzaquemada,Hogar formado por pareja sin hijos,Hogar formado por pareja sin hijos,2,Person_2922|Person_2923,,apartments
HH_1123,3 personas,Sur,Hogar formado por pareja con hijos en donde algún hijo es menor de 25 años,Hogar formado por pareja con hijos en donde algún hijo es menor de 25 años,3,Person_2924|Person_2925|Person_2926,,terrace
HH_1124,1 persona,Norte,Hogar con un hombre solo de 65 años o más,Hogar con un hombre solo de 65 años o más,1,Person_2927,,apartments
HH_1125,4 personas,Sur,Hogar formado por pareja con hijos en donde algún hijo es menor de 25 años,Hogar formado por pareja con hijos en donde algún hijo es menor de 25 años,4,Person_2928|Person_2929|Person_2930|Person_2931,,yes
HH_1126,2 personas,Carrascal,Hogar formado por pareja sin hijos,Hogar formado por pareja sin hijos,2,Person_2932|Person_2933,,yes
HH_1127,1 persona,Zarzaquemada,Hogar con una mujer sola menor de 65 años,Hogar con una mujer sola menor de 65 años,1,Person_2934,,residential
HH_1128,4 personas,Norte,Hogar formado por pareja con hijos en donde algún hijo es menor de 25 años,Hogar formado por pareja con hijos en donde algún hijo es menor de 25 años,4,Person_2935|Person_2936|Person_2937|Person_2938,,yes
HH_1129,1 persona,Zarzaquemada,Hogar con un hombre solo menor de 65 años,Hogar con un hombre solo menor de 65 años,1,Person_2939,,apartments
HH_1130,5 o mas personas,Sur,Hogar formado por pareja o un solo progenitor que convive con algún hijo menor de 25 años y otra(s) persona(s),Hogar formado por pareja o un solo progenitor que convive con algún hijo menor de 25 años y otra(s) persona(s),5,Person_2940|Person_2941|Person_2942|Person_2943|Person_2944,,apartments
HH_1131,4 personas,Carrascal,Hogar formado por pareja con hijos en donde algún hijo es menor de 25 años,Hogar formado por pareja con hijos en donde algún hijo es menor de 25 años,4,Person_2945|Person_2946|Person_2947|Person_2948,,semidetached_house
HH_1132,2 personas,Norte,Hogar formado por pareja sin hijos,Hogar formado por pareja sin hijos,2,Person_2949|Person_2950,,yes
HH_1133,2 personas,Sur,Hogar formado por pareja sin hijos,Hogar formado por pareja sin hijos,2,Person_2951|Person_2952,,residential
HH_1134,3 personas,Sur,Hogar formado por pareja con hijos en donde algún hijo es menor de 25 años,Hogar formado por pareja con hijos en donde algún hijo es menor de 25 años,3,Person_2953|Person_2954|Person_2955,Madrid,city
HH_1135,4 personas,Sur,Otro tipo de hogar,Otro tipo de hogar,4,Person_2956|Person_2957|Person_2958|Person_2959,,apartments
HH_1136,2 personas,Zarzaquemada,Hogar formado por pareja sin hijos,Hogar formado por pareja sin hijos,2,Person_2960|Person_2961,,residential
HH_1137,4 personas,Sur,Hogar formado por pareja con hijos en donde algún hijo es menor de 25 años,Hogar formado por pareja con hijos en donde algún hijo es menor de 25 años,4,Person_2962|Person_2963|Person_2964|Person_2965,,yes
HH_1138,1 persona,San Nicasio,Hogar con una mujer sola de 65 años o más,Hogar con una mujer sola de 65 años o más,1,Person_2966,,semidetached_house
HH_1139,3 personas,Sur,Hogar formado por pareja con hijos en donde todos los hijos de 25 años o más,Hogar formado por pareja con hijos en donde todos los hijos de 25 años o más,3,Person_2967|Person_2968|Person_2969,Getafe norte,city
HH_1140,2 personas,San Nicasio,Hogar formado por pareja sin hijos,Hogar formado por pareja sin hijos,2,Person_2970|Person_2971,Talleres De Manuel,yes
HH_1141,2 personas,Sur,Hogar formado por pareja sin hijos,Hogar formado por pareja sin hijos,2,Person_2972|Person_2973,Madrid,city
HH_1142,1 persona,Zarzaquemada,Hogar con un hombre solo menor de 65 años,Hogar con un hombre solo menor de 65 años,1,Person_2974,Mostoles,city
HH_1143,1 persona,Sur,Hogar con una mujer sola de 65 años o más,Hogar con una mujer sola de 65 años o más,1,Person_2975,Madrid,city
HH_1144,1 persona,Fortuna,Hogar con una mujer sola de 65 años o más,Hogar con una mujer sola de 65 años o más,1,Person_2976,,yes
HH_1145,2 personas,San Nicasio,Hogar formado por pareja sin hijos,Hogar formado por pareja sin hijos,2,Person_2977|Person_2978,,semidetached_house
HH_1146,3 personas,Carrascal,Hogar formado por pareja con hijos en donde algún hijo es menor de 25 años,Hogar formado por pareja con hijos en donde algún hijo es menor de 25 años,3,Person_2979|Person_2980|Person_2981,Changó,yes
HH_1147,3 personas,Polvoranca,Hogar formado por pareja con hijos en donde algún hijo es menor de 25 años,Hogar formado por pareja con hijos en donde algún hijo es menor de 25 años,3,Person_2982|Person_2983|Person_2984,,semidetached_house
HH_1148,1 persona,Norte,Hogar con un hombre solo menor de 65 años,Hogar con un hombre solo menor de 65 años,1,Person_2985,,yes
HH_1149,1 persona,Norte,Hogar con una mujer sola menor de 65 años,Hogar con una mujer sola menor de 65 años,1,Person_2986,Centro de Salud Doctor Mendiguchia Carriche,yes
HH_1150,2 personas,San Nicasio,Hogar formado por pareja sin hijos,Hogar formado por pareja sin hijos,2,Person_2987|Person_2988,,semidetached_house
HH_1151,1 persona,Carrascal,Hogar con una mujer sola de 65 años o más,Hogar con una mujer sola de 65 años o más,1,Person_2989,,house
HH_1152,1 persona,San Nicasio,Hogar con un hombre solo menor de 65 años,Hogar con un hombre solo menor de 65 años,1,Person_2990,Getafe norte,city
HH_1153,4 personas,Carrascal,Hogar formado por pareja o un solo progenitor que convive con algún hijo menor de 25 años y otra(s) persona(s),Hogar formado por pareja o un solo progenitor que convive con algún hijo menor de 25 años y otra(s) persona(s),4,Person_2991|Person_2992|Person_2993|Person_2994,Madrid,city
HH_1154,1 persona,Sur,Hogar con un hombre solo de 65 años o más,Hogar con un hombre solo de 65 años o más,1,Person_2995,,yes
HH_1155,3 personas,Zarzaquemada,Otro tipo de hogar,Otro tipo de hogar,3,Person_2996|Person_2997|Person_2998,Madrid,city
HH_1156,1 persona,Zarzaquemada,Hogar con una mujer sola menor de 65 años,Hogar con una mujer sola menor de 65 años,1,Person_2999,,apartments
HH_1157,1 persona,Norte,Hogar con un hombre solo de 65 años o más,Hogar con un hombre solo de 65 años o más,1,Person_3000,Madrid,city
HH_1158,4 personas,Zarzaquemada,Hogar formado por pareja con hijos en donde algún hijo es menor de 25 años,Hogar formado por pareja con hijos en donde algún hijo es menor de 25 años,4,Person_3001|Person_3002|Person_3003|Person_3004,,apartments
HH_1159,3 personas,San Nicasio,Hogar con un solo progenitor que convive con algún hijo menor de 25 años,Hogar con un solo progenitor que convive con algún hijo menor de 25 años,3,Person_3005|Person_3006|Person_3007,Madrid,city
HH_1160,2 personas,Zarzaquemada,Hogar formado por pareja sin hijos,Hogar formado por pareja sin hijos,2,Person_3008|Person_3009,,apartments
HH_1161,4 personas,Zarzaquemada,Hogar formado por pareja o un solo progenitor que convive con algún hijo menor de 25 años y otra(s) persona(s),Hogar formado por pareja o un solo progenitor que convive con algún hijo menor de 25 años y otra(s) persona(s),4,Person_3010|Person_3011|Person_3012|Person_3013,,yes
HH_1162,3 personas,Carrascal,Hogar formado por pareja con hijos en donde todos los hijos de 25 años o más,Hogar formado por pareja con hijos en donde todos los hijos de 25 años o más,3,Person_3014|Person_3015|Person_3016,Madrid,city
HH_1163,4 personas,Zarzaquemada,Hogar formado por pareja con hijos en donde algún hijo es menor de 25 años,Hogar formado por pareja con hijos en donde algún hijo es menor de 25 años,4,Person_3017|Person_3018|Person_3019|Person_3020,,residential
HH_1164,4 personas,Sur,Hogar formado por pareja con hijos en donde algún hijo es menor de 25 años,Hogar formado por pareja con hijos en donde algún hijo es menor de 25 años,4,Person_3021|Person_3022|Person_3023|Person_3024,Getafe norte,city
HH_1165,2 personas,San Nicasio,Hogar formado por pareja sin hijos,Hogar formado por pareja sin hijos,2,Person_3025|Person_3026,,house
HH_1166,4 personas,Zarzaquemada,Hogar formado por pareja o un solo progenitor que convive con algún hijo menor de 25 años y otra(s) persona(s),Hogar formado por pareja o un solo progenitor que convive con algún hijo menor de 25 años y otra(s) persona(s),4,Person_3027|Person_3028|Person_3029|Person_3030,,apartments
HH_1167,5 o mas personas,Polvoranca,Hogar formado por pareja con hijos en donde algún hijo es menor de 25 años,Hogar formado por pareja con hijos en donde algún hijo es menor de 25 años,5,Person_3031|Person_3032|Person_3033|Person_3034|Person_3035,,house
HH_1168,5 o mas personas,Norte,Hogar formado por pareja o un solo progenitor que convive con algún hijo menor de 25 años y otra(s) persona(s),Hogar formado por pareja o un solo progenitor que convive con algún hijo menor de 25 años y otra(s) persona(s),5,Person_3036|Person_3037|Person_3038|Person_3039|Person_3040,Madrid,city
HH_1169,2 personas,Carrascal,Hogar formado por pareja sin hijos,Hogar formado por pareja sin hijos,2,Person_3041|Person_3042,,apartments
HH_1170,2 personas,Sur,Hogar formado por pareja sin hijos,Hogar formado por pareja sin hijos,2,Person_3043|Person_3044,Getafe norte,city
HH_1171,2 personas,San Nicasio,Hogar formado por pareja sin hijos,Hogar formado por pareja sin hijos,2,Person_3045|Person_3046,,yes
HH_1172,4 personas,Sur,Hogar formado por pareja o un solo progenitor que convive con algún hijo menor de 25 años y otra(s) persona(s),Hogar formado por pareja o un solo progenitor que convive con algún hijo menor de 25 años y otra(s) persona(s),4,Person_3047|Person_3048|Person_3049|Person_3050,,yes
HH_1173,3 personas,Norte,Hogar formado por pareja con hijos en donde todos los hijos de 25 años o más,Hogar formado por pareja con hijos en donde todos los hijos de 25 años o más,3,Person_3051|Person_3052|Person_3053,,yes
HH_1174,3 personas,Polvoranca,Hogar con un solo progenitor que convive con algún hijo menor de 25 años,Hogar con un solo progenitor que convive con algún hijo menor de 25 años,3,Person_3054|Person_3055|Person_3056,Madrid,city
HH_1175,1 persona,Polvoranca,Hogar con un hombre solo de 65 años o más,Hogar con un hombre solo de 65 años o más,1,Person_3057,Madrid,city
HH_1176,4 personas,Norte,Otro tipo de hogar,Otro tipo de hogar,4,Person_3058|Person_3059|Person_3060|Person_3061,,yes
HH_1177,3 personas,Carrascal,Hogar formado por pareja con hijos en donde algún hijo es menor de 25 años,Hogar formado por pareja con hijos en donde algún hijo es menor de 25 años,3,Person_3062|Person_3063|Person_3064,Fuenlabrada,city
HH_1178,4 personas,Sur,Hogar formado por pareja con hijos en donde algún hijo es menor de 25 años,Hogar formado por pareja con hijos en donde algún hijo es menor de 25 años,4,Person_3065|Person_3066|Person_3067|Person_3068,Alcorcon,city
HH_1179,2 personas,Zarzaquemada,Hogar formado por pareja sin hijos,Hogar formado por pareja sin hijos,2,Person_3069|Person_3070,,apartments
HH_1180,3 personas,San Nicasio,Otro tipo de hogar,Otro tipo de hogar,3,Person_3071|Person_3072|Person_3073,Mostoles,city
HH_1181,1 persona,Norte,Hogar con un hombre solo de 65 años o más,Hogar con un hombre solo de 65 años o más,1,Person_3074,,yes
HH_1182,2 personas,Zarzaquemada,Otro tipo de hogar,Otro tipo de hogar,2,Person_3075|Person_3076,Madrid,city
HH_1183,4 personas,Zarzaquemada,Hogar formado por pareja con hijos en donde algún hijo es menor de 25 años,Hogar formado por pareja con hijos en donde algún hijo es menor de 25 años,4,Person_3077|Person_3078|Person_3079|Person_3080,,residential
HH_1184,4 personas,Carrascal,Hogar formado por pareja con hijos en donde algún hijo es menor de 25 años,Hogar formado por pareja con hijos en donde algún hijo es menor de 25 años,4,Person_3081|Person_3082|Person_3083|Person_3084,Mercadona,yes
HH_1185,1 persona,Zarzaquemada,Hogar con una mujer sola de 65 años o más,Hogar con una mujer sola de 65 años o más,1,Person_3085,,residential
HH_1186,4 personas,Sur,Hogar formado por pareja con hijos en donde todos los hijos de 25 años o más,Hogar formado por pareja con hijos en donde todos los hijos de 25 años o más,4,Person_3086|Person_3087|Person_3088|Person_3089,Getafe norte,city
HH_1187,2 personas,Sur,Hogar con un solo progenitor que convive con algún hijo menor de 25 años,Hogar con un solo progenitor que convive con algún hijo menor de 25 años,2,Person_3090|Person_3091,,apartments
HH_1188,3 personas,San Nicasio,Hogar con un solo progenitor que convive con algún hijo menor de 25 años,Hogar con un solo progenitor que convive con algún hijo menor de 25 años,3,Person_3092|Person_3093|Person_3094,,semidetached_house
HH_1189,3 personas,Sur,Hogar formado por pareja con hijos en donde algún hijo es menor de 25 años,Hogar formado por pareja con hijos en donde algún hijo es menor de 25 años,3,Person_3095|Person_3096|Person_3097,,yes
HH_1190,2 personas,Zarzaquemada,Hogar con un solo progenitor que convive con todos sus hijos de 25 años o más,Hogar con un solo progenitor que convive con todos sus hijos de 25 años o más,2,Person_3098|Person_3099,,residential
HH_1191,1 persona,Zarzaquemada,Hogar con una mujer sola menor de 65 años,Hogar con una mujer sola menor de 65 años,1,Person_3100,,residential
HH_1192,1 persona,Polvoranca,Hogar con una mujer sola menor de 65 años,Hogar con una mujer sola menor de 65 años,1,Person_3101,,house
HH_1193,2 personas,Zarzaquemada,Hogar formado por pareja sin hijos,Hogar formado por pareja sin hijos,2,Person_3102|Person_3103,,apartments
HH_1194,3 personas,San Nicasio,Hogar formado por pareja con hijos en donde algún hijo es menor de 25 años,Hogar formado por pareja con hijos en donde algún hijo es menor de 25 años,3,Person_3104|Person_3105|Person_3106,,yes
HH_1195,5 o mas personas,San Nicasio,Hogar formado por pareja o un solo progenitor que convive con algún hijo menor de 25 años y otra(s) persona(s),Hogar formado por pareja o un solo progenitor que convive con algún hijo menor de 25 años y otra(s) persona(s),5,Person_3107|Person_3108|Person_3109|Person_3110|Person_3111,,semidetached_house
HH_1196,1 persona,Carrascal,Hogar con una mujer sola de 65 años o más,Hogar con una mujer sola de 65 años o más,1,Person_3112,,apartments
HH_1197,1 persona,Norte,Hogar con una mujer sola de 65 años o más,Hogar con una mujer sola de 65 años o más,1,Person_3113,,apartments
HH_1198,3 personas,Norte,Hogar formado por pareja o un solo progenitor que convive con algún hijo menor de 25 años y otra(s) persona(s),Hogar formado por pareja o un solo progenitor que convive con algún hijo menor de 25 años y otra(s) persona(s),3,Person_3114|Person_3115|Person_3116,,apartments
HH_1199,2 personas,Sur,Hogar formado por pareja sin hijos,Hogar formado por pareja sin hijos,2,Person_3117|Person_3118,,residential
HH_1200,1 persona,Carrascal,Hogar con una mujer sola de 65 años o más,Hogar con una mujer sola de 65 años o más,1,Person_3119,,apartments
HH_1201,2 personas,Sur,Otro tipo de hogar,Otro tipo de hogar,2,Person_3120|Person_3121,,apartments
HH_1202,2 personas,Sur,Hogar formado por pareja sin hijos,Hogar formado por pareja sin hijos,2,Person_3122|Person_3123,,yes
HH_1203,5 o mas personas,Zarzaquemada,Hogar formado por pareja con hijos en donde algún hijo es menor de 25 años,Hogar formado por pareja con hijos en donde algún hijo es menor de 25 años,5,Person_3124|Person_3125|Person_3126|Person_3127|Person_3128,,apartments
HH_1204,4 personas,Zarzaquemada,Hogar formado por pareja con hijos en donde algún hijo es menor de 25 años,Hogar formado por pareja con hijos en donde algún hijo es menor de 25 años,4,Person_3129|Person_3130|Person_3131|Person_3132,Madrid,city
HH_1205,3 personas,Carrascal,Hogar con un solo progenitor que convive con algún hijo menor de 25 años,Hogar con un solo progenitor que convive con algún hijo menor de 25 años,3,Person_3133|Person_3134|Person_3135,,house
HH_1206,2 personas,Zarzaquemada,Hogar formado por pareja sin hijos,Hogar formado por pareja sin hijos,2,Person_3136|Person_3137,,apartments
HH_1207,2 personas,Zarzaquemada,Hogar con un solo progenitor que convive con algún hijo menor de 25 años,Hogar con un solo progenitor que convive con algún hijo menor de 25 años,2,Person_3138|Person_3139,Madrid,city
HH_1208,3 personas,Sur,Otro tipo de hogar,Otro tipo de hogar,3,Person_3140|Person_3141|Person_3142,,yes
HH_1209,4 personas,Norte,Hogar formado por pareja con hijos en donde algún hijo es menor de 25 años,Hogar formado por pareja con hijos en donde algún hijo es menor de 25 años,4,Person_3143|Person_3144|Person_3145|Person_3146,,apartments
HH_1210,3 personas,Sur,Hogar formado por pareja con hijos en donde todos los hijos de 25 años o más,Hogar formado por pareja con hijos en donde todos los hijos de 25 años o más,3,Person_3147|Person_3148|Person_3149,,yes
HH_1211,3 personas,Fortuna,Hogar formado por pareja con hijos en donde todos los hijos de 25 años o más,Hogar formado por pareja con hijos en donde todos los hijos de 25 años o más,3,Person_3150|Person_3151|Person_3152,Madrid,city
HH_1212,4 personas,San Nicasio,Hogar formado por pareja o un solo progenitor que convive con algún hijo menor de 25 años y otra(s) persona(s),Hogar formado por pareja o un solo progenitor que convive con algún hijo menor de 25 años y otra(s) persona(s),4,Person_3153|Person_3154|Person_3155|Person_3156,,semidetached_house
HH_1213,1 persona,Zarzaquemada,Hogar con una mujer sola de 65 años o más,Hogar con una mujer sola de 65 años o más,1,Person_3157,Madrid,city
HH_1214,2 personas,Zarzaquemada,Hogar formado por pareja sin hijos,Hogar formado por pareja sin hijos,2,Person_3158|Person_3159,,residential
HH_1215,2 personas,Norte,Hogar formado por pareja sin hijos,Hogar formado por pareja sin hijos,2,Person_3160|Person_3161,Alcorcon,city
HH_1216,1 persona,Carrascal,Hogar con un hombre solo menor de 65 años,Hogar con un hombre solo menor de 65 años,1,Person_3162,,apartments
HH_1217,2 personas,Fortuna,Hogar formado por pareja sin hijos,Hogar formado por pareja sin hijos,2,Person_3163|Person_3164,,semidetached_house
HH_1218,1 persona,Norte,Hogar con un hombre solo de 65 años o más,Hogar con un hombre solo de 65 años o más,1,Person_3165,Madrid,city
HH_1219,4 personas,Zarzaquemada,Hogar formado por pareja o un solo progenitor que convive con algún hijo menor de 25 años y otra(s) persona(s),Hogar formado por pareja o un solo progenitor que convive con algún hijo menor de 25 años y otra(s) persona(s),4,Person_3166|Person_3167|Person_3168|Person_3169,Madrid,city
HH_1220,2 personas,San Nicasio,Hogar con un solo progenitor que convive con todos sus hijos de 25 años o más,Hogar con un solo progenitor que convive con todos sus hijos de 25 años o más,2,Person_3170|Person_3171,Madrid,city
HH_1221,2 personas,Sur,Hogar formado por pareja sin hijos,Hogar formado por pareja sin hijos,2,Person_3172|Person_3173,Mostoles,city
HH_1222,1 persona,San Nicasio,Hogar con un hombre solo menor de 65 años,Hogar con un hombre solo menor de 65 años,1,Person_3174,,semidetached_house
HH_1223,2 personas,Sur,Hogar formado por pareja sin hijos,Hogar formado por pareja sin hijos,2,Person_3175|Person_3176,,yes
HH_1224,2 personas,San Nicasio,Hogar con un solo progenitor que convive con todos sus hijos de 25 años o más,Hogar con un solo progenitor que convive con todos sus hijos de 25 años o más,2,Person_3177|Person_3178,Alcorcon,city
HH_1225,4 personas,Norte,Otro tipo de hogar,Otro tipo de hogar,4,Person_3179|Person_3180|Person_3181|Person_3182,,apartments
HH_1226,2 personas,Sur,Hogar con un solo progenitor que convive con todos sus hijos de 25 años o más,Hogar con un solo progenitor que convive con todos sus hijos de 25 años o más,2,Person_3183|Person_3184,,yes
HH_1227,3 personas,Zarzaquemada,Hogar con un solo progenitor que convive con algún hijo menor de 25 años,Hogar con un solo progenitor que convive con algún hijo menor de 25 años,3,Person_3185|Person_3186|Person_3187,Madrid,city
HH_1228,4 personas,Norte,Hogar formado por pareja con hijos en donde algún hijo es menor de 25 años,Hogar formado por pareja con hijos en donde algún hijo es menor de 25 años,4,Person_3188|Person_3189|Person_3190|Person_3191,,apartments
HH_1229,2 personas,San Nicasio,Hogar formado por pareja sin hijos,Hogar formado por pareja sin hijos,2,Person_3192|Person_3193,,terrace
HH_1230,3 personas,Polvoranca,Otro tipo de hogar,Otro tipo de hogar,3,Person_3194|Person_3195|Person_3196,,yes
HH_1231,2 personas,Zarzaquemada,Hogar formado por pareja sin hijos,Hogar formado por pareja sin hijos,2,Person_3197|Person_3198,Getafe norte,city
HH_1232,4 personas,Norte,Hogar formado por pareja con hijos en donde todos los hijos de 25 años o más,Hogar formado por pareja con hijos en donde todos los hijos de 25 años o más,4,Person_3199|Person_3200|Person_3201|Person_3202,Madrid,city
HH_1233,4 personas,Sur,Hogar formado por pareja con hijos en donde algún hijo es menor de 25 años,Hogar formado por pareja con hijos en donde algún hijo es menor de 25 años,4,Person_3203|Person_3204|Person_3205|Person_3206,,apartments
HH_1234,3 personas,San Nicasio,Hogar formado por pareja con hijos en donde algún hijo es menor de 25 años,Hogar formado por pareja con hijos en donde algún hijo es menor de 25 años,3,Person_3207|Person_3208|Person_3209,,yes
HH_1235,2 personas,Carrascal,Hogar con un solo progenitor que convive con todos sus hijos de 25 años o más,Hogar con un solo progenitor que convive con todos sus hijos de 25 años o más,2,Person_3210|Person_3211,,yes
HH_1236,4 personas,Carrascal,Hogar formado por pareja con hijos en donde algún hijo es menor de 25 años,Hogar formado por pareja con hijos en donde algún hijo es menor de 25 años,4,Person_3212|Person_3213|Person_3214|Person_3215,Mostoles,city
HH_1237,3 personas,Zarzaquemada,Hogar con un solo progenitor que convive con algún hijo menor de 25 años,Hogar con un solo progenitor que convive con algún hijo menor de 25 años,3,Person_3216|Person_3217|Person_3218,,apartments
HH_1238,1 persona,Zarzaquemada,Hogar con un hombre solo menor de 65 años,Hogar con un hombre solo menor de 65 años,1,Person_3219,Mostoles,city
HH_1239,3 personas,Carrascal,Hogar formado por pareja con hijos en donde algún hijo es menor de 25 años,Hogar formado por pareja con hijos en donde algún hijo es menor de 25 años,3,Person_3220|Person_3221|Person_3222,,apartments
HH_1240,1 persona,Norte,Hogar con una mujer sola de 65 años o más,Hogar con una mujer sola de 65 años o más,1,Person_3223,,yes
HH_1241,2 personas,San Nicasio,Hogar formado por pareja sin hijos,Hogar formado por pareja sin hijos,2,Person_3224|Person_3225,,semidetached_house
HH_1242,5 o mas personas,Norte,Hogar formado por pareja o un solo progenitor que convive con algún hijo menor de 25 años y otra(s) persona(s),Hogar formado por pareja o un solo progenitor que convive con algún hijo menor de 25 años y otra(s) persona(s),5,Person_3226|Person_3227|Person_3228|Person_3229|Person_3230,,yes
HH_1243,4 personas,Sur,Hogar formado por pareja o un solo progenitor que convive con algún hijo menor de 25 años y otra(s) persona(s),Hogar formado por pareja o un solo progenitor que convive con algún hijo menor de 25 años y otra(s) persona(s),4,Person_3231|Person_3232|Person_3233|Person_3234,,yes
HH_1244,3 personas,Norte,Hogar con un solo progenitor que convive con algún hijo menor de 25 años,Hogar con un solo progenitor que convive con algún hijo menor de 25 años,3,Person_3235|Person_3236|Person_3237,,yes
HH_1245,4 personas,Zarzaquemada,Hogar formado por pareja con hijos en donde algún hijo es menor de 25 años,Hogar formado por pareja con hijos en donde algún hijo es menor de 25 años,4,Person_3238|Person_3239|Person_3240|Person_3241,,residential
HH_1246,1 persona,Polvoranca,Hogar con un hombre solo de 65 años o más,Hogar con un hombre solo de 65 años o más,1,Person_3242,,semidetached_house
HH_1247,1 persona,Zarzaquemada,Hogar con una mujer sola de 65 años o más,Hogar con una mujer sola de 65 años o más,1,Person_3243,,residential
HH_1248,3 personas,Carrascal,Hogar formado por pareja con hijos en donde algún hijo es menor de 25 años,Hogar formado por pareja con hijos en donde algún hijo es menor de 25 años,3,Person_3244|Person_3245|Person_3246,Fuenlabrada,city
HH_1249,2 personas,Fortuna,Hogar formado por pareja sin hijos,Hogar formado por pareja sin hijos,2,Person_3247|Person_3248,Mostoles,city
HH_1250,2 personas,Zarzaquemada,Hogar formado por pareja sin hijos,Hogar formado por pareja sin hijos,2,Person_3249|Person_3250,,apartments
HH_1251,4 personas,Zarzaquemada,Hogar formado por pareja o un solo progenitor que convive con algún hijo menor de 25 años y otra(s) persona(s),Hogar formado por pareja o un solo progenitor que convive con algún hijo menor de 25 años y otra(s) persona(s),4,Person_3251|Person_3252|Person_3253|Person_3254,,apartments
HH_1252,1 persona,Zarzaquemada,Hogar con un hombre solo de 65 años o más,Hogar con un hombre solo de 65 años o más,1,Person_3255,,residential
HH_1253,4 personas,Zarzaquemada,Hogar formado por pareja con hijos en donde todos los hijos de 25 años o más,Hogar formado por pareja con hijos en donde todos los hijos de 25 años o más,4,Person_3256|Person_3257|Person_3258|Person_3259,,yes
HH_1254,2 personas,Norte,Hogar formado por pareja sin hijos,Hogar formado por pareja sin hijos,2,Person_3260|Person_3261,,apartments
HH_1255,3 personas,Zarzaquemada,Otro tipo de hogar,Otro tipo de hogar,3,Person_3262|Person_3263|Person_3264,,residential
HH_1256,4 personas,Carrascal,Hogar formado por pareja con hijos en donde algún hijo es menor de 25 años,Hogar formado por pareja con hijos en donde algún hijo es menor de 25 años,4,Person_3265|Person_3266|Person_3267|Person_3268,,yes
HH_1257,2 personas,Norte,Hogar formado por pareja sin hijos,Hogar formado por pareja sin hijos,2,Person_3269|Person_3270,Madrid,city
HH_1258,3 personas,Zarzaquemada,Hogar formado por pareja con hijos en donde todos los hijos de 25 años o más,Hogar formado por pareja con hijos en donde todos los hijos de 25 años o más,3,Person_3271|Person_3272|Person_3273,Madrid,city
HH_1259,2 personas,Zarzaquemada,Hogar formado por pareja sin hijos,Hogar formado por pareja sin hijos,2,Person_3274|Person_3275,Mostoles,city
HH_1260,4 personas,Polvoranca,Hogar con un solo progenitor que convive con algún hijo menor de 25 años,Hogar con un solo progenitor que convive con algún hijo menor de 25 años,4,Person_3276|Person_3277|Person_3278|Person_3279,Madrid,city
HH_1261,3 personas,Carrascal,Hogar formado por pareja con hijos en donde algún hijo es menor de 25 años,Hogar formado por pareja con hijos en donde algún hijo es menor de 25 años,3,Person_3280|Person_3281|Person_3282,Alcorcon,city
HH_1262,2 personas,Zarzaquemada,Hogar formado por pareja sin hijos,Hogar formado por pareja sin hijos,2,Person_3283|Person_3284,,apartments
HH_1263,1 persona,Carrascal,Hogar con un hombre solo menor de 65 años,Hogar con un hombre solo menor de 65 años,1,Person_3285,,apartments
HH_1264,4 personas,Polvoranca,Hogar formado por pareja con hijos en donde algún hijo es menor de 25 años,Hogar formado por pareja con hijos en donde algún hijo es menor de 25 años,4,Person_3286|Person_3287|Person_3288|Person_3289,Fuenlabrada,city
HH_1265,4 personas,San Nicasio,Hogar formado por pareja con hijos en donde algún hijo es menor de 25 años,Hogar formado por pareja con hijos en donde algún hijo es menor de 25 años,4,Person_3290|Person_3291|Person_3292|Person_3293,Mostoles,city
HH_1266,2 personas,Zarzaquemada,Hogar formado por pareja sin hijos,Hogar formado por pareja sin hijos,2,Person_3294|Person_3295,Alcorcon,city
HH_1267,5 o mas personas,Polvoranca,Otro tipo de hogar,Otro tipo de hogar,5,Person_3296|Person_3297|Person_3298|Person_3299|Person_3300,Mostoles,city
HH_1268,2 personas,San Nicasio,Hogar con un solo progenitor que convive con todos sus hijos de 25 años o más,Hogar con un solo progenitor que convive con todos sus hijos de 25 años o más,2,Person_3301|Person_3302,,yes
HH_1269,3 personas,Fortuna,Hogar formado por pareja con hijos en donde algún hijo es menor de 25 años,Hogar formado por pareja con hijos en donde algún hijo es menor de 25 años,3,Person_3303|Person_3304|Person_3305,Alcorcon,city
HH_1270,4 personas,Zarzaquemada,Hogar con un solo progenitor que convive con algún hijo menor de 25 años,Hogar con un solo progenitor que convive con algún hijo menor de 25 años,4,Person_3306|Person_3307|Person_3308|Person_3309,Getafe norte,city
HH_1271,2 personas,Zarzaquemada,Hogar formado por pareja sin hijos,Hogar formado por pareja sin hijos,2,Person_3310|Person_3311,Fuenlabrada,city
HH_1272,1 persona,Zarzaquemada,Hogar con un hombre solo menor de 65 años,Hogar con un hombre solo menor de 65 años,1,Person_3312,,residential
HH_1273,4 personas,Zarzaquemada,Hogar con un solo progenitor que convive con algún hijo menor de 25 años,Hogar con un solo progenitor que convive con algún hijo menor de 25 años,4,Person_3313|Person_3314|Person_3315|Person_3316,,residential
HH_1274,2 personas,Fortuna,Otro tipo de hogar,Otro tipo de hogar,2,Person_3317|Person_3318,,yes
HH_1275,4 personas,San Nicasio,Hogar formado por pareja o un solo progenitor que convive con algún hijo menor de 25 años y otra(s) persona(s),Hogar formado por pareja o un solo progenitor que convive con algún hijo menor de 25 años y otra(s) persona(s),4,Person_3319|Person_3320|Person_3321|Person_3322,,semidetached_house
HH_1276,2 personas,Zarzaquemada,Hogar formado por pareja sin hijos,Hogar formado por pareja sin hijos,2,Person_3323|Person_3324,,residential
HH_1277,2 personas,Sur,Hogar con un solo progenitor que convive con todos sus hijos de 25 años o más,Hogar con un solo progenitor que convive con todos sus hijos de 25 años o más,2,Person_3325|Person_3326,,residential
HH_1278,4 personas,Fortuna,Hogar formado por pareja con hijos en donde algún hijo es menor de 25 años,Hogar formado por pareja con hijos en donde algún hijo es menor de 25 años,4,Person_3327|Person_3328|Person_3329|Person_3330,,yes
HH_1279,1 persona,San Nicasio,Hogar con un hombre solo menor de 65 años,Hogar con un hombre solo menor de 65 años,1,Person_3331,,house
HH_1280,4 personas,Zarzaquemada,Hogar formado por pareja o un solo progenitor que convive con algún hijo menor de 25 años y otra(s) persona(s),Hogar formado por pareja o un solo progenitor que convive con algún hijo menor de 25 años y otra(s) persona(s),4,Person_3332|Person_3333|Person_3334|Person_3335,Getafe norte,city
HH_1281,2 personas,Sur,Hogar formado por pareja sin hijos,Hogar formado por pareja sin hijos,2,Person_3336|Person_3337,Fuenlabrada,city
HH_1282,2 personas,Fortuna,Hogar formado por pareja sin hijos,Hogar formado por pareja sin hijos,2,Person_3338|Person_3339,,yes
HH_1283,2 personas,San Nicasio,Hogar con un solo progenitor que convive con algún hijo menor de 25 años,Hogar con un solo progenitor que convive con algún hijo menor de 25 años,2,Person_3340|Person_3341,,house
HH_1284,3 personas,Sur,Hogar formado por pareja con hijos en donde todos los hijos de 25 años o más,Hogar formado por pareja con hijos en donde todos los hijos de 25 años o más,3,Person_3342|Person_3343|Person_3344,,yes
HH_1285,1 persona,Norte,Hogar con una mujer sola de 65 años o más,Hogar con una mujer sola de 65 años o más,1,Person_3345,,apartments
HH_1286,4 personas,Zarzaquemada,Hogar formado por pareja con hijos en donde algún hijo es menor de 25 años,Hogar formado por pareja con hijos en donde algún hijo es menor de 25 años,4,Person_3346|Person_3347|Person_3348|Person_3349,Madrid,city
HH_1287,5 o mas personas,Zarzaquemada,Hogar formado por pareja o un solo progenitor que convive con algún hijo menor de 25 años y otra(s) persona(s),Hogar formado por pareja o un solo progenitor que convive con algún hijo menor de 25 años y otra(s) persona(s),5,Person_3350|Person_3351|Person_3352|Person_3353|Person_3354,Madrid,city
HH_1288,3 personas,Carrascal,Hogar formado por pareja o un solo progenitor que convive con algún hijo menor de 25 años y otra(s) persona(s),Hogar formado por pareja o un solo progenitor que convive con algún hijo menor de 25 años y otra(s) persona(s),3,Person_3355|Person_3356|Person_3357,,yes
HH_1289,4 personas,Zarzaquemada,Hogar formado por pareja con hijos en donde algún hijo es menor de 25 años,Hogar formado por pareja con hijos en donde algún hijo es menor de 25 años,4,Person_3358|Person_3359|Person_3360|Person_3361,Madrid,city
HH_1290,4 personas,Carrascal,Hogar formado por pareja o un solo progenitor que convive con algún hijo menor de 25 años y otra(s) persona(s),Hogar formado por pareja o un solo progenitor que convive con algún hijo menor de 25 años y otra(s) persona(s),4,Person_3362|Person_3363|Person_3364|Person_3365,Mostoles,city
HH_1291,3 personas,Zarzaquemada,Hogar formado por pareja con hijos en donde algún hijo es menor de 25 años,Hogar formado por pareja con hijos en donde algún hijo es menor de 25 años,3,Person_3366|Person_3367|Person_3368,,residential
HH_1292,2 personas,San Nicasio,Hogar con un solo progenitor que convive con algún hijo menor de 25 años,Hogar con un solo progenitor que convive con algún hijo menor de 25 años,2,Person_3369|Person_3370,,yes
HH_1293,2 personas,San Nicasio,Hogar con un solo progenitor que convive con todos sus hijos de 25 años o más,Hogar con un solo progenitor que convive con todos sus hijos de 25 años o más,2,Person_3371|Person_3372,,yes
HH_1294,2 personas,Norte,Hogar formado por pareja sin hijos,Hogar formado por pareja sin hijos,2,Person_3373|Person_3374,Madrid,city
HH_1295,2 personas,Carrascal,Hogar formado por pareja sin hijos,Hogar formado por pareja sin hijos,2,Person_3375|Person_3376,KFC,yes
HH_1296,3 personas,Sur,Hogar formado por pareja con hijos en donde algún hijo es menor de 25 años,Hogar formado por pareja con hijos en donde algún hijo es menor de 25 años,3,Person_3377|Person_3378|Person_3379,,yes
HH_1297,5 o mas personas,San Nicasio,Hogar formado por pareja o un solo progenitor que convive con algún hijo menor de 25 años y otra(s) persona(s),Hogar formado por pareja o un solo progenitor que convive con algún hijo menor de 25 años y otra(s) persona(s),5,Person_3380|Person_3381|Person_3382|Person_3383|Person_3384,,yes
HH_1298,3 personas,Polvoranca,Hogar formado por pareja con hijos en donde algún hijo es menor de 25 años,Hogar formado por pareja con hijos en donde algún hijo es menor de 25 años,3,Person_3385|Person_3386|Person_3387,,semidetached_house
HH_1299,1 persona,Zarzaquemada,Hogar con una mujer sola menor de 65 años,Hogar con una mujer sola menor de 65 años,1,Person_3388,Madrid,city
HH_1300,1 persona,Carrascal,Hogar con una mujer sola menor de 65 años,Hogar con una mujer sola menor de 65 años,1,Person_3389,,apartments
HH_1301,3 personas,Polvoranca,Hogar formado por pareja con hijos en donde algún hijo es menor de 25 años,Hogar formado por pareja con hijos en donde algún hijo es menor de 25 años,3,Person_3390|Person_3391|Person_3392,Alcorcon,city
HH_1302,2 personas,Zarzaquemada,Hogar con un solo progenitor que convive con todos sus hijos de 25 años o más,Hogar con un solo progenitor que convive con todos sus hijos de 25 años o más,2,Person_3393|Person_3394,,apartments
HH_1303,1 persona,Zarzaquemada,Hogar con una mujer sola de 65 años o más,Hogar con una mujer sola de 65 años o más,1,Person_3395,Madrid,city
HH_1304,2 personas,Norte,Hogar formado por pareja sin hijos,Hogar formado por pareja sin hijos,2,Person_3396|Person_3397,,apartments
HH_1305,3 personas,Carrascal,Otro tipo de hogar,Otro tipo de hogar,3,Person_3398|Person_3399|Person_3400,Fuenlabrada,city
HH_1306,1 persona,Zarzaquemada,Hogar con un hombre solo menor de 65 años,Hogar con un hombre solo menor de 65 años,1,Person_3401,Getafe norte,city
HH_1307,3 personas,San Nicasio,Hogar formado por pareja con hijos en donde algún hijo es menor de 25 años,Hogar formado por pareja con hijos en donde algún hijo es menor de 25 años,3,Person_3402|Person_3403|Person_3404,Tienda Tienda,yes
HH_1308,2 personas,Sur,Hogar formado por pareja sin hijos,Hogar formado por pareja sin hijos,2,Person_3405|Person_3406,,yes
HH_1309,1 persona,Polvoranca,Hogar con una mujer sola de 65 años o más,Hogar con una mujer sola de 65 años o más,1,Person_3407,Alcorcon,city
HH_1310,1 persona,San Nicasio,Hogar con una mujer sola menor de 65 años,Hogar con una mujer sola menor de 65 años,1,Person_3408,Madrid,city
HH_1311,4 personas,Norte,Hogar formado por pareja con hijos en donde algún hijo es menor de 25 años,Hogar formado por pareja con hijos en donde algún hijo es menor de 25 años,4,Person_3409|Person_3410|Person_3411|Person_3412,Madrid,city
HH_1312,3 personas,Sur,Hogar formado por pareja con hijos en donde algún hijo es menor de 25 años,Hogar formado por pareja con hijos en donde algún hijo es menor de 25 años,3,Person_3413|Person_3414|Person_3415,,yes
HH_1313,3 personas,Sur,Hogar con un solo progenitor que convive con todos sus hijos de 25 años o más,Hogar con un solo progenitor que convive con todos sus hijos de 25 años o más,3,Person_3416|Person_3417|Person_3418,,residential
HH_1314,3 personas,Carrascal,Hogar formado por pareja con hijos en donde todos los hijos de 25 años o más,Hogar formado por pareja con hijos en donde todos los hijos de 25 años o más,3,Person_3419|Person_3420|Person_3421,Mercadona,yes
HH_1315,1 persona,Carrascal,Hogar con una mujer sola de 65 años o más,Hogar con una mujer sola de 65 años o más,1,Person_3422,,yes
HH_1316,4 personas,Carrascal,Hogar formado por pareja con hijos en donde algún hijo es menor de 25 años,Hogar formado por pareja con hijos en donde algún hijo es menor de 25 años,4,Person_3423|Person_3424|Person_3425|Person_3426,,residential
HH_1317,2 personas,Norte,Hogar formado por pareja sin hijos,Hogar formado por pareja sin hijos,2,Person_3427|Person_3428,Casa del Reloj,yes
HH_1318,4 personas,Sur,Hogar formado por pareja con hijos en donde algún hijo es menor de 25 años,Hogar formado por pareja con hijos en donde algún hijo es menor de 25 años,4,Person_3429|Person_3430|Person_3431|Person_3432,Mostoles,city
HH_1319,3 personas,Polvoranca,Hogar con un solo progenitor que convive con todos sus hijos de 25 años o más,Hogar con un solo progenitor que convive con todos sus hijos de 25 años o más,3,Person_3433|Person_3434|Person_3435,,house
HH_1320,3 personas,Carrascal,Hogar con un solo progenitor que convive con algún hijo menor de 25 años,Hogar con un solo progenitor que convive con algún hijo menor de 25 años,3,Person_3436|Person_3437|Person_3438,,house
HH_1321,1 persona,Sur,Hogar con una mujer sola menor de 65 años,Hogar con una mujer sola menor de 65 años,1,Person_3439,,apartments
HH_1322,3 personas,Sur,Hogar formado por pareja con hijos en donde algún hijo es menor de 25 años,Hogar formado por pareja con hijos en donde algún hijo es menor de 25 años,3,Person_3440|Person_3441|Person_3442,Getafe norte,city
HH_1323,2 personas,Zarzaquemada,Hogar con un solo progenitor que convive con todos sus hijos de 25 años o más,Hogar con un solo progenitor que convive con todos sus hijos de 25 años o más,2,Person_3443|Person_3444,,apartments
HH_1324,3 personas,San Nicasio,Hogar formado por pareja o un solo progenitor que convive con algún hijo menor de 25 años y otra(s) persona(s),Hogar formado por pareja o un solo progenitor que convive con algún hijo menor de 25 años y otra(s) persona(s),3,Person_3445|Person_3446|Person_3447,Alcorcon,city
HH_1325,1 persona,Norte,Hogar con un hombre solo menor de 65 años,Hogar con un hombre solo menor de 65 años,1,Person_3448,,yes
HH_1326,2 personas,Zarzaquemada,Hogar formado por pareja sin hijos,Hogar formado por pareja sin hijos,2,Person_3449|Person_3450,Madrid,city
HH_1327,1 persona,Carrascal,Hogar con una mujer sola de 65 años o más,Hogar con una mujer sola de 65 años o más,1,Person_3451,Madrid,city
HH_1328,2 personas,Polvoranca,Hogar formado por pareja sin hijos,Hogar formado por pareja sin hijos,2,Person_3452|Person_3453,,house
HH_1329,3 personas,Zarzaquemada,Hogar formado por pareja o un solo progenitor que convive con algún hijo menor de 25 años y otra(s) persona(s),Hogar formado por pareja o un solo progenitor que convive con algún hijo menor de 25 años y otra(s) persona(s),3,Person_3454|Person_3455|Person_3456,,apartments
HH_1330,3 personas,San Nicasio,Hogar formado por pareja con hijos en donde algún hijo es menor de 25 años,Hogar formado por pareja con hijos en donde algún hijo es menor de 25 años,3,Person_3457|Person_3458|Person_3459,,semidetached_house
HH_1331,3 personas,San Nicasio,Hogar formado por pareja con hijos en donde algún hijo es menor de 25 años,Hogar formado por pareja con hijos en donde algún hijo es menor de 25 años,3,Person_3460|Person_3461|Person_3462,,apartments
HH_1332,1 persona,Fortuna,Hogar con una mujer sola de 65 años o más,Hogar con una mujer sola de 65 años o más,1,Person_3463,,yes
HH_1333,4 personas,Norte,Hogar formado por pareja con hijos en donde algún hijo es menor de 25 años,Hogar formado por pareja con hijos en donde algún hijo es menor de 25 años,4,Person_3464|Person_3465|Person_3466|Person_3467,Madrid,city
HH_1334,4 personas,Zarzaquemada,Hogar formado por pareja con hijos en donde algún hijo es menor de 25 años,Hogar formado por pareja con hijos en donde algún hijo es menor de 25 años,4,Person_3468|Person_3469|Person_3470|Person_3471,,apartments
HH_1335,2 personas,Carrascal,Hogar formado por pareja sin hijos,Hogar formado por pareja sin hijos,2,Person_3472|Person_3473,,detached
HH_1336,4 personas,San Nicasio,Hogar formado por pareja con hijos en donde algún hijo es menor de 25 años,Hogar formado por pareja con hijos en donde algún hijo es menor de 25 años,4,Person_3474|Person_3475|Person_3476|Person_3477,Madrid,city
HH_1337,3 personas,Sur,Hogar formado por pareja con hijos en donde algún hijo es menor de 25 años,Hogar formado por pareja con hijos en donde algún hijo es menor de 25 años,3,Person_3478|Person_3479|Person_3480,,yes
HH_1338,2 personas,Carrascal,Otro tipo de hogar,Otro tipo de hogar,2,Person_3481|Person_3482,,house
HH_1339,2 personas,Zarzaquemada,Hogar con un solo progenitor que convive con algún hijo menor de 25 años,Hogar con un solo progenitor que convive con algún hijo menor de 25 años,2,Person_3483|Person_3484,,apartments
HH_1340,4 personas,Sur,Hogar formado por pareja con hijos en donde algún hijo es menor de 25 años,Hogar formado por pareja con hijos en donde algún hijo es menor de 25 años,4,Person_3485|Person_3486|Person_3487|Person_3488,Madrid,city
HH_1341,3 personas,Norte,Otro tipo de hogar,Otro tipo de hogar,3,Person_3489|Person_3490|Person_3491,Getafe norte,city
HH_1342,5 o mas personas,Carrascal,Hogar formado por pareja con hijos en donde algún hijo es menor de 25 años,Hogar formado por pareja con hijos en donde algún hijo es menor de 25 años,5,Person_3492|Person_3493|Person_3494|Person_3495|Person_3496,,semidetached_house
HH_1343,4 personas,Zarzaquemada,Hogar formado por pareja con hijos en donde algún hijo es menor de 25 años,Hogar formado por pareja con hijos en donde algún hijo es menor de 25 años,4,Person_3497|Person_3498|Person_3499|Person_3500,,residential
HH_1344,1 persona,Fortuna,Hogar con un hombre solo menor de 65 años,Hogar con un hombre solo menor de 65 años,1,Person_3501,Extremadura,city
HH_1345,3 personas,Norte,Hogar formado por pareja con hijos en donde algún hijo es menor de 25 años,Hogar formado por pareja con hijos en donde algún hijo es menor de 25 años,3,Person_3502|Person_3503|Person_3504,,yes
HH_1346,1 persona,Carrascal,Hogar con una mujer sola menor de 65 años,Hogar con una mujer sola menor de 65 años,1,Person_3505,,house
HH_1347,1 persona,Norte,Hogar con un hombre solo de 65 años o más,Hogar con un hombre solo de 65 años o más,1,Person_3506,,yes
HH_1348,3 personas,Norte,Hogar formado por pareja con hijos en donde algún hijo es menor de 25 años,Hogar formado por pareja con hijos en donde algún hijo es menor de 25 años,3,Person_3507|Person_3508|Person_3509,,yes
HH_1349,3 personas,Sur,Hogar formado por pareja con hijos en donde algún hijo es menor de 25 años,Hogar formado por pareja con hijos en donde algún hijo es menor de 25 años,3,Person_3510|Person_3511|Person_3512,Madrid,city
HH_1350,3 personas,Norte,Hogar formado por pareja con hijos en donde algún hijo es menor de 25 años,Hogar formado por pareja con hijos en donde algún hijo es menor de 25 años,3,Person_3513|Person_3514|Person_3515,,apartments
HH_1351,2 personas,Sur,Hogar formado por pareja sin hijos,Hogar formado por pareja sin hijos,2,Person_3516|Person_3517,,yes
HH_1352,1 persona,Carrascal,Hogar con un hombre solo de 65 años o más,Hogar con un hombre solo de 65 años o más,1,Person_3518,,apartments
HH_1353,2 personas,Norte,Hogar formado por pareja sin hijos,Hogar formado por pareja sin hijos,2,Person_3519|Person_3520,,yes
HH_1354,1 persona,Polvoranca,Hogar con una mujer sola de 65 años o más,Hogar con una mujer sola de 65 años o más,1,Person_3521,,semidetached_house
HH_1355,1 persona,Zarzaquemada,Hogar con un hombre solo menor de 65 años,Hogar con un hombre solo menor de 65 años,1,Person_3522,,apartments
HH_1356,3 personas,San Nicasio,Hogar formado por pareja con hijos en donde algún hijo es menor de 25 años,Hogar formado por pareja con hijos en donde algún hijo es menor de 25 años,3,Person_3523|Person_3524|Person_3525,,residential
HH_1357,3 personas,Carrascal,Hogar formado por pareja con hijos en donde algún hijo es menor de 25 años,Hogar formado por pareja con hijos en donde algún hijo es menor de 25 años,3,Person_3526|Person_3527|Person_3528,,residential
HH_1358,2 personas,Fortuna,Hogar formado por pareja sin hijos,Hogar formado por pareja sin hijos,2,Person_3529|Person_3530,,yes
HH_1359,1 persona,Sur,Hogar con un hombre solo de 65 años o más,Hogar con un hombre solo de 65 años o más,1,Person_3531,,apartments
HH_1360,3 personas,Norte,Hogar formado por pareja con hijos en donde algún hijo es menor de 25 años,Hogar formado por pareja con hijos en donde algún hijo es menor de 25 años,3,Person_3532|Person_3533|Person_3534,,semidetached_house
HH_1361,4 personas,Carrascal,Hogar formado por pareja con hijos en donde algún hijo es menor de 25 años,Hogar formado por pareja con hijos en donde algún hijo es menor de 25 años,4,Person_3535|Person_3536|Person_3537|Person_3538,Madrid,city
HH_1362,2 personas,Zarzaquemada,Hogar formado por pareja sin hijos,Hogar formado por pareja sin hijos,2,Person_3539|Person_3540,Getafe norte,city
HH_1363,1 persona,Sur,Hogar con un hombre solo menor de 65 años,Hogar con un hombre solo menor de 65 años,1,Person_3541,,yes
HH_1364,5 o mas personas,Fortuna,Hogar formado por pareja con hijos en donde algún hijo es menor de 25 años,Hogar formado por pareja con hijos en donde algún hijo es menor de 25 años,5,Person_3542|Person_3543|Person_3544|Person_3545|Person_3546,Madrid,city
HH_1365,2 personas,Carrascal,Hogar formado por pareja sin hijos,Hogar formado por pareja sin hijos,2,Person_3547|Person_3548,,semidetached_house
HH_1366,1 persona,San Nicasio,Hogar con un hombre solo de 65 años o más,Hogar con un hombre solo de 65 años o más,1,Person_3549,Madrid,city
HH_1367,2 personas,San Nicasio,Hogar formado por pareja sin hijos,Hogar formado por pareja sin hijos,2,Person_3550|Person_3551,,semidetached_house
HH_1368,3 personas,Carrascal,Otro tipo de hogar,Otro tipo de hogar,3,Person_3552|Person_3553|Person_3554,Getafe norte,city
HH_1369,3 personas,Norte,Hogar formado por pareja con hijos en donde algún hijo es menor de 25 años,Hogar formado por pareja con hijos en donde algún hijo es menor de 25 años,3,Person_3555|Person_3556|Person_3557,Madrid,city
HH_1370,1 persona,Sur,Hogar con un hombre solo de 65 años o más,Hogar con un hombre solo de 65 años o más,1,Person_3558,Mostoles,city
HH_1371,2 personas,Norte,Hogar formado por pareja sin hijos,Hogar formado por pareja sin hijos,2,Person_3559|Person_3560,Madrid,city
HH_1372,2 personas,Zarzaquemada,Hogar formado por pareja sin hijos,Hogar formado por pareja sin hijos,2,Person_3561|Person_3562,,apartments
HH_1373,4 personas,Sur,Hogar formado por pareja con hijos en donde algún hijo es menor de 25 años,Hogar formado por pareja con hijos en donde algún hijo es menor de 25 años,4,Person_3563|Person_3564|Person_3565|Person_3566,,yes
HH_1374,5 o mas personas,San Nicasio,Hogar formado por pareja con hijos en donde algún hijo es menor de 25 años,Hogar formado por pareja con hijos en donde algún hijo es menor de 25 años,5,Person_3567|Person_3568|Person_3569|Person_3570|Person_3571,Extremadura,city
HH_1375,2 personas,Fortuna,Hogar con un solo progenitor que convive con todos sus hijos de 25 años o más,Hogar con un solo progenitor que convive con todos sus hijos de 25 años o más,2,Person_3572|Person_3573,,yes
HH_1376,2 personas,Sur,Hogar formado por pareja sin hijos,Hogar formado por pareja sin hijos,2,Person_3574|Person_3575,,yes
HH_1377,2 personas,Zarzaquemada,Hogar formado por pareja sin hijos,Hogar formado por pareja sin hijos,2,Person_3576|Person_3577,,apartments
HH_1378,4 personas,Fortuna,Hogar formado por pareja o un solo progenitor que convive con algún hijo menor de 25 años y otra(s) persona(s),Hogar formado por pareja o un solo progenitor que convive con algún hijo menor de 25 años y otra(s) persona(s),4,Person_3578|Person_3579|Person_3580|Person_3581,,yes
HH_1379,3 personas,Carrascal,Hogar formado por pareja con hijos en donde todos los hijos de 25 años o más,Hogar formado por pareja con hijos en donde todos los hijos de 25 años o más,3,Person_3582|Person_3583|Person_3584,Madrid,city
HH_1380,4 personas,Norte,Hogar formado por pareja con hijos en donde algún hijo es menor de 25 años,Hogar formado por pareja con hijos en donde algún hijo es menor de 25 años,4,Person_3585|Person_3586|Person_3587|Person_3588,Alcorcon,city
HH_1381,3 personas,Sur,Hogar formado por pareja con hijos en donde todos los hijos de 25 años o más,Hogar formado por pareja con hijos en donde todos los hijos de 25 años o más,3,Person_3589|Person_3590|Person_3591,,yes
HH_1382,3 personas,San Nicasio,Hogar formado por pareja con hijos en donde algún hijo es menor de 25 años,Hogar formado por pareja con hijos en donde algún hijo es menor de 25 años,3,Person_3592|Person_3593|Person_3594,Madrid,city
HH_1383,2 personas,San Nicasio,Hogar formado por pareja sin hijos,Hogar formado por pareja sin hijos,2,Person_3595|Person_3596,,residential
HH_1384,1 persona,Carrascal,Hogar con un hombre solo menor de 65 años,Hogar con un hombre solo menor de 65 años,1,Person_3597,,apartments
HH_1385,3 personas,Carrascal,Hogar formado por pareja con hijos en donde todos los hijos de 25 años o más,Hogar formado por pareja con hijos en donde todos los hijos de 25 años o más,3,Person_3598|Person_3599|Person_3600,Centro de Formación Volkswagen,yes
HH_1386,1 persona,Sur,Hogar con una mujer sola menor de 65 años,Hogar con una mujer sola menor de 65 años,1,Person_3601,Madrid,city
HH_1387,3 personas,San Nicasio,Hogar formado por pareja con hijos en donde todos los hijos de 25 años o más,Hogar formado por pareja con hijos en donde todos los hijos de 25 años o más,3,Person_3602|Person_3603|Person_3604,,apartments
HH_1388,3 personas,Sur,Hogar formado por pareja con hijos en donde todos los hijos de 25 años o más,Hogar formado por pareja con hijos en donde todos los hijos de 25 años o más,3,Person_3605|Person_3606|Person_3607,Mostoles,city
HH_1389,1 persona,Carrascal,Hogar con una mujer sola de 65 años o más,Hogar con una mujer sola de 65 años o más,1,Person_3608,,yes
HH_1390,1 persona,Norte,Hogar con un hombre solo menor de 65 años,Hogar con un hombre solo menor de 65 años,1,Person_3609,,yes
HH_1391,3 personas,Norte,Otro tipo de hogar,Otro tipo de hogar,3,Person_3610|Person_3611|Person_3612,,apartments
HH_1392,3 personas,Sur,Hogar con un solo progenitor que convive con algún hijo menor de 25 años,Hogar con un solo progenitor que convive con algún hijo menor de 25 años,3,Person_3613|Person_3614|Person_3615,Fuenlabrada,city
HH_1393,2 personas,Zarzaquemada,Hogar con un solo progenitor que convive con algún hijo menor de 25 años,Hogar con un solo progenitor que convive con algún hijo menor de 25 años,2,Person_3616|Person_3617,,yes
HH_1394,3 personas,San Nicasio,Hogar formado por pareja con hijos en donde todos los hijos de 25 años o más,Hogar formado por pareja con hijos en donde todos los hijos de 25 años o más,3,Person_3618|Person_3619|Person_3620,,house
HH_1395,4 personas,San Nicasio,Hogar formado por pareja con hijos en donde algún hijo es menor de 25 años,Hogar formado por pareja con hijos en donde algún hijo es menor de 25 años,4,Person_3621|Person_3622|Person_3623|Person_3624,,yes
HH_1396,3 personas,Carrascal,Hogar formado por pareja con hijos en donde algún hijo es menor de 25 años,Hogar formado por pareja con hijos en donde algún hijo es menor de 25 años,3,Person_3625|Person_3626|Person_3627,,yes
HH_1397,3 personas,Norte,Hogar formado por pareja con hijos en donde algún hijo es menor de 25 años,Hogar formado por pareja con hijos en donde algún hijo es menor de 25 años,3,Person_3628|Person_3629|Person_3630,,apartments
HH_1398,2 personas,Carrascal,Hogar con un solo progenitor que convive con algún hijo menor de 25 años,Hogar con un solo progenitor que convive con algún hijo menor de 25 años,2,Person_3631|Person_3632,,yes
HH_1399,1 persona,Zarzaquemada,Hogar con una mujer sola menor de 65 años,Hogar con una mujer sola menor de 65 años,1,Person_3633,Madrid,city
HH_1400,1 persona,San Nicasio,Hogar con una mujer sola de 65 años o más,Hogar con una mujer sola de 65 años o más,1,Person_3634,Taller Valderas Motor Alcorcón Leganés,yes
HH_1401,3 personas,Zarzaquemada,Hogar formado por pareja o un solo progenitor que convive con algún hijo menor de 25 años y otra(s) persona(s),Hogar formado por pareja o un solo progenitor que convive con algún hijo menor de 25 años y otra(s) persona(s),3,Person_3635|Person_3636|Person_3637,,residential
HH_1402,3 personas,Fortuna,Hogar formado por pareja con hijos en donde algún hijo es menor de 25 años,Hogar formado por pareja con hijos en donde algún hijo es menor de 25 años,3,Person_3638|Person_3639|Person_3640,,yes
HH_1403,2 personas,Norte,Hogar formado por pareja sin hijos,Hogar formado por pareja sin hijos,2,Person_3641|Person_3642,,apartments
HH_1404,4 personas,Carrascal,Hogar formado por pareja con hijos en donde algún hijo es menor de 25 años,Hogar formado por pareja con hijos en donde algún hijo es menor de 25 años,4,Person_3643|Person_3644|Person_3645|Person_3646,,residential
HH_1405,5 o mas personas,Norte,Hogar formado por pareja o un solo progenitor que convive con algún hijo menor de 25 años y otra(s) persona(s),Hogar formado por pareja o un solo progenitor que convive con algún hijo menor de 25 años y otra(s) persona(s),5,Person_3647|Person_3648|Person_3649|Person_3650|Person_3651,Madrid,city
HH_1406,2 personas,Sur,Hogar con un solo progenitor que convive con todos sus hijos de 25 años o más,Hogar con un solo progenitor que convive con todos sus hijos de 25 años o más,2,Person_3652|Person_3653,,apartments
HH_1407,1 persona,Zarzaquemada,Hogar con una mujer sola de 65 años o más,Hogar con una mujer sola de 65 años o más,1,Person_3654,Madrid,city
HH_1408,2 personas,Sur,Hogar formado por pareja sin hijos,Hogar formado por pareja sin hijos,2,Person_3655|Person_3656,Ayuntamiento de Leganés,yes
HH_1409,2 personas,San Nicasio,Hogar formado por pareja sin hijos,Hogar formado por pareja sin hijos,2,Person_3657|Person_3658,,house
HH_1410,3 personas,Norte,Otro tipo de hogar,Otro tipo de hogar,3,Person_3659|Person_3660|Person_3661,,yes
HH_1411,2 personas,Carrascal,Otro tipo de hogar,Otro tipo de hogar,2,Person_3662|Person_3663,,yes
HH_1412,2 personas,Zarzaquemada,Hogar con un solo progenitor que convive con algún hijo menor de 25 años,Hogar con un solo progenitor que convive con algún hijo menor de 25 años,2,Person_3664|Person_3665,,apartments
HH_1413,3 personas,Norte,Hogar formado por pareja con hijos en donde algún hijo es menor de 25 años,Hogar formado por pareja con hijos en donde algún hijo es menor de 25 años,3,Person_3666|Person_3667|Person_3668,Getafe norte,city
HH_1414,2 personas,Carrascal,Hogar con un solo progenitor que convive con todos sus hijos de 25 años o más,Hogar con un solo progenitor que convive con todos sus hijos de 25 años o más,2,Person_3669|Person_3670,,house
HH_1415,1 persona,Polvoranca,Hogar con una mujer sola de 65 años o más,Hogar con una mujer sola de 65 años o más,1,Person_3671,,house
HH_1416,1 persona,Norte,Hogar con un hombre solo menor de 65 años,Hogar con un hombre solo menor de 65 años,1,Person_3672,,yes
HH_1417,4 personas,Carrascal,Otro tipo de hogar,Otro tipo de hogar,4,Person_3673|Person_3674|Person_3675|Person_3676,,apartments
HH_1418,2 personas,Zarzaquemada,Hogar con un solo progenitor que convive con algún hijo menor de 25 años,Hogar con un solo progenitor que convive con algún hijo menor de 25 años,2,Person_3677|Person_3678,Madrid,city
HH_1419,1 persona,Norte,Hogar con una mujer sola menor de 65 años,Hogar con una mujer sola menor de 65 años,1,Person_3679,Alcorcon,city
HH_1420,4 personas,Zarzaquemada,Hogar con un solo progenitor que convive con algún hijo menor de 25 años,Hogar con un solo progenitor que convive con algún hijo menor de 25 años,4,Person_3680|Person_3681|Person_3682|Person_3683,Madrid,city
HH_1421,1 persona,San Nicasio,Hogar con una mujer sola de 65 años o más,Hogar con una mujer sola de 65 años o más,1,Person_3684,,house
HH_1422,4 personas,Norte,Otro tipo de hogar,Otro tipo de hogar,4,Person_3685|Person_3686|Person_3687|Person_3688,Madrid,city
HH_1423,2 personas,Zarzaquemada,Hogar con un solo progenitor que convive con algún hijo menor de 25 años,Hogar con un solo progenitor que convive con algún hijo menor de 25 años,2,Person_3689|Person_3690,,residential
HH_1424,3 personas,Sur,Hogar formado por pareja con hijos en donde algún hijo es menor de 25 años,Hogar formado por pareja con hijos en donde algún hijo es menor de 25 años,3,Person_3691|Person_3692|Person_3693,,apartments
HH_1425,3 personas,Carrascal,Hogar formado por pareja con hijos en donde algún hijo es menor de 25 años,Hogar formado por pareja con hijos en donde algún hijo es menor de 25 años,3,Person_3694|Person_3695|Person_3696,,yes
HH_1426,2 personas,Polvoranca,Hogar formado por pareja sin hijos,Hogar formado por pareja sin hijos,2,Person_3697|Person_3698,,semidetached_house
HH_1427,3 personas,Fortuna,Hogar formado por pareja con hijos en donde algún hijo es menor de 25 años,Hogar formado por pareja con hijos en donde algún hijo es menor de 25 años,3,Person_3699|Person_3700|Person_3701,,yes
HH_1428,1 persona,Carrascal,Hogar con una mujer sola menor de 65 años,Hogar con una mujer sola menor de 65 años,1,Person_3702,Madrid,city
HH_1429,2 personas,Carrascal,Hogar formado por pareja sin hijos,Hogar formado por pareja sin hijos,2,Person_3703|Person_3704,,apartments
HH_1430,1 persona,San Nicasio,Hogar con una mujer sola menor de 65 años,Hogar con una mujer sola menor de 65 años,1,Person_3705,,semidetached_house
HH_1431,4 personas,Carrascal,Hogar formado por pareja con hijos en donde algún hijo es menor de 25 años,Hogar formado por pareja con hijos en donde algún hijo es menor de 25 años,4,Person_3706|Person_3707|Person_3708|Person_3709,Centro de Atención a Personas con Discapacidad Física de Leganés,yes
HH_1432,3 personas,Carrascal,Hogar formado por pareja con hijos en donde algún hijo es menor de 25 años,Hogar formado por pareja con hijos en donde algún hijo es menor de 25 años,3,Person_3710|Person_3711|Person_3712,,semidetached_house
HH_1433,1 persona,San Nicasio,Hogar con una mujer sola de 65 años o más,Hogar con una mujer sola de 65 años o más,1,Person_3713,,yes
HH_1434,5 o mas personas,Zarzaquemada,Hogar formado por pareja o un solo progenitor que convive con algún hijo menor de 25 años y otra(s) persona(s),Hogar formado por pareja o un solo progenitor que convive con algún hijo menor de 25 años y otra(s) persona(s),5,Person_3714|Person_3715|Person_3716|Person_3717|Person_3718,,apartments
HH_1435,4 personas,Fortuna,Hogar formado por pareja con hijos en donde algún hijo es menor de 25 años,Hogar formado por pareja con hijos en donde algún hijo es menor de 25 años,4,Person_3719|Person_3720|Person_3721|Person_3722,Mostoles,city
HH_1436,2 personas,San Nicasio,Hogar formado por pareja sin hijos,Hogar formado por pareja sin hijos,2,Person_3723|Person_3724,,yes
HH_1437,3 personas,San Nicasio,Hogar formado por pareja con hijos en donde algún hijo es menor de 25 años,Hogar formado por pareja con hijos en donde algún hijo es menor de 25 años,3,Person_3725|Person_3726|Person_3727,,semidetached_house
HH_1438,2 personas,Norte,Hogar con un solo progenitor que convive con todos sus hijos de 25 años o más,Hogar con un solo progenitor que convive con todos sus hijos de 25 años o más,2,Person_3728|Person_3729,Madrid,city
HH_1439,2 personas,Carrascal,Hogar con un solo progenitor que convive con todos sus hijos de 25 años o más,Hogar con un solo progenitor que convive con todos sus hijos de 25 años o más,2,Person_3730|Person_3731,,semidetached_house
HH_1440,3 personas,Polvoranca,Otro tipo de hogar,Otro tipo de hogar,3,Person_3732|Person_3733|Person_3734,,semidetached_house
HH_1441,3 personas,San Nicasio,Hogar formado por pareja con hijos en donde todos los hijos de 25 años o más,Hogar formado por pareja con hijos en donde todos los hijos de 25 años o más,3,Person_3735|Person_3736|Person_3737,Madrid,city
HH_1442,4 personas,Norte,Hogar formado por pareja con hijos en donde algún hijo es menor de 25 años,Hogar formado por pareja con hijos en donde algún hijo es menor de 25 años,4,Person_3738|Person_3739|Person_3740|Person_3741,,yes
HH_1443,2 personas,Norte,Hogar formado por pareja sin hijos,Hogar formado por pareja sin hijos,2,Person_3742|Person_3743,,yes
HH_1444,2 personas,Zarzaquemada,Hogar formado por pareja sin hijos,Hogar formado por pareja sin hijos,2,Person_3744|Person_3745,,apartments
HH_1445,3 personas,Zarzaquemada,Hogar formado por pareja con hijos en donde todos los hijos de 25 años o más,Hogar formado por pareja con hijos en donde todos los hijos de 25 años o más,3,Person_3746|Person_3747|Person_3748,,apartments
HH_1446,4 personas,Carrascal,Hogar formado por pareja o un solo progenitor que convive con algún hijo menor de 25 años y otra(s) persona(s),Hogar formado por pareja o un solo progenitor que convive con algún hijo menor de 25 años y otra(s) persona(s),4,Person_3749|Person_3750|Person_3751|Person_3752,Madrid,city
HH_1447,5 o mas personas,Zarzaquemada,Hogar formado por pareja o un solo progenitor que convive con algún hijo menor de 25 años y otra(s) persona(s),Hogar formado por pareja o un solo progenitor que convive con algún hijo menor de 25 años y otra(s) persona(s),5,Person_3753|Person_3754|Person_3755|Person_3756|Person_3757,,residential
HH_1448,1 persona,Sur,Hogar con una mujer sola de 65 años o más,Hogar con una mujer sola de 65 años o más,1,Person_3758,,apartments
HH_1449,3 personas,Fortuna,Hogar formado por pareja con hijos en donde todos los hijos de 25 años o más,Hogar formado por pareja con hijos en donde todos los hijos de 25 años o más,3,Person_3759|Person_3760|Person_3761,,yes
HH_1450,4 personas,Carrascal,Hogar formado por pareja con hijos en donde todos los hijos de 25 años o más,Hogar formado por pareja con hijos en donde todos los hijos de 25 años o más,4,Person_3762|Person_3763|Person_3764|Person_3765,,yes
HH_1451,2 personas,Carrascal,Hogar con un solo progenitor que convive con todos sus hijos de 25 años o más,Hogar con un solo progenitor que convive con todos sus hijos de 25 años o más,2,Person_3766|Person_3767,,semidetached_house
HH_1452,2 personas,Fortuna,Hogar formado por pareja sin hijos,Hogar formado por pareja sin hijos,2,Person_3768|Person_3769,,house
HH_1453,3 personas,Sur,Otro tipo de hogar,Otro tipo de hogar,3,Person_3770|Person_3771|Person_3772,Madrid,city
HH_1454,1 persona,Zarzaquemada,Hogar con una mujer sola de 65 años o más,Hogar con una mujer sola de 65 años o más,1,Person_3773,,residential
HH_1455,3 personas,Zarzaquemada,Hogar formado por pareja con hijos en donde todos los hijos de 25 años o más,Hogar formado por pareja con hijos en donde todos los hijos de 25 años o más,3,Person_3774|Person_3775|Person_3776,,apartments
HH_1456,1 persona,Sur,Hogar con un hombre solo menor de 65 años,Hogar con un hombre solo menor de 65 años,1,Person_3777,,house
HH_1457,3 personas,Zarzaquemada,Hogar formado por pareja con hijos en donde algún hijo es menor de 25 años,Hogar formado por pareja con hijos en donde algún hijo es menor de 25 años,3,Person_3778|Person_3779|Person_3780,,residential
HH_1458,3 personas,Zarzaquemada,Hogar formado por pareja o un solo progenitor que convive con algún hijo menor de 25 años y otra(s) persona(s),Hogar formado por pareja o un solo progenitor que convive con algún hijo menor de 25 años y otra(s) persona(s),3,Person_3781|Person_3782|Person_3783,,apartments
HH_1459,1 persona,San Nicasio,Hogar con una mujer sola de 65 años o más,Hogar con una mujer sola de 65 años o más,1,Person_3784,,semidetached_house
HH_1460,4 personas,Sur,Hogar formado por pareja con hijos en donde algún hijo es menor de 25 años,Hogar formado por pareja con hijos en donde algún hijo es menor de 25 años,4,Person_3785|Person_3786|Person_3787|Person_3788,,apartments
HH_1461,3 personas,Carrascal,Otro tipo de hogar,Otro tipo de hogar,3,Person_3789|Person_3790|Person_3791,Mostoles,city
HH_1462,2 personas,San Nicasio,Hogar formado por pareja sin hijos,Hogar formado por pareja sin hijos,2,Person_3792|Person_3793,,yes
HH_1463,1 persona,Zarzaquemada,Hogar con un hombre solo menor de 65 años,Hogar con un hombre solo menor de 65 años,1,Person_3794,,residential
HH_1464,3 personas,Zarzaquemada,Hogar formado por pareja con hijos en donde algún hijo es menor de 25 años,Hogar formado por pareja con hijos en donde algún hijo es menor de 25 años,3,Person_3795|Person_3796|Person_3797,Madrid,city
HH_1465,2 personas,Sur,Hogar formado por pareja sin hijos,Hogar formado por pareja sin hijos,2,Person_3798|Person_3799,Madrid,city
HH_1466,2 personas,Zarzaquemada,Hogar formado por pareja sin hijos,Hogar formado por pareja sin hijos,2,Person_3800|Person_3801,,apartments
HH_1467,2 personas,Sur,Hogar formado por pareja sin hijos,Hogar formado por pareja sin hijos,2,Person_3802|Person_3803,,yes
HH_1468,3 personas,Norte,Otro tipo de hogar,Otro tipo de hogar,3,Person_3804|Person_3805|Person_3806,,apartments
HH_1469,2 personas,Sur,Hogar con un solo progenitor que convive con todos sus hijos de 25 años o más,Hogar con un solo progenitor que convive con todos sus hijos de 25 años o más,2,Person_3807|Person_3808,Getafe norte,city
HH_1470,2 personas,Fortuna,Hogar con un solo progenitor que convive con algún hijo menor de 25 años,Hogar con un solo progenitor que convive con algún hijo menor de 25 años,2,Person_3809|Person_3810,,yes
HH_1471,1 persona,Sur,Hogar con una mujer sola de 65 años o más,Hogar con una mujer sola de 65 años o más,1,Person_3811,Centro Ocupacional Fundación F.A.D.,yes
HH_1472,4 personas,Zarzaquemada,Hogar formado por pareja con hijos en donde algún hijo es menor de 25 años,Hogar formado por pareja con hijos en donde algún hijo es menor de 25 años,4,Person_3812|Person_3813|Person_3814|Person_3815,,residential
HH_1473,1 persona,Zarzaquemada,Hogar con una mujer sola menor de 65 años,Hogar con una mujer sola menor de 65 años,1,Person_3816,,apartments
HH_1474,2 personas,Sur,Hogar formado por pareja sin hijos,Hogar formado por pareja sin hijos,2,Person_3817|Person_3818,Mostoles,city
HH_1475,3 personas,Zarzaquemada,Hogar formado por pareja con hijos en donde todos los hijos de 25 años o más,Hogar formado por pareja con hijos en donde todos los hijos de 25 años o más,3,Person_3819|Person_3820|Person_3821,Madrid,city
HH_1476,4 personas,Carrascal,Hogar formado por pareja con hijos en donde algún hijo es menor de 25 años,Hogar formado por pareja con hijos en donde algún hijo es menor de 25 años,4,Person_3822|Person_3823|Person_3824|Person_3825,,yes
HH_1477,3 personas,Fortuna,Otro tipo de hogar,Otro tipo de hogar,3,Person_3826|Person_3827|Person_3828,,yes
HH_1478,2 personas,San Nicasio,Hogar formado por pareja sin hijos,Hogar formado por pareja sin hijos,2,Person_3829|Person_3830,,house
HH_1479,4 personas,Sur,Hogar formado por pareja con hijos en donde todos los hijos de 25 años o más,Hogar formado por pareja con hijos en donde todos los hijos de 25 años o más,4,Person_3831|Person_3832|Person_3833|Person_3834,,apartments
HH_1480,2 personas,San Nicasio,Hogar con un solo progenitor que convive con algún hijo menor de 25 años,Hogar con un solo progenitor que convive con algún hijo menor de 25 años,2,Person_3835|Person_3836,,yes
HH_1481,2 personas,San Nicasio,Hogar con un solo progenitor que convive con todos sus hijos de 25 años o más,Hogar con un solo progenitor que convive con todos sus hijos de 25 años o más,2,Person_3837|Person_3838,,semidetached_house
HH_1482,5 o mas personas,Norte,Hogar formado por pareja o un solo progenitor que convive con algún hijo menor de 25 años y otra(s) persona(s),Hogar formado por pareja o un solo progenitor que convive con algún hijo menor de 25 años y otra(s) persona(s),5,Person_3839|Person_3840|Person_3841|Person_3842|Person_3843,,apartments
HH_1483,4 personas,Polvoranca,Hogar formado por pareja con hijos en donde algún hijo es menor de 25 años,Hogar formado por pareja con hijos en donde algún hijo es menor de 25 años,4,Person_3844|Person_3845|Person_3846|Person_3847,,semidetached_house
HH_1484,2 personas,Polvoranca,Hogar formado por pareja sin hijos,Hogar formado por pareja sin hijos,2,Person_3848|Person_3849,,terrace
HH_1485,5 o mas personas,Norte,Hogar formado por pareja con hijos en donde algún hijo es menor de 25 años,Hogar formado por pareja con hijos en donde algún hijo es menor de 25 años,5,Person_3850|Person_3851|Person_3852|Person_3853|Person_3854,,yes
HH_1486,1 persona,San Nicasio,Hogar con un hombre solo de 65 años o más,Hogar con un hombre solo de 65 años o más,1,Person_3855,Alcorcon,city
HH_1487,2 personas,Zarzaquemada,Hogar formado por pareja sin hijos,Hogar formado por pareja sin hijos,2,Person_3856|Person_3857,Madrid,city
HH_1488,2 personas,Zarzaquemada,Hogar formado por pareja sin hijos,Hogar formado por pareja sin hijos,2,Person_3858|Person_3859,Madrid,city
HH_1489,2 personas,Norte,Otro tipo de hogar,Otro tipo de hogar,2,Person_3860|Person_3861,,apartments
HH_1490,4 personas,Carrascal,Hogar formado por pareja con hijos en donde algún hijo es menor de 25 años,Hogar formado por pareja con hijos en donde algún hijo es menor de 25 años,4,Person_3862|Person_3863|Person_3864|Person_3865,,yes
HH_1491,4 personas,San Nicasio,Otro tipo de hogar,Otro tipo de hogar,4,Person_3866|Person_3867|Person_3868|Person_3869,,semidetached_house
HH_1492,1 persona,San Nicasio,Hogar con una mujer sola de 65 años o más,Hogar con una mujer sola de 65 años o más,1,Person_3870,,semidetached_house
HH_1493,3 personas,Zarzaquemada,Hogar formado por pareja o un solo progenitor que convive con algún hijo menor de 25 años y otra(s) persona(s),Hogar formado por pareja o un solo progenitor que convive con algún hijo menor de 25 años y otra(s) persona(s),3,Person_3871|Person_3872|Person_3873,,residential
HH_1494,4 personas,Carrascal,Hogar formado por pareja con hijos en donde algún hijo es menor de 25 años,Hogar formado por pareja con hijos en donde algún hijo es menor de 25 años,4,Person_3874|Person_3875|Person_3876|Person_3877,Thales,yes
HH_1495,3 personas,Zarzaquemada,Hogar formado por pareja con hijos en donde algún hijo es menor de 25 años,Hogar formado por pareja con hijos en donde algún hijo es menor de 25 años,3,Person_3878|Person_3879|Person_3880,,residential
HH_1496,3 personas,San Nicasio,Hogar con un solo progenitor que convive con algún hijo menor de 25 años,Hogar con un solo progenitor que convive con algún hijo menor de 25 años,3,Person_3881|Person_3882|Person_3883,,apartments
HH_1497,2 personas,Norte,Hogar formado por pareja sin hijos,Hogar formado por pareja sin hijos,2,Person_3884|Person_3885,,apartments
HH_1498,1 persona,San Nicasio,Hogar con una mujer sola menor de 65 años,Hogar con una mujer sola menor de 65 años,1,Person_3886,,yes
HH_1499,1 persona,Fortuna,Hogar con una mujer sola de 65 años o más,Hogar con una mujer sola de 65 años o más,1,Person_3887,,yes
HH_1500,1 persona,Carrascal,Hogar con un hombre solo de 65 años o más,Hogar con un hombre solo de 65 años o más,1,Person_3888,,residential
HH_1501,3 personas,Sur,Hogar formado por pareja con hijos en donde algún hijo es menor de 25 años,Hogar formado por pareja con hijos en donde algún hijo es menor de 25 años,3,Person_3889|Person_3890|Person_3891,Mostoles,city
HH_1502,3 personas,San Nicasio,Hogar formado por pareja con hijos en donde todos los hijos de 25 años o más,Hogar formado por pareja con hijos en donde todos los hijos de 25 años o más,3,Person_3892|Person_3893|Person_3894,Madrid,city
HH_1503,2 personas,Sur,Hogar con un solo progenitor que convive con todos sus hijos de 25 años o más,Hogar con un solo progenitor que convive con todos sus hijos de 25 años o más,2,Person_3895|Person_3896,,yes
HH_1504,4 personas,San Nicasio,Hogar formado por pareja con hijos en donde algún hijo es menor de 25 años,Hogar formado por pareja con hijos en donde algún hijo es menor de 25 años,4,Person_3897|Person_3898|Person_3899|Person_3900,,house
HH_1505,4 personas,San Nicasio,Hogar formado por pareja con hijos en donde algún hijo es menor de 25 años,Hogar formado por pareja con hijos en donde algún hijo es menor de 25 años,4,Person_3901|Person_3902|Person_3903|Person_3904,,yes
HH_1506,2 personas,Carrascal,Otro tipo de hogar,Otro tipo de hogar,2,Person_3905|Person_3906,,apartments
HH_1507,2 personas,Norte,Hogar formado por pareja sin hijos,Hogar formado por pareja sin hijos,2,Person_3907|Person_3908,Madrid,city
HH_1508,2 personas,San Nicasio,Hogar con un solo progenitor que convive con todos sus hijos de 25 años o más,Hogar con un solo progenitor que convive con todos sus hijos de 25 años o más,2,Person_3909|Person_3910,,semidetached_house
HH_1509,1 persona,Norte,Hogar con una mujer sola de 65 años o más,Hogar con una mujer sola de 65 años o más,1,Person_3911,,yes
HH_1510,4 personas,San Nicasio,Hogar formado por pareja con hijos en donde algún hijo es menor de 25 años,Hogar formado por pareja con hijos en donde algún hijo es menor de 25 años,4,Person_3912|Person_3913|Person_3914|Person_3915,,yes
HH_1511,3 personas,Fortuna,Hogar formado por pareja con hijos en donde algún hijo es menor de 25 años,Hogar formado por pareja con hijos en donde algún hijo es menor de 25 años,3,Person_3916|Person_3917|Person_3918,,yes
HH_1512,2 personas,Carrascal,Otro tipo de hogar,Otro tipo de hogar,2,Person_3919|Person_3920,,apartments
HH_1513,3 personas,Zarzaquemada,Hogar formado por pareja con hijos en donde algún hijo es menor de 25 años,Hogar formado por pareja con hijos en donde algún hijo es menor de 25 años,3,Person_3921|Person_3922|Person_3923,,residential
HH_1514,1 persona,Fortuna,Hogar con una mujer sola de 65 años o más,Hogar con una mujer sola de 65 años o más,1,Person_3924,,yes
HH_1515,3 personas,Sur,Hogar con un solo progenitor que convive con todos sus hijos de 25 años o más,Hogar con un solo progenitor que convive con todos sus hijos de 25 años o más,3,Person_3925|Person_3926|Person_3927,Madrid,city
HH_1516,3 personas,San Nicasio,Hogar formado por pareja con hijos en donde algún hijo es menor de 25 años,Hogar formado por pareja con hijos en donde algún hijo es menor de 25 años,3,Person_3928|Person_3929|Person_3930,,residential
HH_1517,5 o mas personas,Zarzaquemada,Hogar formado por pareja o un solo progenitor que convive con algún hijo menor de 25 años y otra(s) persona(s),Hogar formado por pareja o un solo progenitor que convive con algún hijo menor de 25 años y otra(s) persona(s),5,Person_3931|Person_3932|Person_3933|Person_3934|Person_3935,Madrid,city
HH_1518,2 personas,Carrascal,Hogar con un solo progenitor que convive con todos sus hijos de 25 años o más,Hogar con un solo progenitor que convive con todos sus hijos de 25 años o más,2,Person_3936|Person_3937,Madrid,city
HH_1519,4 personas,Norte,Hogar formado por pareja con hijos en donde algún hijo es menor de 25 años,Hogar formado por pareja con hijos en donde algún hijo es menor de 25 años,4,Person_3938|Person_3939|Person_3940|Person_3941,Madrid,city
HH_1520,1 persona,Norte,Hogar con una mujer sola menor de 65 años,Hogar con una mujer sola menor de 65 años,1,Person_3942,,apartments
HH_1521,2 personas,Fortuna,Hogar con un solo progenitor que convive con algún hijo menor de 25 años,Hogar con un solo progenitor que convive con algún hijo menor de 25 años,2,Person_3943|Person_3944,,yes
HH_1522,1 persona,Polvoranca,Hogar con un hombre solo menor de 65 años,Hogar con un hombre solo menor de 65 años,1,Person_3945,Madrid,city
HH_1523,1 persona,Zarzaquemada,Hogar con una mujer sola de 65 años o más,Hogar con una mujer sola de 65 años o más,1,Person_3946,Madrid,city
HH_1524,1 persona,Sur,Hogar con una mujer sola menor de 65 años,Hogar con una mujer sola menor de 65 años,1,Person_3947,,yes
HH_1525,4 personas,Norte,Hogar formado por pareja con hijos en donde algún hijo es menor de 25 años,Hogar formado por pareja con hijos en donde algún hijo es menor de 25 años,4,Person_3948|Person_3949|Person_3950|Person_3951,,apartments
HH_1526,1 persona,Zarzaquemada,Hogar con un hombre solo menor de 65 años,Hogar con un hombre solo menor de 65 años,1,Person_3952,Madrid,city
HH_1527,1 persona,Norte,Hogar con una mujer sola menor de 65 años,Hogar con una mujer sola menor de 65 años,1,Person_3953,,apartments
HH_1528,2 personas,Sur,Hogar con un solo progenitor que convive con todos sus hijos de 25 años o más,Hogar con un solo progenitor que convive con todos sus hijos de 25 años o más,2,Person_3954|Person_3955,,yes
HH_1529,4 personas,Zarzaquemada,Hogar formado por pareja con hijos en donde algún hijo es menor de 25 años,Hogar formado por pareja con hijos en donde algún hijo es menor de 25 años,4,Person_3956|Person_3957|Person_3958|Person_3959,Fuenlabrada,city
HH_1530,2 personas,Sur,Hogar con un solo progenitor que convive con algún hijo menor de 25 años,Hogar con un solo progenitor que convive con algún hijo menor de 25 años,2,Person_3960|Person_3961,,yes
HH_1531,2 personas,Sur,Hogar formado por pareja sin hijos,Hogar formado por pareja sin hijos,2,Person_3962|Person_3963,Fuenlabrada,city
HH_1532,3 personas,Sur,Hogar formado por pareja con hijos en donde todos los hijos de 25 años o más,Hogar formado por pareja con hijos en donde todos los hijos de 25 años o más,3,Person_3964|Person_3965|Person_3966,,apartments
HH_1533,2 personas,Zarzaquemada,Otro tipo de hogar,Otro tipo de hogar,2,Person_3967|Person_3968,Madrid,city
HH_1534,4 personas,Carrascal,Hogar formado por pareja con hijos en donde algún hijo es menor de 25 años,Hogar formado por pareja con hijos en donde algún hijo es menor de 25 años,4,Person_3969|Person_3970|Person_3971|Person_3972,,apartments
HH_1535,2 personas,Carrascal,Hogar formado por pareja sin hijos,Hogar formado por pareja sin hijos,2,Person_3973|Person_3974,Madrid,city
HH_1536,2 personas,Norte,Hogar formado por pareja sin hijos,Hogar formado por pareja sin hijos,2,Person_3975|Person_3976,,yes
HH_1537,1 persona,Zarzaquemada,Hogar con una mujer sola de 65 años o más,Hogar con una mujer sola de 65 años o más,1,Person_3977,,yes
HH_1538,5 o mas personas,Carrascal,Hogar formado por pareja con hijos en donde algún hijo es menor de 25 años,Hogar formado por pareja con hijos en donde algún hijo es menor de 25 años,5,Person_3978|Person_3979|Person_3980|Person_3981|Person_3982,,apartments
HH_1539,1 persona,Zarzaquemada,Hogar con una mujer sola de 65 años o más,Hogar con una mujer sola de 65 años o más,1,Person_3983,,residential
HH_1540,2 personas,San Nicasio,Otro tipo de hogar,Otro tipo de hogar,2,Person_3984|Person_3985,,semidetached_house
HH_1541,3 personas,San Nicasio,Hogar formado por pareja con hijos en donde algún hijo es menor de 25 años,Hogar formado por pareja con hijos en donde algún hijo es menor de 25 años,3,Person_3986|Person_3987|Person_3988,,semidetached_house
HH_1542,2 personas,Zarzaquemada,Hogar formado por pareja sin hijos,Hogar formado por pareja sin hijos,2,Person_3989|Person_3990,,yes
HH_1543,2 personas,Zarzaquemada,Hogar formado por pareja sin hijos,Hogar formado por pareja sin hijos,2,Person_3991|Person_3992,,residential
HH_1544,3 personas,Zarzaquemada,Hogar formado por pareja con hijos en donde algún hijo es menor de 25 años,Hogar formado por pareja con hijos en donde algún hijo es menor de 25 años,3,Person_3993|Person_3994|Person_3995,,residential
HH_1545,2 personas,Zarzaquemada,Hogar formado por pareja sin hijos,Hogar formado por pareja sin hijos,2,Person_3996|Person_3997,Alcorcon,city
HH_1546,5 o mas personas,Carrascal,Hogar formado por pareja con hijos en donde algún hijo es menor de 25 años,Hogar formado por pareja con hijos en donde algún hijo es menor de 25 años,5,Person_3998|Person_3999|Person_4000|Person_4001|Person_4002,,apartments
HH_1547,2 personas,San Nicasio,Hogar con un solo progenitor que convive con algún hijo menor de 25 años,Hogar con un solo progenitor que convive con algún hijo menor de 25 años,2,Person_4003|Person_4004,,semidetached_house
HH_1548,2 personas,Norte,Hogar formado por pareja sin hijos,Hogar formado por pareja sin hijos,2,Person_4005|Person_4006,,apartments
HH_1549,5 o mas personas,Carrascal,Hogar formado por pareja o un solo progenitor que convive con algún hijo menor de 25 años y otra(s) persona(s),Hogar formado por pareja o un solo progenitor que convive con algún hijo menor de 25 años y otra(s) persona(s),5,Person_4007|Person_4008|Person_4009|Person_4010|Person_4011,,semidetached_house
HH_1550,1 persona,Zarzaquemada,Hogar con un hombre solo de 65 años o más,Hogar con un hombre solo de 65 años o más,1,Person_4012,,apartments
HH_1551,2 personas,San Nicasio,Hogar formado por pareja sin hijos,Hogar formado por pareja sin hijos,2,Person_4013|Person_4014,,semidetached_house
HH_1552,3 personas,Zarzaquemada,Hogar formado por pareja con hijos en donde todos los hijos de 25 años o más,Hogar formado por pareja con hijos en donde todos los hijos de 25 años o más,3,Person_4015|Person_4016|Person_4017,,residential
HH_1553,5 o mas personas,Zarzaquemada,Hogar formado por pareja con hijos en donde algún hijo es menor de 25 años,Hogar formado por pareja con hijos en donde algún hijo es menor de 25 años,5,Person_4018|Person_4019|Person_4020|Person_4021|Person_4022,,residential
HH_1554,2 personas,Carrascal,Hogar formado por pareja sin hijos,Hogar formado por pareja sin hijos,2,Person_4023|Person_4024,,detached
HH_1555,3 personas,Carrascal,Hogar formado por pareja con hijos en donde todos los hijos de 25 años o más,Hogar formado por pareja con hijos en donde todos los hijos de 25 años o más,3,Person_4025|Person_4026|Person_4027,Fuenlabrada,city
HH_1556,3 personas,Norte,Hogar con un solo progenitor que convive con algún hijo menor de 25 años,Hogar con un solo progenitor que convive con algún hijo menor de 25 años,3,Person_4028|Person_4029|Person_4030,Madrid,city
HH_1557,2 personas,Polvoranca,Hogar formado por pareja sin hijos,Hogar formado por pareja sin hijos,2,Person_4031|Person_4032,,terrace
HH_1558,3 personas,San Nicasio,Hogar formado por pareja con hijos en donde todos los hijos de 25 años o más,Hogar formado por pareja con hijos en donde todos los hijos de 25 años o más,3,Person_4033|Person_4034|Person_4035,Madrid,city
HH_1559,2 personas,San Nicasio,Hogar formado por pareja sin hijos,Hogar formado por pareja sin hijos,2,Person_4036|Person_4037,,yes
HH_1560,2 personas,Polvoranca,Hogar formado por pareja sin hijos,Hogar formado por pareja sin hijos,2,Person_4038|Person_4039,Getafe norte,city
HH_1561,4 personas,Zarzaquemada,Hogar formado por pareja con hijos en donde algún hijo es menor de 25 años,Hogar formado por pareja con hijos en donde algún hijo es menor de 25 años,4,Person_4040|Person_4041|Person_4042|Person_4043,,residential
HH_1562,2 personas,Fortuna,Hogar formado por pareja sin hijos,Hogar formado por pareja sin hijos,2,Person_4044|Person_4045,,yes
HH_1563,2 personas,Norte,Hogar formado por pareja sin hijos,Hogar formado por pareja sin hijos,2,Person_4046|Person_4047,,house
HH_1564,1 persona,Sur,Hogar con una mujer sola de 65 años o más,Hogar con una mujer sola de 65 años o más,1,Person_4048,,yes
HH_1565,2 personas,Zarzaquemada,Hogar con un solo progenitor que convive con algún hijo menor de 25 años,Hogar con un solo progenitor que convive con algún hijo menor de 25 años,2,Person_4049|Person_4050,Fuenlabrada,city
HH_1566,1 persona,Carrascal,Hogar con un hombre solo de 65 años o más,Hogar con un hombre solo de 65 años o más,1,Person_4051,Alcorcon,city
HH_1567,2 personas,Zarzaquemada,Hogar con un solo progenitor que convive con todos sus hijos de 25 años o más,Hogar con un solo progenitor que convive con todos sus hijos de 25 años o más,2,Person_4052|Person_4053,,residential
HH_1568,2 personas,Zarzaquemada,Hogar formado por pareja sin hijos,Hogar formado por pareja sin hijos,2,Person_4054|Person_4055,Madrid,city
HH_1569,1 persona,Carrascal,Hogar con un hombre solo de 65 años o más,Hogar con un hombre solo de 65 años o más,1,Person_4056,,apartments
HH_1570,2 personas,Zarzaquemada,Hogar con un solo progenitor que convive con algún hijo menor de 25 años,Hogar con un solo progenitor que convive con algún hijo menor de 25 años,2,Person_4057|Person_4058,,residential
HH_1571,3 personas,Carrascal,Hogar formado por pareja con hijos en donde algún hijo es menor de 25 años,Hogar formado por pareja con hijos en donde algún hijo es menor de 25 años,3,Person_4059|Person_4060|Person_4061,Fuenlabrada,city
HH_1572,3 personas,San Nicasio,Hogar con un solo progenitor que convive con algún hijo menor de 25 años,Hogar con un solo progenitor que convive con algún hijo menor de 25 años,3,Person_4062|Person_4063|Person_4064,,house
HH_1573,2 personas,Zarzaquemada,Hogar formado por pareja sin hijos,Hogar formado por pareja sin hijos,2,Person_4065|Person_4066,,residential
HH_1574,1 persona,Fortuna,Hogar con un hombre solo menor de 65 años,Hogar con un hombre solo menor de 65 años,1,Person_4067,,yes
HH_1575,3 personas,San Nicasio,Hogar formado por pareja con hijos en donde todos los hijos de 25 años o más,Hogar formado por pareja con hijos en donde todos los hijos de 25 años o más,3,Person_4068|Person_4069|Person_4070,Alcorcon,city
HH_1576,2 personas,Carrascal,Hogar formado por pareja sin hijos,Hogar formado por pareja sin hijos,2,Person_4071|Person_4072,,yes
HH_1577,1 persona,Sur,Hogar con una mujer sola menor de 65 años,Hogar con una mujer sola menor de 65 años,1,Person_4073,,yes
HH_1578,2 personas,Polvoranca,Hogar formado por pareja sin hijos,Hogar formado por pareja sin hijos,2,Person_4074|Person_4075,,semidetached_house
HH_1579,5 o mas personas,Carrascal,Hogar formado por pareja o un solo progenitor que convive con algún hijo menor de 25 años y otra(s) persona(s),Hogar formado por pareja o un solo progenitor que convive con algún hijo menor de 25 años y otra(s) persona(s),5,Person_4076|Person_4077|Person_4078|Person_4079|Person_4080,Madrid,city
HH_1580,2 personas,Zarzaquemada,Otro tipo de hogar,Otro tipo de hogar,2,Person_4081|Person_4082,Mostoles,city
HH_1581,1 persona,Zarzaquemada,Hogar con un hombre solo menor de 65 años,Hogar con un hombre solo menor de 65 años,1,Person_4083,Madrid,city
HH_1582,3 personas,Zarzaquemada,Hogar formado por pareja o un solo progenitor que convive con algún hijo menor de 25 años y otra(s) persona(s),Hogar formado por pareja o un solo progenitor que convive con algún hijo menor de 25 años y otra(s) persona(s),3,Person_4084|Person_4085|Person_4086,Mostoles,city
HH_1583,2 personas,Zarzaquemada,Hogar formado por pareja sin hijos,Hogar formado por pareja sin hijos,2,Person_4087|Person_4088,Madrid,city
HH_1584,2 personas,Norte,Hogar con un solo progenitor que convive con algún hijo menor de 25 años,Hogar con un solo progenitor que convive con algún hijo menor de 25 años,2,Person_4089|Person_4090,,yes
HH_1585,3 personas,Zarzaquemada,Hogar con un solo progenitor que convive con algún hijo menor de 25 años,Hogar con un solo progenitor que convive con algún hijo menor de 25 años,3,Person_4091|Person_4092|Person_4093,Madrid,city
HH_1586,2 personas,Zarzaquemada,Hogar formado por pareja sin hijos,Hogar formado por pareja sin hijos,2,Person_4094|Person_4095,,residential
HH_1587,5 o mas personas,Sur,Hogar formado por pareja o un solo progenitor que convive con algún hijo menor de 25 años y otra(s) persona(s),Hogar formado por pareja o un solo progenitor que convive con algún hijo menor de 25 años y otra(s) persona(s),5,Person_4096|Person_4097|Person_4098|Person_4099|Person_4100,,yes
HH_1588,1 persona,San Nicasio,Hogar con una mujer sola de 65 años o más,Hogar con una mujer sola de 65 años o más,1,Person_4101,Madrid,city
HH_1589,2 personas,San Nicasio,Hogar formado por pareja sin hijos,Hogar formado por pareja sin hijos,2,Person_4102|Person_4103,,yes
HH_1590,1 persona,Zarzaquemada,Hogar con una mujer sola menor de 65 años,Hogar con una mujer sola menor de 65 años,1,Person_4104,,apartments
HH_1591,1 persona,Carrascal,Hogar con una mujer sola de 65 años o más,Hogar con una mujer sola de 65 años o más,1,Person_4105,,yes
HH_1592,2 personas,Norte,Hogar formado por pareja sin hijos,Hogar formado por pareja sin hijos,2,Person_4106|Person_4107,,apartments
HH_1593,1 persona,San Nicasio,Hogar con una mujer sola menor de 65 años,Hogar con una mujer sola menor de 65 años,1,Person_4108,Madrid,city
HH_1594,3 personas,Carrascal,Hogar formado por pareja con hijos en donde todos los hijos de 25 años o más,Hogar formado por pareja con hijos en donde todos los hijos de 25 años o más,3,Person_4109|Person_4110|Person_4111,,apartments
HH_1595,3 personas,Sur,Hogar formado por pareja con hijos en donde algún hijo es menor de 25 años,Hogar formado por pareja con hijos en donde algún hijo es menor de 25 años,3,Person_4112|Person_4113|Person_4114,Fuenlabrada,city
HH_1596,1 persona,Polvoranca,Hogar con una mujer sola menor de 65 años,Hogar con una mujer sola menor de 65 años,1,Person_4115,,semidetached_house
HH_1597,2 personas,Zarzaquemada,Hogar con un solo progenitor que convive con algún hijo menor de 25 años,Hogar con un solo progenitor que convive con algún hijo menor de 25 años,2,Person_4116|Person_4117,,apartments
HH_1598,3 personas,Zarzaquemada,Hogar formado por pareja con hijos en donde todos los hijos de 25 años o más,Hogar formado por pareja con hijos en donde todos los hijos de 25 años o más,3,Person_4118|Person_4119|Person_4120,,residential
HH_1599,1 persona,Norte,Hogar con una mujer sola menor de 65 años,Hogar con una mujer sola menor de 65 años,1,Person_4121,,yes
HH_1600,2 personas,Carrascal,Otro tipo de hogar,Otro tipo de hogar,2,Person_4122|Person_4123,,yes
HH_1601,3 personas,Sur,Hogar con un solo progenitor que convive con algún hijo menor de 25 años,Hogar con un solo progenitor que convive con algún hijo menor de 25 años,3,Person_4124|Person_4125|Person_4126,Madrid,city
HH_1602,1 persona,Zarzaquemada,Hogar con una mujer sola menor de 65 años,Hogar con una mujer sola menor de 65 años,1,Person_4127,,apartments
HH_1603,2 personas,Carrascal,Hogar formado por pareja sin hijos,Hogar formado por pareja sin hijos,2,Person_4128|Person_4129,Centro de Formación Volkswagen,yes
HH_1604,3 personas,Zarzaquemada,Hogar formado por pareja con hijos en donde algún hijo es menor de 25 años,Hogar formado por pareja con hijos en donde algún hijo es menor de 25 años,3,Person_4130|Person_4131|Person_4132,,apartments
HH_1605,2 personas,Norte,Hogar formado por pareja sin hijos,Hogar formado por pareja sin hijos,2,Person_4133|Person_4134,,apartments
HH_1606,2 personas,San Nicasio,Otro tipo de hogar,Otro tipo de hogar,2,Person_4135|Person_4136,,semidetached_house
HH_1607,3 personas,San Nicasio,Otro tipo de hogar,Otro tipo de hogar,3,Person_4137|Person_4138|Person_4139,Madrid,city
HH_1608,1 persona,Zarzaquemada,Hogar con un hombre solo de 65 años o más,Hogar con un hombre solo de 65 años o más,1,Person_4140,,apartments
HH_1609,3 personas,Sur,Hogar con un solo progenitor que convive con algún hijo menor de 25 años,Hogar con un solo progenitor que convive con algún hijo menor de 25 años,3,Person_4141|Person_4142|Person_4143,,yes
HH_1610,2 personas,San Nicasio,Hogar formado por pareja sin hijos,Hogar formado por pareja sin hijos,2,Person_4144|Person_4145,Madrid,city
HH_1611,4 personas,Polvoranca,Hogar formado por pareja con hijos en donde algún hijo es menor de 25 años,Hogar formado por pareja con hijos en donde algún hijo es menor de 25 años,4,Person_4146|Person_4147|Person_4148|Person_4149,Madrid,city
HH_1612,4 personas,Sur,Hogar formado por pareja con hijos en donde algún hijo es menor de 25 años,Hogar formado por pareja con hijos en donde algún hijo es menor de 25 años,4,Person_4150|Person_4151|Person_4152|Person_4153,,yes
HH_1613,1 persona,Norte,Hogar con un hombre solo menor de 65 años,Hogar con un hombre solo menor de 65 años,1,Person_4154,,apartments
HH_1614,3 personas,Zarzaquemada,Hogar formado por pareja con hijos en donde todos los hijos de 25 años o más,Hogar formado por pareja con hijos en donde todos los hijos de 25 años o más,3,Person_4155|Person_4156|Person_4157,,yes
HH_1615,2 personas,Zarzaquemada,Hogar formado por pareja sin hijos,Hogar formado por pareja sin hijos,2,Person_4158|Person_4159,,apartments
HH_1616,2 personas,Zarzaquemada,Hogar formado por pareja sin hijos,Hogar formado por pareja sin hijos,2,Person_4160|Person_4161,,yes
HH_1617,1 persona,Norte,Hogar con un hombre solo menor de 65 años,Hogar con un hombre solo menor de 65 años,1,Person_4162,Fuenlabrada,city
HH_1618,1 persona,Zarzaquemada,Hogar con un hombre solo de 65 años o más,Hogar con un hombre solo de 65 años o más,1,Person_4163,,apartments
HH_1619,3 personas,Zarzaquemada,Hogar formado por pareja con hijos en donde algún hijo es menor de 25 años,Hogar formado por pareja con hijos en donde algún hijo es menor de 25 años,3,Person_4164|Person_4165|Person_4166,,residential
HH_1620,2 personas,Fortuna,Hogar formado por pareja sin hijos,Hogar formado por pareja sin hijos,2,Person_4167|Person_4168,,yes
HH_1621,2 personas,Carrascal,Hogar formado por pareja sin hijos,Hogar formado por pareja sin hijos,2,Person_4169|Person_4170,,yes
HH_1622,1 persona,San Nicasio,Hogar con un hombre solo de 65 años o más,Hogar con un hombre solo de 65 años o más,1,Person_4171,Madrid,city
HH_1623,3 personas,Fortuna,Hogar formado por pareja con hijos en donde algún hijo es menor de 25 años,Hogar formado por pareja con hijos en donde algún hijo es menor de 25 años,3,Person_4172|Person_4173|Person_4174,,yes
HH_1624,1 persona,San Nicasio,Hogar con un hombre solo menor de 65 años,Hogar con un hombre solo menor de 65 años,1,Person_4175,,apartments
HH_1625,1 persona,Polvoranca,Hogar con una mujer sola menor de 65 años,Hogar con una mujer sola menor de 65 años,1,Person_4176,,terrace
HH_1626,2 personas,Zarzaquemada,Hogar formado por pareja sin hijos,Hogar formado por pareja sin hijos,2,Person_4177|Person_4178,,residential
HH_1627,1 persona,Carrascal,Hogar con una mujer sola de 65 años o más,Hogar con una mujer sola de 65 años o más,1,Person_4179,,house
HH_1628,4 personas,Zarzaquemada,Hogar formado por pareja con hijos en donde algún hijo es menor de 25 años,Hogar formado por pareja con hijos en donde algún hijo es menor de 25 años,4,Person_4180|Person_4181|Person_4182|Person_4183,,residential
HH_1629,2 personas,Carrascal,Hogar formado por pareja sin hijos,Hogar formado por pareja sin hijos,2,Person_4184|Person_4185,,yes
HH_1630,3 personas,Zarzaquemada,Hogar formado por pareja con hijos en donde algún hijo es menor de 25 años,Hogar formado por pareja con hijos en donde algún hijo es menor de 25 años,3,Person_4186|Person_4187|Person_4188,,apartments
HH_1631,2 personas,Carrascal,Hogar formado por pareja sin hijos,Hogar formado por pareja sin hijos,2,Person_4189|Person_4190,,apartments
HH_1632,3 personas,Carrascal,Hogar formado por pareja con hijos en donde todos los hijos de 25 años o más,Hogar formado por pareja con hijos en donde todos los hijos de 25 años o más,3,Person_4191|Person_4192|Person_4193,,apartments
HH_1633,2 personas,Zarzaquemada,Hogar formado por pareja sin hijos,Hogar formado por pareja sin hijos,2,Person_4194|Person_4195,Madrid,city
HH_1634,3 personas,Zarzaquemada,Hogar con un solo progenitor que convive con algún hijo menor de 25 años,Hogar con un solo progenitor que convive con algún hijo menor de 25 años,3,Person_4196|Person_4197|Person_4198,Madrid,city
HH_1635,1 persona,Sur,Hogar con un hombre solo menor de 65 años,Hogar con un hombre solo menor de 65 años,1,Person_4199,Madrid,city
HH_1636,5 o mas personas,Zarzaquemada,Otro tipo de hogar,Otro tipo de hogar,5,Person_4200|Person_4201|Person_4202|Person_4203|Person_4204,,apartments
HH_1637,2 personas,Sur,Hogar formado por pareja sin hijos,Hogar formado por pareja sin hijos,2,Person_4205|Person_4206,Getafe norte,city
HH_1638,2 personas,San Nicasio,Hogar formado por pareja sin hijos,Hogar formado por pareja sin hijos,2,Person_4207|Person_4208,,semidetached_house
HH_1639,3 personas,Sur,Hogar formado por pareja o un solo progenitor que convive con algún hijo menor de 25 años y otra(s) persona(s),Hogar formado por pareja o un solo progenitor que convive con algún hijo menor de 25 años y otra(s) persona(s),3,Person_4209|Person_4210|Person_4211,Madrid,city
HH_1640,5 o mas personas,Norte,Hogar formado por pareja o un solo progenitor que convive con algún hijo menor de 25 años y otra(s) persona(s),Hogar formado por pareja o un solo progenitor que convive con algún hijo menor de 25 años y otra(s) persona(s),5,Person_4212|Person_4213|Person_4214|Person_4215|Person_4216,,apartments
HH_1641,1 persona,Sur,Hogar con una mujer sola de 65 años o más,Hogar con una mujer sola de 65 años o más,1,Person_4217,,residential
HH_1642,4 personas,Carrascal,Otro tipo de hogar,Otro tipo de hogar,4,Person_4218|Person_4219|Person_4220|Person_4221,Fuenlabrada,city
HH_1643,1 persona,Zarzaquemada,Hogar con un hombre solo menor de 65 años,Hogar con un hombre solo menor de 65 años,1,Person_4222,,yes
HH_1644,3 personas,Sur,Hogar formado por pareja con hijos en donde algún hijo es menor de 25 años,Hogar formado por pareja con hijos en donde algún hijo es menor de 25 años,3,Person_4223|Person_4224|Person_4225,,apartments
HH_1645,3 personas,Zarzaquemada,Hogar formado por pareja con hijos en donde todos los hijos de 25 años o más,Hogar formado por pareja con hijos en donde todos los hijos de 25 años o más,3,Person_4226|Person_4227|Person_4228,,residential
HH_1646,2 personas,San Nicasio,Hogar con un solo progenitor que convive con todos sus hijos de 25 años o más,Hogar con un solo progenitor que convive con todos sus hijos de 25 años o más,2,Person_4229|Person_4230,,house
HH_1647,1 persona,Sur,Hogar con una mujer sola de 65 años o más,Hogar con una mujer sola de 65 años o más,1,Person_4231,,yes
HH_1648,3 personas,Carrascal,Hogar formado por pareja con hijos en donde todos los hijos de 25 años o más,Hogar formado por pareja con hijos en donde todos los hijos de 25 años o más,3,Person_4232|Person_4233|Person_4234,,semidetached_house
HH_1649,1 persona,Zarzaquemada,Hogar con un hombre solo menor de 65 años,Hogar con un hombre solo menor de 65 años,1,Person_4235,Fuenlabrada,city
HH_1650,3 personas,Fortuna,Hogar formado por pareja con hijos en donde todos los hijos de 25 años o más,Hogar formado por pareja con hijos en donde todos los hijos de 25 años o más,3,Person_4236|Person_4237|Person_4238,Madrid,city
HH_1651,2 personas,Carrascal,Hogar formado por pareja sin hijos,Hogar formado por pareja sin hijos,2,Person_4239|Person_4240,,apartments
HH_1652,2 personas,Zarzaquemada,Hogar formado por pareja sin hijos,Hogar formado por pareja sin hijos,2,Person_4241|Person_4242,,yes
HH_1653,2 personas,Sur,Hogar formado por pareja sin hijos,Hogar formado por pareja sin hijos,2,Person_4243|Person_4244,,yes
HH_1654,2 personas,San Nicasio,Hogar formado por pareja sin hijos,Hogar formado por pareja sin hijos,2,Person_4245|Person_4246,,semidetached_house
HH_1655,2 personas,Zarzaquemada,Hogar formado por pareja sin hijos,Hogar formado por pareja sin hijos,2,Person_4247|Person_4248,Madrid,city
HH_1656,3 personas,Norte,Hogar con un solo progenitor que convive con todos sus hijos de 25 años o más,Hogar con un solo progenitor que convive con todos sus hijos de 25 años o más,3,Person_4249|Person_4250|Person_4251,Getafe norte,city
HH_1657,3 personas,Polvoranca,Hogar formado por pareja con hijos en donde algún hijo es menor de 25 años,Hogar formado por pareja con hijos en donde algún hijo es menor de 25 años,3,Person_4252|Person_4253|Person_4254,Madrid,city
HH_1658,1 persona,Carrascal,Hogar con un hombre solo de 65 años o más,Hogar con un hombre solo de 65 años o más,1,Person_4255,,construction
HH_1659,1 persona,Fortuna,Hogar con una mujer sola de 65 años o más,Hogar con una mujer sola de 65 años o más,1,Person_4256,,yes
HH_1660,3 personas,Sur,Otro tipo de hogar,Otro tipo de hogar,3,Person_4257|Person_4258|Person_4259,,yes
HH_1661,3 personas,Zarzaquemada,Hogar formado por pareja con hijos en donde algún hijo es menor de 25 años,Hogar formado por pareja con hijos en donde algún hijo es menor de 25 años,3,Person_4260|Person_4261|Person_4262,,apartments
HH_1662,1 persona,Zarzaquemada,Hogar con un hombre solo menor de 65 años,Hogar con un hombre solo menor de 65 años,1,Person_4263,,yes
HH_1663,2 personas,Zarzaquemada,Hogar formado por pareja sin hijos,Hogar formado por pareja sin hijos,2,Person_4264|Person_4265,,apartments
HH_1664,4 personas,Zarzaquemada,Hogar formado por pareja con hijos en donde todos los hijos de 25 años o más,Hogar formado por pareja con hijos en donde todos los hijos de 25 años o más,4,Person_4266|Person_4267|Person_4268|Person_4269,Madrid,city
HH_1665,2 personas,Polvoranca,Hogar formado por pareja sin hijos,Hogar formado por pareja sin hijos,2,Person_4270|Person_4271,,house
HH_1666,1 persona,Sur,Hogar con una mujer sola de 65 años o más,Hogar con una mujer sola de 65 años o más,1,Person_4272,Getafe norte,city
HH_1667,2 personas,Zarzaquemada,Otro tipo de hogar,Otro tipo de hogar,2,Person_4273|Person_4274,,apartments
HH_1668,2 personas,Carrascal,Hogar formado por pareja sin hijos,Hogar formado por pareja sin hijos,2,Person_4275|Person_4276,,yes
HH_1669,4 personas,Zarzaquemada,Hogar formado por pareja con hijos en donde algún hijo es menor de 25 años,Hogar formado por pareja con hijos en donde algún hijo es menor de 25 años,4,Person_4277|Person_4278|Person_4279|Person_4280,,apartments
HH_1670,4 personas,San Nicasio,Hogar formado por pareja con hijos en donde algún hijo es menor de 25 años,Hogar formado por pareja con hijos en donde algún hijo es menor de 25 años,4,Person_4281|Person_4282|Person_4283|Person_4284,,semidetached_house
HH_1671,2 personas,Zarzaquemada,Hogar formado por pareja sin hijos,Hogar formado por pareja sin hijos,2,Person_4285|Person_4286,Madrid,city
HH_1672,1 persona,Zarzaquemada,Hogar con un hombre solo menor de 65 años,Hogar con un hombre solo menor de 65 años,1,Person_4287,Madrid,city
HH_1673,1 persona,Zarzaquemada,Hogar con una mujer sola menor de 65 años,Hogar con una mujer sola menor de 65 años,1,Person_4288,,residential
HH_1674,3 personas,Zarzaquemada,Hogar formado por pareja con hijos en donde algún hijo es menor de 25 años,Hogar formado por pareja con hijos en donde algún hijo es menor de 25 años,3,Person_4289|Person_4290|Person_4291,,apartments
HH_1675,1 persona,Zarzaquemada,Hogar con un hombre solo menor de 65 años,Hogar con un hombre solo menor de 65 años,1,Person_4292,,residential
HH_1676,1 persona,Zarzaquemada,Hogar con una mujer sola de 65 años o más,Hogar con una mujer sola de 65 años o más,1,Person_4293,Alcorcon,city
HH_1677,4 personas,Norte,Hogar formado por pareja con hijos en donde algún hijo es menor de 25 años,Hogar formado por pareja con hijos en donde algún hijo es menor de 25 años,4,Person_4294|Person_4295|Person_4296|Person_4297,Fuenlabrada,city
HH_1678,2 personas,Zarzaquemada,Hogar formado por pareja sin hijos,Hogar formado por pareja sin hijos,2,Person_4298|Person_4299,,residential
HH_1679,1 persona,Carrascal,Hogar con un hombre solo de 65 años o más,Hogar con un hombre solo de 65 años o más,1,Person_4300,,residential
HH_1680,4 personas,Zarzaquemada,Otro tipo de hogar,Otro tipo de hogar,4,Person_4301|Person_4302|Person_4303|Person_4304,,residential
HH_1681,3 personas,Carrascal,Hogar formado por pareja con hijos en donde algún hijo es menor de 25 años,Hogar formado por pareja con hijos en donde algún hijo es menor de 25 años,3,Person_4305|Person_4306|Person_4307,,apartments
HH_1682,2 personas,San Nicasio,Hogar formado por pareja sin hijos,Hogar formado por pareja sin hijos,2,Person_4308|Person_4309,,semidetached_house
HH_1683,4 personas,Zarzaquemada,Hogar formado por pareja con hijos en donde todos los hijos de 25 años o más,Hogar formado por pareja con hijos en donde todos los hijos de 25 años o más,4,Person_4310|Person_4311|Person_4312|Person_4313,,apartments
HH_1684,5 o mas personas,Carrascal,Hogar formado por pareja con hijos en donde algún hijo es menor de 25 años,Hogar formado por pareja con hijos en donde algún hijo es menor de 25 años,5,Person_4314|Person_4315|Person_4316|Person_4317|Person_4318,,residential
HH_1685,1 persona,Norte,Hogar con un hombre solo de 65 años o más,Hogar con un hombre solo de 65 años o más,1,Person_4319,,yes
HH_1686,4 personas,Carrascal,Hogar formado por pareja con hijos en donde todos los hijos de 25 años o más,Hogar formado por pareja con hijos en donde todos los hijos de 25 años o más,4,Person_4320|Person_4321|Person_4322|Person_4323,Oficina de Correos,yes
HH_1687,4 personas,Sur,Hogar formado por pareja con hijos en donde algún hijo es menor de 25 años,Hogar formado por pareja con hijos en donde algún hijo es menor de 25 años,4,Person_4324|Person_4325|Person_4326|Person_4327,,apartments
HH_1688,4 personas,Polvoranca,Hogar formado por pareja con hijos en donde algún hijo es menor de 25 años,Hogar formado por pareja con hijos en donde algún hijo es menor de 25 años,4,Person_4328|Person_4329|Person_4330|Person_4331,,semidetached_house
HH_1689,4 personas,Zarzaquemada,Hogar formado por pareja con hijos en donde algún hijo es menor de 25 años,Hogar formado por pareja con hijos en donde algún hijo es menor de 25 años,4,Person_4332|Person_4333|Person_4334|Person_4335,,apartments
HH_1690,3 personas,Fortuna,Hogar formado por pareja o un solo progenitor que convive con algún hijo menor de 25 años y otra(s) persona(s),Hogar formado por pareja o un solo progenitor que convive con algún hijo menor de 25 años y otra(s) persona(s),3,Person_4336|Person_4337|Person_4338,Sambil Outlet Madrid,yes
HH_1691,2 personas,Zarzaquemada,Hogar formado por pareja sin hijos,Hogar formado por pareja sin hijos,2,Person_4339|Person_4340,Getafe norte,city
HH_1692,2 personas,Carrascal,Otro tipo de hogar,Otro tipo de hogar,2,Person_4341|Person_4342,,house
HH_1693,1 persona,Carrascal,Hogar con un hombre solo menor de 65 años,Hogar con un hombre solo menor de 65 años,1,Person_4343,Madrid,city
HH_1694,1 persona,Sur,Hogar con un hombre solo menor de 65 años,Hogar con un hombre solo menor de 65 años,1,Person_4344,,yes
HH_1695,2 personas,San Nicasio,Hogar con un solo progenitor que convive con todos sus hijos de 25 años o más,Hogar con un solo progenitor que convive con todos sus hijos de 25 años o más,2,Person_4345|Person_4346,,semidetached_house
HH_1696,1 persona,Zarzaquemada,Hogar con una mujer sola de 65 años o más,Hogar con una mujer sola de 65 años o más,1,Person_4347,,apartments
HH_1697,2 personas,Zarzaquemada,Hogar formado por pareja sin hijos,Hogar formado por pareja sin hijos,2,Person_4348|Person_4349,,residential
HH_1698,2 personas,Polvoranca,Hogar con un solo progenitor que convive con todos sus hijos de 25 años o más,Hogar con un solo progenitor que convive con todos sus hijos de 25 años o más,2,Person_4350|Person_4351,,terrace
HH_1699,4 personas,Zarzaquemada,Hogar formado por pareja con hijos en donde algún hijo es menor de 25 años,Hogar formado por pareja con hijos en donde algún hijo es menor de 25 años,4,Person_4352|Person_4353|Person_4354|Person_4355,,apartments
HH_1700,1 persona,Zarzaquemada,Hogar con un hombre solo menor de 65 años,Hogar con un hombre solo menor de 65 años,1,Person_4356,Fuenlabrada,city
HH_1701,2 personas,San Nicasio,Hogar con un solo progenitor que convive con algún hijo menor de 25 años,Hogar con un solo progenitor que convive con algún hijo menor de 25 años,2,Person_4357|Person_4358,,house
HH_1702,1 persona,Zarzaquemada,Hogar con un hombre solo de 65 años o más,Hogar con un hombre solo de 65 años o más,1,Person_4359,Madrid,city
HH_1703,2 personas,Polvoranca,Hogar con un solo progenitor que convive con algún hijo menor de 25 años,Hogar con un solo progenitor que convive con algún hijo menor de 25 años,2,Person_4360|Person_4361,,terrace
HH_1704,1 persona,Sur,Hogar con un hombre solo menor de 65 años,Hogar con un hombre solo menor de 65 años,1,Person_4362,Madrid,city
HH_1705,4 personas,Carrascal,Hogar formado por pareja con hijos en donde algún hijo es menor de 25 años,Hogar formado por pareja con hijos en donde algún hijo es menor de 25 años,4,Person_4363|Person_4364|Person_4365|Person_4366,,yes
HH_1706,2 personas,Norte,Hogar formado por pareja sin hijos,Hogar formado por pareja sin hijos,2,Person_4367|Person_4368,Madrid,city
HH_1707,2 personas,Carrascal,Hogar formado por pareja sin hijos,Hogar formado por pareja sin hijos,2,Person_4369|Person_4370,,yes
HH_1708,4 personas,Norte,Hogar formado por pareja con hijos en donde todos los hijos de 25 años o más,Hogar formado por pareja con hijos en donde todos los hijos de 25 años o más,4,Person_4371|Person_4372|Person_4373|Person_4374,,apartments
HH_1709,3 personas,Carrascal,Hogar formado por pareja con hijos en donde algún hijo es menor de 25 años,Hogar formado por pareja con hijos en donde algún hijo es menor de 25 años,3,Person_4375|Person_4376|Person_4377,Madrid,city
HH_1710,3 personas,Sur,Otro tipo de hogar,Otro tipo de hogar,3,Person_4378|Person_4379|Person_4380,,yes
HH_1711,5 o mas personas,Norte,Hogar formado por pareja o un solo progenitor que convive con algún hijo menor de 25 años y otra(s) persona(s),Hogar formado por pareja o un solo progenitor que convive con algún hijo menor de 25 años y otra(s) persona(s),5,Person_4381|Person_4382|Person_4383|Person_4384|Person_4385,Getafe norte,city
HH_1712,4 personas,Zarzaquemada,Hogar formado por pareja con hijos en donde algún hijo es menor de 25 años,Hogar formado por pareja con hijos en donde algún hijo es menor de 25 años,4,Person_4386|Person_4387|Person_4388|Person_4389,,apartments
HH_1713,1 persona,Sur,Hogar con una mujer sola menor de 65 años,Hogar con una mujer sola menor de 65 años,1,Person_4390,Madrid,city
HH_1714,2 personas,Carrascal,Hogar con un solo progenitor que convive con algún hijo menor de 25 años,Hogar con un solo progenitor que convive con algún hijo menor de 25 años,2,Person_4391|Person_4392,Alcorcon,city
HH_1715,4 personas,San Nicasio,Hogar formado por pareja con hijos en donde algún hijo es menor de 25 años,Hogar formado por pareja con hijos en donde algún hijo es menor de 25 años,4,Person_4393|Person_4394|Person_4395|Person_4396,,semidetached_house
HH_1716,4 personas,Zarzaquemada,Hogar formado por pareja con hijos en donde algún hijo es menor de 25 años,Hogar formado por pareja con hijos en donde algún hijo es menor de 25 años,4,Person_4397|Person_4398|Person_4399|Person_4400,,residential
HH_1717,3 personas,Norte,Hogar formado por pareja o un solo progenitor que convive con algún hijo menor de 25 años y otra(s) persona(s),Hogar formado por pareja o un solo progenitor que convive con algún hijo menor de 25 años y otra(s) persona(s),3,Person_4401|Person_4402|Person_4403,Madrid,city
HH_1718,3 personas,Sur,Hogar formado por pareja con hijos en donde algún hijo es menor de 25 años,Hogar formado por pareja con hijos en donde algún hijo es menor de 25 años,3,Person_4404|Person_4405|Person_4406,,apartments
HH_1719,2 personas,Zarzaquemada,Hogar formado por pareja sin hijos,Hogar formado por pareja sin hijos,2,Person_4407|Person_4408,,apartments
HH_1720,2 personas,Zarzaquemada,Hogar formado por pareja sin hijos,Hogar formado por pareja sin hijos,2,Person_4409|Person_4410,Madrid,city
HH_1721,2 personas,Norte,Hogar formado por pareja sin hijos,Hogar formado por pareja sin hijos,2,Person_4411|Person_4412,Madrid,city
HH_1722,4 personas,Carrascal,Hogar formado por pareja con hijos en donde algún hijo es menor de 25 años,Hogar formado por pareja con hijos en donde algún hijo es menor de 25 años,4,Person_4413|Person_4414|Person_4415|Person_4416,,yes
HH_1723,2 personas,Carrascal,Hogar formado por pareja sin hijos,Hogar formado por pareja sin hijos,2,Person_4417|Person_4418,Alcorcon,city
HH_1724,1 persona,Sur,Hogar con una mujer sola de 65 años o más,Hogar con una mujer sola de 65 años o más,1,Person_4419,,apartments
HH_1725,2 personas,Sur,Hogar con un solo progenitor que convive con algún hijo menor de 25 años,Hogar con un solo progenitor que convive con algún hijo menor de 25 años,2,Person_4420|Person_4421,,yes
HH_1726,2 personas,Norte,Hogar formado por pareja sin hijos,Hogar formado por pareja sin hijos,2,Person_4422|Person_4423,,residential
HH_1727,3 personas,Fortuna,Hogar formado por pareja con hijos en donde todos los hijos de 25 años o más,Hogar formado por pareja con hijos en donde todos los hijos de 25 años o más,3,Person_4424|Person_4425|Person_4426,,yes
HH_1728,1 persona,Zarzaquemada,Hogar con una mujer sola de 65 años o más,Hogar con una mujer sola de 65 años o más,1,Person_4427,,apartments
HH_1729,2 personas,Norte,Hogar formado por pareja sin hijos,Hogar formado por pareja sin hijos,2,Person_4428|Person_4429,,yes
HH_1730,5 o mas personas,Polvoranca,Hogar formado por pareja o un solo progenitor que convive con algún hijo menor de 25 años y otra(s) persona(s),Hogar formado por pareja o un solo progenitor que convive con algún hijo menor de 25 años y otra(s) persona(s),5,Person_4430|Person_4431|Person_4432|Person_4433|Person_4434,,house
HH_1731,2 personas,Carrascal,Hogar formado por pareja sin hijos,Hogar formado por pareja sin hijos,2,Person_4435|Person_4436,,house
HH_1732,1 persona,Polvoranca,Hogar con un hombre solo menor de 65 años,Hogar con un hombre solo menor de 65 años,1,Person_4437,,terrace
HH_1733,3 personas,Zarzaquemada,Hogar formado por pareja con hijos en donde algún hijo es menor de 25 años,Hogar formado por pareja con hijos en donde algún hijo es menor de 25 años,3,Person_4438|Person_4439|Person_4440,Alcorcon,city
HH_1734,3 personas,Zarzaquemada,Hogar formado por pareja con hijos en donde todos los hijos de 25 años o más,Hogar formado por pareja con hijos en donde todos los hijos de 25 años o más,3,Person_4441|Person_4442|Person_4443,Madrid,city
HH_1735,4 personas,Zarzaquemada,Hogar formado por pareja con hijos en donde algún hijo es menor de 25 años,Hogar formado por pareja con hijos en donde algún hijo es menor de 25 años,4,Person_4444|Person_4445|Person_4446|Person_4447,,apartments
HH_1736,2 personas,Carrascal,Hogar formado por pareja sin hijos,Hogar formado por pareja sin hijos,2,Person_4448|Person_4449,Madrid,city
HH_1737,3 personas,San Nicasio,Hogar formado por pareja con hijos en donde algún hijo es menor de 25 años,Hogar formado por pareja con hijos en donde algún hijo es menor de 25 años,3,Person_4450|Person_4451|Person_4452,Getafe norte,city
HH_1738,1 persona,Fortuna,Hogar con un hombre solo menor de 65 años,Hogar con un hombre solo menor de 65 años,1,Person_4453,,yes
HH_1739,3 personas,Sur,Otro tipo de hogar,Otro tipo de hogar,3,Person_4454|Person_4455|Person_4456,Madrid,city
HH_1740,5 o mas personas,Norte,Hogar formado por pareja o un solo progenitor que convive con algún hijo menor de 25 años y otra(s) persona(s),Hogar formado por pareja o un solo progenitor que convive con algún hijo menor de 25 años y otra(s) persona(s),5,Person_4457|Person_4458|Person_4459|Person_4460|Person_4461,,apartments
HH_1741,3 personas,San Nicasio,Hogar formado por pareja o un solo progenitor que convive con algún hijo menor de 25 años y otra(s) persona(s),Hogar formado por pareja o un solo progenitor que convive con algún hijo menor de 25 años y otra(s) persona(s),3,Person_4462|Person_4463|Person_4464,Madrid,city
HH_1742,3 personas,Sur,Hogar formado por pareja con hijos en donde todos los hijos de 25 años o más,Hogar formado por pareja con hijos en donde todos los hijos de 25 años o más,3,Person_4465|Person_4466|Person_4467,,apartments
HH_1743,1 persona,San Nicasio,Hogar con un hombre solo menor de 65 años,Hogar con un hombre solo menor de 65 años,1,Person_4468,Getafe norte,city
HH_1744,5 o mas personas,Zarzaquemada,Hogar formado por pareja con hijos en donde algún hijo es menor de 25 años,Hogar formado por pareja con hijos en donde algún hijo es menor de 25 años,5,Person_4469|Person_4470|Person_4471|Person_4472|Person_4473,,apartments
HH_1745,3 personas,Zarzaquemada,Hogar formado por pareja con hijos en donde algún hijo es menor de 25 años,Hogar formado por pareja con hijos en donde algún hijo es menor de 25 años,3,Person_4474|Person_4475|Person_4476,,residential
HH_1746,2 personas,Carrascal,Hogar con un solo progenitor que convive con todos sus hijos de 25 años o más,Hogar con un solo progenitor que convive con todos sus hijos de 25 años o más,2,Person_4477|Person_4478,Madrid,city
HH_1747,1 persona,Zarzaquemada,Hogar con una mujer sola menor de 65 años,Hogar con una mujer sola menor de 65 años,1,Person_4479,,apartments
HH_1748,4 personas,Carrascal,Hogar formado por pareja con hijos en donde algún hijo es menor de 25 años,Hogar formado por pareja con hijos en donde algún hijo es menor de 25 años,4,Person_4480|Person_4481|Person_4482|Person_4483,,yes
HH_1749,3 personas,Sur,Hogar formado por pareja con hijos en donde algún hijo es menor de 25 años,Hogar formado por pareja con hijos en donde algún hijo es menor de 25 años,3,Person_4484|Person_4485|Person_4486,Madrid,city
HH_1750,4 personas,Norte,Hogar formado por pareja con hijos en donde algún hijo es menor de 25 años,Hogar formado por pareja con hijos en donde algún hijo es menor de 25 años,4,Person_4487|Person_4488|Person_4489|Person_4490,,yes
HH_1751,1 persona,San Nicasio,Hogar con un hombre solo menor de 65 años,Hogar con un hombre solo menor de 65 años,1,Person_4491,Getafe norte,city
HH_1752,3 personas,Norte,Hogar formado por pareja con hijos en donde todos los hijos de 25 años o más,Hogar formado por pareja con hijos en donde todos los hijos de 25 años o más,3,Person_4492|Person_4493|Person_4494,,yes
HH_1753,3 personas,San Nicasio,Otro tipo de hogar,Otro tipo de hogar,3,Person_4495|Person_4496|Person_4497,,house
HH_1754,2 personas,Fortuna,Hogar con un solo progenitor que convive con todos sus hijos de 25 años o más,Hogar con un solo progenitor que convive con todos sus hijos de 25 años o más,2,Person_4498|Person_4499,,yes
HH_1755,5 o mas personas,Polvoranca,Hogar formado por pareja o un solo progenitor que convive con algún hijo menor de 25 años y otra(s) persona(s),Hogar formado por pareja o un solo progenitor que convive con algún hijo menor de 25 años y otra(s) persona(s),5,Person_4500|Person_4501|Person_4502|Person_4503|Person_4504,,house
HH_1756,3 personas,Zarzaquemada,Hogar formado por pareja con hijos en donde todos los hijos de 25 años o más,Hogar formado por pareja con hijos en donde todos los hijos de 25 años o más,3,Person_4505|Person_4506|Person_4507,,residential
HH_1757,2 personas,Sur,Hogar formado por pareja sin hijos,Hogar formado por pareja sin hijos,2,Person_4508|Person_4509,Fuenlabrada,city
HH_1758,2 personas,Fortuna,Hogar formado por pareja sin hijos,Hogar formado por pareja sin hijos,2,Person_4510|Person_4511,,yes
HH_1759,3 personas,Sur,Hogar formado por pareja con hijos en donde todos los hijos de 25 años o más,Hogar formado por pareja con hijos en donde todos los hijos de 25 años o más,3,Person_4512|Person_4513|Person_4514,,yes
HH_1760,3 personas,Norte,Hogar formado por pareja con hijos en donde todos los hijos de 25 años o más,Hogar formado por pareja con hijos en donde todos los hijos de 25 años o más,3,Person_4515|Person_4516|Person_4517,,apartments
HH_1761,4 personas,Carrascal,Hogar formado por pareja con hijos en donde algún hijo es menor de 25 años,Hogar formado por pareja con hijos en donde algún hijo es menor de 25 años,4,Person_4518|Person_4519|Person_4520|Person_4521,,yes
HH_1762,3 personas,Fortuna,Otro tipo de hogar,Otro tipo de hogar,3,Person_4522|Person_4523|Person_4524,,yes
HH_1763,3 personas,Carrascal,Hogar formado por pareja con hijos en donde algún hijo es menor de 25 años,Hogar formado por pareja con hijos en donde algún hijo es menor de 25 años,3,Person_4525|Person_4526|Person_4527,,residential
HH_1764,3 personas,Polvoranca,Hogar formado por pareja con hijos en donde todos los hijos de 25 años o más,Hogar formado por pareja con hijos en donde todos los hijos de 25 años o más,3,Person_4528|Person_4529|Person_4530,,yes
HH_1765,3 personas,Zarzaquemada,Hogar formado por pareja con hijos en donde todos los hijos de 25 años o más,Hogar formado por pareja con hijos en donde todos los hijos de 25 años o más,3,Person_4531|Person_4532|Person_4533,Madrid,city
HH_1766,1 persona,San Nicasio,Hogar con una mujer sola de 65 años o más,Hogar con una mujer sola de 65 años o más,1,Person_4534,,house
HH_1767,2 personas,Norte,Otro tipo de hogar,Otro tipo de hogar,2,Person_4535|Person_4536,Madrid,city
HH_1768,5 o mas personas,Fortuna,Hogar formado por pareja o un solo progenitor que convive con algún hijo menor de 25 años y otra(s) persona(s),Hogar formado por pareja o un solo progenitor que convive con algún hijo menor de 25 años y otra(s) persona(s),5,Person_4537|Person_4538|Person_4539|Person_4540|Person_4541,,yes
HH_1769,5 o mas personas,Norte,Hogar formado por pareja o un solo progenitor que convive con algún hijo menor de 25 años y otra(s) persona(s),Hogar formado por pareja o un solo progenitor que convive con algún hijo menor de 25 años y otra(s) persona(s),5,Person_4542|Person_4543|Person_4544|Person_4545|Person_4546,,yes
HH_1770,5 o mas personas,San Nicasio,Hogar formado por pareja con hijos en donde algún hijo es menor de 25 años,Hogar formado por pareja con hijos en donde algún hijo es menor de 25 años,5,Person_4547|Person_4548|Person_4549|Person_4550|Person_4551,,house
HH_1771,1 persona,Sur,Hogar con un hombre solo de 65 años o más,Hogar con un hombre solo de 65 años o más,1,Person_4552,,yes
HH_1772,3 personas,Fortuna,Hogar formado por pareja con hijos en donde algún hijo es menor de 25 años,Hogar formado por pareja con hijos en donde algún hijo es menor de 25 años,3,Person_4553|Person_4554|Person_4555,,semidetached_house
HH_1773,4 personas,San Nicasio,Hogar formado por pareja con hijos en donde algún hijo es menor de 25 años,Hogar formado por pareja con hijos en donde algún hijo es menor de 25 años,4,Person_4556|Person_4557|Person_4558|Person_4559,Madrid,city
HH_1774,1 persona,Carrascal,Hogar con una mujer sola de 65 años o más,Hogar con una mujer sola de 65 años o más,1,Person_4560,,yes
HH_1775,5 o mas personas,Carrascal,Hogar formado por pareja o un solo progenitor que convive con algún hijo menor de 25 años y otra(s) persona(s),Hogar formado por pareja o un solo progenitor que convive con algún hijo menor de 25 años y otra(s) persona(s),5,Person_4561|Person_4562|Person_4563|Person_4564|Person_4565,,semidetached_house
HH_1776,3 personas,Fortuna,Hogar formado por pareja con hijos en donde algún hijo es menor de 25 años,Hogar formado por pareja con hijos en donde algún hijo es menor de 25 años,3,Person_4566|Person_4567|Person_4568,Getafe norte,city
HH_1777,2 personas,Norte,Hogar formado por pareja sin hijos,Hogar formado por pareja sin hijos,2,Person_4569|Person_4570,,apartments
HH_1778,2 personas,Carrascal,Otro tipo de hogar,Otro tipo de hogar,2,Person_4571|Person_4572,,semidetached_house
HH_1779,1 persona,San Nicasio,Hogar con un hombre solo menor de 65 años,Hogar con un hombre solo menor de 65 años,1,Person_4573,Madrid,city
HH_1780,1 persona,Norte,Hogar con un hombre solo menor de 65 años,Hogar con un hombre solo menor de 65 años,1,Person_4574,Madrid,city
HH_1781,4 personas,Sur,Hogar formado por pareja con hijos en donde algún hijo es menor de 25 años,Hogar formado por pareja con hijos en donde algún hijo es menor de 25 años,4,Person_4575|Person_4576|Person_4577|Person_4578,Madrid,city
HH_1782,4 personas,Sur,Hogar formado por pareja con hijos en donde algún hijo es menor de 25 años,Hogar formado por pareja con hijos en donde algún hijo es menor de 25 años,4,Person_4579|Person_4580|Person_4581|Person_4582,,yes
HH_1783,4 personas,Sur,Hogar formado por pareja con hijos en donde algún hijo es menor de 25 años,Hogar formado por pareja con hijos en donde algún hijo es menor de 25 años,4,Person_4583|Person_4584|Person_4585|Person_4586,,yes
HH_1784,4 personas,San Nicasio,Hogar formado por pareja o un solo progenitor que convive con algún hijo menor de 25 años y otra(s) persona(s),Hogar formado por pareja o un solo progenitor que convive con algún hijo menor de 25 años y otra(s) persona(s),4,Person_4587|Person_4588|Person_4589|Person_4590,,semidetached_house
HH_1785,3 personas,Carrascal,Hogar formado por pareja con hijos en donde algún hijo es menor de 25 años,Hogar formado por pareja con hijos en donde algún hijo es menor de 25 años,3,Person_4591|Person_4592|Person_4593,,apartments
HH_1786,1 persona,Sur,Hogar con una mujer sola menor de 65 años,Hogar con una mujer sola menor de 65 años,1,Person_4594,,yes
HH_1787,1 persona,Zarzaquemada,Hogar con un hombre solo menor de 65 años,Hogar con un hombre solo menor de 65 años,1,Person_4595,,apartments
HH_1788,4 personas,Zarzaquemada,Hogar formado por pareja con hijos en donde algún hijo es menor de 25 años,Hogar formado por pareja con hijos en donde algún hijo es menor de 25 años,4,Person_4596|Person_4597|Person_4598|Person_4599,Getafe norte,city
HH_1789,1 persona,Fortuna,Hogar con un hombre solo menor de 65 años,Hogar con un hombre solo menor de 65 años,1,Person_4600,Alcorcon,city
HH_1790,1 persona,San Nicasio,Hogar con un hombre solo menor de 65 años,Hogar con un hombre solo menor de 65 años,1,Person_4601,,house
HH_1791,3 personas,Zarzaquemada,Hogar con un solo progenitor que convive con todos sus hijos de 25 años o más,Hogar con un solo progenitor que convive con todos sus hijos de 25 años o más,3,Person_4602|Person_4603|Person_4604,,apartments
HH_1792,2 personas,Carrascal,Hogar con un solo progenitor que convive con algún hijo menor de 25 años,Hogar con un solo progenitor que convive con algún hijo menor de 25 años,2,Person_4605|Person_4606,,semidetached_house
HH_1793,1 persona,Zarzaquemada,Hogar con un hombre solo menor de 65 años,Hogar con un hombre solo menor de 65 años,1,Person_4607,,apartments
HH_1794,3 personas,Zarzaquemada,Hogar formado por pareja con hijos en donde algún hijo es menor de 25 años,Hogar formado por pareja con hijos en donde algún hijo es menor de 25 años,3,Person_4608|Person_4609|Person_4610,Madrid,city
HH_1795,2 personas,Sur,Hogar con un solo progenitor que convive con algún hijo menor de 25 años,Hogar con un solo progenitor que convive con algún hijo menor de 25 años,2,Person_4611|Person_4612,Madrid,city
HH_1796,4 personas,Sur,Hogar formado por pareja con hijos en donde algún hijo es menor de 25 años,Hogar formado por pareja con hijos en donde algún hijo es menor de 25 años,4,Person_4613|Person_4614|Person_4615|Person_4616,,apartments
HH_1797,4 personas,Polvoranca,Hogar formado por pareja o un solo progenitor que convive con algún hijo menor de 25 años y otra(s) persona(s),Hogar formado por pareja o un solo progenitor que convive con algún hijo menor de 25 años y otra(s) persona(s),4,Person_4617|Person_4618|Person_4619|Person_4620,Fuenlabrada,city
HH_1798,2 personas,Polvoranca,Hogar formado por pareja sin hijos,Hogar formado por pareja sin hijos,2,Person_4621|Person_4622,,house
HH_1799,2 personas,Carrascal,Hogar con un solo progenitor que convive con todos sus hijos de 25 años o más,Hogar con un solo progenitor que convive con todos sus hijos de 25 años o más,2,Person_4623|Person_4624,,house
HH_1800,3 personas,San Nicasio,Hogar formado por pareja con hijos en donde todos los hijos de 25 años o más,Hogar formado por pareja con hijos en donde todos los hijos de 25 años o más,3,Person_4625|Person_4626|Person_4627,Alcorcon,city
HH_1801,2 personas,Sur,Otro tipo de hogar,Otro tipo de hogar,2,Person_4628|Person_4629,,residential
HH_1802,2 personas,Carrascal,Otro tipo de hogar,Otro tipo de hogar,2,Person_4630|Person_4631,,house
HH_1803,2 personas,Norte,Hogar formado por pareja sin hijos,Hogar formado por pareja sin hijos,2,Person_4632|Person_4633,Fuenlabrada,city
HH_1804,2 personas,San Nicasio,Hogar formado por pareja sin hijos,Hogar formado por pareja sin hijos,2,Person_4634|Person_4635,,yes
HH_1805,3 personas,Norte,Hogar formado por pareja con hijos en donde todos los hijos de 25 años o más,Hogar formado por pareja con hijos en donde todos los hijos de 25 años o más,3,Person_4636|Person_4637|Person_4638,Madrid,city
HH_1806,3 personas,Polvoranca,Hogar formado por pareja con hijos en donde todos los hijos de 25 años o más,Hogar formado por pareja con hijos en donde todos los hijos de 25 años o más,3,Person_4639|Person_4640|Person_4641,Madrid,city
HH_1807,3 personas,Zarzaquemada,Hogar con un solo progenitor que convive con todos sus hijos de 25 años o más,Hogar con un solo progenitor que convive con todos sus hijos de 25 años o más,3,Person_4642|Person_4643|Person_4644,Madrid,city
HH_1808,2 personas,Norte,Hogar formado por pareja sin hijos,Hogar formado por pareja sin hijos,2,Person_4645|Person_4646,,apartments
HH_1809,1 persona,San Nicasio,Hogar con una mujer sola de 65 años o más,Hogar con una mujer sola de 65 años o más,1,Person_4647,Getafe norte,city
HH_1810,3 personas,Zarzaquemada,Hogar con un solo progenitor que convive con algún hijo menor de 25 años,Hogar con un solo progenitor que convive con algún hijo menor de 25 años,3,Person_4648|Person_4649|Person_4650,,residential
HH_1811,1 persona,Zarzaquemada,Hogar con un hombre solo menor de 65 años,Hogar con un hombre solo menor de 65 años,1,Person_4651,Madrid,city
HH_1812,1 persona,Carrascal,Hogar con una mujer sola de 65 años o más,Hogar con una mujer sola de 65 años o más,1,Person_4652,,detached
HH_1813,3 personas,Zarzaquemada,Otro tipo de hogar,Otro tipo de hogar,3,Person_4653|Person_4654|Person_4655,,apartments
HH_1814,3 personas,Sur,Hogar formado por pareja con hijos en donde todos los hijos de 25 años o más,Hogar formado por pareja con hijos en donde todos los hijos de 25 años o más,3,Person_4656|Person_4657|Person_4658,Fuenlabrada,city
HH_1815,2 personas,San Nicasio,Hogar formado por pareja sin hijos,Hogar formado por pareja sin hijos,2,Person_4659|Person_4660,,yes
HH_1816,2 personas,Carrascal,Otro tipo de hogar,Otro tipo de hogar,2,Person_4661|Person_4662,,yes
HH_1817,5 o mas personas,Carrascal,Hogar formado por pareja con hijos en donde algún hijo es menor de 25 años,Hogar formado por pareja con hijos en donde algún hijo es menor de 25 años,5,Person_4663|Person_4664|Person_4665|Person_4666|Person_4667,,yes
HH_1818,2 personas,Polvoranca,Hogar formado por pareja sin hijos,Hogar formado por pareja sin hijos,2,Person_4668|Person_4669,Madrid,city
HH_1819,2 personas,Zarzaquemada,Hogar formado por pareja sin hijos,Hogar formado por pareja sin hijos,2,Person_4670|Person_4671,,residential
HH_1820,3 personas,Polvoranca,Hogar formado por pareja con hijos en donde todos los hijos de 25 años o más,Hogar formado por pareja con hijos en donde todos los hijos de 25 años o más,3,Person_4672|Person_4673|Person_4674,Getafe norte,city
HH_1821,2 personas,Sur,Hogar formado por pareja sin hijos,Hogar formado por pareja sin hijos,2,Person_4675|Person_4676,,apartments
HH_1822,4 personas,San Nicasio,Hogar formado por pareja con hijos en donde algún hijo es menor de 25 años,Hogar formado por pareja con hijos en donde algún hijo es menor de 25 años,4,Person_4677|Person_4678|Person_4679|Person_4680,,yes
HH_1823,2 personas,Carrascal,Hogar formado por pareja sin hijos,Hogar formado por pareja sin hijos,2,Person_4681|Person_4682,,yes
HH_1824,4 personas,Carrascal,Hogar formado por pareja o un solo progenitor que convive con algún hijo menor de 25 años y otra(s) persona(s),Hogar formado por pareja o un solo progenitor que convive con algún hijo menor de 25 años y otra(s) persona(s),4,Person_4683|Person_4684|Person_4685|Person_4686,,residential
HH_1825,3 personas,Norte,Hogar formado por pareja con hijos en donde todos los hijos de 25 años o más,Hogar formado por pareja con hijos en donde todos los hijos de 25 años o más,3,Person_4687|Person_4688|Person_4689,,yes
HH_1826,2 personas,San Nicasio,Hogar formado por pareja sin hijos,Hogar formado por pareja sin hijos,2,Person_4690|Person_4691,,house
HH_1827,3 personas,Fortuna,Hogar formado por pareja con hijos en donde todos los hijos de 25 años o más,Hogar formado por pareja con hijos en donde todos los hijos de 25 años o más,3,Person_4692|Person_4693|Person_4694,,yes
HH_1828,3 personas,Carrascal,Hogar formado por pareja con hijos en donde todos los hijos de 25 años o más,Hogar formado por pareja con hijos en donde todos los hijos de 25 años o más,3,Person_4695|Person_4696|Person_4697,,house
HH_1829,2 personas,Zarzaquemada,Hogar formado por pareja sin hijos,Hogar formado por pareja sin hijos,2,Person_4698|Person_4699,Fuenlabrada,city
HH_1830,3 personas,Fortuna,Hogar formado por pareja con hijos en donde todos los hijos de 25 años o más,Hogar formado por pareja con hijos en donde todos los hijos de 25 años o más,3,Person_4700|Person_4701|Person_4702,,semidetached_house
HH_1831,4 personas,Carrascal,Hogar formado por pareja con hijos en donde algún hijo es menor de 25 años,Hogar formado por pareja con hijos en donde algún hijo es menor de 25 años,4,Person_4703|Person_4704|Person_4705|Person_4706,Madrid,city
HH_1832,1 persona,Fortuna,Hogar con una mujer sola menor de 65 años,Hogar con una mujer sola menor de 65 años,1,Person_4707,,yes
HH_1833,1 persona,Zarzaquemada,Hogar con una mujer sola de 65 años o más,Hogar con una mujer sola de 65 años o más,1,Person_4708,,apartments
HH_1834,1 persona,Zarzaquemada,Hogar con una mujer sola menor de 65 años,Hogar con una mujer sola menor de 65 años,1,Person_4709,,yes
HH_1835,2 personas,Norte,Hogar formado por pareja sin hijos,Hogar formado por pareja sin hijos,2,Person_4710|Person_4711,Casa Regional de Castilla la Mancha,yes
HH_1836,4 personas,Zarzaquemada,Otro tipo de hogar,Otro tipo de hogar,4,Person_4712|Person_4713|Person_4714|Person_4715,Fuenlabrada,city
HH_1837,5 o mas personas,Sur,Hogar formado por pareja con hijos en donde algún hijo es menor de 25 años,Hogar formado por pareja con hijos en donde algún hijo es menor de 25 años,5,Person_4716|Person_4717|Person_4718|Person_4719|Person_4720,Madrid,city
HH_1838,4 personas,Fortuna,Hogar formado por pareja con hijos en donde algún hijo es menor de 25 años,Hogar formado por pareja con hijos en donde algún hijo es menor de 25 años,4,Person_4721|Person_4722|Person_4723|Person_4724,,yes
HH_1839,3 personas,Zarzaquemada,Hogar formado por pareja con hijos en donde algún hijo es menor de 25 años,Hogar formado por pareja con hijos en donde algún hijo es menor de 25 años,3,Person_4725|Person_4726|Person_4727,,residential
HH_1840,2 personas,Sur,Hogar con un solo progenitor que convive con todos sus hijos de 25 años o más,Hogar con un solo progenitor que convive con todos sus hijos de 25 años o más,2,Person_4728|Person_4729,,apartments
HH_1841,5 o mas personas,Zarzaquemada,Otro tipo de hogar,Otro tipo de hogar,5,Person_4730|Person_4731|Person_4732|Person_4733|Person_4734,,yes
HH_1842,3 personas,San Nicasio,Hogar formado por pareja con hijos en donde algún hijo es menor de 25 años,Hogar formado por pareja con hijos en donde algún hijo es menor de 25 años,3,Person_4735|Person_4736|Person_4737,,semidetached_house
HH_1843,2 personas,Carrascal,Hogar formado por pareja sin hijos,Hogar formado por pareja sin hijos,2,Person_4738|Person_4739,Madrid,city
HH_1844,1 persona,San Nicasio,Hogar con un hombre solo menor de 65 años,Hogar con un hombre solo menor de 65 años,1,Person_4740,,semidetached_house
HH_1845,1 persona,Fortuna,Hogar con una mujer sola de 65 años o más,Hogar con una mujer sola de 65 años o más,1,Person_4741,,yes
HH_1846,1 persona,Carrascal,Hogar con una mujer sola de 65 años o más,Hogar con una mujer sola de 65 años o más,1,Person_4742,Getafe norte,city
HH_1847,2 personas,Sur,Hogar con un solo progenitor que convive con todos sus hijos de 25 años o más,Hogar con un solo progenitor que convive con todos sus hijos de 25 años o más,2,Person_4743|Person_4744,Mostoles,city
HH_1848,5 o mas personas,San Nicasio,Hogar formado por pareja con hijos en donde algún hijo es menor de 25 años,Hogar formado por pareja con hijos en donde algún hijo es menor de 25 años,5,Person_4745|Person_4746|Person_4747|Person_4748|Person_4749,,yes
HH_1849,3 personas,Sur,Hogar formado por pareja con hijos en donde algún hijo es menor de 25 años,Hogar formado por pareja con hijos en donde algún hijo es menor de 25 años,3,Person_4750|Person_4751|Person_4752,,yes
HH_1850,2 personas,Sur,Hogar con un solo progenitor que convive con todos sus hijos de 25 años o más,Hogar con un solo progenitor que convive con todos sus hijos de 25 años o más,2,Person_4753|Person_4754,,yes
HH_1851,2 personas,Zarzaquemada,Hogar formado por pareja sin hijos,Hogar formado por pareja sin hijos,2,Person_4755|Person_4756,Madrid,city
HH_1852,2 personas,Sur,Otro tipo de hogar,Otro tipo de hogar,2,Person_4757|Person_4758,,apartments
HH_1853,5 o mas personas,Fortuna,Hogar formado por pareja o un solo progenitor que convive con algún hijo menor de 25 años y otra(s) persona(s),Hogar formado por pareja o un solo progenitor que convive con algún hijo menor de 25 años y otra(s) persona(s),5,Person_4759|Person_4760|Person_4761|Person_4762|Person_4763,,yes
HH_1854,2 personas,San Nicasio,Hogar formado por pareja sin hijos,Hogar formado por pareja sin hijos,2,Person_4764|Person_4765,,apartments
HH_1855,1 persona,Sur,Hogar con una mujer sola de 65 años o más,Hogar con una mujer sola de 65 años o más,1,Person_4766,,yes
HH_1856,4 personas,Carrascal,Hogar formado por pareja con hijos en donde algún hijo es menor de 25 años,Hogar formado por pareja con hijos en donde algún hijo es menor de 25 años,4,Person_4767|Person_4768|Person_4769|Person_4770,,apartments
HH_1857,3 personas,Zarzaquemada,Hogar formado por pareja con hijos en donde algún hijo es menor de 25 años,Hogar formado por pareja con hijos en donde algún hijo es menor de 25 años,3,Person_4771|Person_4772|Person_4773,Madrid,city
HH_1858,2 personas,Carrascal,Hogar formado por pareja sin hijos,Hogar formado por pareja sin hijos,2,Person_4774|Person_4775,Radiotrans Iberia,yes
HH_1859,1 persona,San Nicasio,Hogar con un hombre solo menor de 65 años,Hogar con un hombre solo menor de 65 años,1,Person_4776,,semidetached_house
HH_1860,3 personas,Zarzaquemada,Hogar formado por pareja con hijos en donde todos los hijos de 25 años o más,Hogar formado por pareja con hijos en donde todos los hijos de 25 años o más,3,Person_4777|Person_4778|Person_4779,,residential
HH_1861,4 personas,Carrascal,Hogar formado por pareja con hijos en donde algún hijo es menor de 25 años,Hogar formado por pareja con hijos en donde algún hijo es menor de 25 años,4,Person_4780|Person_4781|Person_4782|Person_4783,,detached
HH_1862,3 personas,Norte,Otro tipo de hogar,Otro tipo de hogar,3,Person_4784|Person_4785|Person_4786,,yes
HH_1863,3 personas,Carrascal,Hogar formado por pareja con hijos en donde todos los hijos de 25 años o más,Hogar formado por pareja con hijos en donde todos los hijos de 25 años o más,3,Person_4787|Person_4788|Person_4789,,yes
HH_1864,3 personas,Sur,Hogar formado por pareja con hijos en donde algún hijo es menor de 25 años,Hogar formado por pareja con hijos en donde algún hijo es menor de 25 años,3,Person_4790|Person_4791|Person_4792,,yes
HH_1865,2 personas,Carrascal,Hogar formado por pareja sin hijos,Hogar formado por pareja sin hijos,2,Person_4793|Person_4794,Extremadura,city
HH_1866,3 personas,Norte,Hogar con un solo progenitor que convive con todos sus hijos de 25 años o más,Hogar con un solo progenitor que convive con todos sus hijos de 25 años o más,3,Person_4795|Person_4796|Person_4797,,semidetached_house
HH_1867,4 personas,Sur,Hogar formado por pareja con hijos en donde todos los hijos de 25 años o más,Hogar formado por pareja con hijos en donde todos los hijos de 25 años o más,4,Person_4798|Person_4799|Person_4800|Person_4801,Madrid,city
HH_1868,3 personas,Polvoranca,Hogar formado por pareja con hijos en donde algún hijo es menor de 25 años,Hogar formado por pareja con hijos en donde algún hijo es menor de 25 años,3,Person_4802|Person_4803|Person_4804,Madrid,city
HH_1869,4 personas,San Nicasio,Hogar formado por pareja con hijos en donde algún hijo es menor de 25 años,Hogar formado por pareja con hijos en donde algún hijo es menor de 25 años,4,Person_4805|Person_4806|Person_4807|Person_4808,,semidetached_house
HH_1870,5 o mas personas,San Nicasio,Hogar formado por pareja o un solo progenitor que convive con algún hijo menor de 25 años y otra(s) persona(s),Hogar formado por pareja o un solo progenitor que convive con algún hijo menor de 25 años y otra(s) persona(s),5,Person_4809|Person_4810|Person_4811|Person_4812|Person_4813,,yes
HH_1871,2 personas,Zarzaquemada,Hogar formado por pareja sin hijos,Hogar formado por pareja sin hijos,2,Person_4814|Person_4815,,residential
HH_1872,1 persona,Zarzaquemada,Hogar con un hombre solo de 65 años o más,Hogar con un hombre solo de 65 años o más,1,Person_4816,Madrid,city
HH_1873,1 persona,Sur,Hogar con un hombre solo menor de 65 años,Hogar con un hombre solo menor de 65 años,1,Person_4817,Madrid,city
HH_1874,1 persona,Norte,Hogar con una mujer sola de 65 años o más,Hogar con una mujer sola de 65 años o más,1,Person_4818,Madrid,city
HH_1875,3 personas,Zarzaquemada,Hogar formado por pareja con hijos en donde todos los hijos de 25 años o más,Hogar formado por pareja con hijos en donde todos los hijos de 25 años o más,3,Person_4819|Person_4820|Person_4821,Madrid,city
HH_1876,3 personas,San Nicasio,Hogar formado por pareja con hijos en donde todos los hijos de 25 años o más,Hogar formado por pareja con hijos en donde todos los hijos de 25 años o más,3,Person_4822|Person_4823|Person_4824,Getafe norte,city
HH_1877,2 personas,Norte,Hogar con un solo progenitor que convive con todos sus hijos de 25 años o más,Hogar con un solo progenitor que convive con todos sus hijos de 25 años o más,2,Person_4825|Person_4826,Getafe norte,city
HH_1878,3 personas,Carrascal,Hogar formado por pareja con hijos en donde todos los hijos de 25 años o más,Hogar formado por pareja con hijos en donde todos los hijos de 25 años o más,3,Person_4827|Person_4828|Person_4829,,apartments
HH_1879,5 o mas personas,Zarzaquemada,Hogar formado por pareja o un solo progenitor que convive con algún hijo menor de 25 años y otra(s) persona(s),Hogar formado por pareja o un solo progenitor que convive con algún hijo menor de 25 años y otra(s) persona(s),5,Person_4830|Person_4831|Person_4832|Person_4833|Person_4834,,yes
HH_1880,3 personas,Norte,Hogar con un solo progenitor que convive con todos sus hijos de 25 años o más,Hogar con un solo progenitor que convive con todos sus hijos de 25 años o más,3,Person_4835|Person_4836|Person_4837,,yes
HH_1881,4 personas,Polvoranca,Hogar formado por pareja con hijos en donde algún hijo es menor de 25 años,Hogar formado por pareja con hijos en donde algún hijo es menor de 25 años,4,Person_4838|Person_4839|Person_4840|Person_4841,,house
HH_1882,1 persona,Carrascal,Hogar con una mujer sola menor de 65 años,Hogar con una mujer sola menor de 65 años,1,Person_4842,,semidetached_house
HH_1883,2 personas,Norte,Otro tipo de hogar,Otro tipo de hogar,2,Person_4843|Person_4844,,apartments
HH_1884,4 personas,San Nicasio,Hogar formado por pareja con hijos en donde todos los hijos de 25 años o más,Hogar formado por pareja con hijos en donde todos los hijos de 25 años o más,4,Person_4845|Person_4846|Person_4847|Person_4848,,semidetached_house
HH_1885,2 personas,Fortuna,Hogar formado por pareja sin hijos,Hogar formado por pareja sin hijos,2,Person_4849|Person_4850,,yes
HH_1886,4 personas,Norte,Hogar formado por pareja con hijos en donde algún hijo es menor de 25 años,Hogar formado por pareja con hijos en donde algún hijo es menor de 25 años,4,Person_4851|Person_4852|Person_4853|Person_4854,,apartments
HH_1887,1 persona,Zarzaquemada,Hogar con una mujer sola menor de 65 años,Hogar con una mujer sola menor de 65 años,1,Person_4855,Getafe norte,city
HH_1888,2 personas,Norte,Hogar formado por pareja sin hijos,Hogar formado por pareja sin hijos,2,Person_4856|Person_4857,,yes
HH_1889,2 personas,Carrascal,Hogar formado por pareja sin hijos,Hogar formado por pareja sin hijos,2,Person_4858|Person_4859,Mostoles,city
HH_1890,1 persona,Zarzaquemada,Hogar con un hombre solo menor de 65 años,Hogar con un hombre solo menor de 65 años,1,Person_4860,,yes
HH_1891,5 o mas personas,Carrascal,Hogar formado por pareja con hijos en donde algún hijo es menor de 25 años,Hogar formado por pareja con hijos en donde algún hijo es menor de 25 años,5,Person_4861|Person_4862|Person_4863|Person_4864|Person_4865,,detached
HH_1892,2 personas,Sur,Hogar formado por pareja sin hijos,Hogar formado por pareja sin hijos,2,Person_4866|Person_4867,,apartments
HH_1893,4 personas,Zarzaquemada,Hogar formado por pareja o un solo progenitor que convive con algún hijo menor de 25 años y otra(s) persona(s),Hogar formado por pareja o un solo progenitor que convive con algún hijo menor de 25 años y otra(s) persona(s),4,Person_4868|Person_4869|Person_4870|Person_4871,Madrid,city
HH_1894,2 personas,San Nicasio,Hogar con un solo progenitor que convive con todos sus hijos de 25 años o más,Hogar con un solo progenitor que convive con todos sus hijos de 25 años o más,2,Person_4872|Person_4873,Mostoles,city
HH_1895,1 persona,Zarzaquemada,Hogar con una mujer sola de 65 años o más,Hogar con una mujer sola de 65 años o más,1,Person_4874,Madrid,city
HH_1896,4 personas,Norte,Hogar formado por pareja con hijos en donde algún hijo es menor de 25 años,Hogar formado por pareja con hijos en donde algún hijo es menor de 25 años,4,Person_4875|Person_4876|Person_4877|Person_4878,,yes
HH_1897,1 persona,San Nicasio,Hogar con una mujer sola de 65 años o más,Hogar con una mujer sola de 65 años o más,1,Person_4879,,yes
HH_1898,4 personas,Sur,Hogar formado por pareja o un solo progenitor que convive con algún hijo menor de 25 años y otra(s) persona(s),Hogar formado por pareja o un solo progenitor que convive con algún hijo menor de 25 años y otra(s) persona(s),4,Person_4880|Person_4881|Person_4882|Person_4883,Mostoles,city
HH_1899,2 personas,Polvoranca,Hogar formado por pareja sin hijos,Hogar formado por pareja sin hijos,2,Person_4884|Person_4885,,yes
HH_1900,1 persona,Zarzaquemada,Hogar con una mujer sola de 65 años o más,Hogar con una mujer sola de 65 años o más,1,Person_4886,,apartments
HH_1901,3 personas,Carrascal,Hogar formado por pareja con hijos en donde algún hijo es menor de 25 años,Hogar formado por pareja con hijos en donde algún hijo es menor de 25 años,3,Person_4887|Person_4888|Person_4889,,semidetached_house
HH_1902,4 personas,Sur,Hogar formado por pareja con hijos en donde algún hijo es menor de 25 años,Hogar formado por pareja con hijos en donde algún hijo es menor de 25 años,4,Person_4890|Person_4891|Person_4892|Person_4893,Supeco,yes
HH_1903,4 personas,Zarzaquemada,Hogar formado por pareja o un solo progenitor que convive con algún hijo menor de 25 años y otra(s) persona(s),Hogar formado por pareja o un solo progenitor que convive con algún hijo menor de 25 años y otra(s) persona(s),4,Person_4894|Person_4895|Person_4896|Person_4897,,residential
HH_1904,1 persona,Fortuna,Hogar con un hombre solo menor de 65 años,Hogar con un hombre solo menor de 65 años,1,Person_4898,Extremadura,city
HH_1905,2 personas,Carrascal,Hogar formado por pareja sin hijos,Hogar formado por pareja sin hijos,2,Person_4899|Person_4900,Fuenlabrada,city
HH_1906,3 personas,Polvoranca,Hogar formado por pareja con hijos en donde todos los hijos de 25 años o más,Hogar formado por pareja con hijos en donde todos los hijos de 25 años o más,3,Person_4901|Person_4902|Person_4903,,house
HH_1907,4 personas,San Nicasio,Hogar formado por pareja con hijos en donde algún hijo es menor de 25 años,Hogar formado por pareja con hijos en donde algún hijo es menor de 25 años,4,Person_4904|Person_4905|Person_4906|Person_4907,,residential
HH_1908,4 personas,Norte,Hogar formado por pareja o un solo progenitor que convive con algún hijo menor de 25 años y otra(s) persona(s),Hogar formado por pareja o un solo progenitor que convive con algún hijo menor de 25 años y otra(s) persona(s),4,Person_4908|Person_4909|Person_4910|Person_4911,,apartments
HH_1909,2 personas,San Nicasio,Hogar formado por pareja sin hijos,Hogar formado por pareja sin hijos,2,Person_4912|Person_4913,Madrid,city
HH_1910,4 personas,Polvoranca,Hogar formado por pareja con hijos en donde algún hijo es menor de 25 años,Hogar formado por pareja con hijos en donde algún hijo es menor de 25 años,4,Person_4914|Person_4915|Person_4916|Person_4917,,semidetached_house
HH_1911,3 personas,Sur,Hogar formado por pareja con hijos en donde algún hijo es menor de 25 años,Hogar formado por pareja con hijos en donde algún hijo es menor de 25 años,3,Person_4918|Person_4919|Person_4920,,yes
HH_1912,2 personas,Fortuna,Hogar con un solo progenitor que convive con algún hijo menor de 25 años,Hogar con un solo progenitor que convive con algún hijo menor de 25 años,2,Person_4921|Person_4922,Getafe norte,city
HH_1913,2 personas,Zarzaquemada,Hogar formado por pareja sin hijos,Hogar formado por pareja sin hijos,2,Person_4923|Person_4924,,residential
HH_1914,3 personas,Sur,Hogar con un solo progenitor que convive con algún hijo menor de 25 años,Hogar con un solo progenitor que convive con algún hijo menor de 25 años,3,Person_4925|Person_4926|Person_4927,,apartments
HH_1915,2 personas,Polvoranca,Hogar formado por pareja sin hijos,Hogar formado por pareja sin hijos,2,Person_4928|Person_4929,,terrace
HH_1916,3 personas,Norte,Otro tipo de hogar,Otro tipo de hogar,3,Person_4930|Person_4931|Person_4932,Fuenlabrada,city
HH_1917,3 personas,Zarzaquemada,Hogar formado por pareja con hijos en donde algún hijo es menor de 25 años,Hogar formado por pareja con hijos en donde algún hijo es menor de 25 años,3,Person_4933|Person_4934|Person_4935,,residential
HH_1918,2 personas,Fortuna,Hogar formado por pareja sin hijos,Hogar formado por pareja sin hijos,2,Person_4936|Person_4937,Sambil Outlet Madrid,yes
HH_1919,3 personas,Polvoranca,Otro tipo de hogar,Otro tipo de hogar,3,Person_4938|Person_4939|Person_4940,Madrid,city
HH_1920,3 personas,Sur,Hogar formado por pareja con hijos en donde algún hijo es menor de 25 años,Hogar formado por pareja con hijos en donde algún hijo es menor de 25 años,3,Person_4941|Person_4942|Person_4943,,house
HH_1921,1 persona,Norte,Hogar con un hombre solo menor de 65 años,Hogar con un hombre solo menor de 65 años,1,Person_4944,Getafe norte,city
HH_1922,4 personas,Zarzaquemada,Hogar formado por pareja con hijos en donde algún hijo es menor de 25 años,Hogar formado por pareja con hijos en donde algún hijo es menor de 25 años,4,Person_4945|Person_4946|Person_4947|Person_4948,,apartments
HH_1923,2 personas,Sur,Hogar con un solo progenitor que convive con todos sus hijos de 25 años o más,Hogar con un solo progenitor que convive con todos sus hijos de 25 años o más,2,Person_4949|Person_4950,,apartments
HH_1924,2 personas,Zarzaquemada,Hogar formado por pareja sin hijos,Hogar formado por pareja sin hijos,2,Person_4951|Person_4952,Madrid,city
HH_1925,2 personas,Sur,Hogar formado por pareja sin hijos,Hogar formado por pareja sin hijos,2,Person_4953|Person_4954,Madrid,city
HH_1926,2 personas,Sur,Hogar formado por pareja sin hijos,Hogar formado por pareja sin hijos,2,Person_4955|Person_4956,,apartments
HH_1927,2 personas,Zarzaquemada,Hogar formado por pareja sin hijos,Hogar formado por pareja sin hijos,2,Person_4957|Person_4958,,residential
HH_1928,2 personas,Sur,Hogar con un solo progenitor que convive con todos sus hijos de 25 años o más,Hogar con un solo progenitor que convive con todos sus hijos de 25 años o más,2,Person_4959|Person_4960,,yes
HH_1929,4 personas,Sur,Otro tipo de hogar,Otro tipo de hogar,4,Person_4961|Person_4962|Person_4963|Person_4964,,apartments
HH_1930,2 personas,Norte,Hogar formado por pareja sin hijos,Hogar formado por pareja sin hijos,2,Person_4965|Person_4966,,apartments
HH_1931,1 persona,Zarzaquemada,Hogar con una mujer sola de 65 años o más,Hogar con una mujer sola de 65 años o más,1,Person_4967,Hotel de Asociaciones,yes
HH_1932,2 personas,Sur,Otro tipo de hogar,Otro tipo de hogar,2,Person_4968|Person_4969,Alcorcon,city
HH_1933,1 persona,Carrascal,Hogar con una mujer sola menor de 65 años,Hogar con una mujer sola menor de 65 años,1,Person_4970,Madrid,city
HH_1934,5 o mas personas,Sur,Hogar formado por pareja o un solo progenitor que convive con algún hijo menor de 25 años y otra(s) persona(s),Hogar formado por pareja o un solo progenitor que convive con algún hijo menor de 25 años y otra(s) persona(s),5,Person_4971|Person_4972|Person_4973|Person_4974|Person_4975,,yes
HH_1935,2 personas,Sur,Hogar formado por pareja sin hijos,Hogar formado por pareja sin hijos,2,Person_4976|Person_4977,,yes
HH_1936,1 persona,San Nicasio,Hogar con una mujer sola de 65 años o más,Hogar con una mujer sola de 65 años o más,1,Person_4978,Madrid,city
HH_1937,2 personas,Zarzaquemada,Hogar formado por pareja sin hijos,Hogar formado por pareja sin hijos,2,Person_4979|Person_4980,,residential
HH_1938,2 personas,San Nicasio,Hogar formado por pareja sin hijos,Hogar formado por pareja sin hijos,2,Person_4981|Person_4982,,semidetached_house
HH_1939,3 personas,Carrascal,Hogar formado por pareja con hijos en donde todos los hijos de 25 años o más,Hogar formado por pareja con hijos en donde todos los hijos de 25 años o más,3,Person_4983|Person_4984|Person_4985,Madrid,city
HH_1940,1 persona,Sur,Hogar con una mujer sola de 65 años o más,Hogar con una mujer sola de 65 años o más,1,Person_4986,,yes
HH_1941,2 personas,Carrascal,Hogar con un solo progenitor que convive con algún hijo menor de 25 años,Hogar con un solo progenitor que convive con algún hijo menor de 25 años,2,Person_4987|Person_4988,,semidetached_house
HH_1942,4 personas,Zarzaquemada,Hogar formado por pareja con hijos en donde algún hijo es menor de 25 años,Hogar formado por pareja con hijos en donde algún hijo es menor de 25 años,4,Person_4989|Person_4990|Person_4991|Person_4992,Madrid,city
HH_1943,4 personas,Norte,Hogar formado por pareja con hijos en donde algún hijo es menor de 25 años,Hogar formado por pareja con hijos en donde algún hijo es menor de 25 años,4,Person_4993|Person_4994|Person_4995|Person_4996,,yes
HH_1944,4 personas,Zarzaquemada,Hogar formado por pareja con hijos en donde algún hijo es menor de 25 años,Hogar formado por pareja con hijos en donde algún hijo es menor de 25 años,4,Person_4997|Person_4998|Person_4999|Person_5000,,residential
HH_1945,5 o mas personas,Sur,Hogar formado por pareja o un solo progenitor que convive con algún hijo menor de 25 años y otra(s) persona(s),Hogar formado por pareja o un solo progenitor que convive con algún hijo menor de 25 años y otra(s) persona(s),5,Person_5001|Person_5002|Person_5003|Person_5004|Person_5005,,residential
HH_1946,2 personas,Sur,Hogar formado por pareja sin hijos,Hogar formado por pareja sin hijos,2,Person_5006|Person_5007,,yes
HH_1947,2 personas,Sur,Hogar con un solo progenitor que convive con algún hijo menor de 25 años,Hogar con un solo progenitor que convive con algún hijo menor de 25 años,2,Person_5008|Person_5009,,yes
HH_1948,2 personas,Carrascal,Hogar con un solo progenitor que convive con todos sus hijos de 25 años o más,Hogar con un solo progenitor que convive con todos sus hijos de 25 años o más,2,Person_5010|Person_5011,,house
HH_1949,1 persona,Polvoranca,Hogar con una mujer sola menor de 65 años,Hogar con una mujer sola menor de 65 años,1,Person_5012,,semidetached_house
HH_1950,2 personas,Carrascal,Hogar formado por pareja sin hijos,Hogar formado por pareja sin hijos,2,Person_5013|Person_5014,,yes
HH_1951,2 personas,Sur,Otro tipo de hogar,Otro tipo de hogar,2,Person_5015|Person_5016,,residential
HH_1952,2 personas,Norte,Hogar con un solo progenitor que convive con todos sus hijos de 25 años o más,Hogar con un solo progenitor que convive con todos sus hijos de 25 años o más,2,Person_5017|Person_5018,,apartments
HH_1953,2 personas,Zarzaquemada,Hogar formado por pareja sin hijos,Hogar formado por pareja sin hijos,2,Person_5019|Person_5020,,apartments
HH_1954,2 personas,San Nicasio,Hogar formado por pareja sin hijos,Hogar formado por pareja sin hijos,2,Person_5021|Person_5022,,residential
HH_1955,3 personas,Carrascal,Hogar formado por pareja con hijos en donde algún hijo es menor de 25 años,Hogar formado por pareja con hijos en donde algún hijo es menor de 25 años,3,Person_5023|Person_5024|Person_5025,,yes
HH_1956,3 personas,Polvoranca,Hogar formado por pareja con hijos en donde todos los hijos de 25 años o más,Hogar formado por pareja con hijos en donde todos los hijos de 25 años o más,3,Person_5026|Person_5027|Person_5028,,yes
HH_1957,1 persona,Carrascal,Hogar con una mujer sola de 65 años o más,Hogar con una mujer sola de 65 años o más,1,Person_5029,Madrid,city
HH_1958,3 personas,Carrascal,Hogar formado por pareja con hijos en donde algún hijo es menor de 25 años,Hogar formado por pareja con hijos en donde algún hijo es menor de 25 años,3,Person_5030|Person_5031|Person_5032,,detached
HH_1959,2 personas,San Nicasio,Hogar formado por pareja sin hijos,Hogar formado por pareja sin hijos,2,Person_5033|Person_5034,,yes
HH_1960,4 personas,Polvoranca,Hogar formado por pareja con hijos en donde algún hijo es menor de 25 años,Hogar formado por pareja con hijos en donde algún hijo es menor de 25 años,4,Person_5035|Person_5036|Person_5037|Person_5038,,terrace
HH_1961,3 personas,Zarzaquemada,Hogar formado por pareja con hijos en donde todos los hijos de 25 años o más,Hogar formado por pareja con hijos en donde todos los hijos de 25 años o más,3,Person_5039|Person_5040|Person_5041,,residential
HH_1962,2 personas,Zarzaquemada,Hogar formado por pareja sin hijos,Hogar formado por pareja sin hijos,2,Person_5042|Person_5043,,residential
HH_1963,1 persona,San Nicasio,Hogar con una mujer sola menor de 65 años,Hogar con una mujer sola menor de 65 años,1,Person_5044,Madrid,city
HH_1964,1 persona,Zarzaquemada,Hogar con una mujer sola de 65 años o más,Hogar con una mujer sola de 65 años o más,1,Person_5045,,apartments
HH_1965,2 personas,Polvoranca,Hogar formado por pareja sin hijos,Hogar formado por pareja sin hijos,2,Person_5046|Person_5047,,house
HH_1966,3 personas,Sur,Hogar formado por pareja con hijos en donde todos los hijos de 25 años o más,Hogar formado por pareja con hijos en donde todos los hijos de 25 años o más,3,Person_5048|Person_5049|Person_5050,,yes
HH_1967,4 personas,Carrascal,Otro tipo de hogar,Otro tipo de hogar,4,Person_5051|Person_5052|Person_5053|Person_5054,,apartments
HH_1968,2 personas,San Nicasio,Hogar formado por pareja sin hijos,Hogar formado por pareja sin hijos,2,Person_5055|Person_5056,,semidetached_house
HH_1969,1 persona,Zarzaquemada,Hogar con un hombre solo menor de 65 años,Hogar con un hombre solo menor de 65 años,1,Person_5057,,apartments
HH_1970,4 personas,Carrascal,Hogar formado por pareja con hijos en donde algún hijo es menor de 25 años,Hogar formado por pareja con hijos en donde algún hijo es menor de 25 años,4,Person_5058|Person_5059|Person_5060|Person_5061,Mostoles,city
HH_1971,4 personas,Zarzaquemada,Hogar formado por pareja o un solo progenitor que convive con algún hijo menor de 25 años y otra(s) persona(s),Hogar formado por pareja o un solo progenitor que convive con algún hijo menor de 25 años y otra(s) persona(s),4,Person_5062|Person_5063|Person_5064|Person_5065,,residential
HH_1972,2 personas,Fortuna,Hogar formado por pareja sin hijos,Hogar formado por pareja sin hijos,2,Person_5066|Person_5067,,yes
HH_1973,3 personas,Zarzaquemada,Hogar formado por pareja con hijos en donde algún hijo es menor de 25 años,Hogar formado por pareja con hijos en donde algún hijo es menor de 25 años,3,Person_5068|Person_5069|Person_5070,,apartments
HH_1974,4 personas,Polvoranca,Hogar formado por pareja con hijos en donde todos los hijos de 25 años o más,Hogar formado por pareja con hijos en donde todos los hijos de 25 años o más,4,Person_5071|Person_5072|Person_5073|Person_5074,,semidetached_house
HH_1975,2 personas,San Nicasio,Hogar formado por pareja sin hijos,Hogar formado por pareja sin hijos,2,Person_5075|Person_5076,Madrid,city
HH_1976,1 persona,Sur,Hogar con una mujer sola de 65 años o más,Hogar con una mujer sola de 65 años o más,1,Person_5077,,residential
HH_1977,1 persona,Zarzaquemada,Hogar con una mujer sola de 65 años o más,Hogar con una mujer sola de 65 años o más,1,Person_5078,,residential
HH_1978,3 personas,San Nicasio,Hogar formado por pareja con hijos en donde algún hijo es menor de 25 años,Hogar formado por pareja con hijos en donde algún hijo es menor de 25 años,3,Person_5079|Person_5080|Person_5081,,residential
HH_1979,2 personas,Zarzaquemada,Hogar formado por pareja sin hijos,Hogar formado por pareja sin hijos,2,Person_5082|Person_5083,,residential
HH_1980,5 o mas personas,Norte,Hogar formado por pareja con hijos en donde algún hijo es menor de 25 años,Hogar formado por pareja con hijos en donde algún hijo es menor de 25 años,5,Person_5084|Person_5085|Person_5086|Person_5087|Person_5088,,apartments
HH_1981,4 personas,Carrascal,Hogar formado por pareja con hijos en donde algún hijo es menor de 25 años,Hogar formado por pareja con hijos en donde algún hijo es menor de 25 años,4,Person_5089|Person_5090|Person_5091|Person_5092,,semidetached_house
HH_1982,2 personas,Zarzaquemada,Hogar formado por pareja sin hijos,Hogar formado por pareja sin hijos,2,Person_5093|Person_5094,,apartments
HH_1983,2 personas,Zarzaquemada,Hogar con un solo progenitor que convive con todos sus hijos de 25 años o más,Hogar con un solo progenitor que convive con todos sus hijos de 25 años o más,2,Person_5095|Person_5096,,apartments
HH_1984,2 personas,Carrascal,Otro tipo de hogar,Otro tipo de hogar,2,Person_5097|Person_5098,Mostoles,city
HH_1985,1 persona,Sur,Hogar con una mujer sola de 65 años o más,Hogar con una mujer sola de 65 años o más,1,Person_5099,Getafe norte,city
HH_1986,3 personas,San Nicasio,Hogar formado por pareja con hijos en donde algún hijo es menor de 25 años,Hogar formado por pareja con hijos en donde algún hijo es menor de 25 años,3,Person_5100|Person_5101|Person_5102,,semidetached_house
HH_1987,4 personas,Zarzaquemada,Hogar formado por pareja con hijos en donde algún hijo es menor de 25 años,Hogar formado por pareja con hijos en donde algún hijo es menor de 25 años,4,Person_5103|Person_5104|Person_5105|Person_5106,,residential
HH_1988,1 persona,Carrascal,Hogar con una mujer sola de 65 años o más,Hogar con una mujer sola de 65 años o más,1,Person_5107,Mostoles,city
HH_1989,3 personas,San Nicasio,Hogar formado por pareja con hijos en donde algún hijo es menor de 25 años,Hogar formado por pareja con hijos en donde algún hijo es menor de 25 años,3,Person_5108|Person_5109|Person_5110,,apartments
HH_1990,5 o mas personas,Zarzaquemada,Hogar formado por pareja o un solo progenitor que convive con algún hijo menor de 25 años y otra(s) persona(s),Hogar formado por pareja o un solo progenitor que convive con algún hijo menor de 25 años y otra(s) persona(s),5,Person_5111|Person_5112|Person_5113|Person_5114|Person_5115,Fuenlabrada,city
HH_1991,3 personas,Zarzaquemada,Hogar formado por pareja con hijos en donde todos los hijos de 25 años o más,Hogar formado por pareja con hijos en donde todos los hijos de 25 años o más,3,Person_5116|Person_5117|Person_5118,,yes
HH_1992,3 personas,Zarzaquemada,Hogar formado por pareja con hijos en donde algún hijo es menor de 25 años,Hogar formado por pareja con hijos en donde algún hijo es menor de 25 años,3,Person_5119|Person_5120|Person_5121,Fuenlabrada,city
HH_1993,2 personas,Carrascal,Hogar formado por pareja sin hijos,Hogar formado por pareja sin hijos,2,Person_5122|Person_5123,,semidetached_house
HH_1994,1 persona,Sur,Hogar con un hombre solo menor de 65 años,Hogar con un hombre solo menor de 65 años,1,Person_5124,,house
HH_1995,5 o mas personas,Fortuna,Hogar formado por pareja con hijos en donde todos los hijos de 25 años o más,Hogar formado por pareja con hijos en donde todos los hijos de 25 años o más,5,Person_5125|Person_5126|Person_5127|Person_5128|Person_5129,,yes
HH_1996,1 persona,Sur,Hogar con un hombre solo menor de 65 años,Hogar con un hombre solo menor de 65 años,1,Person_5130,,yes
HH_1997,3 personas,Zarzaquemada,Hogar formado por pareja o un solo progenitor que convive con algún hijo menor de 25 años y otra(s) persona(s),Hogar formado por pareja o un solo progenitor que convive con algún hijo menor de 25 años y otra(s) persona(s),3,Person_5131|Person_5132|Person_5133,,residential
HH_1998,3 personas,Norte,Hogar con un solo progenitor que convive con todos sus hijos de 25 años o más,Hogar con un solo progenitor que convive con todos sus hijos de 25 años o más,3,Person_5134|Person_5135|Person_5136,,yes
HH_1999,3 personas,Zarzaquemada,Hogar formado por pareja con hijos en donde algún hijo es menor de 25 años,Hogar formado por pareja con hijos en donde algún hijo es menor de 25 años,3,Person_5137|Person_5138|Person_5139,,apartments
HH_2000,4 personas,Zarzaquemada,Otro tipo de hogar,Otro tipo de hogar,4,Person_5140|Person_5141|Person_5142|Person_5143,,residential
HH_2001,2 personas,Polvoranca,Hogar formado por pareja sin hijos,Hogar formado por pareja sin hijos,2,Person_5144|Person_5145,,terrace
HH_2002,2 personas,Carrascal,Hogar formado por pareja sin hijos,Hogar formado por pareja sin hijos,2,Person_5146|Person_5147,,apartments
HH_2003,2 personas,Norte,Hogar con un solo progenitor que convive con todos sus hijos de 25 años o más,Hogar con un solo progenitor que convive con todos sus hijos de 25 años o más,2,Person_5148|Person_5149,,apartments
HH_2004,3 personas,Polvoranca,Hogar formado por pareja con hijos en donde algún hijo es menor de 25 años,Hogar formado por pareja con hijos en donde algún hijo es menor de 25 años,3,Person_5150|Person_5151|Person_5152,Getafe norte,city
HH_2005,2 personas,Zarzaquemada,Hogar formado por pareja sin hijos,Hogar formado por pareja sin hijos,2,Person_5153|Person_5154,Madrid,city
HH_2006,3 personas,Sur,Hogar con un solo progenitor que convive con todos sus hijos de 25 años o más,Hogar con un solo progenitor que convive con todos sus hijos de 25 años o más,3,Person_5155|Person_5156|Person_5157,Madrid,city
HH_2007,3 personas,Carrascal,Hogar formado por pareja con hijos en donde algún hijo es menor de 25 años,Hogar formado por pareja con hijos en donde algún hijo es menor de 25 años,3,Person_5158|Person_5159|Person_5160,,detached
HH_2008,3 personas,Fortuna,Hogar formado por pareja con hijos en donde algún hijo es menor de 25 años,Hogar formado por pareja con hijos en donde algún hijo es menor de 25 años,3,Person_5161|Person_5162|Person_5163,,yes
HH_2009,2 personas,Norte,Hogar formado por pareja sin hijos,Hogar formado por pareja sin hijos,2,Person_5164|Person_5165,,apartments
HH_2010,3 personas,San Nicasio,Hogar formado por pareja con hijos en donde algún hijo es menor de 25 años,Hogar formado por pareja con hijos en donde algún hijo es menor de 25 años,3,Person_5166|Person_5167|Person_5168,,yes
HH_2011,3 personas,Sur,Hogar formado por pareja con hijos en donde algún hijo es menor de 25 años,Hogar formado por pareja con hijos en donde algún hijo es menor de 25 años,3,Person_5169|Person_5170|Person_5171,,yes
HH_2012,1 persona,San Nicasio,Hogar con una mujer sola de 65 años o más,Hogar con una mujer sola de 65 años o más,1,Person_5172,Madrid,city
HH_2013,4 personas,Fortuna,Hogar formado por pareja con hijos en donde algún hijo es menor de 25 años,Hogar formado por pareja con hijos en donde algún hijo es menor de 25 años,4,Person_5173|Person_5174|Person_5175|Person_5176,,semidetached_house
HH_2014,1 persona,Sur,Hogar con una mujer sola de 65 años o más,Hogar con una mujer sola de 65 años o más,1,Person_5177,,yes
HH_2015,3 personas,Carrascal,Hogar formado por pareja con hijos en donde algún hijo es menor de 25 años,Hogar formado por pareja con hijos en donde algún hijo es menor de 25 años,3,Person_5178|Person_5179|Person_5180,,residential
HH_2016,2 personas,Polvoranca,Hogar formado por pareja sin hijos,Hogar formado por pareja sin hijos,2,Person_5181|Person_5182,,semidetached_house
HH_2017,1 persona,Zarzaquemada,Hogar con una mujer sola de 65 años o más,Hogar con una mujer sola de 65 años o más,1,Person_5183,,yes
HH_2018,2 personas,Polvoranca,Hogar formado por pareja sin hijos,Hogar formado por pareja sin hijos,2,Person_5184|Person_5185,Fuenlabrada,city
HH_2019,2 personas,San Nicasio,Hogar formado por pareja sin hijos,Hogar formado por pareja sin hijos,2,Person_5186|Person_5187,,residential
HH_2020,2 personas,Norte,Hogar formado por pareja sin hijos,Hogar formado por pareja sin hijos,2,Person_5188|Person_5189,,yes
HH_2021,2 personas,Sur,Hogar con un solo progenitor que convive con algún hijo menor de 25 años,Hogar con un solo progenitor que convive con algún hijo menor de 25 años,2,Person_5190|Person_5191,,yes
HH_2022,2 personas,Carrascal,Hogar formado por pareja sin hijos,Hogar formado por pareja sin hijos,2,Person_5192|Person_5193,,apartments
HH_2023,2 personas,Sur,Otro tipo de hogar,Otro tipo de hogar,2,Person_5194|Person_5195,Alcorcon,city
HH_2024,2 personas,Zarzaquemada,Hogar formado por pareja sin hijos,Hogar formado por pareja sin hijos,2,Person_5196|Person_5197,Fuenlabrada,city
HH_2025,5 o mas personas,Carrascal,Otro tipo de hogar,Otro tipo de hogar,5,Person_5198|Person_5199|Person_5200|Person_5201|Person_5202,Getafe norte,city
HH_2026,2 personas,Sur,Hogar formado por pareja sin hijos,Hogar formado por pareja sin hijos,2,Person_5203|Person_5204,Fuenlabrada,city
HH_2027,1 persona,San Nicasio,Hogar con un hombre solo menor de 65 años,Hogar con un hombre solo menor de 65 años,1,Person_5205,,yes
HH_2028,3 personas,Sur,Hogar formado por pareja con hijos en donde algún hijo es menor de 25 años,Hogar formado por pareja con hijos en donde algún hijo es menor de 25 años,3,Person_5206|Person_5207|Person_5208,,apartments
HH_2029,2 personas,Zarzaquemada,Hogar con un solo progenitor que convive con todos sus hijos de 25 años o más,Hogar con un solo progenitor que convive con todos sus hijos de 25 años o más,2,Person_5209|Person_5210,,apartments
HH_2030,3 personas,Sur,Hogar formado por pareja con hijos en donde algún hijo es menor de 25 años,Hogar formado por pareja con hijos en donde algún hijo es menor de 25 años,3,Person_5211|Person_5212|Person_5213,Getafe norte,city
HH_2031,2 personas,San Nicasio,Hogar formado por pareja sin hijos,Hogar formado por pareja sin hijos,2,Person_5214|Person_5215,,house
HH_2032,4 personas,San Nicasio,Hogar formado por pareja con hijos en donde algún hijo es menor de 25 años,Hogar formado por pareja con hijos en donde algún hijo es menor de 25 años,4,Person_5216|Person_5217|Person_5218|Person_5219,,semidetached_house
HH_2033,2 personas,Fortuna,Hogar con un solo progenitor que convive con algún hijo menor de 25 años,Hogar con un solo progenitor que convive con algún hijo menor de 25 años,2,Person_5220|Person_5221,,yes
HH_2034,3 personas,Polvoranca,Hogar formado por pareja con hijos en donde todos los hijos de 25 años o más,Hogar formado por pareja con hijos en donde todos los hijos de 25 años o más,3,Person_5222|Person_5223|Person_5224,Alcorcon,city
HH_2035,1 persona,Zarzaquemada,Hogar con un hombre solo menor de 65 años,Hogar con un hombre solo menor de 65 años,1,Person_5225,Madrid,city
HH_2036,3 personas,Zarzaquemada,Otro tipo de hogar,Otro tipo de hogar,3,Person_5226|Person_5227|Person_5228,Madrid,city
HH_2037,3 personas,San Nicasio,Hogar con un solo progenitor que convive con todos sus hijos de 25 años o más,Hogar con un solo progenitor que convive con todos sus hijos de 25 años o más,3,Person_5229|Person_5230|Person_5231,,house
HH_2038,4 personas,Sur,Hogar formado por pareja con hijos en donde algún hijo es menor de 25 años,Hogar formado por pareja con hijos en donde algún hijo es menor de 25 años,4,Person_5232|Person_5233|Person_5234|Person_5235,,house
HH_2039,3 personas,Zarzaquemada,Otro tipo de hogar,Otro tipo de hogar,3,Person_5236|Person_5237|Person_5238,,apartments
HH_2040,2 personas,Polvoranca,Hogar formado por pareja sin hijos,Hogar formado por pareja sin hijos,2,Person_5239|Person_5240,,semidetached_house
HH_2041,3 personas,Sur,Hogar formado por pareja con hijos en donde algún hijo es menor de 25 años,Hogar formado por pareja con hijos en donde algún hijo es menor de 25 años,3,Person_5241|Person_5242|Person_5243,Madrid,city
HH_2042,3 personas,Fortuna,Hogar formado por pareja con hijos en donde algún hijo es menor de 25 años,Hogar formado por pareja con hijos en donde algún hijo es menor de 25 años,3,Person_5244|Person_5245|Person_5246,Fuenlabrada,city
HH_2043,2 personas,San Nicasio,Hogar formado por pareja sin hijos,Hogar formado por pareja sin hijos,2,Person_5247|Person_5248,Madrid,city
HH_2044,2 personas,Zarzaquemada,Otro tipo de hogar,Otro tipo de hogar,2,Person_5249|Person_5250,,residential
HH_2045,3 personas,San Nicasio,Otro tipo de hogar,Otro tipo de hogar,3,Person_5251|Person_5252|Person_5253,,house
HH_2046,4 personas,San Nicasio,Hogar formado por pareja con hijos en donde algún hijo es menor de 25 años,Hogar formado por pareja con hijos en donde algún hijo es menor de 25 años,4,Person_5254|Person_5255|Person_5256|Person_5257,Mostoles,city
HH_2047,4 personas,Sur,Hogar formado por pareja con hijos en donde algún hijo es menor de 25 años,Hogar formado por pareja con hijos en donde algún hijo es menor de 25 años,4,Person_5258|Person_5259|Person_5260|Person_5261,Getafe norte,city
HH_2048,2 personas,Zarzaquemada,Otro tipo de hogar,Otro tipo de hogar,2,Person_5262|Person_5263,Madrid,city
HH_2049,3 personas,Polvoranca,Hogar con un solo progenitor que convive con algún hijo menor de 25 años,Hogar con un solo progenitor que convive con algún hijo menor de 25 años,3,Person_5264|Person_5265|Person_5266,Alcorcon,city
HH_2050,3 personas,Polvoranca,Hogar formado por pareja con hijos en donde algún hijo es menor de 25 años,Hogar formado por pareja con hijos en donde algún hijo es menor de 25 años,3,Person_5267|Person_5268|Person_5269,,house
HH_2051,2 personas,Carrascal,Hogar con un solo progenitor que convive con todos sus hijos de 25 años o más,Hogar con un solo progenitor que convive con todos sus hijos de 25 años o más,2,Person_5270|Person_5271,Madrid,city
HH_2052,1 persona,Carrascal,Hogar con una mujer sola de 65 años o más,Hogar con una mujer sola de 65 años o más,1,Person_5272,Aurgi,yes
HH_2053,5 o mas personas,Norte,Hogar formado por pareja con hijos en donde algún hijo es menor de 25 años,Hogar formado por pareja con hijos en donde algún hijo es menor de 25 años,5,Person_5273|Person_5274|Person_5275|Person_5276|Person_5277,Madrid,city
HH_2054,2 personas,San Nicasio,Hogar formado por pareja sin hijos,Hogar formado por pareja sin hijos,2,Person_5278|Person_5279,,apartments
HH_2055,2 personas,Fortuna,Hogar con un solo progenitor que convive con algún hijo menor de 25 años,Hogar con un solo progenitor que convive con algún hijo menor de 25 años,2,Person_5280|Person_5281,Fuenlabrada,city
HH_2056,1 persona,Norte,Hogar con una mujer sola de 65 años o más,Hogar con una mujer sola de 65 años o más,1,Person_5282,,yes
HH_2057,3 personas,Carrascal,Hogar con un solo progenitor que convive con todos sus hijos de 25 años o más,Hogar con un solo progenitor que convive con todos sus hijos de 25 años o más,3,Person_5283|Person_5284|Person_5285,,house
HH_2058,3 personas,Zarzaquemada,Hogar formado por pareja con hijos en donde todos los hijos de 25 años o más,Hogar formado por pareja con hijos en donde todos los hijos de 25 años o más,3,Person_5286|Person_5287|Person_5288,Madrid,city
HH_2059,1 persona,Zarzaquemada,Hogar con un hombre solo de 65 años o más,Hogar con un hombre solo de 65 años o más,1,Person_5289,Mostoles,city
HH_2060,3 personas,Norte,Hogar formado por pareja con hijos en donde algún hijo es menor de 25 años,Hogar formado por pareja con hijos en donde algún hijo es menor de 25 años,3,Person_5290|Person_5291|Person_5292,,apartments
HH_2061,3 personas,Zarzaquemada,Hogar formado por pareja con hijos en donde algún hijo es menor de 25 años,Hogar formado por pareja con hijos en donde algún hijo es menor de 25 años,3,Person_5293|Person_5294|Person_5295,,residential
HH_2062,3 personas,Norte,Otro tipo de hogar,Otro tipo de hogar,3,Person_5296|Person_5297|Person_5298,Fuenlabrada,city
HH_2063,4 personas,Carrascal,Hogar formado por pareja con hijos en donde algún hijo es menor de 25 años,Hogar formado por pareja con hijos en donde algún hijo es menor de 25 años,4,Person_5299|Person_5300|Person_5301|Person_5302,,apartments
HH_2064,4 personas,Sur,Hogar formado por pareja con hijos en donde algún hijo es menor de 25 años,Hogar formado por pareja con hijos en donde algún hijo es menor de 25 años,4,Person_5303|Person_5304|Person_5305|Person_5306,Madrid,city
HH_2065,2 personas,Zarzaquemada,Otro tipo de hogar,Otro tipo de hogar,2,Person_5307|Person_5308,Madrid,city
HH_2066,3 personas,Sur,Hogar formado por pareja con hijos en donde todos los hijos de 25 años o más,Hogar formado por pareja con hijos en donde todos los hijos de 25 años o más,3,Person_5309|Person_5310|Person_5311,Madrid,city
HH_2067,3 personas,Sur,Hogar formado por pareja con hijos en donde todos los hijos de 25 años o más,Hogar formado por pareja con hijos en donde todos los hijos de 25 años o más,3,Person_5312|Person_5313|Person_5314,Fuenlabrada,city
HH_2068,2 personas,Carrascal,Hogar con un solo progenitor que convive con algún hijo menor de 25 años,Hogar con un solo progenitor que convive con algún hijo menor de 25 años,2,Person_5315|Person_5316,,apartments
HH_2069,3 personas,Carrascal,Hogar formado por pareja con hijos en donde algún hijo es menor de 25 años,Hogar formado por pareja con hijos en donde algún hijo es menor de 25 años,3,Person_5317|Person_5318|Person_5319,,apartments
HH_2070,2 personas,Zarzaquemada,Hogar con un solo progenitor que convive con algún hijo menor de 25 años,Hogar con un solo progenitor que convive con algún hijo menor de 25 años,2,Person_5320|Person_5321,,apartments
HH_2071,2 personas,Fortuna,Hogar formado por pareja sin hijos,Hogar formado por pareja sin hijos,2,Person_5322|Person_5323,Madrid,city
HH_2072,4 personas,San Nicasio,Hogar formado por pareja con hijos en donde algún hijo es menor de 25 años,Hogar formado por pareja con hijos en donde algún hijo es menor de 25 años,4,Person_5324|Person_5325|Person_5326|Person_5327,,yes
HH_2073,2 personas,Norte,Hogar formado por pareja sin hijos,Hogar formado por pareja sin hijos,2,Person_5328|Person_5329,,yes
HH_2074,1 persona,Carrascal,Hogar con una mujer sola menor de 65 años,Hogar con una mujer sola menor de 65 años,1,Person_5330,Getafe norte,city
HH_2075,3 personas,Polvoranca,Hogar formado por pareja con hijos en donde algún hijo es menor de 25 años,Hogar formado por pareja con hijos en donde algún hijo es menor de 25 años,3,Person_5331|Person_5332|Person_5333,,yes
HH_2076,2 personas,Norte,Hogar formado por pareja sin hijos,Hogar formado por pareja sin hijos,2,Person_5334|Person_5335,Fuenlabrada,city
HH_2077,2 personas,Zarzaquemada,Otro tipo de hogar,Otro tipo de hogar,2,Person_5336|Person_5337,,residential
HH_2078,2 personas,Zarzaquemada,Otro tipo de hogar,Otro tipo de hogar,2,Person_5338|Person_5339,,apartments
HH_2079,1 persona,Carrascal,Hogar con un hombre solo de 65 años o más,Hogar con un hombre solo de 65 años o más,1,Person_5340,Madrid,city
HH_2080,4 personas,Zarzaquemada,Hogar formado por pareja con hijos en donde algún hijo es menor de 25 años,Hogar formado por pareja con hijos en donde algún hijo es menor de 25 años,4,Person_5341|Person_5342|Person_5343|Person_5344,Madrid,city
HH_2081,2 personas,Carrascal,Hogar formado por pareja sin hijos,Hogar formado por pareja sin hijos,2,Person_5345|Person_5346,,detached
HH_2082,4 personas,Polvoranca,Hogar formado por pareja con hijos en donde todos los hijos de 25 años o más,Hogar formado por pareja con hijos en donde todos los hijos de 25 años o más,4,Person_5347|Person_5348|Person_5349|Person_5350,,house
HH_2083,2 personas,Carrascal,Hogar formado por pareja sin hijos,Hogar formado por pareja sin hijos,2,Person_5351|Person_5352,Getafe norte,city
HH_2084,3 personas,Norte,Hogar formado por pareja con hijos en donde algún hijo es menor de 25 años,Hogar formado por pareja con hijos en donde algún hijo es menor de 25 años,3,Person_5353|Person_5354|Person_5355,,apartments
HH_2085,2 personas,Zarzaquemada,Hogar formado por pareja sin hijos,Hogar formado por pareja sin hijos,2,Person_5356|Person_5357,,residential
HH_2086,3 personas,Sur,Hogar formado por pareja con hijos en donde todos los hijos de 25 años o más,Hogar formado por pareja con hijos en donde todos los hijos de 25 años o más,3,Person_5358|Person_5359|Person_5360,,yes
HH_2087,1 persona,Fortuna,Hogar con una mujer sola de 65 años o más,Hogar con una mujer sola de 65 años o más,1,Person_5361,Getafe norte,city
HH_2088,2 personas,San Nicasio,Hogar con un solo progenitor que convive con todos sus hijos de 25 años o más,Hogar con un solo progenitor que convive con todos sus hijos de 25 años o más,2,Person_5362|Person_5363,Madrid,city
HH_2089,2 personas,Carrascal,Hogar formado por pareja sin hijos,Hogar formado por pareja sin hijos,2,Person_5364|Person_5365,Madrid,city
HH_2090,2 personas,Zarzaquemada,Hogar formado por pareja sin hijos,Hogar formado por pareja sin hijos,2,Person_5366|Person_5367,Mostoles,city
HH_2091,5 o mas personas,Sur,Hogar formado por pareja o un solo progenitor que convive con algún hijo menor de 25 años y otra(s) persona(s),Hogar formado por pareja o un solo progenitor que convive con algún hijo menor de 25 años y otra(s) persona(s),5,Person_5368|Person_5369|Person_5370|Person_5371|Person_5372,,yes
HH_2092,3 personas,Zarzaquemada,Hogar formado por pareja con hijos en donde algún hijo es menor de 25 años,Hogar formado por pareja con hijos en donde algún hijo es menor de 25 años,3,Person_5373|Person_5374|Person_5375,Madrid,city
HH_2093,4 personas,Zarzaquemada,Hogar formado por pareja con hijos en donde algún hijo es menor de 25 años,Hogar formado por pareja con hijos en donde algún hijo es menor de 25 años,4,Person_5376|Person_5377|Person_5378|Person_5379,Getafe norte,city
HH_2094,2 personas,San Nicasio,Hogar formado por pareja sin hijos,Hogar formado por pareja sin hijos,2,Person_5380|Person_5381,,semidetached_house
HH_2095,3 personas,Fortuna,Hogar con un solo progenitor que convive con todos sus hijos de 25 años o más,Hogar con un solo progenitor que convive con todos sus hijos de 25 años o más,3,Person_5382|Person_5383|Person_5384,,yes
HH_2096,2 personas,Polvoranca,Hogar formado por pareja sin hijos,Hogar formado por pareja sin hijos,2,Person_5385|Person_5386,Madrid,city
HH_2097,2 personas,San Nicasio,Hogar formado por pareja sin hijos,Hogar formado por pareja sin hijos,2,Person_5387|Person_5388,Fuenlabrada,city
HH_2098,5 o mas personas,San Nicasio,Hogar formado por pareja o un solo progenitor que convive con algún hijo menor de 25 años y otra(s) persona(s),Hogar formado por pareja o un solo progenitor que convive con algún hijo menor de 25 años y otra(s) persona(s),5,Person_5389|Person_5390|Person_5391|Person_5392|Person_5393,,semidetached_house
HH_2099,2 personas,Polvoranca,Hogar formado por pareja sin hijos,Hogar formado por pareja sin hijos,2,Person_5394|Person_5395,,house
HH_2100,3 personas,Fortuna,Hogar formado por pareja con hijos en donde todos los hijos de 25 años o más,Hogar formado por pareja con hijos en donde todos los hijos de 25 años o más,3,Person_5396|Person_5397|Person_5398,Madrid,city
HH_2101,1 persona,Sur,Hogar con una mujer sola de 65 años o más,Hogar con una mujer sola de 65 años o más,1,Person_5399,Getafe norte,city
HH_2102,3 personas,Polvoranca,Hogar formado por pareja con hijos en donde algún hijo es menor de 25 años,Hogar formado por pareja con hijos en donde algún hijo es menor de 25 años,3,Person_5400|Person_5401|Person_5402,Madrid,city
HH_2103,1 persona,Fortuna,Hogar con una mujer sola de 65 años o más,Hogar con una mujer sola de 65 años o más,1,Person_5403,,yes
HH_2104,4 personas,San Nicasio,Hogar formado por pareja con hijos en donde algún hijo es menor de 25 años,Hogar formado por pareja con hijos en donde algún hijo es menor de 25 años,4,Person_5404|Person_5405|Person_5406|Person_5407,,semidetached_house
HH_2105,2 personas,San Nicasio,Hogar con un solo progenitor que convive con algún hijo menor de 25 años,Hogar con un solo progenitor que convive con algún hijo menor de 25 años,2,Person_5408|Person_5409,,semidetached_house
HH_2106,5 o mas personas,Zarzaquemada,Hogar formado por pareja con hijos en donde algún hijo es menor de 25 años,Hogar formado por pareja con hijos en donde algún hijo es menor de 25 años,5,Person_5410|Person_5411|Person_5412|Person_5413|Person_5414,,apartments
HH_2107,5 o mas personas,Zarzaquemada,Hogar formado por pareja con hijos en donde algún hijo es menor de 25 años,Hogar formado por pareja con hijos en donde algún hijo es menor de 25 años,5,Person_5415|Person_5416|Person_5417|Person_5418|Person_5419,Madrid,city
HH_2108,2 personas,Carrascal,Hogar formado por pareja sin hijos,Hogar formado por pareja sin hijos,2,Person_5420|Person_5421,,yes
HH_2109,1 persona,Zarzaquemada,Hogar con una mujer sola de 65 años o más,Hogar con una mujer sola de 65 años o más,1,Person_5422,Madrid,city
HH_2110,1 persona,Carrascal,Hogar con una mujer sola de 65 años o más,Hogar con una mujer sola de 65 años o más,1,Person_5423,Madrid,city
HH_2111,4 personas,Carrascal,Hogar formado por pareja con hijos en donde algún hijo es menor de 25 años,Hogar formado por pareja con hijos en donde algún hijo es menor de 25 años,4,Person_5424|Person_5425|Person_5426|Person_5427,,residential
HH_2112,2 personas,San Nicasio,Hogar formado por pareja sin hijos,Hogar formado por pareja sin hijos,2,Person_5428|Person_5429,,yes
HH_2113,4 personas,Fortuna,Hogar formado por pareja o un solo progenitor que convive con algún hijo menor de 25 años y otra(s) persona(s),Hogar formado por pareja o un solo progenitor que convive con algún hijo menor de 25 años y otra(s) persona(s),4,Person_5430|Person_5431|Person_5432|Person_5433,,yes
HH_2114,3 personas,Polvoranca,Hogar formado por pareja con hijos en donde todos los hijos de 25 años o más,Hogar formado por pareja con hijos en donde todos los hijos de 25 años o más,3,Person_5434|Person_5435|Person_5436,,apartments
HH_2115,3 personas,Polvoranca,Hogar formado por pareja con hijos en donde algún hijo es menor de 25 años,Hogar formado por pareja con hijos en donde algún hijo es menor de 25 años,3,Person_5437|Person_5438|Person_5439,Madrid,city
HH_2116,3 personas,Zarzaquemada,Hogar formado por pareja con hijos en donde todos los hijos de 25 años o más,Hogar formado por pareja con hijos en donde todos los hijos de 25 años o más,3,Person_5440|Person_5441|Person_5442,,residential
HH_2117,1 persona,Zarzaquemada,Hogar con un hombre solo menor de 65 años,Hogar con un hombre solo menor de 65 años,1,Person_5443,Madrid,city
HH_2118,1 persona,Zarzaquemada,Hogar con una mujer sola de 65 años o más,Hogar con una mujer sola de 65 años o más,1,Person_5444,,residential
HH_2119,2 personas,Carrascal,Hogar formado por pareja sin hijos,Hogar formado por pareja sin hijos,2,Person_5445|Person_5446,,yes
HH_2120,5 o mas personas,San Nicasio,Otro tipo de hogar,Otro tipo de hogar,5,Person_5447|Person_5448|Person_5449|Person_5450|Person_5451,,semidetached_house
HH_2121,1 persona,Zarzaquemada,Hogar con un hombre solo menor de 65 años,Hogar con un hombre solo menor de 65 años,1,Person_5452,,apartments
HH_2122,4 personas,San Nicasio,Hogar formado por pareja o un solo progenitor que convive con algún hijo menor de 25 años y otra(s) persona(s),Hogar formado por pareja o un solo progenitor que convive con algún hijo menor de 25 años y otra(s) persona(s),4,Person_5453|Person_5454|Person_5455|Person_5456,,semidetached_house
HH_2123,3 personas,Carrascal,Hogar con un solo progenitor que convive con todos sus hijos de 25 años o más,Hogar con un solo progenitor que convive con todos sus hijos de 25 años o más,3,Person_5457|Person_5458|Person_5459,,yes
HH_2124,1 persona,San Nicasio,Hogar con un hombre solo menor de 65 años,Hogar con un hombre solo menor de 65 años,1,Person_5460,Madrid,city
HH_2125,5 o mas personas,Norte,Hogar formado por pareja con hijos en donde algún hijo es menor de 25 años,Hogar formado por pareja con hijos en donde algún hijo es menor de 25 años,5,Person_5461|Person_5462|Person_5463|Person_5464|Person_5465,Getafe norte,city
HH_2126,2 personas,Zarzaquemada,Hogar formado por pareja sin hijos,Hogar formado por pareja sin hijos,2,Person_5466|Person_5467,,yes
HH_2127,3 personas,Polvoranca,Hogar formado por pareja con hijos en donde algún hijo es menor de 25 años,Hogar formado por pareja con hijos en donde algún hijo es menor de 25 años,3,Person_5468|Person_5469|Person_5470,,semidetached_house
HH_2128,2 personas,Carrascal,Hogar con un solo progenitor que convive con todos sus hijos de 25 años o más,Hogar con un solo progenitor que convive con todos sus hijos de 25 años o más,2,Person_5471|Person_5472,,apartments
HH_2129,4 personas,Sur,Hogar formado por pareja con hijos en donde algún hijo es menor de 25 años,Hogar formado por pareja con hijos en donde algún hijo es menor de 25 años,4,Person_5473|Person_5474|Person_5475|Person_5476,,apartments
HH_2130,1 persona,San Nicasio,Hogar con un hombre solo de 65 años o más,Hogar con un hombre solo de 65 años o más,1,Person_5477,,apartments
HH_2131,2 personas,Carrascal,Hogar con un solo progenitor que convive con todos sus hijos de 25 años o más,Hogar con un solo progenitor que convive con todos sus hijos de 25 años o más,2,Person_5478|Person_5479,Getafe norte,city
HH_2132,2 personas,Norte,Hogar formado por pareja sin hijos,Hogar formado por pareja sin hijos,2,Person_5480|Person_5481,,yes
HH_2133,4 personas,San Nicasio,Hogar formado por pareja con hijos en donde algún hijo es menor de 25 años,Hogar formado por pareja con hijos en donde algún hijo es menor de 25 años,4,Person_5482|Person_5483|Person_5484|Person_5485,,semidetached_house
HH_2134,3 personas,San Nicasio,Hogar formado por pareja con hijos en donde algún hijo es menor de 25 años,Hogar formado por pareja con hijos en donde algún hijo es menor de 25 años,3,Person_5486|Person_5487|Person_5488,,yes
HH_2135,2 personas,Sur,Hogar formado por pareja sin hijos,Hogar formado por pareja sin hijos,2,Person_5489|Person_5490,Madrid,city
HH_2136,2 personas,Zarzaquemada,Hogar con un solo progenitor que convive con algún hijo menor de 25 años,Hogar con un solo progenitor que convive con algún hijo menor de 25 años,2,Person_5491|Person_5492,Madrid,city
HH_2137,3 personas,Fortuna,Hogar formado por pareja con hijos en donde todos los hijos de 25 años o más,Hogar formado por pareja con hijos en donde todos los hijos de 25 años o más,3,Person_5493|Person_5494|Person_5495,,yes
HH_2138,1 persona,Zarzaquemada,Hogar con una mujer sola menor de 65 años,Hogar con una mujer sola menor de 65 años,1,Person_5496,Madrid,city
HH_2139,1 persona,Zarzaquemada,Hogar con una mujer sola de 65 años o más,Hogar con una mujer sola de 65 años o más,1,Person_5497,Madrid,city
HH_2140,2 personas,Zarzaquemada,Hogar formado por pareja sin hijos,Hogar formado por pareja sin hijos,2,Person_5498|Person_5499,,residential
HH_2141,3 personas,Norte,Hogar formado por pareja con hijos en donde algún hijo es menor de 25 años,Hogar formado por pareja con hijos en donde algún hijo es menor de 25 años,3,Person_5500|Person_5501|Person_5502,,apartments
HH_2142,2 personas,Sur,Hogar formado por pareja sin hijos,Hogar formado por pareja sin hijos,2,Person_5503|Person_5504,Viviendas de integración social Fundación F.A.D.,yes
HH_2143,3 personas,Fortuna,Hogar formado por pareja con hijos en donde algún hijo es menor de 25 años,Hogar formado por pareja con hijos en donde algún hijo es menor de 25 años,3,Person_5505|Person_5506|Person_5507,Mostoles,city
HH_2144,4 personas,Zarzaquemada,Otro tipo de hogar,Otro tipo de hogar,4,Person_5508|Person_5509|Person_5510|Person_5511,Fuenlabrada,city
HH_2145,5 o mas personas,Carrascal,Hogar formado por pareja con hijos en donde algún hijo es menor de 25 años,Hogar formado por pareja con hijos en donde algún hijo es menor de 25 años,5,Person_5512|Person_5513|Person_5514|Person_5515|Person_5516,Changó,yes
HH_2146,1 persona,Carrascal,Hogar con un hombre solo menor de 65 años,Hogar con un hombre solo menor de 65 años,1,Person_5517,,yes
HH_2147,2 personas,Fortuna,Hogar formado por pareja sin hijos,Hogar formado por pareja sin hijos,2,Person_5518|Person_5519,,yes
HH_2148,4 personas,Zarzaquemada,Hogar formado por pareja con hijos en donde algún hijo es menor de 25 años,Hogar formado por pareja con hijos en donde algún hijo es menor de 25 años,4,Person_5520|Person_5521|Person_5522|Person_5523,,residential
HH_2149,3 personas,Zarzaquemada,Hogar formado por pareja con hijos en donde todos los hijos de 25 años o más,Hogar formado por pareja con hijos en donde todos los hijos de 25 años o más,3,Person_5524|Person_5525|Person_5526,,apartments
HH_2150,3 personas,San Nicasio,Hogar con un solo progenitor que convive con algún hijo menor de 25 años,Hogar con un solo progenitor que convive con algún hijo menor de 25 años,3,Person_5527|Person_5528|Person_5529,,apartments
HH_2151,2 personas,San Nicasio,Hogar con un solo progenitor que convive con todos sus hijos de 25 años o más,Hogar con un solo progenitor que convive con todos sus hijos de 25 años o más,2,Person_5530|Person_5531,,semidetached_house
HH_2152,4 personas,Zarzaquemada,Hogar formado por pareja con hijos en donde algún hijo es menor de 25 años,Hogar formado por pareja con hijos en donde algún hijo es menor de 25 años,4,Person_5532|Person_5533|Person_5534|Person_5535,,apartments
HH_2153,3 personas,Polvoranca,Hogar formado por pareja con hijos en donde algún hijo es menor de 25 años,Hogar formado por pareja con hijos en donde algún hijo es menor de 25 años,3,Person_5536|Person_5537|Person_5538,,house
HH_2154,2 personas,San Nicasio,Hogar con un solo progenitor que convive con algún hijo menor de 25 años,Hogar con un solo progenitor que convive con algún hijo menor de 25 años,2,Person_5539|Person_5540,,apartments
HH_2155,3 personas,Zarzaquemada,Hogar con un solo progenitor que convive con algún hijo menor de 25 años,Hogar con un solo progenitor que convive con algún hijo menor de 25 años,3,Person_5541|Person_5542|Person_5543,,residential
HH_2156,2 personas,Zarzaquemada,Otro tipo de hogar,Otro tipo de hogar,2,Person_5544|Person_5545,,apartments
HH_2157,3 personas,Carrascal,Hogar formado por pareja con hijos en donde todos los hijos de 25 años o más,Hogar formado por pareja con hijos en donde todos los hijos de 25 años o más,3,Person_5546|Person_5547|Person_5548,,yes
HH_2158,1 persona,Zarzaquemada,Hogar con un hombre solo menor de 65 años,Hogar con un hombre solo menor de 65 años,1,Person_5549,,yes
HH_2159,4 personas,Carrascal,Hogar formado por pareja o un solo progenitor que convive con algún hijo menor de 25 años y otra(s) persona(s),Hogar formado por pareja o un solo progenitor que convive con algún hijo menor de 25 años y otra(s) persona(s),4,Person_5550|Person_5551|Person_5552|Person_5553,Fuenlabrada,city
HH_2160,5 o mas personas,Zarzaquemada,Hogar formado por pareja o un solo progenitor que convive con algún hijo menor de 25 años y otra(s) persona(s),Hogar formado por pareja o un solo progenitor que convive con algún hijo menor de 25 años y otra(s) persona(s),5,Person_5554|Person_5555|Person_5556|Person_5557|Person_5558,,residential
HH_2161,3 personas,San Nicasio,Hogar formado por pareja con hijos en donde todos los hijos de 25 años o más,Hogar formado por pareja con hijos en donde todos los hijos de 25 años o más,3,Person_5559|Person_5560|Person_5561,,yes
HH_2162,1 persona,Carrascal,Hogar con una mujer sola menor de 65 años,Hogar con una mujer sola menor de 65 años,1,Person_5562,,apartments
HH_2163,2 personas,Sur,Hogar formado por pareja sin hijos,Hogar formado por pareja sin hijos,2,Person_5563|Person_5564,,yes
HH_2164,2 personas,San Nicasio,Hogar formado por pareja sin hijos,Hogar formado por pareja sin hijos,2,Person_5565|Person_5566,Madrid,city
HH_2165,3 personas,Zarzaquemada,Hogar formado por pareja con hijos en donde todos los hijos de 25 años o más,Hogar formado por pareja con hijos en donde todos los hijos de 25 años o más,3,Person_5567|Person_5568|Person_5569,,residential
HH_2166,3 personas,Zarzaquemada,Hogar formado por pareja con hijos en donde algún hijo es menor de 25 años,Hogar formado por pareja con hijos en donde algún hijo es menor de 25 años,3,Person_5570|Person_5571|Person_5572,,apartments
HH_2167,1 persona,Sur,Hogar con una mujer sola de 65 años o más,Hogar con una mujer sola de 65 años o más,1,Person_5573,,apartments
HH_2168,2 personas,Norte,Hogar con un solo progenitor que convive con todos sus hijos de 25 años o más,Hogar con un solo progenitor que convive con todos sus hijos de 25 años o más,2,Person_5574|Person_5575,Madrid,city
HH_2169,3 personas,Fortuna,Hogar formado por pareja con hijos en donde algún hijo es menor de 25 años,Hogar formado por pareja con hijos en donde algún hijo es menor de 25 años,3,Person_5576|Person_5577|Person_5578,Madrid,city
HH_2170,4 personas,San Nicasio,Hogar formado por pareja con hijos en donde algún hijo es menor de 25 años,Hogar formado por pareja con hijos en donde algún hijo es menor de 25 años,4,Person_5579|Person_5580|Person_5581|Person_5582,Madrid,city
HH_2171,1 persona,Polvoranca,Hogar con un hombre solo menor de 65 años,Hogar con un hombre solo menor de 65 años,1,Person_5583,Madrid,city
HH_2172,2 personas,Sur,Hogar formado por pareja sin hijos,Hogar formado por pareja sin hijos,2,Person_5584|Person_5585,Alcorcon,city
HH_2173,4 personas,Zarzaquemada,Hogar formado por pareja con hijos en donde algún hijo es menor de 25 años,Hogar formado por pareja con hijos en donde algún hijo es menor de 25 años,4,Person_5586|Person_5587|Person_5588|Person_5589,,residential
HH_2174,2 personas,Sur,Otro tipo de hogar,Otro tipo de hogar,2,Person_5590|Person_5591,,yes
HH_2175,1 persona,Fortuna,Hogar con un hombre solo menor de 65 años,Hogar con un hombre solo menor de 65 años,1,Person_5592,,yes
HH_2176,3 personas,Norte,Hogar formado por pareja con hijos en donde algún hijo es menor de 25 años,Hogar formado por pareja con hijos en donde algún hijo es menor de 25 años,3,Person_5593|Person_5594|Person_5595,Madrid,city
HH_2177,5 o mas personas,Norte,Hogar formado por pareja o un solo progenitor que convive con algún hijo menor de 25 años y otra(s) persona(s),Hogar formado por pareja o un solo progenitor que convive con algún hijo menor de 25 años y otra(s) persona(s),5,Person_5596|Person_5597|Person_5598|Person_5599|Person_5600,,yes
HH_2178,4 personas,San Nicasio,Hogar formado por pareja con hijos en donde algún hijo es menor de 25 años,Hogar formado por pareja con hijos en donde algún hijo es menor de 25 años,4,Person_5601|Person_5602|Person_5603|Person_5604,,yes
HH_2179,1 persona,Fortuna,Hogar con un hombre solo menor de 65 años,Hogar con un hombre solo menor de 65 años,1,Person_5605,,terrace
HH_2180,3 personas,Zarzaquemada,Otro tipo de hogar,Otro tipo de hogar,3,Person_5606|Person_5607|Person_5608,,residential
HH_2181,1 persona,Fortuna,Hogar con una mujer sola de 65 años o más,Hogar con una mujer sola de 65 años o más,1,Person_5609,Madrid,city
HH_2182,4 personas,Carrascal,Hogar formado por pareja con hijos en donde algún hijo es menor de 25 años,Hogar formado por pareja con hijos en donde algún hijo es menor de 25 años,4,Person_5610|Person_5611|Person_5612|Person_5613,,apartments
HH_2183,2 personas,Polvoranca,Hogar con un solo progenitor que convive con todos sus hijos de 25 años o más,Hogar con un solo progenitor que convive con todos sus hijos de 25 años o más,2,Person_5614|Person_5615,,yes
HH_2184,3 personas,Norte,Hogar formado por pareja con hijos en donde algún hijo es menor de 25 años,Hogar formado por pareja con hijos en donde algún hijo es menor de 25 años,3,Person_5616|Person_5617|Person_5618,,apartments
HH_2185,1 persona,Fortuna,Hogar con una mujer sola menor de 65 años,Hogar con una mujer sola menor de 65 años,1,Person_5619,,yes
HH_2186,4 personas,Zarzaquemada,Hogar formado por pareja con hijos en donde algún hijo es menor de 25 años,Hogar formado por pareja con hijos en donde algún hijo es menor de 25 años,4,Person_5620|Person_5621|Person_5622|Person_5623,Fuenlabrada,city
HH_2187,4 personas,Sur,Hogar formado por pareja con hijos en donde algún hijo es menor de 25 años,Hogar formado por pareja con hijos en donde algún hijo es menor de 25 años,4,Person_5624|Person_5625|Person_5626|Person_5627,Alcorcon,city
HH_2188,3 personas,Polvoranca,Hogar formado por pareja con hijos en donde todos los hijos de 25 años o más,Hogar formado por pareja con hijos en donde todos los hijos de 25 años o más,3,Person_5628|Person_5629|Person_5630,,semidetached_house
HH_2189,2 personas,Sur,Hogar formado por pareja sin hijos,Hogar formado por pareja sin hijos,2,Person_5631|Person_5632,,yes
HH_2190,5 o mas personas,Carrascal,Hogar formado por pareja o un solo progenitor que convive con algún hijo menor de 25 años y otra(s) persona(s),Hogar formado por pareja o un solo progenitor que convive con algún hijo menor de 25 años y otra(s) persona(s),5,Person_5633|Person_5634|Person_5635|Person_5636|Person_5637,,detached
HH_2191,2 personas,Zarzaquemada,Hogar formado por pareja sin hijos,Hogar formado por pareja sin hijos,2,Person_5638|Person_5639,Madrid,city
HH_2192,4 personas,Carrascal,Hogar formado por pareja con hijos en donde algún hijo es menor de 25 años,Hogar formado por pareja con hijos en donde algún hijo es menor de 25 años,4,Person_5640|Person_5641|Person_5642|Person_5643,,semidetached_house
HH_2193,5 o mas personas,Fortuna,Hogar formado por pareja o un solo progenitor que convive con algún hijo menor de 25 años y otra(s) persona(s),Hogar formado por pareja o un solo progenitor que convive con algún hijo menor de 25 años y otra(s) persona(s),5,Person_5644|Person_5645|Person_5646|Person_5647|Person_5648,Madrid,city
HH_2194,1 persona,Zarzaquemada,Hogar con un hombre solo de 65 años o más,Hogar con un hombre solo de 65 años o más,1,Person_5649,,apartments
HH_2195,3 personas,Fortuna,Hogar formado por pareja con hijos en donde algún hijo es menor de 25 años,Hogar formado por pareja con hijos en donde algún hijo es menor de 25 años,3,Person_5650|Person_5651|Person_5652,,yes
HH_2196,3 personas,Norte,Otro tipo de hogar,Otro tipo de hogar,3,Person_5653|Person_5654|Person_5655,,residential
HH_2197,4 personas,Carrascal,Hogar formado por pareja con hijos en donde algún hijo es menor de 25 años,Hogar formado por pareja con hijos en donde algún hijo es menor de 25 años,4,Person_5656|Person_5657|Person_5658|Person_5659,,residential
HH_2198,2 personas,Sur,Hogar formado por pareja sin hijos,Hogar formado por pareja sin hijos,2,Person_5660|Person_5661,Madrid,city
HH_2199,3 personas,Polvoranca,Otro tipo de hogar,Otro tipo de hogar,3,Person_5662|Person_5663|Person_5664,,semidetached_house
HH_2200,3 personas,Fortuna,Hogar formado por pareja con hijos en donde algún hijo es menor de 25 años,Hogar formado por pareja con hijos en donde algún hijo es menor de 25 años,3,Person_5665|Person_5666|Person_5667,Madrid,city
HH_2201,5 o mas personas,San Nicasio,Hogar formado por pareja con hijos en donde algún hijo es menor de 25 años,Hogar formado por pareja con hijos en donde algún hijo es menor de 25 años,5,Person_5668|Person_5669|Person_5670|Person_5671|Person_5672,,semidetached_house
HH_2202,5 o mas personas,Sur,Otro tipo de hogar,Otro tipo de hogar,5,Person_5673|Person_5674|Person_5675|Person_5676|Person_5677,Mostoles,city
HH_2203,2 personas,San Nicasio,Hogar con un solo progenitor que convive con algún hijo menor de 25 años,Hogar con un solo progenitor que convive con algún hijo menor de 25 años,2,Person_5678|Person_5679,,terrace
HH_2204,3 personas,Zarzaquemada,Hogar formado por pareja con hijos en donde algún hijo es menor de 25 años,Hogar formado por pareja con hijos en donde algún hijo es menor de 25 años,3,Person_5680|Person_5681|Person_5682,Madrid,city
HH_2205,2 personas,Carrascal,Hogar formado por pareja sin hijos,Hogar formado por pareja sin hijos,2,Person_5683|Person_5684,,apartments
HH_2206,2 personas,Norte,Otro tipo de hogar,Otro tipo de hogar,2,Person_5685|Person_5686,Madrid,city
HH_2207,3 personas,Carrascal,Hogar formado por pareja con hijos en donde todos los hijos de 25 años o más,Hogar formado por pareja con hijos en donde todos los hijos de 25 años o más,3,Person_5687|Person_5688|Person_5689,,apartments
HH_2208,4 personas,Sur,Hogar formado por pareja o un solo progenitor que convive con algún hijo menor de 25 años y otra(s) persona(s),Hogar formado por pareja o un solo progenitor que convive con algún hijo menor de 25 años y otra(s) persona(s),4,Person_5690|Person_5691|Person_5692|Person_5693,,yes
HH_2209,1 persona,Sur,Hogar con una mujer sola de 65 años o más,Hogar con una mujer sola de 65 años o más,1,Person_5694,Madrid,city
HH_2210,3 personas,Carrascal,Hogar formado por pareja con hijos en donde todos los hijos de 25 años o más,Hogar formado por pareja con hijos en donde todos los hijos de 25 años o más,3,Person_5695|Person_5696|Person_5697,Getafe norte,city
HH_2211,3 personas,San Nicasio,Hogar con un solo progenitor que convive con todos sus hijos de 25 años o más,Hogar con un solo progenitor que convive con todos sus hijos de 25 años o más,3,Person_5698|Person_5699|Person_5700,,house
HH_2212,1 persona,Carrascal,Hogar con una mujer sola de 65 años o más,Hogar con una mujer sola de 65 años o más,1,Person_5701,,residential
HH_2213,3 personas,San Nicasio,Hogar formado por pareja con hijos en donde algún hijo es menor de 25 años,Hogar formado por pareja con hijos en donde algún hijo es menor de 25 años,3,Person_5702|Person_5703|Person_5704,,house
HH_2214,1 persona,Polvoranca,Hogar con una mujer sola de 65 años o más,Hogar con una mujer sola de 65 años o más,1,Person_5705,Alcorcon,city
HH_2215,4 personas,Carrascal,Hogar formado por pareja con hijos en donde algún hijo es menor de 25 años,Hogar formado por pareja con hijos en donde algún hijo es menor de 25 años,4,Person_5706|Person_5707|Person_5708|Person_5709,,apartments
HH_2216,1 persona,Zarzaquemada,Hogar con un hombre solo menor de 65 años,Hogar con un hombre solo menor de 65 años,1,Person_5710,Madrid,city
HH_2217,2 personas,Sur,Hogar formado por pareja sin hijos,Hogar formado por pareja sin hijos,2,Person_5711|Person_5712,Madrid,city
HH_2218,1 persona,Carrascal,Hogar con una mujer sola de 65 años o más,Hogar con una mujer sola de 65 años o más,1,Person_5713,,yes
HH_2219,3 personas,Zarzaquemada,Hogar con un solo progenitor que convive con algún hijo menor de 25 años,Hogar con un solo progenitor que convive con algún hijo menor de 25 años,3,Person_5714|Person_5715|Person_5716,,apartments
HH_2220,2 personas,Zarzaquemada,Hogar con un solo progenitor que convive con todos sus hijos de 25 años o más,Hogar con un solo progenitor que convive con todos sus hijos de 25 años o más,2,Person_5717|Person_5718,Alcorcon,city
HH_2221,1 persona,San Nicasio,Hogar con una mujer sola menor de 65 años,Hogar con una mujer sola menor de 65 años,1,Person_5719,,yes
HH_2222,3 personas,San Nicasio,Hogar formado por pareja con hijos en donde todos los hijos de 25 años o más,Hogar formado por pareja con hijos en donde todos los hijos de 25 años o más,3,Person_5720|Person_5721|Person_5722,,house
HH_2223,5 o mas personas,Zarzaquemada,Hogar formado por pareja o un solo progenitor que convive con algún hijo menor de 25 años y otra(s) persona(s),Hogar formado por pareja o un solo progenitor que convive con algún hijo menor de 25 años y otra(s) persona(s),5,Person_5723|Person_5724|Person_5725|Person_5726|Person_5727,,residential
HH_2224,5 o mas personas,Carrascal,Hogar formado por pareja o un solo progenitor que convive con algún hijo menor de 25 años y otra(s) persona(s),Hogar formado por pareja o un solo progenitor que convive con algún hijo menor de 25 años y otra(s) persona(s),5,Person_5728|Person_5729|Person_5730|Person_5731|Person_5732,,detached
HH_2225,1 persona,Sur,Hogar con una mujer sola de 65 años o más,Hogar con una mujer sola de 65 años o más,1,Person_5733,,residential
HH_2226,2 personas,Norte,Hogar con un solo progenitor que convive con algún hijo menor de 25 años,Hogar con un solo progenitor que convive con algún hijo menor de 25 años,2,Person_5734|Person_5735,,apartments
HH_2227,4 personas,Zarzaquemada,Hogar formado por pareja con hijos en donde algún hijo es menor de 25 años,Hogar formado por pareja con hijos en donde algún hijo es menor de 25 años,4,Person_5736|Person_5737|Person_5738|Person_5739,,apartments
HH_2228,1 persona,Carrascal,Hogar con una mujer sola menor de 65 años,Hogar con una mujer sola menor de 65 años,1,Person_5740,,yes
HH_2229,2 personas,Sur,Hogar formado por pareja sin hijos,Hogar formado por pareja sin hijos,2,Person_5741|Person_5742,,apartments
HH_2230,3 personas,Carrascal,Hogar formado por pareja con hijos en donde todos los hijos de 25 años o más,Hogar formado por pareja con hijos en donde todos los hijos de 25 años o más,3,Person_5743|Person_5744|Person_5745,,detached
HH_2231,4 personas,San Nicasio,Hogar formado por pareja con hijos en donde algún hijo es menor de 25 años,Hogar formado por pareja con hijos en donde algún hijo es menor de 25 años,4,Person_5746|Person_5747|Person_5748|Person_5749,Madrid,city
HH_2232,1 persona,Sur,Hogar con una mujer sola de 65 años o más,Hogar con una mujer sola de 65 años o más,1,Person_5750,Madrid,city
HH_2233,2 personas,Zarzaquemada,Hogar formado por pareja sin hijos,Hogar formado por pareja sin hijos,2,Person_5751|Person_5752,,residential
HH_2234,2 personas,Carrascal,Hogar formado por pareja sin hijos,Hogar formado por pareja sin hijos,2,Person_5753|Person_5754,Getafe norte,city
HH_2235,2 personas,Zarzaquemada,Hogar formado por pareja sin hijos,Hogar formado por pareja sin hijos,2,Person_5755|Person_5756,,residential
HH_2236,1 persona,Carrascal,Hogar con un hombre solo menor de 65 años,Hogar con un hombre solo menor de 65 años,1,Person_5757,Getafe norte,city
HH_2237,2 personas,Carrascal,Hogar con un solo progenitor que convive con todos sus hijos de 25 años o más,Hogar con un solo progenitor que convive con todos sus hijos de 25 años o más,2,Person_5758|Person_5759,Madrid,city
HH_2238,3 personas,Zarzaquemada,Hogar formado por pareja con hijos en donde todos los hijos de 25 años o más,Hogar formado por pareja con hijos en donde todos los hijos de 25 años o más,3,Person_5760|Person_5761|Person_5762,,residential
HH_2239,3 personas,Sur,Otro tipo de hogar,Otro tipo de hogar,3,Person_5763|Person_5764|Person_5765,Alcorcon,city
HH_2240,4 personas,Fortuna,Hogar formado por pareja con hijos en donde algún hijo es menor de 25 años,Hogar formado por pareja con hijos en donde algún hijo es menor de 25 años,4,Person_5766|Person_5767|Person_5768|Person_5769,,yes
HH_2241,1 persona,Zarzaquemada,Hogar con una mujer sola de 65 años o más,Hogar con una mujer sola de 65 años o más,1,Person_5770,,residential
HH_2242,1 persona,Norte,Hogar con una mujer sola de 65 años o más,Hogar con una mujer sola de 65 años o más,1,Person_5771,,yes
HH_2243,1 persona,San Nicasio,Hogar con un hombre solo menor de 65 años,Hogar con un hombre solo menor de 65 años,1,Person_5772,Alcorcon,city
HH_2244,1 persona,Sur,Hogar con una mujer sola de 65 años o más,Hogar con una mujer sola de 65 años o más,1,Person_5773,Extremadura,city
HH_2245,1 persona,Polvoranca,Hogar con una mujer sola menor de 65 años,Hogar con una mujer sola menor de 65 años,1,Person_5774,Madrid,city
HH_2246,1 persona,Polvoranca,Hogar con una mujer sola menor de 65 años,Hogar con una mujer sola menor de 65 años,1,Person_5775,Madrid,city
HH_2247,1 persona,Zarzaquemada,Hogar con un hombre solo de 65 años o más,Hogar con un hombre solo de 65 años o más,1,Person_5776,,apartments
HH_2248,1 persona,Fortuna,Hogar con una mujer sola de 65 años o más,Hogar con una mujer sola de 65 años o más,1,Person_5777,,yes
HH_2249,4 personas,Carrascal,Hogar formado por pareja con hijos en donde algún hijo es menor de 25 años,Hogar formado por pareja con hijos en donde algún hijo es menor de 25 años,4,Person_5778|Person_5779|Person_5780|Person_5781,Alcorcon,city
HH_2250,4 personas,Zarzaquemada,Hogar formado por pareja con hijos en donde algún hijo es menor de 25 años,Hogar formado por pareja con hijos en donde algún hijo es menor de 25 años,4,Person_5782|Person_5783|Person_5784|Person_5785,,apartments
HH_2251,1 persona,Zarzaquemada,Hogar con una mujer sola de 65 años o más,Hogar con una mujer sola de 65 años o más,1,Person_5786,,apartments
HH_2252,2 personas,Sur,Hogar con un solo progenitor que convive con todos sus hijos de 25 años o más,Hogar con un solo progenitor que convive con todos sus hijos de 25 años o más,2,Person_5787|Person_5788,,yes
HH_2253,4 personas,Zarzaquemada,Hogar formado por pareja con hijos en donde algún hijo es menor de 25 años,Hogar formado por pareja con hijos en donde algún hijo es menor de 25 años,4,Person_5789|Person_5790|Person_5791|Person_5792,Madrid,city
HH_2254,1 persona,San Nicasio,Hogar con un hombre solo menor de 65 años,Hogar con un hombre solo menor de 65 años,1,Person_5793,,semidetached_house
HH_2255,2 personas,San Nicasio,Hogar formado por pareja sin hijos,Hogar formado por pareja sin hijos,2,Person_5794|Person_5795,,house
HH_2256,4 personas,Sur,Hogar formado por pareja con hijos en donde algún hijo es menor de 25 años,Hogar formado por pareja con hijos en donde algún hijo es menor de 25 años,4,Person_5796|Person_5797|Person_5798|Person_5799,,yes
HH_2257,1 persona,Sur,Hogar con una mujer sola de 65 años o más,Hogar con una mujer sola de 65 años o más,1,Person_5800,,house
HH_2258,2 personas,Polvoranca,Hogar formado por pareja sin hijos,Hogar formado por pareja sin hijos,2,Person_5801|Person_5802,,house
HH_2259,1 persona,San Nicasio,Hogar con una mujer sola de 65 años o más,Hogar con una mujer sola de 65 años o más,1,Person_5803,,semidetached_house
HH_2260,2 personas,Carrascal,Otro tipo de hogar,Otro tipo de hogar,2,Person_5804|Person_5805,,apartments
HH_2261,4 personas,Carrascal,Hogar formado por pareja con hijos en donde algún hijo es menor de 25 años,Hogar formado por pareja con hijos en donde algún hijo es menor de 25 años,4,Person_5806|Person_5807|Person_5808|Person_5809,,house
HH_2262,3 personas,San Nicasio,Hogar formado por pareja con hijos en donde todos los hijos de 25 años o más,Hogar formado por pareja con hijos en donde todos los hijos de 25 años o más,3,Person_5810|Person_5811|Person_5812,,house
HH_2263,4 personas,Zarzaquemada,Hogar formado por pareja con hijos en donde algún hijo es menor de 25 años,Hogar formado por pareja con hijos en donde algún hijo es menor de 25 años,4,Person_5813|Person_5814|Person_5815|Person_5816,,apartments
HH_2264,3 personas,Carrascal,Hogar con un solo progenitor que convive con algún hijo menor de 25 años,Hogar con un solo progenitor que convive con algún hijo menor de 25 años,3,Person_5817|Person_5818|Person_5819,,detached
HH_2265,4 personas,Sur,Hogar formado por pareja con hijos en donde algún hijo es menor de 25 años,Hogar formado por pareja con hijos en donde algún hijo es menor de 25 años,4,Person_5820|Person_5821|Person_5822|Person_5823,Getafe norte,city
HH_2266,2 personas,Norte,Hogar formado por pareja sin hijos,Hogar formado por pareja sin hijos,2,Person_5824|Person_5825,Mostoles,city
HH_2267,2 personas,Norte,Hogar formado por pareja sin hijos,Hogar formado por pareja sin hijos,2,Person_5826|Person_5827,,yes
HH_2268,4 personas,Zarzaquemada,Hogar formado por pareja con hijos en donde algún hijo es menor de 25 años,Hogar formado por pareja con hijos en donde algún hijo es menor de 25 años,4,Person_5828|Person_5829|Person_5830|Person_5831,,apartments
HH_2269,2 personas,San Nicasio,Hogar formado por pareja sin hijos,Hogar formado por pareja sin hijos,2,Person_5832|Person_5833,Madrid,city
HH_2270,2 personas,Fortuna,Hogar formado por pareja sin hijos,Hogar formado por pareja sin hijos,2,Person_5834|Person_5835,,terrace
HH_2271,2 personas,Norte,Hogar con un solo progenitor que convive con todos sus hijos de 25 años o más,Hogar con un solo progenitor que convive con todos sus hijos de 25 años o más,2,Person_5836|Person_5837,,apartments
HH_2272,3 personas,Zarzaquemada,Hogar formado por pareja con hijos en donde todos los hijos de 25 años o más,Hogar formado por pareja con hijos en donde todos los hijos de 25 años o más,3,Person_5838|Person_5839|Person_5840,,apartments
HH_2273,1 persona,Zarzaquemada,Hogar con un hombre solo menor de 65 años,Hogar con un hombre solo menor de 65 años,1,Person_5841,,residential
HH_2274,5 o mas personas,San Nicasio,Hogar formado por pareja o un solo progenitor que convive con algún hijo menor de 25 años y otra(s) persona(s),Hogar formado por pareja o un solo progenitor que convive con algún hijo menor de 25 años y otra(s) persona(s),5,Person_5842|Person_5843|Person_5844|Person_5845|Person_5846,Madrid,city
HH_2275,4 personas,Norte,Hogar formado por pareja con hijos en donde algún hijo es menor de 25 años,Hogar formado por pareja con hijos en donde algún hijo es menor de 25 años,4,Person_5847|Person_5848|Person_5849|Person_5850,,apartments
HH_2276,2 personas,Fortuna,Hogar formado por pareja sin hijos,Hogar formado por pareja sin hijos,2,Person_5851|Person_5852,,yes
HH_2277,2 personas,Zarzaquemada,Hogar formado por pareja sin hijos,Hogar formado por pareja sin hijos,2,Person_5853|Person_5854,,apartments
HH_2278,4 personas,San Nicasio,Hogar formado por pareja con hijos en donde todos los hijos de 25 años o más,Hogar formado por pareja con hijos en donde todos los hijos de 25 años o más,4,Person_5855|Person_5856|Person_5857|Person_5858,Fuenlabrada,city
HH_2279,4 personas,Carrascal,Otro tipo de hogar,Otro tipo de hogar,4,Person_5859|Person_5860|Person_5861|Person_5862,,apartments
HH_2280,3 personas,San Nicasio,Hogar formado por pareja con hijos en donde todos los hijos de 25 años o más,Hogar formado por pareja con hijos en donde todos los hijos de 25 años o más,3,Person_5863|Person_5864|Person_5865,,yes
HH_2281,1 persona,Zarzaquemada,Hogar con un hombre solo de 65 años o más,Hogar con un hombre solo de 65 años o más,1,Person_5866,,residential
HH_2282,2 personas,San Nicasio,Hogar formado por pareja sin hijos,Hogar formado por pareja sin hijos,2,Person_5867|Person_5868,,yes
HH_2283,1 persona,Norte,Hogar con una mujer sola de 65 años o más,Hogar con una mujer sola de 65 años o más,1,Person_5869,,apartments
HH_2284,3 personas,Zarzaquemada,Hogar formado por pareja con hijos en donde algún hijo es menor de 25 años,Hogar formado por pareja con hijos en donde algún hijo es menor de 25 años,3,Person_5870|Person_5871|Person_5872,,residential
HH_2285,2 personas,Zarzaquemada,Hogar con un solo progenitor que convive con algún hijo menor de 25 años,Hogar con un solo progenitor que convive con algún hijo menor de 25 años,2,Person_5873|Person_5874,Getafe norte,city
HH_2286,3 personas,Fortuna,Hogar formado por pareja con hijos en donde algún hijo es menor de 25 años,Hogar formado por pareja con hijos en donde algún hijo es menor de 25 años,3,Person_5875|Person_5876|Person_5877,Madrid,city
HH_2287,1 persona,Carrascal,Hogar con una mujer sola de 65 años o más,Hogar con una mujer sola de 65 años o más,1,Person_5878,Madrid,city
HH_2288,3 personas,Zarzaquemada,Hogar formado por pareja con hijos en donde algún hijo es menor de 25 años,Hogar formado por pareja con hijos en donde algún hijo es menor de 25 años,3,Person_5879|Person_5880|Person_5881,,apartments
HH_2289,4 personas,Carrascal,Hogar formado por pareja o un solo progenitor que convive con algún hijo menor de 25 años y otra(s) persona(s),Hogar formado por pareja o un solo progenitor que convive con algún hijo menor de 25 años y otra(s) persona(s),4,Person_5882|Person_5883|Person_5884|Person_5885,,residential
HH_2290,3 personas,Sur,Hogar formado por pareja con hijos en donde algún hijo es menor de 25 años,Hogar formado por pareja con hijos en donde algún hijo es menor de 25 años,3,Person_5886|Person_5887|Person_5888,,yes
HH_2291,3 personas,San Nicasio,Hogar formado por pareja con hijos en donde todos los hijos de 25 años o más,Hogar formado por pareja con hijos en donde todos los hijos de 25 años o más,3,Person_5889|Person_5890|Person_5891,,semidetached_house
HH_2292,1 persona,Carrascal,Hogar con una mujer sola de 65 años o más,Hogar con una mujer sola de 65 años o más,1,Person_5892,Madrid,city
HH_2293,4 personas,Sur,Hogar formado por pareja con hijos en donde algún hijo es menor de 25 años,Hogar formado por pareja con hijos en donde algún hijo es menor de 25 años,4,Person_5893|Person_5894|Person_5895|Person_5896,,apartments
HH_2294,3 personas,Norte,Hogar formado por pareja con hijos en donde algún hijo es menor de 25 años,Hogar formado por pareja con hijos en donde algún hijo es menor de 25 años,3,Person_5897|Person_5898|Person_5899,,yes
HH_2295,5 o mas personas,Polvoranca,Hogar formado por pareja con hijos en donde algún hijo es menor de 25 años,Hogar formado por pareja con hijos en donde algún hijo es menor de 25 años,5,Person_5900|Person_5901|Person_5902|Person_5903|Person_5904,,house
HH_2296,1 persona,Zarzaquemada,Hogar con un hombre solo menor de 65 años,Hogar con un hombre solo menor de 65 años,1,Person_5905,Madrid,city
HH_2297,1 persona,Carrascal,Hogar con una mujer sola de 65 años o más,Hogar con una mujer sola de 65 años o más,1,Person_5906,,detached
HH_2298,3 personas,Carrascal,Hogar formado por pareja con hijos en donde algún hijo es menor de 25 años,Hogar formado por pareja con hijos en donde algún hijo es menor de 25 años,3,Person_5907|Person_5908|Person_5909,,yes
HH_2299,3 personas,Polvoranca,Hogar formado por pareja con hijos en donde algún hijo es menor de 25 años,Hogar formado por pareja con hijos en donde algún hijo es menor de 25 años,3,Person_5910|Person_5911|Person_5912,,yes
HH_2300,1 persona,Polvoranca,Hogar con una mujer sola de 65 años o más,Hogar con una mujer sola de 65 años o más,1,Person_5913,,yes
HH_2301,4 personas,San Nicasio,Hogar formado por pareja con hijos en donde algún hijo es menor de 25 años,Hogar formado por pareja con hijos en donde algún hijo es menor de 25 años,4,Person_5914|Person_5915|Person_5916|Person_5917,,residential
HH_2302,2 personas,Zarzaquemada,Hogar formado por pareja sin hijos,Hogar formado por pareja sin hijos,2,Person_5918|Person_5919,Fuenlabrada,city
HH_2303,2 personas,Zarzaquemada,Hogar formado por pareja sin hijos,Hogar formado por pareja sin hijos,2,Person_5920|Person_5921,,residential
HH_2304,4 personas,Carrascal,Hogar formado por pareja con hijos en donde algún hijo es menor de 25 años,Hogar formado por pareja con hijos en donde algún hijo es menor de 25 años,4,Person_5922|Person_5923|Person_5924|Person_5925,,apartments
HH_2305,3 personas,San Nicasio,Hogar formado por pareja con hijos en donde todos los hijos de 25 años o más,Hogar formado por pareja con hijos en donde todos los hijos de 25 años o más,3,Person_5926|Person_5927|Person_5928,,semidetached_house
HH_2306,4 personas,Zarzaquemada,Hogar formado por pareja con hijos en donde algún hijo es menor de 25 años,Hogar formado por pareja con hijos en donde algún hijo es menor de 25 años,4,Person_5929|Person_5930|Person_5931|Person_5932,,apartments
HH_2307,4 personas,San Nicasio,Hogar formado por pareja con hijos en donde algún hijo es menor de 25 años,Hogar formado por pareja con hijos en donde algún hijo es menor de 25 años,4,Person_5933|Person_5934|Person_5935|Person_5936,Mostoles,city
HH_2308,1 persona,Zarzaquemada,Hogar con una mujer sola menor de 65 años,Hogar con una mujer sola menor de 65 años,1,Person_5937,,residential
HH_2309,2 personas,Sur,Hogar formado por pareja sin hijos,Hogar formado por pareja sin hijos,2,Person_5938|Person_5939,Getafe norte,city
HH_2310,2 personas,Carrascal,Otro tipo de hogar,Otro tipo de hogar,2,Person_5940|Person_5941,,apartments
HH_2311,2 personas,Fortuna,Hogar formado por pareja sin hijos,Hogar formado por pareja sin hijos,2,Person_5942|Person_5943,,yes
HH_2312,2 personas,Carrascal,Hogar formado por pareja sin hijos,Hogar formado por pareja sin hijos,2,Person_5944|Person_5945,,yes
HH_2313,4 personas,Zarzaquemada,Hogar formado por pareja o un solo progenitor que convive con algún hijo menor de 25 años y otra(s) persona(s),Hogar formado por pareja o un solo progenitor que convive con algún hijo menor de 25 años y otra(s) persona(s),4,Person_5946|Person_5947|Person_5948|Person_5949,,apartments
HH_2314,2 personas,Zarzaquemada,Hogar con un solo progenitor que convive con algún hijo menor de 25 años,Hogar con un solo progenitor que convive con algún hijo menor de 25 años,2,Person_5950|Person_5951,Madrid,city
HH_2315,3 personas,Carrascal,Hogar formado por pareja con hijos en donde todos los hijos de 25 años o más,Hogar formado por pareja con hijos en donde todos los hijos de 25 años o más,3,Person_5952|Person_5953|Person_5954,,yes
HH_2316,1 persona,Zarzaquemada,Hogar con una mujer sola de 65 años o más,Hogar con una mujer sola de 65 años o más,1,Person_5955,,yes
HH_2317,1 persona,Sur,Hogar con un hombre solo menor de 65 años,Hogar con un hombre solo menor de 65 años,1,Person_5956,Getafe norte,city
HH_2318,2 personas,Sur,Hogar formado por pareja sin hijos,Hogar formado por pareja sin hijos,2,Person_5957|Person_5958,Madrid,city
HH_2319,3 personas,Carrascal,Hogar formado por pareja con hijos en donde todos los hijos de 25 años o más,Hogar formado por pareja con hijos en donde todos los hijos de 25 años o más,3,Person_5959|Person_5960|Person_5961,,residential
HH_2320,2 personas,San Nicasio,Otro tipo de hogar,Otro tipo de hogar,2,Person_5962|Person_5963,,semidetached_house
HH_2321,3 personas,San Nicasio,Hogar formado por pareja con hijos en donde todos los hijos de 25 años o más,Hogar formado por pareja con hijos en donde todos los hijos de 25 años o más,3,Person_5964|Person_5965|Person_5966,,semidetached_house
HH_2322,1 persona,San Nicasio,Hogar con una mujer sola de 65 años o más,Hogar con una mujer sola de 65 años o más,1,Person_5967,,house
HH_2323,3 personas,Sur,Otro tipo de hogar,Otro tipo de hogar,3,Person_5968|Person_5969|Person_5970,,yes
HH_2324,3 personas,Zarzaquemada,Hogar formado por pareja con hijos en donde todos los hijos de 25 años o más,Hogar formado por pareja con hijos en donde todos los hijos de 25 años o más,3,Person_5971|Person_5972|Person_5973,,residential
HH_2325,4 personas,San Nicasio,Hogar formado por pareja con hijos en donde todos los hijos de 25 años o más,Hogar formado por pareja con hijos en donde todos los hijos de 25 años o más,4,Person_5974|Person_5975|Person_5976|Person_5977,Madrid,city
HH_2326,3 personas,San Nicasio,Hogar formado por pareja con hijos en donde algún hijo es menor de 25 años,Hogar formado por pareja con hijos en donde algún hijo es menor de 25 años,3,Person_5978|Person_5979|Person_5980,,yes
HH_2327,1 persona,San Nicasio,Hogar con una mujer sola de 65 años o más,Hogar con una mujer sola de 65 años o más,1,Person_5981,,yes
HH_2328,4 personas,Zarzaquemada,Hogar formado por pareja con hijos en donde algún hijo es menor de 25 años,Hogar formado por pareja con hijos en donde algún hijo es menor de 25 años,4,Person_5982|Person_5983|Person_5984|Person_5985,,residential
HH_2329,1 persona,Norte,Hogar con una mujer sola menor de 65 años,Hogar con una mujer sola menor de 65 años,1,Person_5986,,yes
HH_2330,3 personas,Sur,Hogar con un solo progenitor que convive con algún hijo menor de 25 años,Hogar con un solo progenitor que convive con algún hijo menor de 25 años,3,Person_5987|Person_5988|Person_5989,,yes
HH_2331,4 personas,Norte,Hogar formado por pareja con hijos en donde algún hijo es menor de 25 años,Hogar formado por pareja con hijos en donde algún hijo es menor de 25 años,4,Person_5990|Person_5991|Person_5992|Person_5993,,yes
HH_2332,2 personas,Carrascal,Otro tipo de hogar,Otro tipo de hogar,2,Person_5994|Person_5995,Madrid,city
HH_2333,1 persona,San Nicasio,Hogar con una mujer sola de 65 años o más,Hogar con una mujer sola de 65 años o más,1,Person_5996,,yes
HH_2334,1 persona,Sur,Hogar con un hombre solo menor de 65 años,Hogar con un hombre solo menor de 65 años,1,Person_5997,,yes
HH_2335,2 personas,Carrascal,Hogar formado por pareja sin hijos,Hogar formado por pareja sin hijos,2,Person_5998|Person_5999,,house
HH_2336,2 personas,Zarzaquemada,Hogar formado por pareja sin hijos,Hogar formado por pareja sin hijos,2,Person_6000|Person_6001,,residential
HH_2337,3 personas,Fortuna,Hogar formado por pareja con hijos en donde algún hijo es menor de 25 años,Hogar formado por pareja con hijos en donde algún hijo es menor de 25 años,3,Person_6002|Person_6003|Person_6004,,yes
HH_2338,1 persona,San Nicasio,Hogar con una mujer sola menor de 65 años,Hogar con una mujer sola menor de 65 años,1,Person_6005,,yes
HH_2339,2 personas,Zarzaquemada,Hogar formado por pareja sin hijos,Hogar formado por pareja sin hijos,2,Person_6006|Person_6007,Teatro Egaleo,yes
HH_2340,2 personas,Sur,Hogar con un solo progenitor que convive con todos sus hijos de 25 años o más,Hogar con un solo progenitor que convive con todos sus hijos de 25 años o más,2,Person_6008|Person_6009,Madrid,city
HH_2341,4 personas,Polvoranca,Hogar formado por pareja con hijos en donde algún hijo es menor de 25 años,Hogar formado por pareja con hijos en donde algún hijo es menor de 25 años,4,Person_6010|Person_6011|Person_6012|Person_6013,Getafe norte,city
HH_2342,2 personas,Zarzaquemada,Hogar formado por pareja sin hijos,Hogar formado por pareja sin hijos,2,Person_6014|Person_6015,,residential
HH_2343,1 persona,Carrascal,Hogar con una mujer sola menor de 65 años,Hogar con una mujer sola menor de 65 años,1,Person_6016,,detached
HH_2344,1 persona,San Nicasio,Hogar con una mujer sola menor de 65 años,Hogar con una mujer sola menor de 65 años,1,Person_6017,,semidetached_house
HH_2345,3 personas,Norte,Hogar formado por pareja con hijos en donde algún hijo es menor de 25 años,Hogar formado por pareja con hijos en donde algún hijo es menor de 25 años,3,Person_6018|Person_6019|Person_6020,Madrid,city
HH_2346,4 personas,San Nicasio,Hogar formado por pareja con hijos en donde todos los hijos de 25 años o más,Hogar formado por pareja con hijos en donde todos los hijos de 25 años o más,4,Person_6021|Person_6022|Person_6023|Person_6024,Madrid,city
HH_2347,3 personas,Carrascal,Hogar formado por pareja con hijos en donde algún hijo es menor de 25 años,Hogar formado por pareja con hijos en donde algún hijo es menor de 25 años,3,Person_6025|Person_6026|Person_6027,,apartments
HH_2348,4 personas,San Nicasio,Hogar formado por pareja con hijos en donde todos los hijos de 25 años o más,Hogar formado por pareja con hijos en donde todos los hijos de 25 años o más,4,Person_6028|Person_6029|Person_6030|Person_6031,,semidetached_house
HH_2349,2 personas,Carrascal,Hogar formado por pareja sin hijos,Hogar formado por pareja sin hijos,2,Person_6032|Person_6033,Mostoles,city
HH_2350,4 personas,Zarzaquemada,Hogar formado por pareja con hijos en donde algún hijo es menor de 25 años,Hogar formado por pareja con hijos en donde algún hijo es menor de 25 años,4,Person_6034|Person_6035|Person_6036|Person_6037,,apartments
HH_2351,4 personas,Sur,Hogar formado por pareja con hijos en donde algún hijo es menor de 25 años,Hogar formado por pareja con hijos en donde algún hijo es menor de 25 años,4,Person_6038|Person_6039|Person_6040|Person_6041,,yes
HH_2352,3 personas,Sur,Hogar formado por pareja con hijos en donde algún hijo es menor de 25 años,Hogar formado por pareja con hijos en donde algún hijo es menor de 25 años,3,Person_6042|Person_6043|Person_6044,,yes
HH_2353,2 personas,Zarzaquemada,Hogar formado por pareja sin hijos,Hogar formado por pareja sin hijos,2,Person_6045|Person_6046,Madrid,city
HH_2354,3 personas,Fortuna,Hogar formado por pareja o un solo progenitor que convive con algún hijo menor de 25 años y otra(s) persona(s),Hogar formado por pareja o un solo progenitor que convive con algún hijo menor de 25 años y otra(s) persona(s),3,Person_6047|Person_6048|Person_6049,Madrid,city
HH_2355,1 persona,San Nicasio,Hogar con un hombre solo menor de 65 años,Hogar con un hombre solo menor de 65 años,1,Person_6050,,house
HH_2356,4 personas,Carrascal,Hogar formado por pareja con hijos en donde algún hijo es menor de 25 años,Hogar formado por pareja con hijos en donde algún hijo es menor de 25 años,4,Person_6051|Person_6052|Person_6053|Person_6054,Mostoles,city
HH_2357,1 persona,Zarzaquemada,Hogar con una mujer sola de 65 años o más,Hogar con una mujer sola de 65 años o más,1,Person_6055,,apartments
HH_2358,3 personas,Polvoranca,Hogar formado por pareja con hijos en donde algún hijo es menor de 25 años,Hogar formado por pareja con hijos en donde algún hijo es menor de 25 años,3,Person_6056|Person_6057|Person_6058,,semidetached_house
HH_2359,2 personas,Carrascal,Hogar con un solo progenitor que convive con algún hijo menor de 25 años,Hogar con un solo progenitor que convive con algún hijo menor de 25 años,2,Person_6059|Person_6060,Mostoles,city
HH_2360,1 persona,Sur,Hogar con una mujer sola menor de 65 años,Hogar con una mujer sola menor de 65 años,1,Person_6061,Getafe norte,city
HH_2361,3 personas,San Nicasio,Hogar formado por pareja con hijos en donde todos los hijos de 25 años o más,Hogar formado por pareja con hijos en donde todos los hijos de 25 años o más,3,Person_6062|Person_6063|Person_6064,,yes
HH_2362,2 personas,San Nicasio,Hogar formado por pareja sin hijos,Hogar formado por pareja sin hijos,2,Person_6065|Person_6066,,semidetached_house
HH_2363,2 personas,Sur,Hogar formado por pareja sin hijos,Hogar formado por pareja sin hijos,2,Person_6067|Person_6068,,yes
HH_2364,1 persona,Norte,Hogar con una mujer sola menor de 65 años,Hogar con una mujer sola menor de 65 años,1,Person_6069,Alcorcon,city
HH_2365,4 personas,Zarzaquemada,Hogar formado por pareja con hijos en donde algún hijo es menor de 25 años,Hogar formado por pareja con hijos en donde algún hijo es menor de 25 años,4,Person_6070|Person_6071|Person_6072|Person_6073,,residential
HH_2366,2 personas,Zarzaquemada,Hogar formado por pareja sin hijos,Hogar formado por pareja sin hijos,2,Person_6074|Person_6075,Madrid,city
HH_2367,4 personas,Zarzaquemada,Hogar formado por pareja con hijos en donde algún hijo es menor de 25 años,Hogar formado por pareja con hijos en donde algún hijo es menor de 25 años,4,Person_6076|Person_6077|Person_6078|Person_6079,Madrid,city
HH_2368,3 personas,Norte,Hogar formado por pareja con hijos en donde algún hijo es menor de 25 años,Hogar formado por pareja con hijos en donde algún hijo es menor de 25 años,3,Person_6080|Person_6081|Person_6082,Getafe norte,city
HH_2369,3 personas,Zarzaquemada,Hogar formado por pareja con hijos en donde algún hijo es menor de 25 años,Hogar formado por pareja con hijos en donde algún hijo es menor de 25 años,3,Person_6083|Person_6084|Person_6085,,apartments
HH_2370,4 personas,Fortuna,Hogar formado por pareja con hijos en donde algún hijo es menor de 25 años,Hogar formado por pareja con hijos en donde algún hijo es menor de 25 años,4,Person_6086|Person_6087|Person_6088|Person_6089,,yes
HH_2371,4 personas,Norte,Hogar formado por pareja con hijos en donde algún hijo es menor de 25 años,Hogar formado por pareja con hijos en donde algún hijo es menor de 25 años,4,Person_6090|Person_6091|Person_6092|Person_6093,Madrid,city
HH_2372,3 personas,Carrascal,Hogar con un solo progenitor que convive con algún hijo menor de 25 años,Hogar con un solo progenitor que convive con algún hijo menor de 25 años,3,Person_6094|Person_6095|Person_6096,,semidetached_house
HH_2373,2 personas,Polvoranca,Hogar con un solo progenitor que convive con todos sus hijos de 25 años o más,Hogar con un solo progenitor que convive con todos sus hijos de 25 años o más,2,Person_6097|Person_6098,Alcorcon,city
HH_2374,3 personas,Polvoranca,Hogar formado por pareja con hijos en donde todos los hijos de 25 años o más,Hogar formado por pareja con hijos en donde todos los hijos de 25 años o más,3,Person_6099|Person_6100|Person_6101,Alcorcon,city
HH_2375,1 persona,Norte,Hogar con un hombre solo menor de 65 años,Hogar con un hombre solo menor de 65 años,1,Person_6102,,yes
HH_2376,1 persona,Norte,Hogar con un hombre solo menor de 65 años,Hogar con un hombre solo menor de 65 años,1,Person_6103,Madrid,city
HH_2377,2 personas,Sur,Hogar con un solo progenitor que convive con todos sus hijos de 25 años o más,Hogar con un solo progenitor que convive con todos sus hijos de 25 años o más,2,Person_6104|Person_6105,,yes
HH_2378,4 personas,Sur,Hogar formado por pareja con hijos en donde algún hijo es menor de 25 años,Hogar formado por pareja con hijos en donde algún hijo es menor de 25 años,4,Person_6106|Person_6107|Person_6108|Person_6109,,yes
HH_2379,3 personas,Zarzaquemada,Hogar formado por pareja con hijos en donde algún hijo es menor de 25 años,Hogar formado por pareja con hijos en donde algún hijo es menor de 25 años,3,Person_6110|Person_6111|Person_6112,Madrid,city
HH_2380,3 personas,Carrascal,Hogar formado por pareja con hijos en donde algún hijo es menor de 25 años,Hogar formado por pareja con hijos en donde algún hijo es menor de 25 años,3,Person_6113|Person_6114|Person_6115,Madrid,city
HH_2381,1 persona,Zarzaquemada,Hogar con una mujer sola de 65 años o más,Hogar con una mujer sola de 65 años o más,1,Person_6116,,yes
HH_2382,2 personas,Polvoranca,Hogar con un solo progenitor que convive con todos sus hijos de 25 años o más,Hogar con un solo progenitor que convive con todos sus hijos de 25 años o más,2,Person_6117|Person_6118,Madrid,city
HH_2383,4 personas,Zarzaquemada,Hogar formado por pareja con hijos en donde algún hijo es menor de 25 años,Hogar formado por pareja con hijos en donde algún hijo es menor de 25 años,4,Person_6119|Person_6120|Person_6121|Person_6122,,apartments
HH_2384,1 persona,San Nicasio,Hogar con un hombre solo menor de 65 años,Hogar con un hombre solo menor de 65 años,1,Person_6123,,apartments
HH_2385,3 personas,Carrascal,Hogar formado por pareja con hijos en donde algún hijo es menor de 25 años,Hogar formado por pareja con hijos en donde algún hijo es menor de 25 años,3,Person_6124|Person_6125|Person_6126,,apartments
HH_2386,4 personas,Carrascal,Hogar formado por pareja con hijos en donde algún hijo es menor de 25 años,Hogar formado por pareja con hijos en donde algún hijo es menor de 25 años,4,Person_6127|Person_6128|Person_6129|Person_6130,Madrid,city
HH_2387,2 personas,Zarzaquemada,Hogar formado por pareja sin hijos,Hogar formado por pareja sin hijos,2,Person_6131|Person_6132,Madrid,city
HH_2388,3 personas,Zarzaquemada,Hogar con un solo progenitor que convive con algún hijo menor de 25 años,Hogar con un solo progenitor que convive con algún hijo menor de 25 años,3,Person_6133|Person_6134|Person_6135,,apartments
HH_2389,2 personas,Zarzaquemada,Hogar con un solo progenitor que convive con algún hijo menor de 25 años,Hogar con un solo progenitor que convive con algún hijo menor de 25 años,2,Person_6136|Person_6137,,residential
HH_2390,4 personas,Polvoranca,Hogar formado por pareja con hijos en donde algún hijo es menor de 25 años,Hogar formado por pareja con hijos en donde algún hijo es menor de 25 años,4,Person_6138|Person_6139|Person_6140|Person_6141,,semidetached_house
HH_2391,4 personas,Fortuna,Hogar formado por pareja con hijos en donde algún hijo es menor de 25 años,Hogar formado por pareja con hijos en donde algún hijo es menor de 25 años,4,Person_6142|Person_6143|Person_6144|Person_6145,,terrace
HH_2392,1 persona,Zarzaquemada,Hogar con una mujer sola menor de 65 años,Hogar con una mujer sola menor de 65 años,1,Person_6146,,apartments
HH_2393,5 o mas personas,Sur,Hogar formado por pareja o un solo progenitor que convive con algún hijo menor de 25 años y otra(s) persona(s),Hogar formado por pareja o un solo progenitor que convive con algún hijo menor de 25 años y otra(s) persona(s),5,Person_6147|Person_6148|Person_6149|Person_6150|Person_6151,,house
HH_2394,2 personas,Zarzaquemada,Hogar formado por pareja sin hijos,Hogar formado por pareja sin hijos,2,Person_6152|Person_6153,,residential
HH_2395,4 personas,San Nicasio,Hogar formado por pareja con hijos en donde algún hijo es menor de 25 años,Hogar formado por pareja con hijos en donde algún hijo es menor de 25 años,4,Person_6154|Person_6155|Person_6156|Person_6157,,yes
HH_2396,1 persona,Norte,Hogar con una mujer sola de 65 años o más,Hogar con una mujer sola de 65 años o más,1,Person_6158,,yes
HH_2397,3 personas,Zarzaquemada,Hogar formado por pareja con hijos en donde algún hijo es menor de 25 años,Hogar formado por pareja con hijos en donde algún hijo es menor de 25 años,3,Person_6159|Person_6160|Person_6161,,residential
HH_2398,4 personas,Zarzaquemada,Hogar formado por pareja con hijos en donde algún hijo es menor de 25 años,Hogar formado por pareja con hijos en donde algún hijo es menor de 25 años,4,Person_6162|Person_6163|Person_6164|Person_6165,Madrid,city
HH_2399,1 persona,Fortuna,Hogar con una mujer sola de 65 años o más,Hogar con una mujer sola de 65 años o más,1,Person_6166,,yes
HH_2400,1 persona,Norte,Hogar con un hombre solo menor de 65 años,Hogar con un hombre solo menor de 65 años,1,Person_6167,,apartments
HH_2401,1 persona,Norte,Hogar con un hombre solo menor de 65 años,Hogar con un hombre solo menor de 65 años,1,Person_6168,Madrid,city
HH_2402,1 persona,Sur,Hogar con una mujer sola de 65 años o más,Hogar con una mujer sola de 65 años o más,1,Person_6169,Madrid,city
HH_2403,3 personas,San Nicasio,Hogar formado por pareja con hijos en donde algún hijo es menor de 25 años,Hogar formado por pareja con hijos en donde algún hijo es menor de 25 años,3,Person_6170|Person_6171|Person_6172,Madrid,city
HH_2404,3 personas,Fortuna,Hogar formado por pareja con hijos en donde todos los hijos de 25 años o más,Hogar formado por pareja con hijos en donde todos los hijos de 25 años o más,3,Person_6173|Person_6174|Person_6175,Madrid,city
HH_2405,5 o mas personas,Zarzaquemada,Hogar formado por pareja o un solo progenitor que convive con algún hijo menor de 25 años y otra(s) persona(s),Hogar formado por pareja o un solo progenitor que convive con algún hijo menor de 25 años y otra(s) persona(s),5,Person_6176|Person_6177|Person_6178|Person_6179|Person_6180,Alcorcon,city
HH_2406,1 persona,Norte,Hogar con una mujer sola de 65 años o más,Hogar con una mujer sola de 65 años o más,1,Person_6181,,apartments
HH_2407,1 persona,Sur,Hogar con una mujer sola de 65 años o más,Hogar con una mujer sola de 65 años o más,1,Person_6182,Fuenlabrada,city
HH_2408,4 personas,San Nicasio,Hogar formado por pareja o un solo progenitor que convive con algún hijo menor de 25 años y otra(s) persona(s),Hogar formado por pareja o un solo progenitor que convive con algún hijo menor de 25 años y otra(s) persona(s),4,Person_6183|Person_6184|Person_6185|Person_6186,,semidetached_house
HH_2409,2 personas,Norte,Hogar formado por pareja sin hijos,Hogar formado por pareja sin hijos,2,Person_6187|Person_6188,,apartments
HH_2410,4 personas,Zarzaquemada,Otro tipo de hogar,Otro tipo de hogar,4,Person_6189|Person_6190|Person_6191|Person_6192,,apartments
HH_2411,5 o mas personas,Norte,Hogar formado por pareja o un solo progenitor que convive con algún hijo menor de 25 años y otra(s) persona(s),Hogar formado por pareja o un solo progenitor que convive con algún hijo menor de 25 años y otra(s) persona(s),5,Person_6193|Person_6194|Person_6195|Person_6196|Person_6197,,yes
HH_2412,1 persona,Polvoranca,Hogar con una mujer sola menor de 65 años,Hogar con una mujer sola menor de 65 años,1,Person_6198,,house
HH_2413,1 persona,Fortuna,Hogar con un hombre solo menor de 65 años,Hogar con un hombre solo menor de 65 años,1,Person_6199,,yes
HH_2414,4 personas,Carrascal,Hogar formado por pareja con hijos en donde algún hijo es menor de 25 años,Hogar formado por pareja con hijos en donde algún hijo es menor de 25 años,4,Person_6200|Person_6201|Person_6202|Person_6203,,house
HH_2415,4 personas,Carrascal,Hogar formado por pareja con hijos en donde todos los hijos de 25 años o más,Hogar formado por pareja con hijos en donde todos los hijos de 25 años o más,4,Person_6204|Person_6205|Person_6206|Person_6207,,house
HH_2416,4 personas,Carrascal,Otro tipo de hogar,Otro tipo de hogar,4,Person_6208|Person_6209|Person_6210|Person_6211,,yes
HH_2417,1 persona,Carrascal,Hogar con una mujer sola de 65 años o más,Hogar con una mujer sola de 65 años o más,1,Person_6212,Madrid,city
HH_2418,3 personas,Fortuna,Hogar con un solo progenitor que convive con algún hijo menor de 25 años,Hogar con un solo progenitor que convive con algún hijo menor de 25 años,3,Person_6213|Person_6214|Person_6215,Getafe norte,city
HH_2419,4 personas,Carrascal,Hogar formado por pareja con hijos en donde algún hijo es menor de 25 años,Hogar formado por pareja con hijos en donde algún hijo es menor de 25 años,4,Person_6216|Person_6217|Person_6218|Person_6219,,apartments
HH_2420,1 persona,Zarzaquemada,Hogar con una mujer sola de 65 años o más,Hogar con una mujer sola de 65 años o más,1,Person_6220,,apartments
HH_2421,5 o mas personas,Zarzaquemada,Hogar formado por pareja con hijos en donde algún hijo es menor de 25 años,Hogar formado por pareja con hijos en donde algún hijo es menor de 25 años,5,Person_6221|Person_6222|Person_6223|Person_6224|Person_6225,,apartments
HH_2422,3 personas,Fortuna,Hogar formado por pareja con hijos en donde algún hijo es menor de 25 años,Hogar formado por pareja con hijos en donde algún hijo es menor de 25 años,3,Person_6226|Person_6227|Person_6228,Fuenlabrada,city
HH_2423,5 o mas personas,San Nicasio,Otro tipo de hogar,Otro tipo de hogar,5,Person_6229|Person_6230|Person_6231|Person_6232|Person_6233,,apartments
HH_2424,2 personas,Zarzaquemada,Hogar formado por pareja sin hijos,Hogar formado por pareja sin hijos,2,Person_6234|Person_6235,,residential
HH_2425,3 personas,Zarzaquemada,Hogar formado por pareja con hijos en donde algún hijo es menor de 25 años,Hogar formado por pareja con hijos en donde algún hijo es menor de 25 años,3,Person_6236|Person_6237|Person_6238,Madrid,city
HH_2426,4 personas,Sur,Hogar formado por pareja con hijos en donde algún hijo es menor de 25 años,Hogar formado por pareja con hijos en donde algún hijo es menor de 25 años,4,Person_6239|Person_6240|Person_6241|Person_6242,,yes
HH_2427,4 personas,Norte,Hogar formado por pareja con hijos en donde algún hijo es menor de 25 años,Hogar formado por pareja con hijos en donde algún hijo es menor de 25 años,4,Person_6243|Person_6244|Person_6245|Person_6246,Getafe norte,city
HH_2428,1 persona,Fortuna,Hogar con un hombre solo menor de 65 años,Hogar con un hombre solo menor de 65 años,1,Person_6247,,yes
HH_2429,1 persona,Zarzaquemada,Hogar con un hombre solo menor de 65 años,Hogar con un hombre solo menor de 65 años,1,Person_6248,Madrid,city
HH_2430,4 personas,Sur,Hogar formado por pareja con hijos en donde algún hijo es menor de 25 años,Hogar formado por pareja con hijos en donde algún hijo es menor de 25 años,4,Person_6249|Person_6250|Person_6251|Person_6252,,yes
HH_2431,3 personas,San Nicasio,Hogar formado por pareja con hijos en donde algún hijo es menor de 25 años,Hogar formado por pareja con hijos en donde algún hijo es menor de 25 años,3,Person_6253|Person_6254|Person_6255,,yes
HH_2432,2 personas,Polvoranca,Hogar con un solo progenitor que convive con todos sus hijos de 25 años o más,Hogar con un solo progenitor que convive con todos sus hijos de 25 años o más,2,Person_6256|Person_6257,Madrid,city
HH_2433,3 personas,Sur,Hogar formado por pareja con hijos en donde todos los hijos de 25 años o más,Hogar formado por pareja con hijos en donde todos los hijos de 25 años o más,3,Person_6258|Person_6259|Person_6260,,yes
HH_2434,2 personas,Fortuna,Hogar con un solo progenitor que convive con algún hijo menor de 25 años,Hogar con un solo progenitor que convive con algún hijo menor de 25 años,2,Person_6261|Person_6262,,yes
HH_2435,2 personas,Sur,Hogar formado por pareja sin hijos,Hogar formado por pareja sin hijos,2,Person_6263|Person_6264,,house
HH_2436,4 personas,Fortuna,Hogar formado por pareja con hijos en donde algún hijo es menor de 25 años,Hogar formado por pareja con hijos en donde algún hijo es menor de 25 años,4,Person_6265|Person_6266|Person_6267|Person_6268,Alcorcon,city
HH_2437,1 persona,Zarzaquemada,Hogar con una mujer sola menor de 65 años,Hogar con una mujer sola menor de 65 años,1,Person_6269,,residential
HH_2438,4 personas,Norte,Hogar formado por pareja con hijos en donde algún hijo es menor de 25 años,Hogar formado por pareja con hijos en donde algún hijo es menor de 25 años,4,Person_6270|Person_6271|Person_6272|Person_6273,,yes
HH_2439,2 personas,San Nicasio,Otro tipo de hogar,Otro tipo de hogar,2,Person_6274|Person_6275,,semidetached_house
HH_2440,5 o mas personas,Carrascal,Hogar formado por pareja o un solo progenitor que convive con algún hijo menor de 25 años y otra(s) persona(s),Hogar formado por pareja o un solo progenitor que convive con algún hijo menor de 25 años y otra(s) persona(s),5,Person_6276|Person_6277|Person_6278|Person_6279|Person_6280,,house
HH_2441,2 personas,Norte,Hogar formado por pareja sin hijos,Hogar formado por pareja sin hijos,2,Person_6281|Person_6282,,apartments
HH_2442,2 personas,Carrascal,Otro tipo de hogar,Otro tipo de hogar,2,Person_6283|Person_6284,Madrid,city
HH_2443,1 persona,Carrascal,Hogar con un hombre solo menor de 65 años,Hogar con un hombre solo menor de 65 años,1,Person_6285,,yes
HH_2444,1 persona,Sur,Hogar con una mujer sola de 65 años o más,Hogar con una mujer sola de 65 años o más,1,Person_6286,Madrid,city
HH_2445,2 personas,Norte,Hogar con un solo progenitor que convive con todos sus hijos de 25 años o más,Hogar con un solo progenitor que convive con todos sus hijos de 25 años o más,2,Person_6287|Person_6288,,apartments
HH_2446,3 personas,Sur,Otro tipo de hogar,Otro tipo de hogar,3,Person_6289|Person_6290|Person_6291,,yes
HH_2447,1 persona,San Nicasio,Hogar con un hombre solo menor de 65 años,Hogar con un hombre solo menor de 65 años,1,Person_6292,,semidetached_house
HH_2448,2 personas,Zarzaquemada,Hogar formado por pareja sin hijos,Hogar formado por pareja sin hijos,2,Person_6293|Person_6294,Madrid,city
HH_2449,3 personas,Zarzaquemada,Hogar formado por pareja con hijos en donde algún hijo es menor de 25 años,Hogar formado por pareja con hijos en donde algún hijo es menor de 25 años,3,Person_6295|Person_6296|Person_6297,,residential
HH_2450,1 persona,Sur,Hogar con una mujer sola de 65 años o más,Hogar con una mujer sola de 65 años o más,1,Person_6298,,residential
HH_2451,4 personas,San Nicasio,Hogar formado por pareja con hijos en donde algún hijo es menor de 25 años,Hogar formado por pareja con hijos en donde algún hijo es menor de 25 años,4,Person_6299|Person_6300|Person_6301|Person_6302,,semidetached_house
HH_2452,3 personas,San Nicasio,Hogar formado por pareja con hijos en donde algún hijo es menor de 25 años,Hogar formado por pareja con hijos en donde algún hijo es menor de 25 años,3,Person_6303|Person_6304|Person_6305,Alcorcon,city
HH_2453,2 personas,Carrascal,Hogar con un solo progenitor que convive con algún hijo menor de 25 años,Hogar con un solo progenitor que convive con algún hijo menor de 25 años,2,Person_6306|Person_6307,,semidetached_house
HH_2454,2 personas,Polvoranca,Hogar formado por pareja sin hijos,Hogar formado por pareja sin hijos,2,Person_6308|Person_6309,,house
HH_2455,2 personas,Zarzaquemada,Hogar formado por pareja sin hijos,Hogar formado por pareja sin hijos,2,Person_6310|Person_6311,,residential
HH_2456,2 personas,Norte,Hogar formado por pareja sin hijos,Hogar formado por pareja sin hijos,2,Person_6312|Person_6313,Madrid,city
HH_2457,3 personas,San Nicasio,Hogar con un solo progenitor que convive con algún hijo menor de 25 años,Hogar con un solo progenitor que convive con algún hijo menor de 25 años,3,Person_6314|Person_6315|Person_6316,,semidetached_house
HH_2458,4 personas,Zarzaquemada,Hogar formado por pareja con hijos en donde algún hijo es menor de 25 años,Hogar formado por pareja con hijos en donde algún hijo es menor de 25 años,4,Person_6317|Person_6318|Person_6319|Person_6320,Hotel de Asociaciones,yes
HH_2459,1 persona,Fortuna,Hogar con un hombre solo menor de 65 años,Hogar con un hombre solo menor de 65 años,1,Person_6321,,yes
HH_2460,2 personas,Fortuna,Hogar formado por pareja sin hijos,Hogar formado por pareja sin hijos,2,Person_6322|Person_6323,Madrid,city
HH_2461,2 personas,Zarzaquemada,Hogar formado por pareja sin hijos,Hogar formado por pareja sin hijos,2,Person_6324|Person_6325,Madrid,city
HH_2462,4 personas,Sur,Hogar formado por pareja con hijos en donde algún hijo es menor de 25 años,Hogar formado por pareja con hijos en donde algún hijo es menor de 25 años,4,Person_6326|Person_6327|Person_6328|Person_6329,,apartments
HH_2463,1 persona,Norte,Hogar con una mujer sola menor de 65 años,Hogar con una mujer sola menor de 65 años,1,Person_6330,,yes
HH_2464,1 persona,Sur,Hogar con un hombre solo menor de 65 años,Hogar con un hombre solo menor de 65 años,1,Person_6331,Fuenlabrada,city
HH_2465,4 personas,Zarzaquemada,Hogar formado por pareja con hijos en donde algún hijo es menor de 25 años,Hogar formado por pareja con hijos en donde algún hijo es menor de 25 años,4,Person_6332|Person_6333|Person_6334|Person_6335,Extremadura,city
HH_2466,3 personas,Norte,Hogar formado por pareja con hijos en donde todos los hijos de 25 años o más,Hogar formado por pareja con hijos en donde todos los hijos de 25 años o más,3,Person_6336|Person_6337|Person_6338,,yes
HH_2467,3 personas,Zarzaquemada,Otro tipo de hogar,Otro tipo de hogar,3,Person_6339|Person_6340|Person_6341,,apartments
HH_2468,4 personas,Carrascal,Hogar formado por pareja con hijos en donde algún hijo es menor de 25 años,Hogar formado por pareja con hijos en donde algún hijo es menor de 25 años,4,Person_6342|Person_6343|Person_6344|Person_6345,,detached
HH_2469,5 o mas personas,Zarzaquemada,Hogar formado por pareja o un solo progenitor que convive con algún hijo menor de 25 años y otra(s) persona(s),Hogar formado por pareja o un solo progenitor que convive con algún hijo menor de 25 años y otra(s) persona(s),5,Person_6346|Person_6347|Person_6348|Person_6349|Person_6350,,apartments
HH_2470,3 personas,Sur,Hogar formado por pareja con hijos en donde todos los hijos de 25 años o más,Hogar formado por pareja con hijos en donde todos los hijos de 25 años o más,3,Person_6351|Person_6352|Person_6353,Madrid,city
HH_2471,1 persona,Sur,Hogar con una mujer sola de 65 años o más,Hogar con una mujer sola de 65 años o más,1,Person_6354,,apartments
HH_2472,1 persona,San Nicasio,Hogar con un hombre solo menor de 65 años,Hogar con un hombre solo menor de 65 años,1,Person_6355,Madrid,city
HH_2473,2 personas,San Nicasio,Otro tipo de hogar,Otro tipo de hogar,2,Person_6356|Person_6357,,semidetached_house
HH_2474,4 personas,Norte,Hogar formado por pareja con hijos en donde algún hijo es menor de 25 años,Hogar formado por pareja con hijos en donde algún hijo es menor de 25 años,4,Person_6358|Person_6359|Person_6360|Person_6361,,apartments
HH_2475,4 personas,Sur,Hogar formado por pareja con hijos en donde algún hijo es menor de 25 años,Hogar formado por pareja con hijos en donde algún hijo es menor de 25 años,4,Person_6362|Person_6363|Person_6364|Person_6365,Madrid,city
HH_2476,1 persona,Fortuna,Hogar con una mujer sola menor de 65 años,Hogar con una mujer sola menor de 65 años,1,Person_6366,,yes
HH_2477,4 personas,Carrascal,Hogar formado por pareja con hijos en donde algún hijo es menor de 25 años,Hogar formado por pareja con hijos en donde algún hijo es menor de 25 años,4,Person_6367|Person_6368|Person_6369|Person_6370,Getafe norte,city
HH_2478,5 o mas personas,Sur,Hogar formado por pareja con hijos en donde algún hijo es menor de 25 años,Hogar formado por pareja con hijos en donde algún hijo es menor de 25 años,5,Person_6371|Person_6372|Person_6373|Person_6374|Person_6375,,yes
HH_2479,5 o mas personas,Sur,Hogar formado por pareja con hijos en donde algún hijo es menor de 25 años,Hogar formado por pareja con hijos en donde algún hijo es menor de 25 años,5,Person_6376|Person_6377|Person_6378|Person_6379|Person_6380,,yes
HH_2480,2 personas,Zarzaquemada,Hogar formado por pareja sin hijos,Hogar formado por pareja sin hijos,2,Person_6381|Person_6382,,yes
HH_2481,4 personas,Fortuna,Hogar formado por pareja con hijos en donde algún hijo es menor de 25 años,Hogar formado por pareja con hijos en donde algún hijo es menor de 25 años,4,Person_6383|Person_6384|Person_6385|Person_6386,,semidetached_house
HH_2482,1 persona,Carrascal,Hogar con una mujer sola de 65 años o más,Hogar con una mujer sola de 65 años o más,1,Person_6387,,apartments
HH_2483,4 personas,San Nicasio,Hogar formado por pareja con hijos en donde algún hijo es menor de 25 años,Hogar formado por pareja con hijos en donde algún hijo es menor de 25 años,4,Person_6388|Person_6389|Person_6390|Person_6391,,semidetached_house
HH_2484,2 personas,Carrascal,Hogar formado por pareja sin hijos,Hogar formado por pareja sin hijos,2,Person_6392|Person_6393,Fuenlabrada,city
HH_2485,3 personas,Zarzaquemada,Hogar formado por pareja con hijos en donde algún hijo es menor de 25 años,Hogar formado por pareja con hijos en donde algún hijo es menor de 25 años,3,Person_6394|Person_6395|Person_6396,,residential
HH_2486,5 o mas personas,Zarzaquemada,Hogar formado por pareja o un solo progenitor que convive con algún hijo menor de 25 años y otra(s) persona(s),Hogar formado por pareja o un solo progenitor que convive con algún hijo menor de 25 años y otra(s) persona(s),5,Person_6397|Person_6398|Person_6399|Person_6400|Person_6401,,apartments
HH_2487,1 persona,Norte,Hogar con un hombre solo menor de 65 años,Hogar con un hombre solo menor de 65 años,1,Person_6402,,yes
HH_2488,1 persona,Zarzaquemada,Hogar con un hombre solo de 65 años o más,Hogar con un hombre solo de 65 años o más,1,Person_6403,,residential
HH_2489,5 o mas personas,Norte,Hogar formado por pareja con hijos en donde algún hijo es menor de 25 años,Hogar formado por pareja con hijos en donde algún hijo es menor de 25 años,5,Person_6404|Person_6405|Person_6406|Person_6407|Person_6408,Fuenlabrada,city
HH_2490,2 personas,San Nicasio,Hogar con un solo progenitor que convive con todos sus hijos de 25 años o más,Hogar con un solo progenitor que convive con todos sus hijos de 25 años o más,2,Person_6409|Person_6410,,house
HH_2491,3 personas,Polvoranca,Hogar formado por pareja con hijos en donde algún hijo es menor de 25 años,Hogar formado por pareja con hijos en donde algún hijo es menor de 25 años,3,Person_6411|Person_6412|Person_6413,Madrid,city
HH_2492,2 personas,Carrascal,Hogar formado por pareja sin hijos,Hogar formado por pareja sin hijos,2,Person_6414|Person_6415,Getafe norte,city
HH_2493,4 personas,Zarzaquemada,Hogar formado por pareja con hijos en donde algún hijo es menor de 25 años,Hogar formado por pareja con hijos en donde algún hijo es menor de 25 años,4,Person_6416|Person_6417|Person_6418|Person_6419,,apartments
HH_2494,1 persona,Carrascal,Hogar con un hombre solo menor de 65 años,Hogar con un hombre solo menor de 65 años,1,Person_6420,Madrid,city
HH_2495,3 personas,Carrascal,Hogar formado por pareja con hijos en donde algún hijo es menor de 25 años,Hogar formado por pareja con hijos en donde algún hijo es menor de 25 años,3,Person_6421|Person_6422|Person_6423,,semidetached_house
HH_2496,4 personas,Fortuna,Hogar formado por pareja con hijos en donde algún hijo es menor de 25 años,Hogar formado por pareja con hijos en donde algún hijo es menor de 25 años,4,Person_6424|Person_6425|Person_6426|Person_6427,Fuenlabrada,city
HH_2497,2 personas,Sur,Hogar formado por pareja sin hijos,Hogar formado por pareja sin hijos,2,Person_6428|Person_6429,Madrid,city
HH_2498,4 personas,Norte,Hogar formado por pareja con hijos en donde algún hijo es menor de 25 años,Hogar formado por pareja con hijos en donde algún hijo es menor de 25 años,4,Person_6430|Person_6431|Person_6432|Person_6433,,apartments
HH_2499,5 o mas personas,San Nicasio,Hogar formado por pareja con hijos en donde algún hijo es menor de 25 años,Hogar formado por pareja con hijos en donde algún hijo es menor de 25 años,5,Person_6434|Person_6435|Person_6436|Person_6437|Person_6438,,semidetached_house
HH_2500,4 personas,Carrascal,Hogar formado por pareja con hijos en donde algún hijo es menor de 25 años,Hogar formado por pareja con hijos en donde algún hijo es menor de 25 años,4,Person_6439|Person_6440|Person_6441|Person_6442,,detached
HH_2501,1 persona,Carrascal,Hogar con una mujer sola de 65 años o más,Hogar con una mujer sola de 65 años o más,1,Person_6443,,house
HH_2502,4 personas,Zarzaquemada,Hogar formado por pareja con hijos en donde algún hijo es menor de 25 años,Hogar formado por pareja con hijos en donde algún hijo es menor de 25 años,4,Person_6444|Person_6445|Person_6446|Person_6447,,apartments
HH_2503,1 persona,Zarzaquemada,Hogar con un hombre solo menor de 65 años,Hogar con un hombre solo menor de 65 años,1,Person_6448,Madrid,city
HH_2504,3 personas,Zarzaquemada,Hogar con un solo progenitor que convive con algún hijo menor de 25 años,Hogar con un solo progenitor que convive con algún hijo menor de 25 años,3,Person_6449|Person_6450|Person_6451,Getafe norte,city
HH_2505,5 o mas personas,Carrascal,Hogar formado por pareja con hijos en donde algún hijo es menor de 25 años,Hogar formado por pareja con hijos en donde algún hijo es menor de 25 años,5,Person_6452|Person_6453|Person_6454|Person_6455|Person_6456,,apartments
HH_2506,5 o mas personas,Zarzaquemada,Hogar formado por pareja o un solo progenitor que convive con algún hijo menor de 25 años y otra(s) persona(s),Hogar formado por pareja o un solo progenitor que convive con algún hijo menor de 25 años y otra(s) persona(s),5,Person_6457|Person_6458|Person_6459|Person_6460|Person_6461,,residential
HH_2507,2 personas,Zarzaquemada,Hogar formado por pareja sin hijos,Hogar formado por pareja sin hijos,2,Person_6462|Person_6463,,apartments
HH_2508,3 personas,Sur,Hogar formado por pareja con hijos en donde todos los hijos de 25 años o más,Hogar formado por pareja con hijos en donde todos los hijos de 25 años o más,3,Person_6464|Person_6465|Person_6466,,apartments
HH_2509,3 personas,Carrascal,Hogar formado por pareja con hijos en donde todos los hijos de 25 años o más,Hogar formado por pareja con hijos en donde todos los hijos de 25 años o más,3,Person_6467|Person_6468|Person_6469,Madrid,city
HH_2510,2 personas,Zarzaquemada,Hogar formado por pareja sin hijos,Hogar formado por pareja sin hijos,2,Person_6470|Person_6471,,residential
HH_2511,3 personas,Sur,Otro tipo de hogar,Otro tipo de hogar,3,Person_6472|Person_6473|Person_6474,,yes
HH_2512,3 personas,Sur,Hogar formado por pareja o un solo progenitor que convive con algún hijo menor de 25 años y otra(s) persona(s),Hogar formado por pareja o un solo progenitor que convive con algún hijo menor de 25 años y otra(s) persona(s),3,Person_6475|Person_6476|Person_6477,,yes
HH_2513,2 personas,Sur,Hogar formado por pareja sin hijos,Hogar formado por pareja sin hijos,2,Person_6478|Person_6479,,residential
HH_2514,1 persona,Zarzaquemada,Hogar con una mujer sola de 65 años o más,Hogar con una mujer sola de 65 años o más,1,Person_6480,,apartments
HH_2515,1 persona,Zarzaquemada,Hogar con un hombre solo menor de 65 años,Hogar con un hombre solo menor de 65 años,1,Person_6481,,apartments
HH_2516,5 o mas personas,San Nicasio,Hogar formado por pareja o un solo progenitor que convive con algún hijo menor de 25 años y otra(s) persona(s),Hogar formado por pareja o un solo progenitor que convive con algún hijo menor de 25 años y otra(s) persona(s),5,Person_6482|Person_6483|Person_6484|Person_6485|Person_6486,Mostoles,city
HH_2517,3 personas,Zarzaquemada,Hogar con un solo progenitor que convive con algún hijo menor de 25 años,Hogar con un solo progenitor que convive con algún hijo menor de 25 años,3,Person_6487|Person_6488|Person_6489,,apartments
HH_2518,4 personas,Norte,Hogar formado por pareja con hijos en donde algún hijo es menor de 25 años,Hogar formado por pareja con hijos en donde algún hijo es menor de 25 años,4,Person_6490|Person_6491|Person_6492|Person_6493,,yes
HH_2519,4 personas,Norte,Hogar formado por pareja con hijos en donde algún hijo es menor de 25 años,Hogar formado por pareja con hijos en donde algún hijo es menor de 25 años,4,Person_6494|Person_6495|Person_6496|Person_6497,Madrid,city
HH_2520,1 persona,Zarzaquemada,Hogar con un hombre solo menor de 65 años,Hogar con un hombre solo menor de 65 años,1,Person_6498,Madrid,city
HH_2521,2 personas,Zarzaquemada,Hogar con un solo progenitor que convive con todos sus hijos de 25 años o más,Hogar con un solo progenitor que convive con todos sus hijos de 25 años o más,2,Person_6499|Person_6500,Madrid,city
HH_2522,1 persona,San Nicasio,Hogar con un hombre solo menor de 65 años,Hogar con un hombre solo menor de 65 años,1,Person_6501,,semidetached_house
HH_2523,2 personas,Carrascal,Hogar formado por pareja sin hijos,Hogar formado por pareja sin hijos,2,Person_6502|Person_6503,,yes
HH_2524,1 persona,San Nicasio,Hogar con un hombre solo menor de 65 años,Hogar con un hombre solo menor de 65 años,1,Person_6504,,house
HH_2525,4 personas,Carrascal,Hogar formado por pareja con hijos en donde algún hijo es menor de 25 años,Hogar formado por pareja con hijos en donde algún hijo es menor de 25 años,4,Person_6505|Person_6506|Person_6507|Person_6508,,house
HH_2526,2 personas,Zarzaquemada,Hogar formado por pareja sin hijos,Hogar formado por pareja sin hijos,2,Person_6509|Person_6510,Madrid,city
HH_2527,2 personas,Sur,Hogar formado por pareja sin hijos,Hogar formado por pareja sin hijos,2,Person_6511|Person_6512,,yes
HH_2528,2 personas,Polvoranca,Hogar con un solo progenitor que convive con todos sus hijos de 25 años o más,Hogar con un solo progenitor que convive con todos sus hijos de 25 años o más,2,Person_6513|Person_6514,,house
HH_2529,1 persona,Carrascal,Hogar con un hombre solo menor de 65 años,Hogar con un hombre solo menor de 65 años,1,Person_6515,Madrid,city
HH_2530,2 personas,Carrascal,Hogar formado por pareja sin hijos,Hogar formado por pareja sin hijos,2,Person_6516|Person_6517,Fuenlabrada,city
HH_2531,2 personas,Zarzaquemada,Hogar con un solo progenitor que convive con todos sus hijos de 25 años o más,Hogar con un solo progenitor que convive con todos sus hijos de 25 años o más,2,Person_6518|Person_6519,,residential
HH_2532,4 personas,Carrascal,Hogar formado por pareja con hijos en donde algún hijo es menor de 25 años,Hogar formado por pareja con hijos en donde algún hijo es menor de 25 años,4,Person_6520|Person_6521|Person_6522|Person_6523,Fuenlabrada,city
HH_2533,3 personas,Zarzaquemada,Hogar formado por pareja con hijos en donde algún hijo es menor de 25 años,Hogar formado por pareja con hijos en donde algún hijo es menor de 25 años,3,Person_6524|Person_6525|Person_6526,,residential
HH_2534,1 persona,Sur,Hogar con un hombre solo menor de 65 años,Hogar con un hombre solo menor de 65 años,1,Person_6527,,apartments
HH_2535,1 persona,Polvoranca,Hogar con un hombre solo de 65 años o más,Hogar con un hombre solo de 65 años o más,1,Person_6528,,yes
HH_2536,4 personas,Sur,Hogar formado por pareja con hijos en donde algún hijo es menor de 25 años,Hogar formado por pareja con hijos en donde algún hijo es menor de 25 años,4,Person_6529|Person_6530|Person_6531|Person_6532,,yes
HH_2537,3 personas,Fortuna,Hogar con un solo progenitor que convive con algún hijo menor de 25 años,Hogar con un solo progenitor que convive con algún hijo menor de 25 años,3,Person_6533|Person_6534|Person_6535,,yes
HH_2538,1 persona,San Nicasio,Hogar con un hombre solo menor de 65 años,Hogar con un hombre solo menor de 65 años,1,Person_6536,,semidetached_house
HH_2539,1 persona,Zarzaquemada,Hogar con una mujer sola de 65 años o más,Hogar con una mujer sola de 65 años o más,1,Person_6537,Madrid,city
HH_2540,2 personas,Polvoranca,Hogar con un solo progenitor que convive con algún hijo menor de 25 años,Hogar con un solo progenitor que convive con algún hijo menor de 25 años,2,Person_6538|Person_6539,,house
HH_2541,2 personas,Fortuna,Hogar formado por pareja sin hijos,Hogar formado por pareja sin hijos,2,Person_6540|Person_6541,,yes
HH_2542,5 o mas personas,Sur,Hogar formado por pareja con hijos en donde algún hijo es menor de 25 años,Hogar formado por pareja con hijos en donde algún hijo es menor de 25 años,5,Person_6542|Person_6543|Person_6544|Person_6545|Person_6546,,yes
HH_2543,2 personas,Zarzaquemada,Hogar formado por pareja sin hijos,Hogar formado por pareja sin hijos,2,Person_6547|Person_6548,,residential
HH_2544,3 personas,San Nicasio,Hogar formado por pareja con hijos en donde todos los hijos de 25 años o más,Hogar formado por pareja con hijos en donde todos los hijos de 25 años o más,3,Person_6549|Person_6550|Person_6551,,semidetached_house
HH_2545,3 personas,Polvoranca,Hogar formado por pareja con hijos en donde algún hijo es menor de 25 años,Hogar formado por pareja con hijos en donde algún hijo es menor de 25 años,3,Person_6552|Person_6553|Person_6554,Madrid,city
HH_2546,2 personas,Polvoranca,Hogar con un solo progenitor que convive con todos sus hijos de 25 años o más,Hogar con un solo progenitor que convive con todos sus hijos de 25 años o más,2,Person_6555|Person_6556,,semidetached_house
HH_2547,3 personas,Zarzaquemada,Hogar formado por pareja con hijos en donde algún hijo es menor de 25 años,Hogar formado por pareja con hijos en donde algún hijo es menor de 25 años,3,Person_6557|Person_6558|Person_6559,,residential
HH_2548,2 personas,Carrascal,Hogar formado por pareja sin hijos,Hogar formado por pareja sin hijos,2,Person_6560|Person_6561,,house
HH_2549,2 personas,San Nicasio,Hogar formado por pareja sin hijos,Hogar formado por pareja sin hijos,2,Person_6562|Person_6563,,semidetached_house
HH_2550,3 personas,San Nicasio,Hogar formado por pareja con hijos en donde todos los hijos de 25 años o más,Hogar formado por pareja con hijos en donde todos los hijos de 25 años o más,3,Person_6564|Person_6565|Person_6566,,semidetached_house
HH_2551,1 persona,Carrascal,Hogar con una mujer sola menor de 65 años,Hogar con una mujer sola menor de 65 años,1,Person_6567,,apartments
HH_2552,4 personas,Zarzaquemada,Hogar formado por pareja con hijos en donde algún hijo es menor de 25 años,Hogar formado por pareja con hijos en donde algún hijo es menor de 25 años,4,Person_6568|Person_6569|Person_6570|Person_6571,REPALAB,yes
HH_2553,2 personas,Carrascal,Hogar formado por pareja sin hijos,Hogar formado por pareja sin hijos,2,Person_6572|Person_6573,,apartments
HH_2554,3 personas,Sur,Hogar con un solo progenitor que convive con algún hijo menor de 25 años,Hogar con un solo progenitor que convive con algún hijo menor de 25 años,3,Person_6574|Person_6575|Person_6576,,yes
HH_2555,2 personas,Carrascal,Hogar formado por pareja sin hijos,Hogar formado por pareja sin hijos,2,Person_6577|Person_6578,Madrid,city
HH_2556,1 persona,Carrascal,Hogar con un hombre solo menor de 65 años,Hogar con un hombre solo menor de 65 años,1,Person_6579,,semidetached_house
HH_2557,3 personas,Norte,Hogar formado por pareja con hijos en donde algún hijo es menor de 25 años,Hogar formado por pareja con hijos en donde algún hijo es menor de 25 años,3,Person_6580|Person_6581|Person_6582,,apartments
HH_2558,4 personas,Sur,Hogar formado por pareja o un solo progenitor que convive con algún hijo menor de 25 años y otra(s) persona(s),Hogar formado por pareja o un solo progenitor que convive con algún hijo menor de 25 años y otra(s) persona(s),4,Person_6583|Person_6584|Person_6585|Person_6586,Madrid,city
HH_2559,2 personas,Zarzaquemada,Hogar formado por pareja sin hijos,Hogar formado por pareja sin hijos,2,Person_6587|Person_6588,Mostoles,city
HH_2560,4 personas,Zarzaquemada,Otro tipo de hogar,Otro tipo de hogar,4,Person_6589|Person_6590|Person_6591|Person_6592,,residential
HH_2561,4 personas,Sur,Hogar formado por pareja con hijos en donde algún hijo es menor de 25 años,Hogar formado por pareja con hijos en donde algún hijo es menor de 25 años,4,Person_6593|Person_6594|Person_6595|Person_6596,,apartments
HH_2562,2 personas,Norte,Hogar con un solo progenitor que convive con algún hijo menor de 25 años,Hogar con un solo progenitor que convive con algún hijo menor de 25 años,2,Person_6597|Person_6598,,residential
HH_2563,2 personas,San Nicasio,Hogar formado por pareja sin hijos,Hogar formado por pareja sin hijos,2,Person_6599|Person_6600,,semidetached_house
HH_2564,2 personas,Sur,Otro tipo de hogar,Otro tipo de hogar,2,Person_6601|Person_6602,,house
HH_2565,4 personas,Sur,Hogar formado por pareja con hijos en donde todos los hijos de 25 años o más,Hogar formado por pareja con hijos en donde todos los hijos de 25 años o más,4,Person_6603|Person_6604|Person_6605|Person_6606,,yes
HH_2566,2 personas,Zarzaquemada,Hogar formado por pareja sin hijos,Hogar formado por pareja sin hijos,2,Person_6607|Person_6608,Fuenlabrada,city
HH_2567,3 personas,Fortuna,Hogar formado por pareja con hijos en donde algún hijo es menor de 25 años,Hogar formado por pareja con hijos en donde algún hijo es menor de 25 años,3,Person_6609|Person_6610|Person_6611,,yes
HH_2568,4 personas,Norte,Hogar formado por pareja con hijos en donde algún hijo es menor de 25 años,Hogar formado por pareja con hijos en donde algún hijo es menor de 25 años,4,Person_6612|Person_6613|Person_6614|Person_6615,Madrid,city
HH_2569,2 personas,Norte,Hogar formado por pareja sin hijos,Hogar formado por pareja sin hijos,2,Person_6616|Person_6617,,apartments
HH_2570,2 personas,Carrascal,Hogar formado por pareja sin hijos,Hogar formado por pareja sin hijos,2,Person_6618|Person_6619,,house
HH_2571,3 personas,Carrascal,Hogar formado por pareja con hijos en donde algún hijo es menor de 25 años,Hogar formado por pareja con hijos en donde algún hijo es menor de 25 años,3,Person_6620|Person_6621|Person_6622,,detached
HH_2572,1 persona,Zarzaquemada,Hogar con una mujer sola de 65 años o más,Hogar con una mujer sola de 65 años o más,1,Person_6623,Fuenlabrada,city
HH_2573,2 personas,Norte,Hogar formado por pareja sin hijos,Hogar formado por pareja sin hijos,2,Person_6624|Person_6625,Madrid,city
HH_2574,1 persona,Polvoranca,Hogar con una mujer sola de 65 años o más,Hogar con una mujer sola de 65 años o más,1,Person_6626,,semidetached_house
HH_2575,1 persona,Zarzaquemada,Hogar con una mujer sola de 65 años o más,Hogar con una mujer sola de 65 años o más,1,Person_6627,,residential
HH_2576,2 personas,San Nicasio,Hogar con un solo progenitor que convive con todos sus hijos de 25 años o más,Hogar con un solo progenitor que convive con todos sus hijos de 25 años o más,2,Person_6628|Person_6629,,house
HH_2577,4 personas,Norte,Hogar formado por pareja con hijos en donde algún hijo es menor de 25 años,Hogar formado por pareja con hijos en donde algún hijo es menor de 25 años,4,Person_6630|Person_6631|Person_6632|Person_6633,,apartments
HH_2578,2 personas,San Nicasio,Hogar formado por pareja sin hijos,Hogar formado por pareja sin hijos,2,Person_6634|Person_6635,,yes
HH_2579,4 personas,Zarzaquemada,Hogar formado por pareja con hijos en donde algún hijo es menor de 25 años,Hogar formado por pareja con hijos en donde algún hijo es menor de 25 años,4,Person_6636|Person_6637|Person_6638|Person_6639,,apartments
HH_2580,2 personas,Zarzaquemada,Hogar formado por pareja sin hijos,Hogar formado por pareja sin hijos,2,Person_6640|Person_6641,,yes
HH_2581,5 o mas personas,Norte,Hogar formado por pareja o un solo progenitor que convive con algún hijo menor de 25 años y otra(s) persona(s),Hogar formado por pareja o un solo progenitor que convive con algún hijo menor de 25 años y otra(s) persona(s),5,Person_6642|Person_6643|Person_6644|Person_6645|Person_6646,Madrid,city
HH_2582,1 persona,San Nicasio,Hogar con un hombre solo de 65 años o más,Hogar con un hombre solo de 65 años o más,1,Person_6647,,house
HH_2583,3 personas,Fortuna,Hogar formado por pareja con hijos en donde todos los hijos de 25 años o más,Hogar formado por pareja con hijos en donde todos los hijos de 25 años o más,3,Person_6648|Person_6649|Person_6650,,semidetached_house
HH_2584,3 personas,Zarzaquemada,Hogar formado por pareja con hijos en donde todos los hijos de 25 años o más,Hogar formado por pareja con hijos en donde todos los hijos de 25 años o más,3,Person_6651|Person_6652|Person_6653,Madrid,city
HH_2585,3 personas,Zarzaquemada,Hogar formado por pareja con hijos en donde algún hijo es menor de 25 años,Hogar formado por pareja con hijos en donde algún hijo es menor de 25 años,3,Person_6654|Person_6655|Person_6656,Alcorcon,city
HH_2586,4 personas,Polvoranca,Hogar formado por pareja con hijos en donde algún hijo es menor de 25 años,Hogar formado por pareja con hijos en donde algún hijo es menor de 25 años,4,Person_6657|Person_6658|Person_6659|Person_6660,,semidetached_house
HH_2587,1 persona,Polvoranca,Hogar con una mujer sola menor de 65 años,Hogar con una mujer sola menor de 65 años,1,Person_6661,,semidetached_house
HH_2588,3 personas,Zarzaquemada,Hogar formado por pareja con hijos en donde algún hijo es menor de 25 años,Hogar formado por pareja con hijos en donde algún hijo es menor de 25 años,3,Person_6662|Person_6663|Person_6664,,residential
HH_2589,3 personas,Norte,Hogar formado por pareja con hijos en donde todos los hijos de 25 años o más,Hogar formado por pareja con hijos en donde todos los hijos de 25 años o más,3,Person_6665|Person_6666|Person_6667,,apartments
HH_2590,3 personas,San Nicasio,Hogar con un solo progenitor que convive con algún hijo menor de 25 años,Hogar con un solo progenitor que convive con algún hijo menor de 25 años,3,Person_6668|Person_6669|Person_6670,,yes
HH_2591,3 personas,Fortuna,Hogar formado por pareja con hijos en donde algún hijo es menor de 25 años,Hogar formado por pareja con hijos en donde algún hijo es menor de 25 años,3,Person_6671|Person_6672|Person_6673,,yes
HH_2592,2 personas,Sur,Hogar formado por pareja sin hijos,Hogar formado por pareja sin hijos,2,Person_6674|Person_6675,,yes
HH_2593,1 persona,San Nicasio,Hogar con una mujer sola de 65 años o más,Hogar con una mujer sola de 65 años o más,1,Person_6676,,semidetached_house
HH_2594,3 personas,Zarzaquemada,Hogar formado por pareja con hijos en donde todos los hijos de 25 años o más,Hogar formado por pareja con hijos en donde todos los hijos de 25 años o más,3,Person_6677|Person_6678|Person_6679,,residential
HH_2595,3 personas,Norte,Hogar formado por pareja o un solo progenitor que convive con algún hijo menor de 25 años y otra(s) persona(s),Hogar formado por pareja o un solo progenitor que convive con algún hijo menor de 25 años y otra(s) persona(s),3,Person_6680|Person_6681|Person_6682,,yes
HH_2596,3 personas,Carrascal,Otro tipo de hogar,Otro tipo de hogar,3,Person_6683|Person_6684|Person_6685,Madrid,city
HH_2597,2 personas,Norte,Hogar formado por pareja sin hijos,Hogar formado por pareja sin hijos,2,Person_6686|Person_6687,,yes
HH_2598,3 personas,Zarzaquemada,Hogar con un solo progenitor que convive con algún hijo menor de 25 años,Hogar con un solo progenitor que convive con algún hijo menor de 25 años,3,Person_6688|Person_6689|Person_6690,,yes
HH_2599,4 personas,Zarzaquemada,Hogar formado por pareja con hijos en donde algún hijo es menor de 25 años,Hogar formado por pareja con hijos en donde algún hijo es menor de 25 años,4,Person_6691|Person_6692|Person_6693|Person_6694,,residential
HH_2600,5 o mas personas,Polvoranca,Hogar formado por pareja o un solo progenitor que convive con algún hijo menor de 25 años y otra(s) persona(s),Hogar formado por pareja o un solo progenitor que convive con algún hijo menor de 25 años y otra(s) persona(s),5,Person_6695|Person_6696|Person_6697|Person_6698|Person_6699,,semidetached_house
HH_2601,2 personas,San Nicasio,Hogar formado por pareja sin hijos,Hogar formado por pareja sin hijos,2,Person_6700|Person_6701,,yes
HH_2602,1 persona,Sur,Hogar con una mujer sola de 65 años o más,Hogar con una mujer sola de 65 años o más,1,Person_6702,,yes
HH_2603,1 persona,Norte,Hogar con un hombre solo menor de 65 años,Hogar con un hombre solo menor de 65 años,1,Person_6703,,apartments
HH_2604,1 persona,Zarzaquemada,Hogar con una mujer sola menor de 65 años,Hogar con una mujer sola menor de 65 años,1,Person_6704,,apartments
HH_2605,3 personas,Carrascal,Otro tipo de hogar,Otro tipo de hogar,3,Person_6705|Person_6706|Person_6707,Madrid,city
HH_2606,1 persona,Polvoranca,Hogar con una mujer sola de 65 años o más,Hogar con una mujer sola de 65 años o más,1,Person_6708,Madrid,city
HH_2607,2 personas,Norte,Hogar formado por pareja sin hijos,Hogar formado por pareja sin hijos,2,Person_6709|Person_6710,,apartments
HH_2608,2 personas,Zarzaquemada,Hogar formado por pareja sin hijos,Hogar formado por pareja sin hijos,2,Person_6711|Person_6712,,residential
HH_2609,3 personas,San Nicasio,Hogar formado por pareja con hijos en donde algún hijo es menor de 25 años,Hogar formado por pareja con hijos en donde algún hijo es menor de 25 años,3,Person_6713|Person_6714|Person_6715,,semidetached_house
HH_2610,1 persona,Carrascal,Hogar con un hombre solo menor de 65 años,Hogar con un hombre solo menor de 65 años,1,Person_6716,Oficina de Correos,yes
HH_2611,3 personas,Carrascal,Otro tipo de hogar,Otro tipo de hogar,3,Person_6717|Person_6718|Person_6719,,yes
HH_2612,2 personas,Norte,Hogar con un solo progenitor que convive con algún hijo menor de 25 años,Hogar con un solo progenitor que convive con algún hijo menor de 25 años,2,Person_6720|Person_6721,Madrid,city
HH_2613,3 personas,Sur,Hogar formado por pareja con hijos en donde algún hijo es menor de 25 años,Hogar formado por pareja con hijos en donde algún hijo es menor de 25 años,3,Person_6722|Person_6723|Person_6724,,yes
HH_2614,3 personas,Polvoranca,Hogar formado por pareja con hijos en donde algún hijo es menor de 25 años,Hogar formado por pareja con hijos en donde algún hijo es menor de 25 años,3,Person_6725|Person_6726|Person_6727,Fuenlabrada,city
HH_2615,5 o mas personas,Carrascal,Otro tipo de hogar,Otro tipo de hogar,5,Person_6728|Person_6729|Person_6730|Person_6731|Person_6732,Getafe norte,city
HH_2616,4 personas,San Nicasio,Otro tipo de hogar,Otro tipo de hogar,4,Person_6733|Person_6734|Person_6735|Person_6736,,yes
HH_2617,4 personas,Carrascal,Hogar formado por pareja con hijos en donde todos los hijos de 25 años o más,Hogar formado por pareja con hijos en donde todos los hijos de 25 años o más,4,Person_6737|Person_6738|Person_6739|Person_6740,,apartments
HH_2618,3 personas,Zarzaquemada,Hogar con un solo progenitor que convive con algún hijo menor de 25 años,Hogar con un solo progenitor que convive con algún hijo menor de 25 años,3,Person_6741|Person_6742|Person_6743,Madrid,city
HH_2619,2 personas,San Nicasio,Hogar formado por pareja sin hijos,Hogar formado por pareja sin hijos,2,Person_6744|Person_6745,,apartments
HH_2620,2 personas,Carrascal,Hogar formado por pareja sin hijos,Hogar formado por pareja sin hijos,2,Person_6746|Person_6747,,detached
HH_2621,4 personas,Zarzaquemada,Hogar formado por pareja con hijos en donde algún hijo es menor de 25 años,Hogar formado por pareja con hijos en donde algún hijo es menor de 25 años,4,Person_6748|Person_6749|Person_6750|Person_6751,Tecnocasa,yes
HH_2622,1 persona,Carrascal,Hogar con una mujer sola menor de 65 años,Hogar con una mujer sola menor de 65 años,1,Person_6752,Emporiorueda,yes
HH_2623,3 personas,San Nicasio,Hogar formado por pareja con hijos en donde algún hijo es menor de 25 años,Hogar formado por pareja con hijos en donde algún hijo es menor de 25 años,3,Person_6753|Person_6754|Person_6755,,semidetached_house
HH_2624,4 personas,San Nicasio,Hogar formado por pareja o un solo progenitor que convive con algún hijo menor de 25 años y otra(s) persona(s),Hogar formado por pareja o un solo progenitor que convive con algún hijo menor de 25 años y otra(s) persona(s),4,Person_6756|Person_6757|Person_6758|Person_6759,,semidetached_house
HH_2625,4 personas,Norte,Hogar formado por pareja con hijos en donde algún hijo es menor de 25 años,Hogar formado por pareja con hijos en donde algún hijo es menor de 25 años,4,Person_6760|Person_6761|Person_6762|Person_6763,,apartments
HH_2626,3 personas,Zarzaquemada,Otro tipo de hogar,Otro tipo de hogar,3,Person_6764|Person_6765|Person_6766,,yes
HH_2627,3 personas,San Nicasio,Hogar formado por pareja con hijos en donde algún hijo es menor de 25 años,Hogar formado por pareja con hijos en donde algún hijo es menor de 25 años,3,Person_6767|Person_6768|Person_6769,,yes
HH_2628,5 o mas personas,Zarzaquemada,Hogar formado por pareja o un solo progenitor que convive con algún hijo menor de 25 años y otra(s) persona(s),Hogar formado por pareja o un solo progenitor que convive con algún hijo menor de 25 años y otra(s) persona(s),5,Person_6770|Person_6771|Person_6772|Person_6773|Person_6774,,apartments
HH_2629,2 personas,Fortuna,Hogar formado por pareja sin hijos,Hogar formado por pareja sin hijos,2,Person_6775|Person_6776,,yes
HH_2630,1 persona,Carrascal,Hogar con un hombre solo menor de 65 años,Hogar con un hombre solo menor de 65 años,1,Person_6777,Madrid,city
HH_2631,2 personas,Sur,Hogar formado por pareja sin hijos,Hogar formado por pareja sin hijos,2,Person_6778|Person_6779,,yes
HH_2632,2 personas,Fortuna,Hogar formado por pareja sin hijos,Hogar formado por pareja sin hijos,2,Person_6780|Person_6781,,yes
HH_2633,3 personas,San Nicasio,Hogar formado por pareja con hijos en donde todos los hijos de 25 años o más,Hogar formado por pareja con hijos en donde todos los hijos de 25 años o más,3,Person_6782|Person_6783|Person_6784,,semidetached_house
HH_2634,1 persona,Zarzaquemada,Hogar con un hombre solo de 65 años o más,Hogar con un hombre solo de 65 años o más,1,Person_6785,,residential
HH_2635,1 persona,San Nicasio,Hogar con una mujer sola menor de 65 años,Hogar con una mujer sola menor de 65 años,1,Person_6786,,yes
HH_2636,3 personas,Zarzaquemada,Hogar formado por pareja con hijos en donde algún hijo es menor de 25 años,Hogar formado por pareja con hijos en donde algún hijo es menor de 25 años,3,Person_6787|Person_6788|Person_6789,,apartments
HH_2637,1 persona,Zarzaquemada,Hogar con una mujer sola de 65 años o más,Hogar con una mujer sola de 65 años o más,1,Person_6790,Fuenlabrada,city
HH_2638,5 o mas personas,Zarzaquemada,Hogar formado por pareja o un solo progenitor que convive con algún hijo menor de 25 años y otra(s) persona(s),Hogar formado por pareja o un solo progenitor que convive con algún hijo menor de 25 años y otra(s) persona(s),5,Person_6791|Person_6792|Person_6793|Person_6794|Person_6795,,residential
HH_2639,2 personas,San Nicasio,Hogar formado por pareja sin hijos,Hogar formado por pareja sin hijos,2,Person_6796|Person_6797,Mostoles,city
HH_2640,4 personas,Sur,Hogar formado por pareja o un solo progenitor que convive con algún hijo menor de 25 años y otra(s) persona(s),Hogar formado por pareja o un solo progenitor que convive con algún hijo menor de 25 años y otra(s) persona(s),4,Person_6798|Person_6799|Person_6800|Person_6801,Madrid,city
HH_2641,1 persona,Sur,Hogar con una mujer sola de 65 años o más,Hogar con una mujer sola de 65 años o más,1,Person_6802,Madrid,city
HH_2642,1 persona,Carrascal,Hogar con un hombre solo menor de 65 años,Hogar con un hombre solo menor de 65 años,1,Person_6803,,yes
HH_2643,3 personas,San Nicasio,Hogar formado por pareja con hijos en donde todos los hijos de 25 años o más,Hogar formado por pareja con hijos en donde todos los hijos de 25 años o más,3,Person_6804|Person_6805|Person_6806,,yes
HH_2644,1 persona,Zarzaquemada,Hogar con un hombre solo de 65 años o más,Hogar con un hombre solo de 65 años o más,1,Person_6807,Alcorcon,city
HH_2645,1 persona,Polvoranca,Hogar con una mujer sola menor de 65 años,Hogar con una mujer sola menor de 65 años,1,Person_6808,Alcorcon,city
HH_2646,2 personas,Carrascal,Hogar formado por pareja sin hijos,Hogar formado por pareja sin hijos,2,Person_6809|Person_6810,Madrid,city
HH_2647,2 personas,Carrascal,Hogar formado por pareja sin hijos,Hogar formado por pareja sin hijos,2,Person_6811|Person_6812,,semidetached_house
HH_2648,1 persona,Carrascal,Hogar con una mujer sola menor de 65 años,Hogar con una mujer sola menor de 65 años,1,Person_6813,,semidetached_house
HH_2649,2 personas,Carrascal,Hogar con un solo progenitor que convive con algún hijo menor de 25 años,Hogar con un solo progenitor que convive con algún hijo menor de 25 años,2,Person_6814|Person_6815,Fuenlabrada,city
HH_2650,2 personas,San Nicasio,Hogar formado por pareja sin hijos,Hogar formado por pareja sin hijos,2,Person_6816|Person_6817,Mostoles,city
HH_2651,1 persona,Sur,Hogar con un hombre solo menor de 65 años,Hogar con un hombre solo menor de 65 años,1,Person_6818,,apartments
HH_2652,5 o mas personas,San Nicasio,Hogar formado por pareja con hijos en donde algún hijo es menor de 25 años,Hogar formado por pareja con hijos en donde algún hijo es menor de 25 años,5,Person_6819|Person_6820|Person_6821|Person_6822|Person_6823,,semidetached_house
HH_2653,2 personas,Sur,Hogar formado por pareja sin hijos,Hogar formado por pareja sin hijos,2,Person_6824|Person_6825,Viviendas de integración social Fundación F.A.D.,yes
HH_2654,1 persona,Polvoranca,Hogar con una mujer sola de 65 años o más,Hogar con una mujer sola de 65 años o más,1,Person_6826,,house
HH_2655,2 personas,Zarzaquemada,Hogar formado por pareja sin hijos,Hogar formado por pareja sin hijos,2,Person_6827|Person_6828,Madrid,city
HH_2656,2 personas,Fortuna,Hogar formado por pareja sin hijos,Hogar formado por pareja sin hijos,2,Person_6829|Person_6830,,semidetached_house
HH_2657,3 personas,Sur,Hogar formado por pareja con hijos en donde algún hijo es menor de 25 años,Hogar formado por pareja con hijos en donde algún hijo es menor de 25 años,3,Person_6831|Person_6832|Person_6833,,residential
HH_2658,2 personas,Zarzaquemada,Hogar formado por pareja sin hijos,Hogar formado por pareja sin hijos,2,Person_6834|Person_6835,,residential
HH_2659,2 personas,Zarzaquemada,Hogar formado por pareja sin hijos,Hogar formado por pareja sin hijos,2,Person_6836|Person_6837,,apartments
HH_2660,1 persona,Carrascal,Hogar con una mujer sola de 65 años o más,Hogar con una mujer sola de 65 años o más,1,Person_6838,,semidetached_house
HH_2661,2 personas,Zarzaquemada,Hogar formado por pareja sin hijos,Hogar formado por pareja sin hijos,2,Person_6839|Person_6840,,apartments
HH_2662,4 personas,Norte,Hogar formado por pareja con hijos en donde algún hijo es menor de 25 años,Hogar formado por pareja con hijos en donde algún hijo es menor de 25 años,4,Person_6841|Person_6842|Person_6843|Person_6844,,apartments
HH_2663,3 personas,Sur,Hogar con un solo progenitor que convive con algún hijo menor de 25 años,Hogar con un solo progenitor que convive con algún hijo menor de 25 años,3,Person_6845|Person_6846|Person_6847,,yes
HH_2664,4 personas,Zarzaquemada,Otro tipo de hogar,Otro tipo de hogar,4,Person_6848|Person_6849|Person_6850|Person_6851,Mostoles,city
HH_2665,2 personas,Carrascal,Hogar formado por pareja sin hijos,Hogar formado por pareja sin hijos,2,Person_6852|Person_6853,,apartments
HH_2666,2 personas,Polvoranca,Hogar formado por pareja sin hijos,Hogar formado por pareja sin hijos,2,Person_6854|Person_6855,,house
HH_2667,3 personas,Carrascal,Hogar con un solo progenitor que convive con algún hijo menor de 25 años,Hogar con un solo progenitor que convive con algún hijo menor de 25 años,3,Person_6856|Person_6857|Person_6858,,yes
HH_2668,2 personas,Zarzaquemada,Hogar formado por pareja sin hijos,Hogar formado por pareja sin hijos,2,Person_6859|Person_6860,,residential
HH_2669,1 persona,Polvoranca,Hogar con un hombre solo menor de 65 años,Hogar con un hombre solo menor de 65 años,1,Person_6861,,house
HH_2670,3 personas,Carrascal,Otro tipo de hogar,Otro tipo de hogar,3,Person_6862|Person_6863|Person_6864,,yes
HH_2671,3 personas,Zarzaquemada,Hogar formado por pareja con hijos en donde algún hijo es menor de 25 años,Hogar formado por pareja con hijos en donde algún hijo es menor de 25 años,3,Person_6865|Person_6866|Person_6867,Madrid,city
HH_2672,4 personas,San Nicasio,Hogar formado por pareja o un solo progenitor que convive con algún hijo menor de 25 años y otra(s) persona(s),Hogar formado por pareja o un solo progenitor que convive con algún hijo menor de 25 años y otra(s) persona(s),4,Person_6868|Person_6869|Person_6870|Person_6871,Alcorcon,city
HH_2673,1 persona,Carrascal,Hogar con una mujer sola menor de 65 años,Hogar con una mujer sola menor de 65 años,1,Person_6872,,yes
HH_2674,5 o mas personas,Carrascal,Otro tipo de hogar,Otro tipo de hogar,5,Person_6873|Person_6874|Person_6875|Person_6876|Person_6877,,house
HH_2675,4 personas,Norte,Hogar formado por pareja con hijos en donde algún hijo es menor de 25 años,Hogar formado por pareja con hijos en donde algún hijo es menor de 25 años,4,Person_6878|Person_6879|Person_6880|Person_6881,,apartments
HH_2676,2 personas,Norte,Hogar formado por pareja sin hijos,Hogar formado por pareja sin hijos,2,Person_6882|Person_6883,,yes
HH_2677,3 personas,Zarzaquemada,Hogar formado por pareja con hijos en donde algún hijo es menor de 25 años,Hogar formado por pareja con hijos en donde algún hijo es menor de 25 años,3,Person_6884|Person_6885|Person_6886,Fuenlabrada,city
HH_2678,1 persona,Carrascal,Hogar con una mujer sola de 65 años o más,Hogar con una mujer sola de 65 años o más,1,Person_6887,,yes
HH_2679,3 personas,Carrascal,Otro tipo de hogar,Otro tipo de hogar,3,Person_6888|Person_6889|Person_6890,,apartments
HH_2680,2 personas,Carrascal,Hogar formado por pareja sin hijos,Hogar formado por pareja sin hijos,2,Person_6891|Person_6892,Madrid,city
HH_2681,5 o mas personas,Sur,Otro tipo de hogar,Otro tipo de hogar,5,Person_6893|Person_6894|Person_6895|Person_6896|Person_6897,,apartments
HH_2682,4 personas,Carrascal,Hogar formado por pareja con hijos en donde algún hijo es menor de 25 años,Hogar formado por pareja con hijos en donde algún hijo es menor de 25 años,4,Person_6898|Person_6899|Person_6900|Person_6901,Madrid,city
HH_2683,4 personas,Zarzaquemada,Hogar formado por pareja con hijos en donde todos los hijos de 25 años o más,Hogar formado por pareja con hijos en donde todos los hijos de 25 años o más,4,Person_6902|Person_6903|Person_6904|Person_6905,,residential
HH_2684,3 personas,Sur,Otro tipo de hogar,Otro tipo de hogar,3,Person_6906|Person_6907|Person_6908,,apartments
HH_2685,1 persona,Zarzaquemada,Hogar con una mujer sola de 65 años o más,Hogar con una mujer sola de 65 años o más,1,Person_6909,Mostoles,city
HH_2686,2 personas,San Nicasio,Hogar formado por pareja sin hijos,Hogar formado por pareja sin hijos,2,Person_6910|Person_6911,,semidetached_house
HH_2687,1 persona,Sur,Hogar con una mujer sola de 65 años o más,Hogar con una mujer sola de 65 años o más,1,Person_6912,Alcorcon,city
HH_2688,1 persona,Sur,Hogar con un hombre solo menor de 65 años,Hogar con un hombre solo menor de 65 años,1,Person_6913,,yes
HH_2689,1 persona,Sur,Hogar con un hombre solo menor de 65 años,Hogar con un hombre solo menor de 65 años,1,Person_6914,,residential
HH_2690,4 personas,San Nicasio,Hogar formado por pareja con hijos en donde todos los hijos de 25 años o más,Hogar formado por pareja con hijos en donde todos los hijos de 25 años o más,4,Person_6915|Person_6916|Person_6917|Person_6918,,semidetached_house
HH_2691,3 personas,San Nicasio,Otro tipo de hogar,Otro tipo de hogar,3,Person_6919|Person_6920|Person_6921,Mostoles,city
HH_2692,5 o mas personas,Norte,Hogar formado por pareja o un solo progenitor que convive con algún hijo menor de 25 años y otra(s) persona(s),Hogar formado por pareja o un solo progenitor que convive con algún hijo menor de 25 años y otra(s) persona(s),5,Person_6922|Person_6923|Person_6924|Person_6925|Person_6926,,apartments
HH_2693,4 personas,Fortuna,Hogar formado por pareja con hijos en donde algún hijo es menor de 25 años,Hogar formado por pareja con hijos en donde algún hijo es menor de 25 años,4,Person_6927|Person_6928|Person_6929|Person_6930,,yes
HH_2694,4 personas,Norte,Hogar formado por pareja con hijos en donde algún hijo es menor de 25 años,Hogar formado por pareja con hijos en donde algún hijo es menor de 25 años,4,Person_6931|Person_6932|Person_6933|Person_6934,Madrid,city
HH_2695,2 personas,Zarzaquemada,Otro tipo de hogar,Otro tipo de hogar,2,Person_6935|Person_6936,,residential
HH_2696,3 personas,Polvoranca,Hogar con un solo progenitor que convive con algún hijo menor de 25 años,Hogar con un solo progenitor que convive con algún hijo menor de 25 años,3,Person_6937|Person_6938|Person_6939,Madrid,city
HH_2697,2 personas,Zarzaquemada,Hogar formado por pareja sin hijos,Hogar formado por pareja sin hijos,2,Person_6940|Person_6941,,apartments
HH_2698,2 personas,San Nicasio,Hogar con un solo progenitor que convive con todos sus hijos de 25 años o más,Hogar con un solo progenitor que convive con todos sus hijos de 25 años o más,2,Person_6942|Person_6943,,semidetached_house
HH_2699,4 personas,Norte,Hogar formado por pareja con hijos en donde algún hijo es menor de 25 años,Hogar formado por pareja con hijos en donde algún hijo es menor de 25 años,4,Person_6944|Person_6945|Person_6946|Person_6947,,yes
HH_2700,2 personas,San Nicasio,Hogar formado por pareja sin hijos,Hogar formado por pareja sin hijos,2,Person_6948|Person_6949,,semidetached_house
HH_2701,2 personas,Norte,Hogar con un solo progenitor que convive con algún hijo menor de 25 años,Hogar con un solo progenitor que convive con algún hijo menor de 25 años,2,Person_6950|Person_6951,Alcorcon,city
HH_2702,1 persona,Carrascal,Hogar con una mujer sola de 65 años o más,Hogar con una mujer sola de 65 años o más,1,Person_6952,Madrid,city
HH_2703,3 personas,Zarzaquemada,Hogar formado por pareja con hijos en donde todos los hijos de 25 años o más,Hogar formado por pareja con hijos en donde todos los hijos de 25 años o más,3,Person_6953|Person_6954|Person_6955,,residential
HH_2704,4 personas,Fortuna,Hogar formado por pareja con hijos en donde algún hijo es menor de 25 años,Hogar formado por pareja con hijos en donde algún hijo es menor de 25 años,4,Person_6956|Person_6957|Person_6958|Person_6959,,yes
HH_2705,4 personas,Fortuna,Hogar formado por pareja con hijos en donde algún hijo es menor de 25 años,Hogar formado por pareja con hijos en donde algún hijo es menor de 25 años,4,Person_6960|Person_6961|Person_6962|Person_6963,,yes
HH_2706,5 o mas personas,Carrascal,Hogar formado por pareja con hijos en donde algún hijo es menor de 25 años,Hogar formado por pareja con hijos en donde algún hijo es menor de 25 años,5,Person_6964|Person_6965|Person_6966|Person_6967|Person_6968,Fuenlabrada,city
HH_2707,2 personas,Sur,Hogar con un solo progenitor que convive con algún hijo menor de 25 años,Hogar con un solo progenitor que convive con algún hijo menor de 25 años,2,Person_6969|Person_6970,,yes
HH_2708,2 personas,Carrascal,Hogar formado por pareja sin hijos,Hogar formado por pareja sin hijos,2,Person_6971|Person_6972,,residential
HH_2709,3 personas,Zarzaquemada,Hogar formado por pareja con hijos en donde algún hijo es menor de 25 años,Hogar formado por pareja con hijos en donde algún hijo es menor de 25 años,3,Person_6973|Person_6974|Person_6975,,residential
HH_2710,3 personas,San Nicasio,Hogar formado por pareja con hijos en donde algún hijo es menor de 25 años,Hogar formado por pareja con hijos en donde algún hijo es menor de 25 años,3,Person_6976|Person_6977|Person_6978,Extremadura,city
HH_2711,2 personas,Carrascal,Hogar formado por pareja sin hijos,Hogar formado por pareja sin hijos,2,Person_6979|Person_6980,,residential
HH_2712,4 personas,Fortuna,Hogar formado por pareja con hijos en donde algún hijo es menor de 25 años,Hogar formado por pareja con hijos en donde algún hijo es menor de 25 años,4,Person_6981|Person_6982|Person_6983|Person_6984,,yes
HH_2713,1 persona,Zarzaquemada,Hogar con una mujer sola menor de 65 años,Hogar con una mujer sola menor de 65 años,1,Person_6985,,yes
HH_2714,4 personas,Carrascal,Hogar formado por pareja con hijos en donde algún hijo es menor de 25 años,Hogar formado por pareja con hijos en donde algún hijo es menor de 25 años,4,Person_6986|Person_6987|Person_6988|Person_6989,,semidetached_house
HH_2715,2 personas,Sur,Hogar formado por pareja sin hijos,Hogar formado por pareja sin hijos,2,Person_6990|Person_6991,,yes
HH_2716,2 personas,Sur,Hogar formado por pareja sin hijos,Hogar formado por pareja sin hijos,2,Person_6992|Person_6993,Alcorcon,city
HH_2717,3 personas,Zarzaquemada,Hogar formado por pareja con hijos en donde todos los hijos de 25 años o más,Hogar formado por pareja con hijos en donde todos los hijos de 25 años o más,3,Person_6994|Person_6995|Person_6996,,residential
HH_2718,1 persona,Zarzaquemada,Hogar con una mujer sola de 65 años o más,Hogar con una mujer sola de 65 años o más,1,Person_6997,,yes
HH_2719,2 personas,Zarzaquemada,Hogar formado por pareja sin hijos,Hogar formado por pareja sin hijos,2,Person_6998|Person_6999,Madrid,city
HH_2720,1 persona,Norte,Hogar con una mujer sola menor de 65 años,Hogar con una mujer sola menor de 65 años,1,Person_7000,,apartments
HH_2721,2 personas,San Nicasio,Hogar formado por pareja sin hijos,Hogar formado por pareja sin hijos,2,Person_7001|Person_7002,,semidetached_house
HH_2722,1 persona,Norte,Hogar con una mujer sola de 65 años o más,Hogar con una mujer sola de 65 años o más,1,Person_7003,Madrid,city
HH_2723,5 o mas personas,Fortuna,Hogar formado por pareja o un solo progenitor que convive con algún hijo menor de 25 años y otra(s) persona(s),Hogar formado por pareja o un solo progenitor que convive con algún hijo menor de 25 años y otra(s) persona(s),5,Person_7004|Person_7005|Person_7006|Person_7007|Person_7008,,semidetached_house
HH_2724,5 o mas personas,Polvoranca,Hogar formado por pareja con hijos en donde algún hijo es menor de 25 años,Hogar formado por pareja con hijos en donde algún hijo es menor de 25 años,5,Person_7009|Person_7010|Person_7011|Person_7012|Person_7013,,semidetached_house
HH_2725,1 persona,Zarzaquemada,Hogar con una mujer sola de 65 años o más,Hogar con una mujer sola de 65 años o más,1,Person_7014,,residential
HH_2726,2 personas,Sur,Hogar formado por pareja sin hijos,Hogar formado por pareja sin hijos,2,Person_7015|Person_7016,,yes
HH_2727,1 persona,Fortuna,Hogar con un hombre solo de 65 años o más,Hogar con un hombre solo de 65 años o más,1,Person_7017,,yes
HH_2728,1 persona,Sur,Hogar con una mujer sola menor de 65 años,Hogar con una mujer sola menor de 65 años,1,Person_7018,Madrid,city
HH_2729,1 persona,Polvoranca,Hogar con un hombre solo menor de 65 años,Hogar con un hombre solo menor de 65 años,1,Person_7019,Fuenlabrada,city
HH_2730,3 personas,Zarzaquemada,Otro tipo de hogar,Otro tipo de hogar,3,Person_7020|Person_7021|Person_7022,,residential
HH_2731,2 personas,Sur,Hogar formado por pareja sin hijos,Hogar formado por pareja sin hijos,2,Person_7023|Person_7024,Madrid,city
HH_2732,2 personas,Zarzaquemada,Hogar con un solo progenitor que convive con todos sus hijos de 25 años o más,Hogar con un solo progenitor que convive con todos sus hijos de 25 años o más,2,Person_7025|Person_7026,Fuenlabrada,city
HH_2733,1 persona,Carrascal,Hogar con una mujer sola menor de 65 años,Hogar con una mujer sola menor de 65 años,1,Person_7027,,apartments
HH_2734,2 personas,Sur,Hogar formado por pareja sin hijos,Hogar formado por pareja sin hijos,2,Person_7028|Person_7029,,yes
HH_2735,2 personas,San Nicasio,Hogar formado por pareja sin hijos,Hogar formado por pareja sin hijos,2,Person_7030|Person_7031,,semidetached_house
HH_2736,1 persona,Zarzaquemada,Hogar con una mujer sola menor de 65 años,Hogar con una mujer sola menor de 65 años,1,Person_7032,Mostoles,city
HH_2737,3 personas,San Nicasio,Hogar formado por pareja con hijos en donde todos los hijos de 25 años o más,Hogar formado por pareja con hijos en donde todos los hijos de 25 años o más,3,Person_7033|Person_7034|Person_7035,,yes
HH_2738,2 personas,Sur,Otro tipo de hogar,Otro tipo de hogar,2,Person_7036|Person_7037,Madrid,city
HH_2739,1 persona,Sur,Hogar con una mujer sola menor de 65 años,Hogar con una mujer sola menor de 65 años,1,Person_7038,,apartments
HH_2740,5 o mas personas,Zarzaquemada,Hogar formado por pareja o un solo progenitor que convive con algún hijo menor de 25 años y otra(s) persona(s),Hogar formado por pareja o un solo progenitor que convive con algún hijo menor de 25 años y otra(s) persona(s),5,Person_7039|Person_7040|Person_7041|Person_7042|Person_7043,,apartments
HH_2741,3 personas,San Nicasio,Hogar formado por pareja con hijos en donde algún hijo es menor de 25 años,Hogar formado por pareja con hijos en donde algún hijo es menor de 25 años,3,Person_7044|Person_7045|Person_7046,,semidetached_house
HH_2742,2 personas,Fortuna,Hogar formado por pareja sin hijos,Hogar formado por pareja sin hijos,2,Person_7047|Person_7048,,yes
HH_2743,2 personas,Carrascal,Hogar formado por pareja sin hijos,Hogar formado por pareja sin hijos,2,Person_7049|Person_7050,,apartments
HH_2744,2 personas,Carrascal,Hogar formado por pareja sin hijos,Hogar formado por pareja sin hijos,2,Person_7051|Person_7052,Madrid,city
HH_2745,2 personas,Carrascal,Hogar formado por pareja sin hijos,Hogar formado por pareja sin hijos,2,Person_7053|Person_7054,,yes
HH_2746,2 personas,Zarzaquemada,Hogar con un solo progenitor que convive con todos sus hijos de 25 años o más,Hogar con un solo progenitor que convive con todos sus hijos de 25 años o más,2,Person_7055|Person_7056,,residential
HH_2747,3 personas,Zarzaquemada,Hogar formado por pareja con hijos en donde todos los hijos de 25 años o más,Hogar formado por pareja con hijos en donde todos los hijos de 25 años o más,3,Person_7057|Person_7058|Person_7059,Su Fruta,yes
HH_2748,3 personas,Zarzaquemada,Hogar con un solo progenitor que convive con algún hijo menor de 25 años,Hogar con un solo progenitor que convive con algún hijo menor de 25 años,3,Person_7060|Person_7061|Person_7062,,residential
HH_2749,2 personas,Zarzaquemada,Hogar con un solo progenitor que convive con todos sus hijos de 25 años o más,Hogar con un solo progenitor que convive con todos sus hijos de 25 años o más,2,Person_7063|Person_7064,Madrid,city
HH_2750,1 persona,Carrascal,Hogar con una mujer sola menor de 65 años,Hogar con una mujer sola menor de 65 años,1,Person_7065,,apartments
HH_2751,4 personas,Fortuna,Hogar formado por pareja con hijos en donde algún hijo es menor de 25 años,Hogar formado por pareja con hijos en donde algún hijo es menor de 25 años,4,Person_7066|Person_7067|Person_7068|Person_7069,Madrid,city
HH_2752,3 personas,Norte,Hogar formado por pareja con hijos en donde todos los hijos de 25 años o más,Hogar formado por pareja con hijos en donde todos los hijos de 25 años o más,3,Person_7070|Person_7071|Person_7072,Mostoles,city
HH_2753,5 o mas personas,Zarzaquemada,Hogar formado por pareja o un solo progenitor que convive con algún hijo menor de 25 años y otra(s) persona(s),Hogar formado por pareja o un solo progenitor que convive con algún hijo menor de 25 años y otra(s) persona(s),5,Person_7073|Person_7074|Person_7075|Person_7076|Person_7077,,residential
HH_2754,4 personas,San Nicasio,Hogar formado por pareja con hijos en donde algún hijo es menor de 25 años,Hogar formado por pareja con hijos en donde algún hijo es menor de 25 años,4,Person_7078|Person_7079|Person_7080|Person_7081,,semidetached_house
HH_2755,1 persona,Zarzaquemada,Hogar con una mujer sola de 65 años o más,Hogar con una mujer sola de 65 años o más,1,Person_7082,Madrid,city
HH_2756,1 persona,Zarzaquemada,Hogar con un hombre solo menor de 65 años,Hogar con un hombre solo menor de 65 años,1,Person_7083,,residential
HH_2757,3 personas,Zarzaquemada,Hogar formado por pareja con hijos en donde todos los hijos de 25 años o más,Hogar formado por pareja con hijos en donde todos los hijos de 25 años o más,3,Person_7084|Person_7085|Person_7086,Madrid,city
HH_2758,2 personas,Zarzaquemada,Hogar formado por pareja sin hijos,Hogar formado por pareja sin hijos,2,Person_7087|Person_7088,,apartments
HH_2759,2 personas,Zarzaquemada,Hogar con un solo progenitor que convive con todos sus hijos de 25 años o más,Hogar con un solo progenitor que convive con todos sus hijos de 25 años o más,2,Person_7089|Person_7090,,yes
HH_2760,4 personas,Zarzaquemada,Hogar formado por pareja con hijos en donde algún hijo es menor de 25 años,Hogar formado por pareja con hijos en donde algún hijo es menor de 25 años,4,Person_7091|Person_7092|Person_7093|Person_7094,,apartments
HH_2761,1 persona,Zarzaquemada,Hogar con una mujer sola menor de 65 años,Hogar con una mujer sola menor de 65 años,1,Person_7095,,apartments
HH_2762,2 personas,Sur,Hogar formado por pareja sin hijos,Hogar formado por pareja sin hijos,2,Person_7096|Person_7097,,yes
HH_2763,1 persona,San Nicasio,Hogar con una mujer sola menor de 65 años,Hogar con una mujer sola menor de 65 años,1,Person_7098,Mostoles,city
HH_2764,2 personas,San Nicasio,Otro tipo de hogar,Otro tipo de hogar,2,Person_7099|Person_7100,Mostoles,city
HH_2765,4 personas,Zarzaquemada,Hogar formado por pareja con hijos en donde algún hijo es menor de 25 años,Hogar formado por pareja con hijos en donde algún hijo es menor de 25 años,4,Person_7101|Person_7102|Person_7103|Person_7104,,apartments
HH_2766,1 persona,Carrascal,Hogar con una mujer sola de 65 años o más,Hogar con una mujer sola de 65 años o más,1,Person_7105,Alcorcon,city
HH_2767,2 personas,Zarzaquemada,Hogar formado por pareja sin hijos,Hogar formado por pareja sin hijos,2,Person_7106|Person_7107,,apartments
HH_2768,2 personas,Zarzaquemada,Hogar formado por pareja sin hijos,Hogar formado por pareja sin hijos,2,Person_7108|Person_7109,,yes
HH_2769,1 persona,Norte,Hogar con un hombre solo menor de 65 años,Hogar con un hombre solo menor de 65 años,1,Person_7110,Madrid,city
HH_2770,4 personas,Zarzaquemada,Hogar formado por pareja con hijos en donde algún hijo es menor de 25 años,Hogar formado por pareja con hijos en donde algún hijo es menor de 25 años,4,Person_7111|Person_7112|Person_7113|Person_7114,Fuenlabrada,city
HH_2771,3 personas,Carrascal,Hogar formado por pareja con hijos en donde todos los hijos de 25 años o más,Hogar formado por pareja con hijos en donde todos los hijos de 25 años o más,3,Person_7115|Person_7116|Person_7117,,apartments
HH_2772,1 persona,Zarzaquemada,Hogar con una mujer sola menor de 65 años,Hogar con una mujer sola menor de 65 años,1,Person_7118,,apartments
HH_2773,5 o mas personas,Sur,Hogar formado por pareja o un solo progenitor que convive con algún hijo menor de 25 años y otra(s) persona(s),Hogar formado por pareja o un solo progenitor que convive con algún hijo menor de 25 años y otra(s) persona(s),5,Person_7119|Person_7120|Person_7121|Person_7122|Person_7123,Madrid,city
HH_2774,4 personas,Zarzaquemada,Hogar formado por pareja con hijos en donde algún hijo es menor de 25 años,Hogar formado por pareja con hijos en donde algún hijo es menor de 25 años,4,Person_7124|Person_7125|Person_7126|Person_7127,,yes
HH_2775,2 personas,Sur,Hogar con un solo progenitor que convive con algún hijo menor de 25 años,Hogar con un solo progenitor que convive con algún hijo menor de 25 años,2,Person_7128|Person_7129,,yes
HH_2776,2 personas,Fortuna,Hogar formado por pareja sin hijos,Hogar formado por pareja sin hijos,2,Person_7130|Person_7131,,yes
HH_2777,1 persona,San Nicasio,Hogar con una mujer sola de 65 años o más,Hogar con una mujer sola de 65 años o más,1,Person_7132,,semidetached_house
HH_2778,1 persona,Fortuna,Hogar con una mujer sola menor de 65 años,Hogar con una mujer sola menor de 65 años,1,Person_7133,Madrid,city
HH_2779,4 personas,Sur,Hogar formado por pareja con hijos en donde algún hijo es menor de 25 años,Hogar formado por pareja con hijos en donde algún hijo es menor de 25 años,4,Person_7134|Person_7135|Person_7136|Person_7137,,residential
HH_2780,2 personas,Zarzaquemada,Hogar formado por pareja sin hijos,Hogar formado por pareja sin hijos,2,Person_7138|Person_7139,,residential
HH_2781,2 personas,Zarzaquemada,Hogar formado por pareja sin hijos,Hogar formado por pareja sin hijos,2,Person_7140|Person_7141,,residential
HH_2782,2 personas,Carrascal,Hogar formado por pareja sin hijos,Hogar formado por pareja sin hijos,2,Person_7142|Person_7143,,house
HH_2783,5 o mas personas,Polvoranca,Hogar formado por pareja o un solo progenitor que convive con algún hijo menor de 25 años y otra(s) persona(s),Hogar formado por pareja o un solo progenitor que convive con algún hijo menor de 25 años y otra(s) persona(s),5,Person_7144|Person_7145|Person_7146|Person_7147|Person_7148,,semidetached_house
HH_2784,2 personas,Zarzaquemada,Hogar formado por pareja sin hijos,Hogar formado por pareja sin hijos,2,Person_7149|Person_7150,Getafe norte,city
HH_2785,5 o mas personas,San Nicasio,Hogar formado por pareja con hijos en donde algún hijo es menor de 25 años,Hogar formado por pareja con hijos en donde algún hijo es menor de 25 años,5,Person_7151|Person_7152|Person_7153|Person_7154|Person_7155,Getafe norte,city
HH_2786,1 persona,San Nicasio,Hogar con una mujer sola menor de 65 años,Hogar con una mujer sola menor de 65 años,1,Person_7156,,yes
HH_2787,3 personas,Sur,Hogar formado por pareja con hijos en donde algún hijo es menor de 25 años,Hogar formado por pareja con hijos en donde algún hijo es menor de 25 años,3,Person_7157|Person_7158|Person_7159,,yes
HH_2788,3 personas,Zarzaquemada,Otro tipo de hogar,Otro tipo de hogar,3,Person_7160|Person_7161|Person_7162,Alcorcon,city
HH_2789,3 personas,Sur,Hogar formado por pareja con hijos en donde todos los hijos de 25 años o más,Hogar formado por pareja con hijos en donde todos los hijos de 25 años o más,3,Person_7163|Person_7164|Person_7165,Madrid,city
HH_2790,3 personas,Sur,Hogar formado por pareja con hijos en donde todos los hijos de 25 años o más,Hogar formado por pareja con hijos en donde todos los hijos de 25 años o más,3,Person_7166|Person_7167|Person_7168,Madrid,city
HH_2791,2 personas,Carrascal,Otro tipo de hogar,Otro tipo de hogar,2,Person_7169|Person_7170,,residential
HH_2792,2 personas,Sur,Hogar formado por pareja sin hijos,Hogar formado por pareja sin hijos,2,Person_7171|Person_7172,,yes
HH_2793,4 personas,San Nicasio,Hogar formado por pareja con hijos en donde todos los hijos de 25 años o más,Hogar formado por pareja con hijos en donde todos los hijos de 25 años o más,4,Person_7173|Person_7174|Person_7175|Person_7176,,house
HH_2794,2 personas,Norte,Hogar formado por pareja sin hijos,Hogar formado por pareja sin hijos,2,Person_7177|Person_7178,Madrid,city
HH_2795,3 personas,Sur,Hogar con un solo progenitor que convive con todos sus hijos de 25 años o más,Hogar con un solo progenitor que convive con todos sus hijos de 25 años o más,3,Person_7179|Person_7180|Person_7181,,apartments
HH_2796,4 personas,Polvoranca,Hogar formado por pareja con hijos en donde todos los hijos de 25 años o más,Hogar formado por pareja con hijos en donde todos los hijos de 25 años o más,4,Person_7182|Person_7183|Person_7184|Person_7185,,semidetached_house
HH_2797,1 persona,Zarzaquemada,Hogar con un hombre solo de 65 años o más,Hogar con un hombre solo de 65 años o más,1,Person_7186,,apartments
HH_2798,5 o mas personas,Sur,Hogar formado por pareja con hijos en donde algún hijo es menor de 25 años,Hogar formado por pareja con hijos en donde algún hijo es menor de 25 años,5,Person_7187|Person_7188|Person_7189|Person_7190|Person_7191,,yes
HH_2799,4 personas,Fortuna,Hogar formado por pareja con hijos en donde algún hijo es menor de 25 años,Hogar formado por pareja con hijos en donde algún hijo es menor de 25 años,4,Person_7192|Person_7193|Person_7194|Person_7195,,yes
HH_2800,1 persona,Zarzaquemada,Hogar con un hombre solo de 65 años o más,Hogar con un hombre solo de 65 años o más,1,Person_7196,,residential
HH_2801,2 personas,Sur,Otro tipo de hogar,Otro tipo de hogar,2,Person_7197|Person_7198,,yes
HH_2802,1 persona,Polvoranca,Hogar con una mujer sola de 65 años o más,Hogar con una mujer sola de 65 años o más,1,Person_7199,,terrace
HH_2803,5 o mas personas,Carrascal,Hogar formado por pareja o un solo progenitor que convive con algún hijo menor de 25 años y otra(s) persona(s),Hogar formado por pareja o un solo progenitor que convive con algún hijo menor de 25 años y otra(s) persona(s),5,Person_7200|Person_7201|Person_7202|Person_7203|Person_7204,,yes
HH_2804,4 personas,Polvoranca,Hogar formado por pareja con hijos en donde algún hijo es menor de 25 años,Hogar formado por pareja con hijos en donde algún hijo es menor de 25 años,4,Person_7205|Person_7206|Person_7207|Person_7208,,semidetached_house
HH_2805,2 personas,Sur,Hogar formado por pareja sin hijos,Hogar formado por pareja sin hijos,2,Person_7209|Person_7210,Madrid,city
HH_2806,2 personas,San Nicasio,Hogar con un solo progenitor que convive con algún hijo menor de 25 años,Hogar con un solo progenitor que convive con algún hijo menor de 25 años,2,Person_7211|Person_7212,,yes
HH_2807,1 persona,Carrascal,Hogar con una mujer sola menor de 65 años,Hogar con una mujer sola menor de 65 años,1,Person_7213,,yes
HH_2808,1 persona,Zarzaquemada,Hogar con un hombre solo menor de 65 años,Hogar con un hombre solo menor de 65 años,1,Person_7214,,residential
HH_2809,2 personas,Carrascal,Hogar con un solo progenitor que convive con algún hijo menor de 25 años,Hogar con un solo progenitor que convive con algún hijo menor de 25 años,2,Person_7215|Person_7216,,house
HH_2810,2 personas,Carrascal,Hogar formado por pareja sin hijos,Hogar formado por pareja sin hijos,2,Person_7217|Person_7218,Fuenlabrada,city
HH_2811,1 persona,Sur,Hogar con una mujer sola de 65 años o más,Hogar con una mujer sola de 65 años o más,1,Person_7219,Getafe norte,city
HH_2812,1 persona,Carrascal,Hogar con una mujer sola menor de 65 años,Hogar con una mujer sola menor de 65 años,1,Person_7220,,yes
HH_2813,5 o mas personas,Sur,Hogar formado por pareja con hijos en donde todos los hijos de 25 años o más,Hogar formado por pareja con hijos en donde todos los hijos de 25 años o más,5,Person_7221|Person_7222|Person_7223|Person_7224|Person_7225,,yes
HH_2814,3 personas,Zarzaquemada,Hogar formado por pareja o un solo progenitor que convive con algún hijo menor de 25 años y otra(s) persona(s),Hogar formado por pareja o un solo progenitor que convive con algún hijo menor de 25 años y otra(s) persona(s),3,Person_7226|Person_7227|Person_7228,,apartments
HH_2815,2 personas,San Nicasio,Hogar con un solo progenitor que convive con algún hijo menor de 25 años,Hogar con un solo progenitor que convive con algún hijo menor de 25 años,2,Person_7229|Person_7230,,yes
HH_2816,2 personas,Carrascal,Hogar formado por pareja sin hijos,Hogar formado por pareja sin hijos,2,Person_7231|Person_7232,Getafe norte,city
HH_2817,1 persona,Zarzaquemada,Hogar con una mujer sola de 65 años o más,Hogar con una mujer sola de 65 años o más,1,Person_7233,Madrid,city
HH_2818,2 personas,Norte,Hogar formado por pareja sin hijos,Hogar formado por pareja sin hijos,2,Person_7234|Person_7235,,yes
HH_2819,4 personas,Norte,Hogar formado por pareja con hijos en donde algún hijo es menor de 25 años,Hogar formado por pareja con hijos en donde algún hijo es menor de 25 años,4,Person_7236|Person_7237|Person_7238|Person_7239,,apartments
HH_2820,2 personas,Zarzaquemada,Hogar formado por pareja sin hijos,Hogar formado por pareja sin hijos,2,Person_7240|Person_7241,,yes
HH_2821,1 persona,Zarzaquemada,Hogar con un hombre solo de 65 años o más,Hogar con un hombre solo de 65 años o más,1,Person_7242,,residential
HH_2822,3 personas,Sur,Otro tipo de hogar,Otro tipo de hogar,3,Person_7243|Person_7244|Person_7245,Madrid,city
HH_2823,1 persona,Carrascal,Hogar con una mujer sola de 65 años o más,Hogar con una mujer sola de 65 años o más,1,Person_7246,,apartments
HH_2824,3 personas,Zarzaquemada,Hogar con un solo progenitor que convive con todos sus hijos de 25 años o más,Hogar con un solo progenitor que convive con todos sus hijos de 25 años o más,3,Person_7247|Person_7248|Person_7249,,residential
HH_2825,4 personas,Carrascal,Hogar formado por pareja con hijos en donde todos los hijos de 25 años o más,Hogar formado por pareja con hijos en donde todos los hijos de 25 años o más,4,Person_7250|Person_7251|Person_7252|Person_7253,,yes
HH_2826,1 persona,Zarzaquemada,Hogar con una mujer sola de 65 años o más,Hogar con una mujer sola de 65 años o más,1,Person_7254,,yes
HH_2827,3 personas,Carrascal,Otro tipo de hogar,Otro tipo de hogar,3,Person_7255|Person_7256|Person_7257,,house
HH_2828,3 personas,Carrascal,Hogar formado por pareja con hijos en donde todos los hijos de 25 años o más,Hogar formado por pareja con hijos en donde todos los hijos de 25 años o más,3,Person_7258|Person_7259|Person_7260,,house
HH_2829,1 persona,Zarzaquemada,Hogar con un hombre solo de 65 años o más,Hogar con un hombre solo de 65 años o más,1,Person_7261,,residential
HH_2830,2 personas,San Nicasio,Hogar formado por pareja sin hijos,Hogar formado por pareja sin hijos,2,Person_7262|Person_7263,,yes
HH_2831,3 personas,Polvoranca,Hogar formado por pareja con hijos en donde todos los hijos de 25 años o más,Hogar formado por pareja con hijos en donde todos los hijos de 25 años o más,3,Person_7264|Person_7265|Person_7266,,semidetached_house
HH_2832,2 personas,Sur,Otro tipo de hogar,Otro tipo de hogar,2,Person_7267|Person_7268,,yes
HH_2833,1 persona,Zarzaquemada,Hogar con una mujer sola menor de 65 años,Hogar con una mujer sola menor de 65 años,1,Person_7269,,apartments
HH_2834,3 personas,Sur,Hogar formado por pareja con hijos en donde algún hijo es menor de 25 años,Hogar formado por pareja con hijos en donde algún hijo es menor de 25 años,3,Person_7270|Person_7271|Person_7272,,yes
HH_2835,5 o mas personas,Fortuna,Hogar formado por pareja o un solo progenitor que convive con algún hijo menor de 25 años y otra(s) persona(s),Hogar formado por pareja o un solo progenitor que convive con algún hijo menor de 25 años y otra(s) persona(s),5,Person_7273|Person_7274|Person_7275|Person_7276|Person_7277,Getafe norte,city
HH_2836,3 personas,Carrascal,Hogar formado por pareja con hijos en donde algún hijo es menor de 25 años,Hogar formado por pareja con hijos en donde algún hijo es menor de 25 años,3,Person_7278|Person_7279|Person_7280,,yes
HH_2837,1 persona,Polvoranca,Hogar con un hombre solo menor de 65 años,Hogar con un hombre solo menor de 65 años,1,Person_7281,Madrid,city
HH_2838,1 persona,Sur,Hogar con una mujer sola de 65 años o más,Hogar con una mujer sola de 65 años o más,1,Person_7282,,yes
HH_2839,1 persona,Zarzaquemada,Hogar con un hombre solo menor de 65 años,Hogar con un hombre solo menor de 65 años,1,Person_7283,Madrid,city
HH_2840,4 personas,Zarzaquemada,Hogar formado por pareja con hijos en donde algún hijo es menor de 25 años,Hogar formado por pareja con hijos en donde algún hijo es menor de 25 años,4,Person_7284|Person_7285|Person_7286|Person_7287,,residential
HH_2841,2 personas,Carrascal,Hogar con un solo progenitor que convive con todos sus hijos de 25 años o más,Hogar con un solo progenitor que convive con todos sus hijos de 25 años o más,2,Person_7288|Person_7289,,apartments
HH_2842,1 persona,San Nicasio,Hogar con una mujer sola menor de 65 años,Hogar con una mujer sola menor de 65 años,1,Person_7290,,yes
HH_2843,2 personas,Sur,Hogar formado por pareja sin hijos,Hogar formado por pareja sin hijos,2,Person_7291|Person_7292,,residential
HH_2844,4 personas,Polvoranca,Hogar formado por pareja o un solo progenitor que convive con algún hijo menor de 25 años y otra(s) persona(s),Hogar formado por pareja o un solo progenitor que convive con algún hijo menor de 25 años y otra(s) persona(s),4,Person_7293|Person_7294|Person_7295|Person_7296,,semidetached_house
HH_2845,1 persona,Norte,Hogar con una mujer sola menor de 65 años,Hogar con una mujer sola menor de 65 años,1,Person_7297,La Plaza Leganés,yes
HH_2846,1 persona,Polvoranca,Hogar con una mujer sola menor de 65 años,Hogar con una mujer sola menor de 65 años,1,Person_7298,Madrid,city
HH_2847,5 o mas personas,Zarzaquemada,Hogar formado por pareja con hijos en donde algún hijo es menor de 25 años,Hogar formado por pareja con hijos en donde algún hijo es menor de 25 años,5,Person_7299|Person_7300|Person_7301|Person_7302|Person_7303,,residential
HH_2848,3 personas,Fortuna,Hogar formado por pareja con hijos en donde todos los hijos de 25 años o más,Hogar formado por pareja con hijos en donde todos los hijos de 25 años o más,3,Person_7304|Person_7305|Person_7306,,yes
HH_2849,3 personas,Zarzaquemada,Hogar formado por pareja con hijos en donde todos los hijos de 25 años o más,Hogar formado por pareja con hijos en donde todos los hijos de 25 años o más,3,Person_7307|Person_7308|Person_7309,,apartments
HH_2850,2 personas,Zarzaquemada,Hogar formado por pareja sin hijos,Hogar formado por pareja sin hijos,2,Person_7310|Person_7311,,apartments
HH_2851,3 personas,Carrascal,Hogar con un solo progenitor que convive con todos sus hijos de 25 años o más,Hogar con un solo progenitor que convive con todos sus hijos de 25 años o más,3,Person_7312|Person_7313|Person_7314,,yes
HH_2852,1 persona,Sur,Hogar con un hombre solo menor de 65 años,Hogar con un hombre solo menor de 65 años,1,Person_7315,Madrid,city
HH_2853,4 personas,Norte,Hogar formado por pareja o un solo progenitor que convive con algún hijo menor de 25 años y otra(s) persona(s),Hogar formado por pareja o un solo progenitor que convive con algún hijo menor de 25 años y otra(s) persona(s),4,Person_7316|Person_7317|Person_7318|Person_7319,Madrid,city
HH_2854,1 persona,San Nicasio,Hogar con un hombre solo menor de 65 años,Hogar con un hombre solo menor de 65 años,1,Person_7320,Getafe norte,city
HH_2855,5 o mas personas,Sur,Hogar formado por pareja o un solo progenitor que convive con algún hijo menor de 25 años y otra(s) persona(s),Hogar formado por pareja o un solo progenitor que convive con algún hijo menor de 25 años y otra(s) persona(s),5,Person_7321|Person_7322|Person_7323|Person_7324|Person_7325,Madrid,city
HH_2856,2 personas,Carrascal,Hogar formado por pareja sin hijos,Hogar formado por pareja sin hijos,2,Person_7326|Person_7327,,semidetached_house
HH_2857,3 personas,San Nicasio,Hogar formado por pareja con hijos en donde todos los hijos de 25 años o más,Hogar formado por pareja con hijos en donde todos los hijos de 25 años o más,3,Person_7328|Person_7329|Person_7330,,house
HH_2858,3 personas,Carrascal,Hogar formado por pareja con hijos en donde algún hijo es menor de 25 años,Hogar formado por pareja con hijos en donde algún hijo es menor de 25 años,3,Person_7331|Person_7332|Person_7333,,semidetached_house
HH_2859,2 personas,Carrascal,Hogar formado por pareja sin hijos,Hogar formado por pareja sin hijos,2,Person_7334|Person_7335,Mostoles,city
HH_2860,2 personas,Norte,Hogar formado por pareja sin hijos,Hogar formado por pareja sin hijos,2,Person_7336|Person_7337,,apartments
HH_2861,2 personas,Zarzaquemada,Otro tipo de hogar,Otro tipo de hogar,2,Person_7338|Person_7339,,residential
HH_2862,3 personas,Carrascal,Hogar formado por pareja con hijos en donde algún hijo es menor de 25 años,Hogar formado por pareja con hijos en donde algún hijo es menor de 25 años,3,Person_7340|Person_7341|Person_7342,,yes
HH_2863,3 personas,Zarzaquemada,Hogar formado por pareja con hijos en donde algún hijo es menor de 25 años,Hogar formado por pareja con hijos en donde algún hijo es menor de 25 años,3,Person_7343|Person_7344|Person_7345,,apartments
HH_2864,2 personas,Norte,Hogar con un solo progenitor que convive con todos sus hijos de 25 años o más,Hogar con un solo progenitor que convive con todos sus hijos de 25 años o más,2,Person_7346|Person_7347,,apartments
HH_2865,2 personas,Polvoranca,Hogar formado por pareja sin hijos,Hogar formado por pareja sin hijos,2,Person_7348|Person_7349,,semidetached_house
HH_2866,1 persona,Carrascal,Hogar con una mujer sola de 65 años o más,Hogar con una mujer sola de 65 años o más,1,Person_7350,,apartments
HH_2867,4 personas,Zarzaquemada,Otro tipo de hogar,Otro tipo de hogar,4,Person_7351|Person_7352|Person_7353|Person_7354,,residential
HH_2868,3 personas,Norte,Otro tipo de hogar,Otro tipo de hogar,3,Person_7355|Person_7356|Person_7357,Mostoles,city
HH_2869,4 personas,Carrascal,Hogar formado por pareja con hijos en donde algún hijo es menor de 25 años,Hogar formado por pareja con hijos en donde algún hijo es menor de 25 años,4,Person_7358|Person_7359|Person_7360|Person_7361,,detached
HH_2870,2 personas,Zarzaquemada,Hogar con un solo progenitor que convive con todos sus hijos de 25 años o más,Hogar con un solo progenitor que convive con todos sus hijos de 25 años o más,2,Person_7362|Person_7363,,residential
HH_2871,4 personas,Carrascal,Hogar formado por pareja con hijos en donde algún hijo es menor de 25 años,Hogar formado por pareja con hijos en donde algún hijo es menor de 25 años,4,Person_7364|Person_7365|Person_7366|Person_7367,,semidetached_house
HH_2872,3 personas,San Nicasio,Otro tipo de hogar,Otro tipo de hogar,3,Person_7368|Person_7369|Person_7370,,yes
HH_2873,2 personas,San Nicasio,Hogar formado por pareja sin hijos,Hogar formado por pareja sin hijos,2,Person_7371|Person_7372,,apartments
HH_2874,4 personas,Zarzaquemada,Hogar formado por pareja con hijos en donde algún hijo es menor de 25 años,Hogar formado por pareja con hijos en donde algún hijo es menor de 25 años,4,Person_7373|Person_7374|Person_7375|Person_7376,,residential
HH_2875,2 personas,Carrascal,Hogar formado por pareja sin hijos,Hogar formado por pareja sin hijos,2,Person_7377|Person_7378,,yes
HH_2876,1 persona,Zarzaquemada,Hogar con una mujer sola de 65 años o más,Hogar con una mujer sola de 65 años o más,1,Person_7379,Extremadura,city
HH_2877,1 persona,Zarzaquemada,Hogar con un hombre solo menor de 65 años,Hogar con un hombre solo menor de 65 años,1,Person_7380,,apartments
HH_2878,2 personas,San Nicasio,Hogar con un solo progenitor que convive con todos sus hijos de 25 años o más,Hogar con un solo progenitor que convive con todos sus hijos de 25 años o más,2,Person_7381|Person_7382,,semidetached_house
HH_2879,3 personas,Norte,Hogar formado por pareja o un solo progenitor que convive con algún hijo menor de 25 años y otra(s) persona(s),Hogar formado por pareja o un solo progenitor que convive con algún hijo menor de 25 años y otra(s) persona(s),3,Person_7383|Person_7384|Person_7385,Madrid,city
HH_2880,3 personas,Zarzaquemada,Hogar formado por pareja con hijos en donde algún hijo es menor de 25 años,Hogar formado por pareja con hijos en donde algún hijo es menor de 25 años,3,Person_7386|Person_7387|Person_7388,,apartments
HH_2881,2 personas,Sur,Hogar formado por pareja sin hijos,Hogar formado por pareja sin hijos,2,Person_7389|Person_7390,,yes
HH_2882,1 persona,Carrascal,Hogar con una mujer sola de 65 años o más,Hogar con una mujer sola de 65 años o más,1,Person_7391,Mostoles,city
HH_2883,1 persona,Carrascal,Hogar con una mujer sola de 65 años o más,Hogar con una mujer sola de 65 años o más,1,Person_7392,Getafe norte,city
HH_2884,2 personas,Zarzaquemada,Hogar formado por pareja sin hijos,Hogar formado por pareja sin hijos,2,Person_7393|Person_7394,,apartments
HH_2885,3 personas,Fortuna,Hogar con un solo progenitor que convive con algún hijo menor de 25 años,Hogar con un solo progenitor que convive con algún hijo menor de 25 años,3,Person_7395|Person_7396|Person_7397,,yes
HH_2886,4 personas,San Nicasio,Hogar formado por pareja con hijos en donde algún hijo es menor de 25 años,Hogar formado por pareja con hijos en donde algún hijo es menor de 25 años,4,Person_7398|Person_7399|Person_7400|Person_7401,Fuenlabrada,city
HH_2887,4 personas,Zarzaquemada,Hogar formado por pareja con hijos en donde algún hijo es menor de 25 años,Hogar formado por pareja con hijos en donde algún hijo es menor de 25 años,4,Person_7402|Person_7403|Person_7404|Person_7405,Mostoles,city
HH_2888,1 persona,Norte,Hogar con una mujer sola de 65 años o más,Hogar con una mujer sola de 65 años o más,1,Person_7406,,yes
HH_2889,5 o mas personas,Carrascal,Hogar formado por pareja o un solo progenitor que convive con algún hijo menor de 25 años y otra(s) persona(s),Hogar formado por pareja o un solo progenitor que convive con algún hijo menor de 25 años y otra(s) persona(s),5,Person_7407|Person_7408|Person_7409|Person_7410|Person_7411,,house
HH_2890,3 personas,Fortuna,Hogar formado por pareja con hijos en donde todos los hijos de 25 años o más,Hogar formado por pareja con hijos en donde todos los hijos de 25 años o más,3,Person_7412|Person_7413|Person_7414,,yes
HH_2891,3 personas,Sur,Hogar formado por pareja con hijos en donde todos los hijos de 25 años o más,Hogar formado por pareja con hijos en donde todos los hijos de 25 años o más,3,Person_7415|Person_7416|Person_7417,,apartments
HH_2892,1 persona,Sur,Hogar con un hombre solo de 65 años o más,Hogar con un hombre solo de 65 años o más,1,Person_7418,,yes
HH_2893,1 persona,San Nicasio,Hogar con una mujer sola menor de 65 años,Hogar con una mujer sola menor de 65 años,1,Person_7419,,semidetached_house
HH_2894,1 persona,Zarzaquemada,Hogar con un hombre solo de 65 años o más,Hogar con un hombre solo de 65 años o más,1,Person_7420,Fuenlabrada,city
HH_2895,1 persona,San Nicasio,Hogar con una mujer sola de 65 años o más,Hogar con una mujer sola de 65 años o más,1,Person_7421,,semidetached_house
HH_2896,3 personas,Carrascal,Hogar formado por pareja con hijos en donde algún hijo es menor de 25 años,Hogar formado por pareja con hijos en donde algún hijo es menor de 25 años,3,Person_7422|Person_7423|Person_7424,,semidetached_house
HH_2897,1 persona,Carrascal,Hogar con una mujer sola menor de 65 años,Hogar con una mujer sola menor de 65 años,1,Person_7425,,yes
HH_2898,1 persona,Norte,Hogar con una mujer sola menor de 65 años,Hogar con una mujer sola menor de 65 años,1,Person_7426,,yes
HH_2899,4 personas,San Nicasio,Hogar formado por pareja con hijos en donde algún hijo es menor de 25 años,Hogar formado por pareja con hijos en donde algún hijo es menor de 25 años,4,Person_7427|Person_7428|Person_7429|Person_7430,,house
HH_2900,5 o mas personas,Carrascal,Hogar formado por pareja o un solo progenitor que convive con algún hijo menor de 25 años y otra(s) persona(s),Hogar formado por pareja o un solo progenitor que convive con algún hijo menor de 25 años y otra(s) persona(s),5,Person_7431|Person_7432|Person_7433|Person_7434|Person_7435,,yes
HH_2901,2 personas,Fortuna,Hogar con un solo progenitor que convive con algún hijo menor de 25 años,Hogar con un solo progenitor que convive con algún hijo menor de 25 años,2,Person_7436|Person_7437,,yes
HH_2902,3 personas,Sur,Hogar formado por pareja con hijos en donde todos los hijos de 25 años o más,Hogar formado por pareja con hijos en donde todos los hijos de 25 años o más,3,Person_7438|Person_7439|Person_7440,,yes
HH_2903,4 personas,Zarzaquemada,Hogar formado por pareja con hijos en donde algún hijo es menor de 25 años,Hogar formado por pareja con hijos en donde algún hijo es menor de 25 años,4,Person_7441|Person_7442|Person_7443|Person_7444,Madrid,city
HH_2904,2 personas,Zarzaquemada,Hogar formado por pareja sin hijos,Hogar formado por pareja sin hijos,2,Person_7445|Person_7446,Madrid,city
HH_2905,1 persona,Fortuna,Hogar con una mujer sola menor de 65 años,Hogar con una mujer sola menor de 65 años,1,Person_7447,,residential
HH_2906,1 persona,San Nicasio,Hogar con un hombre solo menor de 65 años,Hogar con un hombre solo menor de 65 años,1,Person_7448,,semidetached_house
HH_2907,4 personas,Norte,Hogar formado por pareja o un solo progenitor que convive con algún hijo menor de 25 años y otra(s) persona(s),Hogar formado por pareja o un solo progenitor que convive con algún hijo menor de 25 años y otra(s) persona(s),4,Person_7449|Person_7450|Person_7451|Person_7452,,apartments
HH_2908,1 persona,San Nicasio,Hogar con un hombre solo menor de 65 años,Hogar con un hombre solo menor de 65 años,1,Person_7453,Madrid,city
HH_2909,3 personas,Zarzaquemada,Hogar formado por pareja con hijos en donde algún hijo es menor de 25 años,Hogar formado por pareja con hijos en donde algún hijo es menor de 25 años,3,Person_7454|Person_7455|Person_7456,,residential
HH_2910,3 personas,Zarzaquemada,Hogar formado por pareja con hijos en donde algún hijo es menor de 25 años,Hogar formado por pareja con hijos en donde algún hijo es menor de 25 años,3,Person_7457|Person_7458|Person_7459,,residential
HH_2911,1 persona,Zarzaquemada,Hogar con una mujer sola de 65 años o más,Hogar con una mujer sola de 65 años o más,1,Person_7460,,residential
HH_2912,4 personas,Carrascal,Hogar formado por pareja con hijos en donde todos los hijos de 25 años o más,Hogar formado por pareja con hijos en donde todos los hijos de 25 años o más,4,Person_7461|Person_7462|Person_7463|Person_7464,,apartments
HH_2913,2 personas,Sur,Hogar formado por pareja sin hijos,Hogar formado por pareja sin hijos,2,Person_7465|Person_7466,Madrid,city
HH_2914,2 personas,Zarzaquemada,Hogar formado por pareja sin hijos,Hogar formado por pareja sin hijos,2,Person_7467|Person_7468,,apartments
HH_2915,3 personas,San Nicasio,Hogar formado por pareja con hijos en donde algún hijo es menor de 25 años,Hogar formado por pareja con hijos en donde algún hijo es menor de 25 años,3,Person_7469|Person_7470|Person_7471,,semidetached_house
HH_2916,3 personas,Carrascal,Otro tipo de hogar,Otro tipo de hogar,3,Person_7472|Person_7473|Person_7474,,apartments
HH_2917,4 personas,San Nicasio,Hogar formado por pareja con hijos en donde algún hijo es menor de 25 años,Hogar formado por pareja con hijos en donde algún hijo es menor de 25 años,4,Person_7475|Person_7476|Person_7477|Person_7478,,yes
HH_2918,2 personas,Sur,Hogar formado por pareja sin hijos,Hogar formado por pareja sin hijos,2,Person_7479|Person_7480,,yes
HH_2919,5 o mas personas,Zarzaquemada,Hogar formado por pareja con hijos en donde algún hijo es menor de 25 años,Hogar formado por pareja con hijos en donde algún hijo es menor de 25 años,5,Person_7481|Person_7482|Person_7483|Person_7484|Person_7485,,apartments
HH_2920,5 o mas personas,Zarzaquemada,Hogar formado por pareja o un solo progenitor que convive con algún hijo menor de 25 años y otra(s) persona(s),Hogar formado por pareja o un solo progenitor que convive con algún hijo menor de 25 años y otra(s) persona(s),5,Person_7486|Person_7487|Person_7488|Person_7489|Person_7490,,apartments
HH_2921,5 o mas personas,Norte,Hogar formado por pareja con hijos en donde algún hijo es menor de 25 años,Hogar formado por pareja con hijos en donde algún hijo es menor de 25 años,5,Person_7491|Person_7492|Person_7493|Person_7494|Person_7495,,yes
HH_2922,4 personas,Carrascal,Hogar formado por pareja con hijos en donde algún hijo es menor de 25 años,Hogar formado por pareja con hijos en donde algún hijo es menor de 25 años,4,Person_7496|Person_7497|Person_7498|Person_7499,,yes
HH_2923,2 personas,Sur,Hogar formado por pareja sin hijos,Hogar formado por pareja sin hijos,2,Person_7500|Person_7501,,yes
HH_2924,1 persona,San Nicasio,Hogar con una mujer sola de 65 años o más,Hogar con una mujer sola de 65 años o más,1,Person_7502,,house
HH_2925,4 personas,Zarzaquemada,Hogar formado por pareja con hijos en donde algún hijo es menor de 25 años,Hogar formado por pareja con hijos en donde algún hijo es menor de 25 años,4,Person_7503|Person_7504|Person_7505|Person_7506,,residential
HH_2926,2 personas,Polvoranca,Otro tipo de hogar,Otro tipo de hogar,2,Person_7507|Person_7508,Mostoles,city
HH_2927,2 personas,Zarzaquemada,Hogar formado por pareja sin hijos,Hogar formado por pareja sin hijos,2,Person_7509|Person_7510,,residential
HH_2928,4 personas,Carrascal,Hogar formado por pareja con hijos en donde algún hijo es menor de 25 años,Hogar formado por pareja con hijos en donde algún hijo es menor de 25 años,4,Person_7511|Person_7512|Person_7513|Person_7514,Fuenlabrada,city
HH_2929,2 personas,Sur,Hogar formado por pareja sin hijos,Hogar formado por pareja sin hijos,2,Person_7515|Person_7516,Madrid,city
HH_2930,3 personas,Zarzaquemada,Hogar formado por pareja con hijos en donde todos los hijos de 25 años o más,Hogar formado por pareja con hijos en donde todos los hijos de 25 años o más,3,Person_7517|Person_7518|Person_7519,,apartments
HH_2931,4 personas,Sur,Hogar formado por pareja con hijos en donde algún hijo es menor de 25 años,Hogar formado por pareja con hijos en donde algún hijo es menor de 25 años,4,Person_7520|Person_7521|Person_7522|Person_7523,Madrid,city
HH_2932,2 personas,San Nicasio,Hogar formado por pareja sin hijos,Hogar formado por pareja sin hijos,2,Person_7524|Person_7525,,residential
HH_2933,4 personas,Zarzaquemada,Hogar formado por pareja con hijos en donde algún hijo es menor de 25 años,Hogar formado por pareja con hijos en donde algún hijo es menor de 25 años,4,Person_7526|Person_7527|Person_7528|Person_7529,,residential
HH_2934,2 personas,Carrascal,Hogar formado por pareja sin hijos,Hogar formado por pareja sin hijos,2,Person_7530|Person_7531,,yes
HH_2935,2 personas,Sur,Hogar con un solo progenitor que convive con algún hijo menor de 25 años,Hogar con un solo progenitor que convive con algún hijo menor de 25 años,2,Person_7532|Person_7533,,apartments
HH_2936,1 persona,Sur,Hogar con una mujer sola de 65 años o más,Hogar con una mujer sola de 65 años o más,1,Person_7534,,yes
HH_2937,3 personas,Carrascal,Hogar con un solo progenitor que convive con algún hijo menor de 25 años,Hogar con un solo progenitor que convive con algún hijo menor de 25 años,3,Person_7535|Person_7536|Person_7537,Madrid,city
HH_2938,5 o mas personas,Zarzaquemada,Hogar formado por pareja con hijos en donde algún hijo es menor de 25 años,Hogar formado por pareja con hijos en donde algún hijo es menor de 25 años,5,Person_7538|Person_7539|Person_7540|Person_7541|Person_7542,Mostoles,city
HH_2939,3 personas,San Nicasio,Hogar formado por pareja con hijos en donde todos los hijos de 25 años o más,Hogar formado por pareja con hijos en donde todos los hijos de 25 años o más,3,Person_7543|Person_7544|Person_7545,,yes
HH_2940,5 o mas personas,Polvoranca,Hogar formado por pareja con hijos en donde algún hijo es menor de 25 años,Hogar formado por pareja con hijos en donde algún hijo es menor de 25 años,5,Person_7546|Person_7547|Person_7548|Person_7549|Person_7550,Getafe norte,city
HH_2941,2 personas,Sur,Hogar con un solo progenitor que convive con todos sus hijos de 25 años o más,Hogar con un solo progenitor que convive con todos sus hijos de 25 años o más,2,Person_7551|Person_7552,,house
HH_2942,4 personas,San Nicasio,Otro tipo de hogar,Otro tipo de hogar,4,Person_7553|Person_7554|Person_7555|Person_7556,,semidetached_house
HH_2943,5 o mas personas,Zarzaquemada,Otro tipo de hogar,Otro tipo de hogar,5,Person_7557|Person_7558|Person_7559|Person_7560|Person_7561,,residential
HH_2944,2 personas,Carrascal,Hogar formado por pareja sin hijos,Hogar formado por pareja sin hijos,2,Person_7562|Person_7563,Madrid,city
HH_2945,2 personas,Sur,Hogar formado por pareja sin hijos,Hogar formado por pareja sin hijos,2,Person_7564|Person_7565,,yes
HH_2946,5 o mas personas,Norte,Hogar formado por pareja o un solo progenitor que convive con algún hijo menor de 25 años y otra(s) persona(s),Hogar formado por pareja o un solo progenitor que convive con algún hijo menor de 25 años y otra(s) persona(s),5,Person_7566|Person_7567|Person_7568|Person_7569|Person_7570,,yes
HH_2947,1 persona,Carrascal,Hogar con un hombre solo menor de 65 años,Hogar con un hombre solo menor de 65 años,1,Person_7571,,house
HH_2948,2 personas,Norte,Hogar con un solo progenitor que convive con todos sus hijos de 25 años o más,Hogar con un solo progenitor que convive con todos sus hijos de 25 años o más,2,Person_7572|Person_7573,,yes
HH_2949,2 personas,Polvoranca,Hogar con un solo progenitor que convive con todos sus hijos de 25 años o más,Hogar con un solo progenitor que convive con todos sus hijos de 25 años o más,2,Person_7574|Person_7575,,house
HH_2950,3 personas,Norte,Hogar formado por pareja con hijos en donde algún hijo es menor de 25 años,Hogar formado por pareja con hijos en donde algún hijo es menor de 25 años,3,Person_7576|Person_7577|Person_7578,,yes
HH_2951,2 personas,San Nicasio,Hogar formado por pareja sin hijos,Hogar formado por pareja sin hijos,2,Person_7579|Person_7580,Alcorcon,city
HH_2952,4 personas,San Nicasio,Hogar formado por pareja con hijos en donde algún hijo es menor de 25 años,Hogar formado por pareja con hijos en donde algún hijo es menor de 25 años,4,Person_7581|Person_7582|Person_7583|Person_7584,,yes
HH_2953,3 personas,Zarzaquemada,Hogar formado por pareja con hijos en donde algún hijo es menor de 25 años,Hogar formado por pareja con hijos en donde algún hijo es menor de 25 años,3,Person_7585|Person_7586|Person_7587,,apartments
HH_2954,3 personas,San Nicasio,Hogar formado por pareja con hijos en donde todos los hijos de 25 años o más,Hogar formado por pareja con hijos en donde todos los hijos de 25 años o más,3,Person_7588|Person_7589|Person_7590,,yes
HH_2955,5 o mas personas,Zarzaquemada,Hogar formado por pareja o un solo progenitor que convive con algún hijo menor de 25 años y otra(s) persona(s),Hogar formado por pareja o un solo progenitor que convive con algún hijo menor de 25 años y otra(s) persona(s),5,Person_7591|Person_7592|Person_7593|Person_7594|Person_7595,,residential
HH_2956,2 personas,Polvoranca,Hogar formado por pareja sin hijos,Hogar formado por pareja sin hijos,2,Person_7596|Person_7597,,semidetached_house
HH_2957,2 personas,Sur,Hogar formado por pareja sin hijos,Hogar formado por pareja sin hijos,2,Person_7598|Person_7599,Madrid,city
HH_2958,1 persona,San Nicasio,Hogar con una mujer sola de 65 años o más,Hogar con una mujer sola de 65 años o más,1,Person_7600,,house
HH_2959,1 persona,Zarzaquemada,Hogar con un hombre solo menor de 65 años,Hogar con un hombre solo menor de 65 años,1,Person_7601,,residential
HH_2960,3 personas,Carrascal,Hogar formado por pareja con hijos en donde algún hijo es menor de 25 años,Hogar formado por pareja con hijos en donde algún hijo es menor de 25 años,3,Person_7602|Person_7603|Person_7604,,detached
HH_2961,2 personas,Sur,Hogar formado por pareja sin hijos,Hogar formado por pareja sin hijos,2,Person_7605|Person_7606,Madrid,city
HH_2962,2 personas,Fortuna,Hogar con un solo progenitor que convive con todos sus hijos de 25 años o más,Hogar con un solo progenitor que convive con todos sus hijos de 25 años o más,2,Person_7607|Person_7608,,yes
HH_2963,1 persona,Zarzaquemada,Hogar con un hombre solo menor de 65 años,Hogar con un hombre solo menor de 65 años,1,Person_7609,,residential
HH_2964,2 personas,Sur,Hogar formado por pareja sin hijos,Hogar formado por pareja sin hijos,2,Person_7610|Person_7611,,yes
HH_2965,2 personas,Sur,Hogar formado por pareja sin hijos,Hogar formado por pareja sin hijos,2,Person_7612|Person_7613,,yes
HH_2966,3 personas,Zarzaquemada,Hogar con un solo progenitor que convive con algún hijo menor de 25 años,Hogar con un solo progenitor que convive con algún hijo menor de 25 años,3,Person_7614|Person_7615|Person_7616,Madrid,city
HH_2967,5 o mas personas,Sur,Hogar formado por pareja o un solo progenitor que convive con algún hijo menor de 25 años y otra(s) persona(s),Hogar formado por pareja o un solo progenitor que convive con algún hijo menor de 25 años y otra(s) persona(s),5,Person_7617|Person_7618|Person_7619|Person_7620|Person_7621,Madrid,city
HH_2968,4 personas,Sur,Hogar formado por pareja con hijos en donde algún hijo es menor de 25 años,Hogar formado por pareja con hijos en donde algún hijo es menor de 25 años,4,Person_7622|Person_7623|Person_7624|Person_7625,Madrid,city
HH_2969,1 persona,Zarzaquemada,Hogar con una mujer sola de 65 años o más,Hogar con una mujer sola de 65 años o más,1,Person_7626,,apartments
HH_2970,3 personas,Zarzaquemada,Hogar formado por pareja con hijos en donde todos los hijos de 25 años o más,Hogar formado por pareja con hijos en donde todos los hijos de 25 años o más,3,Person_7627|Person_7628|Person_7629,Alcorcon,city
HH_2971,1 persona,Polvoranca,Hogar con una mujer sola de 65 años o más,Hogar con una mujer sola de 65 años o más,1,Person_7630,,house
HH_2972,3 personas,Carrascal,Hogar formado por pareja con hijos en donde todos los hijos de 25 años o más,Hogar formado por pareja con hijos en donde todos los hijos de 25 años o más,3,Person_7631|Person_7632|Person_7633,,residential
HH_2973,2 personas,Polvoranca,Hogar formado por pareja sin hijos,Hogar formado por pareja sin hijos,2,Person_7634|Person_7635,Getafe norte,city
HH_2974,2 personas,Zarzaquemada,Hogar formado por pareja sin hijos,Hogar formado por pareja sin hijos,2,Person_7636|Person_7637,,apartments
HH_2975,2 personas,Norte,Hogar formado por pareja sin hijos,Hogar formado por pareja sin hijos,2,Person_7638|Person_7639,,apartments
HH_2976,1 persona,San Nicasio,Hogar con una mujer sola de 65 años o más,Hogar con una mujer sola de 65 años o más,1,Person_7640,,terrace
HH_2977,4 personas,Norte,Hogar formado por pareja con hijos en donde algún hijo es menor de 25 años,Hogar formado por pareja con hijos en donde algún hijo es menor de 25 años,4,Person_7641|Person_7642|Person_7643|Person_7644,,apartments
HH_2978,4 personas,San Nicasio,Hogar formado por pareja o un solo progenitor que convive con algún hijo menor de 25 años y otra(s) persona(s),Hogar formado por pareja o un solo progenitor que convive con algún hijo menor de 25 años y otra(s) persona(s),4,Person_7645|Person_7646|Person_7647|Person_7648,,terrace
HH_2979,5 o mas personas,Carrascal,Hogar formado por pareja o un solo progenitor que convive con algún hijo menor de 25 años y otra(s) persona(s),Hogar formado por pareja o un solo progenitor que convive con algún hijo menor de 25 años y otra(s) persona(s),5,Person_7649|Person_7650|Person_7651|Person_7652|Person_7653,Madrid,city
HH_2980,4 personas,Zarzaquemada,Hogar formado por pareja con hijos en donde algún hijo es menor de 25 años,Hogar formado por pareja con hijos en donde algún hijo es menor de 25 años,4,Person_7654|Person_7655|Person_7656|Person_7657,Madrid,city
HH_2981,5 o mas personas,Sur,Hogar formado por pareja con hijos en donde algún hijo es menor de 25 años,Hogar formado por pareja con hijos en donde algún hijo es menor de 25 años,5,Person_7658|Person_7659|Person_7660|Person_7661|Person_7662,,yes
HH_2982,5 o mas personas,Sur,Hogar formado por pareja o un solo progenitor que convive con algún hijo menor de 25 años y otra(s) persona(s),Hogar formado por pareja o un solo progenitor que convive con algún hijo menor de 25 años y otra(s) persona(s),5,Person_7663|Person_7664|Person_7665|Person_7666|Person_7667,,yes
HH_2983,3 personas,Carrascal,Hogar formado por pareja con hijos en donde todos los hijos de 25 años o más,Hogar formado por pareja con hijos en donde todos los hijos de 25 años o más,3,Person_7668|Person_7669|Person_7670,,semidetached_house
HH_2984,2 personas,Polvoranca,Hogar con un solo progenitor que convive con algún hijo menor de 25 años,Hogar con un solo progenitor que convive con algún hijo menor de 25 años,2,Person_7671|Person_7672,Madrid,city
HH_2985,1 persona,Carrascal,Hogar con una mujer sola de 65 años o más,Hogar con una mujer sola de 65 años o más,1,Person_7673,,semidetached_house
HH_2986,2 personas,Norte,Hogar formado por pareja sin hijos,Hogar formado por pareja sin hijos,2,Person_7674|Person_7675,Alcorcon,city
HH_2987,3 personas,San Nicasio,Hogar formado por pareja con hijos en donde algún hijo es menor de 25 años,Hogar formado por pareja con hijos en donde algún hijo es menor de 25 años,3,Person_7676|Person_7677|Person_7678,,semidetached_house
HH_2988,4 personas,Zarzaquemada,Hogar formado por pareja o un solo progenitor que convive con algún hijo menor de 25 años y otra(s) persona(s),Hogar formado por pareja o un solo progenitor que convive con algún hijo menor de 25 años y otra(s) persona(s),4,Person_7679|Person_7680|Person_7681|Person_7682,,residential
HH_2989,5 o mas personas,San Nicasio,Hogar formado por pareja o un solo progenitor que convive con algún hijo menor de 25 años y otra(s) persona(s),Hogar formado por pareja o un solo progenitor que convive con algún hijo menor de 25 años y otra(s) persona(s),5,Person_7683|Person_7684|Person_7685|Person_7686|Person_7687,Madrid,city
HH_2990,4 personas,San Nicasio,Hogar formado por pareja con hijos en donde algún hijo es menor de 25 años,Hogar formado por pareja con hijos en donde algún hijo es menor de 25 años,4,Person_7688|Person_7689|Person_7690|Person_7691,,house
HH_2991,3 personas,Zarzaquemada,Hogar formado por pareja con hijos en donde algún hijo es menor de 25 años,Hogar formado por pareja con hijos en donde algún hijo es menor de 25 años,3,Person_7692|Person_7693|Person_7694,,apartments
HH_2992,4 personas,Polvoranca,Hogar formado por pareja con hijos en donde algún hijo es menor de 25 años,Hogar formado por pareja con hijos en donde algún hijo es menor de 25 años,4,Person_7695|Person_7696|Person_7697|Person_7698,Madrid,city
HH_2993,5 o mas personas,Fortuna,Hogar formado por pareja o un solo progenitor que convive con algún hijo menor de 25 años y otra(s) persona(s),Hogar formado por pareja o un solo progenitor que convive con algún hijo menor de 25 años y otra(s) persona(s),5,Person_7699|Person_7700|Person_7701|Person_7702|Person_7703,,yes
HH_2994,3 personas,Sur,Otro tipo de hogar,Otro tipo de hogar,3,Person_7704|Person_7705|Person_7706,Fuenlabrada,city
HH_2995,1 persona,Zarzaquemada,Hogar con un hombre solo menor de 65 años,Hogar con un hombre solo menor de 65 años,1,Person_7707,,residential
HH_2996,3 personas,Norte,Hogar con un solo progenitor que convive con todos sus hijos de 25 años o más,Hogar con un solo progenitor que convive con todos sus hijos de 25 años o más,3,Person_7708|Person_7709|Person_7710,,apartments
HH_2997,5 o mas personas,Sur,Hogar formado por pareja con hijos en donde algún hijo es menor de 25 años,Hogar formado por pareja con hijos en donde algún hijo es menor de 25 años,5,Person_7711|Person_7712|Person_7713|Person_7714|Person_7715,Mostoles,city
HH_2998,3 personas,San Nicasio,Otro tipo de hogar,Otro tipo de hogar,3,Person_7716|Person_7717|Person_7718,Madrid,city
HH_2999,5 o mas personas,Sur,Hogar formado por pareja con hijos en donde algún hijo es menor de 25 años,Hogar formado por pareja con hijos en donde algún hijo es menor de 25 años,5,Person_7719|Person_7720|Person_7721|Person_7722|Person_7723,Alcorcon,city
HH_3000,2 personas,Sur,Hogar formado por pareja sin hijos,Hogar formado por pareja sin hijos,2,Person_7724|Person_7725,,apartments
HH_3001,4 personas,Norte,Hogar formado por pareja o un solo progenitor que convive con algún hijo menor de 25 años y otra(s) persona(s),Hogar formado por pareja o un solo progenitor que convive con algún hijo menor de 25 años y otra(s) persona(s),4,Person_7726|Person_7727|Person_7728|Person_7729,,apartments
HH_3002,4 personas,Norte,Hogar formado por pareja o un solo progenitor que convive con algún hijo menor de 25 años y otra(s) persona(s),Hogar formado por pareja o un solo progenitor que convive con algún hijo menor de 25 años y otra(s) persona(s),4,Person_7730|Person_7731|Person_7732|Person_7733,,yes
HH_3003,2 personas,Zarzaquemada,Hogar formado por pareja sin hijos,Hogar formado por pareja sin hijos,2,Person_7734|Person_7735,,residential
HH_3004,1 persona,Zarzaquemada,Hogar con una mujer sola de 65 años o más,Hogar con una mujer sola de 65 años o más,1,Person_7736,,apartments
HH_3005,2 personas,San Nicasio,Hogar con un solo progenitor que convive con algún hijo menor de 25 años,Hogar con un solo progenitor que convive con algún hijo menor de 25 años,2,Person_7737|Person_7738,,yes
HH_3006,3 personas,Carrascal,Otro tipo de hogar,Otro tipo de hogar,3,Person_7739|Person_7740|Person_7741,,apartments
HH_3007,2 personas,San Nicasio,Hogar formado por pareja sin hijos,Hogar formado por pareja sin hijos,2,Person_7742|Person_7743,,semidetached_house
HH_3008,2 personas,Carrascal,Hogar formado por pareja sin hijos,Hogar formado por pareja sin hijos,2,Person_7744|Person_7745,Madrid,city
HH_3009,2 personas,Sur,Hogar formado por pareja sin hijos,Hogar formado por pareja sin hijos,2,Person_7746|Person_7747,Mostoles,city
HH_3010,1 persona,Zarzaquemada,Hogar con una mujer sola menor de 65 años,Hogar con una mujer sola menor de 65 años,1,Person_7748,Alcorcon,city
HH_3011,3 personas,Norte,Hogar formado por pareja con hijos en donde algún hijo es menor de 25 años,Hogar formado por pareja con hijos en donde algún hijo es menor de 25 años,3,Person_7749|Person_7750|Person_7751,,yes
HH_3012,2 personas,Zarzaquemada,Otro tipo de hogar,Otro tipo de hogar,2,Person_7752|Person_7753,,residential
HH_3013,2 personas,Fortuna,Hogar con un solo progenitor que convive con todos sus hijos de 25 años o más,Hogar con un solo progenitor que convive con todos sus hijos de 25 años o más,2,Person_7754|Person_7755,Madrid,city
HH_3014,3 personas,Zarzaquemada,Otro tipo de hogar,Otro tipo de hogar,3,Person_7756|Person_7757|Person_7758,Mostoles,city
HH_3015,2 personas,San Nicasio,Hogar formado por pareja sin hijos,Hogar formado por pareja sin hijos,2,Person_7759|Person_7760,,yes
HH_3016,4 personas,Sur,Otro tipo de hogar,Otro tipo de hogar,4,Person_7761|Person_7762|Person_7763|Person_7764,,yes
HH_3017,1 persona,San Nicasio,Hogar con una mujer sola menor de 65 años,Hogar con una mujer sola menor de 65 años,1,Person_7765,,residential
HH_3018,2 personas,San Nicasio,Hogar formado por pareja sin hijos,Hogar formado por pareja sin hijos,2,Person_7766|Person_7767,,house
HH_3019,3 personas,Polvoranca,Otro tipo de hogar,Otro tipo de hogar,3,Person_7768|Person_7769|Person_7770,Mostoles,city
HH_3020,4 personas,Sur,Hogar con un solo progenitor que convive con algún hijo menor de 25 años,Hogar con un solo progenitor que convive con algún hijo menor de 25 años,4,Person_7771|Person_7772|Person_7773|Person_7774,,residential
HH_3021,4 personas,Carrascal,Hogar formado por pareja con hijos en donde todos los hijos de 25 años o más,Hogar formado por pareja con hijos en donde todos los hijos de 25 años o más,4,Person_7775|Person_7776|Person_7777|Person_7778,,semidetached_house
HH_3022,1 persona,Zarzaquemada,Hogar con una mujer sola de 65 años o más,Hogar con una mujer sola de 65 años o más,1,Person_7779,Alcorcon,city
HH_3023,4 personas,Polvoranca,Otro tipo de hogar,Otro tipo de hogar,4,Person_7780|Person_7781|Person_7782|Person_7783,,semidetached_house
HH_3024,1 persona,San Nicasio,Hogar con una mujer sola de 65 años o más,Hogar con una mujer sola de 65 años o más,1,Person_7784,,apartments
HH_3025,1 persona,Sur,Hogar con una mujer sola de 65 años o más,Hogar con una mujer sola de 65 años o más,1,Person_7785,,yes
HH_3026,3 personas,Norte,Hogar formado por pareja con hijos en donde todos los hijos de 25 años o más,Hogar formado por pareja con hijos en donde todos los hijos de 25 años o más,3,Person_7786|Person_7787|Person_7788,,yes
HH_3027,2 personas,Zarzaquemada,Hogar formado por pareja sin hijos,Hogar formado por pareja sin hijos,2,Person_7789|Person_7790,,residential
HH_3028,4 personas,Zarzaquemada,Hogar formado por pareja con hijos en donde algún hijo es menor de 25 años,Hogar formado por pareja con hijos en donde algún hijo es menor de 25 años,4,Person_7791|Person_7792|Person_7793|Person_7794,Madrid,city
HH_3029,1 persona,Carrascal,Hogar con una mujer sola de 65 años o más,Hogar con una mujer sola de 65 años o más,1,Person_7795,,yes
HH_3030,2 personas,Fortuna,Hogar formado por pareja sin hijos,Hogar formado por pareja sin hijos,2,Person_7796|Person_7797,,yes
HH_3031,2 personas,Zarzaquemada,Hogar formado por pareja sin hijos,Hogar formado por pareja sin hijos,2,Person_7798|Person_7799,,yes
HH_3032,2 personas,Zarzaquemada,Hogar formado por pareja sin hijos,Hogar formado por pareja sin hijos,2,Person_7800|Person_7801,,yes
HH_3033,5 o mas personas,Zarzaquemada,Hogar formado por pareja con hijos en donde algún hijo es menor de 25 años,Hogar formado por pareja con hijos en donde algún hijo es menor de 25 años,5,Person_7802|Person_7803|Person_7804|Person_7805|Person_7806,,apartments
HH_3034,4 personas,Fortuna,Hogar formado por pareja con hijos en donde algún hijo es menor de 25 años,Hogar formado por pareja con hijos en donde algún hijo es menor de 25 años,4,Person_7807|Person_7808|Person_7809|Person_7810,,yes
HH_3035,2 personas,Polvoranca,Hogar formado por pareja sin hijos,Hogar formado por pareja sin hijos,2,Person_7811|Person_7812,,house
HH_3036,2 personas,Zarzaquemada,Hogar formado por pareja sin hijos,Hogar formado por pareja sin hijos,2,Person_7813|Person_7814,Madrid,city
HH_3037,2 personas,Norte,Hogar formado por pareja sin hijos,Hogar formado por pareja sin hijos,2,Person_7815|Person_7816,Alcorcon,city
HH_3038,1 persona,Polvoranca,Hogar con una mujer sola menor de 65 años,Hogar con una mujer sola menor de 65 años,1,Person_7817,Fuenlabrada,city
HH_3039,4 personas,Sur,Hogar formado por pareja con hijos en donde algún hijo es menor de 25 años,Hogar formado por pareja con hijos en donde algún hijo es menor de 25 años,4,Person_7818|Person_7819|Person_7820|Person_7821,,yes
HH_3040,4 personas,Carrascal,Hogar formado por pareja o un solo progenitor que convive con algún hijo menor de 25 años y otra(s) persona(s),Hogar formado por pareja o un solo progenitor que convive con algún hijo menor de 25 años y otra(s) persona(s),4,Person_7822|Person_7823|Person_7824|Person_7825,,house
HH_3041,2 personas,Sur,Hogar formado por pareja sin hijos,Hogar formado por pareja sin hijos,2,Person_7826|Person_7827,Getafe norte,city
HH_3042,4 personas,Carrascal,Hogar formado por pareja con hijos en donde algún hijo es menor de 25 años,Hogar formado por pareja con hijos en donde algún hijo es menor de 25 años,4,Person_7828|Person_7829|Person_7830|Person_7831,,detached
HH_3043,2 personas,Polvoranca,Hogar formado por pareja sin hijos,Hogar formado por pareja sin hijos,2,Person_7832|Person_7833,,semidetached_house
HH_3044,3 personas,Zarzaquemada,Hogar con un solo progenitor que convive con algún hijo menor de 25 años,Hogar con un solo progenitor que convive con algún hijo menor de 25 años,3,Person_7834|Person_7835|Person_7836,Madrid,city
HH_3045,4 personas,Polvoranca,Hogar formado por pareja con hijos en donde algún hijo es menor de 25 años,Hogar formado por pareja con hijos en donde algún hijo es menor de 25 años,4,Person_7837|Person_7838|Person_7839|Person_7840,,semidetached_house
HH_3046,3 personas,Zarzaquemada,Hogar formado por pareja con hijos en donde algún hijo es menor de 25 años,Hogar formado por pareja con hijos en donde algún hijo es menor de 25 años,3,Person_7841|Person_7842|Person_7843,,residential
HH_3047,4 personas,Sur,Hogar formado por pareja con hijos en donde algún hijo es menor de 25 años,Hogar formado por pareja con hijos en donde algún hijo es menor de 25 años,4,Person_7844|Person_7845|Person_7846|Person_7847,Getafe norte,city
HH_3048,3 personas,Zarzaquemada,Otro tipo de hogar,Otro tipo de hogar,3,Person_7848|Person_7849|Person_7850,,residential
HH_3049,1 persona,Sur,Hogar con una mujer sola menor de 65 años,Hogar con una mujer sola menor de 65 años,1,Person_7851,,yes
HH_3050,2 personas,San Nicasio,Otro tipo de hogar,Otro tipo de hogar,2,Person_7852|Person_7853,,semidetached_house
HH_3051,1 persona,Norte,Hogar con un hombre solo menor de 65 años,Hogar con un hombre solo menor de 65 años,1,Person_7854,,yes
HH_3052,1 persona,Carrascal,Hogar con una mujer sola de 65 años o más,Hogar con una mujer sola de 65 años o más,1,Person_7855,,semidetached_house
HH_3053,3 personas,Zarzaquemada,Hogar con un solo progenitor que convive con algún hijo menor de 25 años,Hogar con un solo progenitor que convive con algún hijo menor de 25 años,3,Person_7856|Person_7857|Person_7858,,apartments
HH_3054,5 o mas personas,Sur,Otro tipo de hogar,Otro tipo de hogar,5,Person_7859|Person_7860|Person_7861|Person_7862|Person_7863,Alcorcon,city
HH_3055,4 personas,Polvoranca,Hogar formado por pareja con hijos en donde todos los hijos de 25 años o más,Hogar formado por pareja con hijos en donde todos los hijos de 25 años o más,4,Person_7864|Person_7865|Person_7866|Person_7867,,house
HH_3056,2 personas,Zarzaquemada,Otro tipo de hogar,Otro tipo de hogar,2,Person_7868|Person_7869,Madrid,city
HH_3057,4 personas,San Nicasio,Hogar formado por pareja con hijos en donde algún hijo es menor de 25 años,Hogar formado por pareja con hijos en donde algún hijo es menor de 25 años,4,Person_7870|Person_7871|Person_7872|Person_7873,,house
HH_3058,3 personas,San Nicasio,Hogar formado por pareja con hijos en donde algún hijo es menor de 25 años,Hogar formado por pareja con hijos en donde algún hijo es menor de 25 años,3,Person_7874|Person_7875|Person_7876,,yes
HH_3059,1 persona,Polvoranca,Hogar con una mujer sola de 65 años o más,Hogar con una mujer sola de 65 años o más,1,Person_7877,,house
HH_3060,3 personas,San Nicasio,Hogar con un solo progenitor que convive con algún hijo menor de 25 años,Hogar con un solo progenitor que convive con algún hijo menor de 25 años,3,Person_7878|Person_7879|Person_7880,Fuenlabrada,city
HH_3061,3 personas,Norte,Hogar formado por pareja con hijos en donde algún hijo es menor de 25 años,Hogar formado por pareja con hijos en donde algún hijo es menor de 25 años,3,Person_7881|Person_7882|Person_7883,,apartments
HH_3062,3 personas,Zarzaquemada,Hogar con un solo progenitor que convive con algún hijo menor de 25 años,Hogar con un solo progenitor que convive con algún hijo menor de 25 años,3,Person_7884|Person_7885|Person_7886,,residential
HH_3063,2 personas,Zarzaquemada,Hogar formado por pareja sin hijos,Hogar formado por pareja sin hijos,2,Person_7887|Person_7888,,residential
HH_3064,5 o mas personas,Norte,Hogar formado por pareja o un solo progenitor que convive con algún hijo menor de 25 años y otra(s) persona(s),Hogar formado por pareja o un solo progenitor que convive con algún hijo menor de 25 años y otra(s) persona(s),5,Person_7889|Person_7890|Person_7891|Person_7892|Person_7893,,yes
HH_3065,2 personas,Zarzaquemada,Hogar formado por pareja sin hijos,Hogar formado por pareja sin hijos,2,Person_7894|Person_7895,,residential
HH_3066,3 personas,Fortuna,Hogar formado por pareja con hijos en donde algún hijo es menor de 25 años,Hogar formado por pareja con hijos en donde algún hijo es menor de 25 años,3,Person_7896|Person_7897|Person_7898,,yes
HH_3067,4 personas,Sur,Hogar formado por pareja o un solo progenitor que convive con algún hijo menor de 25 años y otra(s) persona(s),Hogar formado por pareja o un solo progenitor que convive con algún hijo menor de 25 años y otra(s) persona(s),4,Person_7899|Person_7900|Person_7901|Person_7902,Madrid,city
HH_3068,2 personas,Carrascal,Hogar formado por pareja sin hijos,Hogar formado por pareja sin hijos,2,Person_7903|Person_7904,,residential
HH_3069,2 personas,Carrascal,Hogar formado por pareja sin hijos,Hogar formado por pareja sin hijos,2,Person_7905|Person_7906,,yes
HH_3070,3 personas,Carrascal,Hogar formado por pareja con hijos en donde algún hijo es menor de 25 años,Hogar formado por pareja con hijos en donde algún hijo es menor de 25 años,3,Person_7907|Person_7908|Person_7909,Alcorcon,city
HH_3071,5 o mas personas,Sur,Otro tipo de hogar,Otro tipo de hogar,5,Person_7910|Person_7911|Person_7912|Person_7913|Person_7914,,yes
HH_3072,2 personas,Fortuna,Hogar formado por pareja sin hijos,Hogar formado por pareja sin hijos,2,Person_7915|Person_7916,,yes
HH_3073,1 persona,Polvoranca,Hogar con una mujer sola menor de 65 años,Hogar con una mujer sola menor de 65 años,1,Person_7917,,semidetached_house
HH_3074,4 personas,Zarzaquemada,Hogar formado por pareja con hijos en donde algún hijo es menor de 25 años,Hogar formado por pareja con hijos en donde algún hijo es menor de 25 años,4,Person_7918|Person_7919|Person_7920|Person_7921,Madrid,city
HH_3075,5 o mas personas,Zarzaquemada,Hogar formado por pareja o un solo progenitor que convive con algún hijo menor de 25 años y otra(s) persona(s),Hogar formado por pareja o un solo progenitor que convive con algún hijo menor de 25 años y otra(s) persona(s),5,Person_7922|Person_7923|Person_7924|Person_7925|Person_7926,,yes
HH_3076,2 personas,Carrascal,Hogar formado por pareja sin hijos,Hogar formado por pareja sin hijos,2,Person_7927|Person_7928,Alcorcon,city
HH_3077,2 personas,Norte,Hogar con un solo progenitor que convive con algún hijo menor de 25 años,Hogar con un solo progenitor que convive con algún hijo menor de 25 años,2,Person_7929|Person_7930,Madrid,city
HH_3078,4 personas,Zarzaquemada,Hogar formado por pareja con hijos en donde algún hijo es menor de 25 años,Hogar formado por pareja con hijos en donde algún hijo es menor de 25 años,4,Person_7931|Person_7932|Person_7933|Person_7934,,residential
HH_3079,3 personas,Zarzaquemada,Hogar formado por pareja con hijos en donde algún hijo es menor de 25 años,Hogar formado por pareja con hijos en donde algún hijo es menor de 25 años,3,Person_7935|Person_7936|Person_7937,Madrid,city
HH_3080,1 persona,Zarzaquemada,Hogar con un hombre solo de 65 años o más,Hogar con un hombre solo de 65 años o más,1,Person_7938,,residential
HH_3081,2 personas,Zarzaquemada,Hogar formado por pareja sin hijos,Hogar formado por pareja sin hijos,2,Person_7939|Person_7940,,residential
HH_3082,2 personas,Norte,Hogar formado por pareja sin hijos,Hogar formado por pareja sin hijos,2,Person_7941|Person_7942,Getafe norte,city
HH_3083,2 personas,Zarzaquemada,Hogar formado por pareja sin hijos,Hogar formado por pareja sin hijos,2,Person_7943|Person_7944,,residential
HH_3084,3 personas,Sur,Otro tipo de hogar,Otro tipo de hogar,3,Person_7945|Person_7946|Person_7947,Fuenlabrada,city
HH_3085,2 personas,Zarzaquemada,Hogar formado por pareja sin hijos,Hogar formado por pareja sin hijos,2,Person_7948|Person_7949,,apartments
HH_3086,2 personas,Zarzaquemada,Hogar formado por pareja sin hijos,Hogar formado por pareja sin hijos,2,Person_7950|Person_7951,Madrid,city
HH_3087,1 persona,Zarzaquemada,Hogar con una mujer sola de 65 años o más,Hogar con una mujer sola de 65 años o más,1,Person_7952,,yes
HH_3088,1 persona,Carrascal,Hogar con una mujer sola de 65 años o más,Hogar con una mujer sola de 65 años o más,1,Person_7953,,construction
HH_3089,2 personas,Zarzaquemada,Hogar formado por pareja sin hijos,Hogar formado por pareja sin hijos,2,Person_7954|Person_7955,Getafe norte,city
HH_3090,4 personas,Sur,Hogar formado por pareja con hijos en donde algún hijo es menor de 25 años,Hogar formado por pareja con hijos en donde algún hijo es menor de 25 años,4,Person_7956|Person_7957|Person_7958|Person_7959,,apartments
HH_3091,3 personas,Zarzaquemada,Hogar con un solo progenitor que convive con algún hijo menor de 25 años,Hogar con un solo progenitor que convive con algún hijo menor de 25 años,3,Person_7960|Person_7961|Person_7962,Madrid,city
HH_3092,2 personas,Zarzaquemada,Hogar formado por pareja sin hijos,Hogar formado por pareja sin hijos,2,Person_7963|Person_7964,Fuenlabrada,city
HH_3093,1 persona,Sur,Hogar con un hombre solo menor de 65 años,Hogar con un hombre solo menor de 65 años,1,Person_7965,,apartments
HH_3094,3 personas,Polvoranca,Hogar formado por pareja con hijos en donde todos los hijos de 25 años o más,Hogar formado por pareja con hijos en donde todos los hijos de 25 años o más,3,Person_7966|Person_7967|Person_7968,,semidetached_house
HH_3095,5 o mas personas,Sur,Hogar formado por pareja o un solo progenitor que convive con algún hijo menor de 25 años y otra(s) persona(s),Hogar formado por pareja o un solo progenitor que convive con algún hijo menor de 25 años y otra(s) persona(s),5,Person_7969|Person_7970|Person_7971|Person_7972|Person_7973,Viviendas de integración social Fundación F.A.D.,yes
HH_3096,1 persona,San Nicasio,Hogar con una mujer sola de 65 años o más,Hogar con una mujer sola de 65 años o más,1,Person_7974,Madrid,city
HH_3097,1 persona,Zarzaquemada,Hogar con una mujer sola de 65 años o más,Hogar con una mujer sola de 65 años o más,1,Person_7975,,residential
HH_3098,2 personas,Carrascal,Hogar formado por pareja sin hijos,Hogar formado por pareja sin hijos,2,Person_7976|Person_7977,,yes
HH_3099,2 personas,Zarzaquemada,Hogar con un solo progenitor que convive con todos sus hijos de 25 años o más,Hogar con un solo progenitor que convive con todos sus hijos de 25 años o más,2,Person_7978|Person_7979,Getafe norte,city
HH_3100,3 personas,Zarzaquemada,Otro tipo de hogar,Otro tipo de hogar,3,Person_7980|Person_7981|Person_7982,Madrid,city
HH_3101,4 personas,Norte,Hogar formado por pareja con hijos en donde algún hijo es menor de 25 años,Hogar formado por pareja con hijos en donde algún hijo es menor de 25 años,4,Person_7983|Person_7984|Person_7985|Person_7986,,yes
HH_3102,2 personas,Zarzaquemada,Hogar con un solo progenitor que convive con algún hijo menor de 25 años,Hogar con un solo progenitor que convive con algún hijo menor de 25 años,2,Person_7987|Person_7988,,apartments
HH_3103,4 personas,Zarzaquemada,Hogar formado por pareja con hijos en donde algún hijo es menor de 25 años,Hogar formado por pareja con hijos en donde algún hijo es menor de 25 años,4,Person_7989|Person_7990|Person_7991|Person_7992,,residential
HH_3104,2 personas,Sur,Hogar formado por pareja sin hijos,Hogar formado por pareja sin hijos,2,Person_7993|Person_7994,Madrid,city
HH_3105,1 persona,San Nicasio,Hogar con una mujer sola de 65 años o más,Hogar con una mujer sola de 65 años o más,1,Person_7995,,yes
HH_3106,3 personas,Carrascal,Hogar formado por pareja con hijos en donde algún hijo es menor de 25 años,Hogar formado por pareja con hijos en donde algún hijo es menor de 25 años,3,Person_7996|Person_7997|Person_7998,Madrid,city
HH_3107,2 personas,Norte,Hogar formado por pareja sin hijos,Hogar formado por pareja sin hijos,2,Person_7999|Person_8000,Fuenlabrada,city
HH_3108,3 personas,Sur,Otro tipo de hogar,Otro tipo de hogar,3,Person_8001|Person_8002|Person_8003,,residential
HH_3109,2 personas,Zarzaquemada,Hogar con un solo progenitor que convive con todos sus hijos de 25 años o más,Hogar con un solo progenitor que convive con todos sus hijos de 25 años o más,2,Person_8004|Person_8005,,yes
HH_3110,3 personas,Sur,Hogar formado por pareja con hijos en donde todos los hijos de 25 años o más,Hogar formado por pareja con hijos en donde todos los hijos de 25 años o más,3,Person_8006|Person_8007|Person_8008,Extremadura,city
HH_3111,2 personas,Carrascal,Hogar formado por pareja sin hijos,Hogar formado por pareja sin hijos,2,Person_8009|Person_8010,,apartments
HH_3112,5 o mas personas,Zarzaquemada,Hogar formado por pareja o un solo progenitor que convive con algún hijo menor de 25 años y otra(s) persona(s),Hogar formado por pareja o un solo progenitor que convive con algún hijo menor de 25 años y otra(s) persona(s),5,Person_8011|Person_8012|Person_8013|Person_8014|Person_8015,,residential
HH_3113,2 personas,Polvoranca,Hogar formado por pareja sin hijos,Hogar formado por pareja sin hijos,2,Person_8016|Person_8017,Madrid,city
HH_3114,4 personas,San Nicasio,Otro tipo de hogar,Otro tipo de hogar,4,Person_8018|Person_8019|Person_8020|Person_8021,,apartments
HH_3115,3 personas,San Nicasio,Hogar formado por pareja con hijos en donde todos los hijos de 25 años o más,Hogar formado por pareja con hijos en donde todos los hijos de 25 años o más,3,Person_8022|Person_8023|Person_8024,,yes
HH_3116,3 personas,Zarzaquemada,Hogar formado por pareja con hijos en donde todos los hijos de 25 años o más,Hogar formado por pareja con hijos en donde todos los hijos de 25 años o más,3,Person_8025|Person_8026|Person_8027,Alcorcon,city
HH_3117,2 personas,Carrascal,Hogar formado por pareja sin hijos,Hogar formado por pareja sin hijos,2,Person_8028|Person_8029,,apartments
HH_3118,2 personas,Sur,Hogar con un solo progenitor que convive con todos sus hijos de 25 años o más,Hogar con un solo progenitor que convive con todos sus hijos de 25 años o más,2,Person_8030|Person_8031,,yes
HH_3119,4 personas,San Nicasio,Hogar con un solo progenitor que convive con algún hijo menor de 25 años,Hogar con un solo progenitor que convive con algún hijo menor de 25 años,4,Person_8032|Person_8033|Person_8034|Person_8035,Getafe norte,city
HH_3120,1 persona,Fortuna,Hogar con una mujer sola de 65 años o más,Hogar con una mujer sola de 65 años o más,1,Person_8036,Fuenlabrada,city
HH_3121,2 personas,Fortuna,Hogar con un solo progenitor que convive con algún hijo menor de 25 años,Hogar con un solo progenitor que convive con algún hijo menor de 25 años,2,Person_8037|Person_8038,,yes
HH_3122,2 personas,Carrascal,Hogar formado por pareja sin hijos,Hogar formado por pareja sin hijos,2,Person_8039|Person_8040,,yes
HH_3123,1 persona,Norte,Hogar con una mujer sola de 65 años o más,Hogar con una mujer sola de 65 años o más,1,Person_8041,,house
HH_3124,4 personas,San Nicasio,Hogar formado por pareja o un solo progenitor que convive con algún hijo menor de 25 años y otra(s) persona(s),Hogar formado por pareja o un solo progenitor que convive con algún hijo menor de 25 años y otra(s) persona(s),4,Person_8042|Person_8043|Person_8044|Person_8045,,semidetached_house
HH_3125,2 personas,Polvoranca,Hogar formado por pareja sin hijos,Hogar formado por pareja sin hijos,2,Person_8046|Person_8047,Fuenlabrada,city
HH_3126,2 personas,Norte,Hogar formado por pareja sin hijos,Hogar formado por pareja sin hijos,2,Person_8048|Person_8049,,yes
HH_3127,1 persona,Carrascal,Hogar con una mujer sola de 65 años o más,Hogar con una mujer sola de 65 años o más,1,Person_8050,,yes
HH_3128,1 persona,San Nicasio,Hogar con un hombre solo de 65 años o más,Hogar con un hombre solo de 65 años o más,1,Person_8051,Ermita de San Nicasio,yes
HH_3129,4 personas,Sur,Otro tipo de hogar,Otro tipo de hogar,4,Person_8052|Person_8053|Person_8054|Person_8055,Madrid,city
HH_3130,2 personas,San Nicasio,Hogar con un solo progenitor que convive con algún hijo menor de 25 años,Hogar con un solo progenitor que convive con algún hijo menor de 25 años,2,Person_8056|Person_8057,,semidetached_house
HH_3131,2 personas,Carrascal,Otro tipo de hogar,Otro tipo de hogar,2,Person_8058|Person_8059,Radiotrans Iberia,yes
HH_3132,1 persona,Zarzaquemada,Hogar con un hombre solo de 65 años o más,Hogar con un hombre solo de 65 años o más,1,Person_8060,,residential
HH_3133,1 persona,San Nicasio,Hogar con una mujer sola de 65 años o más,Hogar con una mujer sola de 65 años o más,1,Person_8061,,yes
HH_3134,3 personas,San Nicasio,Hogar formado por pareja con hijos en donde algún hijo es menor de 25 años,Hogar formado por pareja con hijos en donde algún hijo es menor de 25 años,3,Person_8062|Person_8063|Person_8064,,apartments
HH_3135,2 personas,Norte,Hogar formado por pareja sin hijos,Hogar formado por pareja sin hijos,2,Person_8065|Person_8066,,apartments
HH_3136,4 personas,Zarzaquemada,Otro tipo de hogar,Otro tipo de hogar,4,Person_8067|Person_8068|Person_8069|Person_8070,Getafe norte,city
HH_3137,4 personas,Zarzaquemada,Hogar formado por pareja con hijos en donde algún hijo es menor de 25 años,Hogar formado por pareja con hijos en donde algún hijo es menor de 25 años,4,Person_8071|Person_8072|Person_8073|Person_8074,,residential
HH_3138,4 personas,Carrascal,Hogar con un solo progenitor que convive con todos sus hijos de 25 años o más,Hogar con un solo progenitor que convive con todos sus hijos de 25 años o más,4,Person_8075|Person_8076|Person_8077|Person_8078,,yes
HH_3139,1 persona,San Nicasio,Hogar con un hombre solo menor de 65 años,Hogar con un hombre solo menor de 65 años,1,Person_8079,,semidetached_house
HH_3140,4 personas,Norte,Hogar con un solo progenitor que convive con algún hijo menor de 25 años,Hogar con un solo progenitor que convive con algún hijo menor de 25 años,4,Person_8080|Person_8081|Person_8082|Person_8083,,yes
HH_3141,1 persona,Zarzaquemada,Hogar con un hombre solo menor de 65 años,Hogar con un hombre solo menor de 65 años,1,Person_8084,,residential
HH_3142,2 personas,Norte,Hogar formado por pareja sin hijos,Hogar formado por pareja sin hijos,2,Person_8085|Person_8086,,apartments
HH_3143,5 o mas personas,Carrascal,Hogar formado por pareja con hijos en donde algún hijo es menor de 25 años,Hogar formado por pareja con hijos en donde algún hijo es menor de 25 años,5,Person_8087|Person_8088|Person_8089|Person_8090|Person_8091,,semidetached_house
HH_3144,2 personas,Sur,Hogar formado por pareja sin hijos,Hogar formado por pareja sin hijos,2,Person_8092|Person_8093,Getafe norte,city
HH_3145,3 personas,Fortuna,Hogar formado por pareja con hijos en donde algún hijo es menor de 25 años,Hogar formado por pareja con hijos en donde algún hijo es menor de 25 años,3,Person_8094|Person_8095|Person_8096,,house
HH_3146,4 personas,San Nicasio,Hogar formado por pareja o un solo progenitor que convive con algún hijo menor de 25 años y otra(s) persona(s),Hogar formado por pareja o un solo progenitor que convive con algún hijo menor de 25 años y otra(s) persona(s),4,Person_8097|Person_8098|Person_8099|Person_8100,,house
HH_3147,4 personas,Norte,Hogar formado por pareja con hijos en donde algún hijo es menor de 25 años,Hogar formado por pareja con hijos en donde algún hijo es menor de 25 años,4,Person_8101|Person_8102|Person_8103|Person_8104,,apartments
HH_3148,4 personas,Sur,Hogar formado por pareja con hijos en donde algún hijo es menor de 25 años,Hogar formado por pareja con hijos en donde algún hijo es menor de 25 años,4,Person_8105|Person_8106|Person_8107|Person_8108,,yes
HH_3149,4 personas,Fortuna,Hogar formado por pareja con hijos en donde algún hijo es menor de 25 años,Hogar formado por pareja con hijos en donde algún hijo es menor de 25 años,4,Person_8109|Person_8110|Person_8111|Person_8112,,yes
HH_3150,5 o mas personas,Zarzaquemada,Hogar formado por pareja o un solo progenitor que convive con algún hijo menor de 25 años y otra(s) persona(s),Hogar formado por pareja o un solo progenitor que convive con algún hijo menor de 25 años y otra(s) persona(s),5,Person_8113|Person_8114|Person_8115|Person_8116|Person_8117,Madrid,city
HH_3151,1 persona,Sur,Hogar con un hombre solo menor de 65 años,Hogar con un hombre solo menor de 65 años,1,Person_8118,,yes
HH_3152,5 o mas personas,Zarzaquemada,Hogar formado por pareja o un solo progenitor que convive con algún hijo menor de 25 años y otra(s) persona(s),Hogar formado por pareja o un solo progenitor que convive con algún hijo menor de 25 años y otra(s) persona(s),5,Person_8119|Person_8120|Person_8121|Person_8122|Person_8123,,apartments
HH_3153,1 persona,Carrascal,Hogar con una mujer sola de 65 años o más,Hogar con una mujer sola de 65 años o más,1,Person_8124,,yes
HH_3154,2 personas,San Nicasio,Hogar formado por pareja sin hijos,Hogar formado por pareja sin hijos,2,Person_8125|Person_8126,Madrid,city
HH_3155,2 personas,Carrascal,Hogar con un solo progenitor que convive con algún hijo menor de 25 años,Hogar con un solo progenitor que convive con algún hijo menor de 25 años,2,Person_8127|Person_8128,,apartments
HH_3156,3 personas,Zarzaquemada,Hogar con un solo progenitor que convive con algún hijo menor de 25 años,Hogar con un solo progenitor que convive con algún hijo menor de 25 años,3,Person_8129|Person_8130|Person_8131,Madrid,city
HH_3157,3 personas,Carrascal,Hogar formado por pareja con hijos en donde algún hijo es menor de 25 años,Hogar formado por pareja con hijos en donde algún hijo es menor de 25 años,3,Person_8132|Person_8133|Person_8134,,residential
HH_3158,2 personas,San Nicasio,Hogar formado por pareja sin hijos,Hogar formado por pareja sin hijos,2,Person_8135|Person_8136,,semidetached_house
HH_3159,1 persona,Zarzaquemada,Hogar con una mujer sola de 65 años o más,Hogar con una mujer sola de 65 años o más,1,Person_8137,,apartments
HH_3160,2 personas,San Nicasio,Hogar formado por pareja sin hijos,Hogar formado por pareja sin hijos,2,Person_8138|Person_8139,,yes
HH_3161,2 personas,San Nicasio,Hogar formado por pareja sin hijos,Hogar formado por pareja sin hijos,2,Person_8140|Person_8141,,house
HH_3162,5 o mas personas,Zarzaquemada,Hogar formado por pareja con hijos en donde algún hijo es menor de 25 años,Hogar formado por pareja con hijos en donde algún hijo es menor de 25 años,5,Person_8142|Person_8143|Person_8144|Person_8145|Person_8146,Madrid,city
HH_3163,2 personas,Carrascal,Hogar formado por pareja sin hijos,Hogar formado por pareja sin hijos,2,Person_8147|Person_8148,,apartments
HH_3164,2 personas,Sur,Hogar con un solo progenitor que convive con todos sus hijos de 25 años o más,Hogar con un solo progenitor que convive con todos sus hijos de 25 años o más,2,Person_8149|Person_8150,,yes
HH_3165,4 personas,San Nicasio,Hogar formado por pareja con hijos en donde todos los hijos de 25 años o más,Hogar formado por pareja con hijos en donde todos los hijos de 25 años o más,4,Person_8151|Person_8152|Person_8153|Person_8154,,semidetached_house
HH_3166,1 persona,Carrascal,Hogar con un hombre solo de 65 años o más,Hogar con un hombre solo de 65 años o más,1,Person_8155,,apartments
HH_3167,2 personas,Zarzaquemada,Hogar formado por pareja sin hijos,Hogar formado por pareja sin hijos,2,Person_8156|Person_8157,,residential
HH_3168,4 personas,Sur,Hogar formado por pareja con hijos en donde algún hijo es menor de 25 años,Hogar formado por pareja con hijos en donde algún hijo es menor de 25 años,4,Person_8158|Person_8159|Person_8160|Person_8161,,yes
HH_3169,1 persona,San Nicasio,Hogar con un hombre solo de 65 años o más,Hogar con un hombre solo de 65 años o más,1,Person_8162,,house
HH_3170,2 personas,Norte,Hogar formado por pareja sin hijos,Hogar formado por pareja sin hijos,2,Person_8163|Person_8164,,apartments
HH_3171,4 personas,Zarzaquemada,Hogar formado por pareja con hijos en donde algún hijo es menor de 25 años,Hogar formado por pareja con hijos en donde algún hijo es menor de 25 años,4,Person_8165|Person_8166|Person_8167|Person_8168,Madrid,city
HH_3172,1 persona,Sur,Hogar con un hombre solo menor de 65 años,Hogar con un hombre solo menor de 65 años,1,Person_8169,,residential
HH_3173,2 personas,Zarzaquemada,Otro tipo de hogar,Otro tipo de hogar,2,Person_8170|Person_8171,Madrid,city
HH_3174,5 o mas personas,Sur,Hogar formado por pareja o un solo progenitor que convive con algún hijo menor de 25 años y otra(s) persona(s),Hogar formado por pareja o un solo progenitor que convive con algún hijo menor de 25 años y otra(s) persona(s),5,Person_8172|Person_8173|Person_8174|Person_8175|Person_8176,,yes
HH_3175,3 personas,San Nicasio,Hogar formado por pareja o un solo progenitor que convive con algún hijo menor de 25 años y otra(s) persona(s),Hogar formado por pareja o un solo progenitor que convive con algún hijo menor de 25 años y otra(s) persona(s),3,Person_8177|Person_8178|Person_8179,Getafe norte,city
HH_3176,5 o mas personas,Zarzaquemada,Otro tipo de hogar,Otro tipo de hogar,5,Person_8180|Person_8181|Person_8182|Person_8183|Person_8184,,apartments
HH_3177,5 o mas personas,Zarzaquemada,Hogar formado por pareja o un solo progenitor que convive con algún hijo menor de 25 años y otra(s) persona(s),Hogar formado por pareja o un solo progenitor que convive con algún hijo menor de 25 años y otra(s) persona(s),5,Person_8185|Person_8186|Person_8187|Person_8188|Person_8189,,apartments
HH_3178,3 personas,Fortuna,Hogar formado por pareja con hijos en donde algún hijo es menor de 25 años,Hogar formado por pareja con hijos en donde algún hijo es menor de 25 años,3,Person_8190|Person_8191|Person_8192,,yes
HH_3179,4 personas,Sur,Hogar formado por pareja con hijos en donde algún hijo es menor de 25 años,Hogar formado por pareja con hijos en donde algún hijo es menor de 25 años,4,Person_8193|Person_8194|Person_8195|Person_8196,,residential
HH_3180,2 personas,Polvoranca,Hogar con un solo progenitor que convive con algún hijo menor de 25 años,Hogar con un solo progenitor que convive con algún hijo menor de 25 años,2,Person_8197|Person_8198,,semidetached_house
HH_3181,4 personas,Sur,Hogar formado por pareja o un solo progenitor que convive con algún hijo menor de 25 años y otra(s) persona(s),Hogar formado por pareja o un solo progenitor que convive con algún hijo menor de 25 años y otra(s) persona(s),4,Person_8199|Person_8200|Person_8201|Person_8202,,yes
HH_3182,3 personas,Carrascal,Hogar con un solo progenitor que convive con algún hijo menor de 25 años,Hogar con un solo progenitor que convive con algún hijo menor de 25 años,3,Person_8203|Person_8204|Person_8205,,semidetached_house
HH_3183,3 personas,Zarzaquemada,Hogar formado por pareja con hijos en donde todos los hijos de 25 años o más,Hogar formado por pareja con hijos en donde todos los hijos de 25 años o más,3,Person_8206|Person_8207|Person_8208,,apartments
HH_3184,1 persona,Carrascal,Hogar con un hombre solo de 65 años o más,Hogar con un hombre solo de 65 años o más,1,Person_8209,,apartments
HH_3185,2 personas,Zarzaquemada,Hogar formado por pareja sin hijos,Hogar formado por pareja sin hijos,2,Person_8210|Person_8211,,residential
HH_3186,1 persona,Carrascal,Hogar con una mujer sola menor de 65 años,Hogar con una mujer sola menor de 65 años,1,Person_8212,Makro Leganés,yes
HH_3187,1 persona,Zarzaquemada,Hogar con una mujer sola de 65 años o más,Hogar con una mujer sola de 65 años o más,1,Person_8213,,residential
HH_3188,4 personas,San Nicasio,Hogar formado por pareja con hijos en donde algún hijo es menor de 25 años,Hogar formado por pareja con hijos en donde algún hijo es menor de 25 años,4,Person_8214|Person_8215|Person_8216|Person_8217,Madrid,city
HH_3189,3 personas,Zarzaquemada,Hogar formado por pareja con hijos en donde algún hijo es menor de 25 años,Hogar formado por pareja con hijos en donde algún hijo es menor de 25 años,3,Person_8218|Person_8219|Person_8220,,apartments
HH_3190,3 personas,Carrascal,Hogar formado por pareja con hijos en donde todos los hijos de 25 años o más,Hogar formado por pareja con hijos en donde todos los hijos de 25 años o más,3,Person_8221|Person_8222|Person_8223,,yes
HH_3191,3 personas,Zarzaquemada,Otro tipo de hogar,Otro tipo de hogar,3,Person_8224|Person_8225|Person_8226,,apartments
HH_3192,2 personas,Zarzaquemada,Hogar con un solo progenitor que convive con todos sus hijos de 25 años o más,Hogar con un solo progenitor que convive con todos sus hijos de 25 años o más,2,Person_8227|Person_8228,Tecnocasa,yes
HH_3193,1 persona,Zarzaquemada,Hogar con una mujer sola menor de 65 años,Hogar con una mujer sola menor de 65 años,1,Person_8229,,apartments
HH_3194,2 personas,Carrascal,Hogar formado por pareja sin hijos,Hogar formado por pareja sin hijos,2,Person_8230|Person_8231,,semidetached_house
HH_3195,2 personas,Sur,Hogar formado por pareja sin hijos,Hogar formado por pareja sin hijos,2,Person_8232|Person_8233,Mostoles,city
HH_3196,1 persona,Carrascal,Hogar con un hombre solo menor de 65 años,Hogar con un hombre solo menor de 65 años,1,Person_8234,Mostoles,city
HH_3197,1 persona,San Nicasio,Hogar con una mujer sola de 65 años o más,Hogar con una mujer sola de 65 años o más,1,Person_8235,,apartments
HH_3198,2 personas,San Nicasio,Hogar con un solo progenitor que convive con algún hijo menor de 25 años,Hogar con un solo progenitor que convive con algún hijo menor de 25 años,2,Person_8236|Person_8237,Getafe norte,city
HH_3199,2 personas,San Nicasio,Hogar formado por pareja sin hijos,Hogar formado por pareja sin hijos,2,Person_8238|Person_8239,,apartments
HH_3200,5 o mas personas,Polvoranca,Hogar formado por pareja o un solo progenitor que convive con algún hijo menor de 25 años y otra(s) persona(s),Hogar formado por pareja o un solo progenitor que convive con algún hijo menor de 25 años y otra(s) persona(s),5,Person_8240|Person_8241|Person_8242|Person_8243|Person_8244,,yes
HH_3201,3 personas,Carrascal,Hogar formado por pareja con hijos en donde todos los hijos de 25 años o más,Hogar formado por pareja con hijos en donde todos los hijos de 25 años o más,3,Person_8245|Person_8246|Person_8247,,yes
HH_3202,2 personas,Zarzaquemada,Otro tipo de hogar,Otro tipo de hogar,2,Person_8248|Person_8249,,apartments
HH_3203,4 personas,Zarzaquemada,Otro tipo de hogar,Otro tipo de hogar,4,Person_8250|Person_8251|Person_8252|Person_8253,Madrid,city
HH_3204,2 personas,Fortuna,Hogar formado por pareja sin hijos,Hogar formado por pareja sin hijos,2,Person_8254|Person_8255,Extremadura,city
HH_3205,2 personas,Zarzaquemada,Hogar con un solo progenitor que convive con algún hijo menor de 25 años,Hogar con un solo progenitor que convive con algún hijo menor de 25 años,2,Person_8256|Person_8257,,apartments
HH_3206,2 personas,Sur,Hogar con un solo progenitor que convive con algún hijo menor de 25 años,Hogar con un solo progenitor que convive con algún hijo menor de 25 años,2,Person_8258|Person_8259,Maxi China,yes
HH_3207,3 personas,Zarzaquemada,Hogar formado por pareja con hijos en donde todos los hijos de 25 años o más,Hogar formado por pareja con hijos en donde todos los hijos de 25 años o más,3,Person_8260|Person_8261|Person_8262,,apartments
HH_3208,2 personas,Polvoranca,Hogar con un solo progenitor que convive con todos sus hijos de 25 años o más,Hogar con un solo progenitor que convive con todos sus hijos de 25 años o más,2,Person_8263|Person_8264,Getafe norte,city
HH_3209,2 personas,Zarzaquemada,Otro tipo de hogar,Otro tipo de hogar,2,Person_8265|Person_8266,,residential
HH_3210,1 persona,Zarzaquemada,Hogar con un hombre solo menor de 65 años,Hogar con un hombre solo menor de 65 años,1,Person_8267,Getafe norte,city
HH_3211,4 personas,Zarzaquemada,Hogar formado por pareja con hijos en donde algún hijo es menor de 25 años,Hogar formado por pareja con hijos en donde algún hijo es menor de 25 años,4,Person_8268|Person_8269|Person_8270|Person_8271,,apartments
HH_3212,1 persona,Carrascal,Hogar con un hombre solo de 65 años o más,Hogar con un hombre solo de 65 años o más,1,Person_8272,Madrid,city
HH_3213,1 persona,Zarzaquemada,Hogar con una mujer sola menor de 65 años,Hogar con una mujer sola menor de 65 años,1,Person_8273,,residential
HH_3214,2 personas,Carrascal,Hogar con un solo progenitor que convive con algún hijo menor de 25 años,Hogar con un solo progenitor que convive con algún hijo menor de 25 años,2,Person_8274|Person_8275,,detached
HH_3215,4 personas,San Nicasio,Hogar formado por pareja con hijos en donde algún hijo es menor de 25 años,Hogar formado por pareja con hijos en donde algún hijo es menor de 25 años,4,Person_8276|Person_8277|Person_8278|Person_8279,,semidetached_house
HH_3216,3 personas,San Nicasio,Hogar con un solo progenitor que convive con algún hijo menor de 25 años,Hogar con un solo progenitor que convive con algún hijo menor de 25 años,3,Person_8280|Person_8281|Person_8282,Getafe norte,city
HH_3217,3 personas,Zarzaquemada,Hogar formado por pareja con hijos en donde algún hijo es menor de 25 años,Hogar formado por pareja con hijos en donde algún hijo es menor de 25 años,3,Person_8283|Person_8284|Person_8285,,apartments
HH_3218,1 persona,San Nicasio,Hogar con una mujer sola menor de 65 años,Hogar con una mujer sola menor de 65 años,1,Person_8286,,yes
HH_3219,3 personas,San Nicasio,Hogar formado por pareja con hijos en donde todos los hijos de 25 años o más,Hogar formado por pareja con hijos en donde todos los hijos de 25 años o más,3,Person_8287|Person_8288|Person_8289,Fuenlabrada,city
HH_3220,2 personas,Zarzaquemada,Hogar formado por pareja sin hijos,Hogar formado por pareja sin hijos,2,Person_8290|Person_8291,,apartments
HH_3221,1 persona,Carrascal,Hogar con una mujer sola de 65 años o más,Hogar con una mujer sola de 65 años o más,1,Person_8292,,yes
HH_3222,1 persona,Sur,Hogar con un hombre solo menor de 65 años,Hogar con un hombre solo menor de 65 años,1,Person_8293,,apartments
HH_3223,5 o mas personas,Sur,Hogar formado por pareja con hijos en donde algún hijo es menor de 25 años,Hogar formado por pareja con hijos en donde algún hijo es menor de 25 años,5,Person_8294|Person_8295|Person_8296|Person_8297|Person_8298,,yes
HH_3224,5 o mas personas,San Nicasio,Hogar formado por pareja con hijos en donde algún hijo es menor de 25 años,Hogar formado por pareja con hijos en donde algún hijo es menor de 25 años,5,Person_8299|Person_8300|Person_8301|Person_8302|Person_8303,,house
HH_3225,2 personas,Carrascal,Hogar con un solo progenitor que convive con algún hijo menor de 25 años,Hogar con un solo progenitor que convive con algún hijo menor de 25 años,2,Person_8304|Person_8305,,semidetached_house
HH_3226,1 persona,Carrascal,Hogar con una mujer sola menor de 65 años,Hogar con una mujer sola menor de 65 años,1,Person_8306,,apartments
HH_3227,1 persona,Polvoranca,Hogar con una mujer sola de 65 años o más,Hogar con una mujer sola de 65 años o más,1,Person_8307,,semidetached_house
HH_3228,2 personas,Sur,Hogar formado por pareja sin hijos,Hogar formado por pareja sin hijos,2,Person_8308|Person_8309,Madrid,city
HH_3229,1 persona,San Nicasio,Hogar con un hombre solo menor de 65 años,Hogar con un hombre solo menor de 65 años,1,Person_8310,,semidetached_house
HH_3230,1 persona,Norte,Hogar con una mujer sola menor de 65 años,Hogar con una mujer sola menor de 65 años,1,Person_8311,,apartments
HH_3231,2 personas,Zarzaquemada,Hogar formado por pareja sin hijos,Hogar formado por pareja sin hijos,2,Person_8312|Person_8313,,apartments
HH_3232,3 personas,Zarzaquemada,Otro tipo de hogar,Otro tipo de hogar,3,Person_8314|Person_8315|Person_8316,,residential
HH_3233,1 persona,Carrascal,Hogar con una mujer sola de 65 años o más,Hogar con una mujer sola de 65 años o más,1,Person_8317,,yes
HH_3234,4 personas,San Nicasio,Hogar formado por pareja con hijos en donde todos los hijos de 25 años o más,Hogar formado por pareja con hijos en donde todos los hijos de 25 años o más,4,Person_8318|Person_8319|Person_8320|Person_8321,,yes
HH_3235,1 persona,Sur,Hogar con una mujer sola de 65 años o más,Hogar con una mujer sola de 65 años o más,1,Person_8322,,yes
HH_3236,1 persona,Zarzaquemada,Hogar con una mujer sola de 65 años o más,Hogar con una mujer sola de 65 años o más,1,Person_8323,,residential
HH_3237,1 persona,Polvoranca,Hogar con un hombre solo de 65 años o más,Hogar con un hombre solo de 65 años o más,1,Person_8324,Madrid,city
HH_3238,1 persona,Norte,Hogar con una mujer sola de 65 años o más,Hogar con una mujer sola de 65 años o más,1,Person_8325,,yes
HH_3239,3 personas,Sur,Hogar formado por pareja con hijos en donde algún hijo es menor de 25 años,Hogar formado por pareja con hijos en donde algún hijo es menor de 25 años,3,Person_8326|Person_8327|Person_8328,Alcorcon,city
HH_3240,2 personas,Zarzaquemada,Hogar formado por pareja sin hijos,Hogar formado por pareja sin hijos,2,Person_8329|Person_8330,,apartments
HH_3241,2 personas,Carrascal,Hogar formado por pareja sin hijos,Hogar formado por pareja sin hijos,2,Person_8331|Person_8332,,house
HH_3242,2 personas,San Nicasio,Hogar formado por pareja sin hijos,Hogar formado por pareja sin hijos,2,Person_8333|Person_8334,,semidetached_house
HH_3243,2 personas,Sur,Hogar con un solo progenitor que convive con algún hijo menor de 25 años,Hogar con un solo progenitor que convive con algún hijo menor de 25 años,2,Person_8335|Person_8336,Fuenlabrada,city
HH_3244,2 personas,Zarzaquemada,Hogar con un solo progenitor que convive con algún hijo menor de 25 años,Hogar con un solo progenitor que convive con algún hijo menor de 25 años,2,Person_8337|Person_8338,,apartments
HH_3245,1 persona,Zarzaquemada,Hogar con una mujer sola de 65 años o más,Hogar con una mujer sola de 65 años o más,1,Person_8339,Fuenlabrada,city
HH_3246,4 personas,Sur,Hogar formado por pareja con hijos en donde algún hijo es menor de 25 años,Hogar formado por pareja con hijos en donde algún hijo es menor de 25 años,4,Person_8340|Person_8341|Person_8342|Person_8343,,yes
HH_3247,2 personas,Polvoranca,Hogar formado por pareja sin hijos,Hogar formado por pareja sin hijos,2,Person_8344|Person_8345,,house
HH_3248,1 persona,Sur,Hogar con una mujer sola menor de 65 años,Hogar con una mujer sola menor de 65 años,1,Person_8346,,yes
HH_3249,2 personas,Carrascal,Hogar con un solo progenitor que convive con todos sus hijos de 25 años o más,Hogar con un solo progenitor que convive con todos sus hijos de 25 años o más,2,Person_8347|Person_8348,Ford,yes
HH_3250,3 personas,Fortuna,Otro tipo de hogar,Otro tipo de hogar,3,Person_8349|Person_8350|Person_8351,,yes
HH_3251,4 personas,Carrascal,Hogar formado por pareja con hijos en donde algún hijo es menor de 25 años,Hogar formado por pareja con hijos en donde algún hijo es menor de 25 años,4,Person_8352|Person_8353|Person_8354|Person_8355,,semidetached_house
HH_3252,2 personas,San Nicasio,Hogar formado por pareja sin hijos,Hogar formado por pareja sin hijos,2,Person_8356|Person_8357,,yes
HH_3253,2 personas,Zarzaquemada,Hogar formado por pareja sin hijos,Hogar formado por pareja sin hijos,2,Person_8358|Person_8359,,apartments
HH_3254,2 personas,Zarzaquemada,Hogar formado por pareja sin hijos,Hogar formado por pareja sin hijos,2,Person_8360|Person_8361,,apartments
HH_3255,1 persona,Norte,Hogar con una mujer sola menor de 65 años,Hogar con una mujer sola menor de 65 años,1,Person_8362,,yes
HH_3256,4 personas,Fortuna,Hogar formado por pareja con hijos en donde algún hijo es menor de 25 años,Hogar formado por pareja con hijos en donde algún hijo es menor de 25 años,4,Person_8363|Person_8364|Person_8365|Person_8366,,yes
HH_3257,3 personas,Norte,Otro tipo de hogar,Otro tipo de hogar,3,Person_8367|Person_8368|Person_8369,,apartments
HH_3258,4 personas,Norte,Hogar formado por pareja con hijos en donde algún hijo es menor de 25 años,Hogar formado por pareja con hijos en donde algún hijo es menor de 25 años,4,Person_8370|Person_8371|Person_8372|Person_8373,,apartments
HH_3259,2 personas,Carrascal,Hogar con un solo progenitor que convive con todos sus hijos de 25 años o más,Hogar con un solo progenitor que convive con todos sus hijos de 25 años o más,2,Person_8374|Person_8375,,apartments
HH_3260,3 personas,Zarzaquemada,Hogar formado por pareja con hijos en donde algún hijo es menor de 25 años,Hogar formado por pareja con hijos en donde algún hijo es menor de 25 años,3,Person_8376|Person_8377|Person_8378,,residential
HH_3261,2 personas,Carrascal,Hogar formado por pareja sin hijos,Hogar formado por pareja sin hijos,2,Person_8379|Person_8380,,yes
HH_3262,3 personas,Carrascal,Hogar formado por pareja con hijos en donde algún hijo es menor de 25 años,Hogar formado por pareja con hijos en donde algún hijo es menor de 25 años,3,Person_8381|Person_8382|Person_8383,,yes
HH_3263,3 personas,Norte,Hogar formado por pareja con hijos en donde algún hijo es menor de 25 años,Hogar formado por pareja con hijos en donde algún hijo es menor de 25 años,3,Person_8384|Person_8385|Person_8386,,yes
HH_3264,4 personas,Zarzaquemada,Hogar formado por pareja con hijos en donde algún hijo es menor de 25 años,Hogar formado por pareja con hijos en donde algún hijo es menor de 25 años,4,Person_8387|Person_8388|Person_8389|Person_8390,,residential
HH_3265,2 personas,Fortuna,Hogar formado por pareja sin hijos,Hogar formado por pareja sin hijos,2,Person_8391|Person_8392,,yes
HH_3266,2 personas,Norte,Hogar formado por pareja sin hijos,Hogar formado por pareja sin hijos,2,Person_8393|Person_8394,,yes
HH_3267,5 o mas personas,Carrascal,Hogar formado por pareja o un solo progenitor que convive con algún hijo menor de 25 años y otra(s) persona(s),Hogar formado por pareja o un solo progenitor que convive con algún hijo menor de 25 años y otra(s) persona(s),5,Person_8395|Person_8396|Person_8397|Person_8398|Person_8399,,yes
HH_3268,2 personas,Polvoranca,Hogar formado por pareja sin hijos,Hogar formado por pareja sin hijos,2,Person_8400|Person_8401,,house
HH_3269,3 personas,Zarzaquemada,Hogar formado por pareja con hijos en donde todos los hijos de 25 años o más,Hogar formado por pareja con hijos en donde todos los hijos de 25 años o más,3,Person_8402|Person_8403|Person_8404,,residential
HH_3270,3 personas,Norte,Hogar formado por pareja con hijos en donde algún hijo es menor de 25 años,Hogar formado por pareja con hijos en donde algún hijo es menor de 25 años,3,Person_8405|Person_8406|Person_8407,,yes
HH_3271,2 personas,Sur,Hogar formado por pareja sin hijos,Hogar formado por pareja sin hijos,2,Person_8408|Person_8409,Fuenlabrada,city
HH_3272,3 personas,Carrascal,Hogar formado por pareja con hijos en donde todos los hijos de 25 años o más,Hogar formado por pareja con hijos en donde todos los hijos de 25 años o más,3,Person_8410|Person_8411|Person_8412,Emporiorueda,yes
HH_3273,5 o mas personas,Zarzaquemada,Hogar formado por pareja o un solo progenitor que convive con algún hijo menor de 25 años y otra(s) persona(s),Hogar formado por pareja o un solo progenitor que convive con algún hijo menor de 25 años y otra(s) persona(s),5,Person_8413|Person_8414|Person_8415|Person_8416|Person_8417,,yes
HH_3274,4 personas,Zarzaquemada,Hogar formado por pareja con hijos en donde algún hijo es menor de 25 años,Hogar formado por pareja con hijos en donde algún hijo es menor de 25 años,4,Person_8418|Person_8419|Person_8420|Person_8421,Madrid,city
HH_3275,4 personas,Zarzaquemada,Hogar formado por pareja con hijos en donde algún hijo es menor de 25 años,Hogar formado por pareja con hijos en donde algún hijo es menor de 25 años,4,Person_8422|Person_8423|Person_8424|Person_8425,,apartments
HH_3276,1 persona,San Nicasio,Hogar con un hombre solo menor de 65 años,Hogar con un hombre solo menor de 65 años,1,Person_8426,,residential
HH_3277,2 personas,Carrascal,Hogar con un solo progenitor que convive con algún hijo menor de 25 años,Hogar con un solo progenitor que convive con algún hijo menor de 25 años,2,Person_8427|Person_8428,,residential
HH_3278,2 personas,Carrascal,Hogar con un solo progenitor que convive con algún hijo menor de 25 años,Hogar con un solo progenitor que convive con algún hijo menor de 25 años,2,Person_8429|Person_8430,Madrid,city
HH_3279,1 persona,San Nicasio,Hogar con una mujer sola menor de 65 años,Hogar con una mujer sola menor de 65 años,1,Person_8431,Fuenlabrada,city
HH_3280,1 persona,Zarzaquemada,Hogar con una mujer sola menor de 65 años,Hogar con una mujer sola menor de 65 años,1,Person_8432,,apartments
HH_3281,1 persona,Carrascal,Hogar con una mujer sola menor de 65 años,Hogar con una mujer sola menor de 65 años,1,Person_8433,Madrid,city
HH_3282,2 personas,San Nicasio,Otro tipo de hogar,Otro tipo de hogar,2,Person_8434|Person_8435,,yes
HH_3283,4 personas,Zarzaquemada,Otro tipo de hogar,Otro tipo de hogar,4,Person_8436|Person_8437|Person_8438|Person_8439,Madrid,city
HH_3284,2 personas,Zarzaquemada,Hogar formado por pareja sin hijos,Hogar formado por pareja sin hijos,2,Person_8440|Person_8441,Alcorcon,city
HH_3285,2 personas,Sur,Hogar formado por pareja sin hijos,Hogar formado por pareja sin hijos,2,Person_8442|Person_8443,,apartments
HH_3286,1 persona,San Nicasio,Hogar con una mujer sola de 65 años o más,Hogar con una mujer sola de 65 años o más,1,Person_8444,Lidl,yes
HH_3287,3 personas,San Nicasio,Hogar formado por pareja con hijos en donde algún hijo es menor de 25 años,Hogar formado por pareja con hijos en donde algún hijo es menor de 25 años,3,Person_8445|Person_8446|Person_8447,,yes
HH_3288,3 personas,Sur,Otro tipo de hogar,Otro tipo de hogar,3,Person_8448|Person_8449|Person_8450,,yes
HH_3289,4 personas,Carrascal,Hogar formado por pareja con hijos en donde algún hijo es menor de 25 años,Hogar formado por pareja con hijos en donde algún hijo es menor de 25 años,4,Person_8451|Person_8452|Person_8453|Person_8454,,yes
HH_3290,1 persona,Sur,Hogar con un hombre solo menor de 65 años,Hogar con un hombre solo menor de 65 años,1,Person_8455,,yes
HH_3291,4 personas,Norte,Hogar formado por pareja con hijos en donde algún hijo es menor de 25 años,Hogar formado por pareja con hijos en donde algún hijo es menor de 25 años,4,Person_8456|Person_8457|Person_8458|Person_8459,Fuenlabrada,city
HH_3292,1 persona,Zarzaquemada,Hogar con una mujer sola de 65 años o más,Hogar con una mujer sola de 65 años o más,1,Person_8460,Madrid,city
HH_3293,5 o mas personas,Zarzaquemada,Hogar formado por pareja o un solo progenitor que convive con algún hijo menor de 25 años y otra(s) persona(s),Hogar formado por pareja o un solo progenitor que convive con algún hijo menor de 25 años y otra(s) persona(s),5,Person_8461|Person_8462|Person_8463|Person_8464|Person_8465,Madrid,city
HH_3294,2 personas,Carrascal,Hogar formado por pareja sin hijos,Hogar formado por pareja sin hijos,2,Person_8466|Person_8467,,yes
HH_3295,1 persona,Norte,Hogar con un hombre solo menor de 65 años,Hogar con un hombre solo menor de 65 años,1,Person_8468,Madrid,city
HH_3296,2 personas,San Nicasio,Hogar formado por pareja sin hijos,Hogar formado por pareja sin hijos,2,Person_8469|Person_8470,Mostoles,city
HH_3297,4 personas,Sur,Hogar formado por pareja con hijos en donde algún hijo es menor de 25 años,Hogar formado por pareja con hijos en donde algún hijo es menor de 25 años,4,Person_8471|Person_8472|Person_8473|Person_8474,,residential
HH_3298,3 personas,Zarzaquemada,Hogar con un solo progenitor que convive con algún hijo menor de 25 años,Hogar con un solo progenitor que convive con algún hijo menor de 25 años,3,Person_8475|Person_8476|Person_8477,,residential
HH_3299,2 personas,Fortuna,Hogar formado por pareja sin hijos,Hogar formado por pareja sin hijos,2,Person_8478|Person_8479,Madrid,city
HH_3300,1 persona,San Nicasio,Hogar con una mujer sola de 65 años o más,Hogar con una mujer sola de 65 años o más,1,Person_8480,Madrid,city
HH_3301,5 o mas personas,Carrascal,Hogar formado por pareja o un solo progenitor que convive con algún hijo menor de 25 años y otra(s) persona(s),Hogar formado por pareja o un solo progenitor que convive con algún hijo menor de 25 años y otra(s) persona(s),5,Person_8481|Person_8482|Person_8483|Person_8484|Person_8485,,apartments
HH_3302,1 persona,Zarzaquemada,Hogar con una mujer sola de 65 años o más,Hogar con una mujer sola de 65 años o más,1,Person_8486,,apartments
HH_3303,2 personas,Carrascal,Hogar formado por pareja sin hijos,Hogar formado por pareja sin hijos,2,Person_8487|Person_8488,Madrid,city
HH_3304,2 personas,Fortuna,Hogar formado por pareja sin hijos,Hogar formado por pareja sin hijos,2,Person_8489|Person_8490,,semidetached_house
HH_3305,2 personas,Carrascal,Hogar con un solo progenitor que convive con algún hijo menor de 25 años,Hogar con un solo progenitor que convive con algún hijo menor de 25 años,2,Person_8491|Person_8492,,residential
HH_3306,1 persona,Sur,Hogar con una mujer sola de 65 años o más,Hogar con una mujer sola de 65 años o más,1,Person_8493,Madrid,city
HH_3307,4 personas,Zarzaquemada,Hogar formado por pareja con hijos en donde todos los hijos de 25 años o más,Hogar formado por pareja con hijos en donde todos los hijos de 25 años o más,4,Person_8494|Person_8495|Person_8496|Person_8497,,residential
HH_3308,1 persona,Zarzaquemada,Hogar con una mujer sola de 65 años o más,Hogar con una mujer sola de 65 años o más,1,Person_8498,Mostoles,city
HH_3309,4 personas,Sur,Hogar formado por pareja con hijos en donde algún hijo es menor de 25 años,Hogar formado por pareja con hijos en donde algún hijo es menor de 25 años,4,Person_8499|Person_8500|Person_8501|Person_8502,Extremadura,city
HH_3310,4 personas,Carrascal,Hogar formado por pareja con hijos en donde algún hijo es menor de 25 años,Hogar formado por pareja con hijos en donde algún hijo es menor de 25 años,4,Person_8503|Person_8504|Person_8505|Person_8506,Alcorcon,city
HH_3311,2 personas,San Nicasio,Hogar formado por pareja sin hijos,Hogar formado por pareja sin hijos,2,Person_8507|Person_8508,Extremadura,city
HH_3312,1 persona,Zarzaquemada,Hogar con una mujer sola de 65 años o más,Hogar con una mujer sola de 65 años o más,1,Person_8509,,apartments
HH_3313,3 personas,Zarzaquemada,Hogar formado por pareja con hijos en donde algún hijo es menor de 25 años,Hogar formado por pareja con hijos en donde algún hijo es menor de 25 años,3,Person_8510|Person_8511|Person_8512,,residential
HH_3314,3 personas,San Nicasio,Otro tipo de hogar,Otro tipo de hogar,3,Person_8513|Person_8514|Person_8515,,semidetached_house
HH_3315,3 personas,Zarzaquemada,Otro tipo de hogar,Otro tipo de hogar,3,Person_8516|Person_8517|Person_8518,Madrid,city
HH_3316,4 personas,Norte,Hogar formado por pareja con hijos en donde algún hijo es menor de 25 años,Hogar formado por pareja con hijos en donde algún hijo es menor de 25 años,4,Person_8519|Person_8520|Person_8521|Person_8522,Getafe norte,city
HH_3317,2 personas,Carrascal,Hogar formado por pareja sin hijos,Hogar formado por pareja sin hijos,2,Person_8523|Person_8524,Madrid,city
HH_3318,1 persona,Fortuna,Hogar con una mujer sola de 65 años o más,Hogar con una mujer sola de 65 años o más,1,Person_8525,,yes
HH_3319,1 persona,Sur,Hogar con una mujer sola de 65 años o más,Hogar con una mujer sola de 65 años o más,1,Person_8526,,apartments
HH_3320,1 persona,San Nicasio,Hogar con una mujer sola menor de 65 años,Hogar con una mujer sola menor de 65 años,1,Person_8527,,house
HH_3321,1 persona,San Nicasio,Hogar con una mujer sola de 65 años o más,Hogar con una mujer sola de 65 años o más,1,Person_8528,,semidetached_house
HH_3322,2 personas,Polvoranca,Otro tipo de hogar,Otro tipo de hogar,2,Person_8529|Person_8530,Madrid,city
HH_3323,2 personas,Norte,Hogar con un solo progenitor que convive con algún hijo menor de 25 años,Hogar con un solo progenitor que convive con algún hijo menor de 25 años,2,Person_8531|Person_8532,Madrid,city
HH_3324,4 personas,San Nicasio,Hogar formado por pareja con hijos en donde algún hijo es menor de 25 años,Hogar formado por pareja con hijos en donde algún hijo es menor de 25 años,4,Person_8533|Person_8534|Person_8535|Person_8536,Fuenlabrada,city
HH_3325,2 personas,San Nicasio,Hogar formado por pareja sin hijos,Hogar formado por pareja sin hijos,2,Person_8537|Person_8538,,semidetached_house
HH_3326,3 personas,Sur,Hogar formado por pareja con hijos en donde todos los hijos de 25 años o más,Hogar formado por pareja con hijos en donde todos los hijos de 25 años o más,3,Person_8539|Person_8540|Person_8541,Getafe norte,city
HH_3327,1 persona,Norte,Hogar con una mujer sola menor de 65 años,Hogar con una mujer sola menor de 65 años,1,Person_8542,,apartments
HH_3328,2 personas,Sur,Hogar con un solo progenitor que convive con todos sus hijos de 25 años o más,Hogar con un solo progenitor que convive con todos sus hijos de 25 años o más,2,Person_8543|Person_8544,Fuenlabrada,city
HH_3329,1 persona,Sur,Hogar con una mujer sola menor de 65 años,Hogar con una mujer sola menor de 65 años,1,Person_8545,,yes
HH_3330,2 personas,Zarzaquemada,Hogar formado por pareja sin hijos,Hogar formado por pareja sin hijos,2,Person_8546|Person_8547,,yes
HH_3331,1 persona,Fortuna,Hogar con una mujer sola de 65 años o más,Hogar con una mujer sola de 65 años o más,1,Person_8548,,semidetached_house
HH_3332,1 persona,Carrascal,Hogar con un hombre solo menor de 65 años,Hogar con un hombre solo menor de 65 años,1,Person_8549,,semidetached_house
HH_3333,1 persona,Carrascal,Hogar con una mujer sola menor de 65 años,Hogar con una mujer sola menor de 65 años,1,Person_8550,,residential
HH_3334,4 personas,Sur,Hogar formado por pareja con hijos en donde algún hijo es menor de 25 años,Hogar formado por pareja con hijos en donde algún hijo es menor de 25 años,4,Person_8551|Person_8552|Person_8553|Person_8554,Viviendas de integración social Fundación F.A.D.,yes
HH_3335,5 o mas personas,Zarzaquemada,Hogar formado por pareja con hijos en donde algún hijo es menor de 25 años,Hogar formado por pareja con hijos en donde algún hijo es menor de 25 años,5,Person_8555|Person_8556|Person_8557|Person_8558|Person_8559,,residential
HH_3336,1 persona,San Nicasio,Hogar con un hombre solo menor de 65 años,Hogar con un hombre solo menor de 65 años,1,Person_8560,,semidetached_house
HH_3337,4 personas,Fortuna,Hogar formado por pareja con hijos en donde algún hijo es menor de 25 años,Hogar formado por pareja con hijos en donde algún hijo es menor de 25 años,4,Person_8561|Person_8562|Person_8563|Person_8564,,yes
HH_3338,1 persona,Sur,Hogar con una mujer sola de 65 años o más,Hogar con una mujer sola de 65 años o más,1,Person_8565,Madrid,city
HH_3339,2 personas,Carrascal,Otro tipo de hogar,Otro tipo de hogar,2,Person_8566|Person_8567,Madrid,city
HH_3340,4 personas,Carrascal,Hogar formado por pareja con hijos en donde algún hijo es menor de 25 años,Hogar formado por pareja con hijos en donde algún hijo es menor de 25 años,4,Person_8568|Person_8569|Person_8570|Person_8571,Mostoles,city
HH_3341,1 persona,Norte,Hogar con un hombre solo menor de 65 años,Hogar con un hombre solo menor de 65 años,1,Person_8572,Salón del Reino de los Testigos de Jehová,yes
HH_3342,4 personas,San Nicasio,Hogar formado por pareja con hijos en donde algún hijo es menor de 25 años,Hogar formado por pareja con hijos en donde algún hijo es menor de 25 años,4,Person_8573|Person_8574|Person_8575|Person_8576,,terrace
HH_3343,3 personas,Polvoranca,Hogar formado por pareja con hijos en donde algún hijo es menor de 25 años,Hogar formado por pareja con hijos en donde algún hijo es menor de 25 años,3,Person_8577|Person_8578|Person_8579,Carmen García de Gúdal,yes
HH_3344,2 personas,Zarzaquemada,Hogar formado por pareja sin hijos,Hogar formado por pareja sin hijos,2,Person_8580|Person_8581,,apartments
HH_3345,1 persona,Norte,Hogar con una mujer sola de 65 años o más,Hogar con una mujer sola de 65 años o más,1,Person_8582,,apartments
HH_3346,2 personas,Sur,Hogar con un solo progenitor que convive con algún hijo menor de 25 años,Hogar con un solo progenitor que convive con algún hijo menor de 25 años,2,Person_8583|Person_8584,,yes
HH_3347,3 personas,San Nicasio,Hogar formado por pareja con hijos en donde algún hijo es menor de 25 años,Hogar formado por pareja con hijos en donde algún hijo es menor de 25 años,3,Person_8585|Person_8586|Person_8587,,residential
HH_3348,1 persona,Carrascal,Hogar con una mujer sola menor de 65 años,Hogar con una mujer sola menor de 65 años,1,Person_8588,,semidetached_house
HH_3349,3 personas,Sur,Hogar formado por pareja con hijos en donde algún hijo es menor de 25 años,Hogar formado por pareja con hijos en donde algún hijo es menor de 25 años,3,Person_8589|Person_8590|Person_8591,Madrid,city
HH_3350,2 personas,Zarzaquemada,Hogar formado por pareja sin hijos,Hogar formado por pareja sin hijos,2,Person_8592|Person_8593,,residential
HH_3351,3 personas,San Nicasio,Hogar formado por pareja con hijos en donde algún hijo es menor de 25 años,Hogar formado por pareja con hijos en donde algún hijo es menor de 25 años,3,Person_8594|Person_8595|Person_8596,Fuenlabrada,city
HH_3352,4 personas,Zarzaquemada,Hogar formado por pareja con hijos en donde algún hijo es menor de 25 años,Hogar formado por pareja con hijos en donde algún hijo es menor de 25 años,4,Person_8597|Person_8598|Person_8599|Person_8600,Madrid,city
HH_3353,3 personas,Polvoranca,Hogar formado por pareja con hijos en donde todos los hijos de 25 años o más,Hogar formado por pareja con hijos en donde todos los hijos de 25 años o más,3,Person_8601|Person_8602|Person_8603,Madrid,city
HH_3354,2 personas,Zarzaquemada,Otro tipo de hogar,Otro tipo de hogar,2,Person_8604|Person_8605,,yes
HH_3355,5 o mas personas,Zarzaquemada,Hogar formado por pareja con hijos en donde algún hijo es menor de 25 años,Hogar formado por pareja con hijos en donde algún hijo es menor de 25 años,5,Person_8606|Person_8607|Person_8608|Person_8609|Person_8610,Madrid,city
HH_3356,1 persona,Norte,Hogar con una mujer sola menor de 65 años,Hogar con una mujer sola menor de 65 años,1,Person_8611,,apartments
HH_3357,2 personas,Carrascal,Hogar con un solo progenitor que convive con algún hijo menor de 25 años,Hogar con un solo progenitor que convive con algún hijo menor de 25 años,2,Person_8612|Person_8613,,yes
HH_3358,2 personas,San Nicasio,Hogar con un solo progenitor que convive con todos sus hijos de 25 años o más,Hogar con un solo progenitor que convive con todos sus hijos de 25 años o más,2,Person_8614|Person_8615,Fuenlabrada,city
HH_3359,5 o mas personas,Norte,Hogar formado por pareja con hijos en donde algún hijo es menor de 25 años,Hogar formado por pareja con hijos en donde algún hijo es menor de 25 años,5,Person_8616|Person_8617|Person_8618|Person_8619|Person_8620,,apartments
HH_3360,4 personas,Polvoranca,Hogar formado por pareja con hijos en donde algún hijo es menor de 25 años,Hogar formado por pareja con hijos en donde algún hijo es menor de 25 años,4,Person_8621|Person_8622|Person_8623|Person_8624,,yes
HH_3361,1 persona,Zarzaquemada,Hogar con una mujer sola de 65 años o más,Hogar con una mujer sola de 65 años o más,1,Person_8625,Mostoles,city
HH_3362,4 personas,Polvoranca,Hogar formado por pareja con hijos en donde algún hijo es menor de 25 años,Hogar formado por pareja con hijos en donde algún hijo es menor de 25 años,4,Person_8626|Person_8627|Person_8628|Person_8629,,semidetached_house
HH_3363,1 persona,Carrascal,Hogar con un hombre solo menor de 65 años,Hogar con un hombre solo menor de 65 años,1,Person_8630,Madrid,city
HH_3364,3 personas,Zarzaquemada,Hogar formado por pareja con hijos en donde algún hijo es menor de 25 años,Hogar formado por pareja con hijos en donde algún hijo es menor de 25 años,3,Person_8631|Person_8632|Person_8633,,apartments
HH_3365,3 personas,Zarzaquemada,Otro tipo de hogar,Otro tipo de hogar,3,Person_8634|Person_8635|Person_8636,,residential
HH_3366,1 persona,Carrascal,Hogar con una mujer sola de 65 años o más,Hogar con una mujer sola de 65 años o más,1,Person_8637,,apartments
HH_3367,1 persona,San Nicasio,Hogar con un hombre solo menor de 65 años,Hogar con un hombre solo menor de 65 años,1,Person_8638,Ermita de San Nicasio,yes
HH_3368,4 personas,Sur,Hogar formado por pareja o un solo progenitor que convive con algún hijo menor de 25 años y otra(s) persona(s),Hogar formado por pareja o un solo progenitor que convive con algún hijo menor de 25 años y otra(s) persona(s),4,Person_8639|Person_8640|Person_8641|Person_8642,Mostoles,city
HH_3369,5 o mas personas,San Nicasio,Hogar formado por pareja o un solo progenitor que convive con algún hijo menor de 25 años y otra(s) persona(s),Hogar formado por pareja o un solo progenitor que convive con algún hijo menor de 25 años y otra(s) persona(s),5,Person_8643|Person_8644|Person_8645|Person_8646|Person_8647,,semidetached_house
HH_3370,1 persona,Zarzaquemada,Hogar con un hombre solo de 65 años o más,Hogar con un hombre solo de 65 años o más,1,Person_8648,,apartments
HH_3371,3 personas,Carrascal,Otro tipo de hogar,Otro tipo de hogar,3,Person_8649|Person_8650|Person_8651,,house
HH_3372,2 personas,Fortuna,Hogar con un solo progenitor que convive con algún hijo menor de 25 años,Hogar con un solo progenitor que convive con algún hijo menor de 25 años,2,Person_8652|Person_8653,,yes
HH_3373,1 persona,Fortuna,Hogar con un hombre solo de 65 años o más,Hogar con un hombre solo de 65 años o más,1,Person_8654,,yes
HH_3374,3 personas,Sur,Hogar formado por pareja con hijos en donde algún hijo es menor de 25 años,Hogar formado por pareja con hijos en donde algún hijo es menor de 25 años,3,Person_8655|Person_8656|Person_8657,,yes
HH_3375,2 personas,Carrascal,Hogar formado por pareja sin hijos,Hogar formado por pareja sin hijos,2,Person_8658|Person_8659,,yes
HH_3376,2 personas,Sur,Hogar formado por pareja sin hijos,Hogar formado por pareja sin hijos,2,Person_8660|Person_8661,Madrid,city
HH_3377,2 personas,Carrascal,Otro tipo de hogar,Otro tipo de hogar,2,Person_8662|Person_8663,,apartments
HH_3378,1 persona,Polvoranca,Hogar con un hombre solo menor de 65 años,Hogar con un hombre solo menor de 65 años,1,Person_8664,Madrid,city
HH_3379,5 o mas personas,Sur,Hogar formado por pareja o un solo progenitor que convive con algún hijo menor de 25 años y otra(s) persona(s),Hogar formado por pareja o un solo progenitor que convive con algún hijo menor de 25 años y otra(s) persona(s),5,Person_8665|Person_8666|Person_8667|Person_8668|Person_8669,,yes
HH_3380,1 persona,Norte,Hogar con una mujer sola de 65 años o más,Hogar con una mujer sola de 65 años o más,1,Person_8670,Fuenlabrada,city
HH_3381,2 personas,Zarzaquemada,Hogar formado por pareja sin hijos,Hogar formado por pareja sin hijos,2,Person_8671|Person_8672,Madrid,city
HH_3382,3 personas,Carrascal,Hogar formado por pareja con hijos en donde algún hijo es menor de 25 años,Hogar formado por pareja con hijos en donde algún hijo es menor de 25 años,3,Person_8673|Person_8674|Person_8675,,semidetached_house
HH_3383,2 personas,Norte,Hogar formado por pareja sin hijos,Hogar formado por pareja sin hijos,2,Person_8676|Person_8677,,yes
HH_3384,2 personas,Carrascal,Hogar con un solo progenitor que convive con todos sus hijos de 25 años o más,Hogar con un solo progenitor que convive con todos sus hijos de 25 años o más,2,Person_8678|Person_8679,,detached
HH_3385,2 personas,Zarzaquemada,Hogar formado por pareja sin hijos,Hogar formado por pareja sin hijos,2,Person_8680|Person_8681,,yes
HH_3386,4 personas,San Nicasio,Hogar formado por pareja con hijos en donde algún hijo es menor de 25 años,Hogar formado por pareja con hijos en donde algún hijo es menor de 25 años,4,Person_8682|Person_8683|Person_8684|Person_8685,Fuenlabrada,city
HH_3387,3 personas,Norte,Hogar formado por pareja con hijos en donde algún hijo es menor de 25 años,Hogar formado por pareja con hijos en donde algún hijo es menor de 25 años,3,Person_8686|Person_8687|Person_8688,Madrid,city
HH_3388,4 personas,Zarzaquemada,Hogar formado por pareja con hijos en donde algún hijo es menor de 25 años,Hogar formado por pareja con hijos en donde algún hijo es menor de 25 años,4,Person_8689|Person_8690|Person_8691|Person_8692,Madrid,city
HH_3389,2 personas,Sur,Hogar con un solo progenitor que convive con todos sus hijos de 25 años o más,Hogar con un solo progenitor que convive con todos sus hijos de 25 años o más,2,Person_8693|Person_8694,,yes
HH_3390,2 personas,Sur,Hogar formado por pareja sin hijos,Hogar formado por pareja sin hijos,2,Person_8695|Person_8696,,yes
HH_3391,5 o mas personas,Norte,Hogar formado por pareja con hijos en donde algún hijo es menor de 25 años,Hogar formado por pareja con hijos en donde algún hijo es menor de 25 años,5,Person_8697|Person_8698|Person_8699|Person_8700|Person_8701,,yes
HH_3392,5 o mas personas,Carrascal,Hogar formado por pareja o un solo progenitor que convive con algún hijo menor de 25 años y otra(s) persona(s),Hogar formado por pareja o un solo progenitor que convive con algún hijo menor de 25 años y otra(s) persona(s),5,Person_8702|Person_8703|Person_8704|Person_8705|Person_8706,Madrid,city
HH_3393,2 personas,Norte,Hogar formado por pareja sin hijos,Hogar formado por pareja sin hijos,2,Person_8707|Person_8708,,yes
HH_3394,2 personas,Norte,Hogar formado por pareja sin hijos,Hogar formado por pareja sin hijos,2,Person_8709|Person_8710,,yes
HH_3395,2 personas,Zarzaquemada,Hogar formado por pareja sin hijos,Hogar formado por pareja sin hijos,2,Person_8711|Person_8712,Alcorcon,city
HH_3396,5 o mas personas,Carrascal,Hogar formado por pareja o un solo progenitor que convive con algún hijo menor de 25 años y otra(s) persona(s),Hogar formado por pareja o un solo progenitor que convive con algún hijo menor de 25 años y otra(s) persona(s),5,Person_8713|Person_8714|Person_8715|Person_8716|Person_8717,,apartments
HH_3397,2 personas,San Nicasio,Hogar con un solo progenitor que convive con todos sus hijos de 25 años o más,Hogar con un solo progenitor que convive con todos sus hijos de 25 años o más,2,Person_8718|Person_8719,,semidetached_house
HH_3398,3 personas,Carrascal,Hogar formado por pareja con hijos en donde algún hijo es menor de 25 años,Hogar formado por pareja con hijos en donde algún hijo es menor de 25 años,3,Person_8720|Person_8721|Person_8722,,semidetached_house
HH_3399,2 personas,Norte,Hogar formado por pareja sin hijos,Hogar formado por pareja sin hijos,2,Person_8723|Person_8724,,yes
HH_3400,1 persona,San Nicasio,Hogar con un hombre solo menor de 65 años,Hogar con un hombre solo menor de 65 años,1,Person_8725,,semidetached_house
HH_3401,4 personas,Zarzaquemada,Hogar formado por pareja con hijos en donde algún hijo es menor de 25 años,Hogar formado por pareja con hijos en donde algún hijo es menor de 25 años,4,Person_8726|Person_8727|Person_8728|Person_8729,Alcorcon,city
HH_3402,3 personas,Zarzaquemada,Hogar formado por pareja con hijos en donde todos los hijos de 25 años o más,Hogar formado por pareja con hijos en donde todos los hijos de 25 años o más,3,Person_8730|Person_8731|Person_8732,,apartments
HH_3403,2 personas,Zarzaquemada,Hogar formado por pareja sin hijos,Hogar formado por pareja sin hijos,2,Person_8733|Person_8734,,yes
HH_3404,1 persona,San Nicasio,Hogar con una mujer sola de 65 años o más,Hogar con una mujer sola de 65 años o más,1,Person_8735,,yes
HH_3405,3 personas,Fortuna,Hogar formado por pareja con hijos en donde algún hijo es menor de 25 años,Hogar formado por pareja con hijos en donde algún hijo es menor de 25 años,3,Person_8736|Person_8737|Person_8738,Extremadura,city
HH_3406,2 personas,San Nicasio,Hogar formado por pareja sin hijos,Hogar formado por pareja sin hijos,2,Person_8739|Person_8740,,house
HH_3407,1 persona,Zarzaquemada,Hogar con un hombre solo menor de 65 años,Hogar con un hombre solo menor de 65 años,1,Person_8741,,apartments
HH_3408,1 persona,Carrascal,Hogar con un hombre solo de 65 años o más,Hogar con un hombre solo de 65 años o más,1,Person_8742,Madrid,city
HH_3409,1 persona,Zarzaquemada,Hogar con una mujer sola menor de 65 años,Hogar con una mujer sola menor de 65 años,1,Person_8743,,residential
HH_3410,4 personas,Zarzaquemada,Hogar formado por pareja con hijos en donde algún hijo es menor de 25 años,Hogar formado por pareja con hijos en donde algún hijo es menor de 25 años,4,Person_8744|Person_8745|Person_8746|Person_8747,,apartments
HH_3411,5 o mas personas,Sur,Hogar formado por pareja o un solo progenitor que convive con algún hijo menor de 25 años y otra(s) persona(s),Hogar formado por pareja o un solo progenitor que convive con algún hijo menor de 25 años y otra(s) persona(s),5,Person_8748|Person_8749|Person_8750|Person_8751|Person_8752,Madrid,city
HH_3412,2 personas,Sur,Hogar formado por pareja sin hijos,Hogar formado por pareja sin hijos,2,Person_8753|Person_8754,Madrid,city
HH_3413,1 persona,Zarzaquemada,Hogar con un hombre solo menor de 65 años,Hogar con un hombre solo menor de 65 años,1,Person_8755,,apartments
HH_3414,1 persona,Sur,Hogar con una mujer sola de 65 años o más,Hogar con una mujer sola de 65 años o más,1,Person_8756,Madrid,city
HH_3415,4 personas,San Nicasio,Hogar formado por pareja o un solo progenitor que convive con algún hijo menor de 25 años y otra(s) persona(s),Hogar formado por pareja o un solo progenitor que convive con algún hijo menor de 25 años y otra(s) persona(s),4,Person_8757|Person_8758|Person_8759|Person_8760,,semidetached_house
HH_3416,1 persona,Zarzaquemada,Hogar con una mujer sola menor de 65 años,Hogar con una mujer sola menor de 65 años,1,Person_8761,,apartments
HH_3417,1 persona,San Nicasio,Hogar con un hombre solo de 65 años o más,Hogar con un hombre solo de 65 años o más,1,Person_8762,Mostoles,city
HH_3418,3 personas,San Nicasio,Hogar formado por pareja con hijos en donde todos los hijos de 25 años o más,Hogar formado por pareja con hijos en donde todos los hijos de 25 años o más,3,Person_8763|Person_8764|Person_8765,,yes
HH_3419,3 personas,Carrascal,Hogar con un solo progenitor que convive con algún hijo menor de 25 años,Hogar con un solo progenitor que convive con algún hijo menor de 25 años,3,Person_8766|Person_8767|Person_8768,,apartments
HH_3420,4 personas,Norte,Hogar formado por pareja o un solo progenitor que convive con algún hijo menor de 25 años y otra(s) persona(s),Hogar formado por pareja o un solo progenitor que convive con algún hijo menor de 25 años y otra(s) persona(s),4,Person_8769|Person_8770|Person_8771|Person_8772,,yes
HH_3421,4 personas,San Nicasio,Hogar formado por pareja con hijos en donde algún hijo es menor de 25 años,Hogar formado por pareja con hijos en donde algún hijo es menor de 25 años,4,Person_8773|Person_8774|Person_8775|Person_8776,,house
HH_3422,2 personas,Norte,Hogar formado por pareja sin hijos,Hogar formado por pareja sin hijos,2,Person_8777|Person_8778,Madrid,city
HH_3423,2 personas,Zarzaquemada,Hogar con un solo progenitor que convive con algún hijo menor de 25 años,Hogar con un solo progenitor que convive con algún hijo menor de 25 años,2,Person_8779|Person_8780,,yes
HH_3424,3 personas,Polvoranca,Hogar formado por pareja con hijos en donde algún hijo es menor de 25 años,Hogar formado por pareja con hijos en donde algún hijo es menor de 25 años,3,Person_8781|Person_8782|Person_8783,,house
HH_3425,3 personas,San Nicasio,Hogar formado por pareja con hijos en donde todos los hijos de 25 años o más,Hogar formado por pareja con hijos en donde todos los hijos de 25 años o más,3,Person_8784|Person_8785|Person_8786,Alcorcon,city
HH_3426,2 personas,Sur,Hogar formado por pareja sin hijos,Hogar formado por pareja sin hijos,2,Person_8787|Person_8788,,yes
HH_3427,2 personas,Zarzaquemada,Hogar formado por pareja sin hijos,Hogar formado por pareja sin hijos,2,Person_8789|Person_8790,Madrid,city
HH_3428,4 personas,Polvoranca,Hogar formado por pareja con hijos en donde algún hijo es menor de 25 años,Hogar formado por pareja con hijos en donde algún hijo es menor de 25 años,4,Person_8791|Person_8792|Person_8793|Person_8794,,semidetached_house
HH_3429,2 personas,Zarzaquemada,Hogar formado por pareja sin hijos,Hogar formado por pareja sin hijos,2,Person_8795|Person_8796,,apartments
HH_3430,4 personas,Sur,Hogar formado por pareja con hijos en donde algún hijo es menor de 25 años,Hogar formado por pareja con hijos en donde algún hijo es menor de 25 años,4,Person_8797|Person_8798|Person_8799|Person_8800,,yes
HH_3431,4 personas,Carrascal,Hogar formado por pareja con hijos en donde algún hijo es menor de 25 años,Hogar formado por pareja con hijos en donde algún hijo es menor de 25 años,4,Person_8801|Person_8802|Person_8803|Person_8804,Fuenlabrada,city
HH_3432,2 personas,Polvoranca,Hogar con un solo progenitor que convive con todos sus hijos de 25 años o más,Hogar con un solo progenitor que convive con todos sus hijos de 25 años o más,2,Person_8805|Person_8806,,house
HH_3433,4 personas,Norte,Otro tipo de hogar,Otro tipo de hogar,4,Person_8807|Person_8808|Person_8809|Person_8810,,yes
HH_3434,1 persona,Zarzaquemada,Hogar con un hombre solo menor de 65 años,Hogar con un hombre solo menor de 65 años,1,Person_8811,,apartments
HH_3435,2 personas,Carrascal,Hogar formado por pareja sin hijos,Hogar formado por pareja sin hijos,2,Person_8812|Person_8813,,yes
HH_3436,1 persona,San Nicasio,Hogar con una mujer sola menor de 65 años,Hogar con una mujer sola menor de 65 años,1,Person_8814,Madrid,city
HH_3437,4 personas,Zarzaquemada,Hogar formado por pareja con hijos en donde algún hijo es menor de 25 años,Hogar formado por pareja con hijos en donde algún hijo es menor de 25 años,4,Person_8815|Person_8816|Person_8817|Person_8818,,residential
HH_3438,4 personas,San Nicasio,Hogar formado por pareja o un solo progenitor que convive con algún hijo menor de 25 años y otra(s) persona(s),Hogar formado por pareja o un solo progenitor que convive con algún hijo menor de 25 años y otra(s) persona(s),4,Person_8819|Person_8820|Person_8821|Person_8822,,semidetached_house
HH_3439,4 personas,Zarzaquemada,Hogar formado por pareja con hijos en donde todos los hijos de 25 años o más,Hogar formado por pareja con hijos en donde todos los hijos de 25 años o más,4,Person_8823|Person_8824|Person_8825|Person_8826,Madrid,city
HH_3440,3 personas,Zarzaquemada,Hogar formado por pareja con hijos en donde algún hijo es menor de 25 años,Hogar formado por pareja con hijos en donde algún hijo es menor de 25 años,3,Person_8827|Person_8828|Person_8829,Madrid,city
HH_3441,3 personas,San Nicasio,Hogar formado por pareja con hijos en donde algún hijo es menor de 25 años,Hogar formado por pareja con hijos en donde algún hijo es menor de 25 años,3,Person_8830|Person_8831|Person_8832,,yes
HH_3442,4 personas,San Nicasio,Hogar formado por pareja con hijos en donde algún hijo es menor de 25 años,Hogar formado por pareja con hijos en donde algún hijo es menor de 25 años,4,Person_8833|Person_8834|Person_8835|Person_8836,Getafe norte,city
HH_3443,1 persona,Carrascal,Hogar con una mujer sola menor de 65 años,Hogar con una mujer sola menor de 65 años,1,Person_8837,,yes
HH_3444,2 personas,San Nicasio,Hogar formado por pareja sin hijos,Hogar formado por pareja sin hijos,2,Person_8838|Person_8839,,semidetached_house
HH_3445,4 personas,Polvoranca,Otro tipo de hogar,Otro tipo de hogar,4,Person_8840|Person_8841|Person_8842|Person_8843,Madrid,city
HH_3446,2 personas,Carrascal,Hogar con un solo progenitor que convive con algún hijo menor de 25 años,Hogar con un solo progenitor que convive con algún hijo menor de 25 años,2,Person_8844|Person_8845,Madrid,city
HH_3447,4 personas,Zarzaquemada,Hogar formado por pareja con hijos en donde algún hijo es menor de 25 años,Hogar formado por pareja con hijos en donde algún hijo es menor de 25 años,4,Person_8846|Person_8847|Person_8848|Person_8849,Madrid,city
HH_3448,5 o mas personas,Sur,Hogar formado por pareja con hijos en donde algún hijo es menor de 25 años,Hogar formado por pareja con hijos en donde algún hijo es menor de 25 años,5,Person_8850|Person_8851|Person_8852|Person_8853|Person_8854,,yes
HH_3449,2 personas,Zarzaquemada,Hogar formado por pareja sin hijos,Hogar formado por pareja sin hijos,2,Person_8855|Person_8856,Mostoles,city
HH_3450,4 personas,San Nicasio,Hogar formado por pareja con hijos en donde algún hijo es menor de 25 años,Hogar formado por pareja con hijos en donde algún hijo es menor de 25 años,4,Person_8857|Person_8858|Person_8859|Person_8860,,house
HH_3451,2 personas,Sur,Hogar formado por pareja sin hijos,Hogar formado por pareja sin hijos,2,Person_8861|Person_8862,,apartments
HH_3452,3 personas,Fortuna,Hogar formado por pareja con hijos en donde todos los hijos de 25 años o más,Hogar formado por pareja con hijos en donde todos los hijos de 25 años o más,3,Person_8863|Person_8864|Person_8865,,yes
HH_3453,1 persona,San Nicasio,Hogar con una mujer sola menor de 65 años,Hogar con una mujer sola menor de 65 años,1,Person_8866,,semidetached_house
HH_3454,4 personas,Zarzaquemada,Hogar formado por pareja con hijos en donde algún hijo es menor de 25 años,Hogar formado por pareja con hijos en donde algún hijo es menor de 25 años,4,Person_8867|Person_8868|Person_8869|Person_8870,,residential
HH_3455,1 persona,Fortuna,Hogar con una mujer sola de 65 años o más,Hogar con una mujer sola de 65 años o más,1,Person_8871,,yes
HH_3456,1 persona,San Nicasio,Hogar con una mujer sola menor de 65 años,Hogar con una mujer sola menor de 65 años,1,Person_8872,,house
HH_3457,3 personas,Carrascal,Hogar formado por pareja con hijos en donde algún hijo es menor de 25 años,Hogar formado por pareja con hijos en donde algún hijo es menor de 25 años,3,Person_8873|Person_8874|Person_8875,,house
HH_3458,1 persona,San Nicasio,Hogar con una mujer sola de 65 años o más,Hogar con una mujer sola de 65 años o más,1,Person_8876,,semidetached_house
HH_3459,3 personas,Zarzaquemada,Hogar formado por pareja con hijos en donde algún hijo es menor de 25 años,Hogar formado por pareja con hijos en donde algún hijo es menor de 25 años,3,Person_8877|Person_8878|Person_8879,,apartments
HH_3460,1 persona,San Nicasio,Hogar con una mujer sola de 65 años o más,Hogar con una mujer sola de 65 años o más,1,Person_8880,,semidetached_house
HH_3461,5 o mas personas,Zarzaquemada,Hogar formado por pareja o un solo progenitor que convive con algún hijo menor de 25 años y otra(s) persona(s),Hogar formado por pareja o un solo progenitor que convive con algún hijo menor de 25 años y otra(s) persona(s),5,Person_8881|Person_8882|Person_8883|Person_8884|Person_8885,,apartments
HH_3462,2 personas,Sur,Hogar formado por pareja sin hijos,Hogar formado por pareja sin hijos,2,Person_8886|Person_8887,,apartments
HH_3463,2 personas,Carrascal,Hogar formado por pareja sin hijos,Hogar formado por pareja sin hijos,2,Person_8888|Person_8889,,yes
HH_3464,3 personas,Zarzaquemada,Hogar formado por pareja con hijos en donde algún hijo es menor de 25 años,Hogar formado por pareja con hijos en donde algún hijo es menor de 25 años,3,Person_8890|Person_8891|Person_8892,,yes
HH_3465,2 personas,Carrascal,Otro tipo de hogar,Otro tipo de hogar,2,Person_8893|Person_8894,Fuenlabrada,city
HH_3466,2 personas,San Nicasio,Hogar formado por pareja sin hijos,Hogar formado por pareja sin hijos,2,Person_8895|Person_8896,Madrid,city
HH_3467,1 persona,Sur,Hogar con una mujer sola menor de 65 años,Hogar con una mujer sola menor de 65 años,1,Person_8897,,yes
HH_3468,1 persona,Zarzaquemada,Hogar con una mujer sola de 65 años o más,Hogar con una mujer sola de 65 años o más,1,Person_8898,Alcorcon,city
HH_3469,1 persona,Norte,Hogar con una mujer sola de 65 años o más,Hogar con una mujer sola de 65 años o más,1,Person_8899,,apartments
HH_3470,2 personas,Sur,Hogar formado por pareja sin hijos,Hogar formado por pareja sin hijos,2,Person_8900|Person_8901,Mostoles,city
HH_3471,2 personas,Sur,Hogar con un solo progenitor que convive con todos sus hijos de 25 años o más,Hogar con un solo progenitor que convive con todos sus hijos de 25 años o más,2,Person_8902|Person_8903,,residential
HH_3472,3 personas,Zarzaquemada,Hogar formado por pareja con hijos en donde todos los hijos de 25 años o más,Hogar formado por pareja con hijos en donde todos los hijos de 25 años o más,3,Person_8904|Person_8905|Person_8906,,residential
HH_3473,2 personas,Fortuna,Hogar con un solo progenitor que convive con algún hijo menor de 25 años,Hogar con un solo progenitor que convive con algún hijo menor de 25 años,2,Person_8907|Person_8908,,semidetached_house
HH_3474,3 personas,Norte,Hogar formado por pareja con hijos en donde algún hijo es menor de 25 años,Hogar formado por pareja con hijos en donde algún hijo es menor de 25 años,3,Person_8909|Person_8910|Person_8911,,yes
HH_3475,3 personas,Fortuna,Hogar con un solo progenitor que convive con algún hijo menor de 25 años,Hogar con un solo progenitor que convive con algún hijo menor de 25 años,3,Person_8912|Person_8913|Person_8914,,yes
HH_3476,3 personas,Polvoranca,Hogar formado por pareja con hijos en donde algún hijo es menor de 25 años,Hogar formado por pareja con hijos en donde algún hijo es menor de 25 años,3,Person_8915|Person_8916|Person_8917,,yes
HH_3477,3 personas,Polvoranca,Hogar formado por pareja con hijos en donde todos los hijos de 25 años o más,Hogar formado por pareja con hijos en donde todos los hijos de 25 años o más,3,Person_8918|Person_8919|Person_8920,,semidetached_house
HH_3478,1 persona,Sur,Hogar con un hombre solo menor de 65 años,Hogar con un hombre solo menor de 65 años,1,Person_8921,,yes
HH_3479,1 persona,Carrascal,Hogar con un hombre solo menor de 65 años,Hogar con un hombre solo menor de 65 años,1,Person_8922,,yes
HH_3480,2 personas,Carrascal,Hogar formado por pareja sin hijos,Hogar formado por pareja sin hijos,2,Person_8923|Person_8924,Fuenlabrada,city
HH_3481,2 personas,Zarzaquemada,Otro tipo de hogar,Otro tipo de hogar,2,Person_8925|Person_8926,Alcorcon,city
HH_3482,2 personas,San Nicasio,Hogar formado por pareja sin hijos,Hogar formado por pareja sin hijos,2,Person_8927|Person_8928,,semidetached_house
HH_3483,2 personas,Sur,Hogar con un solo progenitor que convive con todos sus hijos de 25 años o más,Hogar con un solo progenitor que convive con todos sus hijos de 25 años o más,2,Person_8929|Person_8930,,yes
HH_3484,2 personas,Fortuna,Hogar con un solo progenitor que convive con algún hijo menor de 25 años,Hogar con un solo progenitor que convive con algún hijo menor de 25 años,2,Person_8931|Person_8932,Madrid,city
HH_3485,2 personas,San Nicasio,Hogar formado por pareja sin hijos,Hogar formado por pareja sin hijos,2,Person_8933|Person_8934,,house
HH_3486,2 personas,Zarzaquemada,Hogar formado por pareja sin hijos,Hogar formado por pareja sin hijos,2,Person_8935|Person_8936,Alcorcon,city
HH_3487,3 personas,Norte,Hogar formado por pareja con hijos en donde todos los hijos de 25 años o más,Hogar formado por pareja con hijos en donde todos los hijos de 25 años o más,3,Person_8937|Person_8938|Person_8939,,yes
HH_3488,5 o mas personas,Carrascal,Hogar formado por pareja o un solo progenitor que convive con algún hijo menor de 25 años y otra(s) persona(s),Hogar formado por pareja o un solo progenitor que convive con algún hijo menor de 25 años y otra(s) persona(s),5,Person_8940|Person_8941|Person_8942|Person_8943|Person_8944,,semidetached_house
HH_3489,4 personas,Zarzaquemada,Hogar formado por pareja con hijos en donde algún hijo es menor de 25 años,Hogar formado por pareja con hijos en donde algún hijo es menor de 25 años,4,Person_8945|Person_8946|Person_8947|Person_8948,,apartments
HH_3490,1 persona,Sur,Hogar con una mujer sola de 65 años o más,Hogar con una mujer sola de 65 años o más,1,Person_8949,Fuenlabrada,city
HH_3491,4 personas,Fortuna,Hogar formado por pareja o un solo progenitor que convive con algún hijo menor de 25 años y otra(s) persona(s),Hogar formado por pareja o un solo progenitor que convive con algún hijo menor de 25 años y otra(s) persona(s),4,Person_8950|Person_8951|Person_8952|Person_8953,,yes
HH_3492,5 o mas personas,Zarzaquemada,Otro tipo de hogar,Otro tipo de hogar,5,Person_8954|Person_8955|Person_8956|Person_8957|Person_8958,,residential
HH_3493,4 personas,Carrascal,Hogar formado por pareja con hijos en donde todos los hijos de 25 años o más,Hogar formado por pareja con hijos en donde todos los hijos de 25 años o más,4,Person_8959|Person_8960|Person_8961|Person_8962,,yes
HH_3494,1 persona,Carrascal,Hogar con una mujer sola de 65 años o más,Hogar con una mujer sola de 65 años o más,1,Person_8963,,apartments
HH_3495,3 personas,Polvoranca,Hogar formado por pareja con hijos en donde algún hijo es menor de 25 años,Hogar formado por pareja con hijos en donde algún hijo es menor de 25 años,3,Person_8964|Person_8965|Person_8966,Alcorcon,city
HH_3496,2 personas,Carrascal,Hogar formado por pareja sin hijos,Hogar formado por pareja sin hijos,2,Person_8967|Person_8968,Fuenlabrada,city
HH_3497,2 personas,Carrascal,Otro tipo de hogar,Otro tipo de hogar,2,Person_8969|Person_8970,,semidetached_house
HH_3498,2 personas,Sur,Hogar formado por pareja sin hijos,Hogar formado por pareja sin hijos,2,Person_8971|Person_8972,,yes
HH_3499,4 personas,Norte,Hogar formado por pareja con hijos en donde algún hijo es menor de 25 años,Hogar formado por pareja con hijos en donde algún hijo es menor de 25 años,4,Person_8973|Person_8974|Person_8975|Person_8976,,yes
HH_3500,3 personas,San Nicasio,Otro tipo de hogar,Otro tipo de hogar,3,Person_8977|Person_8978|Person_8979,,house
HH_3501,2 personas,Carrascal,Hogar con un solo progenitor que convive con todos sus hijos de 25 años o más,Hogar con un solo progenitor que convive con todos sus hijos de 25 años o más,2,Person_8980|Person_8981,,apartments
HH_3502,4 personas,Zarzaquemada,Otro tipo de hogar,Otro tipo de hogar,4,Person_8982|Person_8983|Person_8984|Person_8985,,residential
HH_3503,2 personas,Polvoranca,Hogar con un solo progenitor que convive con todos sus hijos de 25 años o más,Hogar con un solo progenitor que convive con todos sus hijos de 25 años o más,2,Person_8986|Person_8987,,house
HH_3504,2 personas,Zarzaquemada,Hogar con un solo progenitor que convive con todos sus hijos de 25 años o más,Hogar con un solo progenitor que convive con todos sus hijos de 25 años o más,2,Person_8988|Person_8989,Madrid,city
HH_3505,1 persona,Sur,Hogar con una mujer sola menor de 65 años,Hogar con una mujer sola menor de 65 años,1,Person_8990,Madrid,city
HH_3506,1 persona,Carrascal,Hogar con un hombre solo de 65 años o más,Hogar con un hombre solo de 65 años o más,1,Person_8991,,apartments
HH_3507,2 personas,Carrascal,Hogar formado por pareja sin hijos,Hogar formado por pareja sin hijos,2,Person_8992|Person_8993,,yes
HH_3508,1 persona,Zarzaquemada,Hogar con un hombre solo menor de 65 años,Hogar con un hombre solo menor de 65 años,1,Person_8994,,residential
HH_3509,3 personas,Zarzaquemada,Hogar formado por pareja con hijos en donde algún hijo es menor de 25 años,Hogar formado por pareja con hijos en donde algún hijo es menor de 25 años,3,Person_8995|Person_8996|Person_8997,,residential
HH_3510,3 personas,San Nicasio,Hogar formado por pareja con hijos en donde algún hijo es menor de 25 años,Hogar formado por pareja con hijos en donde algún hijo es menor de 25 años,3,Person_8998|Person_8999|Person_9000,,house
HH_3511,5 o mas personas,Norte,Hogar formado por pareja con hijos en donde algún hijo es menor de 25 años,Hogar formado por pareja con hijos en donde algún hijo es menor de 25 años,5,Person_9001|Person_9002|Person_9003|Person_9004|Person_9005,Madrid,city
HH_3512,2 personas,Norte,Hogar formado por pareja sin hijos,Hogar formado por pareja sin hijos,2,Person_9006|Person_9007,,apartments
HH_3513,1 persona,Sur,Hogar con un hombre solo de 65 años o más,Hogar con un hombre solo de 65 años o más,1,Person_9008,,yes
HH_3514,2 personas,Zarzaquemada,Hogar formado por pareja sin hijos,Hogar formado por pareja sin hijos,2,Person_9009|Person_9010,,residential
HH_3515,4 personas,San Nicasio,Hogar formado por pareja con hijos en donde algún hijo es menor de 25 años,Hogar formado por pareja con hijos en donde algún hijo es menor de 25 años,4,Person_9011|Person_9012|Person_9013|Person_9014,Getafe norte,city
HH_3516,2 personas,San Nicasio,Hogar formado por pareja sin hijos,Hogar formado por pareja sin hijos,2,Person_9015|Person_9016,,house
HH_3517,2 personas,Sur,Hogar con un solo progenitor que convive con todos sus hijos de 25 años o más,Hogar con un solo progenitor que convive con todos sus hijos de 25 años o más,2,Person_9017|Person_9018,,yes
HH_3518,4 personas,Zarzaquemada,Hogar formado por pareja con hijos en donde algún hijo es menor de 25 años,Hogar formado por pareja con hijos en donde algún hijo es menor de 25 años,4,Person_9019|Person_9020|Person_9021|Person_9022,Extremadura,city
HH_3519,2 personas,Zarzaquemada,Hogar formado por pareja sin hijos,Hogar formado por pareja sin hijos,2,Person_9023|Person_9024,,apartments
HH_3520,3 personas,Fortuna,Otro tipo de hogar,Otro tipo de hogar,3,Person_9025|Person_9026|Person_9027,,yes
HH_3521,4 personas,Zarzaquemada,Hogar formado por pareja o un solo progenitor que convive con algún hijo menor de 25 años y otra(s) persona(s),Hogar formado por pareja o un solo progenitor que convive con algún hijo menor de 25 años y otra(s) persona(s),4,Person_9028|Person_9029|Person_9030|Person_9031,,residential
HH_3522,1 persona,Polvoranca,Hogar con una mujer sola de 65 años o más,Hogar con una mujer sola de 65 años o más,1,Person_9032,Fuenlabrada,city
HH_3523,2 personas,San Nicasio,Hogar formado por pareja sin hijos,Hogar formado por pareja sin hijos,2,Person_9033|Person_9034,Fuenlabrada,city
HH_3524,4 personas,Polvoranca,Hogar formado por pareja con hijos en donde algún hijo es menor de 25 años,Hogar formado por pareja con hijos en donde algún hijo es menor de 25 años,4,Person_9035|Person_9036|Person_9037|Person_9038,,semidetached_house
HH_3525,4 personas,Sur,Hogar formado por pareja con hijos en donde algún hijo es menor de 25 años,Hogar formado por pareja con hijos en donde algún hijo es menor de 25 años,4,Person_9039|Person_9040|Person_9041|Person_9042,Madrid,city
HH_3526,3 personas,Norte,Hogar formado por pareja con hijos en donde algún hijo es menor de 25 años,Hogar formado por pareja con hijos en donde algún hijo es menor de 25 años,3,Person_9043|Person_9044|Person_9045,,yes
HH_3527,1 persona,San Nicasio,Hogar con un hombre solo menor de 65 años,Hogar con un hombre solo menor de 65 años,1,Person_9046,,house
HH_3528,2 personas,Carrascal,Hogar formado por pareja sin hijos,Hogar formado por pareja sin hijos,2,Person_9047|Person_9048,,yes
HH_3529,2 personas,Zarzaquemada,Hogar formado por pareja sin hijos,Hogar formado por pareja sin hijos,2,Person_9049|Person_9050,,apartments
HH_3530,1 persona,Norte,Hogar con un hombre solo de 65 años o más,Hogar con un hombre solo de 65 años o más,1,Person_9051,,apartments
HH_3531,4 personas,Zarzaquemada,Hogar formado por pareja o un solo progenitor que convive con algún hijo menor de 25 años y otra(s) persona(s),Hogar formado por pareja o un solo progenitor que convive con algún hijo menor de 25 años y otra(s) persona(s),4,Person_9052|Person_9053|Person_9054|Person_9055,,apartments
HH_3532,2 personas,Polvoranca,Hogar formado por pareja sin hijos,Hogar formado por pareja sin hijos,2,Person_9056|Person_9057,Madrid,city
HH_3533,3 personas,Zarzaquemada,Hogar formado por pareja con hijos en donde todos los hijos de 25 años o más,Hogar formado por pareja con hijos en donde todos los hijos de 25 años o más,3,Person_9058|Person_9059|Person_9060,,residential
HH_3534,1 persona,Zarzaquemada,Hogar con una mujer sola de 65 años o más,Hogar con una mujer sola de 65 años o más,1,Person_9061,,apartments
HH_3535,4 personas,San Nicasio,Hogar formado por pareja con hijos en donde algún hijo es menor de 25 años,Hogar formado por pareja con hijos en donde algún hijo es menor de 25 años,4,Person_9062|Person_9063|Person_9064|Person_9065,Fuenlabrada,city
HH_3536,2 personas,Polvoranca,Hogar con un solo progenitor que convive con todos sus hijos de 25 años o más,Hogar con un solo progenitor que convive con todos sus hijos de 25 años o más,2,Person_9066|Person_9067,Madrid,city
HH_3537,2 personas,Sur,Hogar formado por pareja sin hijos,Hogar formado por pareja sin hijos,2,Person_9068|Person_9069,,apartments
HH_3538,2 personas,Norte,Hogar formado por pareja sin hijos,Hogar formado por pareja sin hijos,2,Person_9070|Person_9071,Fuenlabrada,city
HH_3539,4 personas,Norte,Hogar formado por pareja con hijos en donde algún hijo es menor de 25 años,Hogar formado por pareja con hijos en donde algún hijo es menor de 25 años,4,Person_9072|Person_9073|Person_9074|Person_9075,,yes
HH_3540,2 personas,Carrascal,Otro tipo de hogar,Otro tipo de hogar,2,Person_9076|Person_9077,,apartments
HH_3541,3 personas,Fortuna,Hogar formado por pareja con hijos en donde algún hijo es menor de 25 años,Hogar formado por pareja con hijos en donde algún hijo es menor de 25 años,3,Person_9078|Person_9079|Person_9080,,terrace
HH_3542,2 personas,Sur,Hogar formado por pareja sin hijos,Hogar formado por pareja sin hijos,2,Person_9081|Person_9082,Madrid,city
HH_3543,1 persona,Zarzaquemada,Hogar con una mujer sola de 65 años o más,Hogar con una mujer sola de 65 años o más,1,Person_9083,,residential
HH_3544,1 persona,Zarzaquemada,Hogar con una mujer sola menor de 65 años,Hogar con una mujer sola menor de 65 años,1,Person_9084,Mostoles,city
HH_3545,2 personas,Sur,Hogar formado por pareja sin hijos,Hogar formado por pareja sin hijos,2,Person_9085|Person_9086,Ermita de San Cristóbal,yes
HH_3546,2 personas,Fortuna,Hogar formado por pareja sin hijos,Hogar formado por pareja sin hijos,2,Person_9087|Person_9088,,yes
HH_3547,3 personas,Polvoranca,Hogar formado por pareja con hijos en donde algún hijo es menor de 25 años,Hogar formado por pareja con hijos en donde algún hijo es menor de 25 años,3,Person_9089|Person_9090|Person_9091,Madrid,city
HH_3548,2 personas,Fortuna,Hogar formado por pareja sin hijos,Hogar formado por pareja sin hijos,2,Person_9092|Person_9093,,yes
HH_3549,5 o mas personas,Zarzaquemada,Hogar formado por pareja o un solo progenitor que convive con algún hijo menor de 25 años y otra(s) persona(s),Hogar formado por pareja o un solo progenitor que convive con algún hijo menor de 25 años y otra(s) persona(s),5,Person_9094|Person_9095|Person_9096|Person_9097|Person_9098,,residential
HH_3550,4 personas,Zarzaquemada,Hogar formado por pareja con hijos en donde algún hijo es menor de 25 años,Hogar formado por pareja con hijos en donde algún hijo es menor de 25 años,4,Person_9099|Person_9100|Person_9101|Person_9102,,apartments
HH_3551,2 personas,Sur,Hogar formado por pareja sin hijos,Hogar formado por pareja sin hijos,2,Person_9103|Person_9104,Fuenlabrada,city
HH_3552,3 personas,Norte,Hogar formado por pareja con hijos en donde todos los hijos de 25 años o más,Hogar formado por pareja con hijos en donde todos los hijos de 25 años o más,3,Person_9105|Person_9106|Person_9107,,apartments
HH_3553,4 personas,Carrascal,Hogar formado por pareja con hijos en donde algún hijo es menor de 25 años,Hogar formado por pareja con hijos en donde algún hijo es menor de 25 años,4,Person_9108|Person_9109|Person_9110|Person_9111,,yes
HH_3554,1 persona,Sur,Hogar con una mujer sola menor de 65 años,Hogar con una mujer sola menor de 65 años,1,Person_9112,,yes
HH_3555,2 personas,San Nicasio,Hogar formado por pareja sin hijos,Hogar formado por pareja sin hijos,2,Person_9113|Person_9114,,house
HH_3556,1 persona,Sur,Hogar con un hombre solo menor de 65 años,Hogar con un hombre solo menor de 65 años,1,Person_9115,,apartments
HH_3557,2 personas,Sur,Otro tipo de hogar,Otro tipo de hogar,2,Person_9116|Person_9117,,apartments
HH_3558,2 personas,Sur,Hogar formado por pareja sin hijos,Hogar formado por pareja sin hijos,2,Person_9118|Person_9119,Madrid,city
HH_3559,4 personas,Carrascal,Hogar formado por pareja con hijos en donde algún hijo es menor de 25 años,Hogar formado por pareja con hijos en donde algún hijo es menor de 25 años,4,Person_9120|Person_9121|Person_9122|Person_9123,,apartments
HH_3560,2 personas,Norte,Otro tipo de hogar,Otro tipo de hogar,2,Person_9124|Person_9125,Fuenlabrada,city
HH_3561,3 personas,Fortuna,Hogar formado por pareja con hijos en donde algún hijo es menor de 25 años,Hogar formado por pareja con hijos en donde algún hijo es menor de 25 años,3,Person_9126|Person_9127|Person_9128,,yes
HH_3562,4 personas,Fortuna,Hogar formado por pareja con hijos en donde algún hijo es menor de 25 años,Hogar formado por pareja con hijos en donde algún hijo es menor de 25 años,4,Person_9129|Person_9130|Person_9131|Person_9132,Madrid,city
HH_3563,2 personas,Zarzaquemada,Hogar formado por pareja sin hijos,Hogar formado por pareja sin hijos,2,Person_9133|Person_9134,Madrid,city
HH_3564,4 personas,Norte,Hogar formado por pareja con hijos en donde algún hijo es menor de 25 años,Hogar formado por pareja con hijos en donde algún hijo es menor de 25 años,4,Person_9135|Person_9136|Person_9137|Person_9138,,yes
HH_3565,4 personas,Zarzaquemada,Hogar formado por pareja con hijos en donde algún hijo es menor de 25 años,Hogar formado por pareja con hijos en donde algún hijo es menor de 25 años,4,Person_9139|Person_9140|Person_9141|Person_9142,,apartments
HH_3566,4 personas,San Nicasio,Hogar formado por pareja con hijos en donde algún hijo es menor de 25 años,Hogar formado por pareja con hijos en donde algún hijo es menor de 25 años,4,Person_9143|Person_9144|Person_9145|Person_9146,Getafe norte,city
HH_3567,1 persona,Fortuna,Hogar con un hombre solo menor de 65 años,Hogar con un hombre solo menor de 65 años,1,Person_9147,,yes
HH_3568,3 personas,Zarzaquemada,Hogar formado por pareja con hijos en donde algún hijo es menor de 25 años,Hogar formado por pareja con hijos en donde algún hijo es menor de 25 años,3,Person_9148|Person_9149|Person_9150,Mostoles,city
HH_3569,3 personas,Carrascal,Hogar formado por pareja con hijos en donde algún hijo es menor de 25 años,Hogar formado por pareja con hijos en donde algún hijo es menor de 25 años,3,Person_9151|Person_9152|Person_9153,,apartments
HH_3570,4 personas,Norte,Hogar formado por pareja con hijos en donde algún hijo es menor de 25 años,Hogar formado por pareja con hijos en donde algún hijo es menor de 25 años,4,Person_9154|Person_9155|Person_9156|Person_9157,,apartments
HH_3571,4 personas,Zarzaquemada,Hogar formado por pareja con hijos en donde algún hijo es menor de 25 años,Hogar formado por pareja con hijos en donde algún hijo es menor de 25 años,4,Person_9158|Person_9159|Person_9160|Person_9161,,apartments
HH_3572,2 personas,Sur,Hogar con un solo progenitor que convive con algún hijo menor de 25 años,Hogar con un solo progenitor que convive con algún hijo menor de 25 años,2,Person_9162|Person_9163,Getafe norte,city
HH_3573,2 personas,Carrascal,Hogar formado por pareja sin hijos,Hogar formado por pareja sin hijos,2,Person_9164|Person_9165,,house
HH_3574,1 persona,Fortuna,Hogar con un hombre solo menor de 65 años,Hogar con un hombre solo menor de 65 años,1,Person_9166,,yes
HH_3575,2 personas,Carrascal,Otro tipo de hogar,Otro tipo de hogar,2,Person_9167|Person_9168,,yes
HH_3576,2 personas,Zarzaquemada,Otro tipo de hogar,Otro tipo de hogar,2,Person_9169|Person_9170,,residential
HH_3577,2 personas,Zarzaquemada,Hogar formado por pareja sin hijos,Hogar formado por pareja sin hijos,2,Person_9171|Person_9172,,residential
HH_3578,1 persona,Polvoranca,Hogar con un hombre solo menor de 65 años,Hogar con un hombre solo menor de 65 años,1,Person_9173,,semidetached_house
HH_3579,4 personas,Polvoranca,Hogar formado por pareja con hijos en donde algún hijo es menor de 25 años,Hogar formado por pareja con hijos en donde algún hijo es menor de 25 años,4,Person_9174|Person_9175|Person_9176|Person_9177,,semidetached_house
HH_3580,2 personas,Carrascal,Hogar formado por pareja sin hijos,Hogar formado por pareja sin hijos,2,Person_9178|Person_9179,Madrid,city
HH_3581,2 personas,San Nicasio,Hogar formado por pareja sin hijos,Hogar formado por pareja sin hijos,2,Person_9180|Person_9181,,semidetached_house
HH_3582,4 personas,Carrascal,Hogar formado por pareja o un solo progenitor que convive con algún hijo menor de 25 años y otra(s) persona(s),Hogar formado por pareja o un solo progenitor que convive con algún hijo menor de 25 años y otra(s) persona(s),4,Person_9182|Person_9183|Person_9184|Person_9185,,semidetached_house
HH_3583,3 personas,San Nicasio,Hogar formado por pareja con hijos en donde todos los hijos de 25 años o más,Hogar formado por pareja con hijos en donde todos los hijos de 25 años o más,3,Person_9186|Person_9187|Person_9188,,house
HH_3584,3 personas,Carrascal,Hogar formado por pareja con hijos en donde algún hijo es menor de 25 años,Hogar formado por pareja con hijos en donde algún hijo es menor de 25 años,3,Person_9189|Person_9190|Person_9191,Madrid,city
HH_3585,3 personas,Polvoranca,Hogar formado por pareja o un solo progenitor que convive con algún hijo menor de 25 años y otra(s) persona(s),Hogar formado por pareja o un solo progenitor que convive con algún hijo menor de 25 años y otra(s) persona(s),3,Person_9192|Person_9193|Person_9194,,house
HH_3586,5 o mas personas,Zarzaquemada,Hogar con un solo progenitor que convive con todos sus hijos de 25 años o más,Hogar con un solo progenitor que convive con todos sus hijos de 25 años o más,5,Person_9195|Person_9196|Person_9197|Person_9198|Person_9199,,residential
HH_3587,4 personas,San Nicasio,Otro tipo de hogar,Otro tipo de hogar,4,Person_9200|Person_9201|Person_9202|Person_9203,Madrid,city
HH_3588,2 personas,Zarzaquemada,Hogar con un solo progenitor que convive con todos sus hijos de 25 años o más,Hogar con un solo progenitor que convive con todos sus hijos de 25 años o más,2,Person_9204|Person_9205,Getafe norte,city
HH_3589,2 personas,Fortuna,Hogar formado por pareja sin hijos,Hogar formado por pareja sin hijos,2,Person_9206|Person_9207,Alcorcon,city
HH_3590,2 personas,Norte,Hogar formado por pareja sin hijos,Hogar formado por pareja sin hijos,2,Person_9208|Person_9209,Madrid,city
HH_3591,2 personas,Norte,Hogar con un solo progenitor que convive con algún hijo menor de 25 años,Hogar con un solo progenitor que convive con algún hijo menor de 25 años,2,Person_9210|Person_9211,Madrid,city
HH_3592,2 personas,San Nicasio,Otro tipo de hogar,Otro tipo de hogar,2,Person_9212|Person_9213,,residential
HH_3593,2 personas,Polvoranca,Hogar con un solo progenitor que convive con algún hijo menor de 25 años,Hogar con un solo progenitor que convive con algún hijo menor de 25 años,2,Person_9214|Person_9215,Madrid,city
HH_3594,3 personas,Norte,Hogar formado por pareja con hijos en donde todos los hijos de 25 años o más,Hogar formado por pareja con hijos en donde todos los hijos de 25 años o más,3,Person_9216|Person_9217|Person_9218,,apartments
HH_3595,2 personas,San Nicasio,Hogar formado por pareja sin hijos,Hogar formado por pareja sin hijos,2,Person_9219|Person_9220,,house
HH_3596,4 personas,Carrascal,Hogar formado por pareja o un solo progenitor que convive con algún hijo menor de 25 años y otra(s) persona(s),Hogar formado por pareja o un solo progenitor que convive con algún hijo menor de 25 años y otra(s) persona(s),4,Person_9221|Person_9222|Person_9223|Person_9224,,detached
HH_3597,1 persona,Norte,Hogar con una mujer sola de 65 años o más,Hogar con una mujer sola de 65 años o más,1,Person_9225,,yes
HH_3598,4 personas,San Nicasio,Hogar formado por pareja con hijos en donde algún hijo es menor de 25 años,Hogar formado por pareja con hijos en donde algún hijo es menor de 25 años,4,Person_9226|Person_9227|Person_9228|Person_9229,,semidetached_house
HH_3599,3 personas,Carrascal,Hogar formado por pareja con hijos en donde todos los hijos de 25 años o más,Hogar formado por pareja con hijos en donde todos los hijos de 25 años o más,3,Person_9230|Person_9231|Person_9232,,apartments
HH_3600,1 persona,Carrascal,Hogar con una mujer sola menor de 65 años,Hogar con una mujer sola menor de 65 años,1,Person_9233,Centro de Formación Volkswagen,yes
HH_3601,3 personas,Norte,Hogar formado por pareja con hijos en donde todos los hijos de 25 años o más,Hogar formado por pareja con hijos en donde todos los hijos de 25 años o más,3,Person_9234|Person_9235|Person_9236,Alcorcon,city
HH_3602,2 personas,Sur,Hogar formado por pareja sin hijos,Hogar formado por pareja sin hijos,2,Person_9237|Person_9238,,yes
HH_3603,1 persona,San Nicasio,Hogar con una mujer sola menor de 65 años,Hogar con una mujer sola menor de 65 años,1,Person_9239,,yes
HH_3604,4 personas,Norte,Hogar formado por pareja o un solo progenitor que convive con algún hijo menor de 25 años y otra(s) persona(s),Hogar formado por pareja o un solo progenitor que convive con algún hijo menor de 25 años y otra(s) persona(s),4,Person_9240|Person_9241|Person_9242|Person_9243,Madrid,city
HH_3605,3 personas,San Nicasio,Hogar formado por pareja con hijos en donde algún hijo es menor de 25 años,Hogar formado por pareja con hijos en donde algún hijo es menor de 25 años,3,Person_9244|Person_9245|Person_9246,Fuenlabrada,city
HH_3606,4 personas,Sur,Hogar formado por pareja con hijos en donde algún hijo es menor de 25 años,Hogar formado por pareja con hijos en donde algún hijo es menor de 25 años,4,Person_9247|Person_9248|Person_9249|Person_9250,,yes
HH_3607,4 personas,San Nicasio,Hogar formado por pareja con hijos en donde todos los hijos de 25 años o más,Hogar formado por pareja con hijos en donde todos los hijos de 25 años o más,4,Person_9251|Person_9252|Person_9253|Person_9254,,terrace
HH_3608,1 persona,San Nicasio,Hogar con un hombre solo menor de 65 años,Hogar con un hombre solo menor de 65 años,1,Person_9255,Madrid,city
HH_3609,2 personas,Fortuna,Hogar formado por pareja sin hijos,Hogar formado por pareja sin hijos,2,Person_9256|Person_9257,Madrid,city
HH_3610,4 personas,Norte,Hogar formado por pareja con hijos en donde algún hijo es menor de 25 años,Hogar formado por pareja con hijos en donde algún hijo es menor de 25 años,4,Person_9258|Person_9259|Person_9260|Person_9261,Fuenlabrada,city
HH_3611,3 personas,San Nicasio,Hogar formado por pareja con hijos en donde algún hijo es menor de 25 años,Hogar formado por pareja con hijos en donde algún hijo es menor de 25 años,3,Person_9262|Person_9263|Person_9264,,house
HH_3612,3 personas,Sur,Hogar formado por pareja o un solo progenitor que convive con algún hijo menor de 25 años y otra(s) persona(s),Hogar formado por pareja o un solo progenitor que convive con algún hijo menor de 25 años y otra(s) persona(s),3,Person_9265|Person_9266|Person_9267,,yes
HH_3613,1 persona,Sur,Hogar con una mujer sola de 65 años o más,Hogar con una mujer sola de 65 años o más,1,Person_9268,,yes
HH_3614,1 persona,Fortuna,Hogar con un hombre solo menor de 65 años,Hogar con un hombre solo menor de 65 años,1,Person_9269,,semidetached_house
HH_3615,1 persona,Sur,Hogar con un hombre solo menor de 65 años,Hogar con un hombre solo menor de 65 años,1,Person_9270,,apartments
HH_3616,2 personas,Zarzaquemada,Hogar con un solo progenitor que convive con algún hijo menor de 25 años,Hogar con un solo progenitor que convive con algún hijo menor de 25 años,2,Person_9271|Person_9272,,apartments
HH_3617,2 personas,Zarzaquemada,Otro tipo de hogar,Otro tipo de hogar,2,Person_9273|Person_9274,,apartments
HH_3618,2 personas,Zarzaquemada,Hogar formado por pareja sin hijos,Hogar formado por pareja sin hijos,2,Person_9275|Person_9276,,residential
HH_3619,2 personas,Norte,Otro tipo de hogar,Otro tipo de hogar,2,Person_9277|Person_9278,Fuenlabrada,city
HH_3620,2 personas,Zarzaquemada,Hogar formado por pareja sin hijos,Hogar formado por pareja sin hijos,2,Person_9279|Person_9280,,apartments
HH_3621,2 personas,Polvoranca,Hogar formado por pareja sin hijos,Hogar formado por pareja sin hijos,2,Person_9281|Person_9282,,yes
HH_3622,3 personas,Carrascal,Hogar formado por pareja con hijos en donde algún hijo es menor de 25 años,Hogar formado por pareja con hijos en donde algún hijo es menor de 25 años,3,Person_9283|Person_9284|Person_9285,,yes
HH_3623,2 personas,Zarzaquemada,Hogar formado por pareja sin hijos,Hogar formado por pareja sin hijos,2,Person_9286|Person_9287,,apartments
HH_3624,2 personas,Sur,Hogar formado por pareja sin hijos,Hogar formado por pareja sin hijos,2,Person_9288|Person_9289,,yes
HH_3625,1 persona,San Nicasio,Hogar con una mujer sola de 65 años o más,Hogar con una mujer sola de 65 años o más,1,Person_9290,,semidetached_house
HH_3626,1 persona,Zarzaquemada,Hogar con un hombre solo de 65 años o más,Hogar con un hombre solo de 65 años o más,1,Person_9291,Madrid,city
HH_3627,1 persona,Zarzaquemada,Hogar con un hombre solo menor de 65 años,Hogar con un hombre solo menor de 65 años,1,Person_9292,Centro Cultural Julián Besteiro,yes
HH_3628,4 personas,San Nicasio,Hogar formado por pareja con hijos en donde algún hijo es menor de 25 años,Hogar formado por pareja con hijos en donde algún hijo es menor de 25 años,4,Person_9293|Person_9294|Person_9295|Person_9296,Mostoles,city
HH_3629,2 personas,Carrascal,Hogar con un solo progenitor que convive con todos sus hijos de 25 años o más,Hogar con un solo progenitor que convive con todos sus hijos de 25 años o más,2,Person_9297|Person_9298,Ford,yes
HH_3630,1 persona,Zarzaquemada,Hogar con una mujer sola de 65 años o más,Hogar con una mujer sola de 65 años o más,1,Person_9299,,apartments
HH_3631,3 personas,Polvoranca,Otro tipo de hogar,Otro tipo de hogar,3,Person_9300|Person_9301|Person_9302,,terrace
HH_3632,2 personas,Fortuna,Hogar formado por pareja sin hijos,Hogar formado por pareja sin hijos,2,Person_9303|Person_9304,,yes
HH_3633,3 personas,Polvoranca,Hogar formado por pareja con hijos en donde algún hijo es menor de 25 años,Hogar formado por pareja con hijos en donde algún hijo es menor de 25 años,3,Person_9305|Person_9306|Person_9307,,semidetached_house
HH_3634,5 o mas personas,Zarzaquemada,Hogar formado por pareja con hijos en donde algún hijo es menor de 25 años,Hogar formado por pareja con hijos en donde algún hijo es menor de 25 años,5,Person_9308|Person_9309|Person_9310|Person_9311|Person_9312,Madrid,city
HH_3635,3 personas,Zarzaquemada,Hogar formado por pareja con hijos en donde algún hijo es menor de 25 años,Hogar formado por pareja con hijos en donde algún hijo es menor de 25 años,3,Person_9313|Person_9314|Person_9315,Madrid,city
HH_3636,2 personas,Zarzaquemada,Hogar formado por pareja sin hijos,Hogar formado por pareja sin hijos,2,Person_9316|Person_9317,,residential
HH_3637,4 personas,Zarzaquemada,Hogar formado por pareja o un solo progenitor que convive con algún hijo menor de 25 años y otra(s) persona(s),Hogar formado por pareja o un solo progenitor que convive con algún hijo menor de 25 años y otra(s) persona(s),4,Person_9318|Person_9319|Person_9320|Person_9321,,residential
HH_3638,1 persona,Zarzaquemada,Hogar con un hombre solo menor de 65 años,Hogar con un hombre solo menor de 65 años,1,Person_9322,Madrid,city
HH_3639,4 personas,Carrascal,Hogar formado por pareja con hijos en donde algún hijo es menor de 25 años,Hogar formado por pareja con hijos en donde algún hijo es menor de 25 años,4,Person_9323|Person_9324|Person_9325|Person_9326,,apartments
HH_3640,1 persona,Zarzaquemada,Hogar con una mujer sola menor de 65 años,Hogar con una mujer sola menor de 65 años,1,Person_9327,Madrid,city
HH_3641,1 persona,Zarzaquemada,Hogar con un hombre solo menor de 65 años,Hogar con un hombre solo menor de 65 años,1,Person_9328,,apartments
HH_3642,5 o mas personas,San Nicasio,Otro tipo de hogar,Otro tipo de hogar,5,Person_9329|Person_9330|Person_9331|Person_9332|Person_9333,,semidetached_house
HH_3643,1 persona,Zarzaquemada,Hogar con una mujer sola de 65 años o más,Hogar con una mujer sola de 65 años o más,1,Person_9334,,residential
HH_3644,1 persona,San Nicasio,Hogar con un hombre solo de 65 años o más,Hogar con un hombre solo de 65 años o más,1,Person_9335,,apartments
HH_3645,2 personas,Zarzaquemada,Hogar formado por pareja sin hijos,Hogar formado por pareja sin hijos,2,Person_9336|Person_9337,,residential
HH_3646,3 personas,Zarzaquemada,Hogar formado por pareja con hijos en donde algún hijo es menor de 25 años,Hogar formado por pareja con hijos en donde algún hijo es menor de 25 años,3,Person_9338|Person_9339|Person_9340,Madrid,city
HH_3647,4 personas,Sur,Hogar formado por pareja con hijos en donde todos los hijos de 25 años o más,Hogar formado por pareja con hijos en donde todos los hijos de 25 años o más,4,Person_9341|Person_9342|Person_9343|Person_9344,Madrid,city
HH_3648,2 personas,Carrascal,Hogar con un solo progenitor que convive con algún hijo menor de 25 años,Hogar con un solo progenitor que convive con algún hijo menor de 25 años,2,Person_9345|Person_9346,,yes
HH_3649,3 personas,Polvoranca,Hogar formado por pareja con hijos en donde todos los hijos de 25 años o más,Hogar formado por pareja con hijos en donde todos los hijos de 25 años o más,3,Person_9347|Person_9348|Person_9349,Mostoles,city
HH_3650,4 personas,Zarzaquemada,Hogar formado por pareja con hijos en donde algún hijo es menor de 25 años,Hogar formado por pareja con hijos en donde algún hijo es menor de 25 años,4,Person_9350|Person_9351|Person_9352|Person_9353,,apartments
HH_3651,1 persona,Sur,Hogar con un hombre solo de 65 años o más,Hogar con un hombre solo de 65 años o más,1,Person_9354,Fuenlabrada,city
HH_3652,3 personas,Polvoranca,Hogar con un solo progenitor que convive con todos sus hijos de 25 años o más,Hogar con un solo progenitor que convive con todos sus hijos de 25 años o más,3,Person_9355|Person_9356|Person_9357,,semidetached_house
HH_3653,4 personas,Sur,Hogar formado por pareja con hijos en donde algún hijo es menor de 25 años,Hogar formado por pareja con hijos en donde algún hijo es menor de 25 años,4,Person_9358|Person_9359|Person_9360|Person_9361,,apartments
HH_3654,2 personas,Norte,Hogar formado por pareja sin hijos,Hogar formado por pareja sin hijos,2,Person_9362|Person_9363,,apartments
HH_3655,3 personas,San Nicasio,Otro tipo de hogar,Otro tipo de hogar,3,Person_9364|Person_9365|Person_9366,,semidetached_house
HH_3656,2 personas,San Nicasio,Hogar formado por pareja sin hijos,Hogar formado por pareja sin hijos,2,Person_9367|Person_9368,Madrid,city
HH_3657,1 persona,Fortuna,Hogar con una mujer sola de 65 años o más,Hogar con una mujer sola de 65 años o más,1,Person_9369,Alcorcon,city
HH_3658,2 personas,Zarzaquemada,Hogar con un solo progenitor que convive con todos sus hijos de 25 años o más,Hogar con un solo progenitor que convive con todos sus hijos de 25 años o más,2,Person_9370|Person_9371,,apartments
HH_3659,4 personas,Zarzaquemada,Hogar formado por pareja con hijos en donde algún hijo es menor de 25 años,Hogar formado por pareja con hijos en donde algún hijo es menor de 25 años,4,Person_9372|Person_9373|Person_9374|Person_9375,,apartments
HH_3660,2 personas,San Nicasio,Otro tipo de hogar,Otro tipo de hogar,2,Person_9376|Person_9377,Madrid,city
HH_3661,3 personas,Sur,Hogar formado por pareja o un solo progenitor que convive con algún hijo menor de 25 años y otra(s) persona(s),Hogar formado por pareja o un solo progenitor que convive con algún hijo menor de 25 años y otra(s) persona(s),3,Person_9378|Person_9379|Person_9380,Fuenlabrada,city
HH_3662,2 personas,Sur,Hogar con un solo progenitor que convive con todos sus hijos de 25 años o más,Hogar con un solo progenitor que convive con todos sus hijos de 25 años o más,2,Person_9381|Person_9382,,apartments
HH_3663,1 persona,Norte,Hogar con una mujer sola menor de 65 años,Hogar con una mujer sola menor de 65 años,1,Person_9383,Mostoles,city
HH_3664,3 personas,Sur,Hogar formado por pareja con hijos en donde todos los hijos de 25 años o más,Hogar formado por pareja con hijos en donde todos los hijos de 25 años o más,3,Person_9384|Person_9385|Person_9386,,yes
HH_3665,1 persona,Sur,Hogar con un hombre solo menor de 65 años,Hogar con un hombre solo menor de 65 años,1,Person_9387,,yes
HH_3666,2 personas,Sur,Hogar con un solo progenitor que convive con algún hijo menor de 25 años,Hogar con un solo progenitor que convive con algún hijo menor de 25 años,2,Person_9388|Person_9389,,yes
HH_3667,2 personas,Carrascal,Hogar formado por pareja sin hijos,Hogar formado por pareja sin hijos,2,Person_9390|Person_9391,Madrid,city
HH_3668,3 personas,Norte,Hogar formado por pareja con hijos en donde todos los hijos de 25 años o más,Hogar formado por pareja con hijos en donde todos los hijos de 25 años o más,3,Person_9392|Person_9393|Person_9394,,yes
HH_3669,1 persona,Carrascal,Hogar con una mujer sola de 65 años o más,Hogar con una mujer sola de 65 años o más,1,Person_9395,,yes
HH_3670,1 persona,Norte,Hogar con una mujer sola de 65 años o más,Hogar con una mujer sola de 65 años o más,1,Person_9396,,yes
HH_3671,2 personas,Sur,Hogar con un solo progenitor que convive con todos sus hijos de 25 años o más,Hogar con un solo progenitor que convive con todos sus hijos de 25 años o más,2,Person_9397|Person_9398,Residencia El Encinar Leganés,yes
HH_3672,2 personas,San Nicasio,Hogar con un solo progenitor que convive con algún hijo menor de 25 años,Hogar con un solo progenitor que convive con algún hijo menor de 25 años,2,Person_9399|Person_9400,Fuenlabrada,city
HH_3673,2 personas,Polvoranca,Hogar formado por pareja sin hijos,Hogar formado por pareja sin hijos,2,Person_9401|Person_9402,,semidetached_house
HH_3674,2 personas,Sur,Hogar formado por pareja sin hijos,Hogar formado por pareja sin hijos,2,Person_9403|Person_9404,,apartments
HH_3675,4 personas,Norte,Hogar formado por pareja con hijos en donde algún hijo es menor de 25 años,Hogar formado por pareja con hijos en donde algún hijo es menor de 25 años,4,Person_9405|Person_9406|Person_9407|Person_9408,,yes
HH_3676,4 personas,Zarzaquemada,Hogar formado por pareja con hijos en donde algún hijo es menor de 25 años,Hogar formado por pareja con hijos en donde algún hijo es menor de 25 años,4,Person_9409|Person_9410|Person_9411|Person_9412,,residential
HH_3677,4 personas,Carrascal,Hogar formado por pareja con hijos en donde algún hijo es menor de 25 años,Hogar formado por pareja con hijos en donde algún hijo es menor de 25 años,4,Person_9413|Person_9414|Person_9415|Person_9416,,apartments
HH_3678,1 persona,Sur,Hogar con una mujer sola de 65 años o más,Hogar con una mujer sola de 65 años o más,1,Person_9417,Madrid,city
HH_3679,5 o mas personas,Zarzaquemada,Otro tipo de hogar,Otro tipo de hogar,5,Person_9418|Person_9419|Person_9420|Person_9421|Person_9422,,apartments
HH_3680,4 personas,Carrascal,Hogar formado por pareja con hijos en donde algún hijo es menor de 25 años,Hogar formado por pareja con hijos en donde algún hijo es menor de 25 años,4,Person_9423|Person_9424|Person_9425|Person_9426,,apartments
HH_3681,3 personas,Norte,Hogar formado por pareja con hijos en donde todos los hijos de 25 años o más,Hogar formado por pareja con hijos en donde todos los hijos de 25 años o más,3,Person_9427|Person_9428|Person_9429,Madrid,city
HH_3682,1 persona,San Nicasio,Hogar con una mujer sola menor de 65 años,Hogar con una mujer sola menor de 65 años,1,Person_9430,,semidetached_house
HH_3683,3 personas,Zarzaquemada,Hogar con un solo progenitor que convive con todos sus hijos de 25 años o más,Hogar con un solo progenitor que convive con todos sus hijos de 25 años o más,3,Person_9431|Person_9432|Person_9433,,residential
HH_3684,4 personas,Sur,Hogar formado por pareja con hijos en donde algún hijo es menor de 25 años,Hogar formado por pareja con hijos en donde algún hijo es menor de 25 años,4,Person_9434|Person_9435|Person_9436|Person_9437,,residential
HH_3685,1 persona,San Nicasio,Hogar con una mujer sola menor de 65 años,Hogar con una mujer sola menor de 65 años,1,Person_9438,Madrid,city
HH_3686,4 personas,Carrascal,Hogar formado por pareja con hijos en donde todos los hijos de 25 años o más,Hogar formado por pareja con hijos en donde todos los hijos de 25 años o más,4,Person_9439|Person_9440|Person_9441|Person_9442,,residential
HH_3687,2 personas,Sur,Hogar formado por pareja sin hijos,Hogar formado por pareja sin hijos,2,Person_9443|Person_9444,Fuenlabrada,city
HH_3688,2 personas,Fortuna,Hogar formado por pareja sin hijos,Hogar formado por pareja sin hijos,2,Person_9445|Person_9446,,yes
HH_3689,2 personas,San Nicasio,Hogar formado por pareja sin hijos,Hogar formado por pareja sin hijos,2,Person_9447|Person_9448,Fuenlabrada,city
HH_3690,1 persona,San Nicasio,Hogar con un hombre solo menor de 65 años,Hogar con un hombre solo menor de 65 años,1,Person_9449,Fuenlabrada,city
HH_3691,3 personas,Fortuna,Hogar formado por pareja con hijos en donde algún hijo es menor de 25 años,Hogar formado por pareja con hijos en donde algún hijo es menor de 25 años,3,Person_9450|Person_9451|Person_9452,,yes
HH_3692,1 persona,Fortuna,Hogar con una mujer sola de 65 años o más,Hogar con una mujer sola de 65 años o más,1,Person_9453,,yes
HH_3693,4 personas,Norte,Hogar formado por pareja o un solo progenitor que convive con algún hijo menor de 25 años y otra(s) persona(s),Hogar formado por pareja o un solo progenitor que convive con algún hijo menor de 25 años y otra(s) persona(s),4,Person_9454|Person_9455|Person_9456|Person_9457,Fuenlabrada,city
HH_3694,2 personas,Zarzaquemada,Hogar con un solo progenitor que convive con algún hijo menor de 25 años,Hogar con un solo progenitor que convive con algún hijo menor de 25 años,2,Person_9458|Person_9459,,apartments
HH_3695,1 persona,Carrascal,Hogar con una mujer sola de 65 años o más,Hogar con una mujer sola de 65 años o más,1,Person_9460,,semidetached_house
HH_3696,5 o mas personas,Zarzaquemada,Hogar formado por pareja o un solo progenitor que convive con algún hijo menor de 25 años y otra(s) persona(s),Hogar formado por pareja o un solo progenitor que convive con algún hijo menor de 25 años y otra(s) persona(s),5,Person_9461|Person_9462|Person_9463|Person_9464|Person_9465,Madrid,city
HH_3697,4 personas,Sur,Hogar formado por pareja con hijos en donde algún hijo es menor de 25 años,Hogar formado por pareja con hijos en donde algún hijo es menor de 25 años,4,Person_9466|Person_9467|Person_9468|Person_9469,,apartments
HH_3698,5 o mas personas,Norte,Hogar formado por pareja con hijos en donde algún hijo es menor de 25 años,Hogar formado por pareja con hijos en donde algún hijo es menor de 25 años,5,Person_9470|Person_9471|Person_9472|Person_9473|Person_9474,,yes
HH_3699,2 personas,San Nicasio,Hogar con un solo progenitor que convive con algún hijo menor de 25 años,Hogar con un solo progenitor que convive con algún hijo menor de 25 años,2,Person_9475|Person_9476,,residential
HH_3700,2 personas,Sur,Hogar formado por pareja sin hijos,Hogar formado por pareja sin hijos,2,Person_9477|Person_9478,,yes
HH_3701,4 personas,Zarzaquemada,Hogar formado por pareja con hijos en donde algún hijo es menor de 25 años,Hogar formado por pareja con hijos en donde algún hijo es menor de 25 años,4,Person_9479|Person_9480|Person_9481|Person_9482,Madrid,city
HH_3702,2 personas,San Nicasio,Hogar con un solo progenitor que convive con todos sus hijos de 25 años o más,Hogar con un solo progenitor que convive con todos sus hijos de 25 años o más,2,Person_9483|Person_9484,Mostoles,city
HH_3703,3 personas,Fortuna,Hogar formado por pareja con hijos en donde todos los hijos de 25 años o más,Hogar formado por pareja con hijos en donde todos los hijos de 25 años o más,3,Person_9485|Person_9486|Person_9487,,yes
HH_3704,2 personas,Zarzaquemada,Hogar formado por pareja sin hijos,Hogar formado por pareja sin hijos,2,Person_9488|Person_9489,,apartments
HH_3705,3 personas,Carrascal,Otro tipo de hogar,Otro tipo de hogar,3,Person_9490|Person_9491|Person_9492,Madrid,city
HH_3706,3 personas,Sur,Hogar formado por pareja con hijos en donde algún hijo es menor de 25 años,Hogar formado por pareja con hijos en donde algún hijo es menor de 25 años,3,Person_9493|Person_9494|Person_9495,Alcorcon,city
HH_3707,1 persona,Norte,Hogar con un hombre solo de 65 años o más,Hogar con un hombre solo de 65 años o más,1,Person_9496,Madrid,city
HH_3708,2 personas,Polvoranca,Hogar formado por pareja sin hijos,Hogar formado por pareja sin hijos,2,Person_9497|Person_9498,,terrace
HH_3709,3 personas,Carrascal,Hogar formado por pareja con hijos en donde algún hijo es menor de 25 años,Hogar formado por pareja con hijos en donde algún hijo es menor de 25 años,3,Person_9499|Person_9500|Person_9501,Getafe norte,city
HH_3710,1 persona,Norte,Hogar con una mujer sola menor de 65 años,Hogar con una mujer sola menor de 65 años,1,Person_9502,,apartments
HH_3711,5 o mas personas,Norte,Hogar formado por pareja o un solo progenitor que convive con algún hijo menor de 25 años y otra(s) persona(s),Hogar formado por pareja o un solo progenitor que convive con algún hijo menor de 25 años y otra(s) persona(s),5,Person_9503|Person_9504|Person_9505|Person_9506|Person_9507,Polideportivo Alfredo Di Stefano,yes
HH_3712,1 persona,Sur,Hogar con un hombre solo de 65 años o más,Hogar con un hombre solo de 65 años o más,1,Person_9508,,residential
HH_3713,1 persona,Norte,Hogar con un hombre solo menor de 65 años,Hogar con un hombre solo menor de 65 años,1,Person_9509,,apartments
HH_3714,4 personas,Sur,Hogar formado por pareja con hijos en donde algún hijo es menor de 25 años,Hogar formado por pareja con hijos en donde algún hijo es menor de 25 años,4,Person_9510|Person_9511|Person_9512|Person_9513,,yes
HH_3715,2 personas,Sur,Hogar con un solo progenitor que convive con algún hijo menor de 25 años,Hogar con un solo progenitor que convive con algún hijo menor de 25 años,2,Person_9514|Person_9515,,yes
HH_3716,2 personas,Polvoranca,Otro tipo de hogar,Otro tipo de hogar,2,Person_9516|Person_9517,,yes
HH_3717,3 personas,Norte,Hogar formado por pareja con hijos en donde algún hijo es menor de 25 años,Hogar formado por pareja con hijos en donde algún hijo es menor de 25 años,3,Person_9518|Person_9519|Person_9520,,yes
HH_3718,1 persona,San Nicasio,Hogar con una mujer sola de 65 años o más,Hogar con una mujer sola de 65 años o más,1,Person_9521,,semidetached_house
HH_3719,2 personas,Zarzaquemada,Hogar formado por pareja sin hijos,Hogar formado por pareja sin hijos,2,Person_9522|Person_9523,,yes
HH_3720,4 personas,Carrascal,Hogar formado por pareja con hijos en donde algún hijo es menor de 25 años,Hogar formado por pareja con hijos en donde algún hijo es menor de 25 años,4,Person_9524|Person_9525|Person_9526|Person_9527,,semidetached_house
HH_3721,2 personas,Zarzaquemada,Otro tipo de hogar,Otro tipo de hogar,2,Person_9528|Person_9529,,apartments
HH_3722,2 personas,Zarzaquemada,Hogar formado por pareja sin hijos,Hogar formado por pareja sin hijos,2,Person_9530|Person_9531,,residential
HH_3723,4 personas,Zarzaquemada,Hogar formado por pareja con hijos en donde algún hijo es menor de 25 años,Hogar formado por pareja con hijos en donde algún hijo es menor de 25 años,4,Person_9532|Person_9533|Person_9534|Person_9535,Alcorcon,city
HH_3724,2 personas,Zarzaquemada,Hogar con un solo progenitor que convive con todos sus hijos de 25 años o más,Hogar con un solo progenitor que convive con todos sus hijos de 25 años o más,2,Person_9536|Person_9537,,residential
HH_3725,1 persona,Polvoranca,Hogar con una mujer sola de 65 años o más,Hogar con una mujer sola de 65 años o más,1,Person_9538,,terrace
HH_3726,5 o mas personas,San Nicasio,Hogar formado por pareja o un solo progenitor que convive con algún hijo menor de 25 años y otra(s) persona(s),Hogar formado por pareja o un solo progenitor que convive con algún hijo menor de 25 años y otra(s) persona(s),5,Person_9539|Person_9540|Person_9541|Person_9542|Person_9543,Madrid,city
HH_3727,2 personas,Zarzaquemada,Hogar formado por pareja sin hijos,Hogar formado por pareja sin hijos,2,Person_9544|Person_9545,,residential
HH_3728,3 personas,Polvoranca,Hogar formado por pareja con hijos en donde todos los hijos de 25 años o más,Hogar formado por pareja con hijos en donde todos los hijos de 25 años o más,3,Person_9546|Person_9547|Person_9548,Madrid,city
HH_3729,2 personas,Carrascal,Hogar formado por pareja sin hijos,Hogar formado por pareja sin hijos,2,Person_9549|Person_9550,,house
HH_3730,1 persona,Sur,Hogar con un hombre solo de 65 años o más,Hogar con un hombre solo de 65 años o más,1,Person_9551,,apartments
HH_3731,1 persona,Carrascal,Hogar con una mujer sola menor de 65 años,Hogar con una mujer sola menor de 65 años,1,Person_9552,Madrid,city
HH_3732,3 personas,Zarzaquemada,Otro tipo de hogar,Otro tipo de hogar,3,Person_9553|Person_9554|Person_9555,,apartments
HH_3733,1 persona,Carrascal,Hogar con un hombre solo menor de 65 años,Hogar con un hombre solo menor de 65 años,1,Person_9556,,apartments
HH_3734,4 personas,Zarzaquemada,Hogar formado por pareja con hijos en donde algún hijo es menor de 25 años,Hogar formado por pareja con hijos en donde algún hijo es menor de 25 años,4,Person_9557|Person_9558|Person_9559|Person_9560,,apartments
HH_3735,2 personas,Norte,Hogar formado por pareja sin hijos,Hogar formado por pareja sin hijos,2,Person_9561|Person_9562,Mostoles,city
HH_3736,1 persona,Polvoranca,Hogar con un hombre solo menor de 65 años,Hogar con un hombre solo menor de 65 años,1,Person_9563,Madrid,city
HH_3737,5 o mas personas,Polvoranca,Hogar formado por pareja o un solo progenitor que convive con algún hijo menor de 25 años y otra(s) persona(s),Hogar formado por pareja o un solo progenitor que convive con algún hijo menor de 25 años y otra(s) persona(s),5,Person_9564|Person_9565|Person_9566|Person_9567|Person_9568,Madrid,city
HH_3738,1 persona,Norte,Hogar con un hombre solo menor de 65 años,Hogar con un hombre solo menor de 65 años,1,Person_9569,,apartments
HH_3739,1 persona,San Nicasio,Hogar con una mujer sola de 65 años o más,Hogar con una mujer sola de 65 años o más,1,Person_9570,,apartments
HH_3740,5 o mas personas,Polvoranca,Hogar formado por pareja o un solo progenitor que convive con algún hijo menor de 25 años y otra(s) persona(s),Hogar formado por pareja o un solo progenitor que convive con algún hijo menor de 25 años y otra(s) persona(s),5,Person_9571|Person_9572|Person_9573|Person_9574|Person_9575,Madrid,city
HH_3741,2 personas,Polvoranca,Otro tipo de hogar,Otro tipo de hogar,2,Person_9576|Person_9577,Fuenlabrada,city
HH_3742,3 personas,Polvoranca,Hogar formado por pareja con hijos en donde algún hijo es menor de 25 años,Hogar formado por pareja con hijos en donde algún hijo es menor de 25 años,3,Person_9578|Person_9579|Person_9580,,semidetached_house
HH_3743,1 persona,San Nicasio,Hogar con una mujer sola menor de 65 años,Hogar con una mujer sola menor de 65 años,1,Person_9581,Mostoles,city
HH_3744,2 personas,Zarzaquemada,Hogar formado por pareja sin hijos,Hogar formado por pareja sin hijos,2,Person_9582|Person_9583,,residential
HH_3745,2 personas,San Nicasio,Hogar formado por pareja sin hijos,Hogar formado por pareja sin hijos,2,Person_9584|Person_9585,Madrid,city
HH_3746,2 personas,San Nicasio,Hogar con un solo progenitor que convive con algún hijo menor de 25 años,Hogar con un solo progenitor que convive con algún hijo menor de 25 años,2,Person_9586|Person_9587,,house
HH_3747,1 persona,Zarzaquemada,Hogar con una mujer sola de 65 años o más,Hogar con una mujer sola de 65 años o más,1,Person_9588,Madrid,city
HH_3748,3 personas,Zarzaquemada,Hogar con un solo progenitor que convive con algún hijo menor de 25 años,Hogar con un solo progenitor que convive con algún hijo menor de 25 años,3,Person_9589|Person_9590|Person_9591,Fuenlabrada,city
HH_3749,3 personas,Norte,Otro tipo de hogar,Otro tipo de hogar,3,Person_9592|Person_9593|Person_9594,,apartments
HH_3750,2 personas,Zarzaquemada,Hogar con un solo progenitor que convive con algún hijo menor de 25 años,Hogar con un solo progenitor que convive con algún hijo menor de 25 años,2,Person_9595|Person_9596,,residential
HH_3751,4 personas,Zarzaquemada,Hogar formado por pareja con hijos en donde algún hijo es menor de 25 años,Hogar formado por pareja con hijos en donde algún hijo es menor de 25 años,4,Person_9597|Person_9598|Person_9599|Person_9600,Madrid,city
HH_3752,2 personas,Carrascal,Hogar formado por pareja sin hijos,Hogar formado por pareja sin hijos,2,Person_9601|Person_9602,,semidetached_house
HH_3753,4 personas,Carrascal,Hogar formado por pareja con hijos en donde algún hijo es menor de 25 años,Hogar formado por pareja con hijos en donde algún hijo es menor de 25 años,4,Person_9603|Person_9604|Person_9605|Person_9606,,apartments
HH_3754,5 o mas personas,Carrascal,Hogar formado por pareja o un solo progenitor que convive con algún hijo menor de 25 años y otra(s) persona(s),Hogar formado por pareja o un solo progenitor que convive con algún hijo menor de 25 años y otra(s) persona(s),5,Person_9607|Person_9608|Person_9609|Person_9610|Person_9611,,yes
HH_3755,5 o mas personas,Zarzaquemada,Hogar con un solo progenitor que convive con algún hijo menor de 25 años,Hogar con un solo progenitor que convive con algún hijo menor de 25 años,5,Person_9612|Person_9613|Person_9614|Person_9615|Person_9616,Madrid,city
HH_3756,3 personas,Norte,Hogar formado por pareja con hijos en donde todos los hijos de 25 años o más,Hogar formado por pareja con hijos en donde todos los hijos de 25 años o más,3,Person_9617|Person_9618|Person_9619,Madrid,city
HH_3757,3 personas,Sur,Hogar formado por pareja con hijos en donde algún hijo es menor de 25 años,Hogar formado por pareja con hijos en donde algún hijo es menor de 25 años,3,Person_9620|Person_9621|Person_9622,,apartments
HH_3758,1 persona,Carrascal,Hogar con una mujer sola de 65 años o más,Hogar con una mujer sola de 65 años o más,1,Person_9623,,semidetached_house
HH_3759,5 o mas personas,Sur,Hogar formado por pareja con hijos en donde algún hijo es menor de 25 años,Hogar formado por pareja con hijos en donde algún hijo es menor de 25 años,5,Person_9624|Person_9625|Person_9626|Person_9627|Person_9628,,yes
HH_3760,1 persona,Fortuna,Hogar con una mujer sola menor de 65 años,Hogar con una mujer sola menor de 65 años,1,Person_9629,,yes
HH_3761,2 personas,San Nicasio,Hogar formado por pareja sin hijos,Hogar formado por pareja sin hijos,2,Person_9630|Person_9631,,semidetached_house
HH_3762,3 personas,Carrascal,Otro tipo de hogar,Otro tipo de hogar,3,Person_9632|Person_9633|Person_9634,,yes
HH_3763,2 personas,Norte,Hogar formado por pareja sin hijos,Hogar formado por pareja sin hijos,2,Person_9635|Person_9636,,yes
HH_3764,2 personas,Carrascal,Hogar formado por pareja sin hijos,Hogar formado por pareja sin hijos,2,Person_9637|Person_9638,Extremadura,city
HH_3765,2 personas,San Nicasio,Hogar formado por pareja sin hijos,Hogar formado por pareja sin hijos,2,Person_9639|Person_9640,Fuenlabrada,city
HH_3766,4 personas,Polvoranca,Hogar formado por pareja con hijos en donde algún hijo es menor de 25 años,Hogar formado por pareja con hijos en donde algún hijo es menor de 25 años,4,Person_9641|Person_9642|Person_9643|Person_9644,,yes
HH_3767,4 personas,Sur,Hogar formado por pareja con hijos en donde algún hijo es menor de 25 años,Hogar formado por pareja con hijos en donde algún hijo es menor de 25 años,4,Person_9645|Person_9646|Person_9647|Person_9648,,yes
HH_3768,1 persona,Zarzaquemada,Hogar con una mujer sola menor de 65 años,Hogar con una mujer sola menor de 65 años,1,Person_9649,Madrid,city
HH_3769,4 personas,Polvoranca,Hogar formado por pareja con hijos en donde todos los hijos de 25 años o más,Hogar formado por pareja con hijos en donde todos los hijos de 25 años o más,4,Person_9650|Person_9651|Person_9652|Person_9653,,house
HH_3770,3 personas,Norte,Hogar formado por pareja o un solo progenitor que convive con algún hijo menor de 25 años y otra(s) persona(s),Hogar formado por pareja o un solo progenitor que convive con algún hijo menor de 25 años y otra(s) persona(s),3,Person_9654|Person_9655|Person_9656,Madrid,city
HH_3771,2 personas,Norte,Hogar formado por pareja sin hijos,Hogar formado por pareja sin hijos,2,Person_9657|Person_9658,,house
HH_3772,2 personas,San Nicasio,Otro tipo de hogar,Otro tipo de hogar,2,Person_9659|Person_9660,JYSK,yes
HH_3773,2 personas,Zarzaquemada,Hogar con un solo progenitor que convive con todos sus hijos de 25 años o más,Hogar con un solo progenitor que convive con todos sus hijos de 25 años o más,2,Person_9661|Person_9662,Madrid,city
HH_3774,2 personas,San Nicasio,Hogar con un solo progenitor que convive con todos sus hijos de 25 años o más,Hogar con un solo progenitor que convive con todos sus hijos de 25 años o más,2,Person_9663|Person_9664,,semidetached_house
HH_3775,2 personas,Carrascal,Hogar formado por pareja sin hijos,Hogar formado por pareja sin hijos,2,Person_9665|Person_9666,,apartments
HH_3776,1 persona,Polvoranca,Hogar con una mujer sola de 65 años o más,Hogar con una mujer sola de 65 años o más,1,Person_9667,Fuenlabrada,city
HH_3777,5 o mas personas,Zarzaquemada,Hogar formado por pareja o un solo progenitor que convive con algún hijo menor de 25 años y otra(s) persona(s),Hogar formado por pareja o un solo progenitor que convive con algún hijo menor de 25 años y otra(s) persona(s),5,Person_9668|Person_9669|Person_9670|Person_9671|Person_9672,,apartments
HH_3778,5 o mas personas,Carrascal,Otro tipo de hogar,Otro tipo de hogar,5,Person_9673|Person_9674|Person_9675|Person_9676|Person_9677,,apartments
HH_3779,2 personas,Zarzaquemada,Hogar con un solo progenitor que convive con todos sus hijos de 25 años o más,Hogar con un solo progenitor que convive con todos sus hijos de 25 años o más,2,Person_9678|Person_9679,,apartments
HH_3780,3 personas,Zarzaquemada,Hogar con un solo progenitor que convive con algún hijo menor de 25 años,Hogar con un solo progenitor que convive con algún hijo menor de 25 años,3,Person_9680|Person_9681|Person_9682,,apartments
HH_3781,2 personas,Sur,Hogar formado por pareja sin hijos,Hogar formado por pareja sin hijos,2,Person_9683|Person_9684,Fuenlabrada,city
HH_3782,4 personas,Carrascal,Hogar formado por pareja con hijos en donde algún hijo es menor de 25 años,Hogar formado por pareja con hijos en donde algún hijo es menor de 25 años,4,Person_9685|Person_9686|Person_9687|Person_9688,,apartments
HH_3783,1 persona,Norte,Hogar con una mujer sola menor de 65 años,Hogar con una mujer sola menor de 65 años,1,Person_9689,,apartments
HH_3784,2 personas,Carrascal,Hogar formado por pareja sin hijos,Hogar formado por pareja sin hijos,2,Person_9690|Person_9691,Fuenlabrada,city
HH_3785,1 persona,Norte,Hogar con un hombre solo menor de 65 años,Hogar con un hombre solo menor de 65 años,1,Person_9692,,yes
HH_3786,4 personas,Carrascal,Hogar formado por pareja con hijos en donde algún hijo es menor de 25 años,Hogar formado por pareja con hijos en donde algún hijo es menor de 25 años,4,Person_9693|Person_9694|Person_9695|Person_9696,,house
HH_3787,2 personas,Fortuna,Hogar formado por pareja sin hijos,Hogar formado por pareja sin hijos,2,Person_9697|Person_9698,,yes
HH_3788,4 personas,Zarzaquemada,Otro tipo de hogar,Otro tipo de hogar,4,Person_9699|Person_9700|Person_9701|Person_9702,,residential
HH_3789,2 personas,Norte,Hogar formado por pareja sin hijos,Hogar formado por pareja sin hijos,2,Person_9703|Person_9704,Madrid,city
HH_3790,4 personas,Zarzaquemada,Hogar formado por pareja con hijos en donde algún hijo es menor de 25 años,Hogar formado por pareja con hijos en donde algún hijo es menor de 25 años,4,Person_9705|Person_9706|Person_9707|Person_9708,,residential
HH_3791,2 personas,Norte,Hogar con un solo progenitor que convive con todos sus hijos de 25 años o más,Hogar con un solo progenitor que convive con todos sus hijos de 25 años o más,2,Person_9709|Person_9710,Getafe norte,city
HH_3792,5 o mas personas,Sur,Hogar formado por pareja o un solo progenitor que convive con algún hijo menor de 25 años y otra(s) persona(s),Hogar formado por pareja o un solo progenitor que convive con algún hijo menor de 25 años y otra(s) persona(s),5,Person_9711|Person_9712|Person_9713|Person_9714|Person_9715,,yes
HH_3793,4 personas,Sur,Otro tipo de hogar,Otro tipo de hogar,4,Person_9716|Person_9717|Person_9718|Person_9719,,yes
HH_3794,1 persona,Norte,Hogar con un hombre solo menor de 65 años,Hogar con un hombre solo menor de 65 años,1,Person_9720,,yes
HH_3795,4 personas,Carrascal,Hogar formado por pareja con hijos en donde algún hijo es menor de 25 años,Hogar formado por pareja con hijos en donde algún hijo es menor de 25 años,4,Person_9721|Person_9722|Person_9723|Person_9724,,house
HH_3796,1 persona,Sur,Hogar con una mujer sola menor de 65 años,Hogar con una mujer sola menor de 65 años,1,Person_9725,Madrid,city
HH_3797,3 personas,Carrascal,Hogar con un solo progenitor que convive con algún hijo menor de 25 años,Hogar con un solo progenitor que convive con algún hijo menor de 25 años,3,Person_9726|Person_9727|Person_9728,,residential
HH_3798,4 personas,Carrascal,Hogar formado por pareja con hijos en donde algún hijo es menor de 25 años,Hogar formado por pareja con hijos en donde algún hijo es menor de 25 años,4,Person_9729|Person_9730|Person_9731|Person_9732,Fuenlabrada,city
HH_3799,2 personas,San Nicasio,Hogar formado por pareja sin hijos,Hogar formado por pareja sin hijos,2,Person_9733|Person_9734,,semidetached_house
HH_3800,4 personas,Carrascal,Hogar formado por pareja con hijos en donde algún hijo es menor de 25 años,Hogar formado por pareja con hijos en donde algún hijo es menor de 25 años,4,Person_9735|Person_9736|Person_9737|Person_9738,,yes
HH_3801,2 personas,Sur,Hogar formado por pareja sin hijos,Hogar formado por pareja sin hijos,2,Person_9739|Person_9740,,yes
HH_3802,2 personas,Norte,Hogar formado por pareja sin hijos,Hogar formado por pareja sin hijos,2,Person_9741|Person_9742,Getafe norte,city
HH_3803,4 personas,Polvoranca,Hogar formado por pareja con hijos en donde algún hijo es menor de 25 años,Hogar formado por pareja con hijos en donde algún hijo es menor de 25 años,4,Person_9743|Person_9744|Person_9745|Person_9746,,house
HH_3804,4 personas,Sur,Hogar formado por pareja o un solo progenitor que convive con algún hijo menor de 25 años y otra(s) persona(s),Hogar formado por pareja o un solo progenitor que convive con algún hijo menor de 25 años y otra(s) persona(s),4,Person_9747|Person_9748|Person_9749|Person_9750,,yes
HH_3805,1 persona,Carrascal,Hogar con un hombre solo menor de 65 años,Hogar con un hombre solo menor de 65 años,1,Person_9751,,apartments
HH_3806,2 personas,Carrascal,Hogar formado por pareja sin hijos,Hogar formado por pareja sin hijos,2,Person_9752|Person_9753,,apartments
HH_3807,4 personas,Zarzaquemada,Hogar formado por pareja con hijos en donde algún hijo es menor de 25 años,Hogar formado por pareja con hijos en donde algún hijo es menor de 25 años,4,Person_9754|Person_9755|Person_9756|Person_9757,,residential
HH_3808,4 personas,Zarzaquemada,Hogar formado por pareja con hijos en donde algún hijo es menor de 25 años,Hogar formado por pareja con hijos en donde algún hijo es menor de 25 años,4,Person_9758|Person_9759|Person_9760|Person_9761,Mostoles,city
HH_3809,2 personas,Carrascal,Hogar formado por pareja sin hijos,Hogar formado por pareja sin hijos,2,Person_9762|Person_9763,Madrid,city
HH_3810,4 personas,San Nicasio,Hogar formado por pareja con hijos en donde algún hijo es menor de 25 años,Hogar formado por pareja con hijos en donde algún hijo es menor de 25 años,4,Person_9764|Person_9765|Person_9766|Person_9767,,semidetached_house
HH_3811,2 personas,San Nicasio,Hogar formado por pareja sin hijos,Hogar formado por pareja sin hijos,2,Person_9768|Person_9769,,yes
HH_3812,3 personas,Sur,Otro tipo de hogar,Otro tipo de hogar,3,Person_9770|Person_9771|Person_9772,Centro Ocupacional Fundación F.A.D.,yes
HH_3813,2 personas,Carrascal,Hogar formado por pareja sin hijos,Hogar formado por pareja sin hijos,2,Person_9773|Person_9774,,apartments
HH_3814,1 persona,Sur,Hogar con un hombre solo menor de 65 años,Hogar con un hombre solo menor de 65 años,1,Person_9775,Fuenlabrada,city
HH_3815,4 personas,Sur,Hogar formado por pareja con hijos en donde algún hijo es menor de 25 años,Hogar formado por pareja con hijos en donde algún hijo es menor de 25 años,4,Person_9776|Person_9777|Person_9778|Person_9779,,yes
HH_3816,2 personas,Sur,Hogar formado por pareja sin hijos,Hogar formado por pareja sin hijos,2,Person_9780|Person_9781,,house
HH_3817,5 o mas personas,Sur,Hogar formado por pareja o un solo progenitor que convive con algún hijo menor de 25 años y otra(s) persona(s),Hogar formado por pareja o un solo progenitor que convive con algún hijo menor de 25 años y otra(s) persona(s),5,Person_9782|Person_9783|Person_9784|Person_9785|Person_9786,,yes
HH_3818,4 personas,Carrascal,Hogar formado por pareja con hijos en donde algún hijo es menor de 25 años,Hogar formado por pareja con hijos en donde algún hijo es menor de 25 años,4,Person_9787|Person_9788|Person_9789|Person_9790,Getafe norte,city
HH_3819,5 o mas personas,Norte,Hogar formado por pareja o un solo progenitor que convive con algún hijo menor de 25 años y otra(s) persona(s),Hogar formado por pareja o un solo progenitor que convive con algún hijo menor de 25 años y otra(s) persona(s),5,Person_9791|Person_9792|Person_9793|Person_9794|Person_9795,Madrid,city
HH_3820,3 personas,Sur,Otro tipo de hogar,Otro tipo de hogar,3,Person_9796|Person_9797|Person_9798,Madrid,city
HH_3821,2 personas,Norte,Hogar con un solo progenitor que convive con todos sus hijos de 25 años o más,Hogar con un solo progenitor que convive con todos sus hijos de 25 años o más,2,Person_9799|Person_9800,,semidetached_house
HH_3822,3 personas,Sur,Hogar formado por pareja con hijos en donde todos los hijos de 25 años o más,Hogar formado por pareja con hijos en donde todos los hijos de 25 años o más,3,Person_9801|Person_9802|Person_9803,,yes
HH_3823,3 personas,Zarzaquemada,Hogar formado por pareja con hijos en donde todos los hijos de 25 años o más,Hogar formado por pareja con hijos en donde todos los hijos de 25 años o más,3,Person_9804|Person_9805|Person_9806,,apartments
HH_3824,2 personas,Carrascal,Hogar con un solo progenitor que convive con todos sus hijos de 25 años o más,Hogar con un solo progenitor que convive con todos sus hijos de 25 años o más,2,Person_9807|Person_9808,Alcorcon,city
HH_3825,4 personas,Zarzaquemada,Hogar formado por pareja con hijos en donde algún hijo es menor de 25 años,Hogar formado por pareja con hijos en donde algún hijo es menor de 25 años,4,Person_9809|Person_9810|Person_9811|Person_9812,Madrid,city
HH_3826,5 o mas personas,San Nicasio,Otro tipo de hogar,Otro tipo de hogar,5,Person_9813|Person_9814|Person_9815|Person_9816|Person_9817,,terrace
HH_3827,1 persona,San Nicasio,Hogar con una mujer sola de 65 años o más,Hogar con una mujer sola de 65 años o más,1,Person_9818,,yes
HH_3828,1 persona,Zarzaquemada,Hogar con un hombre solo menor de 65 años,Hogar con un hombre solo menor de 65 años,1,Person_9819,,residential
HH_3829,2 personas,Carrascal,Hogar formado por pareja sin hijos,Hogar formado por pareja sin hijos,2,Person_9820|Person_9821,,residential
HH_3830,1 persona,Zarzaquemada,Hogar con un hombre solo menor de 65 años,Hogar con un hombre solo menor de 65 años,1,Person_9822,Getafe norte,city
HH_3831,3 personas,San Nicasio,Hogar formado por pareja con hijos en donde algún hijo es menor de 25 años,Hogar formado por pareja con hijos en donde algún hijo es menor de 25 años,3,Person_9823|Person_9824|Person_9825,JYSK,yes
HH_3832,2 personas,Sur,Hogar formado por pareja sin hijos,Hogar formado por pareja sin hijos,2,Person_9826|Person_9827,Madrid,city
HH_3833,5 o mas personas,Zarzaquemada,Hogar formado por pareja con hijos en donde algún hijo es menor de 25 años,Hogar formado por pareja con hijos en donde algún hijo es menor de 25 años,5,Person_9828|Person_9829|Person_9830|Person_9831|Person_9832,,residential
HH_3834,1 persona,Sur,Hogar con una mujer sola de 65 años o más,Hogar con una mujer sola de 65 años o más,1,Person_9833,,apartments
HH_3835,1 persona,Zarzaquemada,Hogar con un hombre solo menor de 65 años,Hogar con un hombre solo menor de 65 años,1,Person_9834,Madrid,city
HH_3836,4 personas,Sur,Hogar formado por pareja o un solo progenitor que convive con algún hijo menor de 25 años y otra(s) persona(s),Hogar formado por pareja o un solo progenitor que convive con algún hijo menor de 25 años y otra(s) persona(s),4,Person_9835|Person_9836|Person_9837|Person_9838,,yes
HH_3837,1 persona,Sur,Hogar con una mujer sola de 65 años o más,Hogar con una mujer sola de 65 años o más,1,Person_9839,,yes
HH_3838,1 persona,Polvoranca,Hogar con una mujer sola menor de 65 años,Hogar con una mujer sola menor de 65 años,1,Person_9840,,yes
HH_3839,2 personas,Zarzaquemada,Hogar formado por pareja sin hijos,Hogar formado por pareja sin hijos,2,Person_9841|Person_9842,,yes
HH_3840,4 personas,Zarzaquemada,Otro tipo de hogar,Otro tipo de hogar,4,Person_9843|Person_9844|Person_9845|Person_9846,,residential
HH_3841,1 persona,San Nicasio,Hogar con una mujer sola menor de 65 años,Hogar con una mujer sola menor de 65 años,1,Person_9847,Madrid,city
HH_3842,1 persona,Norte,Hogar con un hombre solo menor de 65 años,Hogar con un hombre solo menor de 65 años,1,Person_9848,,yes
HH_3843,3 personas,Carrascal,Hogar con un solo progenitor que convive con algún hijo menor de 25 años,Hogar con un solo progenitor que convive con algún hijo menor de 25 años,3,Person_9849|Person_9850|Person_9851,,yes
HH_3844,4 personas,Sur,Hogar formado por pareja con hijos en donde algún hijo es menor de 25 años,Hogar formado por pareja con hijos en donde algún hijo es menor de 25 años,4,Person_9852|Person_9853|Person_9854|Person_9855,Madrid,city
HH_3845,2 personas,Zarzaquemada,Hogar formado por pareja sin hijos,Hogar formado por pareja sin hijos,2,Person_9856|Person_9857,Madrid,city
HH_3846,1 persona,Norte,Hogar con un hombre solo menor de 65 años,Hogar con un hombre solo menor de 65 años,1,Person_9858,,yes
HH_3847,1 persona,Fortuna,Hogar con un hombre solo menor de 65 años,Hogar con un hombre solo menor de 65 años,1,Person_9859,,yes
HH_3848,1 persona,Norte,Hogar con un hombre solo menor de 65 años,Hogar con un hombre solo menor de 65 años,1,Person_9860,,apartments
HH_3849,2 personas,Fortuna,Hogar formado por pareja sin hijos,Hogar formado por pareja sin hijos,2,Person_9861|Person_9862,,yes
HH_3850,4 personas,Sur,Hogar formado por pareja con hijos en donde algún hijo es menor de 25 años,Hogar formado por pareja con hijos en donde algún hijo es menor de 25 años,4,Person_9863|Person_9864|Person_9865|Person_9866,,yes
HH_3851,2 personas,Carrascal,Hogar formado por pareja sin hijos,Hogar formado por pareja sin hijos,2,Person_9867|Person_9868,,yes
HH_3852,2 personas,Zarzaquemada,Hogar con un solo progenitor que convive con todos sus hijos de 25 años o más,Hogar con un solo progenitor que convive con todos sus hijos de 25 años o más,2,Person_9869|Person_9870,,residential
HH_3853,3 personas,Carrascal,Hogar formado por pareja con hijos en donde todos los hijos de 25 años o más,Hogar formado por pareja con hijos en donde todos los hijos de 25 años o más,3,Person_9871|Person_9872|Person_9873,,house
HH_3854,4 personas,Carrascal,Hogar formado por pareja con hijos en donde algún hijo es menor de 25 años,Hogar formado por pareja con hijos en donde algún hijo es menor de 25 años,4,Person_9874|Person_9875|Person_9876|Person_9877,,residential
HH_3855,2 personas,Polvoranca,Hogar formado por pareja sin hijos,Hogar formado por pareja sin hijos,2,Person_9878|Person_9879,,semidetached_house
HH_3856,3 personas,Sur,Hogar formado por pareja con hijos en donde todos los hijos de 25 años o más,Hogar formado por pareja con hijos en donde todos los hijos de 25 años o más,3,Person_9880|Person_9881|Person_9882,Mitsubishi Selitrac Leganés,yes
HH_3857,1 persona,Sur,Hogar con una mujer sola de 65 años o más,Hogar con una mujer sola de 65 años o más,1,Person_9883,,yes
HH_3858,2 personas,Polvoranca,Hogar formado por pareja sin hijos,Hogar formado por pareja sin hijos,2,Person_9884|Person_9885,Alcorcon,city
HH_3859,4 personas,Zarzaquemada,Hogar formado por pareja con hijos en donde algún hijo es menor de 25 años,Hogar formado por pareja con hijos en donde algún hijo es menor de 25 años,4,Person_9886|Person_9887|Person_9888|Person_9889,Getafe norte,city
HH_3860,5 o mas personas,Sur,Hogar formado por pareja o un solo progenitor que convive con algún hijo menor de 25 años y otra(s) persona(s),Hogar formado por pareja o un solo progenitor que convive con algún hijo menor de 25 años y otra(s) persona(s),5,Person_9890|Person_9891|Person_9892|Person_9893|Person_9894,,apartments
HH_3861,1 persona,San Nicasio,Hogar con una mujer sola menor de 65 años,Hogar con una mujer sola menor de 65 años,1,Person_9895,Madrid,city
HH_3862,1 persona,Sur,Hogar con una mujer sola de 65 años o más,Hogar con una mujer sola de 65 años o más,1,Person_9896,,yes
HH_3863,3 personas,San Nicasio,Hogar formado por pareja con hijos en donde todos los hijos de 25 años o más,Hogar formado por pareja con hijos en donde todos los hijos de 25 años o más,3,Person_9897|Person_9898|Person_9899,,semidetached_house
HH_3864,4 personas,Zarzaquemada,Hogar formado por pareja con hijos en donde algún hijo es menor de 25 años,Hogar formado por pareja con hijos en donde algún hijo es menor de 25 años,4,Person_9900|Person_9901|Person_9902|Person_9903,Madrid,city
HH_3865,4 personas,Zarzaquemada,Hogar formado por pareja o un solo progenitor que convive con algún hijo menor de 25 años y otra(s) persona(s),Hogar formado por pareja o un solo progenitor que convive con algún hijo menor de 25 años y otra(s) persona(s),4,Person_9904|Person_9905|Person_9906|Person_9907,,residential
HH_3866,1 persona,Carrascal,Hogar con un hombre solo de 65 años o más,Hogar con un hombre solo de 65 años o más,1,Person_9908,,apartments
HH_3867,3 personas,San Nicasio,Hogar con un solo progenitor que convive con algún hijo menor de 25 años,Hogar con un solo progenitor que convive con algún hijo menor de 25 años,3,Person_9909|Person_9910|Person_9911,,semidetached_house
HH_3868,2 personas,Sur,Hogar formado por pareja sin hijos,Hogar formado por pareja sin hijos,2,Person_9912|Person_9913,,apartments
HH_3869,2 personas,Carrascal,Hogar con un solo progenitor que convive con algún hijo menor de 25 años,Hogar con un solo progenitor que convive con algún hijo menor de 25 años,2,Person_9914|Person_9915,,house
HH_3870,2 personas,Polvoranca,Hogar con un solo progenitor que convive con algún hijo menor de 25 años,Hogar con un solo progenitor que convive con algún hijo menor de 25 años,2,Person_9916|Person_9917,,semidetached_house
HH_3871,2 personas,San Nicasio,Hogar formado por pareja sin hijos,Hogar formado por pareja sin hijos,2,Person_9918|Person_9919,,semidetached_house
HH_3872,3 personas,Sur,Hogar formado por pareja con hijos en donde algún hijo es menor de 25 años,Hogar formado por pareja con hijos en donde algún hijo es menor de 25 años,3,Person_9920|Person_9921|Person_9922,,yes
HH_3873,5 o mas personas,Zarzaquemada,Hogar formado por pareja o un solo progenitor que convive con algún hijo menor de 25 años y otra(s) persona(s),Hogar formado por pareja o un solo progenitor que convive con algún hijo menor de 25 años y otra(s) persona(s),5,Person_9923|Person_9924|Person_9925|Person_9926|Person_9927,,apartments
HH_3874,3 personas,San Nicasio,Hogar formado por pareja con hijos en donde algún hijo es menor de 25 años,Hogar formado por pareja con hijos en donde algún hijo es menor de 25 años,3,Person_9928|Person_9929|Person_9930,Madrid,city
HH_3875,4 personas,Zarzaquemada,Hogar formado por pareja con hijos en donde algún hijo es menor de 25 años,Hogar formado por pareja con hijos en donde algún hijo es menor de 25 años,4,Person_9931|Person_9932|Person_9933|Person_9934,,residential
HH_3876,3 personas,Carrascal,Hogar formado por pareja con hijos en donde algún hijo es menor de 25 años,Hogar formado por pareja con hijos en donde algún hijo es menor de 25 años,3,Person_9935|Person_9936|Person_9937,Madrid,city
HH_3877,3 personas,Fortuna,Hogar formado por pareja con hijos en donde algún hijo es menor de 25 años,Hogar formado por pareja con hijos en donde algún hijo es menor de 25 años,3,Person_9938|Person_9939|Person_9940,Madrid,city
HH_3878,4 personas,Carrascal,Hogar formado por pareja con hijos en donde algún hijo es menor de 25 años,Hogar formado por pareja con hijos en donde algún hijo es menor de 25 años,4,Person_9941|Person_9942|Person_9943|Person_9944,,residential
HH_3879,1 persona,Norte,Hogar con una mujer sola menor de 65 años,Hogar con una mujer sola menor de 65 años,1,Person_9945,,yes
HH_3880,1 persona,Fortuna,Hogar con una mujer sola de 65 años o más,Hogar con una mujer sola de 65 años o más,1,Person_9946,Getafe norte,city
HH_3881,1 persona,Sur,Hogar con un hombre solo de 65 años o más,Hogar con un hombre solo de 65 años o más,1,Person_9947,,apartments
HH_3882,2 personas,Zarzaquemada,Hogar formado por pareja sin hijos,Hogar formado por pareja sin hijos,2,Person_9948|Person_9949,Madrid,city
HH_3883,5 o mas personas,San Nicasio,Otro tipo de hogar,Otro tipo de hogar,5,Person_9950|Person_9951|Person_9952|Person_9953|Person_9954,Fuenlabrada,city
HH_3884,3 personas,Carrascal,Hogar formado por pareja con hijos en donde algún hijo es menor de 25 años,Hogar formado por pareja con hijos en donde algún hijo es menor de 25 años,3,Person_9955|Person_9956|Person_9957,Getafe norte,city
HH_3885,3 personas,Carrascal,Hogar formado por pareja con hijos en donde todos los hijos de 25 años o más,Hogar formado por pareja con hijos en donde todos los hijos de 25 años o más,3,Person_9958|Person_9959|Person_9960,Madrid,city
HH_3886,2 personas,Zarzaquemada,Hogar formado por pareja sin hijos,Hogar formado por pareja sin hijos,2,Person_9961|Person_9962,,apartments
HH_3887,3 personas,San Nicasio,Hogar formado por pareja con hijos en donde algún hijo es menor de 25 años,Hogar formado por pareja con hijos en donde algún hijo es menor de 25 años,3,Person_9963|Person_9964|Person_9965,,semidetached_house
HH_3888,2 personas,Fortuna,Hogar formado por pareja sin hijos,Hogar formado por pareja sin hijos,2,Person_9966|Person_9967,,yes
HH_3889,3 personas,Sur,Hogar formado por pareja con hijos en donde algún hijo es menor de 25 años,Hogar formado por pareja con hijos en donde algún hijo es menor de 25 años,3,Person_9968|Person_9969|Person_9970,,house
HH_3890,1 persona,Carrascal,Hogar con una mujer sola de 65 años o más,Hogar con una mujer sola de 65 años o más,1,Person_9971,,apartments
HH_3891,1 persona,Norte,Hogar con un hombre solo menor de 65 años,Hogar con un hombre solo menor de 65 años,1,Person_9972,,apartments
HH_3892,2 personas,Zarzaquemada,Hogar formado por pareja sin hijos,Hogar formado por pareja sin hijos,2,Person_9973|Person_9974,,residential
HH_3893,4 personas,San Nicasio,Hogar formado por pareja o un solo progenitor que convive con algún hijo menor de 25 años y otra(s) persona(s),Hogar formado por pareja o un solo progenitor que convive con algún hijo menor de 25 años y otra(s) persona(s),4,Person_9975|Person_9976|Person_9977|Person_9978,,yes
HH_3894,4 personas,Carrascal,Hogar formado por pareja con hijos en donde algún hijo es menor de 25 años,Hogar formado por pareja con hijos en donde algún hijo es menor de 25 años,4,Person_9979|Person_9980|Person_9981|Person_9982,Getafe norte,city
HH_3895,2 personas,Carrascal,Hogar con un solo progenitor que convive con todos sus hijos de 25 años o más,Hogar con un solo progenitor que convive con todos sus hijos de 25 años o más,2,Person_9983|Person_9984,,semidetached_house
HH_3896,1 persona,Carrascal,Hogar con una mujer sola de 65 años o más,Hogar con una mujer sola de 65 años o más,1,Person_9985,,apartments
HH_3897,3 personas,Norte,Hogar formado por pareja con hijos en donde algún hijo es menor de 25 años,Hogar formado por pareja con hijos en donde algún hijo es menor de 25 años,3,Person_9986|Person_9987|Person_9988,,yes
HH_3898,4 personas,Zarzaquemada,Hogar formado por pareja o un solo progenitor que convive con algún hijo menor de 25 años y otra(s) persona(s),Hogar formado por pareja o un solo progenitor que convive con algún hijo menor de 25 años y otra(s) persona(s),4,Person_9989|Person_9990|Person_9991|Person_9992,,residential
HH_3899,1 persona,Norte,Hogar con una mujer sola menor de 65 años,Hogar con una mujer sola menor de 65 años,1,Person_9993,,yes
HH_3900,3 personas,Zarzaquemada,Hogar formado por pareja con hijos en donde todos los hijos de 25 años o más,Hogar formado por pareja con hijos en donde todos los hijos de 25 años o más,3,Person_9994|Person_9995|Person_9996,,residential
HH_3901,3 personas,Norte,Hogar formado por pareja o un solo progenitor que convive con algún hijo menor de 25 años y otra(s) persona(s),Hogar formado por pareja o un solo progenitor que convive con algún hijo menor de 25 años y otra(s) persona(s),3,Person_9997|Person_9998|Person_9999,,apartments
