household_id,person_name,gender,age,age_range,father_name,mother_name,partner_name,children_count,living_place_name,working_place_name
HH_1,Person_0,male,6,5-9,Person_1,Person_1,,0,Madrid,
HH_1,Person_1,female,40,40-44,,,Person_2,1,Madrid,
HH_1,Person_2,female,56,55-59,,,Person_1,1,Madrid,
HH_2,Person_3,male,83,80-84,,,,0,Madrid,
HH_2,Person_4,male,99,95-99,,,,0,Madrid,
HH_3,Person_5,male,43,40-44,,,,0,Extremadura,
HH_3,Person_6,female,41,40-44,,,,0,Extremadura,
HH_3,Person_7,male,57,55-59,,,,0,Extremadura,
HH_3,Person_8,female,43,40-44,,,,0,Extremadura,
HH_4,Person_9,female,23,20-24,Person_10,Person_10,,0,,
HH_4,Person_10,female,51,50-54,,,Person_11,1,,Madrid
HH_4,Person_11,female,58,55-59,,,Person_10,1,,Madrid
HH_5,Person_12,female,12,10-14,Person_14,Person_14,,0,,
HH_5,Person_13,male,33,30-34,Person_14,Person_14,,0,,Madrid
HH_5,Person_14,female,75,75-79,,,Person_15,2,,
HH_5,Person_15,female,63,60-64,,,Person_14,2,,Madrid
HH_6,Person_16,female,21,20-24,,,,0,,Madrid
HH_6,Person_17,female,62,60-64,,,,0,,Alcorcon
HH_7,Person_18,male,97,95-99,,,,0,,
HH_7,Person_19,female,29,25-29,,,,0,,Edificio Agustín de Betancourt
HH_8,Person_20,female,68,65-69,,,,0,,
HH_9,Person_21,female,7,5-9,,Person_23,,0,,
HH_9,Person_22,male,0,0-4,,Person_23,,0,,
HH_9,Person_23,female,26,25-29,,,,2,,
HH_10,Person_24,female,73,70-74,,,,0,,
HH_10,Person_25,male,34,30-34,,,,0,,Madrid
HH_11,Person_26,female,82,80-84,,,,0,Madrid,
HH_12,Person_27,female,16,15-19,Person_28,Person_28,,0,,
HH_12,Person_28,male,45,45-49,,,Person_29,1,,Madrid
HH_12,Person_29,male,41,40-44,,,Person_28,1,,Madrid
HH_13,Person_30,female,23,20-24,Person_33,Person_33,,0,,Madrid
HH_13,Person_31,male,23,20-24,Person_33,Person_33,,0,,Madrid
HH_13,Person_32,male,25,25-29,Person_33,Person_33,,0,,Madrid
HH_13,Person_33,male,53,50-54,,,Person_34,3,,Madrid
HH_13,Person_34,male,49,45-49,,,Person_33,3,,Madrid
HH_14,Person_35,female,22,20-24,Person_36,,,0,,Edificio Juan Benet
HH_14,Person_36,male,53,50-54,,,,1,,Madrid
HH_15,Person_37,female,14,10-14,Person_41,,,0,,
HH_15,Person_38,female,12,10-14,Person_41,,,0,,
HH_15,Person_39,female,21,20-24,Person_41,,,0,,Parque Científico de la Universidad Carlos III de Madrid
HH_15,Person_40,female,4,0-4,Person_41,,,0,,
HH_15,Person_41,male,38,35-39,,,,4,,Madrid
HH_16,Person_42,female,54,50-54,,,,0,Madrid,
HH_16,Person_43,female,83,80-84,,,,0,Madrid,
HH_17,Person_44,male,48,45-49,,,,0,Madrid,
HH_18,Person_45,male,8,5-9,Person_46,Person_46,,0,,
HH_18,Person_46,male,39,35-39,,,Person_47,1,,Getafe norte
HH_18,Person_47,male,30,30-34,,,Person_46,1,,Madrid
HH_19,Person_48,male,51,50-54,Person_49,,,0,,Madrid
HH_19,Person_49,male,84,80-84,,,,1,,
HH_20,Person_50,male,2,0-4,Person_52,Person_52,,0,,
HH_20,Person_51,female,34,30-34,Person_52,Person_52,,0,,Fuenlabrada
HH_20,Person_52,male,50,50-54,,,Person_53,2,,Madrid
HH_20,Person_53,male,52,50-54,,,Person_52,2,,Madrid
HH_21,Person_54,female,25,25-29,Person_56,,,0,,Sol y Vida
HH_21,Person_55,male,27,25-29,Person_56,,,0,,
HH_21,Person_56,male,59,55-59,,,,2,,Madrid
HH_22,Person_57,male,30,30-34,Person_58,Person_58,,0,Carrefour,Edificio Torres Quevedo
HH_22,Person_58,female,55,55-59,,,Person_59,1,Carrefour,
HH_22,Person_59,female,57,55-59,,,Person_58,1,Carrefour,Centro de Salud María Montessori
HH_23,Person_60,male,18,15-19,,,,0,Madrid,Fundación IMDEA Networks
HH_24,Person_61,female,20,20-24,Person_63,Person_63,,0,Madrid,
HH_24,Person_62,male,34,30-34,Person_63,Person_63,,0,Madrid,
HH_24,Person_63,female,72,70-74,,,Person_64,2,Madrid,
HH_24,Person_64,female,83,80-84,,,Person_63,2,Madrid,
HH_25,Person_65,male,89,85-89,,,,0,,
HH_25,Person_66,male,33,30-34,,,,0,,Madrid
HH_26,Person_67,male,77,75-79,,,,0,,
HH_26,Person_68,female,21,20-24,,,,0,,Edificio Juan Benet
HH_27,Person_69,male,59,55-59,,,,0,Fuenlabrada,
HH_28,Person_70,female,20,20-24,Person_71,Person_71,,0,,Madrid
HH_28,Person_71,male,35,35-39,,,Person_72,1,,Madrid
HH_28,Person_72,male,32,30-34,,,Person_71,1,,Madrid
HH_29,Person_73,female,7,5-9,,Person_77,,0,,
HH_29,Person_74,male,13,10-14,,Person_77,,0,,
HH_29,Person_75,male,0,0-4,,Person_77,,0,,
HH_29,Person_76,female,10,10-14,,Person_77,,0,,
HH_29,Person_77,female,41,40-44,,,,4,,Madrid
HH_30,Person_78,female,35,35-39,Person_79,,,0,Madrid,
HH_30,Person_79,male,67,65-69,,,,1,Madrid,
HH_31,Person_80,male,13,10-14,Person_84,,,0,,
HH_31,Person_81,female,4,0-4,Person_84,,,0,,
HH_31,Person_82,male,18,15-19,Person_84,,,0,,Edificio Sabatini
HH_31,Person_83,female,0,0-4,Person_84,,,0,,
HH_31,Person_84,male,51,50-54,,,,4,,Madrid
HH_32,Person_85,male,19,15-19,,Person_88,,0,Alcorcon,
HH_32,Person_86,male,6,5-9,,Person_88,,0,Alcorcon,
HH_32,Person_87,male,27,25-29,,Person_88,,0,Alcorcon,Edificio Agustín de Betancourt
HH_32,Person_88,female,59,55-59,,,,3,Alcorcon,
HH_33,Person_89,female,7,5-9,Person_90,Person_90,,0,Alcorcon,
HH_33,Person_90,female,26,25-29,,,Person_91,1,Alcorcon,
HH_33,Person_91,female,38,35-39,,,Person_90,1,Alcorcon,
HH_34,Person_92,male,30,30-34,,,,0,,Madrid
HH_35,Person_93,male,78,75-79,,,,0,,
HH_35,Person_94,female,96,95-99,,,,0,,
HH_35,Person_95,male,92,90-94,,,,0,,
HH_35,Person_96,female,74,70-74,,,,0,,
HH_36,Person_97,female,65,65-69,,,,0,Mostoles,
HH_37,Person_98,male,73,70-74,,,,0,,
HH_38,Person_99,female,18,15-19,Person_102,Person_102,,0,Madrid,
HH_38,Person_100,male,20,20-24,Person_102,Person_102,,0,Madrid,
HH_38,Person_101,male,14,10-14,Person_102,Person_102,,0,Madrid,
HH_38,Person_102,male,46,45-49,,,Person_103,3,Madrid,
HH_38,Person_103,male,38,35-39,,,Person_102,3,Madrid,
HH_39,Person_104,female,18,15-19,Person_107,Person_107,,0,Alcorcon,Edificio Torres Quevedo
HH_39,Person_105,female,21,20-24,Person_107,Person_107,,0,Alcorcon,
HH_39,Person_106,female,24,20-24,Person_107,Person_107,,0,Alcorcon,Edificio Torres Quevedo
HH_39,Person_107,female,53,50-54,,,Person_108,3,Alcorcon,
HH_39,Person_108,female,58,55-59,,,Person_107,3,Alcorcon,
HH_40,Person_109,male,13,10-14,,Person_112,,0,Madrid,
HH_40,Person_110,female,5,5-9,,Person_112,,0,Madrid,Escuela Infantil Rosa Caramelo
HH_40,Person_111,female,4,0-4,,Person_112,,0,Madrid,
HH_40,Person_112,female,39,35-39,,,,3,Madrid,
HH_41,Person_113,female,31,30-34,,,,0,,Madrid
HH_41,Person_114,female,78,75-79,,,,0,,
HH_42,Person_115,male,3,0-4,Person_119,,,0,,
HH_42,Person_116,female,0,0-4,Person_119,,,0,,
HH_42,Person_117,female,7,5-9,Person_119,,,0,,Escuela Infantil El Romancero
HH_42,Person_118,male,7,5-9,Person_119,,,0,,
HH_42,Person_119,male,40,40-44,,,,4,,Madrid
HH_43,Person_120,female,82,80-84,,,,0,,
HH_44,Person_121,female,35,35-39,,,,0,,Madrid
HH_44,Person_122,female,29,25-29,,,,0,,Parque Científico de la Universidad Carlos III de Madrid
HH_44,Person_123,male,40,40-44,,,,0,,Madrid
HH_45,Person_124,female,24,20-24,Person_126,Person_126,,0,,Getafe norte
HH_45,Person_125,female,27,25-29,Person_126,Person_126,,0,,Madrid
HH_45,Person_126,female,55,55-59,,,Person_127,2,,Fuenlabrada
HH_45,Person_127,female,84,80-84,,,Person_126,2,,
HH_46,Person_128,female,65,65-69,,,,0,,
HH_47,Person_129,male,48,45-49,,,,0,,Madrid
HH_47,Person_130,male,38,35-39,,,,0,,Getafe norte
HH_48,Person_131,male,17,15-19,,Person_132,,0,Madrid,
HH_48,Person_132,female,42,40-44,,,,1,Madrid,
HH_49,Person_133,male,18,15-19,Person_135,,,0,Madrid,Edificio Sabatini
HH_49,Person_134,male,22,20-24,Person_135,,,0,Madrid,
HH_49,Person_135,male,54,50-54,,,,2,Madrid,
HH_50,Person_136,female,88,85-89,,,,0,Madrid,
HH_51,Person_137,male,44,40-44,,,,0,,Fuenlabrada
HH_51,Person_138,female,35,35-39,,,,0,,Madrid
HH_52,Person_139,female,42,40-44,,,,0,,
HH_52,Person_140,female,32,30-34,,,,0,,Mostoles
HH_53,Person_141,male,6,5-9,Person_142,Person_142,,0,,
HH_53,Person_142,male,25,25-29,,,Person_143,1,,
HH_53,Person_143,male,26,25-29,,,Person_142,1,,Fuenlabrada
HH_54,Person_144,male,22,20-24,Person_145,Person_145,,0,Alcorcon,
HH_54,Person_145,male,47,45-49,,,Person_146,1,Alcorcon,
HH_54,Person_146,male,42,40-44,,,Person_145,1,Alcorcon,
HH_55,Person_147,male,13,10-14,Person_149,Person_149,,0,Getafe norte,
HH_55,Person_148,female,27,25-29,Person_149,Person_149,,0,Getafe norte,Fundación IMDEA Networks
HH_55,Person_149,female,66,65-69,,,Person_150,2,Getafe norte,
HH_55,Person_150,female,78,75-79,,,Person_149,2,Getafe norte,
HH_56,Person_151,female,68,65-69,,,,0,,
HH_57,Person_152,male,26,25-29,Person_153,Person_153,,0,Madrid,
HH_57,Person_153,female,64,60-64,,,Person_154,1,Madrid,
HH_57,Person_154,female,64,60-64,,,Person_153,1,Madrid,
HH_58,Person_155,female,87,85-89,,,,0,Madrid,
HH_58,Person_156,male,52,50-54,,,,0,Madrid,
HH_59,Person_157,female,15,15-19,Person_158,Person_158,,0,Madrid,
HH_59,Person_158,female,44,40-44,,,Person_159,1,Madrid,
HH_59,Person_159,female,38,35-39,,,Person_158,1,Madrid,
HH_60,Person_160,female,85,85-89,,,,0,,
HH_61,Person_161,female,51,50-54,,,,0,,Madrid
HH_62,Person_162,male,27,25-29,,,,0,,
HH_62,Person_163,male,88,85-89,,,,0,,
HH_63,Person_164,female,56,55-59,,,,0,,
HH_64,Person_165,male,63,60-64,,,,0,,Madrid
HH_64,Person_166,female,29,25-29,,,,0,,Biblioteca Rey Pastor
HH_64,Person_167,female,81,80-84,,,,0,,
HH_65,Person_168,male,42,40-44,Person_169,Person_169,,0,,Madrid
HH_65,Person_169,male,69,65-69,,,Person_170,1,,
HH_65,Person_170,male,52,50-54,,,Person_169,1,,Madrid
HH_66,Person_171,male,4,0-4,Person_172,Person_172,,0,,
HH_66,Person_172,female,32,30-34,,,Person_173,1,,Madrid
HH_66,Person_173,female,33,30-34,,,Person_172,1,,Alcorcon
HH_67,Person_174,male,80,80-84,,,,0,,
HH_67,Person_175,male,33,30-34,,,,0,,Madrid
HH_68,Person_176,male,65,65-69,,,,0,,
HH_68,Person_177,male,53,50-54,,,,0,,Madrid
HH_68,Person_178,female,62,60-64,,,,0,,Madrid
HH_68,Person_179,female,18,15-19,,,,0,,Edificio Torres Quevedo
HH_68,Person_180,male,56,55-59,,,,0,,
HH_69,Person_181,female,3,0-4,,Person_184,,0,Madrid,
HH_69,Person_182,male,5,5-9,,Person_184,,0,Madrid,
HH_69,Person_183,female,12,10-14,,Person_184,,0,Madrid,
HH_69,Person_184,female,54,50-54,,,,3,Madrid,
HH_70,Person_185,female,59,55-59,,,,0,,Getafe norte
HH_71,Person_186,female,20,20-24,Person_187,Person_187,,0,,Mostoles
HH_71,Person_187,male,48,45-49,,,Person_188,1,,Madrid
HH_71,Person_188,male,31,30-34,,,Person_187,1,,Madrid
HH_72,Person_189,female,6,5-9,Person_190,Person_190,,0,,
HH_72,Person_190,female,31,30-34,,,Person_191,1,,Madrid
HH_72,Person_191,female,33,30-34,,,Person_190,1,,
HH_73,Person_192,male,43,40-44,,,,0,,Madrid
HH_73,Person_193,female,76,75-79,,,,0,,
HH_74,Person_194,female,19,15-19,Person_195,Person_195,,0,Fuenlabrada,Fundación IMDEA Networks
HH_74,Person_195,male,53,50-54,,,Person_196,1,Fuenlabrada,
HH_74,Person_196,male,52,50-54,,,Person_195,1,Fuenlabrada,
HH_75,Person_197,female,13,10-14,,Person_200,,0,,
HH_75,Person_198,male,1,0-4,,Person_200,,0,,
HH_75,Person_199,female,21,20-24,,Person_200,,0,,Edificio Torres Quevedo
HH_75,Person_200,female,37,35-39,,,,3,,Mostoles
HH_76,Person_201,male,32,30-34,,,,0,Madrid,
HH_77,Person_202,female,31,30-34,Person_203,Person_203,,0,Madrid,
HH_77,Person_203,female,69,65-69,,,Person_204,1,Madrid,
HH_77,Person_204,female,66,65-69,,,Person_203,1,Madrid,
HH_78,Person_205,female,70,70-74,,,,0,,
HH_79,Person_206,male,95,95-99,,Person_207,,0,,
HH_79,Person_207,female,119,100-120,,,,1,,
HH_80,Person_208,female,57,55-59,,,,0,,
HH_81,Person_209,female,44,40-44,,,,0,Madrid,
HH_82,Person_210,male,8,5-9,Person_212,Person_212,,0,,
HH_82,Person_211,male,32,30-34,Person_212,Person_212,,0,,Alcorcon
HH_82,Person_212,male,66,65-69,,,Person_213,2,,
HH_82,Person_213,male,71,70-74,,,Person_212,2,,
HH_83,Person_214,male,30,30-34,Person_215,Person_215,,0,,Edificio Torres Quevedo
HH_83,Person_215,male,59,55-59,,,Person_216,1,,Madrid
HH_83,Person_216,male,53,50-54,,,Person_215,1,,Madrid
HH_84,Person_217,male,23,20-24,Person_219,Person_219,,0,,Edificio Sabatini
HH_84,Person_218,male,29,25-29,Person_219,Person_219,,0,,Fundación IMDEA Networks
HH_84,Person_219,female,62,60-64,,,Person_220,2,,Madrid
HH_84,Person_220,female,73,70-74,,,Person_219,2,,
HH_85,Person_221,female,15,15-19,Person_223,Person_223,,0,,
HH_85,Person_222,male,35,35-39,Person_223,Person_223,,0,,Madrid
HH_85,Person_223,female,50,50-54,,,Person_224,2,,Madrid
HH_85,Person_224,female,52,50-54,,,Person_223,2,,Mostoles
HH_86,Person_225,female,0,0-4,Person_226,Person_226,,0,Getafe norte,
HH_86,Person_226,female,36,35-39,,,Person_227,1,Getafe norte,
HH_86,Person_227,female,30,30-34,,,Person_226,1,Getafe norte,Edificio Sabatini
HH_87,Person_228,female,1,0-4,,Person_232,,0,Madrid,
HH_87,Person_229,male,8,5-9,,Person_232,,0,Madrid,
HH_87,Person_230,female,7,5-9,,Person_232,,0,Madrid,
HH_87,Person_231,female,1,0-4,,Person_232,,0,Madrid,
HH_87,Person_232,female,38,35-39,,,,4,Madrid,
HH_88,Person_233,female,21,20-24,Person_235,Person_235,,0,,Fuenlabrada
HH_88,Person_234,male,26,25-29,Person_235,Person_235,,0,,Madrid
HH_88,Person_235,female,69,65-69,,,Person_236,2,,
HH_88,Person_236,female,74,70-74,,,Person_235,2,,
HH_89,Person_237,male,7,5-9,,Person_240,,0,,
HH_89,Person_238,female,8,5-9,,Person_240,,0,,
HH_89,Person_239,male,8,5-9,,Person_240,,0,,
HH_89,Person_240,female,40,40-44,,,,3,,Madrid
HH_90,Person_241,female,81,80-84,,,,0,,
HH_91,Person_242,female,0,0-4,Person_246,,,0,,
HH_91,Person_243,male,8,5-9,Person_246,,,0,,
HH_91,Person_244,female,4,0-4,Person_246,,,0,,Escuela Infantil Rosa Caramelo
HH_91,Person_245,male,7,5-9,Person_246,,,0,,
HH_91,Person_246,male,23,20-24,,,,4,,Madrid
HH_92,Person_247,female,82,80-84,,,,0,,
HH_93,Person_248,female,68,65-69,,,,0,,
HH_94,Person_249,female,74,70-74,,,,0,Getafe norte,
HH_94,Person_250,female,57,55-59,,,,0,Getafe norte,
HH_95,Person_251,female,2,0-4,Person_255,,,0,,
HH_95,Person_252,female,12,10-14,Person_255,,,0,,
HH_95,Person_253,male,5,5-9,Person_255,,,0,,
HH_95,Person_254,female,9,5-9,Person_255,,,0,,
HH_95,Person_255,male,46,45-49,,,,4,,
HH_96,Person_256,male,44,40-44,,,,0,,Madrid
HH_96,Person_257,female,42,40-44,,,,0,,Madrid
HH_97,Person_258,male,69,65-69,,,,0,,
HH_97,Person_259,male,43,40-44,,,,0,,Madrid
HH_98,Person_260,female,39,35-39,,,,0,Madrid,
HH_98,Person_261,male,20,20-24,,,,0,Madrid,Fundación IMDEA Networks
HH_99,Person_262,male,21,20-24,,,,0,,
HH_99,Person_263,male,73,70-74,,,,0,,
HH_100,Person_264,male,26,25-29,Person_266,,,0,,
HH_100,Person_265,female,27,25-29,Person_266,,,0,,Madrid
HH_100,Person_266,male,57,55-59,,,,2,,Madrid
HH_101,Person_267,male,55,55-59,,,,0,,Madrid
HH_101,Person_268,female,31,30-34,,,,0,,Madrid
HH_101,Person_269,female,86,85-89,,,,0,,
HH_102,Person_270,male,21,20-24,Person_271,Person_271,,0,,Edificio Agustín de Betancourt
HH_102,Person_271,male,37,35-39,,,Person_272,1,,Madrid
HH_102,Person_272,male,36,35-39,,,Person_271,1,,Madrid
HH_103,Person_273,female,25,25-29,,,,0,,Fuenlabrada
HH_103,Person_274,male,81,80-84,,,,0,,
HH_104,Person_275,male,9,5-9,Person_277,Person_277,,0,,
HH_104,Person_276,male,28,25-29,Person_277,Person_277,,0,,Madrid
HH_104,Person_277,male,72,70-74,,,Person_278,2,,
HH_104,Person_278,male,50,50-54,,,Person_277,2,,Mostoles
HH_105,Person_279,female,19,15-19,Person_281,Person_281,,0,Extremadura,
HH_105,Person_280,male,27,25-29,Person_281,Person_281,,0,Extremadura,Parque Científico de la Universidad Carlos III de Madrid
HH_105,Person_281,female,52,50-54,,,Person_282,2,Extremadura,
HH_105,Person_282,female,41,40-44,,,Person_281,2,Extremadura,
HH_106,Person_283,male,35,35-39,,,,0,,Madrid
HH_107,Person_284,male,41,40-44,,,,0,Madrid,
HH_107,Person_285,female,55,55-59,,,,0,Madrid,
HH_108,Person_286,female,21,20-24,Person_287,Person_287,,0,,Madrid
HH_108,Person_287,female,64,60-64,,,Person_288,1,,Madrid
HH_108,Person_288,female,45,45-49,,,Person_287,1,,Madrid
HH_109,Person_289,male,0,0-4,Person_291,Person_291,,0,Alcorcon,
HH_109,Person_290,male,34,30-34,Person_291,Person_291,,0,Alcorcon,
HH_109,Person_291,female,67,65-69,,,Person_292,2,Alcorcon,
HH_109,Person_292,female,49,45-49,,,Person_291,2,Alcorcon,
HH_110,Person_293,male,67,65-69,,,,0,Madrid,
HH_111,Person_294,male,1,0-4,Person_296,Person_296,,0,,Escuela Infantil Rosa Caramelo
HH_111,Person_295,male,31,30-34,Person_296,Person_296,,0,,Madrid
HH_111,Person_296,female,67,65-69,,,Person_297,2,,
HH_111,Person_297,female,53,50-54,,,Person_296,2,,Madrid
HH_112,Person_298,female,57,55-59,,,,0,,Madrid
HH_112,Person_299,female,32,30-34,,,,0,,Madrid
HH_112,Person_300,female,99,95-99,,,,0,,
HH_112,Person_301,female,55,55-59,,,,0,,Madrid
HH_112,Person_302,male,82,80-84,,,,0,,
HH_113,Person_303,female,26,25-29,Person_304,,,0,,Getafe norte
HH_113,Person_304,male,65,65-69,,,,1,,
HH_114,Person_305,female,39,35-39,Person_306,,,0,,
HH_114,Person_306,male,64,60-64,,,,1,,Madrid
HH_115,Person_307,male,89,85-89,,,,0,,
HH_116,Person_308,female,22,20-24,,Person_309,,0,,Madrid
HH_116,Person_309,female,66,65-69,,,,1,,
HH_117,Person_310,male,18,15-19,Person_311,Person_311,,0,Madrid,
HH_117,Person_311,female,43,40-44,,,Person_312,1,Madrid,
HH_117,Person_312,female,76,75-79,,,Person_311,1,Madrid,
HH_118,Person_313,male,10,10-14,,Person_316,,0,,
HH_118,Person_314,male,3,0-4,,Person_316,,0,,
HH_118,Person_315,male,14,10-14,,Person_316,,0,,
HH_118,Person_316,female,29,25-29,,,,3,,Edificio Agustín de Betancourt
HH_119,Person_317,male,85,85-89,,,,0,,
HH_120,Person_318,female,3,0-4,Person_320,Person_320,,0,REPALAB,
HH_120,Person_319,male,28,25-29,Person_320,Person_320,,0,REPALAB,
HH_120,Person_320,female,58,55-59,,,Person_321,2,REPALAB,Madrid
HH_120,Person_321,female,42,40-44,,,Person_320,2,REPALAB,Madrid
HH_121,Person_322,female,41,40-44,,,,0,,
HH_122,Person_323,male,57,55-59,,,,0,,Madrid
HH_122,Person_324,male,18,15-19,,,,0,,Edificio Agustín de Betancourt
HH_123,Person_325,male,26,25-29,Person_326,Person_326,,0,,Edificio Sabatini
HH_123,Person_326,male,43,40-44,,,Person_327,1,,Madrid
HH_123,Person_327,male,43,40-44,,,Person_326,1,,Madrid
HH_124,Person_328,female,47,45-49,,,,0,,Madrid
HH_124,Person_329,female,29,25-29,,,,0,,
HH_125,Person_330,female,9,5-9,Person_332,Person_332,,0,,
HH_125,Person_331,female,26,25-29,Person_332,Person_332,,0,,Edificio Torres Quevedo
HH_125,Person_332,female,55,55-59,,,Person_333,2,,Madrid
HH_125,Person_333,female,99,95-99,,,Person_332,2,,
HH_126,Person_334,male,77,75-79,,,,0,,
HH_127,Person_335,female,7,5-9,,Person_338,,0,Madrid,
HH_127,Person_336,male,10,10-14,,Person_338,,0,Madrid,
HH_127,Person_337,male,11,10-14,,Person_338,,0,Madrid,
HH_127,Person_338,female,36,35-39,,,,3,Madrid,
HH_128,Person_339,female,24,20-24,Person_341,Person_341,,0,Madrid,
HH_128,Person_340,female,31,30-34,Person_341,Person_341,,0,Madrid,
HH_128,Person_341,female,58,55-59,,,Person_342,2,Madrid,
HH_128,Person_342,female,55,55-59,,,Person_341,2,Madrid,
HH_129,Person_343,female,73,70-74,,,,0,Madrid,
HH_130,Person_344,female,10,10-14,Person_345,Person_345,,0,Madrid,
HH_130,Person_345,female,51,50-54,,,Person_346,1,Madrid,
HH_130,Person_346,female,50,50-54,,,Person_345,1,Madrid,
HH_131,Person_347,female,16,15-19,Person_350,,,0,,Escuela Infantil El Romancero
HH_131,Person_348,male,2,0-4,Person_350,,,0,,Escuela Infantil Rosa Caramelo
HH_131,Person_349,female,1,0-4,Person_350,,,0,,
HH_131,Person_350,male,46,45-49,,,,3,,Extremadura
HH_132,Person_351,female,82,80-84,,,,0,,
HH_133,Person_352,female,89,85-89,Person_353,,,0,Madrid,
HH_133,Person_353,male,119,100-120,,,,1,Madrid,
HH_134,Person_354,male,25,25-29,,,,0,,Madrid
HH_134,Person_355,male,74,70-74,,,,0,,
HH_135,Person_356,male,0,0-4,Person_358,Person_358,,0,Madrid,Escuela Infantil Rosa Caramelo
HH_135,Person_357,male,34,30-34,Person_358,Person_358,,0,Madrid,
HH_135,Person_358,male,73,70-74,,,Person_359,2,Madrid,
HH_135,Person_359,male,73,70-74,,,Person_358,2,Madrid,
HH_136,Person_360,female,73,70-74,,,,0,Madrid,
HH_137,Person_361,male,5,5-9,Person_363,Person_363,,0,,
HH_137,Person_362,female,32,30-34,Person_363,Person_363,,0,,Madrid
HH_137,Person_363,female,49,45-49,,,Person_364,2,,Madrid
HH_137,Person_364,female,44,40-44,,,Person_363,2,,Madrid
HH_138,Person_365,female,6,5-9,Person_366,Person_366,,0,Alcorcon,
HH_138,Person_366,female,32,30-34,,,Person_367,1,Alcorcon,Centro Cultural Las Dehesillas
HH_138,Person_367,female,34,30-34,,,Person_366,1,Alcorcon,
HH_139,Person_368,male,22,20-24,Person_369,,,0,,Edificio Juan Benet
HH_139,Person_369,male,49,45-49,,,,1,,Madrid
HH_140,Person_370,male,27,25-29,,,,0,,Edificio Torres Quevedo
HH_141,Person_371,female,41,40-44,,,,0,,Madrid
HH_142,Person_372,male,38,35-39,,,,0,,Madrid
HH_143,Person_373,female,17,15-19,Person_376,Person_376,,0,Madrid,
HH_143,Person_374,male,13,10-14,Person_376,Person_376,,0,Madrid,
HH_143,Person_375,female,14,10-14,Person_376,Person_376,,0,Madrid,
HH_143,Person_376,male,48,45-49,,,Person_377,3,Madrid,
HH_143,Person_377,male,44,40-44,,,Person_376,3,Madrid,Parque de Bomberos - Leganés.
HH_144,Person_378,female,34,30-34,Person_379,,,0,Madrid,Lidl
HH_144,Person_379,male,50,50-54,,,,1,Madrid,
HH_145,Person_380,male,70,70-74,,,,0,Fuenlabrada,
HH_145,Person_381,female,68,65-69,,,,0,Fuenlabrada,
HH_145,Person_382,female,56,55-59,,,,0,Fuenlabrada,
HH_146,Person_383,female,2,0-4,Person_386,,,0,Madrid,
HH_146,Person_384,male,6,5-9,Person_386,,,0,Madrid,
HH_146,Person_385,male,10,10-14,Person_386,,,0,Madrid,
HH_146,Person_386,male,53,50-54,,,,3,Madrid,
HH_147,Person_387,male,33,30-34,Person_388,Person_388,,0,,Madrid
HH_147,Person_388,male,49,45-49,,,Person_389,1,,Fuenlabrada
HH_147,Person_389,male,48,45-49,,,Person_388,1,,Madrid
HH_148,Person_390,female,6,5-9,Person_394,,,0,,
HH_148,Person_391,male,13,10-14,Person_394,,,0,,
HH_148,Person_392,female,13,10-14,Person_394,,,0,,
HH_148,Person_393,female,10,10-14,Person_394,,,0,,
HH_148,Person_394,male,30,30-34,,,,4,,Madrid
HH_149,Person_395,female,19,15-19,Person_397,Person_397,,0,,Madrid
HH_149,Person_396,female,29,25-29,Person_397,Person_397,,0,,Fundación IMDEA Networks
HH_149,Person_397,female,57,55-59,,,Person_398,2,,Madrid
HH_149,Person_398,female,55,55-59,,,Person_397,2,,Fuenlabrada
HH_150,Person_399,female,47,45-49,Person_400,,,0,,Madrid
HH_150,Person_400,male,86,85-89,,,,1,,
HH_151,Person_401,female,22,20-24,,Person_404,,0,,Edificio Torres Quevedo
HH_151,Person_402,male,18,15-19,,Person_404,,0,,Madrid
HH_151,Person_403,female,8,5-9,,Person_404,,0,,
HH_151,Person_404,female,55,55-59,,,,3,,Madrid
HH_152,Person_405,male,31,30-34,,Person_406,,0,Honda,Madrid
HH_152,Person_406,female,65,65-69,,,,1,Honda,
HH_153,Person_407,male,42,40-44,,,,0,Fuenlabrada,
HH_154,Person_408,male,64,60-64,,,,0,Auditorio,Madrid
HH_154,Person_409,male,96,95-99,,,,0,Auditorio,
HH_155,Person_410,male,42,40-44,Person_411,Person_411,,0,,Madrid
HH_155,Person_411,female,70,70-74,,,Person_412,1,,
HH_155,Person_412,female,64,60-64,,,Person_411,1,,Madrid
HH_156,Person_413,male,18,15-19,Person_415,Person_415,,0,Madrid,
HH_156,Person_414,male,32,30-34,Person_415,Person_415,,0,Madrid,
HH_156,Person_415,female,71,70-74,,,Person_416,2,Madrid,
HH_156,Person_416,female,68,65-69,,,Person_415,2,Madrid,
HH_157,Person_417,female,45,45-49,,,,0,,Madrid
HH_157,Person_418,female,94,90-94,,,,0,,
HH_158,Person_419,male,49,45-49,,,,0,Madrid,
HH_159,Person_420,male,45,45-49,,,,0,,Madrid
HH_159,Person_421,female,32,30-34,,,,0,,Madrid
HH_160,Person_422,female,75,75-79,,,,0,,
HH_161,Person_423,female,14,10-14,Person_427,,,0,,
HH_161,Person_424,male,22,20-24,Person_427,,,0,,
HH_161,Person_425,male,19,15-19,Person_427,,,0,,Fundación IMDEA Networks
HH_161,Person_426,female,13,10-14,Person_427,,,0,,
HH_161,Person_427,male,55,55-59,,,,4,,
HH_162,Person_428,female,26,25-29,Person_429,Person_429,,0,,Madrid
HH_162,Person_429,male,67,65-69,,,Person_430,1,,
HH_162,Person_430,male,88,85-89,,,Person_429,1,,
HH_163,Person_431,male,5,5-9,Person_433,Person_433,,0,,
HH_163,Person_432,male,35,35-39,Person_433,Person_433,,0,,Alcorcon
HH_163,Person_433,male,52,50-54,,,Person_434,2,,
HH_163,Person_434,male,39,35-39,,,Person_433,2,,Madrid
HH_164,Person_435,female,18,15-19,Person_438,,,0,,Edificio Sabatini
HH_164,Person_436,male,25,25-29,Person_438,,,0,,Edificio Torres Quevedo
HH_164,Person_437,female,19,15-19,Person_438,,,0,,Hyundai Cars Corea
HH_164,Person_438,male,62,60-64,,,,3,,Madrid
HH_165,Person_439,female,78,75-79,,,,0,,
HH_165,Person_440,male,54,50-54,,,,0,,Getafe norte
HH_166,Person_441,male,57,55-59,,,,0,,Madrid
HH_167,Person_442,female,81,80-84,,,,0,,
HH_167,Person_443,male,83,80-84,,,,0,,
HH_168,Person_444,female,79,75-79,,,,0,,
HH_169,Person_445,female,41,40-44,,,,0,,Madrid
HH_170,Person_446,female,26,25-29,,,,0,Supeco,Edificio Juan Benet
HH_170,Person_447,male,41,40-44,,,,0,Supeco,Alcorcon
HH_171,Person_448,female,65,65-69,,,,0,,
HH_171,Person_449,male,57,55-59,,,,0,,Fuenlabrada
HH_172,Person_450,female,67,65-69,,,,0,,
HH_173,Person_451,female,54,50-54,,,,0,,Fuenlabrada
HH_174,Person_452,male,21,20-24,Person_454,Person_454,,0,,Madrid
HH_174,Person_453,female,27,25-29,Person_454,Person_454,,0,,Madrid
HH_174,Person_454,male,60,60-64,,,Person_455,2,,Madrid
HH_174,Person_455,male,58,55-59,,,Person_454,2,,
HH_175,Person_456,male,33,30-34,,,,0,,Getafe norte
HH_175,Person_457,male,54,50-54,,,,0,,Madrid
HH_176,Person_458,male,18,15-19,,,,0,,Madrid
HH_176,Person_459,male,51,50-54,,,,0,,Madrid
HH_177,Person_460,male,80,80-84,,,,0,Madrid,
HH_177,Person_461,female,61,60-64,,,,0,Madrid,
HH_178,Person_462,female,40,40-44,Person_463,Person_463,,0,Madrid,
HH_178,Person_463,female,55,55-59,,,Person_464,1,Madrid,
HH_178,Person_464,female,53,50-54,,,Person_463,1,Madrid,
HH_179,Person_465,female,20,20-24,Person_466,Person_466,,0,,
HH_179,Person_466,female,50,50-54,,,Person_467,1,,Madrid
HH_179,Person_467,female,52,50-54,,,Person_466,1,,
HH_180,Person_468,female,41,40-44,,,,0,,Madrid
HH_180,Person_469,female,26,25-29,,,,0,,Parque Científico de la Universidad Carlos III de Madrid
HH_180,Person_470,female,40,40-44,,,,0,,Getafe norte
HH_181,Person_471,male,54,50-54,,,,0,,
HH_182,Person_472,female,18,15-19,Person_475,,,0,Madrid,Fundación IMDEA Networks
HH_182,Person_473,male,24,20-24,Person_475,,,0,Madrid,
HH_182,Person_474,female,6,5-9,Person_475,,,0,Madrid,
HH_182,Person_475,male,54,50-54,,,,3,Madrid,
HH_183,Person_476,female,54,50-54,,,,0,,
HH_184,Person_477,male,15,15-19,Person_478,Person_478,,0,,
HH_184,Person_478,female,30,30-34,,,Person_479,1,,Edificio Juan Benet
HH_184,Person_479,female,38,35-39,,,Person_478,1,,Madrid
HH_185,Person_480,male,92,90-94,,,,0,Madrid,
HH_185,Person_481,female,97,95-99,,,,0,Madrid,
HH_186,Person_482,female,22,20-24,,,,0,,Madrid
HH_186,Person_483,female,44,40-44,,,,0,,Madrid
HH_187,Person_484,female,31,30-34,,Person_486,,0,Fuenlabrada,
HH_187,Person_485,female,35,35-39,,Person_486,,0,Fuenlabrada,
HH_187,Person_486,female,66,65-69,,,,2,Fuenlabrada,
HH_188,Person_487,male,72,70-74,,,,0,Mostoles,
HH_188,Person_488,male,45,45-49,,,,0,Mostoles,
HH_189,Person_489,female,57,55-59,,,,0,Getafe norte,
HH_190,Person_490,female,50,50-54,Person_491,,,0,,Madrid
HH_190,Person_491,male,90,90-94,,,,1,,
HH_191,Person_492,female,16,15-19,Person_493,Person_493,,0,Alcorcon,
HH_191,Person_493,male,56,55-59,,,Person_494,1,Alcorcon,
HH_191,Person_494,male,51,50-54,,,Person_493,1,Alcorcon,
HH_192,Person_495,female,73,70-74,,,,0,Madrid,
HH_193,Person_496,male,43,40-44,,Person_497,,0,,Madrid
HH_193,Person_497,female,73,70-74,,,,1,,
HH_194,Person_498,female,43,40-44,,,,0,,Madrid
HH_194,Person_499,female,80,80-84,,,,0,,
HH_195,Person_500,female,16,15-19,Person_501,Person_501,,0,Fuenlabrada,
HH_195,Person_501,female,57,55-59,,,Person_502,1,Fuenlabrada,
HH_195,Person_502,female,74,70-74,,,Person_501,1,Fuenlabrada,
HH_196,Person_503,male,98,95-99,,,,0,,
HH_196,Person_504,female,47,45-49,,,,0,,Madrid
HH_196,Person_505,female,62,60-64,,,,0,,Madrid
HH_196,Person_506,male,28,25-29,,,,0,,
HH_196,Person_507,female,89,85-89,,,,0,,
HH_197,Person_508,male,51,50-54,,,,0,Madrid,Cervezas La Cibeles
HH_198,Person_509,female,36,35-39,Person_510,Person_510,,0,,Madrid
HH_198,Person_510,male,66,65-69,,,Person_511,1,,
HH_198,Person_511,male,51,50-54,,,Person_510,1,,Alcorcon
HH_199,Person_512,female,60,60-64,,,,0,,Madrid
HH_199,Person_513,female,48,45-49,,,,0,,Madrid
HH_200,Person_514,female,42,40-44,,,,0,Alcorcon,
HH_201,Person_515,male,16,15-19,Person_516,Person_516,,0,,
HH_201,Person_516,male,42,40-44,,,Person_517,1,,Madrid
HH_201,Person_517,male,39,35-39,,,Person_516,1,,Madrid
HH_202,Person_518,male,22,20-24,Person_520,Person_520,,0,,
HH_202,Person_519,female,35,35-39,Person_520,Person_520,,0,,
HH_202,Person_520,male,60,60-64,,,Person_521,2,,Madrid
HH_202,Person_521,male,70,70-74,,,Person_520,2,,
HH_203,Person_522,female,11,10-14,Person_524,Person_524,,0,,
HH_203,Person_523,female,35,35-39,Person_524,Person_524,,0,,Madrid
HH_203,Person_524,female,76,75-79,,,Person_525,2,,
HH_203,Person_525,female,59,55-59,,,Person_524,2,,Madrid
HH_204,Person_526,male,89,85-89,,,,0,,
HH_204,Person_527,female,45,45-49,,,,0,,Madrid
HH_205,Person_528,female,16,15-19,Person_529,Person_529,,0,Madrid,
HH_205,Person_529,male,50,50-54,,,Person_530,1,Madrid,
HH_205,Person_530,male,53,50-54,,,Person_529,1,Madrid,
HH_206,Person_531,female,3,0-4,Person_533,Person_533,,0,,
HH_206,Person_532,female,27,25-29,Person_533,Person_533,,0,,Madrid
HH_206,Person_533,female,42,40-44,,,Person_534,2,,Madrid
HH_206,Person_534,female,33,30-34,,,Person_533,2,,Madrid
HH_207,Person_535,female,65,65-69,,,,0,Fuenlabrada,
HH_208,Person_536,male,22,20-24,Person_538,Person_538,,0,Madrid,Edificio Juan Benet
HH_208,Person_537,female,27,25-29,Person_538,Person_538,,0,Madrid,Edificio Sabatini
HH_208,Person_538,male,64,60-64,,,Person_539,2,Madrid,
HH_208,Person_539,male,78,75-79,,,Person_538,2,Madrid,
HH_209,Person_540,female,74,70-74,,,,0,,
HH_210,Person_541,female,23,20-24,Person_544,Person_544,,0,,Madrid
HH_210,Person_542,male,11,10-14,Person_544,Person_544,,0,,Edificio Octavio Paz
HH_210,Person_543,female,31,30-34,Person_544,Person_544,,0,,Madrid
HH_210,Person_544,male,63,60-64,,,Person_545,3,,Madrid
HH_210,Person_545,male,33,30-34,,,Person_544,3,,Madrid
HH_211,Person_546,male,62,60-64,,,,0,,Madrid
HH_212,Person_547,male,16,15-19,Person_550,Person_550,,0,,
HH_212,Person_548,male,24,20-24,Person_550,Person_550,,0,,
HH_212,Person_549,male,11,10-14,Person_550,Person_550,,0,,
HH_212,Person_550,female,58,55-59,,,Person_551,3,,Madrid
HH_212,Person_551,female,57,55-59,,,Person_550,3,,Madrid
HH_213,Person_552,male,24,20-24,Person_555,Person_555,,0,Madrid,Edificio Torres Quevedo
HH_213,Person_553,female,28,25-29,Person_555,Person_555,,0,Madrid,Fundación IMDEA Networks
HH_213,Person_554,male,3,0-4,Person_555,Person_555,,0,Madrid,Escuela Infantil Rosa Caramelo
HH_213,Person_555,male,43,40-44,,,Person_556,3,Madrid,
HH_213,Person_556,male,37,35-39,,,Person_555,3,Madrid,
HH_214,Person_557,male,75,75-79,,,,0,,
HH_214,Person_558,male,48,45-49,,,,0,,Madrid
HH_215,Person_559,male,25,25-29,Person_563,,,0,,Edificio Torres Quevedo
HH_215,Person_560,male,34,30-34,Person_563,,,0,,Madrid
HH_215,Person_561,female,9,5-9,Person_563,,,0,,guardería
HH_215,Person_562,female,14,10-14,Person_563,,,0,,
HH_215,Person_563,male,73,70-74,,,,4,,
HH_216,Person_564,male,82,80-84,,,,0,,
HH_217,Person_565,female,7,5-9,Person_568,Person_568,,0,,
HH_217,Person_566,female,0,0-4,Person_568,Person_568,,0,,
HH_217,Person_567,female,4,0-4,Person_568,Person_568,,0,,
HH_217,Person_568,female,39,35-39,,,Person_569,3,,Madrid
HH_217,Person_569,female,40,40-44,,,Person_568,3,,Madrid
HH_218,Person_570,female,63,60-64,,,,0,,Madrid
HH_218,Person_571,female,84,80-84,,,,0,,
HH_219,Person_572,female,54,50-54,,,,0,,Madrid
HH_219,Person_573,male,52,50-54,,,,0,,Madrid
HH_220,Person_574,female,83,80-84,,,,0,,
HH_220,Person_575,male,30,30-34,,,,0,,Madrid
HH_221,Person_576,female,25,25-29,Person_578,Person_578,,0,,
HH_221,Person_577,male,34,30-34,Person_578,Person_578,,0,,Madrid
HH_221,Person_578,male,71,70-74,,,Person_579,2,,
HH_221,Person_579,male,56,55-59,,,Person_578,2,,Madrid
HH_222,Person_580,female,18,15-19,Person_582,Person_582,,0,Fuenlabrada,
HH_222,Person_581,male,34,30-34,Person_582,Person_582,,0,Fuenlabrada,
HH_222,Person_582,female,50,50-54,,,Person_583,2,Fuenlabrada,
HH_222,Person_583,female,52,50-54,,,Person_582,2,Fuenlabrada,
HH_223,Person_584,female,73,70-74,,,,0,,
HH_224,Person_585,male,60,60-64,,,,0,Madrid,
HH_224,Person_586,female,18,15-19,,,,0,Madrid,Edificio Sabatini
HH_225,Person_587,male,7,5-9,Person_589,Person_589,,0,,
HH_225,Person_588,male,27,25-29,Person_589,Person_589,,0,,Alcorcon
HH_225,Person_589,female,61,60-64,,,Person_590,2,,Madrid
HH_225,Person_590,female,74,70-74,,,Person_589,2,,
HH_226,Person_591,female,63,60-64,,,,0,,Madrid
HH_226,Person_592,male,53,50-54,,,,0,,Madrid
HH_227,Person_593,male,3,0-4,,Person_596,,0,,
HH_227,Person_594,female,12,10-14,,Person_596,,0,,
HH_227,Person_595,male,11,10-14,,Person_596,,0,,
HH_227,Person_596,female,40,40-44,,,,3,,Getafe norte
HH_228,Person_597,male,35,35-39,,Person_598,,0,,Madrid
HH_228,Person_598,female,54,50-54,,,,1,,
HH_229,Person_599,female,26,25-29,Person_600,,,0,Madrid,
HH_229,Person_600,male,57,55-59,,,,1,Madrid,
HH_230,Person_601,male,75,75-79,,,,0,Getafe norte,
HH_230,Person_602,male,30,30-34,,,,0,Getafe norte,Edificio Torres Quevedo
HH_231,Person_603,male,16,15-19,Person_605,Person_605,,0,,
HH_231,Person_604,female,25,25-29,Person_605,Person_605,,0,,Edificio Torres Quevedo
HH_231,Person_605,male,53,50-54,,,Person_606,2,,Extremadura
HH_231,Person_606,male,47,45-49,,,Person_605,2,,
HH_232,Person_607,male,80,80-84,,,,0,,
HH_233,Person_608,male,8,5-9,Person_610,Person_610,,0,,
HH_233,Person_609,female,28,25-29,Person_610,Person_610,,0,,Fundación IMDEA Networks
HH_233,Person_610,female,69,65-69,,,Person_611,2,,
HH_233,Person_611,female,62,60-64,,,Person_610,2,,Madrid
HH_234,Person_612,female,31,30-34,Person_613,,,0,Madrid,
HH_234,Person_613,male,74,70-74,,,,1,Madrid,
HH_235,Person_614,male,31,30-34,,,,0,,Madrid
HH_236,Person_615,female,19,15-19,,Person_617,,0,,Madrid
HH_236,Person_616,male,1,0-4,,Person_617,,0,,
HH_236,Person_617,female,51,50-54,,,,2,,Centro de Salud María Montessori
HH_237,Person_618,male,41,40-44,,,,0,,Madrid
HH_237,Person_619,male,96,95-99,,,,0,,
HH_238,Person_620,female,98,95-99,,,,0,Madrid,
HH_238,Person_621,female,94,90-94,,,,0,Madrid,
HH_239,Person_622,male,16,15-19,Person_623,Person_623,,0,Madrid,
HH_239,Person_623,female,48,45-49,,,Person_624,1,Madrid,
HH_239,Person_624,female,39,35-39,,,Person_623,1,Madrid,
HH_240,Person_625,female,69,65-69,,,,0,,
HH_241,Person_626,male,16,15-19,Person_627,Person_627,,0,,guardería
HH_241,Person_627,male,48,45-49,,,Person_628,1,,Madrid
HH_241,Person_628,male,48,45-49,,,Person_627,1,,
HH_242,Person_629,female,25,25-29,Person_632,Person_632,,0,,Madrid
HH_242,Person_630,male,9,5-9,Person_632,Person_632,,0,,
HH_242,Person_631,female,28,25-29,Person_632,Person_632,,0,,
HH_242,Person_632,female,72,70-74,,,Person_633,3,,
HH_242,Person_633,female,99,95-99,,,Person_632,3,,
HH_243,Person_634,male,11,10-14,Person_636,Person_636,,0,Madrid,
HH_243,Person_635,female,30,30-34,Person_636,Person_636,,0,Madrid,Edificio Sabatini
HH_243,Person_636,male,55,55-59,,,Person_637,2,Madrid,
HH_243,Person_637,male,62,60-64,,,Person_636,2,Madrid,
HH_244,Person_638,female,16,15-19,,Person_640,,0,Madrid,
HH_244,Person_639,female,21,20-24,,Person_640,,0,Madrid,
HH_244,Person_640,female,39,35-39,,,,2,Madrid,
HH_245,Person_641,male,39,35-39,,,,0,Lidl,Madrid
HH_246,Person_642,male,20,20-24,Person_644,Person_644,,0,Getafe norte,
HH_246,Person_643,male,32,30-34,Person_644,Person_644,,0,Getafe norte,
HH_246,Person_644,female,70,70-74,,,Person_645,2,Getafe norte,
HH_246,Person_645,female,66,65-69,,,Person_644,2,Getafe norte,
HH_247,Person_646,female,12,10-14,,Person_647,,0,,
HH_247,Person_647,female,31,30-34,,,,1,,
HH_248,Person_648,female,82,80-84,,,,0,,
HH_248,Person_649,female,42,40-44,,,,0,,Alcorcon
HH_248,Person_650,male,43,40-44,,,,0,,
HH_249,Person_651,female,24,20-24,Person_653,Person_653,,0,,Madrid
HH_249,Person_652,male,34,30-34,Person_653,Person_653,,0,,Getafe norte
HH_249,Person_653,female,68,65-69,,,Person_654,2,,
HH_249,Person_654,female,88,85-89,,,Person_653,2,,
HH_250,Person_655,female,18,15-19,,,,0,,Edificio Agustín de Betancourt
HH_250,Person_656,female,28,25-29,,,,0,,Edificio Agustín de Betancourt
HH_251,Person_657,male,16,15-19,Person_659,Person_659,,0,,
HH_251,Person_658,male,35,35-39,Person_659,Person_659,,0,,Madrid
HH_251,Person_659,male,65,65-69,,,Person_660,2,,
HH_251,Person_660,male,55,55-59,,,Person_659,2,,Madrid
HH_252,Person_661,female,20,20-24,,Person_662,,0,,Biblioteca Rey Pastor
HH_252,Person_662,female,35,35-39,,,,1,,Madrid
HH_253,Person_663,male,85,85-89,,,,0,Fuenlabrada,
HH_253,Person_664,male,33,30-34,,,,0,Fuenlabrada,
HH_254,Person_665,male,18,15-19,,Person_669,,0,,Parque Científico de la Universidad Carlos III de Madrid
HH_254,Person_666,male,28,25-29,,Person_669,,0,,
HH_254,Person_667,male,0,0-4,,Person_669,,0,,
HH_254,Person_668,female,27,25-29,,Person_669,,0,,Getafe norte
HH_254,Person_669,female,62,60-64,,,,4,,
HH_255,Person_670,female,65,65-69,,,,0,Madrid,
HH_256,Person_671,male,29,25-29,Person_672,Person_672,,0,,
HH_256,Person_672,male,58,55-59,,,Person_673,1,,
HH_256,Person_673,male,57,55-59,,,Person_672,1,,Madrid
HH_257,Person_674,male,60,60-64,,,,0,Mostoles,
HH_258,Person_675,female,40,40-44,Person_676,,,0,,
HH_258,Person_676,male,69,65-69,,,,1,,
HH_259,Person_677,female,87,85-89,Person_679,Person_679,,0,,
HH_259,Person_678,male,27,25-29,Person_679,Person_679,,0,,Parque Científico de la Universidad Carlos III de Madrid
HH_259,Person_679,female,109,100-120,,,Person_680,2,,
HH_259,Person_680,female,61,60-64,,,Person_679,2,,Madrid
HH_260,Person_681,female,19,15-19,,Person_684,,0,,Edificio Torres Quevedo
HH_260,Person_682,female,10,10-14,,Person_684,,0,,
HH_260,Person_683,male,10,10-14,,Person_684,,0,,
HH_260,Person_684,female,38,35-39,,,,3,,Madrid
HH_261,Person_685,female,53,50-54,,,,0,Mostoles,
HH_261,Person_686,male,47,45-49,,,,0,Mostoles,
HH_262,Person_687,female,4,0-4,,Person_689,,0,,
HH_262,Person_688,male,10,10-14,,Person_689,,0,,
HH_262,Person_689,female,26,25-29,,,,2,,Madrid
HH_263,Person_690,male,3,0-4,,Person_692,,0,,
HH_263,Person_691,male,13,10-14,,Person_692,,0,,
HH_263,Person_692,female,40,40-44,,,,2,,Madrid
HH_264,Person_693,female,40,40-44,,,,0,,
HH_265,Person_694,female,66,65-69,,,,0,,
HH_265,Person_695,male,66,65-69,,,,0,,
HH_266,Person_696,female,14,10-14,Person_697,Person_697,,0,,
HH_266,Person_697,male,32,30-34,,,Person_698,1,,
HH_266,Person_698,male,23,20-24,,,Person_697,1,,Madrid
HH_267,Person_699,female,29,25-29,Person_700,,,0,Fuenlabrada,Edificio Juan Benet
HH_267,Person_700,male,59,55-59,,,,1,Fuenlabrada,
HH_268,Person_701,female,51,50-54,,,,0,Aurgi,Madrid
HH_269,Person_702,male,25,25-29,Person_704,Person_704,,0,,
HH_269,Person_703,female,31,30-34,Person_704,Person_704,,0,,Madrid
HH_269,Person_704,female,58,55-59,,,Person_705,2,,Fuenlabrada
HH_269,Person_705,female,59,55-59,,,Person_704,2,,Madrid
HH_270,Person_706,male,35,35-39,,,,0,,Getafe norte
HH_271,Person_707,female,96,95-99,,,,0,,
HH_271,Person_708,female,38,35-39,,,,0,,
HH_272,Person_709,male,48,45-49,Person_711,Person_711,,0,,
HH_272,Person_710,male,33,30-34,Person_711,Person_711,,0,,
HH_272,Person_711,female,80,80-84,,,Person_712,2,,
HH_272,Person_712,female,62,60-64,,,Person_711,2,,Alcorcon
HH_273,Person_713,female,65,65-69,,,,0,,
HH_274,Person_714,female,46,45-49,,,,0,,Madrid
HH_275,Person_715,male,63,60-64,,,,0,Fuenlabrada,
HH_275,Person_716,female,86,85-89,,,,0,Fuenlabrada,
HH_276,Person_717,male,37,35-39,,,,0,Alcorcon,
HH_276,Person_718,female,48,45-49,,,,0,Alcorcon,
HH_277,Person_719,male,65,65-69,,,,0,,
HH_278,Person_720,male,19,15-19,,,,0,Madrid,Parque Científico de la Universidad Carlos III de Madrid
HH_279,Person_721,male,27,25-29,,,,0,,
HH_279,Person_722,male,71,70-74,,,,0,,
HH_280,Person_723,male,20,20-24,,,,0,,Edificio Torres Quevedo
HH_281,Person_724,male,67,65-69,,,,0,,
HH_282,Person_725,female,60,60-64,,,,0,Fuenlabrada,
HH_282,Person_726,female,19,15-19,,,,0,Fuenlabrada,Parque Científico de la Universidad Carlos III de Madrid
HH_282,Person_727,male,80,80-84,,,,0,Fuenlabrada,
HH_282,Person_728,male,26,25-29,,,,0,Fuenlabrada,
HH_283,Person_729,female,72,70-74,,,,0,,
HH_284,Person_730,female,16,15-19,Person_731,Person_731,,0,,
HH_284,Person_731,male,47,45-49,,,Person_732,1,,Madrid
HH_284,Person_732,male,48,45-49,,,Person_731,1,,Madrid
HH_285,Person_733,female,42,40-44,,,,0,,Madrid
HH_286,Person_734,female,45,45-49,,,,0,Fuenlabrada,Pabellón Europa
HH_286,Person_735,female,58,55-59,,,,0,Fuenlabrada,
HH_287,Person_736,female,22,20-24,Person_738,Person_738,,0,Madrid,
HH_287,Person_737,male,32,30-34,Person_738,Person_738,,0,Madrid,
HH_287,Person_738,female,63,60-64,,,Person_739,2,Madrid,
HH_287,Person_739,female,64,60-64,,,Person_738,2,Madrid,
HH_288,Person_740,female,94,90-94,,,,0,,
HH_289,Person_741,female,68,65-69,,,,0,,
HH_289,Person_742,female,88,85-89,,,,0,,
HH_290,Person_743,male,26,25-29,,,,0,,
HH_291,Person_744,male,26,25-29,Person_745,Person_745,,0,Madrid,
HH_291,Person_745,male,45,45-49,,,Person_746,1,Madrid,
HH_291,Person_746,male,52,50-54,,,Person_745,1,Madrid,
HH_292,Person_747,male,8,5-9,Person_749,Person_749,,0,,
HH_292,Person_748,male,33,30-34,Person_749,Person_749,,0,,Madrid
HH_292,Person_749,female,49,45-49,,,Person_750,2,,Madrid
HH_292,Person_750,female,36,35-39,,,Person_749,2,,Madrid
HH_293,Person_751,male,53,50-54,,,,0,Fuenlabrada,Edificio Torres Quevedo
HH_294,Person_752,male,71,70-74,,,,0,,
HH_295,Person_753,female,4,0-4,Person_754,Person_754,,0,,Escuela Infantil Rosa Caramelo
HH_295,Person_754,male,33,30-34,,,Person_755,1,,Madrid
HH_295,Person_755,male,29,25-29,,,Person_754,1,,Edificio Juan Benet
HH_296,Person_756,female,0,0-4,Person_759,,,0,,
HH_296,Person_757,female,6,5-9,Person_759,,,0,,
HH_296,Person_758,female,10,10-14,Person_759,,,0,,
HH_296,Person_759,male,52,50-54,,,,3,,Mostoles
HH_297,Person_760,female,62,60-64,,,,0,,Madrid
HH_297,Person_761,male,78,75-79,,,,0,,
HH_297,Person_762,female,70,70-74,,,,0,,
HH_298,Person_763,male,20,20-24,Person_765,,,0,,Edificio Torres Quevedo
HH_298,Person_764,male,6,5-9,Person_765,,,0,,
HH_298,Person_765,male,54,50-54,,,,2,,Madrid
HH_299,Person_766,female,72,70-74,,,,0,Mostoles,
HH_299,Person_767,female,85,85-89,,,,0,Mostoles,
HH_300,Person_768,female,45,45-49,,,,0,Madrid,
HH_300,Person_769,male,39,35-39,,,,0,Madrid,
HH_301,Person_770,female,34,30-34,,,,0,Mostoles,
HH_302,Person_771,female,65,65-69,,,,0,,
HH_303,Person_772,female,94,90-94,,,,0,Alcorcon,
HH_303,Person_773,female,72,70-74,,,,0,Alcorcon,
HH_303,Person_774,female,83,80-84,,,,0,Alcorcon,
HH_304,Person_775,male,30,30-34,Person_776,Person_776,,0,,
HH_304,Person_776,female,63,60-64,,,Person_777,1,,Getafe norte
HH_304,Person_777,female,68,65-69,,,Person_776,1,,
HH_305,Person_778,female,34,30-34,,,,0,Mercadona,Madrid
HH_306,Person_779,male,68,65-69,,,,0,,
HH_306,Person_780,male,74,70-74,,,,0,,
HH_307,Person_781,female,5,5-9,Person_782,,,0,,
HH_307,Person_782,male,41,40-44,,,,1,,Madrid
HH_308,Person_783,male,19,15-19,,Person_784,,0,,Edificio Torres Quevedo
HH_308,Person_784,female,46,45-49,,,,1,,Fuenlabrada
HH_309,Person_785,female,10,10-14,,Person_786,,0,,Escuela Infantil El Romancero
HH_309,Person_786,female,39,35-39,,,,1,,Madrid
HH_310,Person_787,female,18,15-19,,Person_788,,0,,Fundación IMDEA Networks
HH_310,Person_788,female,43,40-44,,,,1,,
HH_311,Person_789,male,97,95-99,,,,0,,
HH_311,Person_790,male,30,30-34,,,,0,,
HH_312,Person_791,female,26,25-29,Person_792,Person_792,,0,,Getafe norte
HH_312,Person_792,male,65,65-69,,,Person_793,1,,
HH_312,Person_793,male,52,50-54,,,Person_792,1,,Extremadura
HH_313,Person_794,male,25,25-29,Person_795,Person_795,,0,Madrid,
HH_313,Person_795,male,59,55-59,,,Person_796,1,Madrid,
HH_313,Person_796,male,54,50-54,,,Person_795,1,Madrid,
HH_314,Person_797,female,5,5-9,Person_799,Person_799,,0,,Escuela Infantil Rosa Caramelo
HH_314,Person_798,male,28,25-29,Person_799,Person_799,,0,,
HH_314,Person_799,female,54,50-54,,,Person_800,2,,Madrid
HH_314,Person_800,female,37,35-39,,,Person_799,2,,Madrid
HH_315,Person_801,male,33,30-34,Person_803,Person_803,,0,,Alcorcon
HH_315,Person_802,male,30,30-34,Person_803,Person_803,,0,,Edificio Sabatini
HH_315,Person_803,female,56,55-59,,,Person_804,2,,Madrid
HH_315,Person_804,female,83,80-84,,,Person_803,2,,
HH_316,Person_805,male,35,35-39,Person_806,Person_806,,0,Fuenlabrada,Royne
HH_316,Person_806,female,71,70-74,,,Person_807,1,Fuenlabrada,
HH_316,Person_807,female,70,70-74,,,Person_806,1,Fuenlabrada,
HH_317,Person_808,female,69,65-69,,,,0,Madrid,
HH_318,Person_809,male,86,85-89,,,,0,,
HH_318,Person_810,male,55,55-59,,,,0,,Madrid
HH_319,Person_811,female,30,30-34,Person_812,Person_812,,0,,
HH_319,Person_812,female,58,55-59,,,Person_813,1,,Madrid
HH_319,Person_813,female,79,75-79,,,Person_812,1,,
HH_320,Person_814,male,3,0-4,Person_816,,,0,,
HH_320,Person_815,female,0,0-4,Person_816,,,0,,
HH_320,Person_816,male,44,40-44,,,,2,,
HH_321,Person_817,male,20,20-24,Person_819,Person_819,,0,,Unidad de Rehabiltación
HH_321,Person_818,female,35,35-39,Person_819,Person_819,,0,,Fuenlabrada
HH_321,Person_819,male,69,65-69,,,Person_820,2,,
HH_321,Person_820,male,56,55-59,,,Person_819,2,,Madrid
HH_322,Person_821,female,40,40-44,,,,0,,Madrid
HH_323,Person_822,male,70,70-74,,,,0,,
HH_323,Person_823,male,90,90-94,,,,0,,
HH_324,Person_824,female,8,5-9,Person_825,Person_825,,0,,
HH_324,Person_825,male,38,35-39,,,Person_826,1,,
HH_324,Person_826,male,37,35-39,,,Person_825,1,,Madrid
HH_325,Person_827,female,53,50-54,,,,0,,Madrid
HH_326,Person_828,male,72,70-74,,,,0,Madrid,
HH_326,Person_829,male,19,15-19,,,,0,Madrid,
HH_327,Person_830,male,42,40-44,,,,0,Madrid,
HH_327,Person_831,male,90,90-94,,,,0,Madrid,
HH_328,Person_832,male,65,65-69,,,,0,,
HH_329,Person_833,female,19,15-19,Person_835,Person_835,,0,,Biblioteca Rey Pastor
HH_329,Person_834,male,34,30-34,Person_835,Person_835,,0,,Madrid
HH_329,Person_835,female,64,60-64,,,Person_836,2,,Madrid
HH_329,Person_836,female,78,75-79,,,Person_835,2,,
HH_330,Person_837,male,21,20-24,Person_838,Person_838,,0,,
HH_330,Person_838,female,50,50-54,,,Person_839,1,,Madrid
HH_330,Person_839,female,48,45-49,,,Person_838,1,,Madrid
HH_331,Person_840,male,25,25-29,Person_841,Person_841,,0,,
HH_331,Person_841,male,68,65-69,,,Person_842,1,,
HH_331,Person_842,male,60,60-64,,,Person_841,1,,Alcorcon
HH_332,Person_843,female,37,35-39,Person_844,Person_844,,0,,Madrid
HH_332,Person_844,male,62,60-64,,,Person_845,1,,Getafe norte
HH_332,Person_845,male,60,60-64,,,Person_844,1,,
HH_333,Person_846,female,79,75-79,,,,0,,
HH_333,Person_847,male,43,40-44,,,,0,,Madrid
HH_334,Person_848,female,80,80-84,,,,0,Madrid,
HH_335,Person_849,male,11,10-14,Person_850,Person_850,,0,,
HH_335,Person_850,male,48,45-49,,,Person_851,1,,Alcorcon
HH_335,Person_851,male,32,30-34,,,Person_850,1,,Madrid
HH_336,Person_852,female,20,20-24,Person_854,Person_854,,0,,Madrid
HH_336,Person_853,female,31,30-34,Person_854,Person_854,,0,,
HH_336,Person_854,male,62,60-64,,,Person_855,2,,Madrid
HH_336,Person_855,male,53,50-54,,,Person_854,2,,
HH_337,Person_856,male,30,30-34,Person_857,Person_857,,0,,Edificio Agustín de Betancourt
HH_337,Person_857,male,57,55-59,,,Person_858,1,,Madrid
HH_337,Person_858,male,49,45-49,,,Person_857,1,,Madrid
HH_338,Person_859,female,74,70-74,,,,0,,
HH_339,Person_860,female,95,95-99,,,,0,,
HH_339,Person_861,male,73,70-74,,,,0,,
HH_340,Person_862,female,15,15-19,Person_864,Person_864,,0,Madrid,
HH_340,Person_863,female,32,30-34,Person_864,Person_864,,0,Madrid,BricoMart Leganés
HH_340,Person_864,male,51,50-54,,,Person_865,2,Madrid,
HH_340,Person_865,male,52,50-54,,,Person_864,2,Madrid,Logifrio
HH_341,Person_866,female,5,5-9,,Person_870,,0,,
HH_341,Person_867,female,10,10-14,,Person_870,,0,,
HH_341,Person_868,female,4,0-4,,Person_870,,0,,Escuela Infantil Rosa Caramelo
HH_341,Person_869,female,2,0-4,,Person_870,,0,,
HH_341,Person_870,female,45,45-49,,,,4,,Madrid
HH_342,Person_871,female,11,10-14,Person_873,Person_873,,0,,
HH_342,Person_872,female,29,25-29,Person_873,Person_873,,0,,Edificio Sabatini
HH_342,Person_873,female,54,50-54,,,Person_874,2,,Fuenlabrada
HH_342,Person_874,female,45,45-49,,,Person_873,2,,Alcorcon
HH_343,Person_875,female,34,30-34,,,,0,Alcorcon,
HH_343,Person_876,female,41,40-44,,,,0,Alcorcon,
HH_344,Person_877,male,89,85-89,,,,0,,
HH_344,Person_878,female,88,85-89,,,,0,,
HH_345,Person_879,male,47,45-49,,,,0,,
HH_346,Person_880,female,24,20-24,,Person_882,,0,,
HH_346,Person_881,female,7,5-9,,Person_882,,0,,
HH_346,Person_882,female,64,60-64,,,,2,,Madrid
HH_347,Person_883,female,13,10-14,Person_885,Person_885,,0,Fuenlabrada,
HH_347,Person_884,female,35,35-39,Person_885,Person_885,,0,Fuenlabrada,
HH_347,Person_885,female,65,65-69,,,Person_886,2,Fuenlabrada,
HH_347,Person_886,female,75,75-79,,,Person_885,2,Fuenlabrada,
HH_348,Person_887,male,33,30-34,Person_888,Person_888,,0,,Madrid
HH_348,Person_888,female,76,75-79,,,Person_889,1,,
HH_348,Person_889,female,73,70-74,,,Person_888,1,,
HH_349,Person_890,female,16,15-19,Person_891,Person_891,,0,Alcorcon,
HH_349,Person_891,male,44,40-44,,,Person_892,1,Alcorcon,
HH_349,Person_892,male,41,40-44,,,Person_891,1,Alcorcon,
HH_350,Person_893,female,28,25-29,,Person_894,,0,,Madrid
HH_350,Person_894,female,62,60-64,,,,1,,Madrid
HH_351,Person_895,male,24,20-24,,,,0,,Madrid
HH_352,Person_896,female,58,55-59,,,,0,,Madrid
HH_352,Person_897,female,75,75-79,,,,0,,
HH_353,Person_898,male,26,25-29,Person_899,Person_899,,0,,Madrid
HH_353,Person_899,male,42,40-44,,,Person_900,1,,Madrid
HH_353,Person_900,male,40,40-44,,,Person_899,1,,
HH_354,Person_901,female,26,25-29,,,,0,,
HH_354,Person_902,male,58,55-59,,,,0,,Madrid
HH_354,Person_903,female,70,70-74,,,,0,,
HH_354,Person_904,male,95,95-99,,,,0,,
HH_355,Person_905,female,3,0-4,Person_907,Person_907,,0,Madrid,
HH_355,Person_906,male,27,25-29,Person_907,Person_907,,0,Madrid,
HH_355,Person_907,female,55,55-59,,,Person_908,2,Madrid,
HH_355,Person_908,female,55,55-59,,,Person_907,2,Madrid,
HH_356,Person_909,male,2,0-4,Person_910,Person_910,,0,,
HH_356,Person_910,female,35,35-39,,,Person_911,1,,Madrid
HH_356,Person_911,female,37,35-39,,,Person_910,1,,Madrid
HH_357,Person_912,male,41,40-44,,,,0,Madrid,
HH_357,Person_913,female,77,75-79,,,,0,Madrid,
HH_357,Person_914,female,98,95-99,,,,0,Madrid,
HH_358,Person_915,female,76,75-79,,,,0,Fuenlabrada,
HH_359,Person_916,male,72,70-74,,,,0,Madrid,
HH_360,Person_917,female,88,85-89,,,,0,,
HH_360,Person_918,male,66,65-69,,,,0,,
HH_361,Person_919,female,14,10-14,Person_923,,,0,,
HH_361,Person_920,female,9,5-9,Person_923,,,0,,
HH_361,Person_921,female,9,5-9,Person_923,,,0,,
HH_361,Person_922,female,7,5-9,Person_923,,,0,,
HH_361,Person_923,male,50,50-54,,,,4,,Fuenlabrada
HH_362,Person_924,male,3,0-4,,Person_925,,0,,
HH_362,Person_925,female,36,35-39,,,,1,,
HH_363,Person_926,male,52,50-54,,,,0,,Fuenlabrada
HH_364,Person_927,male,29,25-29,,,,0,,Madrid
HH_365,Person_928,male,43,40-44,,,,0,Madrid,
HH_365,Person_929,male,89,85-89,,,,0,Madrid,
HH_365,Person_930,male,26,25-29,,,,0,Madrid,
HH_366,Person_931,male,8,5-9,Person_933,Person_933,,0,,Escuela Infantil El Romancero
HH_366,Person_932,female,30,30-34,Person_933,Person_933,,0,,Madrid
HH_366,Person_933,male,74,70-74,,,Person_934,2,,
HH_366,Person_934,male,49,45-49,,,Person_933,2,,Madrid
HH_367,Person_935,female,62,60-64,,,,0,Tienda Tienda,Madrid
HH_368,Person_936,male,25,25-29,,,,0,,Madrid
HH_368,Person_937,female,76,75-79,,,,0,,
HH_368,Person_938,male,62,60-64,,,,0,,Madrid
HH_369,Person_939,male,66,65-69,,,,0,,
HH_369,Person_940,female,47,45-49,,,,0,,Madrid
HH_370,Person_941,female,15,15-19,Person_943,Person_943,,0,,
HH_370,Person_942,male,30,30-34,Person_943,Person_943,,0,,Biblioteca Rey Pastor
HH_370,Person_943,male,57,55-59,,,Person_944,2,,Fuenlabrada
HH_370,Person_944,male,51,50-54,,,Person_943,2,,
HH_371,Person_945,male,6,5-9,Person_948,,,0,,
HH_371,Person_946,female,6,5-9,Person_948,,,0,,
HH_371,Person_947,male,11,10-14,Person_948,,,0,,
HH_371,Person_948,male,55,55-59,,,,3,,Madrid
HH_372,Person_949,female,21,20-24,Person_951,Person_951,,0,Madrid,
HH_372,Person_950,male,32,30-34,Person_951,Person_951,,0,Madrid,
HH_372,Person_951,male,62,60-64,,,Person_952,2,Madrid,
HH_372,Person_952,male,82,80-84,,,Person_951,2,Madrid,
HH_373,Person_953,male,60,60-64,,,,0,Madrid,
HH_373,Person_954,female,83,80-84,,,,0,Madrid,
HH_374,Person_955,male,25,25-29,,,,0,Madrid,
HH_374,Person_956,male,99,95-99,,,,0,Madrid,
HH_375,Person_957,male,25,25-29,Person_959,Person_959,,0,,Madrid
HH_375,Person_958,male,26,25-29,Person_959,Person_959,,0,,
HH_375,Person_959,female,64,60-64,,,Person_960,2,,Madrid
HH_375,Person_960,female,71,70-74,,,Person_959,2,,
HH_376,Person_961,male,6,5-9,Person_964,,,0,Getafe norte,
HH_376,Person_962,female,1,0-4,Person_964,,,0,Getafe norte,
HH_376,Person_963,male,1,0-4,Person_964,,,0,Getafe norte,Escuela Infantil Rosa Caramelo
HH_376,Person_964,male,50,50-54,,,,3,Getafe norte,
HH_377,Person_965,male,65,65-69,,,,0,,
HH_378,Person_966,male,29,25-29,Person_968,,,0,,Getafe norte
HH_378,Person_967,male,34,30-34,Person_968,,,0,,
HH_378,Person_968,male,66,65-69,,,,2,,
HH_379,Person_969,female,47,45-49,,,,0,,Madrid
HH_380,Person_970,male,91,90-94,,,,0,,
HH_380,Person_971,female,18,15-19,,,,0,,Edificio Agustín de Betancourt
HH_381,Person_972,female,29,25-29,Person_973,,,0,,Getafe norte
HH_381,Person_973,male,57,55-59,,,,1,,Madrid
HH_382,Person_974,female,79,75-79,,,,0,,
HH_383,Person_975,male,22,20-24,,Person_977,,0,Madrid,
HH_383,Person_976,male,18,15-19,,Person_977,,0,Madrid,Biblioteca Rey Pastor
HH_383,Person_977,female,62,60-64,,,,2,Madrid,
HH_384,Person_978,male,74,70-74,,,,0,,
HH_384,Person_979,female,98,95-99,,,,0,,
HH_385,Person_980,male,18,15-19,Person_982,Person_982,,0,,Alcorcon
HH_385,Person_981,female,27,25-29,Person_982,Person_982,,0,,Madrid
HH_385,Person_982,male,52,50-54,,,Person_983,2,,Madrid
HH_385,Person_983,male,46,45-49,,,Person_982,2,,Getafe norte
HH_386,Person_984,male,51,50-54,Person_985,,,0,Madrid,
HH_386,Person_985,male,67,65-69,,,,1,Madrid,
HH_387,Person_986,female,20,20-24,Person_987,Person_987,,0,,Edificio Agustín de Betancourt
HH_387,Person_987,female,51,50-54,,,Person_988,1,,Alcorcon
HH_387,Person_988,female,56,55-59,,,Person_987,1,,
HH_388,Person_989,male,82,80-84,,,,0,,
HH_388,Person_990,female,59,55-59,,,,0,,Madrid
HH_389,Person_991,male,90,90-94,,,,0,,
HH_389,Person_992,male,79,75-79,,,,0,,
HH_390,Person_993,male,6,5-9,,Person_996,,0,,
HH_390,Person_994,male,14,10-14,,Person_996,,0,,
HH_390,Person_995,female,12,10-14,,Person_996,,0,,
HH_390,Person_996,female,57,55-59,,,,3,,Madrid
HH_391,Person_997,female,43,40-44,Person_998,Person_998,,0,,
HH_391,Person_998,male,85,85-89,,,Person_999,1,,
HH_391,Person_999,male,71,70-74,,,Person_998,1,,
HH_392,Person_1000,male,67,65-69,,,,0,,
HH_392,Person_1001,male,47,45-49,,,,0,,Madrid
HH_393,Person_1002,male,33,30-34,Person_1003,Person_1003,,0,,Madrid
HH_393,Person_1003,male,79,75-79,,,Person_1004,1,,
HH_393,Person_1004,male,59,55-59,,,Person_1003,1,,
HH_394,Person_1005,male,4,0-4,Person_1007,Person_1007,,0,McFit,Escuela Infantil Rosa Caramelo
HH_394,Person_1006,female,35,35-39,Person_1007,Person_1007,,0,McFit,Getafe norte
HH_394,Person_1007,male,71,70-74,,,Person_1008,2,McFit,
HH_394,Person_1008,male,56,55-59,,,Person_1007,2,McFit,Madrid
HH_395,Person_1009,female,48,45-49,,,,0,Fuenlabrada,
HH_395,Person_1010,male,65,65-69,,,,0,Fuenlabrada,
HH_396,Person_1011,female,11,10-14,,Person_1015,,0,,
HH_396,Person_1012,female,12,10-14,,Person_1015,,0,,
HH_396,Person_1013,male,19,15-19,,Person_1015,,0,,Madrid
HH_396,Person_1014,female,20,20-24,,Person_1015,,0,,
HH_396,Person_1015,female,64,60-64,,,,4,,Madrid
HH_397,Person_1016,female,1,0-4,Person_1018,Person_1018,,0,,
HH_397,Person_1017,male,33,30-34,Person_1018,Person_1018,,0,,Madrid
HH_397,Person_1018,female,65,65-69,,,Person_1019,2,,
HH_397,Person_1019,female,63,60-64,,,Person_1018,2,,Fuenlabrada
HH_398,Person_1020,female,22,20-24,,,,0,,Madrid
HH_399,Person_1021,male,75,75-79,,,,0,,
HH_399,Person_1022,male,89,85-89,,,,0,,
HH_400,Person_1023,female,27,25-29,,,,0,,
HH_401,Person_1024,male,13,10-14,Person_1025,Person_1025,,0,Madrid,
HH_401,Person_1025,female,45,45-49,,,Person_1026,1,Madrid,Espaço Casa
HH_401,Person_1026,female,45,45-49,,,Person_1025,1,Madrid,
HH_402,Person_1027,male,48,45-49,,,,0,Madrid,
HH_403,Person_1028,male,7,5-9,Person_1030,,,0,Getafe norte,
HH_403,Person_1029,female,10,10-14,Person_1030,,,0,Getafe norte,
HH_403,Person_1030,male,45,45-49,,,,2,Getafe norte,
HH_404,Person_1031,female,39,35-39,,,,0,Fuenlabrada,
HH_404,Person_1032,male,49,45-49,,,,0,Fuenlabrada,
HH_405,Person_1033,male,3,0-4,Person_1034,Person_1034,,0,Mostoles,
HH_405,Person_1034,male,32,30-34,,,Person_1035,1,Mostoles,
HH_405,Person_1035,male,27,25-29,,,Person_1034,1,Mostoles,
HH_406,Person_1036,male,11,10-14,Person_1037,Person_1037,,0,,
HH_406,Person_1037,male,37,35-39,,,Person_1038,1,,Madrid
HH_406,Person_1038,male,30,30-34,,,Person_1037,1,,Fundación IMDEA Networks
HH_407,Person_1039,female,37,35-39,,,,0,,Madrid
HH_407,Person_1040,male,49,45-49,,,,0,,Madrid
HH_408,Person_1041,female,17,15-19,Person_1042,Person_1042,,0,,
HH_408,Person_1042,male,51,50-54,,,Person_1043,1,,Madrid
HH_408,Person_1043,male,42,40-44,,,Person_1042,1,,Madrid
HH_409,Person_1044,male,20,20-24,Person_1046,Person_1046,,0,,Edificio Sabatini
HH_409,Person_1045,male,35,35-39,Person_1046,Person_1046,,0,,Madrid
HH_409,Person_1046,female,71,70-74,,,Person_1047,2,,
HH_409,Person_1047,female,78,75-79,,,Person_1046,2,,
HH_410,Person_1048,female,76,75-79,,,,0,,
HH_410,Person_1049,female,61,60-64,,,,0,,Madrid
HH_411,Person_1050,male,77,75-79,,,,0,,
HH_411,Person_1051,female,65,65-69,,,,0,,
HH_412,Person_1052,male,65,65-69,,,,0,,
HH_413,Person_1053,male,16,15-19,Person_1055,Person_1055,,0,,
HH_413,Person_1054,male,34,30-34,Person_1055,Person_1055,,0,,Madrid
HH_413,Person_1055,male,60,60-64,,,Person_1056,2,,Getafe norte
HH_413,Person_1056,male,57,55-59,,,Person_1055,2,,Madrid
HH_414,Person_1057,female,14,10-14,Person_1059,Person_1059,,0,,
HH_414,Person_1058,male,26,25-29,Person_1059,Person_1059,,0,,
HH_414,Person_1059,male,54,50-54,,,Person_1060,2,,Fuenlabrada
HH_414,Person_1060,male,51,50-54,,,Person_1059,2,,Madrid
HH_415,Person_1061,male,13,10-14,Person_1063,Person_1063,,0,,
HH_415,Person_1062,male,30,30-34,Person_1063,Person_1063,,0,,Madrid
HH_415,Person_1063,female,58,55-59,,,Person_1064,2,,Madrid
HH_415,Person_1064,female,52,50-54,,,Person_1063,2,,Madrid
HH_416,Person_1065,male,49,45-49,,,,0,,Madrid
HH_416,Person_1066,female,43,40-44,,,,0,,Madrid
HH_417,Person_1067,male,20,20-24,Person_1069,Person_1069,,0,Madrid,Edificio Torres Quevedo
HH_417,Person_1068,female,35,35-39,Person_1069,Person_1069,,0,Madrid,
HH_417,Person_1069,male,76,75-79,,,Person_1070,2,Madrid,
HH_417,Person_1070,male,51,50-54,,,Person_1069,2,Madrid,
HH_418,Person_1071,female,8,5-9,Person_1073,,,0,,
HH_418,Person_1072,female,17,15-19,Person_1073,,,0,,
HH_418,Person_1073,male,50,50-54,,,,2,,Alcorcon
HH_419,Person_1074,male,3,0-4,Person_1076,Person_1076,,0,Madrid,
HH_419,Person_1075,female,31,30-34,Person_1076,Person_1076,,0,Madrid,
HH_419,Person_1076,female,71,70-74,,,Person_1077,2,Madrid,
HH_419,Person_1077,female,91,90-94,,,Person_1076,2,Madrid,
HH_420,Person_1078,female,17,15-19,,Person_1079,,0,Fuenlabrada,
HH_420,Person_1079,female,36,35-39,,,,1,Fuenlabrada,
HH_421,Person_1080,female,77,75-79,,,,0,JYSK,
HH_421,Person_1081,female,45,45-49,,,,0,JYSK,
HH_422,Person_1082,male,34,30-34,,Person_1083,,0,Getafe norte,
HH_422,Person_1083,female,61,60-64,,,,1,Getafe norte,
HH_423,Person_1084,female,62,60-64,,,,0,Getafe norte,
HH_424,Person_1085,female,63,60-64,,,,0,Mostoles,FREMAP Leganés
HH_425,Person_1086,male,11,10-14,,Person_1087,,0,,
HH_425,Person_1087,female,40,40-44,,,,1,,Madrid
HH_426,Person_1088,male,26,25-29,Person_1089,Person_1089,,0,,
HH_426,Person_1089,female,54,50-54,,,Person_1090,1,,Madrid
HH_426,Person_1090,female,69,65-69,,,Person_1089,1,,
HH_427,Person_1091,female,81,80-84,,,,0,,
HH_427,Person_1092,female,69,65-69,,,,0,,
HH_428,Person_1093,female,15,15-19,,Person_1097,,0,Fuenlabrada,
HH_428,Person_1094,female,18,15-19,,Person_1097,,0,Fuenlabrada,Edificio Agustín de Betancourt
HH_428,Person_1095,male,18,15-19,,Person_1097,,0,Fuenlabrada,
HH_428,Person_1096,female,11,10-14,,Person_1097,,0,Fuenlabrada,
HH_428,Person_1097,female,46,45-49,,,,4,Fuenlabrada,
HH_429,Person_1098,male,3,0-4,Person_1100,,,0,,
HH_429,Person_1099,male,0,0-4,Person_1100,,,0,,
HH_429,Person_1100,male,31,30-34,,,,2,,Madrid
HH_430,Person_1101,male,24,20-24,Person_1103,Person_1103,,0,Getafe norte,
HH_430,Person_1102,male,33,30-34,Person_1103,Person_1103,,0,Getafe norte,
HH_430,Person_1103,male,74,70-74,,,Person_1104,2,Getafe norte,
HH_430,Person_1104,male,48,45-49,,,Person_1103,2,Getafe norte,
HH_431,Person_1105,male,25,25-29,,,,0,,Madrid
HH_431,Person_1106,female,39,35-39,,,,0,,Getafe norte
HH_432,Person_1107,female,8,5-9,Person_1108,,,0,,
HH_432,Person_1108,male,35,35-39,,,,1,,Madrid
HH_433,Person_1109,female,58,55-59,,,,0,,Madrid
HH_433,Person_1110,female,69,65-69,,,,0,,
HH_434,Person_1111,female,91,90-94,,Person_1112,,0,,
HH_434,Person_1112,female,102,100-120,,,,1,,
HH_435,Person_1113,male,30,30-34,Person_1114,Person_1114,,0,,Edificio Agustín de Betancourt
HH_435,Person_1114,female,71,70-74,,,Person_1115,1,,
HH_435,Person_1115,female,76,75-79,,,Person_1114,1,,
HH_436,Person_1116,female,19,15-19,Person_1118,,,0,,Biblioteca Rey Pastor
HH_436,Person_1117,male,16,15-19,Person_1118,,,0,,
HH_436,Person_1118,male,51,50-54,,,,2,,Alcorcon
HH_437,Person_1119,female,77,75-79,,,,0,,
HH_438,Person_1120,male,20,20-24,Person_1121,Person_1121,,0,,Edificio Juan Benet
HH_438,Person_1121,male,38,35-39,,,Person_1122,1,,Madrid
HH_438,Person_1122,male,38,35-39,,,Person_1121,1,,Alcorcon
HH_439,Person_1123,male,5,5-9,,Person_1125,,0,Mostoles,
HH_439,Person_1124,female,1,0-4,,Person_1125,,0,Mostoles,
HH_439,Person_1125,female,31,30-34,,,,2,Mostoles,
HH_440,Person_1126,male,93,90-94,,,,0,Fuenlabrada,
HH_440,Person_1127,male,20,20-24,,,,0,Fuenlabrada,
HH_441,Person_1128,male,23,20-24,Person_1129,Person_1129,,0,,
HH_441,Person_1129,male,56,55-59,,,Person_1130,1,,Madrid
HH_441,Person_1130,male,53,50-54,,,Person_1129,1,,Madrid
HH_442,Person_1131,male,19,15-19,Person_1134,,,0,,Madrid
HH_442,Person_1132,female,10,10-14,Person_1134,,,0,,
HH_442,Person_1133,male,3,0-4,Person_1134,,,0,,
HH_442,Person_1134,male,48,45-49,,,,3,,Madrid
HH_443,Person_1135,female,22,20-24,Person_1137,Person_1137,,0,Fuenlabrada,
HH_443,Person_1136,female,30,30-34,Person_1137,Person_1137,,0,Fuenlabrada,Fundación IMDEA Networks
HH_443,Person_1137,male,64,60-64,,,Person_1138,2,Fuenlabrada,
HH_443,Person_1138,male,91,90-94,,,Person_1137,2,Fuenlabrada,
HH_444,Person_1139,female,4,0-4,Person_1141,Person_1141,,0,Madrid,
HH_444,Person_1140,male,32,30-34,Person_1141,Person_1141,,0,Madrid,
HH_444,Person_1141,female,74,70-74,,,Person_1142,2,Madrid,
HH_444,Person_1142,female,70,70-74,,,Person_1141,2,Madrid,
HH_445,Person_1143,female,61,60-64,Person_1144,,,0,Fuenlabrada,
HH_445,Person_1144,male,92,90-94,,,,1,Fuenlabrada,
HH_446,Person_1145,female,39,35-39,,,,0,Madrid,
HH_447,Person_1146,male,13,10-14,Person_1148,Person_1148,,0,Madrid,
HH_447,Person_1147,female,34,30-34,Person_1148,Person_1148,,0,Madrid,
HH_447,Person_1148,female,65,65-69,,,Person_1149,2,Madrid,
HH_447,Person_1149,female,59,55-59,,,Person_1148,2,Madrid,
HH_448,Person_1150,male,76,75-79,,,,0,,
HH_448,Person_1151,female,45,45-49,,,,0,,Madrid
HH_449,Person_1152,female,22,20-24,Person_1155,Person_1155,,0,,Madrid
HH_449,Person_1153,female,15,15-19,Person_1155,Person_1155,,0,,guardería
HH_449,Person_1154,female,11,10-14,Person_1155,Person_1155,,0,,
HH_449,Person_1155,male,54,50-54,,,Person_1156,3,,Madrid
HH_449,Person_1156,male,54,50-54,,,Person_1155,3,,Madrid
HH_450,Person_1157,female,19,15-19,Person_1158,,,0,,
HH_450,Person_1158,male,45,45-49,,,,1,,Madrid
HH_451,Person_1159,male,89,85-89,,,,0,Changó,
HH_452,Person_1160,female,83,80-84,,,,0,,
HH_452,Person_1161,male,34,30-34,,,,0,,Madrid
HH_453,Person_1162,female,89,85-89,,,,0,Madrid,
HH_454,Person_1163,female,65,65-69,,,,0,,
HH_455,Person_1164,male,40,40-44,Person_1165,Person_1165,,0,Madrid,
HH_455,Person_1165,female,65,65-69,,,Person_1166,1,Madrid,
HH_455,Person_1166,female,82,80-84,,,Person_1165,1,Madrid,
HH_456,Person_1167,male,3,0-4,Person_1170,Person_1170,,0,Madrid,Escuela Infantil Rosa Caramelo
HH_456,Person_1168,male,5,5-9,Person_1170,Person_1170,,0,Madrid,
HH_456,Person_1169,female,2,0-4,Person_1170,Person_1170,,0,Madrid,
HH_456,Person_1170,male,31,30-34,,,Person_1171,3,Madrid,
HH_456,Person_1171,male,57,55-59,,,Person_1170,3,Madrid,
HH_457,Person_1172,male,11,10-14,Person_1174,Person_1174,,0,,
HH_457,Person_1173,male,28,25-29,Person_1174,Person_1174,,0,,Madrid
HH_457,Person_1174,male,44,40-44,,,Person_1175,2,,Madrid
HH_457,Person_1175,male,38,35-39,,,Person_1174,2,,Madrid
HH_458,Person_1176,male,16,15-19,Person_1177,Person_1177,,0,,
HH_458,Person_1177,female,51,50-54,,,Person_1178,1,,
HH_458,Person_1178,female,44,40-44,,,Person_1177,1,,Madrid
HH_459,Person_1179,female,50,50-54,,,,0,Fuenlabrada,
HH_460,Person_1180,female,12,10-14,Person_1181,Person_1181,,0,Fuenlabrada,
HH_460,Person_1181,male,56,55-59,,,Person_1182,1,Fuenlabrada,
HH_460,Person_1182,male,50,50-54,,,Person_1181,1,Fuenlabrada,
HH_461,Person_1183,male,21,20-24,Person_1184,Person_1184,,0,Mostoles,Edificio Torres Quevedo
HH_461,Person_1184,male,61,60-64,,,Person_1185,1,Mostoles,
HH_461,Person_1185,male,72,70-74,,,Person_1184,1,Mostoles,
HH_462,Person_1186,female,38,35-39,Person_1187,Person_1187,,0,Mostoles,
HH_462,Person_1187,female,81,80-84,,,Person_1188,1,Mostoles,
HH_462,Person_1188,female,49,45-49,,,Person_1187,1,Mostoles,
HH_463,Person_1189,male,29,25-29,,,,0,,Madrid
HH_463,Person_1190,female,45,45-49,,,,0,,
HH_463,Person_1191,male,71,70-74,,,,0,,
HH_464,Person_1192,male,36,35-39,Person_1193,Person_1193,,0,,Madrid
HH_464,Person_1193,male,74,70-74,,,Person_1194,1,,
HH_464,Person_1194,male,72,70-74,,,Person_1193,1,,
HH_465,Person_1195,male,49,45-49,,Person_1196,,0,Alcorcon,
HH_465,Person_1196,female,80,80-84,,,,1,Alcorcon,
HH_466,Person_1197,female,73,70-74,,,,0,,
HH_467,Person_1198,female,30,30-34,,,,0,,Fuenlabrada
HH_467,Person_1199,male,24,20-24,,,,0,,Madrid
HH_467,Person_1200,male,29,25-29,,,,0,,Edificio Torres Quevedo
HH_468,Person_1201,female,57,55-59,,,,0,,Madrid
HH_468,Person_1202,male,83,80-84,,,,0,,
HH_469,Person_1203,female,61,60-64,,,,0,Madrid,BidaFarma Leganes
HH_469,Person_1204,male,89,85-89,,,,0,Madrid,
HH_470,Person_1205,male,68,65-69,,,,0,,
HH_470,Person_1206,male,86,85-89,,,,0,,
HH_471,Person_1207,female,26,25-29,Person_1208,Person_1208,,0,,Madrid
HH_471,Person_1208,female,54,50-54,,,Person_1209,1,,Madrid
HH_471,Person_1209,female,45,45-49,,,Person_1208,1,,Madrid
HH_472,Person_1210,female,7,5-9,Person_1212,Person_1212,,0,,
HH_472,Person_1211,female,29,25-29,Person_1212,Person_1212,,0,,Parque Científico de la Universidad Carlos III de Madrid
HH_472,Person_1212,female,71,70-74,,,Person_1213,2,,
HH_472,Person_1213,female,77,75-79,,,Person_1212,2,,
HH_473,Person_1214,female,17,15-19,Person_1215,Person_1215,,0,,
HH_473,Person_1215,female,43,40-44,,,Person_1216,1,,
HH_473,Person_1216,female,42,40-44,,,Person_1215,1,,Madrid
HH_474,Person_1217,female,59,55-59,,,,0,,Madrid
HH_475,Person_1218,male,29,25-29,,,,0,,
HH_476,Person_1219,male,9,5-9,Person_1221,Person_1221,,0,Fuenlabrada,
HH_476,Person_1220,male,27,25-29,Person_1221,Person_1221,,0,Fuenlabrada,Edificio Torres Quevedo
HH_476,Person_1221,female,55,55-59,,,Person_1222,2,Fuenlabrada,
HH_476,Person_1222,female,56,55-59,,,Person_1221,2,Fuenlabrada,
HH_477,Person_1223,female,89,85-89,,,,0,,
HH_477,Person_1224,male,54,50-54,,,,0,,Madrid
HH_478,Person_1225,male,87,85-89,,,,0,,
HH_478,Person_1226,female,51,50-54,,,,0,,Madrid
HH_479,Person_1227,female,44,40-44,,,,0,Madrid,
HH_479,Person_1228,female,89,85-89,,,,0,Madrid,
HH_480,Person_1229,female,18,15-19,,Person_1231,,0,,
HH_480,Person_1230,female,25,25-29,,Person_1231,,0,,Edificio Juan Benet
HH_480,Person_1231,female,44,40-44,,,,2,,
HH_481,Person_1232,female,17,15-19,Person_1233,Person_1233,,0,Madrid,
HH_481,Person_1233,female,58,55-59,,,Person_1234,1,Madrid,
HH_481,Person_1234,female,63,60-64,,,Person_1233,1,Madrid,
HH_482,Person_1235,male,87,85-89,,,,0,,
HH_482,Person_1236,male,76,75-79,,,,0,,
HH_482,Person_1237,male,76,75-79,,,,0,,
HH_483,Person_1238,male,18,15-19,,,,0,Madrid,Edificio Torres Quevedo
HH_484,Person_1239,female,12,10-14,Person_1240,Person_1240,,0,,
HH_484,Person_1240,female,31,30-34,,,Person_1241,1,,Getafe norte
HH_484,Person_1241,female,44,40-44,,,Person_1240,1,,Madrid
HH_485,Person_1242,female,6,5-9,Person_1244,Person_1244,,0,,
HH_485,Person_1243,male,28,25-29,Person_1244,Person_1244,,0,,Madrid
HH_485,Person_1244,female,63,60-64,,,Person_1245,2,,Alcorcon
HH_485,Person_1245,female,67,65-69,,,Person_1244,2,,
HH_486,Person_1246,male,60,60-64,,,,0,,
HH_486,Person_1247,female,83,80-84,,,,0,,
HH_487,Person_1248,female,59,55-59,,,,0,,Madrid
HH_487,Person_1249,male,36,35-39,,,,0,,Madrid
HH_488,Person_1250,male,21,20-24,Person_1251,Person_1251,,0,,Fundación IMDEA Networks
HH_488,Person_1251,male,51,50-54,,,Person_1252,1,,Madrid
HH_488,Person_1252,male,77,75-79,,,Person_1251,1,,
HH_489,Person_1253,female,50,50-54,,,,0,Fuenlabrada,
HH_489,Person_1254,male,42,40-44,,,,0,Fuenlabrada,
HH_490,Person_1255,female,30,30-34,Person_1256,Person_1256,,0,Alcorcon,
HH_490,Person_1256,female,67,65-69,,,Person_1257,1,Alcorcon,
HH_490,Person_1257,female,70,70-74,,,Person_1256,1,Alcorcon,
HH_491,Person_1258,female,74,70-74,,,,0,,
HH_491,Person_1259,female,85,85-89,,,,0,,
HH_491,Person_1260,male,69,65-69,,,,0,,
HH_492,Person_1261,female,73,70-74,,,,0,Madrid,
HH_493,Person_1262,male,61,60-64,,,,0,Alcorcon,
HH_493,Person_1263,female,55,55-59,,,,0,Alcorcon,Iberdrola Distribución Eléctrica
HH_494,Person_1264,female,41,40-44,Person_1265,,,0,Madrid,
HH_494,Person_1265,male,74,70-74,,,,1,Madrid,
HH_495,Person_1266,male,37,35-39,,,,0,,Madrid
HH_495,Person_1267,female,93,90-94,,,,0,,
HH_496,Person_1268,female,18,15-19,,Person_1269,,0,,Alcorcon
HH_496,Person_1269,female,51,50-54,,,,1,,Madrid
HH_497,Person_1270,female,93,90-94,,,,0,,
HH_497,Person_1271,female,60,60-64,,,,0,,
HH_498,Person_1272,male,8,5-9,Person_1273,Person_1273,,0,Madrid,
HH_498,Person_1273,male,37,35-39,,,Person_1274,1,Madrid,
HH_498,Person_1274,male,34,30-34,,,Person_1273,1,Madrid,
HH_499,Person_1275,female,0,0-4,Person_1277,Person_1277,,0,,
HH_499,Person_1276,male,32,30-34,Person_1277,Person_1277,,0,,Madrid
HH_499,Person_1277,female,57,55-59,,,Person_1278,2,,Madrid
HH_499,Person_1278,female,86,85-89,,,Person_1277,2,,
HH_500,Person_1279,male,25,25-29,Person_1281,Person_1281,,0,,Madrid
HH_500,Person_1280,male,28,25-29,Person_1281,Person_1281,,0,,Madrid
HH_500,Person_1281,male,72,70-74,,,Person_1282,2,,
HH_500,Person_1282,male,56,55-59,,,Person_1281,2,,
HH_501,Person_1283,male,15,15-19,Person_1285,Person_1285,,0,,
HH_501,Person_1284,female,25,25-29,Person_1285,Person_1285,,0,,Edificio Sabatini
HH_501,Person_1285,female,50,50-54,,,Person_1286,2,,Madrid
HH_501,Person_1286,female,55,55-59,,,Person_1285,2,,Alcorcon
HH_502,Person_1287,female,44,40-44,,,,0,,Madrid
HH_503,Person_1288,female,40,40-44,Person_1289,Person_1289,,0,Fuenlabrada,
HH_503,Person_1289,female,74,70-74,,,Person_1290,1,Fuenlabrada,
HH_503,Person_1290,female,66,65-69,,,Person_1289,1,Fuenlabrada,
HH_504,Person_1291,male,13,10-14,Person_1292,Person_1292,,0,Madrid,
HH_504,Person_1292,female,44,40-44,,,Person_1293,1,Madrid,
HH_504,Person_1293,female,36,35-39,,,Person_1292,1,Madrid,
HH_505,Person_1294,female,17,15-19,Person_1295,Person_1295,,0,Fuenlabrada,
HH_505,Person_1295,female,59,55-59,,,Person_1296,1,Fuenlabrada,
HH_505,Person_1296,female,67,65-69,,,Person_1295,1,Fuenlabrada,
HH_506,Person_1297,male,15,15-19,Person_1298,Person_1298,,0,,
HH_506,Person_1298,female,51,50-54,,,Person_1299,1,,Madrid
HH_506,Person_1299,female,51,50-54,,,Person_1298,1,,Madrid
HH_507,Person_1300,male,16,15-19,Person_1301,Person_1301,,0,Madrid,
HH_507,Person_1301,male,46,45-49,,,Person_1302,1,Madrid,
HH_507,Person_1302,male,32,30-34,,,Person_1301,1,Madrid,
HH_508,Person_1303,female,1,0-4,Person_1304,Person_1304,,0,,
HH_508,Person_1304,male,26,25-29,,,Person_1305,1,,Madrid
HH_508,Person_1305,male,26,25-29,,,Person_1304,1,,Fundación IMDEA Networks
HH_509,Person_1306,female,21,20-24,,,,0,Madrid,
HH_509,Person_1307,female,24,20-24,,,,0,Madrid,
HH_510,Person_1308,female,59,55-59,,,,0,,Madrid
HH_511,Person_1309,female,32,30-34,,,,0,Fuenlabrada,
HH_512,Person_1310,male,9,5-9,Person_1312,Person_1312,,0,,
HH_512,Person_1311,male,27,25-29,Person_1312,Person_1312,,0,,
HH_512,Person_1312,female,43,40-44,,,Person_1313,2,,Getafe norte
HH_512,Person_1313,female,36,35-39,,,Person_1312,2,,Madrid
HH_513,Person_1314,female,89,85-89,Person_1316,Person_1316,,0,,
HH_513,Person_1315,female,53,50-54,Person_1316,Person_1316,,0,,Fuenlabrada
HH_513,Person_1316,male,116,100-120,,,Person_1317,2,,
HH_513,Person_1317,male,78,75-79,,,Person_1316,2,,
HH_514,Person_1318,female,31,30-34,Person_1319,Person_1319,,0,,
HH_514,Person_1319,female,68,65-69,,,Person_1320,1,,
HH_514,Person_1320,female,61,60-64,,,Person_1319,1,,
HH_515,Person_1321,male,91,90-94,,,,0,,
HH_516,Person_1322,female,86,85-89,,,,0,,
HH_516,Person_1323,female,92,90-94,,,,0,,
HH_517,Person_1324,male,11,10-14,Person_1326,Person_1326,,0,Madrid,
HH_517,Person_1325,female,26,25-29,Person_1326,Person_1326,,0,Madrid,Fundación IMDEA Networks
HH_517,Person_1326,male,55,55-59,,,Person_1327,2,Madrid,Centro de Salud Doctor Mendiguchia Carriche
HH_517,Person_1327,male,37,35-39,,,Person_1326,2,Madrid,
HH_518,Person_1328,female,16,15-19,Person_1330,Person_1330,,0,Fuenlabrada,
HH_518,Person_1329,female,25,25-29,Person_1330,Person_1330,,0,Fuenlabrada,Biblioteca Rey Pastor
HH_518,Person_1330,female,59,55-59,,,Person_1331,2,Fuenlabrada,
HH_518,Person_1331,female,54,50-54,,,Person_1330,2,Fuenlabrada,
HH_519,Person_1332,male,92,90-94,,,,0,,
HH_519,Person_1333,female,49,45-49,,,,0,,Madrid
HH_519,Person_1334,female,35,35-39,,,,0,,
HH_520,Person_1335,female,50,50-54,,,,0,,Getafe norte
HH_520,Person_1336,female,91,90-94,,,,0,,
HH_521,Person_1337,male,62,60-64,,,,0,,Madrid
HH_521,Person_1338,female,38,35-39,,,,0,,Madrid
HH_522,Person_1339,female,26,25-29,,,,0,Madrid,
HH_522,Person_1340,female,32,30-34,,,,0,Madrid,
HH_523,Person_1341,female,32,30-34,Person_1342,Person_1342,,0,Getafe norte,
HH_523,Person_1342,female,61,60-64,,,Person_1343,1,Getafe norte,Peaje
HH_523,Person_1343,female,51,50-54,,,Person_1342,1,Getafe norte,
HH_524,Person_1344,female,72,70-74,,,,0,Madrid,
HH_525,Person_1345,female,37,35-39,,,,0,,Mostoles
HH_525,Person_1346,female,47,45-49,,,,0,,Madrid
HH_526,Person_1347,female,58,55-59,,,,0,Madrid,
HH_526,Person_1348,male,39,35-39,,,,0,Madrid,
HH_527,Person_1349,female,1,0-4,Person_1351,Person_1351,,0,,Escuela Infantil Rosa Caramelo
HH_527,Person_1350,female,27,25-29,Person_1351,Person_1351,,0,,Madrid
HH_527,Person_1351,female,59,55-59,,,Person_1352,2,,Madrid
HH_527,Person_1352,female,77,75-79,,,Person_1351,2,,
HH_528,Person_1353,male,22,20-24,Person_1354,Person_1354,,0,,Madrid
HH_528,Person_1354,male,68,65-69,,,Person_1355,1,,
HH_528,Person_1355,male,61,60-64,,,Person_1354,1,,Madrid
HH_529,Person_1356,female,37,35-39,,,,0,,Madrid
HH_529,Person_1357,male,68,65-69,,,,0,,
HH_530,Person_1358,male,59,55-59,,,,0,Madrid,
HH_531,Person_1359,female,72,70-74,,,,0,,
HH_532,Person_1360,male,0,0-4,Person_1362,Person_1362,,0,Madrid,
HH_532,Person_1361,female,35,35-39,Person_1362,Person_1362,,0,Madrid,Bar Saloon El Paso
HH_532,Person_1362,female,78,75-79,,,Person_1363,2,Madrid,
HH_532,Person_1363,female,60,60-64,,,Person_1362,2,Madrid,
HH_533,Person_1364,male,58,55-59,,,,0,,Madrid
HH_533,Person_1365,female,40,40-44,,,,0,,Madrid
HH_533,Person_1366,male,52,50-54,,,,0,,Madrid
HH_534,Person_1367,male,19,15-19,Person_1368,Person_1368,,0,,
HH_534,Person_1368,male,46,45-49,,,Person_1369,1,,Madrid
HH_534,Person_1369,male,40,40-44,,,Person_1368,1,,Fuenlabrada
HH_535,Person_1370,female,56,55-59,,,,0,,Madrid
HH_535,Person_1371,male,34,30-34,,,,0,,Madrid
HH_536,Person_1372,male,18,15-19,,,,0,,
HH_537,Person_1373,female,0,0-4,Person_1374,Person_1374,,0,Mostoles,
HH_537,Person_1374,male,28,25-29,,,Person_1375,1,Mostoles,
HH_537,Person_1375,male,28,25-29,,,Person_1374,1,Mostoles,Edificio Juan Benet
HH_538,Person_1376,female,94,90-94,,,,0,Madrid,
HH_539,Person_1377,female,67,65-69,,,,0,,
HH_540,Person_1378,female,88,85-89,,,,0,,
HH_541,Person_1379,female,14,10-14,Person_1381,Person_1381,,0,,
HH_541,Person_1380,male,30,30-34,Person_1381,Person_1381,,0,,
HH_541,Person_1381,male,69,65-69,,,Person_1382,2,,
HH_541,Person_1382,male,50,50-54,,,Person_1381,2,,Madrid
HH_542,Person_1383,male,21,20-24,,,,0,Getafe norte,Edificio Sabatini
HH_543,Person_1384,male,79,75-79,,,,0,,
HH_544,Person_1385,female,25,25-29,Person_1386,Person_1386,,0,,Madrid
HH_544,Person_1386,male,53,50-54,,,Person_1387,1,,Madrid
HH_544,Person_1387,male,44,40-44,,,Person_1386,1,,Madrid
HH_545,Person_1388,male,87,85-89,,,,0,Fuenlabrada,
HH_545,Person_1389,male,97,95-99,,,,0,Fuenlabrada,
HH_546,Person_1390,female,5,5-9,,Person_1393,,0,Getafe norte,
HH_546,Person_1391,female,7,5-9,,Person_1393,,0,Getafe norte,guardería
HH_546,Person_1392,female,4,0-4,,Person_1393,,0,Getafe norte,
HH_546,Person_1393,female,45,45-49,,,,3,Getafe norte,
HH_547,Person_1394,female,89,85-89,,,,0,Fuenlabrada,
HH_548,Person_1395,female,81,80-84,,,,0,Madrid,
HH_549,Person_1396,male,6,5-9,Person_1397,Person_1397,,0,,
HH_549,Person_1397,male,21,20-24,,,Person_1398,1,,Madrid
HH_549,Person_1398,male,24,20-24,,,Person_1397,1,,Edificio Sabatini
HH_550,Person_1399,male,7,5-9,Person_1403,,,0,Alcorcon,
HH_550,Person_1400,female,11,10-14,Person_1403,,,0,Alcorcon,
HH_550,Person_1401,female,4,0-4,Person_1403,,,0,Alcorcon,
HH_550,Person_1402,female,11,10-14,Person_1403,,,0,Alcorcon,
HH_550,Person_1403,male,28,25-29,,,,4,Alcorcon,Edificio Agustín de Betancourt
HH_551,Person_1404,female,69,65-69,,,,0,Madrid,
HH_552,Person_1405,male,17,15-19,Person_1408,Person_1408,,0,,
HH_552,Person_1406,female,1,0-4,Person_1408,Person_1408,,0,,Escuela Infantil Rosa Caramelo
HH_552,Person_1407,female,13,10-14,Person_1408,Person_1408,,0,,
HH_552,Person_1408,female,34,30-34,,,Person_1409,3,,Madrid
HH_552,Person_1409,female,38,35-39,,,Person_1408,3,,Madrid
HH_553,Person_1410,male,9,5-9,,Person_1414,,0,Makro Leganés,
HH_553,Person_1411,male,5,5-9,,Person_1414,,0,Makro Leganés,
HH_553,Person_1412,female,19,15-19,,Person_1414,,0,Makro Leganés,
HH_553,Person_1413,male,11,10-14,,Person_1414,,0,Makro Leganés,
HH_553,Person_1414,female,61,60-64,,,,4,Makro Leganés,Madrid
HH_554,Person_1415,female,36,35-39,,Person_1416,,0,Madrid,
HH_554,Person_1416,female,76,75-79,,,,1,Madrid,
HH_555,Person_1417,female,14,10-14,Person_1421,,,0,,
HH_555,Person_1418,female,4,0-4,Person_1421,,,0,,
HH_555,Person_1419,male,14,10-14,Person_1421,,,0,,
HH_555,Person_1420,female,7,5-9,Person_1421,,,0,,
HH_555,Person_1421,male,39,35-39,,,,4,,Madrid
HH_556,Person_1422,male,24,20-24,Person_1423,Person_1423,,0,,Fundación IMDEA Networks
HH_556,Person_1423,male,51,50-54,,,Person_1424,1,,Madrid
HH_556,Person_1424,male,54,50-54,,,Person_1423,1,,Carrefour Express
HH_557,Person_1425,male,71,70-74,,,,0,,
HH_558,Person_1426,male,77,75-79,,,,0,Fuenlabrada,
HH_558,Person_1427,female,78,75-79,,,,0,Fuenlabrada,
HH_559,Person_1428,female,37,35-39,,,,0,,
HH_560,Person_1429,male,5,5-9,,Person_1432,,0,,
HH_560,Person_1430,male,2,0-4,,Person_1432,,0,,
HH_560,Person_1431,male,2,0-4,,Person_1432,,0,,
HH_560,Person_1432,female,35,35-39,,,,3,,Madrid
HH_561,Person_1433,male,39,35-39,,,,0,,Madrid
HH_561,Person_1434,female,53,50-54,,,,0,,Madrid
HH_562,Person_1435,female,1,0-4,Person_1436,Person_1436,,0,,
HH_562,Person_1436,male,17,15-19,,,Person_1437,1,,
HH_562,Person_1437,male,23,20-24,,,Person_1436,1,,
HH_563,Person_1438,female,71,70-74,,,,0,,
HH_564,Person_1439,male,21,20-24,Person_1440,Person_1440,,0,,
HH_564,Person_1440,male,52,50-54,,,Person_1441,1,,Madrid
HH_564,Person_1441,male,44,40-44,,,Person_1440,1,,
HH_565,Person_1442,female,6,5-9,Person_1444,,,0,,
HH_565,Person_1443,male,2,0-4,Person_1444,,,0,,
HH_565,Person_1444,male,46,45-49,,,,2,,Madrid
HH_566,Person_1445,female,22,20-24,,,,0,Fuenlabrada,Edificio Sabatini
HH_567,Person_1446,male,2,0-4,Person_1449,Person_1449,,0,,
HH_567,Person_1447,male,3,0-4,Person_1449,Person_1449,,0,,
HH_567,Person_1448,male,7,5-9,Person_1449,Person_1449,,0,,
HH_567,Person_1449,female,32,30-34,,,Person_1450,3,,
HH_567,Person_1450,female,30,30-34,,,Person_1449,3,,Edificio Juan Benet
HH_568,Person_1451,female,4,0-4,Person_1452,Person_1452,,0,,
HH_568,Person_1452,female,44,40-44,,,Person_1453,1,,Madrid
HH_568,Person_1453,female,48,45-49,,,Person_1452,1,,Madrid
HH_569,Person_1454,female,21,20-24,Person_1455,Person_1455,,0,,Edificio Torres Quevedo
HH_569,Person_1455,male,53,50-54,,,Person_1456,1,,REPALAB
HH_569,Person_1456,male,38,35-39,,,Person_1455,1,,Madrid
HH_570,Person_1457,male,14,10-14,,Person_1461,,0,,
HH_570,Person_1458,female,13,10-14,,Person_1461,,0,,
HH_570,Person_1459,male,4,0-4,,Person_1461,,0,,
HH_570,Person_1460,male,4,0-4,,Person_1461,,0,,
HH_570,Person_1461,female,44,40-44,,,,4,,Madrid
HH_571,Person_1462,male,26,25-29,Person_1463,Person_1463,,0,Madrid,
HH_571,Person_1463,male,41,40-44,,,Person_1464,1,Madrid,
HH_571,Person_1464,male,54,50-54,,,Person_1463,1,Madrid,Mercedes-Benz Citycar Sur S.A.
HH_572,Person_1465,male,28,25-29,,,,0,CarGlass,
HH_572,Person_1466,female,24,20-24,,,,0,CarGlass,
HH_572,Person_1467,male,85,85-89,,,,0,CarGlass,
HH_573,Person_1468,male,72,70-74,Person_1469,,,0,,
HH_573,Person_1469,male,97,95-99,,,,1,,
HH_574,Person_1470,female,4,0-4,Person_1472,Person_1472,,0,Getafe norte,
HH_574,Person_1471,female,32,30-34,Person_1472,Person_1472,,0,Getafe norte,
HH_574,Person_1472,female,66,65-69,,,Person_1473,2,Getafe norte,
HH_574,Person_1473,female,77,75-79,,,Person_1472,2,Getafe norte,
HH_575,Person_1474,male,7,5-9,,Person_1476,,0,,
HH_575,Person_1475,female,10,10-14,,Person_1476,,0,,
HH_575,Person_1476,female,53,50-54,,,,2,,Madrid
HH_576,Person_1477,male,0,0-4,Person_1479,Person_1479,,0,,
HH_576,Person_1478,female,30,30-34,Person_1479,Person_1479,,0,,
HH_576,Person_1479,male,64,60-64,,,Person_1480,2,,
HH_576,Person_1480,male,71,70-74,,,Person_1479,2,,
HH_577,Person_1481,female,88,85-89,,,,0,,
HH_577,Person_1482,female,93,90-94,,,,0,,
HH_578,Person_1483,female,98,95-99,,,,0,Madrid,
HH_578,Person_1484,female,67,65-69,,,,0,Madrid,
HH_579,Person_1485,female,2,0-4,Person_1487,Person_1487,,0,,
HH_579,Person_1486,female,27,25-29,Person_1487,Person_1487,,0,,Getafe norte
HH_579,Person_1487,female,54,50-54,,,Person_1488,2,,Madrid
HH_579,Person_1488,female,56,55-59,,,Person_1487,2,,Madrid
HH_580,Person_1489,male,52,50-54,,,,0,,Madrid
HH_580,Person_1490,female,93,90-94,,,,0,,
HH_581,Person_1491,female,71,70-74,,,,0,,
HH_582,Person_1492,male,53,50-54,,,,0,Fuenlabrada,
HH_582,Person_1493,male,30,30-34,,,,0,Fuenlabrada,
HH_583,Person_1494,female,84,80-84,,,,0,,
HH_584,Person_1495,female,23,20-24,Person_1497,Person_1497,,0,,Edificio Sabatini
HH_584,Person_1496,male,28,25-29,Person_1497,Person_1497,,0,,Fundación IMDEA Networks
HH_584,Person_1497,female,55,55-59,,,Person_1498,2,,Madrid
HH_584,Person_1498,female,63,60-64,,,Person_1497,2,,Madrid
HH_585,Person_1499,female,44,40-44,,,,0,Madrid,
HH_585,Person_1500,male,82,80-84,,,,0,Madrid,
HH_586,Person_1501,male,74,70-74,,,,0,,
HH_586,Person_1502,male,85,85-89,,,,0,,
HH_587,Person_1503,female,7,5-9,,Person_1507,,0,,
HH_587,Person_1504,female,4,0-4,,Person_1507,,0,,
HH_587,Person_1505,male,4,0-4,,Person_1507,,0,,
HH_587,Person_1506,female,13,10-14,,Person_1507,,0,,
HH_587,Person_1507,female,43,40-44,,,,4,,Madrid
HH_588,Person_1508,female,0,0-4,Person_1510,Person_1510,,0,,
HH_588,Person_1509,male,35,35-39,Person_1510,Person_1510,,0,,Madrid
HH_588,Person_1510,female,54,50-54,,,Person_1511,2,,
HH_588,Person_1511,female,53,50-54,,,Person_1510,2,,Madrid
HH_589,Person_1512,female,5,5-9,Person_1514,Person_1514,,0,,
HH_589,Person_1513,female,25,25-29,Person_1514,Person_1514,,0,,Toyota
HH_589,Person_1514,male,60,60-64,,,Person_1515,2,,Madrid
HH_589,Person_1515,male,53,50-54,,,Person_1514,2,,Alcorcon
HH_590,Person_1516,male,36,35-39,,Person_1517,,0,,
HH_590,Person_1517,female,67,65-69,,,,1,,
HH_591,Person_1518,male,12,10-14,Person_1520,Person_1520,,0,,
HH_591,Person_1519,female,31,30-34,Person_1520,Person_1520,,0,,Fuenlabrada
HH_591,Person_1520,male,61,60-64,,,Person_1521,2,,Don Papel
HH_591,Person_1521,male,63,60-64,,,Person_1520,2,,Madrid
HH_592,Person_1522,female,70,70-74,,,,0,,
HH_593,Person_1523,female,25,25-29,,Person_1525,,0,,
HH_593,Person_1524,male,24,20-24,,Person_1525,,0,,Parque Científico de la Universidad Carlos III de Madrid
HH_593,Person_1525,female,61,60-64,,,,2,,Extremadura
HH_594,Person_1526,male,16,15-19,,Person_1530,,0,,
HH_594,Person_1527,female,7,5-9,,Person_1530,,0,,
HH_594,Person_1528,female,3,0-4,,Person_1530,,0,,
HH_594,Person_1529,male,17,15-19,,Person_1530,,0,,
HH_594,Person_1530,female,51,50-54,,,,4,,Madrid
HH_595,Person_1531,male,2,0-4,Person_1532,Person_1532,,0,,Escuela Infantil Rosa Caramelo
HH_595,Person_1532,female,35,35-39,,,Person_1533,1,,
HH_595,Person_1533,female,48,45-49,,,Person_1532,1,,Getafe norte
HH_596,Person_1534,male,69,65-69,,,,0,Fuenlabrada,
HH_596,Person_1535,female,36,35-39,,,,0,Fuenlabrada,
HH_597,Person_1536,female,71,70-74,,,,0,Alcorcon,
HH_598,Person_1537,male,21,20-24,,,,0,,Madrid
HH_599,Person_1538,male,25,25-29,,,,0,Madrid,
HH_599,Person_1539,male,92,90-94,,,,0,Madrid,
HH_600,Person_1540,male,84,80-84,Person_1541,,,0,,
HH_600,Person_1541,male,118,100-120,,,,1,,
HH_601,Person_1542,male,5,5-9,Person_1544,Person_1544,,0,Madrid,
HH_601,Person_1543,male,34,30-34,Person_1544,Person_1544,,0,Madrid,
HH_601,Person_1544,female,77,75-79,,,Person_1545,2,Madrid,
HH_601,Person_1545,female,62,60-64,,,Person_1544,2,Madrid,
HH_602,Person_1546,male,0,0-4,Person_1548,Person_1548,,0,,Escuela Infantil Rosa Caramelo
HH_602,Person_1547,male,30,30-34,Person_1548,Person_1548,,0,,Biblioteca Rey Pastor
HH_602,Person_1548,male,56,55-59,,,Person_1549,2,,Madrid
HH_602,Person_1549,male,59,55-59,,,Person_1548,2,,Madrid
HH_603,Person_1550,male,20,20-24,Person_1551,,,0,,Edificio Juan Benet
HH_603,Person_1551,male,61,60-64,,,,1,,Madrid
HH_604,Person_1552,male,26,25-29,Person_1553,Person_1553,,0,Mostoles,Edificio Torres Quevedo
HH_604,Person_1553,female,51,50-54,,,Person_1554,1,Mostoles,
HH_604,Person_1554,female,49,45-49,,,Person_1553,1,Mostoles,
HH_605,Person_1555,female,1,0-4,Person_1558,Person_1558,,0,,
HH_605,Person_1556,female,2,0-4,Person_1558,Person_1558,,0,,
HH_605,Person_1557,male,6,5-9,Person_1558,Person_1558,,0,,
HH_605,Person_1558,male,40,40-44,,,Person_1559,3,,Madrid
HH_605,Person_1559,male,42,40-44,,,Person_1558,3,,Madrid
HH_606,Person_1560,male,5,5-9,Person_1563,Person_1563,,0,Fuenlabrada,Escuela Infantil Rosa Caramelo
HH_606,Person_1561,male,1,0-4,Person_1563,Person_1563,,0,Fuenlabrada,
HH_606,Person_1562,male,9,5-9,Person_1563,Person_1563,,0,Fuenlabrada,
HH_606,Person_1563,female,40,40-44,,,Person_1564,3,Fuenlabrada,
HH_606,Person_1564,female,41,40-44,,,Person_1563,3,Fuenlabrada,
HH_607,Person_1565,female,45,45-49,Person_1566,,,0,,Madrid
HH_607,Person_1566,male,78,75-79,,,,1,,
HH_608,Person_1567,male,21,20-24,Person_1568,Person_1568,,0,Centro de Especialidades Mª Ángeles López Gómez,Edificio Torres Quevedo
HH_608,Person_1568,male,52,50-54,,,Person_1569,1,Centro de Especialidades Mª Ángeles López Gómez,Getafe norte
HH_608,Person_1569,male,48,45-49,,,Person_1568,1,Centro de Especialidades Mª Ángeles López Gómez,Madrid
HH_609,Person_1570,male,38,35-39,,,,0,Madrid,
HH_609,Person_1571,male,89,85-89,,,,0,Madrid,
HH_610,Person_1572,female,8,5-9,Person_1574,,,0,Fuenlabrada,
HH_610,Person_1573,female,18,15-19,Person_1574,,,0,Fuenlabrada,
HH_610,Person_1574,male,43,40-44,,,,2,Fuenlabrada,
HH_611,Person_1575,male,64,60-64,,,,0,,Madrid
HH_612,Person_1576,female,24,20-24,Person_1577,,,0,,Edificio Juan Benet
HH_612,Person_1577,male,51,50-54,,,,1,,
HH_613,Person_1578,female,80,80-84,,,,0,,
HH_613,Person_1579,female,85,85-89,,,,0,,
HH_614,Person_1580,male,31,30-34,Person_1581,Person_1581,,0,Fuenlabrada,
HH_614,Person_1581,male,48,45-49,,,Person_1582,1,Fuenlabrada,
HH_614,Person_1582,male,46,45-49,,,Person_1581,1,Fuenlabrada,
HH_615,Person_1583,female,36,35-39,,,,0,,Madrid
HH_615,Person_1584,female,27,25-29,,,,0,,
HH_615,Person_1585,male,43,40-44,,,,0,,Madrid
HH_616,Person_1586,female,90,90-94,,,,0,,
HH_617,Person_1587,female,27,25-29,,,,0,,
HH_617,Person_1588,female,84,80-84,,,,0,,
HH_618,Person_1589,male,31,30-34,,,,0,,Madrid
HH_619,Person_1590,male,41,40-44,,,,0,,Madrid
HH_619,Person_1591,male,45,45-49,,,,0,,Getafe norte
HH_620,Person_1592,female,34,30-34,,Person_1593,,0,Isengar,Madrid
HH_620,Person_1593,female,64,60-64,,,,1,Isengar,Madrid
HH_621,Person_1594,female,21,20-24,Person_1595,Person_1595,,0,,Fundación IMDEA Networks
HH_621,Person_1595,male,39,35-39,,,Person_1596,1,,Madrid
HH_621,Person_1596,male,32,30-34,,,Person_1595,1,,Madrid
HH_622,Person_1597,male,47,45-49,,,,0,Mercadona,Madrid
HH_622,Person_1598,female,39,35-39,,,,0,Mercadona,Madrid
HH_623,Person_1599,male,1,0-4,,Person_1600,,0,Getafe norte,
HH_623,Person_1600,female,31,30-34,,,,1,Getafe norte,
HH_624,Person_1601,female,26,25-29,Person_1602,,,0,,
HH_624,Person_1602,male,67,65-69,,,,1,,
HH_625,Person_1603,female,25,25-29,Person_1604,Person_1604,,0,,
HH_625,Person_1604,male,59,55-59,,,Person_1605,1,,Madrid
HH_625,Person_1605,male,84,80-84,,,Person_1604,1,,
HH_626,Person_1606,female,85,85-89,,,,0,,
HH_627,Person_1607,male,70,70-74,,,,0,,
HH_627,Person_1608,male,27,25-29,,,,0,,Getafe norte
HH_628,Person_1609,male,13,10-14,Person_1610,Person_1610,,0,Madrid,
HH_628,Person_1610,female,56,55-59,,,Person_1611,1,Madrid,
HH_628,Person_1611,female,92,90-94,,,Person_1610,1,Madrid,
HH_629,Person_1612,female,17,15-19,,Person_1614,,0,,
HH_629,Person_1613,female,22,20-24,,Person_1614,,0,,Fuenlabrada
HH_629,Person_1614,female,49,45-49,,,,2,,Madrid
HH_630,Person_1615,female,15,15-19,Person_1618,Person_1618,,0,,
HH_630,Person_1616,male,0,0-4,Person_1618,Person_1618,,0,,
HH_630,Person_1617,female,18,15-19,Person_1618,Person_1618,,0,,
HH_630,Person_1618,female,54,50-54,,,Person_1619,3,,Madrid
HH_630,Person_1619,female,83,80-84,,,Person_1618,3,,
HH_631,Person_1620,female,26,25-29,,,,0,,
HH_632,Person_1621,female,27,25-29,Person_1622,,,0,,Parque Científico de la Universidad Carlos III de Madrid
HH_632,Person_1622,male,55,55-59,,,,1,,Madrid
HH_633,Person_1623,female,19,15-19,,,,0,,Biblioteca Rey Pastor
HH_633,Person_1624,male,82,80-84,,,,0,,
HH_634,Person_1625,female,87,85-89,,,,0,,
HH_634,Person_1626,male,80,80-84,,,,0,,
HH_635,Person_1627,female,19,15-19,Person_1629,Person_1629,,0,,
HH_635,Person_1628,female,35,35-39,Person_1629,Person_1629,,0,,Madrid
HH_635,Person_1629,female,68,65-69,,,Person_1630,2,,
HH_635,Person_1630,female,61,60-64,,,Person_1629,2,,Alcorcon
HH_636,Person_1631,male,14,10-14,Person_1633,Person_1633,,0,,
HH_636,Person_1632,male,33,30-34,Person_1633,Person_1633,,0,,Madrid
HH_636,Person_1633,female,70,70-74,,,Person_1634,2,,
HH_636,Person_1634,female,68,65-69,,,Person_1633,2,,
HH_637,Person_1635,female,80,80-84,,,,0,,
HH_638,Person_1636,female,2,0-4,Person_1637,Person_1637,,0,Madrid,Escuela Infantil Rosa Caramelo
HH_638,Person_1637,female,17,15-19,,,Person_1638,1,Madrid,
HH_638,Person_1638,female,22,20-24,,,Person_1637,1,Madrid,
HH_639,Person_1639,female,65,65-69,,,,0,,
HH_640,Person_1640,male,58,55-59,,,,0,,Madrid
HH_641,Person_1641,female,65,65-69,,,,0,,
HH_641,Person_1642,female,68,65-69,,,,0,,
HH_642,Person_1643,male,1,0-4,,Person_1645,,0,,
HH_642,Person_1644,female,2,0-4,,Person_1645,,0,,Escuela Infantil Rosa Caramelo
HH_642,Person_1645,female,27,25-29,,,,2,,Madrid
HH_643,Person_1646,female,11,10-14,Person_1649,Person_1649,,0,,
HH_643,Person_1647,male,10,10-14,Person_1649,Person_1649,,0,,
HH_643,Person_1648,female,12,10-14,Person_1649,Person_1649,,0,,
HH_643,Person_1649,female,42,40-44,,,Person_1650,3,,Madrid
HH_643,Person_1650,female,41,40-44,,,Person_1649,3,,Madrid
HH_644,Person_1651,male,4,0-4,Person_1653,Person_1653,,0,,
HH_644,Person_1652,female,31,30-34,Person_1653,Person_1653,,0,,Madrid
HH_644,Person_1653,female,63,60-64,,,Person_1654,2,,Madrid
HH_644,Person_1654,female,76,75-79,,,Person_1653,2,,
HH_645,Person_1655,female,25,25-29,Person_1657,,,0,,Madrid
HH_645,Person_1656,female,30,30-34,Person_1657,,,0,,
HH_645,Person_1657,male,71,70-74,,,,2,,
HH_646,Person_1658,female,89,85-89,,,,0,Madrid,
HH_647,Person_1659,female,15,15-19,Person_1661,Person_1661,,0,,
HH_647,Person_1660,female,33,30-34,Person_1661,Person_1661,,0,,Madrid
HH_647,Person_1661,female,61,60-64,,,Person_1662,2,,
HH_647,Person_1662,female,69,65-69,,,Person_1661,2,,
HH_648,Person_1663,male,18,15-19,Person_1665,Person_1665,,0,,Madrid
HH_648,Person_1664,male,25,25-29,Person_1665,Person_1665,,0,,
HH_648,Person_1665,female,42,40-44,,,Person_1666,2,,
HH_648,Person_1666,female,47,45-49,,,Person_1665,2,,Madrid
HH_649,Person_1667,female,3,0-4,Person_1669,Person_1669,,0,,
HH_649,Person_1668,female,33,30-34,Person_1669,Person_1669,,0,,Madrid
HH_649,Person_1669,female,71,70-74,,,Person_1670,2,,
HH_649,Person_1670,female,69,65-69,,,Person_1669,2,,
HH_650,Person_1671,female,62,60-64,,,,0,,Getafe norte
HH_651,Person_1672,female,9,5-9,Person_1673,Person_1673,,0,Madrid,
HH_651,Person_1673,female,47,45-49,,,Person_1674,1,Madrid,
HH_651,Person_1674,female,53,50-54,,,Person_1673,1,Madrid,
HH_652,Person_1675,female,20,20-24,,Person_1677,,0,Madrid,
HH_652,Person_1676,male,4,0-4,,Person_1677,,0,Madrid,
HH_652,Person_1677,female,51,50-54,,,,2,Madrid,
HH_653,Person_1678,female,43,40-44,,,,0,,Madrid
HH_653,Person_1679,female,76,75-79,,,,0,,
HH_654,Person_1680,male,19,15-19,Person_1681,Person_1681,,0,Fuenlabrada,
HH_654,Person_1681,female,47,45-49,,,Person_1682,1,Fuenlabrada,
HH_654,Person_1682,female,28,25-29,,,Person_1681,1,Fuenlabrada,Edificio Juan Benet
HH_655,Person_1683,female,44,40-44,Person_1684,,,0,Fuenlabrada,
HH_655,Person_1684,male,63,60-64,,,,1,Fuenlabrada,
HH_656,Person_1685,male,70,70-74,,,,0,,
HH_656,Person_1686,male,55,55-59,,,,0,,Madrid
HH_657,Person_1687,female,27,25-29,,,,0,Madrid,
HH_657,Person_1688,male,23,20-24,,,,0,Madrid,
HH_658,Person_1689,female,61,60-64,,,,0,,Madrid
HH_658,Person_1690,male,38,35-39,,,,0,,Madrid
HH_659,Person_1691,female,77,75-79,,,,0,,
HH_659,Person_1692,male,49,45-49,,,,0,,
HH_660,Person_1693,male,19,15-19,Person_1695,Person_1695,,0,Getafe norte,Parque Científico de la Universidad Carlos III de Madrid
HH_660,Person_1694,male,31,30-34,Person_1695,Person_1695,,0,Getafe norte,
HH_660,Person_1695,male,56,55-59,,,Person_1696,2,Getafe norte,
HH_660,Person_1696,male,57,55-59,,,Person_1695,2,Getafe norte,Auditorio
HH_661,Person_1697,male,25,25-29,,Person_1699,,0,,Biblioteca Rey Pastor
HH_661,Person_1698,female,28,25-29,,Person_1699,,0,,Edificio Agustín de Betancourt
HH_661,Person_1699,female,47,45-49,,,,2,,Madrid
HH_662,Person_1700,female,19,15-19,,,,0,,Madrid
HH_663,Person_1701,female,20,20-24,Person_1703,Person_1703,,0,,
HH_663,Person_1702,female,30,30-34,Person_1703,Person_1703,,0,,Edificio Juan Benet
HH_663,Person_1703,female,58,55-59,,,Person_1704,2,,
HH_663,Person_1704,female,59,55-59,,,Person_1703,2,,Madrid
HH_664,Person_1705,female,71,70-74,,,,0,,
HH_665,Person_1706,male,27,25-29,,,,0,,Fundación IMDEA Networks
HH_665,Person_1707,female,33,30-34,,,,0,,Madrid
HH_666,Person_1708,female,45,45-49,,Person_1709,,0,,
HH_666,Person_1709,female,71,70-74,,,,1,,
HH_667,Person_1710,male,69,65-69,,,,0,,
HH_667,Person_1711,male,62,60-64,,,,0,,Madrid
HH_668,Person_1712,female,82,80-84,,,,0,Madrid,
HH_669,Person_1713,male,37,35-39,,,,0,Alcorcon,
HH_669,Person_1714,male,37,35-39,,,,0,Alcorcon,
HH_670,Person_1715,male,30,30-34,Person_1716,Person_1716,,0,Getafe norte,Biblioteca Rey Pastor
HH_670,Person_1716,female,63,60-64,,,Person_1717,1,Getafe norte,
HH_670,Person_1717,female,66,65-69,,,Person_1716,1,Getafe norte,
HH_671,Person_1718,male,23,20-24,,Person_1721,,0,Madrid,Adidas Outlet
HH_671,Person_1719,male,29,25-29,,Person_1721,,0,Madrid,
HH_671,Person_1720,female,21,20-24,,Person_1721,,0,Madrid,
HH_671,Person_1721,female,61,60-64,,,,3,Madrid,
HH_672,Person_1722,male,36,35-39,Person_1723,Person_1723,,0,,Madrid
HH_672,Person_1723,female,51,50-54,,,Person_1724,1,,Madrid
HH_672,Person_1724,female,51,50-54,,,Person_1723,1,,Getafe norte
HH_673,Person_1725,female,16,15-19,Person_1726,Person_1726,,0,,
HH_673,Person_1726,female,46,45-49,,,Person_1727,1,,Madrid
HH_673,Person_1727,female,45,45-49,,,Person_1726,1,,Madrid
HH_674,Person_1728,male,52,50-54,,,,0,,Madrid
HH_674,Person_1729,male,43,40-44,,,,0,,Madrid
HH_674,Person_1730,female,50,50-54,,,,0,,
HH_674,Person_1731,female,87,85-89,,,,0,,
HH_674,Person_1732,female,58,55-59,,,,0,,Madrid
HH_675,Person_1733,male,20,20-24,,,,0,,Fundación IMDEA Networks
HH_676,Person_1734,male,37,35-39,,,,0,,
HH_676,Person_1735,female,94,90-94,,,,0,,
HH_677,Person_1736,male,14,10-14,Person_1739,Person_1739,,0,,
HH_677,Person_1737,female,14,10-14,Person_1739,Person_1739,,0,,
HH_677,Person_1738,female,8,5-9,Person_1739,Person_1739,,0,,
HH_677,Person_1739,male,41,40-44,,,Person_1740,3,,Madrid
HH_677,Person_1740,male,38,35-39,,,Person_1739,3,,Madrid
HH_678,Person_1741,female,73,70-74,,,,0,,
HH_679,Person_1742,female,9,5-9,Person_1746,,,0,Madrid,Edificio Octavio Paz
HH_679,Person_1743,male,15,15-19,Person_1746,,,0,Madrid,
HH_679,Person_1744,female,7,5-9,Person_1746,,,0,Madrid,
HH_679,Person_1745,male,13,10-14,Person_1746,,,0,Madrid,
HH_679,Person_1746,male,49,45-49,,,,4,Madrid,
HH_680,Person_1747,male,13,10-14,Person_1748,Person_1748,,0,,
HH_680,Person_1748,male,45,45-49,,,Person_1749,1,,Madrid
HH_680,Person_1749,male,47,45-49,,,Person_1748,1,,Madrid
HH_681,Person_1750,male,24,20-24,Person_1752,Person_1752,,0,,Madrid
HH_681,Person_1751,female,33,30-34,Person_1752,Person_1752,,0,,Madrid
HH_681,Person_1752,male,74,70-74,,,Person_1753,2,,
HH_681,Person_1753,male,60,60-64,,,Person_1752,2,,Madrid
HH_682,Person_1754,female,6,5-9,Person_1756,Person_1756,,0,,
HH_682,Person_1755,female,33,30-34,Person_1756,Person_1756,,0,,Madrid
HH_682,Person_1756,female,49,45-49,,,Person_1757,2,,
HH_682,Person_1757,female,56,55-59,,,Person_1756,2,,Alcorcon
HH_683,Person_1758,female,30,30-34,Person_1759,Person_1759,,0,,
HH_683,Person_1759,female,55,55-59,,,Person_1760,1,,Madrid
HH_683,Person_1760,female,49,45-49,,,Person_1759,1,,
HH_684,Person_1761,male,82,80-84,,,,0,,
HH_684,Person_1762,female,74,70-74,,,,0,,
HH_685,Person_1763,male,23,20-24,Person_1764,Person_1764,,0,,
HH_685,Person_1764,female,65,65-69,,,Person_1765,1,,
HH_685,Person_1765,female,90,90-94,,,Person_1764,1,,
HH_686,Person_1766,male,23,20-24,Person_1767,,,0,Madrid,
HH_686,Person_1767,male,52,50-54,,,,1,Madrid,
HH_687,Person_1768,female,92,90-94,,,,0,,
HH_688,Person_1769,female,38,35-39,,,,0,,Madrid
HH_688,Person_1770,female,90,90-94,,,,0,,
HH_689,Person_1771,female,62,60-64,,,,0,,Madrid
HH_690,Person_1772,male,20,20-24,Person_1773,Person_1773,,0,,Madrid
HH_690,Person_1773,female,54,50-54,,,Person_1774,1,,
HH_690,Person_1774,female,53,50-54,,,Person_1773,1,,Madrid
HH_691,Person_1775,female,78,75-79,,,,0,,
HH_692,Person_1776,male,24,20-24,Person_1778,Person_1778,,0,,Edificio Torres Quevedo
HH_692,Person_1777,male,33,30-34,Person_1778,Person_1778,,0,,
HH_692,Person_1778,female,69,65-69,,,Person_1779,2,,
HH_692,Person_1779,female,78,75-79,,,Person_1778,2,,
HH_693,Person_1780,female,39,35-39,,,,0,,Madrid
HH_693,Person_1781,male,43,40-44,,,,0,,Madrid
HH_694,Person_1782,male,19,15-19,Person_1784,Person_1784,,0,,Madrid
HH_694,Person_1783,female,25,25-29,Person_1784,Person_1784,,0,,
HH_694,Person_1784,female,57,55-59,,,Person_1785,2,,Madrid
HH_694,Person_1785,female,57,55-59,,,Person_1784,2,,Madrid
HH_695,Person_1786,female,81,80-84,,,,0,,
HH_695,Person_1787,male,34,30-34,,,,0,,Madrid
HH_696,Person_1788,male,19,15-19,Person_1790,Person_1790,,0,Madrid,Biblioteca Rey Pastor
HH_696,Person_1789,male,29,25-29,Person_1790,Person_1790,,0,Madrid,
HH_696,Person_1790,male,58,55-59,,,Person_1791,2,Madrid,Centro de la Mujer Rosa de Luxemburgo
HH_696,Person_1791,male,53,50-54,,,Person_1790,2,Madrid,
HH_697,Person_1792,female,23,20-24,Person_1794,Person_1794,,0,Getafe norte,
HH_697,Person_1793,female,26,25-29,Person_1794,Person_1794,,0,Getafe norte,Edificio Torres Quevedo
HH_697,Person_1794,female,41,40-44,,,Person_1795,2,Getafe norte,
HH_697,Person_1795,female,42,40-44,,,Person_1794,2,Getafe norte,
HH_698,Person_1796,female,13,10-14,Person_1798,,,0,,Centro Ocupacional Juan Ramón Jiménez
HH_698,Person_1797,female,23,20-24,Person_1798,,,0,,Mostoles
HH_698,Person_1798,male,39,35-39,,,,2,,Madrid
HH_699,Person_1799,male,34,30-34,,,,0,Mostoles,Taller Valderas Motor Alcorcón Leganés
HH_700,Person_1800,female,4,0-4,Person_1802,Person_1802,,0,Madrid,
HH_700,Person_1801,male,35,35-39,Person_1802,Person_1802,,0,Madrid,
HH_700,Person_1802,female,70,70-74,,,Person_1803,2,Madrid,
HH_700,Person_1803,female,65,65-69,,,Person_1802,2,Madrid,
HH_701,Person_1804,female,1,0-4,Person_1806,Person_1806,,0,Madrid,
HH_701,Person_1805,female,35,35-39,Person_1806,Person_1806,,0,Madrid,
HH_701,Person_1806,male,67,65-69,,,Person_1807,2,Madrid,
HH_701,Person_1807,male,59,55-59,,,Person_1806,2,Madrid,
HH_702,Person_1808,male,19,15-19,,,,0,Madrid,
HH_703,Person_1809,female,5,5-9,Person_1811,Person_1811,,0,,
HH_703,Person_1810,female,25,25-29,Person_1811,Person_1811,,0,,Fundación IMDEA Networks
HH_703,Person_1811,male,40,40-44,,,Person_1812,2,,Getafe norte
HH_703,Person_1812,male,44,40-44,,,Person_1811,2,,Madrid
HH_704,Person_1813,male,2,0-4,Person_1815,Person_1815,,0,,
HH_704,Person_1814,female,30,30-34,Person_1815,Person_1815,,0,,Madrid
HH_704,Person_1815,female,61,60-64,,,Person_1816,2,,
HH_704,Person_1816,female,83,80-84,,,Person_1815,2,,
HH_705,Person_1817,female,80,80-84,,,,0,,
HH_705,Person_1818,female,35,35-39,,,,0,,Madrid
HH_706,Person_1819,male,16,15-19,Person_1821,Person_1821,,0,,
HH_706,Person_1820,male,35,35-39,Person_1821,Person_1821,,0,,Madrid
HH_706,Person_1821,female,78,75-79,,,Person_1822,2,,
HH_706,Person_1822,female,74,70-74,,,Person_1821,2,,
HH_707,Person_1823,male,47,45-49,,,,0,,Madrid
HH_707,Person_1824,male,67,65-69,,,,0,,
HH_708,Person_1825,female,54,50-54,,,,0,,Madrid
HH_708,Person_1826,female,93,90-94,,,,0,,
HH_709,Person_1827,male,62,60-64,,,,0,,Madrid
HH_709,Person_1828,male,70,70-74,,,,0,,
HH_710,Person_1829,female,16,15-19,Person_1831,Person_1831,,0,Madrid,
HH_710,Person_1830,male,25,25-29,Person_1831,Person_1831,,0,Madrid,
HH_710,Person_1831,female,59,55-59,,,Person_1832,2,Madrid,
HH_710,Person_1832,female,57,55-59,,,Person_1831,2,Madrid,
HH_711,Person_1833,male,15,15-19,Person_1834,Person_1834,,0,,
HH_711,Person_1834,female,45,45-49,,,Person_1835,1,,Madrid
HH_711,Person_1835,female,34,30-34,,,Person_1834,1,,Madrid
HH_712,Person_1836,male,19,15-19,Person_1837,Person_1837,,0,,Parque Científico de la Universidad Carlos III de Madrid
HH_712,Person_1837,male,54,50-54,,,Person_1838,1,,Madrid
HH_712,Person_1838,male,43,40-44,,,Person_1837,1,,Madrid
HH_713,Person_1839,male,41,40-44,Person_1841,Person_1841,,0,Madrid,
HH_713,Person_1840,male,25,25-29,Person_1841,Person_1841,,0,Madrid,Edificio Torres Quevedo
HH_713,Person_1841,female,68,65-69,,,Person_1842,2,Madrid,
HH_713,Person_1842,female,40,40-44,,,Person_1841,2,Madrid,
HH_714,Person_1843,male,82,80-84,,,,0,Madrid,
HH_714,Person_1844,male,18,15-19,,,,0,Madrid,
HH_714,Person_1845,male,18,15-19,,,,0,Madrid,
HH_715,Person_1846,male,16,15-19,,Person_1848,,0,,
HH_715,Person_1847,male,10,10-14,,Person_1848,,0,,Edificio Juan de Mairena
HH_715,Person_1848,female,44,40-44,,,,2,,Alcorcon
HH_716,Person_1849,female,14,10-14,Person_1850,Person_1850,,0,Madrid,
HH_716,Person_1850,male,47,45-49,,,Person_1851,1,Madrid,
HH_716,Person_1851,male,51,50-54,,,Person_1850,1,Madrid,
HH_717,Person_1852,female,46,45-49,,,,0,Fuenlabrada,
HH_718,Person_1853,male,44,40-44,Person_1854,Person_1854,,0,Getafe norte,
HH_718,Person_1854,male,77,75-79,,,Person_1855,1,Getafe norte,
HH_718,Person_1855,male,85,85-89,,,Person_1854,1,Getafe norte,
HH_719,Person_1856,male,73,70-74,,,,0,,
HH_719,Person_1857,female,96,95-99,,,,0,,
HH_720,Person_1858,male,1,0-4,,Person_1860,,0,,
HH_720,Person_1859,male,6,5-9,,Person_1860,,0,,
HH_720,Person_1860,female,43,40-44,,,,2,,Madrid
HH_721,Person_1861,male,70,70-74,,,,0,,
HH_722,Person_1862,female,14,10-14,Person_1863,Person_1863,,0,,Edificio Octavio Paz
HH_722,Person_1863,female,55,55-59,,,Person_1864,1,,Madrid
HH_722,Person_1864,female,45,45-49,,,Person_1863,1,,Madrid
HH_723,Person_1865,female,85,85-89,,,,0,,
HH_723,Person_1866,male,80,80-84,,,,0,,
HH_723,Person_1867,male,59,55-59,,,,0,,Madrid
HH_724,Person_1868,female,56,55-59,,,,0,,Getafe norte
HH_724,Person_1869,male,48,45-49,,,,0,,Madrid
HH_725,Person_1870,female,19,15-19,Person_1871,Person_1871,,0,,Madrid
HH_725,Person_1871,female,35,35-39,,,Person_1872,1,,Madrid
HH_725,Person_1872,female,35,35-39,,,Person_1871,1,,Madrid
HH_726,Person_1873,female,66,65-69,,,,0,Fuenlabrada,
HH_726,Person_1874,female,25,25-29,,,,0,Fuenlabrada,
HH_727,Person_1875,male,21,20-24,Person_1877,Person_1877,,0,Madrid,
HH_727,Person_1876,female,29,25-29,Person_1877,Person_1877,,0,Madrid,
HH_727,Person_1877,male,60,60-64,,,Person_1878,2,Madrid,
HH_727,Person_1878,male,55,55-59,,,Person_1877,2,Madrid,
HH_728,Person_1879,female,25,25-29,Person_1881,Person_1881,,0,,Edificio Sabatini
HH_728,Person_1880,male,28,25-29,Person_1881,Person_1881,,0,,
HH_728,Person_1881,female,63,60-64,,,Person_1882,2,,Madrid
HH_728,Person_1882,female,73,70-74,,,Person_1881,2,,
HH_729,Person_1883,male,9,5-9,Person_1885,Person_1885,,0,,
HH_729,Person_1884,female,29,25-29,Person_1885,Person_1885,,0,,Edificio Juan Benet
HH_729,Person_1885,male,59,55-59,,,Person_1886,2,,Madrid
HH_729,Person_1886,male,51,50-54,,,Person_1885,2,,
HH_730,Person_1887,female,15,15-19,Person_1889,Person_1889,,0,,
HH_730,Person_1888,male,30,30-34,Person_1889,Person_1889,,0,,Getafe norte
HH_730,Person_1889,male,55,55-59,,,Person_1890,2,,
HH_730,Person_1890,male,60,60-64,,,Person_1889,2,,Madrid
HH_731,Person_1891,male,15,15-19,Person_1892,Person_1892,,0,,
HH_731,Person_1892,female,30,30-34,,,Person_1893,1,,Madrid
HH_731,Person_1893,female,27,25-29,,,Person_1892,1,,Madrid
HH_732,Person_1894,male,82,80-84,,,,0,,
HH_732,Person_1895,female,18,15-19,,,,0,,Madrid
HH_733,Person_1896,female,74,70-74,,,,0,Getafe norte,
HH_734,Person_1897,female,71,70-74,,,,0,,
HH_734,Person_1898,female,56,55-59,,,,0,,Madrid
HH_735,Person_1899,female,59,55-59,Person_1901,Person_1901,,0,,Madrid
HH_735,Person_1900,female,65,65-69,Person_1901,Person_1901,,0,,
HH_735,Person_1901,male,102,100-120,,,Person_1902,2,,
HH_735,Person_1902,male,76,75-79,,,Person_1901,2,,
HH_736,Person_1903,male,25,25-29,Person_1905,,,0,Madrid,
HH_736,Person_1904,female,35,35-39,Person_1905,,,0,Madrid,ITV Barcel Euro Inversiones
HH_736,Person_1905,male,65,65-69,,,,2,Madrid,
HH_737,Person_1906,female,27,25-29,,,,0,,Parque Científico de la Universidad Carlos III de Madrid
HH_738,Person_1907,female,85,85-89,,,,0,,
HH_739,Person_1908,male,55,55-59,,,,0,,Getafe norte
HH_739,Person_1909,male,41,40-44,,,,0,,
HH_740,Person_1910,male,19,15-19,,Person_1913,,0,Getafe norte,
HH_740,Person_1911,female,8,5-9,,Person_1913,,0,Getafe norte,
HH_740,Person_1912,male,8,5-9,,Person_1913,,0,Getafe norte,
HH_740,Person_1913,female,36,35-39,,,,3,Getafe norte,
HH_741,Person_1914,male,36,35-39,Person_1916,,,0,,Madrid
HH_741,Person_1915,female,40,40-44,Person_1916,,,0,,Madrid
HH_741,Person_1916,male,82,80-84,,,,2,,
HH_742,Person_1917,female,11,10-14,Person_1918,,,0,Alcorcon,
HH_742,Person_1918,male,49,45-49,,,,1,Alcorcon,
HH_743,Person_1919,male,3,0-4,Person_1921,Person_1921,,0,Getafe norte,
HH_743,Person_1920,female,25,25-29,Person_1921,Person_1921,,0,Getafe norte,
HH_743,Person_1921,male,57,55-59,,,Person_1922,2,Getafe norte,
HH_743,Person_1922,male,47,45-49,,,Person_1921,2,Getafe norte,
HH_744,Person_1923,female,19,15-19,Person_1925,Person_1925,,0,,
HH_744,Person_1924,female,29,25-29,Person_1925,Person_1925,,0,,Edificio Agustín de Betancourt
HH_744,Person_1925,female,71,70-74,,,Person_1926,2,,
HH_744,Person_1926,female,60,60-64,,,Person_1925,2,,Residencia y Centro de día para personas mayores
HH_745,Person_1927,male,35,35-39,Person_1929,Person_1929,,0,,Madrid
HH_745,Person_1928,female,30,30-34,Person_1929,Person_1929,,0,,Fundación IMDEA Networks
HH_745,Person_1929,male,72,70-74,,,Person_1930,2,,
HH_745,Person_1930,male,62,60-64,,,Person_1929,2,,Fuenlabrada
HH_746,Person_1931,female,22,20-24,,Person_1935,,0,Alcorcon,
HH_746,Person_1932,female,17,15-19,,Person_1935,,0,Alcorcon,
HH_746,Person_1933,male,14,10-14,,Person_1935,,0,Alcorcon,
HH_746,Person_1934,male,13,10-14,,Person_1935,,0,Alcorcon,
HH_746,Person_1935,female,60,60-64,,,,4,Alcorcon,
HH_747,Person_1936,male,94,90-94,,,,0,Madrid,
HH_748,Person_1937,male,25,25-29,,,,0,Madrid,Edificio Sabatini
HH_748,Person_1938,male,31,30-34,,,,0,Madrid,
HH_749,Person_1939,female,17,15-19,Person_1941,Person_1941,,0,,
HH_749,Person_1940,female,32,30-34,Person_1941,Person_1941,,0,,Madrid
HH_749,Person_1941,female,65,65-69,,,Person_1942,2,,
HH_749,Person_1942,female,72,70-74,,,Person_1941,2,,
HH_750,Person_1943,male,82,80-84,,,,0,,
HH_750,Person_1944,male,36,35-39,,,,0,,
HH_751,Person_1945,female,68,65-69,,,,0,Alcorcon,
HH_752,Person_1946,male,16,15-19,Person_1948,Person_1948,,0,,
HH_752,Person_1947,male,26,25-29,Person_1948,Person_1948,,0,,
HH_752,Person_1948,male,53,50-54,,,Person_1949,2,,
HH_752,Person_1949,male,50,50-54,,,Person_1948,2,,Madrid
HH_753,Person_1950,female,81,80-84,,,,0,,
HH_754,Person_1951,female,4,0-4,Person_1952,Person_1952,,0,,Escuela Infantil Rosa Caramelo
HH_754,Person_1952,male,45,45-49,,,Person_1953,1,,Madrid
HH_754,Person_1953,male,34,30-34,,,Person_1952,1,,Madrid
HH_755,Person_1954,female,17,15-19,Person_1956,Person_1956,,0,,
HH_755,Person_1955,female,30,30-34,Person_1956,Person_1956,,0,,Edificio Agustín de Betancourt
HH_755,Person_1956,male,45,45-49,,,Person_1957,2,,Getafe norte
HH_755,Person_1957,male,47,45-49,,,Person_1956,2,,Madrid
HH_756,Person_1958,female,18,15-19,Person_1959,Person_1959,,0,,Madrid
HH_756,Person_1959,female,49,45-49,,,Person_1960,1,,Madrid
HH_756,Person_1960,female,44,40-44,,,Person_1959,1,,Mostoles
HH_757,Person_1961,female,47,45-49,,,,0,,Alcorcon
HH_757,Person_1962,male,20,20-24,,,,0,,
HH_758,Person_1963,male,16,15-19,Person_1964,Person_1964,,0,,
HH_758,Person_1964,male,30,30-34,,,Person_1965,1,,Edificio Sabatini
HH_758,Person_1965,male,27,25-29,,,Person_1964,1,,
HH_759,Person_1966,male,48,45-49,,,,0,Madrid,
HH_760,Person_1967,female,5,5-9,,Person_1971,,0,Madrid,
HH_760,Person_1968,male,1,0-4,,Person_1971,,0,Madrid,Escuela Infantil Rosa Caramelo
HH_760,Person_1969,male,6,5-9,,Person_1971,,0,Madrid,
HH_760,Person_1970,male,4,0-4,,Person_1971,,0,Madrid,
HH_760,Person_1971,female,36,35-39,,,,4,Madrid,
HH_761,Person_1972,male,18,15-19,Person_1975,Person_1975,,0,Mostoles,
HH_761,Person_1973,female,18,15-19,Person_1975,Person_1975,,0,Mostoles,
HH_761,Person_1974,female,27,25-29,Person_1975,Person_1975,,0,Mostoles,
HH_761,Person_1975,female,45,45-49,,,Person_1976,3,Mostoles,Emporiorueda
HH_761,Person_1976,female,35,35-39,,,Person_1975,3,Mostoles,
HH_762,Person_1977,female,39,35-39,Person_1979,Person_1979,,0,,
HH_762,Person_1978,male,29,25-29,Person_1979,Person_1979,,0,,
HH_762,Person_1979,male,58,55-59,,,Person_1980,2,,Madrid
HH_762,Person_1980,male,51,50-54,,,Person_1979,2,,Madrid
HH_763,Person_1981,male,32,30-34,,,,0,,Madrid
HH_764,Person_1982,male,23,20-24,Person_1984,Person_1984,,0,,
HH_764,Person_1983,female,35,35-39,Person_1984,Person_1984,,0,,
HH_764,Person_1984,female,64,60-64,,,Person_1985,2,,Madrid
HH_764,Person_1985,female,65,65-69,,,Person_1984,2,,
HH_765,Person_1986,male,91,90-94,,,,0,,
HH_765,Person_1987,female,18,15-19,,,,0,,Edificio Juan Benet
HH_765,Person_1988,female,88,85-89,,,,0,,
HH_766,Person_1989,female,42,40-44,,,,0,,
HH_767,Person_1990,female,6,5-9,Person_1994,,,0,Fuenlabrada,
HH_767,Person_1991,female,6,5-9,Person_1994,,,0,Fuenlabrada,Edificio Juan de Mairena
HH_767,Person_1992,male,13,10-14,Person_1994,,,0,Fuenlabrada,
HH_767,Person_1993,male,15,15-19,Person_1994,,,0,Fuenlabrada,
HH_767,Person_1994,male,45,45-49,,,,4,Fuenlabrada,
HH_768,Person_1995,female,76,75-79,,,,0,,
HH_768,Person_1996,female,66,65-69,,,,0,,
HH_769,Person_1997,female,8,5-9,Person_2000,Person_2000,,0,Madrid,
HH_769,Person_1998,female,17,15-19,Person_2000,Person_2000,,0,Madrid,
HH_769,Person_1999,female,11,10-14,Person_2000,Person_2000,,0,Madrid,
HH_769,Person_2000,female,44,40-44,,,Person_2001,3,Madrid,
HH_769,Person_2001,female,42,40-44,,,Person_2000,3,Madrid,
HH_770,Person_2002,male,8,5-9,Person_2006,,,0,,Edificio Juan de Mairena
HH_770,Person_2003,female,6,5-9,Person_2006,,,0,,
HH_770,Person_2004,female,6,5-9,Person_2006,,,0,,
HH_770,Person_2005,female,15,15-19,Person_2006,,,0,,
HH_770,Person_2006,male,44,40-44,,,,4,,Madrid
HH_771,Person_2007,female,19,15-19,Person_2008,Person_2008,,0,,Madrid
HH_771,Person_2008,female,49,45-49,,,Person_2009,1,,Mostoles
HH_771,Person_2009,female,56,55-59,,,Person_2008,1,,Madrid
HH_772,Person_2010,female,91,90-94,,,,0,,
HH_773,Person_2011,female,78,75-79,,,,0,Madrid,
HH_773,Person_2012,female,80,80-84,,,,0,Madrid,
HH_774,Person_2013,female,88,85-89,,,,0,Madrid,
HH_774,Person_2014,male,50,50-54,,,,0,Madrid,
HH_775,Person_2015,female,24,20-24,Person_2017,Person_2017,,0,,Edificio Juan Benet
HH_775,Person_2016,male,28,25-29,Person_2017,Person_2017,,0,,Edificio Agustín de Betancourt
HH_775,Person_2017,female,60,60-64,,,Person_2018,2,,Madrid
HH_775,Person_2018,female,79,75-79,,,Person_2017,2,,
HH_776,Person_2019,female,30,30-34,Person_2020,Person_2020,,0,,Biblioteca Rey Pastor
HH_776,Person_2020,male,61,60-64,,,Person_2021,1,,Madrid
HH_776,Person_2021,male,45,45-49,,,Person_2020,1,,Madrid
HH_777,Person_2022,male,58,55-59,,,,0,,
HH_778,Person_2023,female,0,0-4,Person_2026,Person_2026,,0,,
HH_778,Person_2024,male,1,0-4,Person_2026,Person_2026,,0,,Escuela Infantil Rosa Caramelo
HH_778,Person_2025,male,0,0-4,Person_2026,Person_2026,,0,,
HH_778,Person_2026,female,17,15-19,,,Person_2027,3,,
HH_778,Person_2027,female,24,20-24,,,Person_2026,3,,Madrid
HH_779,Person_2028,male,95,95-99,Person_2029,,,0,,
HH_779,Person_2029,male,105,100-120,,,,1,,
HH_780,Person_2030,female,1,0-4,Person_2031,Person_2031,,0,Madrid,
HH_780,Person_2031,male,41,40-44,,,Person_2032,1,Madrid,
HH_780,Person_2032,male,43,40-44,,,Person_2031,1,Madrid,
HH_781,Person_2033,male,23,20-24,Person_2035,Person_2035,,0,,
HH_781,Person_2034,male,25,25-29,Person_2035,Person_2035,,0,,Fundación IMDEA Networks
HH_781,Person_2035,female,50,50-54,,,Person_2036,2,,
HH_781,Person_2036,female,42,40-44,,,Person_2035,2,,
HH_782,Person_2037,male,0,0-4,Person_2039,Person_2039,,0,Madrid,
HH_782,Person_2038,female,27,25-29,Person_2039,Person_2039,,0,Madrid,
HH_782,Person_2039,female,67,65-69,,,Person_2040,2,Madrid,
HH_782,Person_2040,female,59,55-59,,,Person_2039,2,Madrid,
HH_783,Person_2041,female,50,50-54,,,,0,,McDonald's
HH_783,Person_2042,female,75,75-79,,,,0,,
HH_784,Person_2043,female,57,55-59,,,,0,,Madrid
HH_785,Person_2044,female,27,25-29,Person_2046,Person_2046,,0,Pabellón de hielo de Leganés,
HH_785,Person_2045,male,32,30-34,Person_2046,Person_2046,,0,Pabellón de hielo de Leganés,
HH_785,Person_2046,male,76,75-79,,,Person_2047,2,Pabellón de hielo de Leganés,
HH_785,Person_2047,male,59,55-59,,,Person_2046,2,Pabellón de hielo de Leganés,
HH_786,Person_2048,male,56,55-59,,,,0,,Madrid
HH_786,Person_2049,female,49,45-49,,,,0,,Madrid
HH_787,Person_2050,male,84,80-84,,,,0,,
HH_787,Person_2051,male,85,85-89,,,,0,,
HH_788,Person_2052,female,13,10-14,Person_2053,Person_2053,,0,Madrid,
HH_788,Person_2053,female,56,55-59,,,Person_2054,1,Madrid,
HH_788,Person_2054,female,62,60-64,,,Person_2053,1,Madrid,Derry Irish Tavern
HH_789,Person_2055,female,27,25-29,Person_2056,Person_2056,,0,Mostoles,
HH_789,Person_2056,female,42,40-44,,,Person_2057,1,Mostoles,
HH_789,Person_2057,female,42,40-44,,,Person_2056,1,Mostoles,
HH_790,Person_2058,female,35,35-39,Person_2059,Person_2059,,0,,Mostoles
HH_790,Person_2059,female,64,60-64,,,Person_2060,1,,
HH_790,Person_2060,female,65,65-69,,,Person_2059,1,,
HH_791,Person_2061,female,13,10-14,,Person_2063,,0,,
HH_791,Person_2062,male,21,20-24,,Person_2063,,0,,Madrid
HH_791,Person_2063,female,62,60-64,,,,2,,Madrid
HH_792,Person_2064,female,35,35-39,Person_2066,Person_2066,,0,,Madrid
HH_792,Person_2065,female,28,25-29,Person_2066,Person_2066,,0,,
HH_792,Person_2066,male,68,65-69,,,Person_2067,2,,
HH_792,Person_2067,male,75,75-79,,,Person_2066,2,,
HH_793,Person_2068,male,28,25-29,Person_2070,Person_2070,,0,,Edificio Agustín de Betancourt
HH_793,Person_2069,male,27,25-29,Person_2070,Person_2070,,0,,Madrid
HH_793,Person_2070,male,67,65-69,,,Person_2071,2,,
HH_793,Person_2071,male,55,55-59,,,Person_2070,2,,
HH_794,Person_2072,female,12,10-14,Person_2074,Person_2074,,0,,
HH_794,Person_2073,female,35,35-39,Person_2074,Person_2074,,0,,Madrid
HH_794,Person_2074,male,76,75-79,,,Person_2075,2,,
HH_794,Person_2075,male,70,70-74,,,Person_2074,2,,
HH_795,Person_2076,male,10,10-14,Person_2077,Person_2077,,0,Madrid,
HH_795,Person_2077,female,39,35-39,,,Person_2078,1,Madrid,
HH_795,Person_2078,female,76,75-79,,,Person_2077,1,Madrid,
HH_796,Person_2079,male,77,75-79,,,,0,Madrid,
HH_797,Person_2080,female,27,25-29,Person_2082,Person_2082,,0,Madrid,
HH_797,Person_2081,female,26,25-29,Person_2082,Person_2082,,0,Madrid,Edificio Torres Quevedo
HH_797,Person_2082,female,45,45-49,,,Person_2083,2,Madrid,
HH_797,Person_2083,female,47,45-49,,,Person_2082,2,Madrid,
HH_798,Person_2084,female,1,0-4,Person_2086,Person_2086,,0,Madrid,
HH_798,Person_2085,female,34,30-34,Person_2086,Person_2086,,0,Madrid,
HH_798,Person_2086,female,52,50-54,,,Person_2087,2,Madrid,
HH_798,Person_2087,female,52,50-54,,,Person_2086,2,Madrid,
HH_799,Person_2088,male,18,15-19,Person_2090,Person_2090,,0,,
HH_799,Person_2089,female,35,35-39,Person_2090,Person_2090,,0,,Madrid
HH_799,Person_2090,female,78,75-79,,,Person_2091,2,,
HH_799,Person_2091,female,54,50-54,,,Person_2090,2,,Fuenlabrada
HH_800,Person_2092,female,2,0-4,,Person_2093,,0,,
HH_800,Person_2093,female,33,30-34,,,,1,,Madrid
HH_801,Person_2094,female,18,15-19,Person_2096,,,0,,
HH_801,Person_2095,female,14,10-14,Person_2096,,,0,,Centro Ocupacional Juan Ramón Jiménez
HH_801,Person_2096,male,50,50-54,,,,2,,Madrid
HH_802,Person_2097,male,41,40-44,,,,0,,Madrid
HH_802,Person_2098,female,60,60-64,,,,0,,Getafe norte
HH_803,Person_2099,male,31,30-34,Person_2100,Person_2100,,0,,
HH_803,Person_2100,male,63,60-64,,,Person_2101,1,,Madrid
HH_803,Person_2101,male,55,55-59,,,Person_2100,1,,Madrid
HH_804,Person_2102,male,78,75-79,,Person_2103,,0,,
HH_804,Person_2103,female,107,100-120,,,,1,,
HH_805,Person_2104,male,22,20-24,,,,0,Getafe norte,
HH_805,Person_2105,male,87,85-89,,,,0,Getafe norte,
HH_806,Person_2106,female,26,25-29,,,,0,,
HH_806,Person_2107,female,77,75-79,,,,0,,
HH_807,Person_2108,male,67,65-69,,,,0,,
HH_808,Person_2109,male,66,65-69,,,,0,Fuenlabrada,
HH_808,Person_2110,female,23,20-24,,,,0,Fuenlabrada,Parque Científico de la Universidad Carlos III de Madrid
HH_809,Person_2111,female,11,10-14,,Person_2114,,0,,
HH_809,Person_2112,male,15,15-19,,Person_2114,,0,,
HH_809,Person_2113,male,20,20-24,,Person_2114,,0,,Madrid
HH_809,Person_2114,female,48,45-49,,,,3,,Madrid
HH_810,Person_2115,male,91,90-94,,,,0,,
HH_810,Person_2116,female,40,40-44,,,,0,,Madrid
HH_811,Person_2117,male,17,15-19,Person_2119,Person_2119,,0,,
HH_811,Person_2118,male,29,25-29,Person_2119,Person_2119,,0,,
HH_811,Person_2119,female,65,65-69,,,Person_2120,2,,
HH_811,Person_2120,female,60,60-64,,,Person_2119,2,,
HH_812,Person_2121,male,65,65-69,,,,0,,
HH_812,Person_2122,male,83,80-84,,,,0,,
HH_813,Person_2123,male,22,20-24,Person_2125,Person_2125,,0,,Edificio Torres Quevedo
HH_813,Person_2124,female,33,30-34,Person_2125,Person_2125,,0,,Madrid
HH_813,Person_2125,male,52,50-54,,,Person_2126,2,,Madrid
HH_813,Person_2126,male,51,50-54,,,Person_2125,2,,Madrid
HH_814,Person_2127,female,42,40-44,,,,0,Getafe norte,
HH_814,Person_2128,male,94,90-94,,,,0,Getafe norte,
HH_815,Person_2129,female,68,65-69,,,,0,Alcorcon,
HH_816,Person_2130,male,77,75-79,,,,0,,
HH_817,Person_2131,female,53,50-54,,,,0,,Madrid
HH_818,Person_2132,male,23,20-24,Person_2133,Person_2133,,0,,
HH_818,Person_2133,female,66,65-69,,,Person_2134,1,,
HH_818,Person_2134,female,57,55-59,,,Person_2133,1,,Madrid
HH_819,Person_2135,male,69,65-69,,,,0,,
HH_820,Person_2136,male,31,30-34,,,,0,,Madrid
HH_821,Person_2137,male,14,10-14,Person_2139,Person_2139,,0,,
HH_821,Person_2138,female,27,25-29,Person_2139,Person_2139,,0,,
HH_821,Person_2139,male,68,65-69,,,Person_2140,2,,
HH_821,Person_2140,male,53,50-54,,,Person_2139,2,,Madrid
HH_822,Person_2141,male,8,5-9,Person_2142,Person_2142,,0,,
HH_822,Person_2142,male,34,30-34,,,Person_2143,1,,Biblioteca Rey Pastor
HH_822,Person_2143,male,20,20-24,,,Person_2142,1,,Madrid
HH_823,Person_2144,male,15,15-19,Person_2146,Person_2146,,0,,
HH_823,Person_2145,male,32,30-34,Person_2146,Person_2146,,0,,Mostoles
HH_823,Person_2146,female,62,60-64,,,Person_2147,2,,Getafe norte
HH_823,Person_2147,female,85,85-89,,,Person_2146,2,,
HH_824,Person_2148,female,8,5-9,Person_2152,,,0,,
HH_824,Person_2149,male,8,5-9,Person_2152,,,0,,
HH_824,Person_2150,male,6,5-9,Person_2152,,,0,,
HH_824,Person_2151,female,2,0-4,Person_2152,,,0,,
HH_824,Person_2152,male,42,40-44,,,,4,,Madrid
HH_825,Person_2153,female,81,80-84,,,,0,,
HH_825,Person_2154,male,34,30-34,,,,0,,Madrid
HH_826,Person_2155,female,23,20-24,Person_2157,Person_2157,,0,,
HH_826,Person_2156,male,35,35-39,Person_2157,Person_2157,,0,,Madrid
HH_826,Person_2157,female,69,65-69,,,Person_2158,2,,
HH_826,Person_2158,female,79,75-79,,,Person_2157,2,,
HH_827,Person_2159,male,39,35-39,,,,0,,Madrid
HH_827,Person_2160,male,64,60-64,,,,0,,Fuenlabrada
HH_828,Person_2161,male,72,70-74,Person_2162,,,0,,
HH_828,Person_2162,male,99,95-99,,,,1,,
HH_829,Person_2163,male,19,15-19,,Person_2165,,0,Madrid,
HH_829,Person_2164,male,7,5-9,,Person_2165,,0,Madrid,
HH_829,Person_2165,female,47,45-49,,,,2,Madrid,Maxi China
HH_830,Person_2166,female,34,30-34,,,,0,,Madrid
HH_830,Person_2167,female,69,65-69,,,,0,,
HH_831,Person_2168,female,11,10-14,Person_2170,Person_2170,,0,Madrid,
HH_831,Person_2169,female,32,30-34,Person_2170,Person_2170,,0,Madrid,
HH_831,Person_2170,male,63,60-64,,,Person_2171,2,Madrid,
HH_831,Person_2171,male,61,60-64,,,Person_2170,2,Madrid,
HH_832,Person_2172,female,7,5-9,Person_2174,Person_2174,,0,,
HH_832,Person_2173,female,34,30-34,Person_2174,Person_2174,,0,,Madrid
HH_832,Person_2174,female,52,50-54,,,Person_2175,2,,Madrid
HH_832,Person_2175,female,47,45-49,,,Person_2174,2,,Madrid
HH_833,Person_2176,female,52,50-54,,,,0,,
HH_834,Person_2177,female,38,35-39,,,,0,,Madrid
HH_835,Person_2178,male,49,45-49,,,,0,Madrid,
HH_835,Person_2179,male,62,60-64,,,,0,Madrid,
HH_836,Person_2180,female,49,45-49,,,,0,Madrid,
HH_836,Person_2181,male,52,50-54,,,,0,Madrid,
HH_837,Person_2182,female,65,65-69,,,,0,,
HH_838,Person_2183,female,32,30-34,,,,0,,Madrid
HH_838,Person_2184,male,51,50-54,,,,0,,Madrid
HH_838,Person_2185,male,20,20-24,,,,0,,Madrid
HH_839,Person_2186,female,16,15-19,Person_2188,Person_2188,,0,Alcorcon,
HH_839,Person_2187,female,35,35-39,Person_2188,Person_2188,,0,Alcorcon,
HH_839,Person_2188,male,66,65-69,,,Person_2189,2,Alcorcon,
HH_839,Person_2189,male,55,55-59,,,Person_2188,2,Alcorcon,Decathlon
HH_840,Person_2190,male,77,75-79,,,,0,Madrid,
HH_840,Person_2191,male,24,20-24,,,,0,Madrid,
HH_840,Person_2192,male,51,50-54,,,,0,Madrid,
HH_840,Person_2193,female,31,30-34,,,,0,Madrid,
HH_841,Person_2194,female,21,20-24,,,,0,,Edificio Juan Benet
HH_841,Person_2195,male,87,85-89,,,,0,,
HH_842,Person_2196,male,32,30-34,,,,0,Madrid,Radiotrans Iberia
HH_842,Person_2197,female,89,85-89,,,,0,Madrid,
HH_843,Person_2198,male,21,20-24,Person_2200,Person_2200,,0,,Edificio Agustín de Betancourt
HH_843,Person_2199,female,31,30-34,Person_2200,Person_2200,,0,,Mostoles
HH_843,Person_2200,male,47,45-49,,,Person_2201,2,,Getafe norte
HH_843,Person_2201,male,54,50-54,,,Person_2200,2,,Madrid
HH_844,Person_2202,female,92,90-94,,,,0,,
HH_845,Person_2203,female,9,5-9,Person_2204,Person_2204,,0,,
HH_845,Person_2204,male,25,25-29,,,Person_2205,1,,Fundación IMDEA Networks
HH_845,Person_2205,male,27,25-29,,,Person_2204,1,,Madrid
HH_846,Person_2206,male,54,50-54,Person_2209,,,0,,Fuenlabrada
HH_846,Person_2207,female,74,70-74,Person_2209,,,0,,
HH_846,Person_2208,female,46,45-49,Person_2209,,,0,,Getafe norte
HH_846,Person_2209,male,30,30-34,Person_2209,,,5,,Madrid
HH_846,Person_2210,female,78,75-79,Person_2209,,,0,,
HH_847,Person_2211,female,23,20-24,Person_2213,Person_2213,,0,,Madrid
HH_847,Person_2212,female,32,30-34,Person_2213,Person_2213,,0,,Madrid
HH_847,Person_2213,female,61,60-64,,,Person_2214,2,,Fuenlabrada
HH_847,Person_2214,female,89,85-89,,,Person_2213,2,,
HH_848,Person_2215,male,73,70-74,,,,0,,
HH_848,Person_2216,female,22,20-24,,,,0,,Madrid
HH_849,Person_2217,female,72,70-74,,,,0,Fuenlabrada,
HH_850,Person_2218,female,96,95-99,,,,0,Madrid,
HH_850,Person_2219,male,91,90-94,,,,0,Madrid,
HH_851,Person_2220,male,65,65-69,,,,0,Subaru,
HH_852,Person_2221,female,16,15-19,Person_2222,,,0,,
HH_852,Person_2222,male,59,55-59,,,,1,,Madrid
HH_853,Person_2223,female,7,5-9,,Person_2225,,0,,guardería
HH_853,Person_2224,male,6,5-9,,Person_2225,,0,,
HH_853,Person_2225,female,48,45-49,,,,2,,Madrid
HH_854,Person_2226,male,92,90-94,,,,0,Madrid,
HH_854,Person_2227,male,58,55-59,,,,0,Madrid,
HH_855,Person_2228,male,41,40-44,,,,0,Madrid,
HH_855,Person_2229,male,90,90-94,,,,0,Madrid,
HH_856,Person_2230,male,35,35-39,,,,0,,Madrid
HH_856,Person_2231,male,24,20-24,,,,0,,Getafe norte
HH_857,Person_2232,female,4,0-4,Person_2234,Person_2234,,0,Fuenlabrada,
HH_857,Person_2233,female,35,35-39,Person_2234,Person_2234,,0,Fuenlabrada,Toyota
HH_857,Person_2234,female,69,65-69,,,Person_2235,2,Fuenlabrada,
HH_857,Person_2235,female,81,80-84,,,Person_2234,2,Fuenlabrada,
HH_858,Person_2236,male,52,50-54,,,,0,,Madrid
HH_859,Person_2237,male,94,90-94,,,,0,Madrid,
HH_859,Person_2238,male,85,85-89,,,,0,Madrid,
HH_860,Person_2239,female,4,0-4,Person_2241,Person_2241,,0,,
HH_860,Person_2240,female,27,25-29,Person_2241,Person_2241,,0,,
HH_860,Person_2241,male,61,60-64,,,Person_2242,2,,Alcorcon
HH_860,Person_2242,male,59,55-59,,,Person_2241,2,,Getafe norte
HH_861,Person_2243,male,15,15-19,Person_2244,Person_2244,,0,,
HH_861,Person_2244,female,58,55-59,,,Person_2245,1,,Madrid
HH_861,Person_2245,female,55,55-59,,,Person_2244,1,,Madrid
HH_862,Person_2246,female,3,0-4,Person_2248,Person_2248,,0,,
HH_862,Person_2247,male,35,35-39,Person_2248,Person_2248,,0,,Madrid
HH_862,Person_2248,male,66,65-69,,,Person_2249,2,,
HH_862,Person_2249,male,50,50-54,,,Person_2248,2,,Getafe norte
HH_863,Person_2250,female,92,90-94,,,,0,,
HH_864,Person_2251,female,39,35-39,,,,0,,Madrid
HH_865,Person_2252,female,71,70-74,,,,0,,
HH_865,Person_2253,female,27,25-29,,,,0,,Madrid
HH_866,Person_2254,female,28,25-29,,,,0,,Madrid
HH_866,Person_2255,male,23,20-24,,,,0,,Getafe norte
HH_867,Person_2256,female,78,75-79,,,,0,Parque de Bomberos - Leganés.,
HH_868,Person_2257,male,65,65-69,,,,0,,
HH_869,Person_2258,female,75,75-79,,,,0,,
HH_870,Person_2259,male,33,30-34,,,,0,,Madrid
HH_870,Person_2260,male,78,75-79,,,,0,,
HH_871,Person_2261,female,0,0-4,Person_2262,Person_2262,,0,,
HH_871,Person_2262,female,43,40-44,,,Person_2263,1,,Madrid
HH_871,Person_2263,female,40,40-44,,,Person_2262,1,,Madrid
HH_872,Person_2264,male,17,15-19,Person_2265,Person_2265,,0,Getafe norte,
HH_872,Person_2265,female,61,60-64,,,Person_2266,1,Getafe norte,
HH_872,Person_2266,female,71,70-74,,,Person_2265,1,Getafe norte,
HH_873,Person_2267,female,84,80-84,Person_2270,,,0,Madrid,
HH_873,Person_2268,female,67,65-69,Person_2270,,,0,Madrid,
HH_873,Person_2269,male,80,80-84,Person_2270,,,0,Madrid,
HH_873,Person_2270,male,99,95-99,,,,3,Madrid,
HH_874,Person_2271,male,7,5-9,Person_2273,Person_2273,,0,Fuenlabrada,
HH_874,Person_2272,male,33,30-34,Person_2273,Person_2273,,0,Fuenlabrada,
HH_874,Person_2273,female,73,70-74,,,Person_2274,2,Fuenlabrada,
HH_874,Person_2274,female,74,70-74,,,Person_2273,2,Fuenlabrada,
HH_875,Person_2275,female,22,20-24,Person_2277,,,0,,Edificio Torres Quevedo
HH_875,Person_2276,male,28,25-29,Person_2277,,,0,,Getafe norte
HH_875,Person_2277,male,57,55-59,,,,2,,Madrid
HH_876,Person_2278,male,46,45-49,,,,0,Madrid,
HH_877,Person_2279,female,63,60-64,,,,0,,Madrid
HH_877,Person_2280,female,52,50-54,,,,0,,Madrid
HH_878,Person_2281,female,4,0-4,Person_2283,Person_2283,,0,,
HH_878,Person_2282,male,33,30-34,Person_2283,Person_2283,,0,,Madrid
HH_878,Person_2283,female,63,60-64,,,Person_2284,2,,Madrid
HH_878,Person_2284,female,64,60-64,,,Person_2283,2,,Madrid
HH_879,Person_2285,female,11,10-14,Person_2287,Person_2287,,0,Getafe norte,
HH_879,Person_2286,male,34,30-34,Person_2287,Person_2287,,0,Getafe norte,
HH_879,Person_2287,female,62,60-64,,,Person_2288,2,Getafe norte,
HH_879,Person_2288,female,66,65-69,,,Person_2287,2,Getafe norte,
HH_880,Person_2289,female,66,65-69,,,,0,Madrid,
HH_881,Person_2290,female,4,0-4,Person_2292,Person_2292,,0,,
HH_881,Person_2291,female,27,25-29,Person_2292,Person_2292,,0,,Parque Científico de la Universidad Carlos III de Madrid
HH_881,Person_2292,female,71,70-74,,,Person_2293,2,,
HH_881,Person_2293,female,65,65-69,,,Person_2292,2,,
HH_882,Person_2294,female,33,30-34,Person_2295,Person_2295,,0,,
HH_882,Person_2295,female,66,65-69,,,Person_2296,1,,
HH_882,Person_2296,female,61,60-64,,,Person_2295,1,,Madrid
HH_883,Person_2297,male,26,25-29,Person_2298,,,0,,
HH_883,Person_2298,male,66,65-69,,,,1,,
HH_884,Person_2299,female,77,75-79,,,,0,,
HH_884,Person_2300,female,42,40-44,,,,0,,Madrid
HH_885,Person_2301,female,7,5-9,Person_2302,Person_2302,,0,,guardería
HH_885,Person_2302,male,39,35-39,,,Person_2303,1,,Madrid
HH_885,Person_2303,male,32,30-34,,,Person_2302,1,,Madrid
HH_886,Person_2304,female,62,60-64,,,,0,,Madrid
HH_887,Person_2305,male,49,45-49,,,,0,,Madrid
HH_887,Person_2306,female,45,45-49,,,,0,,Madrid
HH_888,Person_2307,male,30,30-34,Person_2308,Person_2308,,0,,
HH_888,Person_2308,female,57,55-59,,,Person_2309,1,,Madrid
HH_888,Person_2309,female,74,70-74,,,Person_2308,1,,
HH_889,Person_2310,male,65,65-69,,,,0,Getafe norte,
HH_890,Person_2311,male,27,25-29,,,,0,,Madrid
HH_891,Person_2312,male,20,20-24,Person_2314,Person_2314,,0,,
HH_891,Person_2313,female,30,30-34,Person_2314,Person_2314,,0,,
HH_891,Person_2314,female,79,75-79,,,Person_2315,2,,
HH_891,Person_2315,female,81,80-84,,,Person_2314,2,,
HH_892,Person_2316,female,79,75-79,,,,0,Madrid,
HH_893,Person_2317,male,23,20-24,Person_2320,Person_2320,,0,,
HH_893,Person_2318,female,8,5-9,Person_2320,Person_2320,,0,,
HH_893,Person_2319,female,27,25-29,Person_2320,Person_2320,,0,,Fundación IMDEA Networks
HH_893,Person_2320,female,42,40-44,,,Person_2321,3,,Madrid
HH_893,Person_2321,female,46,45-49,,,Person_2320,3,,Madrid
HH_894,Person_2322,female,66,65-69,,,,0,,
HH_895,Person_2323,female,23,20-24,,,,0,,
HH_895,Person_2324,female,83,80-84,,,,0,,
HH_896,Person_2325,male,57,55-59,Person_2327,Person_2327,,0,,Madrid
HH_896,Person_2326,male,25,25-29,Person_2327,Person_2327,,0,,
HH_896,Person_2327,female,88,85-89,,,Person_2328,2,,
HH_896,Person_2328,female,76,75-79,,,Person_2327,2,,
HH_897,Person_2329,female,52,50-54,,,,0,Fuenlabrada,
HH_897,Person_2330,male,76,75-79,,,,0,Fuenlabrada,
HH_898,Person_2331,male,99,95-99,,,,0,,
HH_898,Person_2332,female,36,35-39,,,,0,,Madrid
HH_899,Person_2333,female,8,5-9,Person_2337,,,0,,
HH_899,Person_2334,male,15,15-19,Person_2337,,,0,,
HH_899,Person_2335,female,7,5-9,Person_2337,,,0,,
HH_899,Person_2336,male,7,5-9,Person_2337,,,0,,
HH_899,Person_2337,male,32,30-34,,,,4,,Madrid
HH_900,Person_2338,male,17,15-19,Person_2339,Person_2339,,0,,
HH_900,Person_2339,female,45,45-49,,,Person_2340,1,,Madrid
HH_900,Person_2340,female,44,40-44,,,Person_2339,1,,Madrid
HH_901,Person_2341,female,79,75-79,,,,0,,
HH_902,Person_2342,female,8,5-9,Person_2344,Person_2344,,0,,
HH_902,Person_2343,male,26,25-29,Person_2344,Person_2344,,0,,Madrid
HH_902,Person_2344,female,57,55-59,,,Person_2345,2,,Madrid
HH_902,Person_2345,female,58,55-59,,,Person_2344,2,,Alcorcon
HH_903,Person_2346,male,25,25-29,,,,0,,Madrid
HH_904,Person_2347,male,20,20-24,Person_2348,Person_2348,,0,,
HH_904,Person_2348,male,56,55-59,,,Person_2349,1,,Madrid
HH_904,Person_2349,male,55,55-59,,,Person_2348,1,,Madrid
HH_905,Person_2350,male,67,65-69,,,,0,,
HH_906,Person_2351,male,26,25-29,,Person_2352,,0,Madrid,
HH_906,Person_2352,female,57,55-59,,,,1,Madrid,
HH_907,Person_2353,female,24,20-24,Person_2355,Person_2355,,0,,
HH_907,Person_2354,female,25,25-29,Person_2355,Person_2355,,0,,Edificio Agustín de Betancourt
HH_907,Person_2355,male,56,55-59,,,Person_2356,2,,Madrid
HH_907,Person_2356,male,48,45-49,,,Person_2355,2,,
HH_908,Person_2357,male,8,5-9,Person_2359,Person_2359,,0,Madrid,
HH_908,Person_2358,female,26,25-29,Person_2359,Person_2359,,0,Madrid,Edificio Sabatini
HH_908,Person_2359,female,53,50-54,,,Person_2360,2,Madrid,Medicentro
HH_908,Person_2360,female,57,55-59,,,Person_2359,2,Madrid,
HH_909,Person_2361,female,78,75-79,,,,0,Getafe norte,
HH_910,Person_2362,male,8,5-9,,Person_2366,,0,,
HH_910,Person_2363,male,13,10-14,,Person_2366,,0,,
HH_910,Person_2364,female,17,15-19,,Person_2366,,0,,
HH_910,Person_2365,male,8,5-9,,Person_2366,,0,,
HH_910,Person_2366,female,46,45-49,,,,4,,Madrid
HH_911,Person_2367,male,29,25-29,,,,0,,Madrid
HH_911,Person_2368,male,69,65-69,,,,0,,
HH_912,Person_2369,female,65,65-69,,,,0,,
HH_913,Person_2370,female,99,95-99,,,,0,,
HH_913,Person_2371,female,48,45-49,,,,0,,Madrid
HH_914,Person_2372,male,2,0-4,Person_2374,Person_2374,,0,Fuenlabrada,
HH_914,Person_2373,female,33,30-34,Person_2374,Person_2374,,0,Fuenlabrada,
HH_914,Person_2374,male,50,50-54,,,Person_2375,2,Fuenlabrada,
HH_914,Person_2375,male,46,45-49,,,Person_2374,2,Fuenlabrada,
HH_915,Person_2376,female,27,25-29,,,,0,Getafe norte,
HH_915,Person_2377,female,32,30-34,,,,0,Getafe norte,
HH_916,Person_2378,male,63,60-64,,,,0,Fuenlabrada,
HH_917,Person_2379,male,41,40-44,Person_2381,Person_2381,,0,,Madrid
HH_917,Person_2380,female,25,25-29,Person_2381,Person_2381,,0,,Madrid
HH_917,Person_2381,female,76,75-79,,,Person_2382,2,,
HH_917,Person_2382,female,61,60-64,,,Person_2381,2,,Madrid
HH_918,Person_2383,female,72,70-74,,,,0,,
HH_919,Person_2384,male,43,40-44,,,,0,,Madrid
HH_920,Person_2385,male,1,0-4,Person_2387,Person_2387,,0,Fuenlabrada,
HH_920,Person_2386,female,35,35-39,Person_2387,Person_2387,,0,Fuenlabrada,
HH_920,Person_2387,female,67,65-69,,,Person_2388,2,Fuenlabrada,
HH_920,Person_2388,female,72,70-74,,,Person_2387,2,Fuenlabrada,
HH_921,Person_2389,male,32,30-34,,,,0,Madrid,
HH_921,Person_2390,male,73,70-74,,,,0,Madrid,
HH_922,Person_2391,male,2,0-4,,Person_2393,,0,,
HH_922,Person_2392,female,4,0-4,,Person_2393,,0,,
HH_922,Person_2393,female,39,35-39,,,,2,,Madrid
HH_923,Person_2394,female,68,65-69,,,,0,,
HH_924,Person_2395,female,74,70-74,,,,0,,
HH_924,Person_2396,male,95,95-99,,,,0,,
HH_924,Person_2397,female,34,30-34,,,,0,,Getafe norte
HH_925,Person_2398,male,91,90-94,,,,0,,
HH_925,Person_2399,male,34,30-34,,,,0,,Madrid
HH_926,Person_2400,female,11,10-14,Person_2402,Person_2402,,0,,Escuela Infantil El Romancero
HH_926,Person_2401,male,25,25-29,Person_2402,Person_2402,,0,,
HH_926,Person_2402,female,43,40-44,,,Person_2403,2,,Madrid
HH_926,Person_2403,female,41,40-44,,,Person_2402,2,,Madrid
HH_927,Person_2404,male,16,15-19,Person_2407,Person_2407,,0,Madrid,
HH_927,Person_2405,male,19,15-19,Person_2407,Person_2407,,0,Madrid,
HH_927,Person_2406,female,5,5-9,Person_2407,Person_2407,,0,Madrid,
HH_927,Person_2407,male,53,50-54,,,Person_2408,3,Madrid,
HH_927,Person_2408,male,41,40-44,,,Person_2407,3,Madrid,Iberdrola Distribución Eléctrica
HH_928,Person_2409,female,92,90-94,,,,0,,
HH_928,Person_2410,male,83,80-84,,,,0,,
HH_929,Person_2411,female,6,5-9,Person_2413,Person_2413,,0,,
HH_929,Person_2412,female,32,30-34,Person_2413,Person_2413,,0,,Madrid
HH_929,Person_2413,female,64,60-64,,,Person_2414,2,,Madrid
HH_929,Person_2414,female,88,85-89,,,Person_2413,2,,
HH_930,Person_2415,female,21,20-24,,,,0,Madrid,Edificio Juan Benet
HH_930,Person_2416,male,59,55-59,,,,0,Madrid,
HH_931,Person_2417,female,43,40-44,Person_2418,,,0,,Madrid
HH_931,Person_2418,male,69,65-69,,,,1,,
HH_932,Person_2419,female,27,25-29,,,,0,Madrid,Parque Científico de la Universidad Carlos III de Madrid
HH_932,Person_2420,male,20,20-24,,,,0,Madrid,
HH_933,Person_2421,male,11,10-14,Person_2422,Person_2422,,0,Madrid,
HH_933,Person_2422,female,30,30-34,,,Person_2423,1,Madrid,
HH_933,Person_2423,female,40,40-44,,,Person_2422,1,Madrid,
HH_934,Person_2424,female,19,15-19,Person_2425,Person_2425,,0,,Madrid
HH_934,Person_2425,male,50,50-54,,,Person_2426,1,,Madrid
HH_934,Person_2426,male,44,40-44,,,Person_2425,1,,Madrid
HH_935,Person_2427,female,1,0-4,Person_2428,Person_2428,,0,Fuenlabrada,
HH_935,Person_2428,female,17,15-19,,,Person_2429,1,Fuenlabrada,
HH_935,Person_2429,female,16,15-19,,,Person_2428,1,Fuenlabrada,
HH_936,Person_2430,female,6,5-9,Person_2431,Person_2431,,0,,
HH_936,Person_2431,female,38,35-39,,,Person_2432,1,,
HH_936,Person_2432,female,36,35-39,,,Person_2431,1,,Madrid
HH_937,Person_2433,female,67,65-69,,,,0,Madrid,
HH_938,Person_2434,male,23,20-24,Person_2437,,,0,Madrid,
HH_938,Person_2435,male,10,10-14,Person_2437,,,0,Madrid,
HH_938,Person_2436,female,23,20-24,Person_2437,,,0,Madrid,
HH_938,Person_2437,male,40,40-44,,,,3,Madrid,
HH_939,Person_2438,female,28,25-29,,,,0,Madrid,
HH_939,Person_2439,female,23,20-24,,,,0,Madrid,
HH_940,Person_2440,female,81,80-84,,,,0,Fuenlabrada,
HH_940,Person_2441,female,69,65-69,,,,0,Fuenlabrada,
HH_941,Person_2442,male,57,55-59,,,,0,,Madrid
HH_942,Person_2443,male,91,90-94,,,,0,,
HH_942,Person_2444,female,56,55-59,,,,0,,Madrid
HH_943,Person_2445,male,30,30-34,,Person_2446,,0,,
HH_943,Person_2446,female,72,70-74,,,,1,,
HH_944,Person_2447,male,68,65-69,,,,0,Madrid,
HH_945,Person_2448,female,74,70-74,,,,0,,
HH_946,Person_2449,female,13,10-14,Person_2453,,,0,,
HH_946,Person_2450,male,6,5-9,Person_2453,,,0,,
HH_946,Person_2451,male,8,5-9,Person_2453,,,0,,
HH_946,Person_2452,male,9,5-9,Person_2453,,,0,,
HH_946,Person_2453,male,39,35-39,,,,4,,
HH_947,Person_2454,female,2,0-4,Person_2456,Person_2456,,0,,
HH_947,Person_2455,female,31,30-34,Person_2456,Person_2456,,0,,Madrid
HH_947,Person_2456,female,56,55-59,,,Person_2457,2,,Extremadura
HH_947,Person_2457,female,73,70-74,,,Person_2456,2,,
HH_948,Person_2458,female,93,90-94,,,,0,Fuenlabrada,
HH_948,Person_2459,male,70,70-74,,,,0,Fuenlabrada,
HH_948,Person_2460,male,41,40-44,,,,0,Fuenlabrada,
HH_949,Person_2461,male,78,75-79,,,,0,Alcorcon,
HH_950,Person_2462,male,83,80-84,,,,0,,
HH_950,Person_2463,female,96,95-99,,,,0,,
HH_950,Person_2464,male,69,65-69,,,,0,,
HH_951,Person_2465,male,62,60-64,,,,0,,Madrid
HH_951,Person_2466,female,51,50-54,,,,0,,Madrid
HH_952,Person_2467,female,67,65-69,,,,0,Fuenlabrada,
HH_953,Person_2468,male,5,5-9,Person_2470,Person_2470,,0,Madrid,
HH_953,Person_2469,female,32,30-34,Person_2470,Person_2470,,0,Madrid,
HH_953,Person_2470,female,58,55-59,,,Person_2471,2,Madrid,
HH_953,Person_2471,female,86,85-89,,,Person_2470,2,Madrid,
HH_954,Person_2472,female,95,95-99,,,,0,,
HH_954,Person_2473,female,59,55-59,,,,0,,Madrid
HH_955,Person_2474,male,72,70-74,Person_2477,Person_2477,,0,,
HH_955,Person_2475,male,54,50-54,Person_2477,Person_2477,,0,,
HH_955,Person_2476,male,34,30-34,Person_2477,Person_2477,,0,,Madrid
HH_955,Person_2477,male,91,90-94,,,Person_2478,3,,
HH_955,Person_2478,male,42,40-44,,,Person_2477,3,,Fuenlabrada
HH_956,Person_2479,female,6,5-9,Person_2482,,,0,,
HH_956,Person_2480,male,10,10-14,Person_2482,,,0,,
HH_956,Person_2481,female,9,5-9,Person_2482,,,0,,
HH_956,Person_2482,male,39,35-39,,,,3,,Madrid
HH_957,Person_2483,male,18,15-19,Person_2484,Person_2484,,0,,Biblioteca Rey Pastor
HH_957,Person_2484,female,43,40-44,,,Person_2485,1,,
HH_957,Person_2485,female,40,40-44,,,Person_2484,1,,Madrid
HH_958,Person_2486,male,25,25-29,Person_2488,Person_2488,,0,,
HH_958,Person_2487,female,34,30-34,Person_2488,Person_2488,,0,,Madrid
HH_958,Person_2488,female,63,60-64,,,Person_2489,2,,
HH_958,Person_2489,female,55,55-59,,,Person_2488,2,,Madrid
HH_959,Person_2490,female,45,45-49,,Person_2491,,0,Mostoles,Escuela Infantil El Romancero
HH_959,Person_2491,female,87,85-89,,,,1,Mostoles,
HH_960,Person_2492,male,69,65-69,,,,0,,
HH_960,Person_2493,male,49,45-49,,,,0,,Madrid
HH_960,Person_2494,female,33,30-34,,,,0,,Madrid
HH_960,Person_2495,female,41,40-44,,,,0,,Extremadura
HH_961,Person_2496,male,27,25-29,Person_2497,Person_2497,,0,,
HH_961,Person_2497,female,44,40-44,,,Person_2498,1,,Madrid
HH_961,Person_2498,female,36,35-39,,,Person_2497,1,,
HH_962,Person_2499,male,19,15-19,,,,0,Madrid,
HH_962,Person_2500,male,55,55-59,,,,0,Madrid,
HH_963,Person_2501,male,30,30-34,Person_2502,Person_2502,,0,,Edificio Sabatini
HH_963,Person_2502,male,63,60-64,,,Person_2503,1,,Madrid
HH_963,Person_2503,male,55,55-59,,,Person_2502,1,,Madrid
HH_964,Person_2504,male,38,35-39,,,,0,,Madrid
HH_964,Person_2505,female,40,40-44,,,,0,,Madrid
HH_965,Person_2506,female,2,0-4,Person_2508,Person_2508,,0,Fuenlabrada,Escuela Infantil Rosa Caramelo
HH_965,Person_2507,male,29,25-29,Person_2508,Person_2508,,0,Fuenlabrada,Edificio Sabatini
HH_965,Person_2508,female,47,45-49,,,Person_2509,2,Fuenlabrada,Parroquia de Santa Beatriz de Silva
HH_965,Person_2509,female,48,45-49,,,Person_2508,2,Fuenlabrada,
HH_966,Person_2510,male,3,0-4,Person_2512,Person_2512,,0,Alcorcon,
HH_966,Person_2511,male,26,25-29,Person_2512,Person_2512,,0,Alcorcon,Edificio Juan Benet
HH_966,Person_2512,female,52,50-54,,,Person_2513,2,Alcorcon,
HH_966,Person_2513,female,48,45-49,,,Person_2512,2,Alcorcon,
HH_967,Person_2514,female,70,70-74,,,,0,,
HH_968,Person_2515,male,50,50-54,,,,0,,Madrid
HH_968,Person_2516,female,72,70-74,,,,0,,
HH_969,Person_2517,female,11,10-14,Person_2519,Person_2519,,0,Madrid,
HH_969,Person_2518,male,35,35-39,Person_2519,Person_2519,,0,Madrid,
HH_969,Person_2519,female,66,65-69,,,Person_2520,2,Madrid,
HH_969,Person_2520,female,80,80-84,,,Person_2519,2,Madrid,
HH_970,Person_2521,female,25,25-29,Person_2524,Person_2524,,0,,
HH_970,Person_2522,female,33,30-34,Person_2524,Person_2524,,0,,Madrid
HH_970,Person_2523,male,1,0-4,Person_2524,Person_2524,,0,,Escuela Infantil Rosa Caramelo
HH_970,Person_2524,female,74,70-74,,,Person_2525,3,,
HH_970,Person_2525,female,69,65-69,,,Person_2524,3,,
HH_971,Person_2526,female,37,35-39,Person_2527,Person_2527,,0,,Madrid
HH_971,Person_2527,female,69,65-69,,,Person_2528,1,,
HH_971,Person_2528,female,63,60-64,,,Person_2527,1,,Fuenlabrada
HH_972,Person_2529,female,8,5-9,Person_2531,Person_2531,,0,,
HH_972,Person_2530,female,30,30-34,Person_2531,Person_2531,,0,,Madrid
HH_972,Person_2531,male,61,60-64,,,Person_2532,2,,Madrid
HH_972,Person_2532,male,48,45-49,,,Person_2531,2,,
HH_973,Person_2533,female,67,65-69,,,,0,,
HH_973,Person_2534,male,35,35-39,,,,0,,Extremadura
HH_973,Person_2535,male,35,35-39,,,,0,,Madrid
HH_974,Person_2536,female,9,5-9,Person_2537,Person_2537,,0,,
HH_974,Person_2537,male,41,40-44,,,Person_2538,1,,Madrid
HH_974,Person_2538,male,38,35-39,,,Person_2537,1,,Madrid
HH_975,Person_2539,male,90,90-94,,,,0,Fuenlabrada,
HH_975,Person_2540,male,76,75-79,,,,0,Fuenlabrada,
HH_976,Person_2541,male,15,15-19,Person_2543,Person_2543,,0,,
HH_976,Person_2542,male,34,30-34,Person_2543,Person_2543,,0,,Madrid
HH_976,Person_2543,female,59,55-59,,,Person_2544,2,,
HH_976,Person_2544,female,63,60-64,,,Person_2543,2,,Madrid
HH_977,Person_2545,female,36,35-39,Person_2547,Person_2547,,0,Madrid,
HH_977,Person_2546,male,27,25-29,Person_2547,Person_2547,,0,Madrid,
HH_977,Person_2547,female,69,65-69,,,Person_2548,2,Madrid,
HH_977,Person_2548,female,73,70-74,,,Person_2547,2,Madrid,
HH_978,Person_2549,female,13,10-14,Person_2551,,,0,,Escuela Municipal de Música Manuel Rodríguez Sales
HH_978,Person_2550,female,13,10-14,Person_2551,,,0,,
HH_978,Person_2551,male,56,55-59,,,,2,,Madrid
HH_979,Person_2552,female,28,25-29,,,,0,,
HH_979,Person_2553,female,53,50-54,,,,0,,Madrid
HH_980,Person_2554,male,41,40-44,Person_2555,Person_2555,,0,,Madrid
HH_980,Person_2555,male,74,70-74,,,Person_2556,1,,
HH_980,Person_2556,male,59,55-59,,,Person_2555,1,,Hospital Severo Ochoa
HH_981,Person_2557,male,6,5-9,Person_2558,Person_2558,,0,Madrid,
HH_981,Person_2558,male,42,40-44,,,Person_2559,1,Madrid,
HH_981,Person_2559,male,32,30-34,,,Person_2558,1,Madrid,
HH_982,Person_2560,female,19,15-19,Person_2561,,,0,,Edificio Agustín de Betancourt
HH_982,Person_2561,male,63,60-64,,,,1,,Madrid
HH_983,Person_2562,male,97,95-99,,,,0,,
HH_983,Person_2563,male,34,30-34,,,,0,,Madrid
HH_984,Person_2564,male,3,0-4,Person_2566,Person_2566,,0,Madrid,
HH_984,Person_2565,male,30,30-34,Person_2566,Person_2566,,0,Madrid,Edificio Sabatini
HH_984,Person_2566,female,73,70-74,,,Person_2567,2,Madrid,
HH_984,Person_2567,female,64,60-64,,,Person_2566,2,Madrid,
HH_985,Person_2568,male,8,5-9,Person_2572,,,0,,
HH_985,Person_2569,male,12,10-14,Person_2572,,,0,,
HH_985,Person_2570,female,4,0-4,Person_2572,,,0,,
HH_985,Person_2571,male,17,15-19,Person_2572,,,0,,
HH_985,Person_2572,male,53,50-54,,,,4,,
HH_986,Person_2573,female,78,75-79,,,,0,Getafe norte,
HH_987,Person_2574,male,6,5-9,Person_2576,Person_2576,,0,,
HH_987,Person_2575,male,30,30-34,Person_2576,Person_2576,,0,,
HH_987,Person_2576,female,58,55-59,,,Person_2577,2,,Extremadura
HH_987,Person_2577,female,80,80-84,,,Person_2576,2,,
HH_988,Person_2578,female,38,35-39,,Person_2579,,0,,Madrid
HH_988,Person_2579,female,63,60-64,,,,1,,Madrid
HH_989,Person_2580,female,65,65-69,,,,0,,
HH_990,Person_2581,male,22,20-24,Person_2583,Person_2583,,0,Madrid,
HH_990,Person_2582,male,29,25-29,Person_2583,Person_2583,,0,Madrid,Edificio Sabatini
HH_990,Person_2583,female,61,60-64,,,Person_2584,2,Madrid,
HH_990,Person_2584,female,60,60-64,,,Person_2583,2,Madrid,Dielectro Manchego
HH_991,Person_2585,female,1,0-4,Person_2587,Person_2587,,0,,
HH_991,Person_2586,female,30,30-34,Person_2587,Person_2587,,0,,
HH_991,Person_2587,male,67,65-69,,,Person_2588,2,,
HH_991,Person_2588,male,48,45-49,,,Person_2587,2,,Madrid
HH_992,Person_2589,male,16,15-19,,Person_2591,,0,,
HH_992,Person_2590,male,25,25-29,,Person_2591,,0,,
HH_992,Person_2591,female,58,55-59,,,,2,,
HH_993,Person_2592,male,12,10-14,Person_2593,,,0,,
HH_993,Person_2593,male,47,45-49,,,,1,,
HH_994,Person_2594,female,25,25-29,Person_2595,Person_2595,,0,,Madrid
HH_994,Person_2595,male,54,50-54,,,Person_2596,1,,Madrid
HH_994,Person_2596,male,47,45-49,,,Person_2595,1,,Madrid
HH_995,Person_2597,female,45,45-49,,,,0,Madrid,
HH_995,Person_2598,female,45,45-49,,,,0,Madrid,
HH_996,Person_2599,female,50,50-54,,,,0,Getafe norte,
HH_996,Person_2600,female,50,50-54,,,,0,Getafe norte,
HH_997,Person_2601,male,2,0-4,Person_2603,Person_2603,,0,Madrid,
HH_997,Person_2602,female,26,25-29,Person_2603,Person_2603,,0,Madrid,
HH_997,Person_2603,male,60,60-64,,,Person_2604,2,Madrid,
HH_997,Person_2604,male,46,45-49,,,Person_2603,2,Madrid,
HH_998,Person_2605,male,22,20-24,Person_2607,Person_2607,,0,,Madrid
HH_998,Person_2606,female,35,35-39,Person_2607,Person_2607,,0,,
HH_998,Person_2607,female,66,65-69,,,Person_2608,2,,
HH_998,Person_2608,female,79,75-79,,,Person_2607,2,,
HH_999,Person_2609,male,24,20-24,,Person_2611,,0,Mostoles,Edificio Sabatini
HH_999,Person_2610,female,28,25-29,,Person_2611,,0,Mostoles,
HH_999,Person_2611,female,69,65-69,,,,2,Mostoles,
HH_1000,Person_2612,female,23,20-24,Person_2614,Person_2614,,0,,
HH_1000,Person_2613,male,35,35-39,Person_2614,Person_2614,,0,,Madrid
HH_1000,Person_2614,female,68,65-69,,,Person_2615,2,,
HH_1000,Person_2615,female,75,75-79,,,Person_2614,2,,
HH_1001,Person_2616,male,17,15-19,Person_2617,Person_2617,,0,,
HH_1001,Person_2617,female,35,35-39,,,Person_2618,1,,Madrid
HH_1001,Person_2618,female,40,40-44,,,Person_2617,1,,Madrid
HH_1002,Person_2619,female,45,45-49,,,,0,Mostoles,Mercadona
HH_1002,Person_2620,male,49,45-49,,,,0,Mostoles,
HH_1003,Person_2621,male,18,15-19,Person_2622,Person_2622,,0,,Madrid
HH_1003,Person_2622,female,46,45-49,,,Person_2623,1,,Madrid
HH_1003,Person_2623,female,43,40-44,,,Person_2622,1,,Madrid
HH_1004,Person_2624,male,11,10-14,Person_2625,Person_2625,,0,,
HH_1004,Person_2625,male,27,25-29,,,Person_2626,1,,
HH_1004,Person_2626,male,30,30-34,,,Person_2625,1,,Parque Científico de la Universidad Carlos III de Madrid
HH_1005,Person_2627,female,39,35-39,Person_2628,Person_2628,,0,,Madrid
HH_1005,Person_2628,male,66,65-69,,,Person_2629,1,,
HH_1005,Person_2629,male,64,60-64,,,Person_2628,1,,
HH_1006,Person_2630,female,40,40-44,,Person_2632,,0,,Madrid
HH_1006,Person_2631,male,50,50-54,,Person_2632,,0,,
HH_1006,Person_2632,female,80,80-84,,,,2,,
HH_1007,Person_2633,female,25,25-29,,Person_2637,,0,,Madrid
HH_1007,Person_2634,male,15,15-19,,Person_2637,,0,,
HH_1007,Person_2635,male,0,0-4,,Person_2637,,0,,
HH_1007,Person_2636,female,2,0-4,,Person_2637,,0,,Escuela Infantil Rosa Caramelo
HH_1007,Person_2637,female,57,55-59,,,,4,,Madrid
HH_1008,Person_2638,male,11,10-14,Person_2639,Person_2639,,0,,Edificio Octavio Paz
HH_1008,Person_2639,male,38,35-39,,,Person_2640,1,,Madrid
HH_1008,Person_2640,male,41,40-44,,,Person_2639,1,,Madrid
HH_1009,Person_2641,female,15,15-19,Person_2642,,,0,,
HH_1009,Person_2642,male,47,45-49,,,,1,,Mostoles
HH_1010,Person_2643,female,57,55-59,,,,0,,Madrid
HH_1011,Person_2644,female,19,15-19,Person_2645,Person_2645,,0,,Madrid
HH_1011,Person_2645,female,51,50-54,,,Person_2646,1,,
HH_1011,Person_2646,female,54,50-54,,,Person_2645,1,,Madrid
HH_1012,Person_2647,male,11,10-14,Person_2649,Person_2649,,0,,
HH_1012,Person_2648,female,30,30-34,Person_2649,Person_2649,,0,,
HH_1012,Person_2649,female,60,60-64,,,Person_2650,2,,Madrid
HH_1012,Person_2650,female,93,90-94,,,Person_2649,2,,
HH_1013,Person_2651,male,20,20-24,Person_2652,Person_2652,,0,,
HH_1013,Person_2652,female,61,60-64,,,Person_2653,1,,
HH_1013,Person_2653,female,79,75-79,,,Person_2652,1,,
HH_1014,Person_2654,female,78,75-79,,,,0,Centro de Salud María Montessori,
HH_1015,Person_2655,female,31,30-34,,,,0,Madrid,
HH_1016,Person_2656,female,25,25-29,,Person_2659,,0,Madrid,
HH_1016,Person_2657,male,15,15-19,,Person_2659,,0,Madrid,
HH_1016,Person_2658,male,4,0-4,,Person_2659,,0,Madrid,
HH_1016,Person_2659,female,55,55-59,,,,3,Madrid,Peaje
HH_1017,Person_2660,female,4,0-4,Person_2662,Person_2662,,0,Getafe norte,
HH_1017,Person_2661,male,30,30-34,Person_2662,Person_2662,,0,Getafe norte,Edificio Torres Quevedo
HH_1017,Person_2662,female,61,60-64,,,Person_2663,2,Getafe norte,
HH_1017,Person_2663,female,65,65-69,,,Person_2662,2,Getafe norte,
HH_1018,Person_2664,male,24,20-24,,Person_2665,,0,,Parque Científico de la Universidad Carlos III de Madrid
HH_1018,Person_2665,female,41,40-44,,,,1,,Madrid
HH_1019,Person_2666,male,32,30-34,,Person_2668,,0,,Madrid
HH_1019,Person_2667,female,37,35-39,,Person_2668,,0,,Madrid
HH_1019,Person_2668,female,68,65-69,,,,2,,
HH_1020,Person_2669,male,69,65-69,,,,0,,
HH_1020,Person_2670,male,35,35-39,,,,0,,Delegación de Hacienda
HH_1021,Person_2671,female,33,30-34,,,,0,,Fuenlabrada
HH_1022,Person_2672,male,75,75-79,,,,0,Madrid,
HH_1022,Person_2673,female,32,30-34,,,,0,Madrid,Edificio Juan Benet
HH_1023,Person_2674,female,96,95-99,,,,0,,
HH_1023,Person_2675,male,77,75-79,,,,0,,
HH_1024,Person_2676,female,6,5-9,Person_2678,Person_2678,,0,Alcorcon,
HH_1024,Person_2677,male,27,25-29,Person_2678,Person_2678,,0,Alcorcon,
HH_1024,Person_2678,male,55,55-59,,,Person_2679,2,Alcorcon,
HH_1024,Person_2679,male,50,50-54,,,Person_2678,2,Alcorcon,
HH_1025,Person_2680,male,17,15-19,Person_2682,,,0,Madrid,
HH_1025,Person_2681,female,0,0-4,Person_2682,,,0,Madrid,
HH_1025,Person_2682,male,59,55-59,,,,2,Madrid,
HH_1026,Person_2683,female,34,30-34,,,,0,,Madrid
HH_1027,Person_2684,female,76,75-79,,,,0,,
HH_1027,Person_2685,male,48,45-49,,,,0,,Madrid
HH_1028,Person_2686,female,25,25-29,Person_2688,Person_2688,,0,,
HH_1028,Person_2687,female,35,35-39,Person_2688,Person_2688,,0,,Madrid
HH_1028,Person_2688,female,78,75-79,,,Person_2689,2,,
HH_1028,Person_2689,female,53,50-54,,,Person_2688,2,,Madrid
HH_1029,Person_2690,male,32,30-34,,,,0,,
HH_1030,Person_2691,female,28,25-29,Person_2692,Person_2692,,0,,Madrid
HH_1030,Person_2692,female,58,55-59,,,Person_2693,1,,Mostoles
HH_1030,Person_2693,female,85,85-89,,,Person_2692,1,,
HH_1031,Person_2694,male,21,20-24,,,,0,,Madrid
HH_1032,Person_2695,male,69,65-69,,,,0,Getafe norte,
HH_1032,Person_2696,female,98,95-99,,,,0,Getafe norte,
HH_1033,Person_2697,female,1,0-4,Person_2701,,,0,,
HH_1033,Person_2698,male,2,0-4,Person_2701,,,0,,
HH_1033,Person_2699,male,8,5-9,Person_2701,,,0,,
HH_1033,Person_2700,female,3,0-4,Person_2701,,,0,,
HH_1033,Person_2701,male,39,35-39,,,,4,,Madrid
HH_1034,Person_2702,female,23,20-24,Person_2706,,,0,Madrid,
HH_1034,Person_2703,female,8,5-9,Person_2706,,,0,Madrid,
HH_1034,Person_2704,male,14,10-14,Person_2706,,,0,Madrid,
HH_1034,Person_2705,female,12,10-14,Person_2706,,,0,Madrid,
HH_1034,Person_2706,male,60,60-64,,,,4,Madrid,
HH_1035,Person_2707,female,30,30-34,Person_2708,Person_2708,,0,Madrid,Edificio Sabatini
HH_1035,Person_2708,male,49,45-49,,,Person_2709,1,Madrid,
HH_1035,Person_2709,male,35,35-39,,,Person_2708,1,Madrid,
HH_1036,Person_2710,male,24,20-24,,Person_2714,,0,,Parque Científico de la Universidad Carlos III de Madrid
HH_1036,Person_2711,male,33,30-34,,Person_2714,,0,,Madrid
HH_1036,Person_2712,female,22,20-24,,Person_2714,,0,,Edificio Torres Quevedo
HH_1036,Person_2713,male,13,10-14,,Person_2714,,0,,
HH_1036,Person_2714,female,68,65-69,,,,4,,
HH_1037,Person_2715,female,54,50-54,,,,0,,Madrid
HH_1037,Person_2716,female,39,35-39,,,,0,,Madrid
HH_1038,Person_2717,female,72,70-74,,,,0,Fuenlabrada,
HH_1039,Person_2718,male,57,55-59,,Person_2719,,0,,
HH_1039,Person_2719,female,89,85-89,,,,1,,
HH_1040,Person_2720,male,19,15-19,,,,0,,
HH_1041,Person_2721,male,36,35-39,,,,0,,Madrid
HH_1042,Person_2722,female,51,50-54,,,,0,,
HH_1043,Person_2723,female,16,15-19,Person_2724,,,0,Madrid,
HH_1043,Person_2724,male,31,30-34,,,,1,Madrid,
HH_1044,Person_2725,female,45,45-49,,,,0,,Madrid
HH_1044,Person_2726,male,63,60-64,,,,0,,Fuenlabrada
HH_1045,Person_2727,female,69,65-69,,,,0,Madrid,
HH_1046,Person_2728,male,12,10-14,Person_2730,Person_2730,,0,Mostoles,
HH_1046,Person_2729,female,35,35-39,Person_2730,Person_2730,,0,Mostoles,
HH_1046,Person_2730,female,78,75-79,,,Person_2731,2,Mostoles,
HH_1046,Person_2731,female,86,85-89,,,Person_2730,2,Mostoles,
HH_1047,Person_2732,male,73,70-74,,,,0,Madrid,
HH_1048,Person_2733,female,81,80-84,,,,0,,
HH_1049,Person_2734,female,22,20-24,Person_2735,Person_2735,,0,,
HH_1049,Person_2735,female,50,50-54,,,Person_2736,1,,
HH_1049,Person_2736,female,47,45-49,,,Person_2735,1,,Madrid
HH_1050,Person_2737,female,16,15-19,,Person_2739,,0,Madrid,
HH_1050,Person_2738,female,25,25-29,,Person_2739,,0,Madrid,
HH_1050,Person_2739,female,59,55-59,,,,2,Madrid,
HH_1051,Person_2740,male,73,70-74,Person_2742,Person_2742,,0,,
HH_1051,Person_2741,female,38,35-39,Person_2742,Person_2742,,0,,Madrid
HH_1051,Person_2742,female,105,100-120,,,Person_2743,2,,
HH_1051,Person_2743,female,68,65-69,,,Person_2742,2,,
HH_1052,Person_2744,female,11,10-14,Person_2746,Person_2746,,0,Madrid,
HH_1052,Person_2745,male,29,25-29,Person_2746,Person_2746,,0,Madrid,
HH_1052,Person_2746,male,55,55-59,,,Person_2747,2,Madrid,
HH_1052,Person_2747,male,76,75-79,,,Person_2746,2,Madrid,
HH_1053,Person_2748,male,79,75-79,,,,0,,
HH_1054,Person_2749,male,25,25-29,Person_2750,,,0,,Edificio Sabatini
HH_1054,Person_2750,male,41,40-44,,,,1,,Getafe norte
HH_1055,Person_2751,male,95,95-99,,,,0,Madrid,
HH_1055,Person_2752,male,35,35-39,,,,0,Madrid,
HH_1056,Person_2753,male,22,20-24,Person_2755,Person_2755,,0,Madrid,Edificio Torres Quevedo
HH_1056,Person_2754,female,25,25-29,Person_2755,Person_2755,,0,Madrid,Fundación IMDEA Networks
HH_1056,Person_2755,male,53,50-54,,,Person_2756,2,Madrid,
HH_1056,Person_2756,male,53,50-54,,,Person_2755,2,Madrid,
HH_1057,Person_2757,female,20,20-24,Person_2759,,,0,,
HH_1057,Person_2758,male,14,10-14,Person_2759,,,0,,
HH_1057,Person_2759,male,61,60-64,,,,2,,Madrid
HH_1058,Person_2760,male,27,25-29,,Person_2761,,0,,
HH_1058,Person_2761,female,63,60-64,,,,1,,Madrid
HH_1059,Person_2762,female,58,55-59,,,,0,,Madrid
HH_1060,Person_2763,female,0,0-4,Person_2764,Person_2764,,0,Madrid,
HH_1060,Person_2764,male,25,25-29,,,Person_2765,1,Madrid,
HH_1060,Person_2765,male,34,30-34,,,Person_2764,1,Madrid,
HH_1061,Person_2766,male,16,15-19,,Person_2767,,0,,
HH_1061,Person_2767,female,47,45-49,,,,1,,Madrid
HH_1062,Person_2768,female,56,55-59,,,,0,Madrid,
HH_1063,Person_2769,male,14,10-14,,Person_2770,,0,,
HH_1063,Person_2770,female,48,45-49,,,,1,,Madrid
HH_1064,Person_2771,female,22,20-24,Person_2773,Person_2773,,0,,Getafe norte
HH_1064,Person_2772,male,35,35-39,Person_2773,Person_2773,,0,,Madrid
HH_1064,Person_2773,female,71,70-74,,,Person_2774,2,,
HH_1064,Person_2774,female,73,70-74,,,Person_2773,2,,
HH_1065,Person_2775,female,2,0-4,Person_2777,Person_2777,,0,Madrid,
HH_1065,Person_2776,male,31,30-34,Person_2777,Person_2777,,0,Madrid,
HH_1065,Person_2777,female,47,45-49,,,Person_2778,2,Madrid,
HH_1065,Person_2778,female,45,45-49,,,Person_2777,2,Madrid,
HH_1066,Person_2779,male,82,80-84,,,,0,,
HH_1066,Person_2780,male,65,65-69,,,,0,,
HH_1067,Person_2781,female,73,70-74,,,,0,,
HH_1068,Person_2782,female,11,10-14,Person_2783,Person_2783,,0,,
HH_1068,Person_2783,female,40,40-44,,,Person_2784,1,,Extremadura
HH_1068,Person_2784,female,54,50-54,,,Person_2783,1,,Madrid
HH_1069,Person_2785,female,79,75-79,,Person_2786,,0,Madrid,
HH_1069,Person_2786,female,117,100-120,,,,1,Madrid,
HH_1070,Person_2787,female,89,85-89,Person_2789,Person_2789,,0,,
HH_1070,Person_2788,male,92,90-94,Person_2789,Person_2789,,0,,
HH_1070,Person_2789,male,113,100-120,,,Person_2790,2,,
HH_1070,Person_2790,male,59,55-59,,,Person_2789,2,,Madrid
HH_1071,Person_2791,female,88,85-89,,,,0,,
HH_1071,Person_2792,female,77,75-79,,,,0,,
HH_1072,Person_2793,female,85,85-89,,,,0,Madrid,
HH_1073,Person_2794,male,25,25-29,,,,0,,
HH_1073,Person_2795,female,30,30-34,,,,0,,Madrid
HH_1074,Person_2796,male,4,0-4,Person_2798,Person_2798,,0,,
HH_1074,Person_2797,female,35,35-39,Person_2798,Person_2798,,0,,
HH_1074,Person_2798,male,62,60-64,,,Person_2799,2,,
HH_1074,Person_2799,male,51,50-54,,,Person_2798,2,,Madrid
HH_1075,Person_2800,male,13,10-14,Person_2802,Person_2802,,0,,
HH_1075,Person_2801,male,28,25-29,Person_2802,Person_2802,,0,,Fundación IMDEA Networks
HH_1075,Person_2802,male,57,55-59,,,Person_2803,2,,Madrid
HH_1075,Person_2803,male,50,50-54,,,Person_2802,2,,Madrid
HH_1076,Person_2804,male,12,10-14,Person_2806,Person_2806,,0,,
HH_1076,Person_2805,female,31,30-34,Person_2806,Person_2806,,0,,
HH_1076,Person_2806,male,68,65-69,,,Person_2807,2,,
HH_1076,Person_2807,male,59,55-59,,,Person_2806,2,,Madrid
HH_1077,Person_2808,male,0,0-4,Person_2810,,,0,,Escuela Infantil Rosa Caramelo
HH_1077,Person_2809,male,10,10-14,Person_2810,,,0,,
HH_1077,Person_2810,male,38,35-39,,,,2,,Madrid
HH_1078,Person_2811,female,30,30-34,,,,0,Madrid,
HH_1078,Person_2812,male,47,45-49,,,,0,Madrid,
HH_1079,Person_2813,female,32,30-34,,,,0,Madrid,
HH_1079,Person_2814,female,42,40-44,,,,0,Madrid,
HH_1080,Person_2815,male,18,15-19,,,,0,Getafe norte,Edificio Juan Benet
HH_1081,Person_2816,female,92,90-94,,,,0,Madrid,
HH_1081,Person_2817,male,26,25-29,,,,0,Madrid,
HH_1082,Person_2818,female,80,80-84,,,,0,,
HH_1083,Person_2819,male,27,25-29,Person_2821,Person_2821,,0,,Fundación IMDEA Networks
HH_1083,Person_2820,male,27,25-29,Person_2821,Person_2821,,0,,Madrid
HH_1083,Person_2821,female,59,55-59,,,Person_2822,2,,Madrid
HH_1083,Person_2822,female,70,70-74,,,Person_2821,2,,
HH_1084,Person_2823,male,33,30-34,,,,0,Madrid,
HH_1085,Person_2824,male,18,15-19,Person_2825,Person_2825,,0,Madrid,
HH_1085,Person_2825,male,61,60-64,,,Person_2826,1,Madrid,
HH_1085,Person_2826,male,60,60-64,,,Person_2825,1,Madrid,
HH_1086,Person_2827,female,65,65-69,,,,0,,
HH_1087,Person_2828,male,18,15-19,Person_2829,Person_2829,,0,,Madrid
HH_1087,Person_2829,male,62,60-64,,,Person_2830,1,,Madrid
HH_1087,Person_2830,male,74,70-74,,,Person_2829,1,,
HH_1088,Person_2831,male,38,35-39,,,,0,Madrid,
HH_1088,Person_2832,male,34,30-34,,,,0,Madrid,
HH_1088,Person_2833,male,50,50-54,,,,0,Madrid,
HH_1088,Person_2834,female,30,30-34,,,,0,Madrid,Edificio Sabatini
HH_1089,Person_2835,female,41,40-44,Person_2836,Person_2836,,0,,Madrid
HH_1089,Person_2836,female,73,70-74,,,Person_2837,1,,
HH_1089,Person_2837,female,64,60-64,,,Person_2836,1,,Madrid
HH_1090,Person_2838,female,29,25-29,,,,0,Madrid,Edificio Sabatini
HH_1090,Person_2839,female,64,60-64,,,,0,Madrid,
HH_1090,Person_2840,male,67,65-69,,,,0,Madrid,
HH_1091,Person_2841,female,3,0-4,,Person_2842,,0,,Escuela Infantil Rosa Caramelo
HH_1091,Person_2842,female,21,20-24,,,,1,,
HH_1092,Person_2843,female,40,40-44,Person_2844,Person_2844,,0,McDonald's,Getafe norte
HH_1092,Person_2844,male,55,55-59,,,Person_2845,1,McDonald's,Madrid
HH_1092,Person_2845,male,46,45-49,,,Person_2844,1,McDonald's,Madrid
HH_1093,Person_2846,female,24,20-24,Person_2847,Person_2847,,0,,Madrid
HH_1093,Person_2847,female,41,40-44,,,Person_2848,1,,Madrid
HH_1093,Person_2848,female,41,40-44,,,Person_2847,1,,Madrid
HH_1094,Person_2849,male,33,30-34,,,,0,Madrid,
HH_1094,Person_2850,female,79,75-79,,,,0,Madrid,
HH_1094,Person_2851,male,52,50-54,,,,0,Madrid,
HH_1094,Person_2852,male,43,40-44,,,,0,Madrid,
HH_1095,Person_2853,male,33,30-34,,,,0,,Mostoles
HH_1096,Person_2854,female,4,0-4,Person_2856,Person_2856,,0,,
HH_1096,Person_2855,female,25,25-29,Person_2856,Person_2856,,0,,Madrid
HH_1096,Person_2856,male,58,55-59,,,Person_2857,2,,
HH_1096,Person_2857,male,52,50-54,,,Person_2856,2,,
HH_1097,Person_2858,female,23,20-24,Person_2860,Person_2860,,0,,Madrid
HH_1097,Person_2859,female,35,35-39,Person_2860,Person_2860,,0,,
HH_1097,Person_2860,male,54,50-54,,,Person_2861,2,,Madrid
HH_1097,Person_2861,male,49,45-49,,,Person_2860,2,,Madrid
HH_1098,Person_2862,female,79,75-79,,,,0,,
HH_1099,Person_2863,male,75,75-79,,,,0,Madrid,
HH_1100,Person_2864,male,24,20-24,,,,0,,Edificio Juan Benet
HH_1100,Person_2865,female,64,60-64,,,,0,,Madrid
HH_1101,Person_2866,female,24,20-24,Person_2867,Person_2867,,0,,
HH_1101,Person_2867,female,67,65-69,,,Person_2868,1,,
HH_1101,Person_2868,female,48,45-49,,,Person_2867,1,,Madrid
HH_1102,Person_2869,male,16,15-19,Person_2870,Person_2870,,0,,
HH_1102,Person_2870,female,50,50-54,,,Person_2871,1,,Madrid
HH_1102,Person_2871,female,42,40-44,,,Person_2870,1,,Madrid
HH_1103,Person_2872,female,84,80-84,,,,0,Madrid,
HH_1104,Person_2873,female,11,10-14,Person_2876,Person_2876,,0,,
HH_1104,Person_2874,female,12,10-14,Person_2876,Person_2876,,0,,
HH_1104,Person_2875,female,4,0-4,Person_2876,Person_2876,,0,,
HH_1104,Person_2876,female,54,50-54,,,Person_2877,3,,Madrid
HH_1104,Person_2877,female,55,55-59,,,Person_2876,3,,Alcorcon
HH_1105,Person_2878,female,65,65-69,,,,0,,
HH_1106,Person_2879,male,22,20-24,,,,0,,Madrid
HH_1106,Person_2880,male,22,20-24,,,,0,,
HH_1107,Person_2881,female,65,65-69,,,,0,,
HH_1108,Person_2882,male,46,45-49,,,,0,Madrid,
HH_1109,Person_2883,female,24,20-24,,Person_2885,,0,,
HH_1109,Person_2884,male,16,15-19,,Person_2885,,0,,
HH_1109,Person_2885,female,49,45-49,,,,2,,Alcorcon
HH_1110,Person_2886,female,23,20-24,Person_2888,Person_2888,,0,,Madrid
HH_1110,Person_2887,male,29,25-29,Person_2888,Person_2888,,0,,Edificio Juan Benet
HH_1110,Person_2888,female,54,50-54,,,Person_2889,2,,Madrid
HH_1110,Person_2889,female,74,70-74,,,Person_2888,2,,
HH_1111,Person_2890,female,11,10-14,Person_2891,Person_2891,,0,,
HH_1111,Person_2891,male,55,55-59,,,Person_2892,1,,Madrid
HH_1111,Person_2892,male,49,45-49,,,Person_2891,1,,Getafe norte
HH_1112,Person_2893,female,21,20-24,Person_2894,Person_2894,,0,,Madrid
HH_1112,Person_2894,female,47,45-49,,,Person_2895,1,,
HH_1112,Person_2895,female,45,45-49,,,Person_2894,1,,
HH_1113,Person_2896,female,74,70-74,,,,0,,
HH_1114,Person_2897,female,81,80-84,,,,0,,
HH_1114,Person_2898,male,73,70-74,,,,0,,
HH_1115,Person_2899,male,9,5-9,Person_2902,,,0,,
HH_1115,Person_2900,female,14,10-14,Person_2902,,,0,,
HH_1115,Person_2901,female,11,10-14,Person_2902,,,0,,Edificio Octavio Paz
HH_1115,Person_2902,male,46,45-49,,,,3,,Madrid
HH_1116,Person_2903,male,35,35-39,Person_2904,Person_2904,,0,,Madrid
HH_1116,Person_2904,male,75,75-79,,,Person_2905,1,,
HH_1116,Person_2905,male,81,80-84,,,Person_2904,1,,
HH_1117,Person_2906,male,54,50-54,,,,0,,Madrid
HH_1117,Person_2907,male,31,30-34,,,,0,,
HH_1118,Person_2908,female,78,75-79,,,,0,Alcorcon,
HH_1118,Person_2909,female,62,60-64,,,,0,Alcorcon,
HH_1119,Person_2910,female,71,70-74,,,,0,,
HH_1119,Person_2911,female,45,45-49,,,,0,,Madrid
HH_1119,Person_2912,female,90,90-94,,,,0,,
HH_1119,Person_2913,male,82,80-84,,,,0,,
HH_1120,Person_2914,male,0,0-4,Person_2916,Person_2916,,0,Madrid,Escuela Infantil Rosa Caramelo
HH_1120,Person_2915,male,27,25-29,Person_2916,Person_2916,,0,Madrid,
HH_1120,Person_2916,male,57,55-59,,,Person_2917,2,Madrid,
HH_1120,Person_2917,male,52,50-54,,,Person_2916,2,Madrid,
HH_1121,Person_2918,female,0,0-4,,Person_2921,,0,Madrid,
HH_1121,Person_2919,female,9,5-9,,Person_2921,,0,Madrid,
HH_1121,Person_2920,male,3,0-4,,Person_2921,,0,Madrid,
HH_1121,Person_2921,female,34,30-34,,,,3,Madrid,
HH_1122,Person_2922,female,95,95-99,,,,0,,
HH_1122,Person_2923,female,37,35-39,,,,0,,Getafe norte
HH_1123,Person_2924,male,18,15-19,Person_2925,Person_2925,,0,,
HH_1123,Person_2925,male,50,50-54,,,Person_2926,1,,Madrid
HH_1123,Person_2926,male,48,45-49,,,Person_2925,1,,Madrid
HH_1124,Person_2927,male,82,80-84,,,,0,,
HH_1125,Person_2928,female,6,5-9,Person_2930,Person_2930,,0,,
HH_1125,Person_2929,male,33,30-34,Person_2930,Person_2930,,0,,Madrid
HH_1125,Person_2930,female,61,60-64,,,Person_2931,2,,Alcorcon
HH_1125,Person_2931,female,77,75-79,,,Person_2930,2,,
HH_1126,Person_2932,male,23,20-24,,,,0,,Edificio Torres Quevedo
HH_1126,Person_2933,female,25,25-29,,,,0,,Edificio Juan Benet
HH_1127,Person_2934,female,22,20-24,,,,0,,Madrid
HH_1128,Person_2935,female,3,0-4,Person_2937,Person_2937,,0,,
HH_1128,Person_2936,male,28,25-29,Person_2937,Person_2937,,0,,Fundación IMDEA Networks
HH_1128,Person_2937,female,55,55-59,,,Person_2938,2,,
HH_1128,Person_2938,female,59,55-59,,,Person_2937,2,,Alcorcon
HH_1129,Person_2939,male,59,55-59,,,,0,,
HH_1130,Person_2940,female,22,20-24,,Person_2944,,0,,Biblioteca Rey Pastor
HH_1130,Person_2941,female,6,5-9,,Person_2944,,0,,
HH_1130,Person_2942,female,5,5-9,,Person_2944,,0,,
HH_1130,Person_2943,male,6,5-9,,Person_2944,,0,,
HH_1130,Person_2944,female,58,55-59,,,,4,,Fuenlabrada
HH_1131,Person_2945,female,3,0-4,Person_2947,Person_2947,,0,,Escuela Infantil Rosa Caramelo
HH_1131,Person_2946,male,33,30-34,Person_2947,Person_2947,,0,,
HH_1131,Person_2947,male,72,70-74,,,Person_2948,2,,
HH_1131,Person_2948,male,63,60-64,,,Person_2947,2,,
HH_1132,Person_2949,male,84,80-84,,,,0,,
HH_1132,Person_2950,male,92,90-94,,,,0,,
HH_1133,Person_2951,female,68,65-69,,,,0,,
HH_1133,Person_2952,male,24,20-24,,,,0,,
HH_1134,Person_2953,male,1,0-4,Person_2954,Person_2954,,0,Madrid,
HH_1134,Person_2954,female,40,40-44,,,Person_2955,1,Madrid,
HH_1134,Person_2955,female,33,30-34,,,Person_2954,1,Madrid,
HH_1135,Person_2956,male,81,80-84,,,,0,,
HH_1135,Person_2957,female,67,65-69,,,,0,,
HH_1135,Person_2958,male,85,85-89,,,,0,,
HH_1135,Person_2959,male,26,25-29,,,,0,,Madrid
HH_1136,Person_2960,male,60,60-64,,,,0,,
HH_1136,Person_2961,female,53,50-54,,,,0,,Madrid
HH_1137,Person_2962,male,0,0-4,Person_2964,Person_2964,,0,,
HH_1137,Person_2963,female,27,25-29,Person_2964,Person_2964,,0,,Madrid
HH_1137,Person_2964,female,45,45-49,,,Person_2965,2,,Madrid
HH_1137,Person_2965,female,70,70-74,,,Person_2964,2,,
HH_1138,Person_2966,female,83,80-84,,,,0,,
HH_1139,Person_2967,female,31,30-34,Person_2968,Person_2968,,0,Getafe norte,
HH_1139,Person_2968,female,57,55-59,,,Person_2969,1,Getafe norte,
HH_1139,Person_2969,female,86,85-89,,,Person_2968,1,Getafe norte,
HH_1140,Person_2970,male,70,70-74,,,,0,Talleres De Manuel,
HH_1140,Person_2971,male,84,80-84,,,,0,Talleres De Manuel,
HH_1141,Person_2972,female,76,75-79,,,,0,Madrid,
HH_1141,Person_2973,female,33,30-34,,,,0,Madrid,
HH_1142,Person_2974,male,29,25-29,,,,0,Mostoles,
HH_1143,Person_2975,female,69,65-69,,,,0,Madrid,
HH_1144,Person_2976,female,73,70-74,,,,0,,
HH_1145,Person_2977,male,25,25-29,,,,0,,Biblioteca Rey Pastor
HH_1145,Person_2978,female,58,55-59,,,,0,,Madrid
HH_1146,Person_2979,female,6,5-9,Person_2980,Person_2980,,0,Changó,
HH_1146,Person_2980,female,37,35-39,,,Person_2981,1,Changó,Madrid
HH_1146,Person_2981,female,32,30-34,,,Person_2980,1,Changó,Madrid
HH_1147,Person_2982,male,24,20-24,Person_2983,Person_2983,,0,,
HH_1147,Person_2983,female,55,55-59,,,Person_2984,1,,Madrid
HH_1147,Person_2984,female,84,80-84,,,Person_2983,1,,
HH_1148,Person_2985,male,36,35-39,,,,0,,
HH_1149,Person_2986,female,35,35-39,,,,0,Centro de Salud Doctor Mendiguchia Carriche,
HH_1150,Person_2987,female,96,95-99,,,,0,,
HH_1150,Person_2988,female,52,50-54,,,,0,,Madrid
HH_1151,Person_2989,female,88,85-89,,,,0,,
HH_1152,Person_2990,male,24,20-24,,,,0,Getafe norte,
HH_1153,Person_2991,female,11,10-14,,Person_2994,,0,Madrid,
HH_1153,Person_2992,female,21,20-24,,Person_2994,,0,Madrid,
HH_1153,Person_2993,female,10,10-14,,Person_2994,,0,Madrid,
HH_1153,Person_2994,female,38,35-39,,,,3,Madrid,
HH_1154,Person_2995,male,72,70-74,,,,0,,
HH_1155,Person_2996,male,37,35-39,,,,0,Madrid,
HH_1155,Person_2997,female,90,90-94,,,,0,Madrid,
HH_1155,Person_2998,female,63,60-64,,,,0,Madrid,
HH_1156,Person_2999,female,39,35-39,,,,0,,
HH_1157,Person_3000,male,66,65-69,,,,0,Madrid,
HH_1158,Person_3001,female,0,0-4,Person_3003,Person_3003,,0,,
HH_1158,Person_3002,male,29,25-29,Person_3003,Person_3003,,0,,Madrid
HH_1158,Person_3003,male,59,55-59,,,Person_3004,2,,
HH_1158,Person_3004,male,50,50-54,,,Person_3003,2,,Madrid
HH_1159,Person_3005,female,17,15-19,Person_3007,,,0,Madrid,
HH_1159,Person_3006,male,8,5-9,Person_3007,,,0,Madrid,
HH_1159,Person_3007,male,49,45-49,,,,2,Madrid,
HH_1160,Person_3008,male,71,70-74,,,,0,,
HH_1160,Person_3009,male,89,85-89,,,,0,,
HH_1161,Person_3010,female,5,5-9,Person_3013,,,0,,
HH_1161,Person_3011,male,7,5-9,Person_3013,,,0,,
HH_1161,Person_3012,male,6,5-9,Person_3013,,,0,,
HH_1161,Person_3013,male,38,35-39,,,,3,,Madrid
HH_1162,Person_3014,male,30,30-34,Person_3015,Person_3015,,0,Madrid,
HH_1162,Person_3015,male,61,60-64,,,Person_3016,1,Madrid,
HH_1162,Person_3016,male,82,80-84,,,Person_3015,1,Madrid,
HH_1163,Person_3017,female,2,0-4,Person_3019,Person_3019,,0,,
HH_1163,Person_3018,female,33,30-34,Person_3019,Person_3019,,0,,Madrid
HH_1163,Person_3019,male,75,75-79,,,Person_3020,2,,
HH_1163,Person_3020,male,70,70-74,,,Person_3019,2,,
HH_1164,Person_3021,male,8,5-9,Person_3023,Person_3023,,0,Getafe norte,
HH_1164,Person_3022,female,28,25-29,Person_3023,Person_3023,,0,Getafe norte,Edificio Agustín de Betancourt
HH_1164,Person_3023,female,59,55-59,,,Person_3024,2,Getafe norte,
HH_1164,Person_3024,female,56,55-59,,,Person_3023,2,Getafe norte,
HH_1165,Person_3025,female,63,60-64,,,,0,,
HH_1165,Person_3026,male,30,30-34,,,,0,,Mostoles
HH_1166,Person_3027,male,2,0-4,Person_3030,,,0,,
HH_1166,Person_3028,male,4,0-4,Person_3030,,,0,,
HH_1166,Person_3029,male,2,0-4,Person_3030,,,0,,
HH_1166,Person_3030,male,39,35-39,,,,3,,Madrid
HH_1167,Person_3031,female,1,0-4,Person_3034,Person_3034,,0,,
HH_1167,Person_3032,female,1,0-4,Person_3034,Person_3034,,0,,
HH_1167,Person_3033,female,4,0-4,Person_3034,Person_3034,,0,,
HH_1167,Person_3034,female,36,35-39,,,Person_3035,3,,
HH_1167,Person_3035,female,38,35-39,,,Person_3034,3,,Madrid
HH_1168,Person_3036,female,18,15-19,,Person_3040,,0,Madrid,
HH_1168,Person_3037,female,2,0-4,,Person_3040,,0,Madrid,Escuela Infantil Rosa Caramelo
HH_1168,Person_3038,female,20,20-24,,Person_3040,,0,Madrid,
HH_1168,Person_3039,female,3,0-4,,Person_3040,,0,Madrid,
HH_1168,Person_3040,female,64,60-64,,,,4,Madrid,
HH_1169,Person_3041,female,95,95-99,,,,0,,
HH_1169,Person_3042,female,91,90-94,,,,0,,
HH_1170,Person_3043,male,66,65-69,,,,0,Getafe norte,
HH_1170,Person_3044,female,29,25-29,,,,0,Getafe norte,
HH_1171,Person_3045,female,18,15-19,,,,0,,
HH_1171,Person_3046,female,48,45-49,,,,0,,Madrid
HH_1172,Person_3047,female,19,15-19,Person_3050,,,0,,
HH_1172,Person_3048,female,7,5-9,Person_3050,,,0,,
HH_1172,Person_3049,male,17,15-19,Person_3050,,,0,,
HH_1172,Person_3050,male,46,45-49,,,,3,,Fuenlabrada
HH_1173,Person_3051,male,36,35-39,Person_3052,Person_3052,,0,,Madrid
HH_1173,Person_3052,female,71,70-74,,,Person_3053,1,,
HH_1173,Person_3053,female,56,55-59,,,Person_3052,1,,Madrid
HH_1174,Person_3054,female,18,15-19,Person_3056,,,0,Madrid,
HH_1174,Person_3055,female,27,25-29,Person_3056,,,0,Madrid,
HH_1174,Person_3056,male,45,45-49,,,,2,Madrid,
HH_1175,Person_3057,male,66,65-69,,,,0,Madrid,
HH_1176,Person_3058,female,23,20-24,,,,0,,Madrid
HH_1176,Person_3059,male,66,65-69,,,,0,,
HH_1176,Person_3060,male,69,65-69,,,,0,,
HH_1176,Person_3061,female,24,20-24,,,,0,,Extremadura
HH_1177,Person_3062,female,19,15-19,Person_3063,Person_3063,,0,Fuenlabrada,
HH_1177,Person_3063,male,62,60-64,,,Person_3064,1,Fuenlabrada,
HH_1177,Person_3064,male,72,70-74,,,Person_3063,1,Fuenlabrada,
HH_1178,Person_3065,male,6,5-9,Person_3067,Person_3067,,0,Alcorcon,
HH_1178,Person_3066,female,32,30-34,Person_3067,Person_3067,,0,Alcorcon,
HH_1178,Person_3067,female,64,60-64,,,Person_3068,2,Alcorcon,
HH_1178,Person_3068,female,61,60-64,,,Person_3067,2,Alcorcon,
HH_1179,Person_3069,male,94,90-94,,,,0,,
HH_1179,Person_3070,female,59,55-59,,,,0,,Logista
HH_1180,Person_3071,male,40,40-44,,,,0,Mostoles,
HH_1180,Person_3072,female,21,20-24,,,,0,Mostoles,
HH_1180,Person_3073,female,98,95-99,,,,0,Mostoles,
HH_1181,Person_3074,male,74,70-74,,,,0,,
HH_1182,Person_3075,female,65,65-69,,,,0,Madrid,
HH_1182,Person_3076,male,86,85-89,,,,0,Madrid,
HH_1183,Person_3077,female,11,10-14,Person_3079,Person_3079,,0,,
HH_1183,Person_3078,female,30,30-34,Person_3079,Person_3079,,0,,Edificio Agustín de Betancourt
HH_1183,Person_3079,male,55,55-59,,,Person_3080,2,,Madrid
HH_1183,Person_3080,male,34,30-34,,,Person_3079,2,,Madrid
HH_1184,Person_3081,male,9,5-9,Person_3083,Person_3083,,0,Mercadona,
HH_1184,Person_3082,female,32,30-34,Person_3083,Person_3083,,0,Mercadona,
HH_1184,Person_3083,female,74,70-74,,,Person_3084,2,Mercadona,
HH_1184,Person_3084,female,64,60-64,,,Person_3083,2,Mercadona,Madrid
HH_1185,Person_3085,female,71,70-74,,,,0,,
HH_1186,Person_3086,male,33,30-34,Person_3088,Person_3088,,0,Getafe norte,
HH_1186,Person_3087,male,27,25-29,Person_3088,Person_3088,,0,Getafe norte,
HH_1186,Person_3088,female,61,60-64,,,Person_3089,2,Getafe norte,
HH_1186,Person_3089,female,74,70-74,,,Person_3088,2,Getafe norte,
HH_1187,Person_3090,female,22,20-24,,Person_3091,,0,,Edificio Torres Quevedo
HH_1187,Person_3091,female,51,50-54,,,,1,,Madrid
HH_1188,Person_3092,male,2,0-4,,Person_3094,,0,,
HH_1188,Person_3093,female,2,0-4,,Person_3094,,0,,Escuela Infantil Rosa Caramelo
HH_1188,Person_3094,female,28,25-29,,,,2,,Fundación IMDEA Networks
HH_1189,Person_3095,female,21,20-24,Person_3096,Person_3096,,0,,
HH_1189,Person_3096,male,56,55-59,,,Person_3097,1,,Madrid
HH_1189,Person_3097,male,52,50-54,,,Person_3096,1,,Madrid
HH_1190,Person_3098,male,97,95-99,,Person_3099,,0,,
HH_1190,Person_3099,female,112,100-120,,,,1,,
HH_1191,Person_3100,female,58,55-59,,,,0,,Madrid
HH_1192,Person_3101,female,27,25-29,,,,0,,Edificio Torres Quevedo
HH_1193,Person_3102,female,45,45-49,,,,0,,Madrid
HH_1193,Person_3103,female,64,60-64,,,,0,,Alcorcon
HH_1194,Person_3104,female,0,0-4,Person_3105,Person_3105,,0,,
HH_1194,Person_3105,male,37,35-39,,,Person_3106,1,,Madrid
HH_1194,Person_3106,male,30,30-34,,,Person_3105,1,,Edificio Sabatini
HH_1195,Person_3107,male,17,15-19,,Person_3111,,0,,Escuela Infantil El Romancero
HH_1195,Person_3108,female,15,15-19,,Person_3111,,0,,
HH_1195,Person_3109,female,2,0-4,,Person_3111,,0,,
HH_1195,Person_3110,female,21,20-24,,Person_3111,,0,,
HH_1195,Person_3111,female,65,65-69,,,,4,,
HH_1196,Person_3112,female,68,65-69,,,,0,,
HH_1197,Person_3113,female,68,65-69,,,,0,,
HH_1198,Person_3114,female,22,20-24,,Person_3116,,0,,Parque Científico de la Universidad Carlos III de Madrid
HH_1198,Person_3115,female,14,10-14,,Person_3116,,0,,
HH_1198,Person_3116,female,62,60-64,,,,2,,Alcorcon
HH_1199,Person_3117,male,68,65-69,,,,0,,
HH_1199,Person_3118,female,92,90-94,,,,0,,
HH_1200,Person_3119,female,76,75-79,,,,0,,
HH_1201,Person_3120,female,67,65-69,,,,0,,
HH_1201,Person_3121,female,81,80-84,,,,0,,
HH_1202,Person_3122,female,93,90-94,,,,0,,
HH_1202,Person_3123,female,37,35-39,,,,0,,
HH_1203,Person_3124,female,3,0-4,Person_3127,Person_3127,,0,,
HH_1203,Person_3125,female,0,0-4,Person_3127,Person_3127,,0,,
HH_1203,Person_3126,male,8,5-9,Person_3127,Person_3127,,0,,
HH_1203,Person_3127,male,40,40-44,,,Person_3128,3,,Madrid
HH_1203,Person_3128,male,38,35-39,,,Person_3127,3,,Madrid
HH_1204,Person_3129,female,9,5-9,Person_3131,Person_3131,,0,Madrid,
HH_1204,Person_3130,male,26,25-29,Person_3131,Person_3131,,0,Madrid,Edificio Sabatini
HH_1204,Person_3131,female,51,50-54,,,Person_3132,2,Madrid,
HH_1204,Person_3132,female,82,80-84,,,Person_3131,2,Madrid,
HH_1205,Person_3133,male,19,15-19,Person_3135,,,0,,Parque Científico de la Universidad Carlos III de Madrid
HH_1205,Person_3134,female,3,0-4,Person_3135,,,0,,Escuela Infantil Rosa Caramelo
HH_1205,Person_3135,male,34,30-34,,,,2,,
HH_1206,Person_3136,female,50,50-54,,,,0,,Fuenlabrada
HH_1206,Person_3137,male,87,85-89,,,,0,,
HH_1207,Person_3138,female,16,15-19,,Person_3139,,0,Madrid,
HH_1207,Person_3139,female,45,45-49,,,,1,Madrid,
HH_1208,Person_3140,female,95,95-99,,,,0,,
HH_1208,Person_3141,male,92,90-94,,,,0,,
HH_1208,Person_3142,male,77,75-79,,,,0,,
HH_1209,Person_3143,male,3,0-4,Person_3145,Person_3145,,0,,Escuela Infantil Rosa Caramelo
HH_1209,Person_3144,male,29,25-29,Person_3145,Person_3145,,0,,
HH_1209,Person_3145,male,54,50-54,,,Person_3146,2,,Madrid
HH_1209,Person_3146,male,46,45-49,,,Person_3145,2,,Getafe norte
HH_1210,Person_3147,male,26,25-29,Person_3148,Person_3148,,0,,Biblioteca Rey Pastor
HH_1210,Person_3148,male,65,65-69,,,Person_3149,1,,
HH_1210,Person_3149,male,46,45-49,,,Person_3148,1,,Madrid
HH_1211,Person_3150,male,33,30-34,Person_3151,Person_3151,,0,Madrid,
HH_1211,Person_3151,female,48,45-49,,,Person_3152,1,Madrid,
HH_1211,Person_3152,female,51,50-54,,,Person_3151,1,Madrid,
HH_1212,Person_3153,female,23,20-24,Person_3156,,,0,,Edificio Torres Quevedo
HH_1212,Person_3154,female,24,20-24,Person_3156,,,0,,Edificio Sabatini
HH_1212,Person_3155,female,19,15-19,Person_3156,,,0,,Madrid
HH_1212,Person_3156,male,68,65-69,,,,3,,
HH_1213,Person_3157,female,72,70-74,,,,0,Madrid,
HH_1214,Person_3158,female,48,45-49,,,,0,,Madrid
HH_1214,Person_3159,female,37,35-39,,,,0,,Fuenlabrada
HH_1215,Person_3160,male,74,70-74,,,,0,Alcorcon,
HH_1215,Person_3161,female,65,65-69,,,,0,Alcorcon,
HH_1216,Person_3162,male,44,40-44,,,,0,,Madrid
HH_1217,Person_3163,male,46,45-49,,,,0,,Getafe norte
HH_1217,Person_3164,male,76,75-79,,,,0,,
HH_1218,Person_3165,male,86,85-89,,,,0,Madrid,
HH_1219,Person_3166,female,23,20-24,,Person_3169,,0,Madrid,
HH_1219,Person_3167,female,18,15-19,,Person_3169,,0,Madrid,
HH_1219,Person_3168,female,12,10-14,,Person_3169,,0,Madrid,
HH_1219,Person_3169,female,57,55-59,,,,3,Madrid,
HH_1220,Person_3170,female,39,35-39,,Person_3171,,0,Madrid,
HH_1220,Person_3171,female,65,65-69,,,,1,Madrid,
HH_1221,Person_3172,male,63,60-64,,,,0,Mostoles,
HH_1221,Person_3173,female,37,35-39,,,,0,Mostoles,
HH_1222,Person_3174,male,45,45-49,,,,0,,Madrid
HH_1223,Person_3175,male,70,70-74,,,,0,,
HH_1223,Person_3176,female,57,55-59,,,,0,,Madrid
HH_1224,Person_3177,female,61,60-64,Person_3178,,,0,Alcorcon,
HH_1224,Person_3178,male,87,85-89,,,,1,Alcorcon,
HH_1225,Person_3179,female,81,80-84,,,,0,,
HH_1225,Person_3180,male,29,25-29,,,,0,,Edificio Juan Benet
HH_1225,Person_3181,male,71,70-74,,,,0,,
HH_1225,Person_3182,male,34,30-34,,,,0,,Madrid
HH_1226,Person_3183,male,36,35-39,Person_3184,,,0,,Getafe norte
HH_1226,Person_3184,male,66,65-69,,,,1,,
HH_1227,Person_3185,male,4,0-4,Person_3187,,,0,Madrid,Escuela Infantil Rosa Caramelo
HH_1227,Person_3186,male,13,10-14,Person_3187,,,0,Madrid,
HH_1227,Person_3187,male,44,40-44,,,,2,Madrid,
HH_1228,Person_3188,female,18,15-19,Person_3190,Person_3190,,0,,Madrid
HH_1228,Person_3189,female,32,30-34,Person_3190,Person_3190,,0,,Madrid
HH_1228,Person_3190,female,63,60-64,,,Person_3191,2,,Madrid
HH_1228,Person_3191,female,54,50-54,,,Person_3190,2,,
HH_1229,Person_3192,male,70,70-74,,,,0,,
HH_1229,Person_3193,male,20,20-24,,,,0,,Madrid
HH_1230,Person_3194,male,33,30-34,,,,0,,Madrid
HH_1230,Person_3195,male,96,95-99,,,,0,,
HH_1230,Person_3196,female,34,30-34,,,,0,,Madrid
HH_1231,Person_3197,male,41,40-44,,,,0,Getafe norte,
HH_1231,Person_3198,female,55,55-59,,,,0,Getafe norte,
HH_1232,Person_3199,female,32,30-34,Person_3201,Person_3201,,0,Madrid,
HH_1232,Person_3200,female,25,25-29,Person_3201,Person_3201,,0,Madrid,Edificio Agustín de Betancourt
HH_1232,Person_3201,female,75,75-79,,,Person_3202,2,Madrid,
HH_1232,Person_3202,female,75,75-79,,,Person_3201,2,Madrid,
HH_1233,Person_3203,female,23,20-24,Person_3205,Person_3205,,0,,
HH_1233,Person_3204,female,32,30-34,Person_3205,Person_3205,,0,,
HH_1233,Person_3205,male,57,55-59,,,Person_3206,2,,Fuenlabrada
HH_1233,Person_3206,male,56,55-59,,,Person_3205,2,,Madrid
HH_1234,Person_3207,female,12,10-14,Person_3208,Person_3208,,0,,
HH_1234,Person_3208,male,39,35-39,,,Person_3209,1,,Getafe norte
HH_1234,Person_3209,male,37,35-39,,,Person_3208,1,,Madrid
HH_1235,Person_3210,female,39,35-39,Person_3211,,,0,,Madrid
HH_1235,Person_3211,male,69,65-69,,,,1,,
HH_1236,Person_3212,female,22,20-24,Person_3214,Person_3214,,0,Mostoles,
HH_1236,Person_3213,male,32,30-34,Person_3214,Person_3214,,0,Mostoles,
HH_1236,Person_3214,male,48,45-49,,,Person_3215,2,Mostoles,
HH_1236,Person_3215,male,40,40-44,,,Person_3214,2,Mostoles,
HH_1237,Person_3216,male,20,20-24,,Person_3218,,0,,Madrid
HH_1237,Person_3217,male,3,0-4,,Person_3218,,0,,
HH_1237,Person_3218,female,55,55-59,,,,2,,
HH_1238,Person_3219,male,42,40-44,,,,0,Mostoles,
HH_1239,Person_3220,female,15,15-19,Person_3221,Person_3221,,0,,
HH_1239,Person_3221,female,55,55-59,,,Person_3222,1,,Madrid
HH_1239,Person_3222,female,61,60-64,,,Person_3221,1,,Madrid
HH_1240,Person_3223,female,74,70-74,,,,0,,
HH_1241,Person_3224,male,51,50-54,,,,0,,Madrid
HH_1241,Person_3225,male,98,95-99,,,,0,,
HH_1242,Person_3226,female,1,0-4,Person_3230,,,0,,Escuela Infantil Rosa Caramelo
HH_1242,Person_3227,female,10,10-14,Person_3230,,,0,,
HH_1242,Person_3228,male,11,10-14,Person_3230,,,0,,
HH_1242,Person_3229,female,9,5-9,Person_3230,,,0,,
HH_1242,Person_3230,male,28,25-29,,,,4,,Edificio Agustín de Betancourt
HH_1243,Person_3231,female,21,20-24,,Person_3234,,0,,
HH_1243,Person_3232,male,14,10-14,,Person_3234,,0,,
HH_1243,Person_3233,male,17,15-19,,Person_3234,,0,,
HH_1243,Person_3234,female,47,45-49,,,,3,,Madrid
HH_1244,Person_3235,male,6,5-9,Person_3237,,,0,,
HH_1244,Person_3236,male,10,10-14,Person_3237,,,0,,
HH_1244,Person_3237,male,49,45-49,,,,2,,Getafe norte
HH_1245,Person_3238,male,5,5-9,Person_3240,Person_3240,,0,,Escuela Infantil Rosa Caramelo
HH_1245,Person_3239,female,25,25-29,Person_3240,Person_3240,,0,,
HH_1245,Person_3240,female,58,55-59,,,Person_3241,2,,Madrid
HH_1245,Person_3241,female,82,80-84,,,Person_3240,2,,
HH_1246,Person_3242,male,83,80-84,,,,0,,
HH_1247,Person_3243,female,82,80-84,,,,0,,
HH_1248,Person_3244,male,2,0-4,Person_3245,Person_3245,,0,Fuenlabrada,
HH_1248,Person_3245,male,45,45-49,,,Person_3246,1,Fuenlabrada,
HH_1248,Person_3246,male,43,40-44,,,Person_3245,1,Fuenlabrada,
HH_1249,Person_3247,male,64,60-64,,,,0,Mostoles,
HH_1249,Person_3248,male,26,25-29,,,,0,Mostoles,Edificio Juan Benet
HH_1250,Person_3249,male,19,15-19,,,,0,,Edificio Sabatini
HH_1250,Person_3250,female,75,75-79,,,,0,,
HH_1251,Person_3251,female,20,20-24,Person_3254,,,0,,
HH_1251,Person_3252,female,4,0-4,Person_3254,,,0,,
HH_1251,Person_3253,female,1,0-4,Person_3254,,,0,,Escuela Infantil Rosa Caramelo
HH_1251,Person_3254,male,38,35-39,,,,3,,Madrid
HH_1252,Person_3255,male,81,80-84,,,,0,,
HH_1253,Person_3256,male,34,30-34,Person_3258,Person_3258,,0,,Madrid
HH_1253,Person_3257,female,36,35-39,Person_3258,Person_3258,,0,,Madrid
HH_1253,Person_3258,male,52,50-54,,,Person_3259,2,,Madrid
HH_1253,Person_3259,male,44,40-44,,,Person_3258,2,,Madrid
HH_1254,Person_3260,male,77,75-79,,,,0,,
HH_1254,Person_3261,male,23,20-24,,,,0,,Edificio Agustín de Betancourt
HH_1255,Person_3262,female,43,40-44,,,,0,,Madrid
HH_1255,Person_3263,female,53,50-54,,,,0,,Madrid
HH_1255,Person_3264,male,68,65-69,,,,0,,
HH_1256,Person_3265,male,3,0-4,Person_3267,Person_3267,,0,,
HH_1256,Person_3266,male,28,25-29,Person_3267,Person_3267,,0,,Madrid
HH_1256,Person_3267,male,61,60-64,,,Person_3268,2,,
HH_1256,Person_3268,male,59,55-59,,,Person_3267,2,,
HH_1257,Person_3269,male,48,45-49,,,,0,Madrid,
HH_1257,Person_3270,female,22,20-24,,,,0,Madrid,
HH_1258,Person_3271,male,31,30-34,Person_3272,Person_3272,,0,Madrid,
HH_1258,Person_3272,female,73,70-74,,,Person_3273,1,Madrid,
HH_1258,Person_3273,female,70,70-74,,,Person_3272,1,Madrid,
HH_1259,Person_3274,female,40,40-44,,,,0,Mostoles,
HH_1259,Person_3275,male,18,15-19,,,,0,Mostoles,
HH_1260,Person_3276,female,18,15-19,Person_3279,,,0,Madrid,Edificio Sabatini
HH_1260,Person_3277,male,3,0-4,Person_3279,,,0,Madrid,
HH_1260,Person_3278,female,15,15-19,Person_3279,,,0,Madrid,
HH_1260,Person_3279,male,51,50-54,,,,3,Madrid,
HH_1261,Person_3280,male,14,10-14,Person_3281,Person_3281,,0,Alcorcon,
HH_1261,Person_3281,female,39,35-39,,,Person_3282,1,Alcorcon,
HH_1261,Person_3282,female,31,30-34,,,Person_3281,1,Alcorcon,
HH_1262,Person_3283,female,34,30-34,,,,0,,Madrid
HH_1262,Person_3284,female,24,20-24,,,,0,,Parque Científico de la Universidad Carlos III de Madrid
HH_1263,Person_3285,male,33,30-34,,,,0,,Madrid
HH_1264,Person_3286,female,8,5-9,Person_3288,Person_3288,,0,Fuenlabrada,
HH_1264,Person_3287,male,30,30-34,Person_3288,Person_3288,,0,Fuenlabrada,
HH_1264,Person_3288,female,47,45-49,,,Person_3289,2,Fuenlabrada,
HH_1264,Person_3289,female,49,45-49,,,Person_3288,2,Fuenlabrada,
HH_1265,Person_3290,female,20,20-24,Person_3292,Person_3292,,0,Mostoles,
HH_1265,Person_3291,male,35,35-39,Person_3292,Person_3292,,0,Mostoles,
HH_1265,Person_3292,male,72,70-74,,,Person_3293,2,Mostoles,
HH_1265,Person_3293,male,56,55-59,,,Person_3292,2,Mostoles,
HH_1266,Person_3294,female,26,25-29,,,,0,Alcorcon,
HH_1266,Person_3295,female,76,75-79,,,,0,Alcorcon,
HH_1267,Person_3296,male,34,30-34,,,,0,Mostoles,
HH_1267,Person_3297,male,91,90-94,,,,0,Mostoles,
HH_1267,Person_3298,female,30,30-34,,,,0,Mostoles,
HH_1267,Person_3299,male,57,55-59,,,,0,Mostoles,Mercedes-Benz Citycar Sur S.A.
HH_1267,Person_3300,male,50,50-54,,,,0,Mostoles,
HH_1268,Person_3301,male,39,35-39,,Person_3302,,0,,Madrid
HH_1268,Person_3302,female,64,60-64,,,,1,,Madrid
HH_1269,Person_3303,male,6,5-9,Person_3304,Person_3304,,0,Alcorcon,
HH_1269,Person_3304,male,40,40-44,,,Person_3305,1,Alcorcon,
HH_1269,Person_3305,male,44,40-44,,,Person_3304,1,Alcorcon,
HH_1270,Person_3306,male,23,20-24,Person_3309,,,0,Getafe norte,
HH_1270,Person_3307,male,31,30-34,Person_3309,,,0,Getafe norte,
HH_1270,Person_3308,male,13,10-14,Person_3309,,,0,Getafe norte,
HH_1270,Person_3309,male,72,70-74,,,,3,Getafe norte,
HH_1271,Person_3310,male,52,50-54,,,,0,Fuenlabrada,
HH_1271,Person_3311,female,59,55-59,,,,0,Fuenlabrada,
HH_1272,Person_3312,male,32,30-34,,,,0,,Madrid
HH_1273,Person_3313,female,9,5-9,,Person_3316,,0,,
HH_1273,Person_3314,male,14,10-14,,Person_3316,,0,,Escuela Infantil El Romancero
HH_1273,Person_3315,male,3,0-4,,Person_3316,,0,,
HH_1273,Person_3316,female,41,40-44,,,,3,,Getafe norte
HH_1274,Person_3317,female,77,75-79,,,,0,,
HH_1274,Person_3318,male,89,85-89,,,,0,,
HH_1275,Person_3319,male,6,5-9,Person_3322,,,0,,
HH_1275,Person_3320,male,7,5-9,Person_3322,,,0,,
HH_1275,Person_3321,female,11,10-14,Person_3322,,,0,,
HH_1275,Person_3322,male,41,40-44,,,,3,,Madrid
HH_1276,Person_3323,male,79,75-79,,,,0,,
HH_1276,Person_3324,female,42,40-44,,,,0,,
HH_1277,Person_3325,male,67,65-69,Person_3326,,,0,,
HH_1277,Person_3326,male,102,100-120,,,,1,,
HH_1278,Person_3327,female,10,10-14,Person_3329,Person_3329,,0,,
HH_1278,Person_3328,female,28,25-29,Person_3329,Person_3329,,0,,
HH_1278,Person_3329,female,71,70-74,,,Person_3330,2,,
HH_1278,Person_3330,female,98,95-99,,,Person_3329,2,,
HH_1279,Person_3331,male,30,30-34,,,,0,,Madrid
HH_1280,Person_3332,female,8,5-9,Person_3335,,,0,Getafe norte,
HH_1280,Person_3333,female,0,0-4,Person_3335,,,0,Getafe norte,
HH_1280,Person_3334,female,10,10-14,Person_3335,,,0,Getafe norte,
HH_1280,Person_3335,male,35,35-39,,,,3,Getafe norte,
HH_1281,Person_3336,female,59,55-59,,,,0,Fuenlabrada,
HH_1281,Person_3337,male,89,85-89,,,,0,Fuenlabrada,
HH_1282,Person_3338,female,41,40-44,,,,0,,Madrid
HH_1282,Person_3339,male,89,85-89,,,,0,,
HH_1283,Person_3340,male,21,20-24,,Person_3341,,0,,Biblioteca Rey Pastor
HH_1283,Person_3341,female,56,55-59,,,,1,,Madrid
HH_1284,Person_3342,male,35,35-39,Person_3343,Person_3343,,0,,Madrid
HH_1284,Person_3343,male,67,65-69,,,Person_3344,1,,
HH_1284,Person_3344,male,59,55-59,,,Person_3343,1,,Madrid
HH_1285,Person_3345,female,68,65-69,,,,0,,
HH_1286,Person_3346,female,20,20-24,Person_3348,Person_3348,,0,Madrid,Auditorio
HH_1286,Person_3347,male,33,30-34,Person_3348,Person_3348,,0,Madrid,
HH_1286,Person_3348,male,73,70-74,,,Person_3349,2,Madrid,
HH_1286,Person_3349,male,53,50-54,,,Person_3348,2,Madrid,Lidl
HH_1287,Person_3350,female,12,10-14,Person_3354,,,0,Madrid,
HH_1287,Person_3351,male,5,5-9,Person_3354,,,0,Madrid,Escuela Infantil Rosa Caramelo
HH_1287,Person_3352,female,14,10-14,Person_3354,,,0,Madrid,
HH_1287,Person_3353,female,21,20-24,Person_3354,,,0,Madrid,Edificio Juan Benet
HH_1287,Person_3354,male,49,45-49,,,,4,Madrid,
HH_1288,Person_3355,male,10,10-14,,Person_3357,,0,,
HH_1288,Person_3356,male,14,10-14,,Person_3357,,0,,
HH_1288,Person_3357,female,39,35-39,,,,2,,
HH_1289,Person_3358,female,11,10-14,Person_3360,Person_3360,,0,Madrid,
HH_1289,Person_3359,male,27,25-29,Person_3360,Person_3360,,0,Madrid,Parque Científico de la Universidad Carlos III de Madrid
HH_1289,Person_3360,male,66,65-69,,,Person_3361,2,Madrid,
HH_1289,Person_3361,male,77,75-79,,,Person_3360,2,Madrid,
HH_1290,Person_3362,male,25,25-29,,Person_3365,,0,Mostoles,Edificio Torres Quevedo
HH_1290,Person_3363,female,24,20-24,,Person_3365,,0,Mostoles,Fundación IMDEA Networks
HH_1290,Person_3364,female,6,5-9,,Person_3365,,0,Mostoles,
HH_1290,Person_3365,female,55,55-59,,,,3,Mostoles,
HH_1291,Person_3366,female,20,20-24,Person_3367,Person_3367,,0,,Edificio Sabatini
HH_1291,Person_3367,male,38,35-39,,,Person_3368,1,,Madrid
HH_1291,Person_3368,male,38,35-39,,,Person_3367,1,,Madrid
HH_1292,Person_3369,male,19,15-19,Person_3370,,,0,,Madrid
HH_1292,Person_3370,male,46,45-49,,,,1,,Alcorcon
HH_1293,Person_3371,male,82,80-84,Person_3372,,,0,,
HH_1293,Person_3372,male,112,100-120,,,,1,,
HH_1294,Person_3373,female,68,65-69,,,,0,Madrid,
HH_1294,Person_3374,male,37,35-39,,,,0,Madrid,Emporiorueda
HH_1295,Person_3375,female,34,30-34,,,,0,KFC,Madrid
HH_1295,Person_3376,female,35,35-39,,,,0,KFC,Madrid
HH_1296,Person_3377,female,7,5-9,Person_3378,Person_3378,,0,,
HH_1296,Person_3378,male,48,45-49,,,Person_3379,1,,Madrid
HH_1296,Person_3379,male,41,40-44,,,Person_3378,1,,Fuenlabrada
HH_1297,Person_3380,female,19,15-19,Person_3384,,,0,,Madrid
HH_1297,Person_3381,female,11,10-14,Person_3384,,,0,,
HH_1297,Person_3382,female,28,25-29,Person_3384,,,0,,Madrid
HH_1297,Person_3383,male,11,10-14,Person_3384,,,0,,
HH_1297,Person_3384,male,55,55-59,,,,4,,Alcorcon
HH_1298,Person_3385,male,23,20-24,Person_3386,Person_3386,,0,,Edificio Sabatini
HH_1298,Person_3386,male,58,55-59,,,Person_3387,1,,Madrid
HH_1298,Person_3387,male,49,45-49,,,Person_3386,1,,Madrid
HH_1299,Person_3388,female,36,35-39,,,,0,Madrid,
HH_1300,Person_3389,female,51,50-54,,,,0,,Madrid
HH_1301,Person_3390,female,11,10-14,Person_3391,Person_3391,,0,Alcorcon,
HH_1301,Person_3391,female,51,50-54,,,Person_3392,1,Alcorcon,
HH_1301,Person_3392,female,53,50-54,,,Person_3391,1,Alcorcon,Parroquia de Santa Beatriz de Silva
HH_1302,Person_3393,female,38,35-39,Person_3394,,,0,,Madrid
HH_1302,Person_3394,male,56,55-59,,,,1,,Madrid
HH_1303,Person_3395,female,70,70-74,,,,0,Madrid,
HH_1304,Person_3396,male,18,15-19,,,,0,,Edificio Agustín de Betancourt
HH_1304,Person_3397,male,37,35-39,,,,0,,Madrid
HH_1305,Person_3398,female,52,50-54,,,,0,Fuenlabrada,
HH_1305,Person_3399,male,95,95-99,,,,0,Fuenlabrada,
HH_1305,Person_3400,male,89,85-89,,,,0,Fuenlabrada,
HH_1306,Person_3401,male,51,50-54,,,,0,Getafe norte,
HH_1307,Person_3402,male,10,10-14,Person_3403,Person_3403,,0,Tienda Tienda,
HH_1307,Person_3403,male,27,25-29,,,Person_3404,1,Tienda Tienda,Madrid
HH_1307,Person_3404,male,25,25-29,,,Person_3403,1,Tienda Tienda,
HH_1308,Person_3405,male,79,75-79,,,,0,,
HH_1308,Person_3406,female,88,85-89,,,,0,,
HH_1309,Person_3407,female,74,70-74,,,,0,Alcorcon,
HH_1310,Person_3408,female,35,35-39,,,,0,Madrid,
HH_1311,Person_3409,male,5,5-9,Person_3411,Person_3411,,0,Madrid,
HH_1311,Person_3410,female,27,25-29,Person_3411,Person_3411,,0,Madrid,
HH_1311,Person_3411,female,46,45-49,,,Person_3412,2,Madrid,
HH_1311,Person_3412,female,43,40-44,,,Person_3411,2,Madrid,Logista
HH_1312,Person_3413,male,3,0-4,Person_3414,Person_3414,,0,,
HH_1312,Person_3414,male,30,30-34,,,Person_3415,1,,
HH_1312,Person_3415,male,33,30-34,,,Person_3414,1,,Logista
HH_1313,Person_3416,female,33,30-34,Person_3418,,,0,,Madrid
HH_1313,Person_3417,female,40,40-44,Person_3418,,,0,,Madrid
HH_1313,Person_3418,male,83,80-84,,,,2,,
HH_1314,Person_3419,male,30,30-34,Person_3420,Person_3420,,0,Mercadona,Fundación IMDEA Networks
HH_1314,Person_3420,male,64,60-64,,,Person_3421,1,Mercadona,Madrid
HH_1314,Person_3421,male,50,50-54,,,Person_3420,1,Mercadona,Madrid
HH_1315,Person_3422,female,85,85-89,,,,0,,
HH_1316,Person_3423,male,2,0-4,Person_3425,Person_3425,,0,,
HH_1316,Person_3424,male,25,25-29,Person_3425,Person_3425,,0,,Fundación IMDEA Networks
HH_1316,Person_3425,female,66,65-69,,,Person_3426,2,,
HH_1316,Person_3426,female,73,70-74,,,Person_3425,2,,
HH_1317,Person_3427,male,83,80-84,,,,0,Casa del Reloj,
HH_1317,Person_3428,female,20,20-24,,,,0,Casa del Reloj,Edificio Torres Quevedo
HH_1318,Person_3429,male,20,20-24,Person_3431,Person_3431,,0,Mostoles,Centro Ocupacional Juan Ramón Jiménez
HH_1318,Person_3430,male,33,30-34,Person_3431,Person_3431,,0,Mostoles,
HH_1318,Person_3431,male,64,60-64,,,Person_3432,2,Mostoles,
HH_1318,Person_3432,male,66,65-69,,,Person_3431,2,Mostoles,
HH_1319,Person_3433,male,28,25-29,Person_3435,,,0,,Madrid
HH_1319,Person_3434,female,28,25-29,Person_3435,,,0,,Madrid
HH_1319,Person_3435,male,70,70-74,,,,2,,
HH_1320,Person_3436,female,22,20-24,,Person_3438,,0,,Madrid
HH_1320,Person_3437,male,13,10-14,,Person_3438,,0,,
HH_1320,Person_3438,female,58,55-59,,,,2,,Getafe norte
HH_1321,Person_3439,female,37,35-39,,,,0,,Madrid
HH_1322,Person_3440,male,4,0-4,Person_3441,Person_3441,,0,Getafe norte,
HH_1322,Person_3441,female,41,40-44,,,Person_3442,1,Getafe norte,
HH_1322,Person_3442,female,43,40-44,,,Person_3441,1,Getafe norte,
HH_1323,Person_3443,male,73,70-74,,Person_3444,,0,,
HH_1323,Person_3444,female,102,100-120,,,,1,,
HH_1324,Person_3445,male,24,20-24,Person_3447,,,0,Alcorcon,
HH_1324,Person_3446,female,2,0-4,Person_3447,,,0,Alcorcon,
HH_1324,Person_3447,male,65,65-69,,,,2,Alcorcon,
HH_1325,Person_3448,male,19,15-19,,,,0,,Madrid
HH_1326,Person_3449,male,57,55-59,,,,0,Madrid,
HH_1326,Person_3450,female,31,30-34,,,,0,Madrid,
HH_1327,Person_3451,female,65,65-69,,,,0,Madrid,
HH_1328,Person_3452,male,70,70-74,,,,0,,
HH_1328,Person_3453,female,94,90-94,,,,0,,
HH_1329,Person_3454,female,14,10-14,,Person_3456,,0,,
HH_1329,Person_3455,female,11,10-14,,Person_3456,,0,,Escuela Infantil El Romancero
HH_1329,Person_3456,female,58,55-59,,,,2,,Madrid
HH_1330,Person_3457,male,19,15-19,Person_3458,Person_3458,,0,,Edificio Juan Benet
HH_1330,Person_3458,male,46,45-49,,,Person_3459,1,,Madrid
HH_1330,Person_3459,male,26,25-29,,,Person_3458,1,,Edificio Agustín de Betancourt
HH_1331,Person_3460,female,14,10-14,Person_3461,Person_3461,,0,,
HH_1331,Person_3461,male,57,55-59,,,Person_3462,1,,Madrid
HH_1331,Person_3462,male,45,45-49,,,Person_3461,1,,Madrid
HH_1332,Person_3463,female,67,65-69,,,,0,,
HH_1333,Person_3464,male,4,0-4,Person_3466,Person_3466,,0,Madrid,
HH_1333,Person_3465,female,30,30-34,Person_3466,Person_3466,,0,Madrid,
HH_1333,Person_3466,female,63,60-64,,,Person_3467,2,Madrid,
HH_1333,Person_3467,female,67,65-69,,,Person_3466,2,Madrid,
HH_1334,Person_3468,male,8,5-9,Person_3470,Person_3470,,0,,
HH_1334,Person_3469,female,33,30-34,Person_3470,Person_3470,,0,,Madrid
HH_1334,Person_3470,male,59,55-59,,,Person_3471,2,,Madrid
HH_1334,Person_3471,male,46,45-49,,,Person_3470,2,,Madrid
HH_1335,Person_3472,male,90,90-94,,,,0,,
HH_1335,Person_3473,female,35,35-39,,,,0,,abm Rexel
HH_1336,Person_3474,female,7,5-9,Person_3476,Person_3476,,0,Madrid,
HH_1336,Person_3475,female,27,25-29,Person_3476,Person_3476,,0,Madrid,Edificio Sabatini
HH_1336,Person_3476,female,58,55-59,,,Person_3477,2,Madrid,
HH_1336,Person_3477,female,56,55-59,,,Person_3476,2,Madrid,
HH_1337,Person_3478,female,4,0-4,Person_3479,Person_3479,,0,,
HH_1337,Person_3479,male,33,30-34,,,Person_3480,1,,Madrid
HH_1337,Person_3480,male,33,30-34,,,Person_3479,1,,Madrid
HH_1338,Person_3481,female,97,95-99,,,,0,,
HH_1338,Person_3482,male,94,90-94,,,,0,,
HH_1339,Person_3483,male,20,20-24,Person_3484,,,0,,Madrid
HH_1339,Person_3484,male,51,50-54,,,,1,,Madrid
HH_1340,Person_3485,male,2,0-4,Person_3487,Person_3487,,0,Madrid,
HH_1340,Person_3486,male,34,30-34,Person_3487,Person_3487,,0,Madrid,
HH_1340,Person_3487,male,74,70-74,,,Person_3488,2,Madrid,
HH_1340,Person_3488,male,44,40-44,,,Person_3487,2,Madrid,
HH_1341,Person_3489,female,46,45-49,,,,0,Getafe norte,
HH_1341,Person_3490,male,99,95-99,,,,0,Getafe norte,
HH_1341,Person_3491,male,51,50-54,,,,0,Getafe norte,
HH_1342,Person_3492,female,9,5-9,Person_3495,Person_3495,,0,,
HH_1342,Person_3493,female,12,10-14,Person_3495,Person_3495,,0,,
HH_1342,Person_3494,male,2,0-4,Person_3495,Person_3495,,0,,
HH_1342,Person_3495,male,27,25-29,,,Person_3496,3,,Madrid
HH_1342,Person_3496,male,28,25-29,,,Person_3495,3,,Madrid
HH_1343,Person_3497,male,10,10-14,Person_3499,Person_3499,,0,,
HH_1343,Person_3498,male,28,25-29,Person_3499,Person_3499,,0,,
HH_1343,Person_3499,female,70,70-74,,,Person_3500,2,,
HH_1343,Person_3500,female,55,55-59,,,Person_3499,2,,Madrid
HH_1344,Person_3501,male,59,55-59,,,,0,Extremadura,
HH_1345,Person_3502,female,12,10-14,Person_3503,Person_3503,,0,,
HH_1345,Person_3503,female,40,40-44,,,Person_3504,1,,Getafe norte
HH_1345,Person_3504,female,40,40-44,,,Person_3503,1,,Getafe norte
HH_1346,Person_3505,female,65,65-69,,,,0,,
HH_1347,Person_3506,male,66,65-69,,,,0,,
HH_1348,Person_3507,male,14,10-14,Person_3508,Person_3508,,0,,
HH_1348,Person_3508,female,40,40-44,,,Person_3509,1,,Mostoles
HH_1348,Person_3509,female,44,40-44,,,Person_3508,1,,Madrid
HH_1349,Person_3510,female,2,0-4,Person_3511,Person_3511,,0,Madrid,
HH_1349,Person_3511,male,18,15-19,,,Person_3512,1,Madrid,Biblioteca Rey Pastor
HH_1349,Person_3512,male,19,15-19,,,Person_3511,1,Madrid,Biblioteca Rey Pastor
HH_1350,Person_3513,female,3,0-4,Person_3514,Person_3514,,0,,Escuela Infantil Rosa Caramelo
HH_1350,Person_3514,female,28,25-29,,,Person_3515,1,,Madrid
HH_1350,Person_3515,female,32,30-34,,,Person_3514,1,,Fuenlabrada
HH_1351,Person_3516,male,75,75-79,,,,0,,
HH_1351,Person_3517,male,48,45-49,,,,0,,Madrid
HH_1352,Person_3518,male,73,70-74,,,,0,,
HH_1353,Person_3519,female,47,45-49,,,,0,,Madrid
HH_1353,Person_3520,male,52,50-54,,,,0,,Madrid
HH_1354,Person_3521,female,70,70-74,,,,0,,
HH_1355,Person_3522,male,29,25-29,,,,0,,
HH_1356,Person_3523,male,6,5-9,Person_3524,Person_3524,,0,,
HH_1356,Person_3524,female,39,35-39,,,Person_3525,1,,
HH_1356,Person_3525,female,37,35-39,,,Person_3524,1,,Madrid
HH_1357,Person_3526,female,18,15-19,Person_3527,Person_3527,,0,,Parque Científico de la Universidad Carlos III de Madrid
HH_1357,Person_3527,male,48,45-49,,,Person_3528,1,,Alcorcon
HH_1357,Person_3528,male,45,45-49,,,Person_3527,1,,Fuenlabrada
HH_1358,Person_3529,female,79,75-79,,,,0,,
HH_1358,Person_3530,male,65,65-69,,,,0,,
HH_1359,Person_3531,male,65,65-69,,,,0,,
HH_1360,Person_3532,female,8,5-9,Person_3533,Person_3533,,0,,
HH_1360,Person_3533,male,48,45-49,,,Person_3534,1,,Alcorcon
HH_1360,Person_3534,male,42,40-44,,,Person_3533,1,,Madrid
HH_1361,Person_3535,male,16,15-19,Person_3537,Person_3537,,0,Madrid,
HH_1361,Person_3536,male,30,30-34,Person_3537,Person_3537,,0,Madrid,
HH_1361,Person_3537,female,64,60-64,,,Person_3538,2,Madrid,Hogar Y Descanso Caraf
HH_1361,Person_3538,female,60,60-64,,,Person_3537,2,Madrid,
HH_1362,Person_3539,female,60,60-64,,,,0,Getafe norte,
HH_1362,Person_3540,female,90,90-94,,,,0,Getafe norte,
HH_1363,Person_3541,male,58,55-59,,,,0,,Madrid
HH_1364,Person_3542,male,18,15-19,Person_3545,Person_3545,,0,Madrid,
HH_1364,Person_3543,female,2,0-4,Person_3545,Person_3545,,0,Madrid,
HH_1364,Person_3544,female,12,10-14,Person_3545,Person_3545,,0,Madrid,
HH_1364,Person_3545,female,59,55-59,,,Person_3546,3,Madrid,
HH_1364,Person_3546,female,51,50-54,,,Person_3545,3,Madrid,
HH_1365,Person_3547,male,93,90-94,,,,0,,
HH_1365,Person_3548,male,93,90-94,,,,0,,
HH_1366,Person_3549,male,69,65-69,,,,0,Madrid,
HH_1367,Person_3550,male,74,70-74,,,,0,,
HH_1367,Person_3551,male,81,80-84,,,,0,,
HH_1368,Person_3552,male,99,95-99,,,,0,Getafe norte,
HH_1368,Person_3553,male,62,60-64,,,,0,Getafe norte,
HH_1368,Person_3554,female,72,70-74,,,,0,Getafe norte,
HH_1369,Person_3555,female,10,10-14,Person_3556,Person_3556,,0,Madrid,
HH_1369,Person_3556,male,44,40-44,,,Person_3557,1,Madrid,
HH_1369,Person_3557,male,26,25-29,,,Person_3556,1,Madrid,
HH_1370,Person_3558,male,72,70-74,,,,0,Mostoles,
HH_1371,Person_3559,female,35,35-39,,,,0,Madrid,
HH_1371,Person_3560,female,97,95-99,,,,0,Madrid,
HH_1372,Person_3561,female,69,65-69,,,,0,,
HH_1372,Person_3562,female,22,20-24,,,,0,,Edificio Sabatini
HH_1373,Person_3563,female,17,15-19,Person_3565,Person_3565,,0,,
HH_1373,Person_3564,male,28,25-29,Person_3565,Person_3565,,0,,Madrid
HH_1373,Person_3565,female,55,55-59,,,Person_3566,2,,Getafe norte
HH_1373,Person_3566,female,67,65-69,,,Person_3565,2,,
HH_1374,Person_3567,male,11,10-14,Person_3570,Person_3570,,0,Extremadura,
HH_1374,Person_3568,female,15,15-19,Person_3570,Person_3570,,0,Extremadura,
HH_1374,Person_3569,female,1,0-4,Person_3570,Person_3570,,0,Extremadura,
HH_1374,Person_3570,male,55,55-59,,,Person_3571,3,Extremadura,
HH_1374,Person_3571,male,53,50-54,,,Person_3570,3,Extremadura,
HH_1375,Person_3572,male,85,85-89,Person_3573,,,0,,
HH_1375,Person_3573,male,115,100-120,,,,1,,
HH_1376,Person_3574,female,96,95-99,,,,0,,
HH_1376,Person_3575,male,49,45-49,,,,0,,Madrid
HH_1377,Person_3576,male,63,60-64,,,,0,,
HH_1377,Person_3577,female,57,55-59,,,,0,,Madrid
HH_1378,Person_3578,male,7,5-9,,Person_3581,,0,,
HH_1378,Person_3579,female,0,0-4,,Person_3581,,0,,
HH_1378,Person_3580,female,3,0-4,,Person_3581,,0,,Escuela Infantil Rosa Caramelo
HH_1378,Person_3581,female,34,30-34,,,,3,,Madrid
HH_1379,Person_3582,male,31,30-34,Person_3583,Person_3583,,0,Madrid,
HH_1379,Person_3583,female,48,45-49,,,Person_3584,1,Madrid,Edificio Sabatini
HH_1379,Person_3584,female,41,40-44,,,Person_3583,1,Madrid,
HH_1380,Person_3585,male,3,0-4,Person_3587,Person_3587,,0,Alcorcon,
HH_1380,Person_3586,female,34,30-34,Person_3587,Person_3587,,0,Alcorcon,
HH_1380,Person_3587,male,62,60-64,,,Person_3588,2,Alcorcon,
HH_1380,Person_3588,male,79,75-79,,,Person_3587,2,Alcorcon,
HH_1381,Person_3589,male,26,25-29,Person_3590,Person_3590,,0,,Madrid
HH_1381,Person_3590,male,54,50-54,,,Person_3591,1,,Madrid
HH_1381,Person_3591,male,45,45-49,,,Person_3590,1,,Madrid
HH_1382,Person_3592,female,5,5-9,Person_3593,Person_3593,,0,Madrid,
HH_1382,Person_3593,female,32,30-34,,,Person_3594,1,Madrid,Carmen García de Gúdal
HH_1382,Person_3594,female,37,35-39,,,Person_3593,1,Madrid,
HH_1383,Person_3595,female,65,65-69,,,,0,,
HH_1383,Person_3596,male,50,50-54,,,,0,,Extremadura
HH_1384,Person_3597,male,65,65-69,,,,0,,
HH_1385,Person_3598,male,15,15-19,Person_3599,Person_3599,,0,Centro de Formación Volkswagen,
HH_1385,Person_3599,female,49,45-49,,,Person_3600,1,Centro de Formación Volkswagen,Madrid
HH_1385,Person_3600,female,46,45-49,,,Person_3599,1,Centro de Formación Volkswagen,Madrid
HH_1386,Person_3601,female,32,30-34,,,,0,Madrid,
HH_1387,Person_3602,male,45,45-49,Person_3603,Person_3603,,0,,Madrid
HH_1387,Person_3603,female,79,75-79,,,Person_3604,1,,
HH_1387,Person_3604,female,71,70-74,,,Person_3603,1,,
HH_1388,Person_3605,female,26,25-29,Person_3606,Person_3606,,0,Mostoles,Fundación IMDEA Networks
HH_1388,Person_3606,female,57,55-59,,,Person_3607,1,Mostoles,
HH_1388,Person_3607,female,56,55-59,,,Person_3606,1,Mostoles,
HH_1389,Person_3608,female,70,70-74,,,,0,,
HH_1390,Person_3609,male,55,55-59,,,,0,,Madrid
HH_1391,Person_3610,male,95,95-99,,,,0,,
HH_1391,Person_3611,male,47,45-49,,,,0,,Fuenlabrada
HH_1391,Person_3612,female,29,25-29,,,,0,,Edificio Agustín de Betancourt
HH_1392,Person_3613,male,8,5-9,,Person_3615,,0,Fuenlabrada,
HH_1392,Person_3614,male,3,0-4,,Person_3615,,0,Fuenlabrada,
HH_1392,Person_3615,female,36,35-39,,,,2,Fuenlabrada,
HH_1393,Person_3616,male,12,10-14,,Person_3617,,0,,
HH_1393,Person_3617,female,51,50-54,,,,1,,Madrid
HH_1394,Person_3618,female,34,30-34,Person_3619,Person_3619,,0,,
HH_1394,Person_3619,female,68,65-69,,,Person_3620,1,,
HH_1394,Person_3620,female,51,50-54,,,Person_3619,1,,Madrid
HH_1395,Person_3621,male,18,15-19,Person_3623,Person_3623,,0,,Madrid
HH_1395,Person_3622,female,31,30-34,Person_3623,Person_3623,,0,,Getafe norte
HH_1395,Person_3623,male,64,60-64,,,Person_3624,2,,
HH_1395,Person_3624,male,57,55-59,,,Person_3623,2,,abm Rexel
HH_1396,Person_3625,male,10,10-14,Person_3626,Person_3626,,0,,
HH_1396,Person_3626,female,38,35-39,,,Person_3627,1,,Madrid
HH_1396,Person_3627,female,32,30-34,,,Person_3626,1,,Madrid
HH_1397,Person_3628,male,16,15-19,Person_3629,Person_3629,,0,,
HH_1397,Person_3629,female,53,50-54,,,Person_3630,1,,Madrid
HH_1397,Person_3630,female,56,55-59,,,Person_3629,1,,Madrid
HH_1398,Person_3631,female,16,15-19,,Person_3632,,0,,
HH_1398,Person_3632,female,41,40-44,,,,1,,
HH_1399,Person_3633,female,44,40-44,,,,0,Madrid,
HH_1400,Person_3634,female,86,85-89,,,,0,Taller Valderas Motor Alcorcón Leganés,
HH_1401,Person_3635,female,10,10-14,,Person_3637,,0,,
HH_1401,Person_3636,male,4,0-4,,Person_3637,,0,,Escuela Infantil Rosa Caramelo
HH_1401,Person_3637,female,29,25-29,,,,2,,Madrid
HH_1402,Person_3638,male,14,10-14,Person_3639,Person_3639,,0,,
HH_1402,Person_3639,female,47,45-49,,,Person_3640,1,,Madrid
HH_1402,Person_3640,female,45,45-49,,,Person_3639,1,,Madrid
HH_1403,Person_3641,female,84,80-84,,,,0,,
HH_1403,Person_3642,male,65,65-69,,,,0,,
HH_1404,Person_3643,male,21,20-24,Person_3645,Person_3645,,0,,Edificio Juan Benet
HH_1404,Person_3644,female,35,35-39,Person_3645,Person_3645,,0,,Alcorcon
HH_1404,Person_3645,female,52,50-54,,,Person_3646,2,,Madrid
HH_1404,Person_3646,female,89,85-89,,,Person_3645,2,,
HH_1405,Person_3647,female,9,5-9,Person_3651,,,0,Madrid,
HH_1405,Person_3648,male,11,10-14,Person_3651,,,0,Madrid,
HH_1405,Person_3649,male,3,0-4,Person_3651,,,0,Madrid,Escuela Infantil Rosa Caramelo
HH_1405,Person_3650,male,11,10-14,Person_3651,,,0,Madrid,
HH_1405,Person_3651,male,45,45-49,,,,4,Madrid,
HH_1406,Person_3652,male,35,35-39,,Person_3653,,0,,
HH_1406,Person_3653,female,73,70-74,,,,1,,
HH_1407,Person_3654,female,70,70-74,,,,0,Madrid,
HH_1408,Person_3655,male,44,40-44,,,,0,Ayuntamiento de Leganés,Madrid
HH_1408,Person_3656,male,27,25-29,,,,0,Ayuntamiento de Leganés,Madrid
HH_1409,Person_3657,male,41,40-44,,,,0,,Sánchez Elez Sanabria
HH_1409,Person_3658,male,96,95-99,,,,0,,
HH_1410,Person_3659,male,93,90-94,,,,0,,
HH_1410,Person_3660,male,68,65-69,,,,0,,
HH_1410,Person_3661,male,95,95-99,,,,0,,
HH_1411,Person_3662,male,97,95-99,,,,0,,
HH_1411,Person_3663,male,70,70-74,,,,0,,
HH_1412,Person_3664,male,23,20-24,Person_3665,,,0,,Parque Científico de la Universidad Carlos III de Madrid
HH_1412,Person_3665,male,54,50-54,,,,1,,Madrid
HH_1413,Person_3666,female,9,5-9,Person_3667,Person_3667,,0,Getafe norte,
HH_1413,Person_3667,male,40,40-44,,,Person_3668,1,Getafe norte,Ingenia Sistemas S.L.
HH_1413,Person_3668,male,43,40-44,,,Person_3667,1,Getafe norte,
HH_1414,Person_3669,female,59,55-59,,Person_3670,,0,,Madrid
HH_1414,Person_3670,female,84,80-84,,,,1,,
HH_1415,Person_3671,female,83,80-84,,,,0,,
HH_1416,Person_3672,male,43,40-44,,,,0,,Madrid
HH_1417,Person_3673,male,35,35-39,,,,0,,Madrid
HH_1417,Person_3674,female,61,60-64,,,,0,,Madrid
HH_1417,Person_3675,female,50,50-54,,,,0,,
HH_1417,Person_3676,male,55,55-59,,,,0,,Madrid
HH_1418,Person_3677,male,1,0-4,,Person_3678,,0,Madrid,
HH_1418,Person_3678,female,18,15-19,,,,1,Madrid,
HH_1419,Person_3679,female,44,40-44,,,,0,Alcorcon,
HH_1420,Person_3680,male,21,20-24,Person_3683,,,0,Madrid,Edificio Sabatini
HH_1420,Person_3681,male,17,15-19,Person_3683,,,0,Madrid,
HH_1420,Person_3682,male,16,15-19,Person_3683,,,0,Madrid,
HH_1420,Person_3683,male,46,45-49,,,,3,Madrid,
HH_1421,Person_3684,female,77,75-79,,,,0,,
HH_1422,Person_3685,male,79,75-79,,,,0,Madrid,
HH_1422,Person_3686,male,67,65-69,,,,0,Madrid,
HH_1422,Person_3687,male,75,75-79,,,,0,Madrid,
HH_1422,Person_3688,female,21,20-24,,,,0,Madrid,
HH_1423,Person_3689,female,21,20-24,Person_3690,,,0,,Madrid
HH_1423,Person_3690,male,48,45-49,,,,1,,Madrid
HH_1424,Person_3691,female,7,5-9,Person_3692,Person_3692,,0,,
HH_1424,Person_3692,male,34,30-34,,,Person_3693,1,,Madrid
HH_1424,Person_3693,male,28,25-29,,,Person_3692,1,,Madrid
HH_1425,Person_3694,male,6,5-9,Person_3695,Person_3695,,0,,
HH_1425,Person_3695,female,40,40-44,,,Person_3696,1,,Madrid
HH_1425,Person_3696,female,35,35-39,,,Person_3695,1,,Extremadura
HH_1426,Person_3697,female,44,40-44,,,,0,,Madrid
HH_1426,Person_3698,male,78,75-79,,,,0,,
HH_1427,Person_3699,male,24,20-24,Person_3700,Person_3700,,0,,
HH_1427,Person_3700,male,54,50-54,,,Person_3701,1,,Madrid
HH_1427,Person_3701,male,53,50-54,,,Person_3700,1,,Madrid
HH_1428,Person_3702,female,65,65-69,,,,0,Madrid,
HH_1429,Person_3703,male,89,85-89,,,,0,,
HH_1429,Person_3704,male,94,90-94,,,,0,,
HH_1430,Person_3705,female,57,55-59,,,,0,,Madrid
HH_1431,Person_3706,female,12,10-14,Person_3708,Person_3708,,0,Centro de Atención a Personas con Discapacidad Física de Leganés,
HH_1431,Person_3707,female,35,35-39,Person_3708,Person_3708,,0,Centro de Atención a Personas con Discapacidad Física de Leganés,Madrid
HH_1431,Person_3708,female,74,70-74,,,Person_3709,2,Centro de Atención a Personas con Discapacidad Física de Leganés,
HH_1431,Person_3709,female,62,60-64,,,Person_3708,2,Centro de Atención a Personas con Discapacidad Física de Leganés,Madrid
HH_1432,Person_3710,male,17,15-19,Person_3711,Person_3711,,0,,
HH_1432,Person_3711,male,61,60-64,,,Person_3712,1,,Madrid
HH_1432,Person_3712,male,60,60-64,,,Person_3711,1,,Getafe norte
HH_1433,Person_3713,female,76,75-79,,,,0,,
HH_1434,Person_3714,female,14,10-14,,Person_3718,,0,,
HH_1434,Person_3715,male,19,15-19,,Person_3718,,0,,
HH_1434,Person_3716,male,1,0-4,,Person_3718,,0,,
HH_1434,Person_3717,male,0,0-4,,Person_3718,,0,,Escuela Infantil Rosa Caramelo
HH_1434,Person_3718,female,45,45-49,,,,4,,Madrid
HH_1435,Person_3719,female,6,5-9,Person_3721,Person_3721,,0,Mostoles,
HH_1435,Person_3720,female,26,25-29,Person_3721,Person_3721,,0,Mostoles,
HH_1435,Person_3721,female,51,50-54,,,Person_3722,2,Mostoles,
HH_1435,Person_3722,female,53,50-54,,,Person_3721,2,Mostoles,
HH_1436,Person_3723,male,36,35-39,,,,0,,Madrid
HH_1436,Person_3724,female,43,40-44,,,,0,,Madrid
HH_1437,Person_3725,female,6,5-9,Person_3726,Person_3726,,0,,
HH_1437,Person_3726,female,41,40-44,,,Person_3727,1,,Madrid
HH_1437,Person_3727,female,36,35-39,,,Person_3726,1,,Madrid
HH_1438,Person_3728,female,74,70-74,,Person_3729,,0,Madrid,
HH_1438,Person_3729,female,105,100-120,,,,1,Madrid,
HH_1439,Person_3730,male,44,40-44,Person_3731,,,0,,Madrid
HH_1439,Person_3731,male,70,70-74,,,,1,,
HH_1440,Person_3732,male,66,65-69,,,,0,,
HH_1440,Person_3733,male,88,85-89,,,,0,,
HH_1440,Person_3734,female,89,85-89,,,,0,,
HH_1441,Person_3735,male,34,30-34,Person_3736,Person_3736,,0,Madrid,
HH_1441,Person_3736,male,77,75-79,,,Person_3737,1,Madrid,
HH_1441,Person_3737,male,80,80-84,,,Person_3736,1,Madrid,
HH_1442,Person_3738,female,5,5-9,Person_3740,Person_3740,,0,,
HH_1442,Person_3739,female,33,30-34,Person_3740,Person_3740,,0,,
HH_1442,Person_3740,male,63,60-64,,,Person_3741,2,,Madrid
HH_1442,Person_3741,male,60,60-64,,,Person_3740,2,,Fuenlabrada
HH_1443,Person_3742,male,32,30-34,,,,0,,Madrid
HH_1443,Person_3743,female,86,85-89,,,,0,,
HH_1444,Person_3744,male,27,25-29,,,,0,,Edificio Sabatini
HH_1444,Person_3745,female,32,30-34,,,,0,,Madrid
HH_1445,Person_3746,male,30,30-34,Person_3747,Person_3747,,0,,
HH_1445,Person_3747,male,47,45-49,,,Person_3748,1,,Madrid
HH_1445,Person_3748,male,39,35-39,,,Person_3747,1,,Madrid
HH_1446,Person_3749,female,19,15-19,,Person_3752,,0,Madrid,Fundación IMDEA Networks
HH_1446,Person_3750,female,22,20-24,,Person_3752,,0,Madrid,
HH_1446,Person_3751,male,14,10-14,,Person_3752,,0,Madrid,
HH_1446,Person_3752,female,55,55-59,,,,3,Madrid,
HH_1447,Person_3753,female,3,0-4,,Person_3757,,0,,
HH_1447,Person_3754,female,1,0-4,,Person_3757,,0,,
HH_1447,Person_3755,male,12,10-14,,Person_3757,,0,,
HH_1447,Person_3756,male,6,5-9,,Person_3757,,0,,
HH_1447,Person_3757,female,29,25-29,,,,4,,Edificio Sabatini
HH_1448,Person_3758,female,65,65-69,,,,0,,
HH_1449,Person_3759,female,36,35-39,Person_3760,Person_3760,,0,,Madrid
HH_1449,Person_3760,female,76,75-79,,,Person_3761,1,,
HH_1449,Person_3761,female,79,75-79,,,Person_3760,1,,
HH_1450,Person_3762,female,29,25-29,Person_3764,Person_3764,,0,,
HH_1450,Person_3763,male,33,30-34,Person_3764,Person_3764,,0,,Madrid
HH_1450,Person_3764,male,65,65-69,,,Person_3765,2,,
HH_1450,Person_3765,male,77,75-79,,,Person_3764,2,,
HH_1451,Person_3766,male,40,40-44,Person_3767,,,0,,Madrid
HH_1451,Person_3767,male,55,55-59,,,,1,,Getafe norte
HH_1452,Person_3768,female,39,35-39,,,,0,,Getafe norte
HH_1452,Person_3769,female,32,30-34,,,,0,,Madrid
HH_1453,Person_3770,female,55,55-59,,,,0,Madrid,
HH_1453,Person_3771,male,86,85-89,,,,0,Madrid,
HH_1453,Person_3772,female,47,45-49,,,,0,Madrid,
HH_1454,Person_3773,female,79,75-79,,,,0,,
HH_1455,Person_3774,female,28,25-29,Person_3775,Person_3775,,0,,
HH_1455,Person_3775,female,72,70-74,,,Person_3776,1,,
HH_1455,Person_3776,female,65,65-69,,,Person_3775,1,,
HH_1456,Person_3777,male,22,20-24,,,,0,,Madrid
HH_1457,Person_3778,female,10,10-14,Person_3779,Person_3779,,0,,
HH_1457,Person_3779,female,42,40-44,,,Person_3780,1,,Madrid
HH_1457,Person_3780,female,25,25-29,,,Person_3779,1,,Edificio Agustín de Betancourt
HH_1458,Person_3781,male,22,20-24,Person_3783,,,0,,Madrid
HH_1458,Person_3782,male,15,15-19,Person_3783,,,0,,
HH_1458,Person_3783,male,48,45-49,,,,2,,Madrid
HH_1459,Person_3784,female,67,65-69,,,,0,,
HH_1460,Person_3785,female,20,20-24,Person_3787,Person_3787,,0,,Madrid
HH_1460,Person_3786,female,30,30-34,Person_3787,Person_3787,,0,,Alcorcon
HH_1460,Person_3787,male,59,55-59,,,Person_3788,2,,Getafe norte
HH_1460,Person_3788,male,42,40-44,,,Person_3787,2,,
HH_1461,Person_3789,male,43,40-44,,,,0,Mostoles,
HH_1461,Person_3790,male,34,30-34,,,,0,Mostoles,
HH_1461,Person_3791,male,42,40-44,,,,0,Mostoles,
HH_1462,Person_3792,female,58,55-59,,,,0,,Madrid
HH_1462,Person_3793,female,32,30-34,,,,0,,Alcorcon
HH_1463,Person_3794,male,42,40-44,,,,0,,Getafe norte
HH_1464,Person_3795,female,2,0-4,Person_3796,Person_3796,,0,Madrid,
HH_1464,Person_3796,female,31,30-34,,,Person_3797,1,Madrid,
HH_1464,Person_3797,female,38,35-39,,,Person_3796,1,Madrid,
HH_1465,Person_3798,male,38,35-39,,,,0,Madrid,
HH_1465,Person_3799,male,24,20-24,,,,0,Madrid,Edificio Juan Benet
HH_1466,Person_3800,female,34,30-34,,,,0,,Madrid
HH_1466,Person_3801,female,59,55-59,,,,0,,Alcorcon
HH_1467,Person_3802,male,59,55-59,,,,0,,Madrid
HH_1467,Person_3803,male,89,85-89,,,,0,,
HH_1468,Person_3804,male,77,75-79,,,,0,,
HH_1468,Person_3805,female,55,55-59,,,,0,,Madrid
HH_1468,Person_3806,male,42,40-44,,,,0,,
HH_1469,Person_3807,female,81,80-84,,Person_3808,,0,Getafe norte,
HH_1469,Person_3808,female,100,100-120,,,,1,Getafe norte,
HH_1470,Person_3809,male,12,10-14,Person_3810,,,0,,
HH_1470,Person_3810,male,38,35-39,,,,1,,Madrid
HH_1471,Person_3811,female,89,85-89,,,,0,Centro Ocupacional Fundación F.A.D.,
HH_1472,Person_3812,female,20,20-24,Person_3814,Person_3814,,0,,Edificio Torres Quevedo
HH_1472,Person_3813,female,32,30-34,Person_3814,Person_3814,,0,,Madrid
HH_1472,Person_3814,male,47,45-49,,,Person_3815,2,,Madrid
HH_1472,Person_3815,male,45,45-49,,,Person_3814,2,,Madrid
HH_1473,Person_3816,female,47,45-49,,,,0,,
HH_1474,Person_3817,female,19,15-19,,,,0,Mostoles,
HH_1474,Person_3818,female,55,55-59,,,,0,Mostoles,
HH_1475,Person_3819,male,40,40-44,Person_3820,Person_3820,,0,Madrid,
HH_1475,Person_3820,male,67,65-69,,,Person_3821,1,Madrid,
HH_1475,Person_3821,male,45,45-49,,,Person_3820,1,Madrid,
HH_1476,Person_3822,male,21,20-24,Person_3824,Person_3824,,0,,Alcorcon
HH_1476,Person_3823,female,25,25-29,Person_3824,Person_3824,,0,,Edificio Juan Benet
HH_1476,Person_3824,male,52,50-54,,,Person_3825,2,,Madrid
HH_1476,Person_3825,male,48,45-49,,,Person_3824,2,,
HH_1477,Person_3826,female,83,80-84,,,,0,,
HH_1477,Person_3827,female,29,25-29,,,,0,,Madrid
HH_1477,Person_3828,male,68,65-69,,,,0,,
HH_1478,Person_3829,female,65,65-69,,,,0,,
HH_1478,Person_3830,male,34,30-34,,,,0,,Madrid
HH_1479,Person_3831,female,43,40-44,Person_3833,Person_3833,,0,,Madrid
HH_1479,Person_3832,male,32,30-34,Person_3833,Person_3833,,0,,
HH_1479,Person_3833,female,86,85-89,,,Person_3834,2,,
HH_1479,Person_3834,female,62,60-64,,,Person_3833,2,,Madrid
HH_1480,Person_3835,female,17,15-19,Person_3836,,,0,,
HH_1480,Person_3836,male,45,45-49,,,,1,,Madrid
HH_1481,Person_3837,female,39,35-39,,Person_3838,,0,,Madrid
HH_1481,Person_3838,female,55,55-59,,,,1,,Madrid
HH_1482,Person_3839,female,1,0-4,,Person_3843,,0,,
HH_1482,Person_3840,male,2,0-4,,Person_3843,,0,,
HH_1482,Person_3841,male,0,0-4,,Person_3843,,0,,
HH_1482,Person_3842,female,8,5-9,,Person_3843,,0,,
HH_1482,Person_3843,female,36,35-39,,,,4,,Madrid
HH_1483,Person_3844,male,25,25-29,Person_3846,Person_3846,,0,,Edificio Torres Quevedo
HH_1483,Person_3845,male,28,25-29,Person_3846,Person_3846,,0,,
HH_1483,Person_3846,male,58,55-59,,,Person_3847,2,,Extremadura
HH_1483,Person_3847,male,52,50-54,,,Person_3846,2,,Madrid
HH_1484,Person_3848,female,82,80-84,,,,0,,
HH_1484,Person_3849,male,48,45-49,,,,0,,Elinsa
HH_1485,Person_3850,female,18,15-19,Person_3853,Person_3853,,0,,Fundación IMDEA Networks
HH_1485,Person_3851,male,26,25-29,Person_3853,Person_3853,,0,,Parque Científico de la Universidad Carlos III de Madrid
HH_1485,Person_3852,male,17,15-19,Person_3853,Person_3853,,0,,
HH_1485,Person_3853,female,67,65-69,,,Person_3854,3,,
HH_1485,Person_3854,female,51,50-54,,,Person_3853,3,,
HH_1486,Person_3855,male,65,65-69,,,,0,Alcorcon,
HH_1487,Person_3856,female,87,85-89,,,,0,Madrid,
HH_1487,Person_3857,male,66,65-69,,,,0,Madrid,
HH_1488,Person_3858,male,61,60-64,,,,0,Madrid,
HH_1488,Person_3859,male,27,25-29,,,,0,Madrid,Lidl
HH_1489,Person_3860,male,82,80-84,,,,0,,
HH_1489,Person_3861,female,43,40-44,,,,0,,
HH_1490,Person_3862,male,7,5-9,Person_3864,Person_3864,,0,,
HH_1490,Person_3863,female,31,30-34,Person_3864,Person_3864,,0,,Extremadura
HH_1490,Person_3864,male,74,70-74,,,Person_3865,2,,
HH_1490,Person_3865,male,49,45-49,,,Person_3864,2,,Madrid
HH_1491,Person_3866,female,23,20-24,,,,0,,
HH_1491,Person_3867,female,35,35-39,,,,0,,Madrid
HH_1491,Person_3868,male,42,40-44,,,,0,,
HH_1491,Person_3869,female,29,25-29,,,,0,,Madrid
HH_1492,Person_3870,female,67,65-69,,,,0,,
HH_1493,Person_3871,female,20,20-24,,Person_3873,,0,,Edificio Sabatini
HH_1493,Person_3872,female,29,25-29,,Person_3873,,0,,
HH_1493,Person_3873,female,59,55-59,,,,2,,Madrid
HH_1494,Person_3874,female,20,20-24,Person_3876,Person_3876,,0,Thales,Edificio Agustín de Betancourt
HH_1494,Person_3875,female,26,25-29,Person_3876,Person_3876,,0,Thales,Edificio Sabatini
HH_1494,Person_3876,female,69,65-69,,,Person_3877,2,Thales,
HH_1494,Person_3877,female,85,85-89,,,Person_3876,2,Thales,
HH_1495,Person_3878,female,21,20-24,Person_3879,Person_3879,,0,,Madrid
HH_1495,Person_3879,female,47,45-49,,,Person_3880,1,,Madrid
HH_1495,Person_3880,female,42,40-44,,,Person_3879,1,,Madrid
HH_1496,Person_3881,male,21,20-24,Person_3883,,,0,,Madrid
HH_1496,Person_3882,female,11,10-14,Person_3883,,,0,,
HH_1496,Person_3883,male,49,45-49,,,,2,,Madrid
HH_1497,Person_3884,male,18,15-19,,,,0,,Edificio Juan Benet
HH_1497,Person_3885,female,71,70-74,,,,0,,
HH_1498,Person_3886,female,61,60-64,,,,0,,Madrid
HH_1499,Person_3887,female,88,85-89,,,,0,,
HH_1500,Person_3888,male,83,80-84,,,,0,,
HH_1501,Person_3889,male,19,15-19,Person_3890,Person_3890,,0,Mostoles,Edificio Agustín de Betancourt
HH_1501,Person_3890,male,58,55-59,,,Person_3891,1,Mostoles,
HH_1501,Person_3891,male,54,50-54,,,Person_3890,1,Mostoles,
HH_1502,Person_3892,female,25,25-29,Person_3893,Person_3893,,0,Madrid,
HH_1502,Person_3893,male,54,50-54,,,Person_3894,1,Madrid,
HH_1502,Person_3894,male,51,50-54,,,Person_3893,1,Madrid,
HH_1503,Person_3895,female,28,25-29,,Person_3896,,0,,Madrid
HH_1503,Person_3896,female,57,55-59,,,,1,,Madrid
HH_1504,Person_3897,male,20,20-24,Person_3899,Person_3899,,0,,Edificio Agustín de Betancourt
HH_1504,Person_3898,female,26,25-29,Person_3899,Person_3899,,0,,Edificio Agustín de Betancourt
HH_1504,Person_3899,female,45,45-49,,,Person_3900,2,,Madrid
HH_1504,Person_3900,female,54,50-54,,,Person_3899,2,,Madrid
HH_1505,Person_3901,female,7,5-9,Person_3903,Person_3903,,0,,
HH_1505,Person_3902,female,30,30-34,Person_3903,Person_3903,,0,,Edificio Juan Benet
HH_1505,Person_3903,male,63,60-64,,,Person_3904,2,,Madrid
HH_1505,Person_3904,male,55,55-59,,,Person_3903,2,,Madrid
HH_1506,Person_3905,female,46,45-49,,,,0,,Madrid
HH_1506,Person_3906,female,61,60-64,,,,0,,Madrid
HH_1507,Person_3907,male,88,85-89,,,,0,Madrid,
HH_1507,Person_3908,male,32,30-34,,,,0,Madrid,
HH_1508,Person_3909,male,41,40-44,Person_3910,,,0,,Madrid
HH_1508,Person_3910,male,74,70-74,,,,1,,
HH_1509,Person_3911,female,66,65-69,,,,0,,
HH_1510,Person_3912,female,5,5-9,Person_3914,Person_3914,,0,,
HH_1510,Person_3913,male,27,25-29,Person_3914,Person_3914,,0,,Fundación IMDEA Networks
HH_1510,Person_3914,male,57,55-59,,,Person_3915,2,,Madrid
HH_1510,Person_3915,male,50,50-54,,,Person_3914,2,,Madrid
HH_1511,Person_3916,male,24,20-24,Person_3917,Person_3917,,0,,
HH_1511,Person_3917,female,56,55-59,,,Person_3918,1,,Madrid
HH_1511,Person_3918,female,59,55-59,,,Person_3917,1,,Madrid
HH_1512,Person_3919,male,46,45-49,,,,0,,Madrid
HH_1512,Person_3920,male,49,45-49,,,,0,,
HH_1513,Person_3921,female,7,5-9,Person_3922,Person_3922,,0,,
HH_1513,Person_3922,male,38,35-39,,,Person_3923,1,,Madrid
HH_1513,Person_3923,male,33,30-34,,,Person_3922,1,,Madrid
HH_1514,Person_3924,female,69,65-69,,,,0,,
HH_1515,Person_3925,female,26,25-29,,Person_3927,,0,Madrid,
HH_1515,Person_3926,male,31,30-34,,Person_3927,,0,Madrid,
HH_1515,Person_3927,female,62,60-64,,,,2,Madrid,
HH_1516,Person_3928,male,12,10-14,Person_3929,Person_3929,,0,,
HH_1516,Person_3929,female,27,25-29,,,Person_3930,1,,
HH_1516,Person_3930,female,37,35-39,,,Person_3929,1,,Madrid
HH_1517,Person_3931,male,22,20-24,,Person_3935,,0,Madrid,Biblioteca Rey Pastor
HH_1517,Person_3932,female,23,20-24,,Person_3935,,0,Madrid,
HH_1517,Person_3933,female,27,25-29,,Person_3935,,0,Madrid,
HH_1517,Person_3934,male,14,10-14,,Person_3935,,0,Madrid,
HH_1517,Person_3935,female,54,50-54,,,,4,Madrid,
HH_1518,Person_3936,female,35,35-39,Person_3937,,,0,Madrid,
HH_1518,Person_3937,male,67,65-69,,,,1,Madrid,
HH_1519,Person_3938,female,25,25-29,Person_3940,Person_3940,,0,Madrid,
HH_1519,Person_3939,female,29,25-29,Person_3940,Person_3940,,0,Madrid,Edificio Torres Quevedo
HH_1519,Person_3940,female,62,60-64,,,Person_3941,2,Madrid,
HH_1519,Person_3941,female,72,70-74,,,Person_3940,2,Madrid,
HH_1520,Person_3942,female,54,50-54,,,,0,,Madrid
HH_1521,Person_3943,male,24,20-24,Person_3944,,,0,,Fundación IMDEA Networks
HH_1521,Person_3944,male,40,40-44,,,,1,,Madrid
HH_1522,Person_3945,male,45,45-49,,,,0,Madrid,
HH_1523,Person_3946,female,94,90-94,,,,0,Madrid,
HH_1524,Person_3947,female,39,35-39,,,,0,,Madrid
HH_1525,Person_3948,male,8,5-9,Person_3950,Person_3950,,0,,
HH_1525,Person_3949,female,35,35-39,Person_3950,Person_3950,,0,,Madrid
HH_1525,Person_3950,female,67,65-69,,,Person_3951,2,,
HH_1525,Person_3951,female,55,55-59,,,Person_3950,2,,Fuenlabrada
HH_1526,Person_3952,male,24,20-24,,,,0,Madrid,
HH_1527,Person_3953,female,53,50-54,,,,0,,Madrid
HH_1528,Person_3954,female,30,30-34,Person_3955,,,0,,Biblioteca Rey Pastor
HH_1528,Person_3955,male,57,55-59,,,,1,,Madrid
HH_1529,Person_3956,male,21,20-24,Person_3958,Person_3958,,0,Fuenlabrada,
HH_1529,Person_3957,female,25,25-29,Person_3958,Person_3958,,0,Fuenlabrada,
HH_1529,Person_3958,female,65,65-69,,,Person_3959,2,Fuenlabrada,
HH_1529,Person_3959,female,58,55-59,,,Person_3958,2,Fuenlabrada,
HH_1530,Person_3960,female,22,20-24,Person_3961,,,0,,
HH_1530,Person_3961,male,56,55-59,,,,1,,Madrid
HH_1531,Person_3962,male,80,80-84,,,,0,Fuenlabrada,
HH_1531,Person_3963,female,73,70-74,,,,0,Fuenlabrada,
HH_1532,Person_3964,female,31,30-34,Person_3965,Person_3965,,0,,Madrid
HH_1532,Person_3965,female,65,65-69,,,Person_3966,1,,
HH_1532,Person_3966,female,29,25-29,,,Person_3965,1,,
HH_1533,Person_3967,male,28,25-29,,,,0,Madrid,
HH_1533,Person_3968,male,34,30-34,,,,0,Madrid,
HH_1534,Person_3969,male,14,10-14,Person_3971,Person_3971,,0,,
HH_1534,Person_3970,male,27,25-29,Person_3971,Person_3971,,0,,
HH_1534,Person_3971,female,62,60-64,,,Person_3972,2,,Madrid
HH_1534,Person_3972,female,64,60-64,,,Person_3971,2,,Getafe norte
HH_1535,Person_3973,female,71,70-74,,,,0,Madrid,
HH_1535,Person_3974,male,45,45-49,,,,0,Madrid,
HH_1536,Person_3975,male,91,90-94,,,,0,,
HH_1536,Person_3976,female,99,95-99,,,,0,,
HH_1537,Person_3977,female,82,80-84,,,,0,,
HH_1538,Person_3978,female,25,25-29,Person_3981,Person_3981,,0,,Madrid
HH_1538,Person_3979,female,30,30-34,Person_3981,Person_3981,,0,,Biblioteca Rey Pastor
HH_1538,Person_3980,male,7,5-9,Person_3981,Person_3981,,0,,
HH_1538,Person_3981,female,60,60-64,,,Person_3982,3,,
HH_1538,Person_3982,female,57,55-59,,,Person_3981,3,,Madrid
HH_1539,Person_3983,female,83,80-84,,,,0,,
HH_1540,Person_3984,female,80,80-84,,,,0,,
HH_1540,Person_3985,female,49,45-49,,,,0,,Madrid
HH_1541,Person_3986,male,12,10-14,Person_3987,Person_3987,,0,,
HH_1541,Person_3987,male,45,45-49,,,Person_3988,1,,Madrid
HH_1541,Person_3988,male,51,50-54,,,Person_3987,1,,
HH_1542,Person_3989,female,63,60-64,,,,0,,Madrid
HH_1542,Person_3990,female,54,50-54,,,,0,,Madrid
HH_1543,Person_3991,female,76,75-79,,,,0,,
HH_1543,Person_3992,female,65,65-69,,,,0,,
HH_1544,Person_3993,male,19,15-19,Person_3994,Person_3994,,0,,Edificio Juan Benet
HH_1544,Person_3994,female,52,50-54,,,Person_3995,1,,Madrid
HH_1544,Person_3995,female,53,50-54,,,Person_3994,1,,Madrid
HH_1545,Person_3996,male,81,80-84,,,,0,Alcorcon,
HH_1545,Person_3997,male,81,80-84,,,,0,Alcorcon,
HH_1546,Person_3998,male,20,20-24,Person_4001,Person_4001,,0,,
HH_1546,Person_3999,female,25,25-29,Person_4001,Person_4001,,0,,
HH_1546,Person_4000,male,12,10-14,Person_4001,Person_4001,,0,,
HH_1546,Person_4001,male,59,55-59,,,Person_4002,3,,Madrid
HH_1546,Person_4002,male,33,30-34,,,Person_4001,3,,Madrid
HH_1547,Person_4003,female,1,0-4,Person_4004,,,0,,
HH_1547,Person_4004,male,42,40-44,,,,1,,Madrid
HH_1548,Person_4005,male,78,75-79,,,,0,,
HH_1548,Person_4006,female,19,15-19,,,,0,,
HH_1549,Person_4007,female,10,10-14,,Person_4011,,0,,
HH_1549,Person_4008,male,20,20-24,,Person_4011,,0,,Madrid
HH_1549,Person_4009,male,16,15-19,,Person_4011,,0,,guardería
HH_1549,Person_4010,male,2,0-4,,Person_4011,,0,,Escuela Infantil Rosa Caramelo
HH_1549,Person_4011,female,51,50-54,,,,4,,Madrid
HH_1550,Person_4012,male,75,75-79,,,,0,,
HH_1551,Person_4013,male,80,80-84,,,,0,,
HH_1551,Person_4014,male,46,45-49,,,,0,,Madrid
HH_1552,Person_4015,male,32,30-34,Person_4016,Person_4016,,0,,Madrid
HH_1552,Person_4016,female,48,45-49,,,Person_4017,1,,Madrid
HH_1552,Person_4017,female,41,40-44,,,Person_4016,1,,Getafe norte
HH_1553,Person_4018,female,13,10-14,Person_4021,Person_4021,,0,,
HH_1553,Person_4019,male,20,20-24,Person_4021,Person_4021,,0,,Edificio Sabatini
HH_1553,Person_4020,female,14,10-14,Person_4021,Person_4021,,0,,
HH_1553,Person_4021,female,37,35-39,,,Person_4022,3,,Madrid
HH_1553,Person_4022,female,42,40-44,,,Person_4021,3,,Madrid
HH_1554,Person_4023,female,70,70-74,,,,0,,
HH_1554,Person_4024,female,89,85-89,,,,0,,
HH_1555,Person_4025,female,29,25-29,Person_4026,Person_4026,,0,Fuenlabrada,
HH_1555,Person_4026,female,61,60-64,,,Person_4027,1,Fuenlabrada,
HH_1555,Person_4027,female,60,60-64,,,Person_4026,1,Fuenlabrada,
HH_1556,Person_4028,male,21,20-24,Person_4030,,,0,Madrid,Fundación IMDEA Networks
HH_1556,Person_4029,female,8,5-9,Person_4030,,,0,Madrid,
HH_1556,Person_4030,male,50,50-54,,,,2,Madrid,
HH_1557,Person_4031,female,96,95-99,,,,0,,
HH_1557,Person_4032,male,40,40-44,,,,0,,Getafe norte
HH_1558,Person_4033,female,29,25-29,Person_4034,Person_4034,,0,Madrid,
HH_1558,Person_4034,female,62,60-64,,,Person_4035,1,Madrid,
HH_1558,Person_4035,female,35,35-39,,,Person_4034,1,Madrid,
HH_1559,Person_4036,female,40,40-44,,,,0,,Madrid
HH_1559,Person_4037,female,95,95-99,,,,0,,
HH_1560,Person_4038,female,52,50-54,,,,0,Getafe norte,
HH_1560,Person_4039,female,92,90-94,,,,0,Getafe norte,
HH_1561,Person_4040,male,10,10-14,Person_4042,Person_4042,,0,,
HH_1561,Person_4041,female,28,25-29,Person_4042,Person_4042,,0,,
HH_1561,Person_4042,female,45,45-49,,,Person_4043,2,,Madrid
HH_1561,Person_4043,female,51,50-54,,,Person_4042,2,,Madrid
HH_1562,Person_4044,male,75,75-79,,,,0,,
HH_1562,Person_4045,female,48,45-49,,,,0,,Madrid
HH_1563,Person_4046,male,62,60-64,,,,0,,Alcorcon
HH_1563,Person_4047,female,22,20-24,,,,0,,Frigorificos Veracruz
HH_1564,Person_4048,female,82,80-84,,,,0,,
HH_1565,Person_4049,female,5,5-9,Person_4050,,,0,Fuenlabrada,
HH_1565,Person_4050,male,32,30-34,,,,1,Fuenlabrada,
HH_1566,Person_4051,male,83,80-84,,,,0,Alcorcon,
HH_1567,Person_4052,male,85,85-89,Person_4053,,,0,,
HH_1567,Person_4053,male,119,100-120,,,,1,,
HH_1568,Person_4054,male,45,45-49,,,,0,Madrid,
HH_1568,Person_4055,female,32,30-34,,,,0,Madrid,Grupo Norte
HH_1569,Person_4056,male,82,80-84,,,,0,,
HH_1570,Person_4057,female,15,15-19,Person_4058,,,0,,
HH_1570,Person_4058,male,57,55-59,,,,1,,Madrid
HH_1571,Person_4059,female,8,5-9,Person_4060,Person_4060,,0,Fuenlabrada,
HH_1571,Person_4060,female,34,30-34,,,Person_4061,1,Fuenlabrada,
HH_1571,Person_4061,female,33,30-34,,,Person_4060,1,Fuenlabrada,
HH_1572,Person_4062,female,7,5-9,Person_4064,,,0,,
HH_1572,Person_4063,female,1,0-4,Person_4064,,,0,,
HH_1572,Person_4064,male,50,50-54,,,,2,,Madrid
HH_1573,Person_4065,female,33,30-34,,,,0,,Madrid
HH_1573,Person_4066,male,71,70-74,,,,0,,
HH_1574,Person_4067,male,34,30-34,,,,0,,Madrid
HH_1575,Person_4068,male,32,30-34,Person_4069,Person_4069,,0,Alcorcon,
HH_1575,Person_4069,male,61,60-64,,,Person_4070,1,Alcorcon,
HH_1575,Person_4070,male,52,50-54,,,Person_4069,1,Alcorcon,Kubota
HH_1576,Person_4071,male,36,35-39,,,,0,,Madrid
HH_1576,Person_4072,female,63,60-64,,,,0,,Madrid
HH_1577,Person_4073,female,35,35-39,,,,0,,Madrid
HH_1578,Person_4074,male,35,35-39,,,,0,,Fuenlabrada
HH_1578,Person_4075,female,93,90-94,,,,0,,
HH_1579,Person_4076,male,14,10-14,Person_4080,,,0,Madrid,
HH_1579,Person_4077,female,9,5-9,Person_4080,,,0,Madrid,Centro Ocupacional Juan Ramón Jiménez
HH_1579,Person_4078,male,15,15-19,Person_4080,,,0,Madrid,
HH_1579,Person_4079,female,8,5-9,Person_4080,,,0,Madrid,
HH_1579,Person_4080,male,32,30-34,,,,4,Madrid,
HH_1580,Person_4081,male,27,25-29,,,,0,Mostoles,
HH_1580,Person_4082,female,84,80-84,,,,0,Mostoles,
HH_1581,Person_4083,male,52,50-54,,,,0,Madrid,
HH_1582,Person_4084,male,8,5-9,,Person_4086,,0,Mostoles,
HH_1582,Person_4085,male,0,0-4,,Person_4086,,0,Mostoles,Escuela Infantil Rosa Caramelo
HH_1582,Person_4086,female,23,20-24,,,,2,Mostoles,
HH_1583,Person_4087,male,39,35-39,,,,0,Madrid,
HH_1583,Person_4088,female,46,45-49,,,,0,Madrid,
HH_1584,Person_4089,male,11,10-14,,Person_4090,,0,,
HH_1584,Person_4090,female,40,40-44,,,,1,,Madrid
HH_1585,Person_4091,male,1,0-4,,Person_4093,,0,Madrid,
HH_1585,Person_4092,male,4,0-4,,Person_4093,,0,Madrid,
HH_1585,Person_4093,female,22,20-24,,,,2,Madrid,Biblioteca Rey Pastor
HH_1586,Person_4094,male,27,25-29,,,,0,,
HH_1586,Person_4095,female,56,55-59,,,,0,,Madrid
HH_1587,Person_4096,female,6,5-9,Person_4100,,,0,,
HH_1587,Person_4097,female,10,10-14,Person_4100,,,0,,
HH_1587,Person_4098,male,16,15-19,Person_4100,,,0,,
HH_1587,Person_4099,female,2,0-4,Person_4100,,,0,,
HH_1587,Person_4100,male,49,45-49,,,,4,,Madrid
HH_1588,Person_4101,female,66,65-69,,,,0,Madrid,
HH_1589,Person_4102,female,82,80-84,,,,0,,
HH_1589,Person_4103,female,95,95-99,,,,0,,
HH_1590,Person_4104,female,61,60-64,,,,0,,Madrid
HH_1591,Person_4105,female,67,65-69,,,,0,,
HH_1592,Person_4106,female,48,45-49,,,,0,,Madrid
HH_1592,Person_4107,male,30,30-34,,,,0,,
HH_1593,Person_4108,female,32,30-34,,,,0,Madrid,
HH_1594,Person_4109,male,43,40-44,Person_4110,Person_4110,,0,,Madrid
HH_1594,Person_4110,male,58,55-59,,,Person_4111,1,,Madrid
HH_1594,Person_4111,male,55,55-59,,,Person_4110,1,,
HH_1595,Person_4112,female,22,20-24,Person_4113,Person_4113,,0,Fuenlabrada,Electro Depot Leganés
HH_1595,Person_4113,female,53,50-54,,,Person_4114,1,Fuenlabrada,
HH_1595,Person_4114,female,68,65-69,,,Person_4113,1,Fuenlabrada,
HH_1596,Person_4115,female,54,50-54,,,,0,,Madrid
HH_1597,Person_4116,male,25,25-29,,Person_4117,,0,,Parque Científico de la Universidad Carlos III de Madrid
HH_1597,Person_4117,female,68,65-69,,,,1,,
HH_1598,Person_4118,male,34,30-34,Person_4119,Person_4119,,0,,Madrid
HH_1598,Person_4119,male,78,75-79,,,Person_4120,1,,
HH_1598,Person_4120,male,48,45-49,,,Person_4119,1,,Madrid
HH_1599,Person_4121,female,21,20-24,,,,0,,Getafe norte
HH_1600,Person_4122,female,43,40-44,,,,0,,Madrid
HH_1600,Person_4123,male,62,60-64,,,,0,,Madrid
HH_1601,Person_4124,female,6,5-9,,Person_4126,,0,Madrid,
HH_1601,Person_4125,male,0,0-4,,Person_4126,,0,Madrid,
HH_1601,Person_4126,female,33,30-34,,,,2,Madrid,
HH_1602,Person_4127,female,58,55-59,,,,0,,Alcorcon
HH_1603,Person_4128,female,66,65-69,,,,0,Centro de Formación Volkswagen,
HH_1603,Person_4129,female,33,30-34,,,,0,Centro de Formación Volkswagen,Madrid
HH_1604,Person_4130,male,20,20-24,Person_4131,Person_4131,,0,,
HH_1604,Person_4131,male,56,55-59,,,Person_4132,1,,Madrid
HH_1604,Person_4132,male,52,50-54,,,Person_4131,1,,Getafe norte
HH_1605,Person_4133,male,64,60-64,,,,0,,Madrid
HH_1605,Person_4134,female,91,90-94,,,,0,,
HH_1606,Person_4135,male,92,90-94,,,,0,,
HH_1606,Person_4136,male,70,70-74,,,,0,,
HH_1607,Person_4137,male,61,60-64,,,,0,Madrid,
HH_1607,Person_4138,male,89,85-89,,,,0,Madrid,
HH_1607,Person_4139,male,41,40-44,,,,0,Madrid,
HH_1608,Person_4140,male,65,65-69,,,,0,,
HH_1609,Person_4141,female,12,10-14,,Person_4143,,0,,
HH_1609,Person_4142,male,14,10-14,,Person_4143,,0,,
HH_1609,Person_4143,female,32,30-34,,,,2,,Madrid
HH_1610,Person_4144,female,85,85-89,,,,0,Madrid,
HH_1610,Person_4145,male,63,60-64,,,,0,Madrid,
HH_1611,Person_4146,female,11,10-14,Person_4148,Person_4148,,0,Madrid,
HH_1611,Person_4147,female,30,30-34,Person_4148,Person_4148,,0,Madrid,Fundación IMDEA Networks
HH_1611,Person_4148,female,63,60-64,,,Person_4149,2,Madrid,Grúas Aguado
HH_1611,Person_4149,female,57,55-59,,,Person_4148,2,Madrid,
HH_1612,Person_4150,female,2,0-4,Person_4152,Person_4152,,0,,Escuela Infantil Rosa Caramelo
HH_1612,Person_4151,female,28,25-29,Person_4152,Person_4152,,0,,Madrid
HH_1612,Person_4152,male,68,65-69,,,Person_4153,2,,
HH_1612,Person_4153,male,66,65-69,,,Person_4152,2,,
HH_1613,Person_4154,male,41,40-44,,,,0,,Getafe norte
HH_1614,Person_4155,female,26,25-29,Person_4156,Person_4156,,0,,Madrid
HH_1614,Person_4156,female,53,50-54,,,Person_4157,1,,Nissan Gamboa Automoción
HH_1614,Person_4157,female,56,55-59,,,Person_4156,1,,Madrid
HH_1615,Person_4158,male,94,90-94,,,,0,,
HH_1615,Person_4159,female,32,30-34,,,,0,,Madrid
HH_1616,Person_4160,male,41,40-44,,,,0,,Madrid
HH_1616,Person_4161,male,88,85-89,,,,0,,
HH_1617,Person_4162,male,32,30-34,,,,0,Fuenlabrada,
HH_1618,Person_4163,male,78,75-79,,,,0,,
HH_1619,Person_4164,male,16,15-19,Person_4165,Person_4165,,0,,
HH_1619,Person_4165,female,48,45-49,,,Person_4166,1,,Madrid
HH_1619,Person_4166,female,49,45-49,,,Person_4165,1,,Madrid
HH_1620,Person_4167,male,54,50-54,,,,0,,Kubota
HH_1620,Person_4168,female,29,25-29,,,,0,,Mostoles
HH_1621,Person_4169,female,96,95-99,,,,0,,
HH_1621,Person_4170,male,98,95-99,,,,0,,
HH_1622,Person_4171,male,94,90-94,,,,0,Madrid,
HH_1623,Person_4172,male,20,20-24,Person_4173,Person_4173,,0,,Alcorcon
HH_1623,Person_4173,male,52,50-54,,,Person_4174,1,,Madrid
HH_1623,Person_4174,male,41,40-44,,,Person_4173,1,,
HH_1624,Person_4175,male,36,35-39,,,,0,,Madrid
HH_1625,Person_4176,female,56,55-59,,,,0,,Madrid
HH_1626,Person_4177,male,18,15-19,,,,0,,Madrid
HH_1626,Person_4178,male,81,80-84,,,,0,,
HH_1627,Person_4179,female,68,65-69,,,,0,,
HH_1628,Person_4180,female,14,10-14,Person_4182,Person_4182,,0,,
HH_1628,Person_4181,female,27,25-29,Person_4182,Person_4182,,0,,
HH_1628,Person_4182,female,65,65-69,,,Person_4183,2,,
HH_1628,Person_4183,female,56,55-59,,,Person_4182,2,,Alcorcon
HH_1629,Person_4184,female,76,75-79,,,,0,,
HH_1629,Person_4185,female,62,60-64,,,,0,,Getafe norte
HH_1630,Person_4186,female,8,5-9,Person_4187,Person_4187,,0,,
HH_1630,Person_4187,male,52,50-54,,,Person_4188,1,,Madrid
HH_1630,Person_4188,male,20,20-24,,,Person_4187,1,,
HH_1631,Person_4189,female,48,45-49,,,,0,,Madrid
HH_1631,Person_4190,female,49,45-49,,,,0,,Getafe norte
HH_1632,Person_4191,male,28,25-29,Person_4192,Person_4192,,0,,Edificio Sabatini
HH_1632,Person_4192,female,62,60-64,,,Person_4193,1,,Madrid
HH_1632,Person_4193,female,89,85-89,,,Person_4192,1,,
HH_1633,Person_4194,female,24,20-24,,,,0,Madrid,
HH_1633,Person_4195,female,92,90-94,,,,0,Madrid,
HH_1634,Person_4196,female,0,0-4,Person_4198,,,0,Madrid,
HH_1634,Person_4197,female,10,10-14,Person_4198,,,0,Madrid,
HH_1634,Person_4198,male,50,50-54,,,,2,Madrid,
HH_1635,Person_4199,male,65,65-69,,,,0,Madrid,
HH_1636,Person_4200,female,67,65-69,,,,0,,
HH_1636,Person_4201,female,95,95-99,,,,0,,
HH_1636,Person_4202,female,56,55-59,,,,0,,Madrid
HH_1636,Person_4203,female,56,55-59,,,,0,,
HH_1636,Person_4204,female,52,50-54,,,,0,,Madrid
HH_1637,Person_4205,male,61,60-64,,,,0,Getafe norte,
HH_1637,Person_4206,female,97,95-99,,,,0,Getafe norte,
HH_1638,Person_4207,male,55,55-59,,,,0,,Madrid
HH_1638,Person_4208,female,74,70-74,,,,0,,
HH_1639,Person_4209,female,6,5-9,Person_4211,,,0,Madrid,
HH_1639,Person_4210,female,1,0-4,Person_4211,,,0,Madrid,
HH_1639,Person_4211,male,49,45-49,,,,2,Madrid,
HH_1640,Person_4212,female,9,5-9,Person_4216,,,0,,
HH_1640,Person_4213,female,10,10-14,Person_4216,,,0,,
HH_1640,Person_4214,female,12,10-14,Person_4216,,,0,,
HH_1640,Person_4215,female,16,15-19,Person_4216,,,0,,
HH_1640,Person_4216,male,35,35-39,,,,4,,Madrid
HH_1641,Person_4217,female,81,80-84,,,,0,,
HH_1642,Person_4218,female,65,65-69,,,,0,Fuenlabrada,
HH_1642,Person_4219,male,64,60-64,,,,0,Fuenlabrada,Supeco
HH_1642,Person_4220,male,35,35-39,,,,0,Fuenlabrada,
HH_1642,Person_4221,male,39,35-39,,,,0,Fuenlabrada,
HH_1643,Person_4222,male,49,45-49,,,,0,,
HH_1644,Person_4223,female,9,5-9,Person_4224,Person_4224,,0,,
HH_1644,Person_4224,male,50,50-54,,,Person_4225,1,,Madrid
HH_1644,Person_4225,male,41,40-44,,,Person_4224,1,,Mostoles
HH_1645,Person_4226,female,31,30-34,Person_4227,Person_4227,,0,,Madrid
HH_1645,Person_4227,female,46,45-49,,,Person_4228,1,,Madrid
HH_1645,Person_4228,female,40,40-44,,,Person_4227,1,,Madrid
HH_1646,Person_4229,male,27,25-29,,Person_4230,,0,,
HH_1646,Person_4230,female,60,60-64,,,,1,,
HH_1647,Person_4231,female,77,75-79,,,,0,,
HH_1648,Person_4232,female,30,30-34,Person_4233,Person_4233,,0,,Edificio Agustín de Betancourt
HH_1648,Person_4233,female,64,60-64,,,Person_4234,1,,
HH_1648,Person_4234,female,51,50-54,,,Person_4233,1,,Madrid
HH_1649,Person_4235,male,62,60-64,,,,0,Fuenlabrada,
HH_1650,Person_4236,male,25,25-29,Person_4237,Person_4237,,0,Madrid,Edificio Juan Benet
HH_1650,Person_4237,male,54,50-54,,,Person_4238,1,Madrid,
HH_1650,Person_4238,male,41,40-44,,,Person_4237,1,Madrid,
HH_1651,Person_4239,female,62,60-64,,,,0,,Fuenlabrada
HH_1651,Person_4240,female,52,50-54,,,,0,,Madrid
HH_1652,Person_4241,female,38,35-39,,,,0,,
HH_1652,Person_4242,male,72,70-74,,,,0,,
HH_1653,Person_4243,female,22,20-24,,,,0,,Edificio Torres Quevedo
HH_1653,Person_4244,female,59,55-59,,,,0,,
HH_1654,Person_4245,male,72,70-74,,,,0,,
HH_1654,Person_4246,female,63,60-64,,,,0,,Madrid
HH_1655,Person_4247,male,54,50-54,,,,0,Madrid,
HH_1655,Person_4248,male,68,65-69,,,,0,Madrid,
HH_1656,Person_4249,female,36,35-39,,Person_4251,,0,Getafe norte,
HH_1656,Person_4250,female,36,35-39,,Person_4251,,0,Getafe norte,
HH_1656,Person_4251,female,70,70-74,,,,2,Getafe norte,
HH_1657,Person_4252,female,2,0-4,Person_4253,Person_4253,,0,Madrid,
HH_1657,Person_4253,female,33,30-34,,,Person_4254,1,Madrid,
HH_1657,Person_4254,female,36,35-39,,,Person_4253,1,Madrid,
HH_1658,Person_4255,male,76,75-79,,,,0,,
HH_1659,Person_4256,female,85,85-89,,,,0,,
HH_1660,Person_4257,male,24,20-24,,,,0,,
HH_1660,Person_4258,male,99,95-99,,,,0,,
HH_1660,Person_4259,male,77,75-79,,,,0,,
HH_1661,Person_4260,female,6,5-9,Person_4261,Person_4261,,0,,
HH_1661,Person_4261,male,37,35-39,,,Person_4262,1,,Madrid
HH_1661,Person_4262,male,43,40-44,,,Person_4261,1,,
HH_1662,Person_4263,male,25,25-29,,,,0,,
HH_1663,Person_4264,female,58,55-59,,,,0,,Madrid
HH_1663,Person_4265,female,47,45-49,,,,0,,Madrid
HH_1664,Person_4266,male,47,45-49,Person_4268,Person_4268,,0,Madrid,
HH_1664,Person_4267,male,29,25-29,Person_4268,Person_4268,,0,Madrid,
HH_1664,Person_4268,female,74,70-74,,,Person_4269,2,Madrid,
HH_1664,Person_4269,female,73,70-74,,,Person_4268,2,Madrid,
HH_1665,Person_4270,male,73,70-74,,,,0,,
HH_1665,Person_4271,female,64,60-64,,,,0,,Madrid
HH_1666,Person_4272,female,68,65-69,,,,0,Getafe norte,
HH_1667,Person_4273,male,22,20-24,,,,0,,Fundación IMDEA Networks
HH_1667,Person_4274,female,42,40-44,,,,0,,Madrid
HH_1668,Person_4275,female,33,30-34,,,,0,,Madrid
HH_1668,Person_4276,female,87,85-89,,,,0,,
HH_1669,Person_4277,male,17,15-19,Person_4279,Person_4279,,0,,
HH_1669,Person_4278,male,29,25-29,Person_4279,Person_4279,,0,,Madrid
HH_1669,Person_4279,male,63,60-64,,,Person_4280,2,,Madrid
HH_1669,Person_4280,male,58,55-59,,,Person_4279,2,,Madrid
HH_1670,Person_4281,male,7,5-9,Person_4283,Person_4283,,0,,
HH_1670,Person_4282,female,26,25-29,Person_4283,Person_4283,,0,,Fundación IMDEA Networks
HH_1670,Person_4283,female,55,55-59,,,Person_4284,2,,Madrid
HH_1670,Person_4284,female,63,60-64,,,Person_4283,2,,
HH_1671,Person_4285,female,53,50-54,,,,0,Madrid,
HH_1671,Person_4286,male,45,45-49,,,,0,Madrid,
HH_1672,Person_4287,male,49,45-49,,,,0,Madrid,
HH_1673,Person_4288,female,23,20-24,,,,0,,Madrid
HH_1674,Person_4289,female,7,5-9,Person_4290,Person_4290,,0,,
HH_1674,Person_4290,male,23,20-24,,,Person_4291,1,,
HH_1674,Person_4291,male,28,25-29,,,Person_4290,1,,
HH_1675,Person_4292,male,43,40-44,,,,0,,
HH_1676,Person_4293,female,89,85-89,,,,0,Alcorcon,
HH_1677,Person_4294,male,4,0-4,Person_4296,Person_4296,,0,Fuenlabrada,
HH_1677,Person_4295,male,33,30-34,Person_4296,Person_4296,,0,Fuenlabrada,Ferretería Ortiz
HH_1677,Person_4296,male,48,45-49,,,Person_4297,2,Fuenlabrada,
HH_1677,Person_4297,male,48,45-49,,,Person_4296,2,Fuenlabrada,
HH_1678,Person_4298,male,35,35-39,,,,0,,
HH_1678,Person_4299,male,60,60-64,,,,0,,Madrid
HH_1679,Person_4300,male,82,80-84,,,,0,,
HH_1680,Person_4301,male,96,95-99,,,,0,,
HH_1680,Person_4302,male,76,75-79,,,,0,,
HH_1680,Person_4303,female,66,65-69,,,,0,,
HH_1680,Person_4304,female,38,35-39,,,,0,,Mostoles
HH_1681,Person_4305,male,8,5-9,Person_4306,Person_4306,,0,,
HH_1681,Person_4306,male,47,45-49,,,Person_4307,1,,Fuenlabrada
HH_1681,Person_4307,male,54,50-54,,,Person_4306,1,,Madrid
HH_1682,Person_4308,male,94,90-94,,,,0,,
HH_1682,Person_4309,female,84,80-84,,,,0,,
HH_1683,Person_4310,female,34,30-34,Person_4312,Person_4312,,0,,
HH_1683,Person_4311,female,25,25-29,Person_4312,Person_4312,,0,,Parque Científico de la Universidad Carlos III de Madrid
HH_1683,Person_4312,female,49,45-49,,,Person_4313,2,,Madrid
HH_1683,Person_4313,female,46,45-49,,,Person_4312,2,,Madrid
HH_1684,Person_4314,male,20,20-24,Person_4317,Person_4317,,0,,
HH_1684,Person_4315,female,4,0-4,Person_4317,Person_4317,,0,,
HH_1684,Person_4316,male,26,25-29,Person_4317,Person_4317,,0,,Edificio Juan Benet
HH_1684,Person_4317,female,66,65-69,,,Person_4318,3,,
HH_1684,Person_4318,female,67,65-69,,,Person_4317,3,,
HH_1685,Person_4319,male,85,85-89,,,,0,,
HH_1686,Person_4320,male,29,25-29,Person_4322,Person_4322,,0,Oficina de Correos,Alcorcon
HH_1686,Person_4321,female,28,25-29,Person_4322,Person_4322,,0,Oficina de Correos,Fundación IMDEA Networks
HH_1686,Person_4322,female,58,55-59,,,Person_4323,2,Oficina de Correos,Mostoles
HH_1686,Person_4323,female,55,55-59,,,Person_4322,2,Oficina de Correos,Madrid
HH_1687,Person_4324,female,23,20-24,Person_4326,Person_4326,,0,,Biblioteca Rey Pastor
HH_1687,Person_4325,male,29,25-29,Person_4326,Person_4326,,0,,Madrid
HH_1687,Person_4326,female,61,60-64,,,Person_4327,2,,Madrid
HH_1687,Person_4327,female,84,80-84,,,Person_4326,2,,
HH_1688,Person_4328,female,3,0-4,Person_4330,Person_4330,,0,,
HH_1688,Person_4329,female,30,30-34,Person_4330,Person_4330,,0,,Parque Científico de la Universidad Carlos III de Madrid
HH_1688,Person_4330,male,64,60-64,,,Person_4331,2,,Madrid
HH_1688,Person_4331,male,66,65-69,,,Person_4330,2,,
HH_1689,Person_4332,female,11,10-14,Person_4334,Person_4334,,0,,Centro Ocupacional Juan Ramón Jiménez
HH_1689,Person_4333,female,33,30-34,Person_4334,Person_4334,,0,,Madrid
HH_1689,Person_4334,male,67,65-69,,,Person_4335,2,,
HH_1689,Person_4335,male,59,55-59,,,Person_4334,2,,Madrid
HH_1690,Person_4336,male,12,10-14,Person_4338,,,0,Sambil Outlet Madrid,
HH_1690,Person_4337,female,22,20-24,Person_4338,,,0,Sambil Outlet Madrid,
HH_1690,Person_4338,male,66,65-69,,,,2,Sambil Outlet Madrid,
HH_1691,Person_4339,female,63,60-64,,,,0,Getafe norte,
HH_1691,Person_4340,male,82,80-84,,,,0,Getafe norte,
HH_1692,Person_4341,male,21,20-24,,,,0,,Madrid
HH_1692,Person_4342,female,18,15-19,,,,0,,Madrid
HH_1693,Person_4343,male,18,15-19,,,,0,Madrid,Fundación IMDEA Networks
HH_1694,Person_4344,male,59,55-59,,,,0,,Getafe norte
HH_1695,Person_4345,male,48,45-49,Person_4346,,,0,,Alcorcon
HH_1695,Person_4346,male,77,75-79,,,,1,,
HH_1696,Person_4347,female,94,90-94,,,,0,,
HH_1697,Person_4348,male,45,45-49,,,,0,,Madrid
HH_1697,Person_4349,female,49,45-49,,,,0,,Madrid
HH_1698,Person_4350,female,69,65-69,,Person_4351,,0,,
HH_1698,Person_4351,female,99,95-99,,,,1,,
HH_1699,Person_4352,female,5,5-9,Person_4354,Person_4354,,0,,
HH_1699,Person_4353,female,31,30-34,Person_4354,Person_4354,,0,,Madrid
HH_1699,Person_4354,female,62,60-64,,,Person_4355,2,,Madrid
HH_1699,Person_4355,female,89,85-89,,,Person_4354,2,,
HH_1700,Person_4356,male,65,65-69,,,,0,Fuenlabrada,
HH_1701,Person_4357,female,24,20-24,,Person_4358,,0,,Medicentro
HH_1701,Person_4358,female,53,50-54,,,,1,,Madrid
HH_1702,Person_4359,male,71,70-74,,,,0,Madrid,
HH_1703,Person_4360,male,1,0-4,,Person_4361,,0,,
HH_1703,Person_4361,female,22,20-24,,,,1,,Edificio Agustín de Betancourt
HH_1704,Person_4362,male,65,65-69,,,,0,Madrid,
HH_1705,Person_4363,female,25,25-29,Person_4365,Person_4365,,0,,Madrid
HH_1705,Person_4364,male,34,30-34,Person_4365,Person_4365,,0,,Extremadura
HH_1705,Person_4365,male,63,60-64,,,Person_4366,2,,Madrid
HH_1705,Person_4366,male,73,70-74,,,Person_4365,2,,
HH_1706,Person_4367,female,68,65-69,,,,0,Madrid,
HH_1706,Person_4368,female,46,45-49,,,,0,Madrid,Car Wash
HH_1707,Person_4369,female,65,65-69,,,,0,,
HH_1707,Person_4370,male,88,85-89,,,,0,,
HH_1708,Person_4371,female,29,25-29,Person_4373,Person_4373,,0,,
HH_1708,Person_4372,female,28,25-29,Person_4373,Person_4373,,0,,Edificio Agustín de Betancourt
HH_1708,Person_4373,male,58,55-59,,,Person_4374,2,,Madrid
HH_1708,Person_4374,male,52,50-54,,,Person_4373,2,,Madrid
HH_1709,Person_4375,female,24,20-24,Person_4376,Person_4376,,0,Madrid,
HH_1709,Person_4376,female,65,65-69,,,Person_4377,1,Madrid,
HH_1709,Person_4377,female,74,70-74,,,Person_4376,1,Madrid,
HH_1710,Person_4378,male,84,80-84,,,,0,,
HH_1710,Person_4379,female,70,70-74,,,,0,,
HH_1710,Person_4380,female,37,35-39,,,,0,,Madrid
HH_1711,Person_4381,female,24,20-24,,Person_4385,,0,Getafe norte,Fundación IMDEA Networks
HH_1711,Person_4382,male,22,20-24,,Person_4385,,0,Getafe norte,
HH_1711,Person_4383,female,21,20-24,,Person_4385,,0,Getafe norte,
HH_1711,Person_4384,female,7,5-9,,Person_4385,,0,Getafe norte,
HH_1711,Person_4385,female,50,50-54,,,,4,Getafe norte,
HH_1712,Person_4386,female,14,10-14,Person_4388,Person_4388,,0,,
HH_1712,Person_4387,male,34,30-34,Person_4388,Person_4388,,0,,Fuenlabrada
HH_1712,Person_4388,female,64,60-64,,,Person_4389,2,,Madrid
HH_1712,Person_4389,female,85,85-89,,,Person_4388,2,,
HH_1713,Person_4390,female,29,25-29,,,,0,Madrid,
HH_1714,Person_4391,male,10,10-14,Person_4392,,,0,Alcorcon,
HH_1714,Person_4392,male,36,35-39,,,,1,Alcorcon,
HH_1715,Person_4393,female,22,20-24,Person_4395,Person_4395,,0,,Edificio Juan Benet
HH_1715,Person_4394,male,35,35-39,Person_4395,Person_4395,,0,,Madrid
HH_1715,Person_4395,male,68,65-69,,,Person_4396,2,,
HH_1715,Person_4396,male,62,60-64,,,Person_4395,2,,
HH_1716,Person_4397,female,14,10-14,Person_4399,Person_4399,,0,,
HH_1716,Person_4398,male,32,30-34,Person_4399,Person_4399,,0,,Madrid
HH_1716,Person_4399,female,58,55-59,,,Person_4400,2,,Madrid
HH_1716,Person_4400,female,55,55-59,,,Person_4399,2,,Madrid
HH_1717,Person_4401,male,18,15-19,,Person_4403,,0,Madrid,Edificio Agustín de Betancourt
HH_1717,Person_4402,female,12,10-14,,Person_4403,,0,Madrid,
HH_1717,Person_4403,female,47,45-49,,,,2,Madrid,
HH_1718,Person_4404,male,24,20-24,Person_4405,Person_4405,,0,,Parque Científico de la Universidad Carlos III de Madrid
HH_1718,Person_4405,female,68,65-69,,,Person_4406,1,,
HH_1718,Person_4406,female,57,55-59,,,Person_4405,1,,Madrid
HH_1719,Person_4407,female,69,65-69,,,,0,,
HH_1719,Person_4408,female,70,70-74,,,,0,,
HH_1720,Person_4409,female,48,45-49,,,,0,Madrid,
HH_1720,Person_4410,female,92,90-94,,,,0,Madrid,
HH_1721,Person_4411,male,75,75-79,,,,0,Madrid,
HH_1721,Person_4412,male,41,40-44,,,,0,Madrid,
HH_1722,Person_4413,female,8,5-9,Person_4415,Person_4415,,0,,
HH_1722,Person_4414,female,26,25-29,Person_4415,Person_4415,,0,,Biblioteca Rey Pastor
HH_1722,Person_4415,male,60,60-64,,,Person_4416,2,,Madrid
HH_1722,Person_4416,male,72,70-74,,,Person_4415,2,,
HH_1723,Person_4417,female,39,35-39,,,,0,Alcorcon,
HH_1723,Person_4418,male,89,85-89,,,,0,Alcorcon,
HH_1724,Person_4419,female,70,70-74,,,,0,,
HH_1725,Person_4420,female,23,20-24,,Person_4421,,0,,Madrid
HH_1725,Person_4421,female,53,50-54,,,,1,,
HH_1726,Person_4422,female,49,45-49,,,,0,,Madrid
HH_1726,Person_4423,male,32,30-34,,,,0,,Madrid
HH_1727,Person_4424,male,32,30-34,Person_4425,Person_4425,,0,,Madrid
HH_1727,Person_4425,female,69,65-69,,,Person_4426,1,,
HH_1727,Person_4426,female,75,75-79,,,Person_4425,1,,
HH_1728,Person_4427,female,84,80-84,,,,0,,
HH_1729,Person_4428,male,57,55-59,,,,0,,Madrid
HH_1729,Person_4429,male,88,85-89,,,,0,,
HH_1730,Person_4430,male,8,5-9,,Person_4434,,0,,
HH_1730,Person_4431,female,11,10-14,,Person_4434,,0,,
HH_1730,Person_4432,male,0,0-4,,Person_4434,,0,,
HH_1730,Person_4433,female,1,0-4,,Person_4434,,0,,Escuela Infantil Rosa Caramelo
HH_1730,Person_4434,female,36,35-39,,,,4,,Madrid
HH_1731,Person_4435,female,42,40-44,,,,0,,Madrid
HH_1731,Person_4436,male,86,85-89,,,,0,,
HH_1732,Person_4437,male,31,30-34,,,,0,,Madrid
HH_1733,Person_4438,female,13,10-14,Person_4439,Person_4439,,0,Alcorcon,
HH_1733,Person_4439,female,45,45-49,,,Person_4440,1,Alcorcon,
HH_1733,Person_4440,female,50,50-54,,,Person_4439,1,Alcorcon,
HH_1734,Person_4441,female,16,15-19,Person_4442,Person_4442,,0,Madrid,
HH_1734,Person_4442,male,59,55-59,,,Person_4443,1,Madrid,
HH_1734,Person_4443,male,52,50-54,,,Person_4442,1,Madrid,
HH_1735,Person_4444,male,13,10-14,Person_4446,Person_4446,,0,,
HH_1735,Person_4445,female,26,25-29,Person_4446,Person_4446,,0,,Madrid
HH_1735,Person_4446,female,63,60-64,,,Person_4447,2,,Madrid
HH_1735,Person_4447,female,88,85-89,,,Person_4446,2,,
HH_1736,Person_4448,male,68,65-69,,,,0,Madrid,
HH_1736,Person_4449,male,77,75-79,,,,0,Madrid,
HH_1737,Person_4450,male,9,5-9,Person_4451,Person_4451,,0,Getafe norte,
HH_1737,Person_4451,female,24,20-24,,,Person_4452,1,Getafe norte,
HH_1737,Person_4452,female,25,25-29,,,Person_4451,1,Getafe norte,
HH_1738,Person_4453,male,53,50-54,,,,0,,
HH_1739,Person_4454,male,41,40-44,,,,0,Madrid,
HH_1739,Person_4455,female,31,30-34,,,,0,Madrid,
HH_1739,Person_4456,female,37,35-39,,,,0,Madrid,
HH_1740,Person_4457,female,8,5-9,Person_4461,,,0,,
HH_1740,Person_4458,male,18,15-19,Person_4461,,,0,,
HH_1740,Person_4459,female,18,15-19,Person_4461,,,0,,Madrid
HH_1740,Person_4460,male,8,5-9,Person_4461,,,0,,
HH_1740,Person_4461,male,33,30-34,,,,4,,Madrid
HH_1741,Person_4462,male,2,0-4,Person_4464,,,0,Madrid,
HH_1741,Person_4463,male,6,5-9,Person_4464,,,0,Madrid,Escuela Infantil El Romancero
HH_1741,Person_4464,male,40,40-44,,,,2,Madrid,
HH_1742,Person_4465,female,19,15-19,Person_4466,Person_4466,,0,,
HH_1742,Person_4466,male,52,50-54,,,Person_4467,1,,Ermita de San Cristóbal
HH_1742,Person_4467,male,53,50-54,,,Person_4466,1,,Alcorcon
HH_1743,Person_4468,male,47,45-49,,,,0,Getafe norte,
HH_1744,Person_4469,female,17,15-19,Person_4472,Person_4472,,0,,
HH_1744,Person_4470,female,12,10-14,Person_4472,Person_4472,,0,,
HH_1744,Person_4471,male,8,5-9,Person_4472,Person_4472,,0,,
HH_1744,Person_4472,male,49,45-49,,,Person_4473,3,,Madrid
HH_1744,Person_4473,male,42,40-44,,,Person_4472,3,,Madrid
HH_1745,Person_4474,male,21,20-24,Person_4475,Person_4475,,0,,Alcorcon
HH_1745,Person_4475,female,52,50-54,,,Person_4476,1,,Madrid
HH_1745,Person_4476,female,52,50-54,,,Person_4475,1,,Getafe norte
HH_1746,Person_4477,male,41,40-44,,Person_4478,,0,Madrid,
HH_1746,Person_4478,female,72,70-74,,,,1,Madrid,
HH_1747,Person_4479,female,18,15-19,,,,0,,
HH_1748,Person_4480,male,21,20-24,Person_4482,Person_4482,,0,,Madrid
HH_1748,Person_4481,male,29,25-29,Person_4482,Person_4482,,0,,
HH_1748,Person_4482,female,45,45-49,,,Person_4483,2,,Madrid
HH_1748,Person_4483,female,36,35-39,,,Person_4482,2,,Madrid
HH_1749,Person_4484,female,5,5-9,Person_4485,Person_4485,,0,Madrid,
HH_1749,Person_4485,male,38,35-39,,,Person_4486,1,Madrid,
HH_1749,Person_4486,male,28,25-29,,,Person_4485,1,Madrid,
HH_1750,Person_4487,male,22,20-24,Person_4489,Person_4489,,0,,Parque Científico de la Universidad Carlos III de Madrid
HH_1750,Person_4488,female,29,25-29,Person_4489,Person_4489,,0,,Parque Científico de la Universidad Carlos III de Madrid
HH_1750,Person_4489,male,62,60-64,,,Person_4490,2,,
HH_1750,Person_4490,male,43,40-44,,,Person_4489,2,,Madrid
HH_1751,Person_4491,male,56,55-59,,,,0,Getafe norte,
HH_1752,Person_4492,female,34,30-34,Person_4493,Person_4493,,0,,Madrid
HH_1752,Person_4493,female,63,60-64,,,Person_4494,1,,Alcorcon
HH_1752,Person_4494,female,91,90-94,,,Person_4493,1,,
HH_1753,Person_4495,male,65,65-69,,,,0,,
HH_1753,Person_4496,male,89,85-89,,,,0,,
HH_1753,Person_4497,male,69,65-69,,,,0,,
HH_1754,Person_4498,female,68,65-69,Person_4499,,,0,,
HH_1754,Person_4499,male,103,100-120,,,,1,,
HH_1755,Person_4500,female,6,5-9,Person_4504,,,0,,
HH_1755,Person_4501,female,7,5-9,Person_4504,,,0,,
HH_1755,Person_4502,male,13,10-14,Person_4504,,,0,,
HH_1755,Person_4503,female,6,5-9,Person_4504,,,0,,
HH_1755,Person_4504,male,42,40-44,,,,4,,Madrid
HH_1756,Person_4505,male,25,25-29,Person_4506,Person_4506,,0,,
HH_1756,Person_4506,female,42,40-44,,,Person_4507,1,,Madrid
HH_1756,Person_4507,female,40,40-44,,,Person_4506,1,,Getafe norte
HH_1757,Person_4508,female,38,35-39,,,,0,Fuenlabrada,
HH_1757,Person_4509,female,37,35-39,,,,0,Fuenlabrada,
HH_1758,Person_4510,male,49,45-49,,,,0,,Madrid
HH_1758,Person_4511,female,84,80-84,,,,0,,
HH_1759,Person_4512,female,33,30-34,Person_4513,Person_4513,,0,,Madrid
HH_1759,Person_4513,female,75,75-79,,,Person_4514,1,,
HH_1759,Person_4514,female,53,50-54,,,Person_4513,1,,Madrid
HH_1760,Person_4515,female,32,30-34,Person_4516,Person_4516,,0,,
HH_1760,Person_4516,female,74,70-74,,,Person_4517,1,,
HH_1760,Person_4517,female,67,65-69,,,Person_4516,1,,
HH_1761,Person_4518,male,13,10-14,Person_4520,Person_4520,,0,,guardería
HH_1761,Person_4519,male,28,25-29,Person_4520,Person_4520,,0,,
HH_1761,Person_4520,male,62,60-64,,,Person_4521,2,,Alcorcon
HH_1761,Person_4521,male,56,55-59,,,Person_4520,2,,Madrid
HH_1762,Person_4522,male,33,30-34,,,,0,,Madrid
HH_1762,Person_4523,female,74,70-74,,,,0,,
HH_1762,Person_4524,female,76,75-79,,,,0,,
HH_1763,Person_4525,male,8,5-9,Person_4526,Person_4526,,0,,
HH_1763,Person_4526,male,42,40-44,,,Person_4527,1,,Madrid
HH_1763,Person_4527,male,43,40-44,,,Person_4526,1,,
HH_1764,Person_4528,female,31,30-34,Person_4529,Person_4529,,0,,Madrid
HH_1764,Person_4529,male,64,60-64,,,Person_4530,1,,Madrid
HH_1764,Person_4530,male,51,50-54,,,Person_4529,1,,
HH_1765,Person_4531,female,26,25-29,Person_4532,Person_4532,,0,Madrid,
HH_1765,Person_4532,male,53,50-54,,,Person_4533,1,Madrid,
HH_1765,Person_4533,male,26,25-29,,,Person_4532,1,Madrid,
HH_1766,Person_4534,female,69,65-69,,,,0,,
HH_1767,Person_4535,male,61,60-64,,,,0,Madrid,
HH_1767,Person_4536,male,80,80-84,,,,0,Madrid,
HH_1768,Person_4537,male,17,15-19,Person_4541,,,0,,
HH_1768,Person_4538,female,17,15-19,Person_4541,,,0,,
HH_1768,Person_4539,male,19,15-19,Person_4541,,,0,,
HH_1768,Person_4540,female,17,15-19,Person_4541,,,0,,
HH_1768,Person_4541,male,50,50-54,,,,4,,Fuenlabrada
HH_1769,Person_4542,female,11,10-14,Person_4546,,,0,,
HH_1769,Person_4543,female,3,0-4,Person_4546,,,0,,
HH_1769,Person_4544,female,20,20-24,Person_4546,,,0,,
HH_1769,Person_4545,male,15,15-19,Person_4546,,,0,,
HH_1769,Person_4546,male,39,35-39,,,,4,,Madrid
HH_1770,Person_4547,male,21,20-24,Person_4550,Person_4550,,0,,Madrid
HH_1770,Person_4548,male,9,5-9,Person_4550,Person_4550,,0,,
HH_1770,Person_4549,female,10,10-14,Person_4550,Person_4550,,0,,
HH_1770,Person_4550,male,39,35-39,,,Person_4551,3,,Madrid
HH_1770,Person_4551,male,37,35-39,,,Person_4550,3,,Getafe norte
HH_1771,Person_4552,male,76,75-79,,,,0,,
HH_1772,Person_4553,male,3,0-4,Person_4554,Person_4554,,0,,
HH_1772,Person_4554,male,18,15-19,,,Person_4555,1,,
HH_1772,Person_4555,male,20,20-24,,,Person_4554,1,,Parque Científico de la Universidad Carlos III de Madrid
HH_1773,Person_4556,female,10,10-14,Person_4558,Person_4558,,0,Madrid,
HH_1773,Person_4557,female,27,25-29,Person_4558,Person_4558,,0,Madrid,
HH_1773,Person_4558,male,65,65-69,,,Person_4559,2,Madrid,
HH_1773,Person_4559,male,26,25-29,,,Person_4558,2,Madrid,
HH_1774,Person_4560,female,79,75-79,,,,0,,
HH_1775,Person_4561,female,11,10-14,Person_4565,,,0,,
HH_1775,Person_4562,female,7,5-9,Person_4565,,,0,,
HH_1775,Person_4563,female,21,20-24,Person_4565,,,0,,Madrid
HH_1775,Person_4564,female,4,0-4,Person_4565,,,0,,
HH_1775,Person_4565,male,46,45-49,,,,4,,Madrid
HH_1776,Person_4566,female,5,5-9,Person_4567,Person_4567,,0,Getafe norte,
HH_1776,Person_4567,female,41,40-44,,,Person_4568,1,Getafe norte,
HH_1776,Person_4568,female,47,45-49,,,Person_4567,1,Getafe norte,
HH_1777,Person_4569,male,73,70-74,,,,0,,
HH_1777,Person_4570,male,57,55-59,,,,0,,Madrid
HH_1778,Person_4571,male,91,90-94,,,,0,,
HH_1778,Person_4572,female,83,80-84,,,,0,,
HH_1779,Person_4573,male,30,30-34,,,,0,Madrid,
HH_1780,Person_4574,male,53,50-54,,,,0,Madrid,Residencia y Centro de día para personas mayores
HH_1781,Person_4575,female,3,0-4,Person_4577,Person_4577,,0,Madrid,
HH_1781,Person_4576,male,35,35-39,Person_4577,Person_4577,,0,Madrid,
HH_1781,Person_4577,male,50,50-54,,,Person_4578,2,Madrid,FREMAP Leganés
HH_1781,Person_4578,male,44,40-44,,,Person_4577,2,Madrid,
HH_1782,Person_4579,female,22,20-24,Person_4581,Person_4581,,0,,Madrid
HH_1782,Person_4580,male,31,30-34,Person_4581,Person_4581,,0,,Madrid
HH_1782,Person_4581,female,61,60-64,,,Person_4582,2,,Madrid
HH_1782,Person_4582,female,54,50-54,,,Person_4581,2,,Madrid
HH_1783,Person_4583,male,9,5-9,Person_4585,Person_4585,,0,,
HH_1783,Person_4584,female,25,25-29,Person_4585,Person_4585,,0,,Getafe norte
HH_1783,Person_4585,female,54,50-54,,,Person_4586,2,,Madrid
HH_1783,Person_4586,female,57,55-59,,,Person_4585,2,,Madrid
HH_1784,Person_4587,female,4,0-4,,Person_4590,,0,,Escuela Infantil Rosa Caramelo
HH_1784,Person_4588,male,8,5-9,,Person_4590,,0,,
HH_1784,Person_4589,female,6,5-9,,Person_4590,,0,,
HH_1784,Person_4590,female,35,35-39,,,,3,,Madrid
HH_1785,Person_4591,male,25,25-29,Person_4592,Person_4592,,0,,Fundación IMDEA Networks
HH_1785,Person_4592,male,59,55-59,,,Person_4593,1,,Madrid
HH_1785,Person_4593,male,50,50-54,,,Person_4592,1,,Madrid
HH_1786,Person_4594,female,43,40-44,,,,0,,Madrid
HH_1787,Person_4595,male,18,15-19,,,,0,,
HH_1788,Person_4596,female,19,15-19,Person_4598,Person_4598,,0,Getafe norte,
HH_1788,Person_4597,male,32,30-34,Person_4598,Person_4598,,0,Getafe norte,
HH_1788,Person_4598,male,64,60-64,,,Person_4599,2,Getafe norte,
HH_1788,Person_4599,male,58,55-59,,,Person_4598,2,Getafe norte,
HH_1789,Person_4600,male,47,45-49,,,,0,Alcorcon,
HH_1790,Person_4601,male,29,25-29,,,,0,,Madrid
HH_1791,Person_4602,male,25,25-29,,Person_4604,,0,,
HH_1791,Person_4603,female,27,25-29,,Person_4604,,0,,Madrid
HH_1791,Person_4604,female,54,50-54,,,,2,,Fuenlabrada
HH_1792,Person_4605,male,11,10-14,,Person_4606,,0,,
HH_1792,Person_4606,female,46,45-49,,,,1,,Alcorcon
HH_1793,Person_4607,male,36,35-39,,,,0,,Madrid
HH_1794,Person_4608,male,11,10-14,Person_4609,Person_4609,,0,Madrid,
HH_1794,Person_4609,male,44,40-44,,,Person_4610,1,Madrid,
HH_1794,Person_4610,male,44,40-44,,,Person_4609,1,Madrid,
HH_1795,Person_4611,female,5,5-9,Person_4612,,,0,Madrid,Escuela Infantil Rosa Caramelo
HH_1795,Person_4612,male,37,35-39,,,,1,Madrid,
HH_1796,Person_4613,male,0,0-4,Person_4615,Person_4615,,0,,
HH_1796,Person_4614,female,29,25-29,Person_4615,Person_4615,,0,,
HH_1796,Person_4615,male,66,65-69,,,Person_4616,2,,
HH_1796,Person_4616,male,50,50-54,,,Person_4615,2,,Madrid
HH_1797,Person_4617,male,11,10-14,,Person_4620,,0,Fuenlabrada,
HH_1797,Person_4618,female,4,0-4,,Person_4620,,0,Fuenlabrada,
HH_1797,Person_4619,female,15,15-19,,Person_4620,,0,Fuenlabrada,
HH_1797,Person_4620,female,46,45-49,,,,3,Fuenlabrada,
HH_1798,Person_4621,male,69,65-69,,,,0,,
HH_1798,Person_4622,male,29,25-29,,,,0,,Madrid
HH_1799,Person_4623,female,47,45-49,,Person_4624,,0,,Madrid
HH_1799,Person_4624,female,64,60-64,,,,1,,Madrid
HH_1800,Person_4625,male,31,30-34,Person_4626,Person_4626,,0,Alcorcon,
HH_1800,Person_4626,female,68,65-69,,,Person_4627,1,Alcorcon,
HH_1800,Person_4627,female,68,65-69,,,Person_4626,1,Alcorcon,
HH_1801,Person_4628,male,88,85-89,,,,0,,
HH_1801,Person_4629,female,69,65-69,,,,0,,
HH_1802,Person_4630,female,88,85-89,,,,0,,
HH_1802,Person_4631,male,56,55-59,,,,0,,Madrid
HH_1803,Person_4632,female,66,65-69,,,,0,Fuenlabrada,
HH_1803,Person_4633,male,81,80-84,,,,0,Fuenlabrada,
HH_1804,Person_4634,female,91,90-94,,,,0,,
HH_1804,Person_4635,male,22,20-24,,,,0,,
HH_1805,Person_4636,male,31,30-34,Person_4637,Person_4637,,0,Madrid,
HH_1805,Person_4637,male,50,50-54,,,Person_4638,1,Madrid,
HH_1805,Person_4638,male,52,50-54,,,Person_4637,1,Madrid,
HH_1806,Person_4639,female,31,30-34,Person_4640,Person_4640,,0,Madrid,
HH_1806,Person_4640,female,46,45-49,,,Person_4641,1,Madrid,
HH_1806,Person_4641,female,48,45-49,,,Person_4640,1,Madrid,
HH_1807,Person_4642,female,25,25-29,Person_4644,,,0,Madrid,
HH_1807,Person_4643,male,33,30-34,Person_4644,,,0,Madrid,
HH_1807,Person_4644,male,73,70-74,,,,2,Madrid,
HH_1808,Person_4645,female,99,95-99,,,,0,,
HH_1808,Person_4646,female,23,20-24,,,,0,,Madrid
HH_1809,Person_4647,female,85,85-89,,,,0,Getafe norte,
HH_1810,Person_4648,male,19,15-19,,Person_4650,,0,,
HH_1810,Person_4649,female,0,0-4,,Person_4650,,0,,
HH_1810,Person_4650,female,35,35-39,,,,2,,Madrid
HH_1811,Person_4651,male,33,30-34,,,,0,Madrid,
HH_1812,Person_4652,female,73,70-74,,,,0,,
HH_1813,Person_4653,female,42,40-44,,,,0,,Madrid
HH_1813,Person_4654,male,62,60-64,,,,0,,
HH_1813,Person_4655,female,95,95-99,,,,0,,
HH_1814,Person_4656,female,31,30-34,Person_4657,Person_4657,,0,Fuenlabrada,
HH_1814,Person_4657,female,64,60-64,,,Person_4658,1,Fuenlabrada,
HH_1814,Person_4658,female,58,55-59,,,Person_4657,1,Fuenlabrada,
HH_1815,Person_4659,female,56,55-59,,,,0,,
HH_1815,Person_4660,male,73,70-74,,,,0,,
HH_1816,Person_4661,female,99,95-99,,,,0,,
HH_1816,Person_4662,male,47,45-49,,,,0,,Madrid
HH_1817,Person_4663,male,20,20-24,Person_4666,Person_4666,,0,,Madrid
HH_1817,Person_4664,female,9,5-9,Person_4666,Person_4666,,0,,
HH_1817,Person_4665,male,29,25-29,Person_4666,Person_4666,,0,,
HH_1817,Person_4666,female,47,45-49,,,Person_4667,3,,
HH_1817,Person_4667,female,35,35-39,,,Person_4666,3,,Madrid
HH_1818,Person_4668,male,79,75-79,,,,0,Madrid,
HH_1818,Person_4669,female,66,65-69,,,,0,Madrid,
HH_1819,Person_4670,male,28,25-29,,,,0,,Fundación IMDEA Networks
HH_1819,Person_4671,female,64,60-64,,,,0,,Madrid
HH_1820,Person_4672,female,31,30-34,Person_4673,Person_4673,,0,Getafe norte,
HH_1820,Person_4673,male,60,60-64,,,Person_4674,1,Getafe norte,
HH_1820,Person_4674,male,50,50-54,,,Person_4673,1,Getafe norte,Residencia El Encinar Leganés
HH_1821,Person_4675,female,77,75-79,,,,0,,
HH_1821,Person_4676,male,37,35-39,,,,0,,Madrid
HH_1822,Person_4677,female,23,20-24,Person_4679,Person_4679,,0,,Biblioteca Rey Pastor
HH_1822,Person_4678,male,28,25-29,Person_4679,Person_4679,,0,,
HH_1822,Person_4679,female,54,50-54,,,Person_4680,2,,Madrid
HH_1822,Person_4680,female,53,50-54,,,Person_4679,2,,Madrid
HH_1823,Person_4681,male,56,55-59,,,,0,,Madrid
HH_1823,Person_4682,female,46,45-49,,,,0,,Madrid
HH_1824,Person_4683,female,10,10-14,,Person_4686,,0,,
HH_1824,Person_4684,male,8,5-9,,Person_4686,,0,,
HH_1824,Person_4685,female,20,20-24,,Person_4686,,0,,
HH_1824,Person_4686,female,64,60-64,,,,3,,Madrid
HH_1825,Person_4687,male,29,25-29,Person_4688,Person_4688,,0,,
HH_1825,Person_4688,male,68,65-69,,,Person_4689,1,,
HH_1825,Person_4689,male,53,50-54,,,Person_4688,1,,Madrid
HH_1826,Person_4690,male,59,55-59,,,,0,,Madrid
HH_1826,Person_4691,male,20,20-24,,,,0,,Madrid
HH_1827,Person_4692,female,31,30-34,Person_4693,Person_4693,,0,,Madrid
HH_1827,Person_4693,female,75,75-79,,,Person_4694,1,,
HH_1827,Person_4694,female,67,65-69,,,Person_4693,1,,
HH_1828,Person_4695,female,30,30-34,Person_4696,Person_4696,,0,,
HH_1828,Person_4696,male,63,60-64,,,Person_4697,1,,Madrid
HH_1828,Person_4697,male,85,85-89,,,Person_4696,1,,
HH_1829,Person_4698,female,62,60-64,,,,0,Fuenlabrada,Thales
HH_1829,Person_4699,male,79,75-79,,,,0,Fuenlabrada,
HH_1830,Person_4700,male,41,40-44,Person_4701,Person_4701,,0,,
HH_1830,Person_4701,female,84,80-84,,,Person_4702,1,,
HH_1830,Person_4702,female,79,75-79,,,Person_4701,1,,
HH_1831,Person_4703,female,17,15-19,Person_4705,Person_4705,,0,Madrid,
HH_1831,Person_4704,female,32,30-34,Person_4705,Person_4705,,0,Madrid,Logista
HH_1831,Person_4705,male,72,70-74,,,Person_4706,2,Madrid,
HH_1831,Person_4706,male,86,85-89,,,Person_4705,2,Madrid,
HH_1832,Person_4707,female,44,40-44,,,,0,,Mostoles
HH_1833,Person_4708,female,75,75-79,,,,0,,
HH_1834,Person_4709,female,18,15-19,,,,0,,Madrid
HH_1835,Person_4710,female,48,45-49,,,,0,Casa Regional de Castilla la Mancha,Madrid
HH_1835,Person_4711,male,94,90-94,,,,0,Casa Regional de Castilla la Mancha,
HH_1836,Person_4712,female,78,75-79,,,,0,Fuenlabrada,
HH_1836,Person_4713,female,58,55-59,,,,0,Fuenlabrada,
HH_1836,Person_4714,female,93,90-94,,,,0,Fuenlabrada,
HH_1836,Person_4715,male,72,70-74,,,,0,Fuenlabrada,
HH_1837,Person_4716,male,10,10-14,Person_4719,Person_4719,,0,Madrid,
HH_1837,Person_4717,female,11,10-14,Person_4719,Person_4719,,0,Madrid,
HH_1837,Person_4718,female,7,5-9,Person_4719,Person_4719,,0,Madrid,
HH_1837,Person_4719,female,43,40-44,,,Person_4720,3,Madrid,
HH_1837,Person_4720,female,41,40-44,,,Person_4719,3,Madrid,
HH_1838,Person_4721,male,7,5-9,Person_4723,Person_4723,,0,,
HH_1838,Person_4722,female,34,30-34,Person_4723,Person_4723,,0,,Madrid
HH_1838,Person_4723,male,61,60-64,,,Person_4724,2,,Madrid
HH_1838,Person_4724,male,57,55-59,,,Person_4723,2,,Madrid
HH_1839,Person_4725,female,15,15-19,Person_4726,Person_4726,,0,,
HH_1839,Person_4726,female,40,40-44,,,Person_4727,1,,Madrid
HH_1839,Person_4727,female,45,45-49,,,Person_4726,1,,Madrid
HH_1840,Person_4728,male,97,95-99,Person_4729,,,0,,
HH_1840,Person_4729,male,113,100-120,,,,1,,
HH_1841,Person_4730,male,66,65-69,,,,0,,
HH_1841,Person_4731,male,23,20-24,,,,0,,Edificio Agustín de Betancourt
HH_1841,Person_4732,male,82,80-84,,,,0,,
HH_1841,Person_4733,female,73,70-74,,,,0,,
HH_1841,Person_4734,male,75,75-79,,,,0,,
HH_1842,Person_4735,male,7,5-9,Person_4736,Person_4736,,0,,
HH_1842,Person_4736,male,40,40-44,,,Person_4737,1,,Madrid
HH_1842,Person_4737,male,38,35-39,,,Person_4736,1,,Madrid
HH_1843,Person_4738,male,29,25-29,,,,0,Madrid,Biblioteca Rey Pastor
HH_1843,Person_4739,female,26,25-29,,,,0,Madrid,Parque Científico de la Universidad Carlos III de Madrid
HH_1844,Person_4740,male,21,20-24,,,,0,,
HH_1845,Person_4741,female,81,80-84,,,,0,,
HH_1846,Person_4742,female,69,65-69,,,,0,Getafe norte,
HH_1847,Person_4743,female,95,95-99,,Person_4744,,0,Mostoles,
HH_1847,Person_4744,female,120,100-120,,,,1,Mostoles,
HH_1848,Person_4745,female,25,25-29,Person_4748,Person_4748,,0,,Salón del Reino de los Testigos de Jehová
HH_1848,Person_4746,female,19,15-19,Person_4748,Person_4748,,0,,Edificio Sabatini
HH_1848,Person_4747,male,30,30-34,Person_4748,Person_4748,,0,,
HH_1848,Person_4748,male,64,60-64,,,Person_4749,3,,
HH_1848,Person_4749,male,43,40-44,,,Person_4748,3,,Madrid
HH_1849,Person_4750,female,23,20-24,Person_4751,Person_4751,,0,,
HH_1849,Person_4751,female,54,50-54,,,Person_4752,1,,Madrid
HH_1849,Person_4752,female,53,50-54,,,Person_4751,1,,Madrid
HH_1850,Person_4753,male,42,40-44,,Person_4754,,0,,Madrid
HH_1850,Person_4754,female,73,70-74,,,,1,,
HH_1851,Person_4755,male,65,65-69,,,,0,Madrid,
HH_1851,Person_4756,male,20,20-24,,,,0,Madrid,
HH_1852,Person_4757,male,43,40-44,,,,0,,
HH_1852,Person_4758,male,19,15-19,,,,0,,
HH_1853,Person_4759,male,22,20-24,Person_4763,,,0,,Madrid
HH_1853,Person_4760,male,8,5-9,Person_4763,,,0,,
HH_1853,Person_4761,male,6,5-9,Person_4763,,,0,,
HH_1853,Person_4762,female,22,20-24,Person_4763,,,0,,Madrid
HH_1853,Person_4763,male,59,55-59,,,,4,,Madrid
HH_1854,Person_4764,male,48,45-49,,,,0,,Madrid
HH_1854,Person_4765,male,64,60-64,,,,0,,Madrid
HH_1855,Person_4766,female,78,75-79,,,,0,,
HH_1856,Person_4767,female,9,5-9,Person_4769,Person_4769,,0,,
HH_1856,Person_4768,female,27,25-29,Person_4769,Person_4769,,0,,
HH_1856,Person_4769,female,71,70-74,,,Person_4770,2,,
HH_1856,Person_4770,female,62,60-64,,,Person_4769,2,,Madrid
HH_1857,Person_4771,male,3,0-4,Person_4772,Person_4772,,0,Madrid,Escuela Infantil Rosa Caramelo
HH_1857,Person_4772,male,19,15-19,,,Person_4773,1,Madrid,Edificio Sabatini
HH_1857,Person_4773,male,33,30-34,,,Person_4772,1,Madrid,
HH_1858,Person_4774,female,44,40-44,,,,0,Radiotrans Iberia,Madrid
HH_1858,Person_4775,female,77,75-79,,,,0,Radiotrans Iberia,
HH_1859,Person_4776,male,23,20-24,,,,0,,Madrid
HH_1860,Person_4777,female,38,35-39,Person_4778,Person_4778,,0,,Madrid
HH_1860,Person_4778,male,53,50-54,,,Person_4779,1,,Madrid
HH_1860,Person_4779,male,46,45-49,,,Person_4778,1,,Madrid
HH_1861,Person_4780,female,8,5-9,Person_4782,Person_4782,,0,,
HH_1861,Person_4781,female,30,30-34,Person_4782,Person_4782,,0,,
HH_1861,Person_4782,male,72,70-74,,,Person_4783,2,,
HH_1861,Person_4783,male,43,40-44,,,Person_4782,2,,Madrid
HH_1862,Person_4784,female,52,50-54,,,,0,,
HH_1862,Person_4785,male,75,75-79,,,,0,,
HH_1862,Person_4786,female,50,50-54,,,,0,,Madrid
HH_1863,Person_4787,male,15,15-19,Person_4788,Person_4788,,0,,Centro Ocupacional Juan Ramón Jiménez
HH_1863,Person_4788,female,43,40-44,,,Person_4789,1,,Madrid
HH_1863,Person_4789,female,39,35-39,,,Person_4788,1,,Madrid
HH_1864,Person_4790,male,8,5-9,Person_4791,Person_4791,,0,,
HH_1864,Person_4791,male,49,45-49,,,Person_4792,1,,Madrid
HH_1864,Person_4792,male,48,45-49,,,Person_4791,1,,Madrid
HH_1865,Person_4793,male,90,90-94,,,,0,Extremadura,
HH_1865,Person_4794,male,66,65-69,,,,0,Extremadura,
HH_1866,Person_4795,female,40,40-44,,Person_4797,,0,,Extremadura
HH_1866,Person_4796,male,43,40-44,,Person_4797,,0,,Madrid
HH_1866,Person_4797,female,68,65-69,,,,2,,
HH_1867,Person_4798,male,31,30-34,Person_4800,Person_4800,,0,Madrid,
HH_1867,Person_4799,male,26,25-29,Person_4800,Person_4800,,0,Madrid,
HH_1867,Person_4800,male,50,50-54,,,Person_4801,2,Madrid,
HH_1867,Person_4801,male,45,45-49,,,Person_4800,2,Madrid,
HH_1868,Person_4802,male,2,0-4,Person_4803,Person_4803,,0,Madrid,
HH_1868,Person_4803,female,31,30-34,,,Person_4804,1,Madrid,
HH_1868,Person_4804,female,30,30-34,,,Person_4803,1,Madrid,
HH_1869,Person_4805,female,23,20-24,Person_4807,Person_4807,,0,,Madrid
HH_1869,Person_4806,female,32,30-34,Person_4807,Person_4807,,0,,Madrid
HH_1869,Person_4807,female,62,60-64,,,Person_4808,2,,
HH_1869,Person_4808,female,65,65-69,,,Person_4807,2,,
HH_1870,Person_4809,male,16,15-19,,Person_4813,,0,,
HH_1870,Person_4810,male,8,5-9,,Person_4813,,0,,
HH_1870,Person_4811,female,23,20-24,,Person_4813,,0,,Extremadura
HH_1870,Person_4812,female,13,10-14,,Person_4813,,0,,
HH_1870,Person_4813,female,39,35-39,,,,4,,Mostoles
HH_1871,Person_4814,male,29,25-29,,,,0,,Biblioteca Rey Pastor
HH_1871,Person_4815,male,80,80-84,,,,0,,
HH_1872,Person_4816,male,77,75-79,,,,0,Madrid,
HH_1873,Person_4817,male,58,55-59,,,,0,Madrid,
HH_1874,Person_4818,female,66,65-69,,,,0,Madrid,
HH_1875,Person_4819,male,15,15-19,Person_4820,Person_4820,,0,Madrid,
HH_1875,Person_4820,female,41,40-44,,,Person_4821,1,Madrid,
HH_1875,Person_4821,female,55,55-59,,,Person_4820,1,Madrid,
HH_1876,Person_4822,female,26,25-29,Person_4823,Person_4823,,0,Getafe norte,Edificio Agustín de Betancourt
HH_1876,Person_4823,male,56,55-59,,,Person_4824,1,Getafe norte,
HH_1876,Person_4824,male,80,80-84,,,Person_4823,1,Getafe norte,
HH_1877,Person_4825,female,33,30-34,,Person_4826,,0,Getafe norte,
HH_1877,Person_4826,female,58,55-59,,,,1,Getafe norte,
HH_1878,Person_4827,female,15,15-19,Person_4828,Person_4828,,0,,
HH_1878,Person_4828,male,42,40-44,,,Person_4829,1,,Madrid
HH_1878,Person_4829,male,40,40-44,,,Person_4828,1,,Madrid
HH_1879,Person_4830,female,14,10-14,Person_4834,,,0,,
HH_1879,Person_4831,female,3,0-4,Person_4834,,,0,,
HH_1879,Person_4832,male,7,5-9,Person_4834,,,0,,
HH_1879,Person_4833,female,15,15-19,Person_4834,,,0,,
HH_1879,Person_4834,male,44,40-44,,,,4,,Madrid
HH_1880,Person_4835,female,30,30-34,Person_4837,,,0,,
HH_1880,Person_4836,male,40,40-44,Person_4837,,,0,,Madrid
HH_1880,Person_4837,male,71,70-74,,,,2,,
HH_1881,Person_4838,male,16,15-19,Person_4840,Person_4840,,0,,
HH_1881,Person_4839,male,31,30-34,Person_4840,Person_4840,,0,,Madrid
HH_1881,Person_4840,male,60,60-64,,,Person_4841,2,,Madrid
HH_1881,Person_4841,male,50,50-54,,,Person_4840,2,,Madrid
HH_1882,Person_4842,female,19,15-19,,,,0,,Getafe norte
HH_1883,Person_4843,male,86,85-89,,,,0,,
HH_1883,Person_4844,female,96,95-99,,,,0,,
HH_1884,Person_4845,female,43,40-44,Person_4847,Person_4847,,0,,Madrid
HH_1884,Person_4846,female,28,25-29,Person_4847,Person_4847,,0,,
HH_1884,Person_4847,male,70,70-74,,,Person_4848,2,,
HH_1884,Person_4848,male,62,60-64,,,Person_4847,2,,Madrid
HH_1885,Person_4849,female,40,40-44,,,,0,,Madrid
HH_1885,Person_4850,female,54,50-54,,,,0,,Mostoles
HH_1886,Person_4851,male,22,20-24,Person_4853,Person_4853,,0,,Madrid
HH_1886,Person_4852,male,28,25-29,Person_4853,Person_4853,,0,,
HH_1886,Person_4853,male,43,40-44,,,Person_4854,2,,Madrid
HH_1886,Person_4854,male,38,35-39,,,Person_4853,2,,Alcorcon
HH_1887,Person_4855,female,40,40-44,,,,0,Getafe norte,
HH_1888,Person_4856,female,66,65-69,,,,0,,
HH_1888,Person_4857,male,33,30-34,,,,0,,Madrid
HH_1889,Person_4858,female,40,40-44,,,,0,Mostoles,
HH_1889,Person_4859,female,36,35-39,,,,0,Mostoles,
HH_1890,Person_4860,male,38,35-39,,,,0,,Madrid
HH_1891,Person_4861,female,7,5-9,Person_4864,Person_4864,,0,,
HH_1891,Person_4862,male,7,5-9,Person_4864,Person_4864,,0,,
HH_1891,Person_4863,male,6,5-9,Person_4864,Person_4864,,0,,
HH_1891,Person_4864,male,40,40-44,,,Person_4865,3,,Madrid
HH_1891,Person_4865,male,27,25-29,,,Person_4864,3,,Madrid
HH_1892,Person_4866,male,98,95-99,,,,0,,
HH_1892,Person_4867,female,45,45-49,,,,0,,Madrid
HH_1893,Person_4868,female,25,25-29,,Person_4871,,0,Madrid,
HH_1893,Person_4869,male,33,30-34,,Person_4871,,0,Madrid,
HH_1893,Person_4870,female,4,0-4,,Person_4871,,0,Madrid,
HH_1893,Person_4871,female,63,60-64,,,,3,Madrid,
HH_1894,Person_4872,female,43,40-44,,Person_4873,,0,Mostoles,
HH_1894,Person_4873,female,58,55-59,,,,1,Mostoles,
HH_1895,Person_4874,female,75,75-79,,,,0,Madrid,
HH_1896,Person_4875,female,25,25-29,Person_4877,Person_4877,,0,,Madrid
HH_1896,Person_4876,female,30,30-34,Person_4877,Person_4877,,0,,Madrid
HH_1896,Person_4877,male,58,55-59,,,Person_4878,2,,
HH_1896,Person_4878,male,57,55-59,,,Person_4877,2,,Madrid
HH_1897,Person_4879,female,80,80-84,,,,0,,
HH_1898,Person_4880,female,23,20-24,Person_4883,,,0,Mostoles,Edificio Juan Benet
HH_1898,Person_4881,male,3,0-4,Person_4883,,,0,Mostoles,
HH_1898,Person_4882,female,9,5-9,Person_4883,,,0,Mostoles,
HH_1898,Person_4883,male,59,55-59,,,,3,Mostoles,
HH_1899,Person_4884,female,95,95-99,,,,0,,
HH_1899,Person_4885,male,64,60-64,,,,0,,Madrid
HH_1900,Person_4886,female,72,70-74,,,,0,,
HH_1901,Person_4887,female,5,5-9,Person_4888,Person_4888,,0,,
HH_1901,Person_4888,female,30,30-34,,,Person_4889,1,,Madrid
HH_1901,Person_4889,female,31,30-34,,,Person_4888,1,,
HH_1902,Person_4890,female,4,0-4,Person_4892,Person_4892,,0,Supeco,
HH_1902,Person_4891,female,29,25-29,Person_4892,Person_4892,,0,Supeco,
HH_1902,Person_4892,female,59,55-59,,,Person_4893,2,Supeco,Madrid
HH_1902,Person_4893,female,80,80-84,,,Person_4892,2,Supeco,
HH_1903,Person_4894,female,1,0-4,,Person_4897,,0,,
HH_1903,Person_4895,female,0,0-4,,Person_4897,,0,,
HH_1903,Person_4896,female,3,0-4,,Person_4897,,0,,Escuela Infantil Rosa Caramelo
HH_1903,Person_4897,female,37,35-39,,,,3,,Madrid
HH_1904,Person_4898,male,39,35-39,,,,0,Extremadura,
HH_1905,Person_4899,female,92,90-94,,,,0,Fuenlabrada,
HH_1905,Person_4900,male,21,20-24,,,,0,Fuenlabrada,Fundación IMDEA Networks
HH_1906,Person_4901,female,41,40-44,Person_4902,Person_4902,,0,,Madrid
HH_1906,Person_4902,male,76,75-79,,,Person_4903,1,,
HH_1906,Person_4903,male,70,70-74,,,Person_4902,1,,
HH_1907,Person_4904,female,1,0-4,Person_4906,Person_4906,,0,,
HH_1907,Person_4905,female,35,35-39,Person_4906,Person_4906,,0,,Madrid
HH_1907,Person_4906,male,63,60-64,,,Person_4907,2,,Madrid
HH_1907,Person_4907,male,53,50-54,,,Person_4906,2,,Mostoles
HH_1908,Person_4908,female,6,5-9,,Person_4911,,0,,
HH_1908,Person_4909,male,15,15-19,,Person_4911,,0,,
HH_1908,Person_4910,male,9,5-9,,Person_4911,,0,,
HH_1908,Person_4911,female,51,50-54,,,,3,,
HH_1909,Person_4912,female,76,75-79,,,,0,Madrid,
HH_1909,Person_4913,male,89,85-89,,,,0,Madrid,
HH_1910,Person_4914,female,24,20-24,Person_4916,Person_4916,,0,,
HH_1910,Person_4915,male,25,25-29,Person_4916,Person_4916,,0,,Parque Científico de la Universidad Carlos III de Madrid
HH_1910,Person_4916,female,58,55-59,,,Person_4917,2,,Madrid
HH_1910,Person_4917,female,89,85-89,,,Person_4916,2,,
HH_1911,Person_4918,male,12,10-14,Person_4919,Person_4919,,0,,
HH_1911,Person_4919,female,45,45-49,,,Person_4920,1,,Madrid
HH_1911,Person_4920,female,50,50-54,,,Person_4919,1,,Seat
HH_1912,Person_4921,male,19,15-19,Person_4922,,,0,Getafe norte,Edificio Torres Quevedo
HH_1912,Person_4922,male,46,45-49,,,,1,Getafe norte,
HH_1913,Person_4923,female,43,40-44,,,,0,,
HH_1913,Person_4924,female,97,95-99,,,,0,,
HH_1914,Person_4925,female,1,0-4,,Person_4927,,0,,
HH_1914,Person_4926,male,9,5-9,,Person_4927,,0,,
HH_1914,Person_4927,female,24,20-24,,,,2,,Madrid
HH_1915,Person_4928,male,23,20-24,,,,0,,
HH_1915,Person_4929,male,63,60-64,,,,0,,Segundo Sanz
HH_1916,Person_4930,male,55,55-59,,,,0,Fuenlabrada,
HH_1916,Person_4931,male,51,50-54,,,,0,Fuenlabrada,
HH_1916,Person_4932,female,20,20-24,,,,0,Fuenlabrada,Fundación IMDEA Networks
HH_1917,Person_4933,female,21,20-24,Person_4934,Person_4934,,0,,Fuenlabrada
HH_1917,Person_4934,female,53,50-54,,,Person_4935,1,,Madrid
HH_1917,Person_4935,female,50,50-54,,,Person_4934,1,,Madrid
HH_1918,Person_4936,female,70,70-74,,,,0,Sambil Outlet Madrid,
HH_1918,Person_4937,female,21,20-24,,,,0,Sambil Outlet Madrid,Fundación IMDEA Networks
HH_1919,Person_4938,female,62,60-64,,,,0,Madrid,
HH_1919,Person_4939,female,31,30-34,,,,0,Madrid,
HH_1919,Person_4940,male,21,20-24,,,,0,Madrid,Biblioteca Rey Pastor
HH_1920,Person_4941,female,1,0-4,Person_4942,Person_4942,,0,,
HH_1920,Person_4942,female,38,35-39,,,Person_4943,1,,Madrid
HH_1920,Person_4943,female,41,40-44,,,Person_4942,1,,
HH_1921,Person_4944,male,23,20-24,,,,0,Getafe norte,Edificio Agustín de Betancourt
HH_1922,Person_4945,female,14,10-14,Person_4947,Person_4947,,0,,
HH_1922,Person_4946,female,29,25-29,Person_4947,Person_4947,,0,,Edificio Sabatini
HH_1922,Person_4947,male,63,60-64,,,Person_4948,2,,
HH_1922,Person_4948,male,82,80-84,,,Person_4947,2,,
HH_1923,Person_4949,male,61,60-64,Person_4950,,,0,,Madrid
HH_1923,Person_4950,male,93,90-94,,,,1,,
HH_1924,Person_4951,male,33,30-34,,,,0,Madrid,
HH_1924,Person_4952,male,64,60-64,,,,0,Madrid,
HH_1925,Person_4953,female,64,60-64,,,,0,Madrid,
HH_1925,Person_4954,male,53,50-54,,,,0,Madrid,
HH_1926,Person_4955,male,43,40-44,,,,0,,Madrid
HH_1926,Person_4956,female,80,80-84,,,,0,,
HH_1927,Person_4957,female,60,60-64,,,,0,,Madrid
HH_1927,Person_4958,male,75,75-79,,,,0,,
HH_1928,Person_4959,male,84,80-84,Person_4960,,,0,,
HH_1928,Person_4960,male,103,100-120,,,,1,,
HH_1929,Person_4961,female,60,60-64,,,,0,,Madrid
HH_1929,Person_4962,female,88,85-89,,,,0,,
HH_1929,Person_4963,female,80,80-84,,,,0,,
HH_1929,Person_4964,female,19,15-19,,,,0,,
HH_1930,Person_4965,female,62,60-64,,,,0,,Madrid
HH_1930,Person_4966,male,96,95-99,,,,0,,
HH_1931,Person_4967,female,83,80-84,,,,0,Hotel de Asociaciones,
HH_1932,Person_4968,female,59,55-59,,,,0,Alcorcon,
HH_1932,Person_4969,female,79,75-79,,,,0,Alcorcon,
HH_1933,Person_4970,female,27,25-29,,,,0,Madrid,Parque Científico de la Universidad Carlos III de Madrid
HH_1934,Person_4971,female,17,15-19,Person_4975,,,0,,
HH_1934,Person_4972,male,6,5-9,Person_4975,,,0,,
HH_1934,Person_4973,female,15,15-19,Person_4975,,,0,,Edificio Juan de Mairena
HH_1934,Person_4974,male,0,0-4,Person_4975,,,0,,Escuela Infantil Rosa Caramelo
HH_1934,Person_4975,male,51,50-54,,,,4,,Madrid
HH_1935,Person_4976,male,97,95-99,,,,0,,
HH_1935,Person_4977,male,94,90-94,,,,0,,
HH_1936,Person_4978,female,67,65-69,,,,0,Madrid,
HH_1937,Person_4979,female,88,85-89,,,,0,,
HH_1937,Person_4980,male,74,70-74,,,,0,,
HH_1938,Person_4981,female,55,55-59,,,,0,,
HH_1938,Person_4982,female,77,75-79,,,,0,,
HH_1939,Person_4983,male,44,40-44,Person_4984,Person_4984,,0,Madrid,
HH_1939,Person_4984,female,84,80-84,,,Person_4985,1,Madrid,
HH_1939,Person_4985,female,64,60-64,,,Person_4984,1,Madrid,
HH_1940,Person_4986,female,78,75-79,,,,0,,
HH_1941,Person_4987,male,25,25-29,,Person_4988,,0,,Fuenlabrada
HH_1941,Person_4988,female,42,40-44,,,,1,,Madrid
HH_1942,Person_4989,male,18,15-19,Person_4991,Person_4991,,0,Madrid,Edificio Agustín de Betancourt
HH_1942,Person_4990,female,29,25-29,Person_4991,Person_4991,,0,Madrid,
HH_1942,Person_4991,male,45,45-49,,,Person_4992,2,Madrid,
HH_1942,Person_4992,male,39,35-39,,,Person_4991,2,Madrid,Hiper Road
HH_1943,Person_4993,female,17,15-19,Person_4995,Person_4995,,0,,
HH_1943,Person_4994,male,25,25-29,Person_4995,Person_4995,,0,,Madrid
HH_1943,Person_4995,female,58,55-59,,,Person_4996,2,,
HH_1943,Person_4996,female,51,50-54,,,Person_4995,2,,Madrid
HH_1944,Person_4997,female,11,10-14,Person_4999,Person_4999,,0,,
HH_1944,Person_4998,male,28,25-29,Person_4999,Person_4999,,0,,
HH_1944,Person_4999,female,67,65-69,,,Person_5000,2,,
HH_1944,Person_5000,female,57,55-59,,,Person_4999,2,,
HH_1945,Person_5001,female,11,10-14,,Person_5005,,0,,
HH_1945,Person_5002,female,20,20-24,,Person_5005,,0,,
HH_1945,Person_5003,male,6,5-9,,Person_5005,,0,,
HH_1945,Person_5004,female,0,0-4,,Person_5005,,0,,
HH_1945,Person_5005,female,53,50-54,,,,4,,Madrid
HH_1946,Person_5006,male,31,30-34,,,,0,,Getafe norte
HH_1946,Person_5007,male,69,65-69,,,,0,,
HH_1947,Person_5008,male,25,25-29,Person_5009,,,0,,Edificio Torres Quevedo
HH_1947,Person_5009,male,68,65-69,,,,1,,
HH_1948,Person_5010,female,35,35-39,,Person_5011,,0,,Madrid
HH_1948,Person_5011,female,73,70-74,,,,1,,
HH_1949,Person_5012,female,48,45-49,,,,0,,Madrid
HH_1950,Person_5013,male,40,40-44,,,,0,,Madrid
HH_1950,Person_5014,female,35,35-39,,,,0,,Madrid
HH_1951,Person_5015,female,72,70-74,,,,0,,
HH_1951,Person_5016,female,96,95-99,,,,0,,
HH_1952,Person_5017,female,30,30-34,,Person_5018,,0,,Madrid
HH_1952,Person_5018,female,62,60-64,,,,1,,Madrid
HH_1953,Person_5019,male,83,80-84,,,,0,,
HH_1953,Person_5020,female,40,40-44,,,,0,,Madrid
HH_1954,Person_5021,male,30,30-34,,,,0,,Madrid
HH_1954,Person_5022,male,64,60-64,,,,0,,Madrid
HH_1955,Person_5023,female,24,20-24,Person_5024,Person_5024,,0,,Madrid
HH_1955,Person_5024,female,50,50-54,,,Person_5025,1,,Madrid
HH_1955,Person_5025,female,57,55-59,,,Person_5024,1,,Mostoles
HH_1956,Person_5026,female,30,30-34,Person_5027,Person_5027,,0,,
HH_1956,Person_5027,female,57,55-59,,,Person_5028,1,,Madrid
HH_1956,Person_5028,female,62,60-64,,,Person_5027,1,,Madrid
HH_1957,Person_5029,female,66,65-69,,,,0,Madrid,
HH_1958,Person_5030,female,3,0-4,Person_5031,Person_5031,,0,,
HH_1958,Person_5031,female,21,20-24,,,Person_5032,1,,Madrid
HH_1958,Person_5032,female,21,20-24,,,Person_5031,1,,Edificio Torres Quevedo
HH_1959,Person_5033,male,39,35-39,,,,0,,Madrid
HH_1959,Person_5034,male,54,50-54,,,,0,,Madrid
HH_1960,Person_5035,female,9,5-9,Person_5037,Person_5037,,0,,
HH_1960,Person_5036,female,29,25-29,Person_5037,Person_5037,,0,,
HH_1960,Person_5037,male,65,65-69,,,Person_5038,2,,
HH_1960,Person_5038,male,90,90-94,,,Person_5037,2,,
HH_1961,Person_5039,female,16,15-19,Person_5040,Person_5040,,0,,
HH_1961,Person_5040,female,59,55-59,,,Person_5041,1,,Madrid
HH_1961,Person_5041,female,57,55-59,,,Person_5040,1,,
HH_1962,Person_5042,female,35,35-39,,,,0,,Madrid
HH_1962,Person_5043,male,93,90-94,,,,0,,
HH_1963,Person_5044,female,45,45-49,,,,0,Madrid,
HH_1964,Person_5045,female,86,85-89,,,,0,,
HH_1965,Person_5046,female,79,75-79,,,,0,,
HH_1965,Person_5047,female,80,80-84,,,,0,,
HH_1966,Person_5048,male,19,15-19,Person_5049,Person_5049,,0,,
HH_1966,Person_5049,female,51,50-54,,,Person_5050,1,,Madrid
HH_1966,Person_5050,female,58,55-59,,,Person_5049,1,,Madrid
HH_1967,Person_5051,male,39,35-39,,,,0,,Madrid
HH_1967,Person_5052,male,54,50-54,,,,0,,Madrid
HH_1967,Person_5053,female,76,75-79,,,,0,,
HH_1967,Person_5054,male,85,85-89,,,,0,,
HH_1968,Person_5055,female,31,30-34,,,,0,,Madrid
HH_1968,Person_5056,male,68,65-69,,,,0,,
HH_1969,Person_5057,male,47,45-49,,,,0,,Madrid
HH_1970,Person_5058,female,2,0-4,Person_5060,Person_5060,,0,Mostoles,
HH_1970,Person_5059,male,28,25-29,Person_5060,Person_5060,,0,Mostoles,Parque Científico de la Universidad Carlos III de Madrid
HH_1970,Person_5060,female,47,45-49,,,Person_5061,2,Mostoles,
HH_1970,Person_5061,female,45,45-49,,,Person_5060,2,Mostoles,
HH_1971,Person_5062,female,17,15-19,Person_5065,,,0,,
HH_1971,Person_5063,male,27,25-29,Person_5065,,,0,,Biblioteca Rey Pastor
HH_1971,Person_5064,female,19,15-19,Person_5065,,,0,,Madrid
HH_1971,Person_5065,male,54,50-54,,,,3,,
HH_1972,Person_5066,male,50,50-54,,,,0,,Madrid
HH_1972,Person_5067,male,90,90-94,,,,0,,
HH_1973,Person_5068,male,9,5-9,Person_5069,Person_5069,,0,,
HH_1973,Person_5069,female,53,50-54,,,Person_5070,1,,Tienda Tienda
HH_1973,Person_5070,female,44,40-44,,,Person_5069,1,,Madrid
HH_1974,Person_5071,male,40,40-44,Person_5073,Person_5073,,0,,Madrid
HH_1974,Person_5072,male,32,30-34,Person_5073,Person_5073,,0,,Madrid
HH_1974,Person_5073,female,83,80-84,,,Person_5074,2,,
HH_1974,Person_5074,female,76,75-79,,,Person_5073,2,,
HH_1975,Person_5075,male,26,25-29,,,,0,Madrid,
HH_1975,Person_5076,female,26,25-29,,,,0,Madrid,
HH_1976,Person_5077,female,84,80-84,,,,0,,
HH_1977,Person_5078,female,67,65-69,,,,0,,
HH_1978,Person_5079,male,11,10-14,Person_5080,Person_5080,,0,,
HH_1978,Person_5080,female,43,40-44,,,Person_5081,1,,Madrid
HH_1978,Person_5081,female,44,40-44,,,Person_5080,1,,Madrid
HH_1979,Person_5082,male,82,80-84,,,,0,,
HH_1979,Person_5083,male,90,90-94,,,,0,,
HH_1980,Person_5084,female,12,10-14,Person_5087,Person_5087,,0,,
HH_1980,Person_5085,female,12,10-14,Person_5087,Person_5087,,0,,guardería
HH_1980,Person_5086,female,10,10-14,Person_5087,Person_5087,,0,,
HH_1980,Person_5087,male,45,45-49,,,Person_5088,3,,Getafe norte
HH_1980,Person_5088,male,46,45-49,,,Person_5087,3,,Madrid
HH_1981,Person_5089,male,4,0-4,Person_5091,Person_5091,,0,,
HH_1981,Person_5090,female,29,25-29,Person_5091,Person_5091,,0,,Madrid
HH_1981,Person_5091,male,44,40-44,,,Person_5092,2,,Getafe norte
HH_1981,Person_5092,male,36,35-39,,,Person_5091,2,,
HH_1982,Person_5093,female,92,90-94,,,,0,,
HH_1982,Person_5094,female,76,75-79,,,,0,,
HH_1983,Person_5095,male,27,25-29,Person_5096,,,0,,Edificio Agustín de Betancourt
HH_1983,Person_5096,male,44,40-44,,,,1,,Madrid
HH_1984,Person_5097,male,95,95-99,,,,0,Mostoles,
HH_1984,Person_5098,female,54,50-54,,,,0,Mostoles,
HH_1985,Person_5099,female,85,85-89,,,,0,Getafe norte,
HH_1986,Person_5100,female,21,20-24,Person_5101,Person_5101,,0,,Parque Científico de la Universidad Carlos III de Madrid
HH_1986,Person_5101,male,53,50-54,,,Person_5102,1,,Fuenlabrada
HH_1986,Person_5102,male,35,35-39,,,Person_5101,1,,Madrid
HH_1987,Person_5103,male,22,20-24,Person_5105,Person_5105,,0,,Madrid
HH_1987,Person_5104,male,33,30-34,Person_5105,Person_5105,,0,,Madrid
HH_1987,Person_5105,male,74,70-74,,,Person_5106,2,,
HH_1987,Person_5106,male,84,80-84,,,Person_5105,2,,
HH_1988,Person_5107,female,66,65-69,,,,0,Mostoles,
HH_1989,Person_5108,male,15,15-19,Person_5109,Person_5109,,0,,
HH_1989,Person_5109,male,32,30-34,,,Person_5110,1,,Mostoles
HH_1989,Person_5110,male,24,20-24,,,Person_5109,1,,Madrid
HH_1990,Person_5111,female,21,20-24,,Person_5115,,0,Fuenlabrada,
HH_1990,Person_5112,male,24,20-24,,Person_5115,,0,Fuenlabrada,Biblioteca Rey Pastor
HH_1990,Person_5113,female,14,10-14,,Person_5115,,0,Fuenlabrada,
HH_1990,Person_5114,male,13,10-14,,Person_5115,,0,Fuenlabrada,
HH_1990,Person_5115,female,66,65-69,,,,4,Fuenlabrada,
HH_1991,Person_5116,male,30,30-34,Person_5117,Person_5117,,0,,
HH_1991,Person_5117,male,61,60-64,,,Person_5118,1,,Madrid
HH_1991,Person_5118,male,57,55-59,,,Person_5117,1,,Madrid
HH_1992,Person_5119,male,9,5-9,Person_5120,Person_5120,,0,Fuenlabrada,Escuela Infantil El Romancero
HH_1992,Person_5120,male,50,50-54,,,Person_5121,1,Fuenlabrada,
HH_1992,Person_5121,male,46,45-49,,,Person_5120,1,Fuenlabrada,
HH_1993,Person_5122,male,72,70-74,,,,0,,
HH_1993,Person_5123,male,30,30-34,,,,0,,
HH_1994,Person_5124,male,18,15-19,,,,0,,
HH_1995,Person_5125,female,75,75-79,Person_5128,Person_5128,,0,,
HH_1995,Person_5126,female,36,35-39,Person_5128,Person_5128,,0,,Madrid
HH_1995,Person_5127,female,82,80-84,Person_5128,Person_5128,,0,,
HH_1995,Person_5128,male,113,100-120,,,Person_5129,3,,
HH_1995,Person_5129,male,97,95-99,,,Person_5128,3,,
HH_1996,Person_5130,male,37,35-39,,,,0,,Fuenlabrada
HH_1997,Person_5131,male,3,0-4,Person_5133,,,0,,
HH_1997,Person_5132,male,10,10-14,Person_5133,,,0,,
HH_1997,Person_5133,male,45,45-49,,,,2,,Madrid
HH_1998,Person_5134,male,34,30-34,Person_5136,,,0,,Madrid
HH_1998,Person_5135,male,44,40-44,Person_5136,,,0,,Madrid
HH_1998,Person_5136,male,76,75-79,,,,2,,
HH_1999,Person_5137,female,21,20-24,Person_5138,Person_5138,,0,,
HH_1999,Person_5138,male,51,50-54,,,Person_5139,1,,
HH_1999,Person_5139,male,50,50-54,,,Person_5138,1,,Madrid
HH_2000,Person_5140,female,59,55-59,,,,0,,Madrid
HH_2000,Person_5141,female,26,25-29,,,,0,,Edificio Sabatini
HH_2000,Person_5142,male,21,20-24,,,,0,,
HH_2000,Person_5143,female,83,80-84,,,,0,,
HH_2001,Person_5144,male,40,40-44,,,,0,,
HH_2001,Person_5145,male,46,45-49,,,,0,,Hiper Factory
HH_2002,Person_5146,male,36,35-39,,,,0,,Madrid
HH_2002,Person_5147,male,42,40-44,,,,0,,Madrid
HH_2003,Person_5148,male,41,40-44,,Person_5149,,0,,Madrid
HH_2003,Person_5149,female,78,75-79,,,,1,,
HH_2004,Person_5150,male,6,5-9,Person_5151,Person_5151,,0,Getafe norte,
HH_2004,Person_5151,female,46,45-49,,,Person_5152,1,Getafe norte,
HH_2004,Person_5152,female,50,50-54,,,Person_5151,1,Getafe norte,
HH_2005,Person_5153,female,83,80-84,,,,0,Madrid,
HH_2005,Person_5154,male,79,75-79,,,,0,Madrid,
HH_2006,Person_5155,male,18,15-19,Person_5157,,,0,Madrid,
HH_2006,Person_5156,male,27,25-29,Person_5157,,,0,Madrid,Edificio Juan Benet
HH_2006,Person_5157,male,59,55-59,,,,2,Madrid,
HH_2007,Person_5158,female,15,15-19,Person_5159,Person_5159,,0,,
HH_2007,Person_5159,male,57,55-59,,,Person_5160,1,,Getafe norte
HH_2007,Person_5160,male,53,50-54,,,Person_5159,1,,Madrid
HH_2008,Person_5161,male,3,0-4,Person_5162,Person_5162,,0,,Escuela Infantil Rosa Caramelo
HH_2008,Person_5162,female,36,35-39,,,Person_5163,1,,
HH_2008,Person_5163,female,43,40-44,,,Person_5162,1,,Madrid
HH_2009,Person_5164,female,84,80-84,,,,0,,
HH_2009,Person_5165,male,75,75-79,,,,0,,
HH_2010,Person_5166,female,6,5-9,Person_5167,Person_5167,,0,,
HH_2010,Person_5167,female,34,30-34,,,Person_5168,1,,El bar de domingo
HH_2010,Person_5168,female,31,30-34,,,Person_5167,1,,
HH_2011,Person_5169,female,21,20-24,Person_5170,Person_5170,,0,,Madrid
HH_2011,Person_5170,male,56,55-59,,,Person_5171,1,,Madrid
HH_2011,Person_5171,male,51,50-54,,,Person_5170,1,,Madrid
HH_2012,Person_5172,female,74,70-74,,,,0,Madrid,
HH_2013,Person_5173,male,15,15-19,Person_5175,Person_5175,,0,,
HH_2013,Person_5174,female,27,25-29,Person_5175,Person_5175,,0,,Edificio Juan Benet
HH_2013,Person_5175,male,52,50-54,,,Person_5176,2,,Madrid
HH_2013,Person_5176,male,41,40-44,,,Person_5175,2,,Alcorcon
HH_2014,Person_5177,female,85,85-89,,,,0,,
HH_2015,Person_5178,male,19,15-19,Person_5179,Person_5179,,0,,Alcorcon
HH_2015,Person_5179,female,51,50-54,,,Person_5180,1,,Madrid
HH_2015,Person_5180,female,54,50-54,,,Person_5179,1,,Madrid
HH_2016,Person_5181,male,65,65-69,,,,0,,
HH_2016,Person_5182,male,54,50-54,,,,0,,
HH_2017,Person_5183,female,68,65-69,,,,0,,
HH_2018,Person_5184,female,27,25-29,,,,0,Fuenlabrada,Biblioteca Rey Pastor
HH_2018,Person_5185,male,98,95-99,,,,0,Fuenlabrada,
HH_2019,Person_5186,male,59,55-59,,,,0,,Madrid
HH_2019,Person_5187,female,18,15-19,,,,0,,Fuenlabrada
HH_2020,Person_5188,male,36,35-39,,,,0,,Madrid
HH_2020,Person_5189,female,77,75-79,,,,0,,
HH_2021,Person_5190,female,3,0-4,Person_5191,,,0,,Escuela Infantil Rosa Caramelo
HH_2021,Person_5191,male,34,30-34,,,,1,,
HH_2022,Person_5192,female,74,70-74,,,,0,,
HH_2022,Person_5193,female,31,30-34,,,,0,,
HH_2023,Person_5194,male,56,55-59,,,,0,Alcorcon,
HH_2023,Person_5195,male,69,65-69,,,,0,Alcorcon,
HH_2024,Person_5196,female,51,50-54,,,,0,Fuenlabrada,
HH_2024,Person_5197,female,68,65-69,,,,0,Fuenlabrada,
HH_2025,Person_5198,male,40,40-44,,,,0,Getafe norte,
HH_2025,Person_5199,female,28,25-29,,,,0,Getafe norte,Edificio Sabatini
HH_2025,Person_5200,male,61,60-64,,,,0,Getafe norte,
HH_2025,Person_5201,female,97,95-99,,,,0,Getafe norte,
HH_2025,Person_5202,male,38,35-39,,,,0,Getafe norte,
HH_2026,Person_5203,female,25,25-29,,,,0,Fuenlabrada,
HH_2026,Person_5204,male,45,45-49,,,,0,Fuenlabrada,
HH_2027,Person_5205,male,51,50-54,,,,0,,Fuenlabrada
HH_2028,Person_5206,male,19,15-19,Person_5207,Person_5207,,0,,Madrid
HH_2028,Person_5207,female,45,45-49,,,Person_5208,1,,Mostoles
HH_2028,Person_5208,female,46,45-49,,,Person_5207,1,,Madrid
HH_2029,Person_5209,male,31,30-34,Person_5210,,,0,,Madrid
HH_2029,Person_5210,male,58,55-59,,,,1,,Madrid
HH_2030,Person_5211,male,15,15-19,Person_5212,Person_5212,,0,Getafe norte,
HH_2030,Person_5212,male,41,40-44,,,Person_5213,1,Getafe norte,
HH_2030,Person_5213,male,46,45-49,,,Person_5212,1,Getafe norte,
HH_2031,Person_5214,female,46,45-49,,,,0,,Fuenlabrada
HH_2031,Person_5215,male,76,75-79,,,,0,,
HH_2032,Person_5216,female,22,20-24,Person_5218,Person_5218,,0,,
HH_2032,Person_5217,female,35,35-39,Person_5218,Person_5218,,0,,Madrid
HH_2032,Person_5218,male,77,75-79,,,Person_5219,2,,
HH_2032,Person_5219,male,55,55-59,,,Person_5218,2,,Madrid
HH_2033,Person_5220,female,4,0-4,,Person_5221,,0,,
HH_2033,Person_5221,female,34,30-34,,,,1,,Madrid
HH_2034,Person_5222,male,40,40-44,Person_5223,Person_5223,,0,Alcorcon,
HH_2034,Person_5223,male,72,70-74,,,Person_5224,1,Alcorcon,
HH_2034,Person_5224,male,86,85-89,,,Person_5223,1,Alcorcon,
HH_2035,Person_5225,male,49,45-49,,,,0,Madrid,
HH_2036,Person_5226,female,62,60-64,,,,0,Madrid,
HH_2036,Person_5227,male,62,60-64,,,,0,Madrid,Ford
HH_2036,Person_5228,female,24,20-24,,,,0,Madrid,
HH_2037,Person_5229,female,30,30-34,Person_5231,,,0,,Parque Científico de la Universidad Carlos III de Madrid
HH_2037,Person_5230,female,38,35-39,Person_5231,,,0,,Madrid
HH_2037,Person_5231,male,78,75-79,,,,2,,
HH_2038,Person_5232,male,4,0-4,Person_5234,Person_5234,,0,,Escuela Infantil Rosa Caramelo
HH_2038,Person_5233,female,25,25-29,Person_5234,Person_5234,,0,,
HH_2038,Person_5234,female,69,65-69,,,Person_5235,2,,
HH_2038,Person_5235,female,88,85-89,,,Person_5234,2,,
HH_2039,Person_5236,female,55,55-59,,,,0,,Extremadura
HH_2039,Person_5237,female,59,55-59,,,,0,,
HH_2039,Person_5238,female,60,60-64,,,,0,,Alcorcon
HH_2040,Person_5239,male,53,50-54,,,,0,,
HH_2040,Person_5240,male,62,60-64,,,,0,,Getafe norte
HH_2041,Person_5241,male,4,0-4,Person_5242,Person_5242,,0,Madrid,Escuela Infantil Rosa Caramelo
HH_2041,Person_5242,male,30,30-34,,,Person_5243,1,Madrid,
HH_2041,Person_5243,male,33,30-34,,,Person_5242,1,Madrid,
HH_2042,Person_5244,female,18,15-19,Person_5245,Person_5245,,0,Fuenlabrada,
HH_2042,Person_5245,female,44,40-44,,,Person_5246,1,Fuenlabrada,
HH_2042,Person_5246,female,46,45-49,,,Person_5245,1,Fuenlabrada,
HH_2043,Person_5247,male,91,90-94,,,,0,Madrid,
HH_2043,Person_5248,female,61,60-64,,,,0,Madrid,
HH_2044,Person_5249,female,72,70-74,,,,0,,
HH_2044,Person_5250,male,90,90-94,,,,0,,
HH_2045,Person_5251,female,60,60-64,,,,0,,Madrid
HH_2045,Person_5252,female,74,70-74,,,,0,,
HH_2045,Person_5253,male,47,45-49,,,,0,,Madrid
HH_2046,Person_5254,female,11,10-14,Person_5256,Person_5256,,0,Mostoles,
HH_2046,Person_5255,male,30,30-34,Person_5256,Person_5256,,0,Mostoles,Edificio Agustín de Betancourt
HH_2046,Person_5256,female,64,60-64,,,Person_5257,2,Mostoles,
HH_2046,Person_5257,female,67,65-69,,,Person_5256,2,Mostoles,
HH_2047,Person_5258,female,18,15-19,Person_5260,Person_5260,,0,Getafe norte,
HH_2047,Person_5259,male,26,25-29,Person_5260,Person_5260,,0,Getafe norte,
HH_2047,Person_5260,female,42,40-44,,,Person_5261,2,Getafe norte,
HH_2047,Person_5261,female,49,45-49,,,Person_5260,2,Getafe norte,
HH_2048,Person_5262,female,23,20-24,,,,0,Madrid,Edificio Sabatini
HH_2048,Person_5263,male,94,90-94,,,,0,Madrid,
HH_2049,Person_5264,female,18,15-19,Person_5266,,,0,Alcorcon,
HH_2049,Person_5265,female,20,20-24,Person_5266,,,0,Alcorcon,Edificio Sabatini
HH_2049,Person_5266,male,49,45-49,,,,2,Alcorcon,
HH_2050,Person_5267,female,7,5-9,Person_5268,Person_5268,,0,,
HH_2050,Person_5268,male,25,25-29,,,Person_5269,1,,Parque Científico de la Universidad Carlos III de Madrid
HH_2050,Person_5269,male,27,25-29,,,Person_5268,1,,Alcorcon
HH_2051,Person_5270,female,41,40-44,,Person_5271,,0,Madrid,
HH_2051,Person_5271,female,59,55-59,,,,1,Madrid,Montero
HH_2052,Person_5272,female,76,75-79,,,,0,Aurgi,
HH_2053,Person_5273,male,16,15-19,Person_5276,Person_5276,,0,Madrid,
HH_2053,Person_5274,female,11,10-14,Person_5276,Person_5276,,0,Madrid,
HH_2053,Person_5275,female,14,10-14,Person_5276,Person_5276,,0,Madrid,
HH_2053,Person_5276,male,59,55-59,,,Person_5277,3,Madrid,
HH_2053,Person_5277,male,55,55-59,,,Person_5276,3,Madrid,
HH_2054,Person_5278,female,20,20-24,,,,0,,Edificio Torres Quevedo
HH_2054,Person_5279,male,57,55-59,,,,0,,Madrid
HH_2055,Person_5280,female,16,15-19,Person_5281,,,0,Fuenlabrada,
HH_2055,Person_5281,male,60,60-64,,,,1,Fuenlabrada,
HH_2056,Person_5282,female,70,70-74,,,,0,,
HH_2057,Person_5283,female,26,25-29,Person_5285,,,0,,
HH_2057,Person_5284,female,26,25-29,Person_5285,,,0,,Madrid
HH_2057,Person_5285,male,41,40-44,,,,2,,Madrid
HH_2058,Person_5286,male,30,30-34,Person_5287,Person_5287,,0,Madrid,
HH_2058,Person_5287,male,60,60-64,,,Person_5288,1,Madrid,
HH_2058,Person_5288,male,45,45-49,,,Person_5287,1,Madrid,
HH_2059,Person_5289,male,78,75-79,,,,0,Mostoles,
HH_2060,Person_5290,female,8,5-9,Person_5291,Person_5291,,0,,
HH_2060,Person_5291,female,39,35-39,,,Person_5292,1,,Getafe norte
HH_2060,Person_5292,female,54,50-54,,,Person_5291,1,,Getafe norte
HH_2061,Person_5293,female,14,10-14,Person_5294,Person_5294,,0,,
HH_2061,Person_5294,male,55,55-59,,,Person_5295,1,,Madrid
HH_2061,Person_5295,male,50,50-54,,,Person_5294,1,,Fuenlabrada
HH_2062,Person_5296,female,49,45-49,,,,0,Fuenlabrada,
HH_2062,Person_5297,female,43,40-44,,,,0,Fuenlabrada,
HH_2062,Person_5298,female,22,20-24,,,,0,Fuenlabrada,Edificio Agustín de Betancourt
HH_2063,Person_5299,male,15,15-19,Person_5301,Person_5301,,0,,
HH_2063,Person_5300,male,27,25-29,Person_5301,Person_5301,,0,,Edificio Torres Quevedo
HH_2063,Person_5301,female,72,70-74,,,Person_5302,2,,
HH_2063,Person_5302,female,72,70-74,,,Person_5301,2,,
HH_2064,Person_5303,male,25,25-29,Person_5305,Person_5305,,0,Madrid,Edificio Sabatini
HH_2064,Person_5304,female,30,30-34,Person_5305,Person_5305,,0,Madrid,Edificio Agustín de Betancourt
HH_2064,Person_5305,female,62,60-64,,,Person_5306,2,Madrid,
HH_2064,Person_5306,female,66,65-69,,,Person_5305,2,Madrid,
HH_2065,Person_5307,male,29,25-29,,,,0,Madrid,
HH_2065,Person_5308,female,68,65-69,,,,0,Madrid,
HH_2066,Person_5309,female,16,15-19,Person_5310,Person_5310,,0,Madrid,
HH_2066,Person_5310,male,43,40-44,,,Person_5311,1,Madrid,
HH_2066,Person_5311,male,42,40-44,,,Person_5310,1,Madrid,
HH_2067,Person_5312,male,26,25-29,Person_5313,Person_5313,,0,Fuenlabrada,
HH_2067,Person_5313,female,52,50-54,,,Person_5314,1,Fuenlabrada,
HH_2067,Person_5314,female,56,55-59,,,Person_5313,1,Fuenlabrada,
HH_2068,Person_5315,female,21,20-24,,Person_5316,,0,,
HH_2068,Person_5316,female,42,40-44,,,,1,,Fuenlabrada
HH_2069,Person_5317,male,5,5-9,Person_5318,Person_5318,,0,,
HH_2069,Person_5318,female,49,45-49,,,Person_5319,1,,Madrid
HH_2069,Person_5319,female,50,50-54,,,Person_5318,1,,Madrid
HH_2070,Person_5320,male,10,10-14,,Person_5321,,0,,
HH_2070,Person_5321,female,54,50-54,,,,1,,
HH_2071,Person_5322,female,52,50-54,,,,0,Madrid,
HH_2071,Person_5323,female,70,70-74,,,,0,Madrid,
HH_2072,Person_5324,male,7,5-9,Person_5326,Person_5326,,0,,
HH_2072,Person_5325,male,29,25-29,Person_5326,Person_5326,,0,,
HH_2072,Person_5326,female,59,55-59,,,Person_5327,2,,Alcorcon
HH_2072,Person_5327,female,53,50-54,,,Person_5326,2,,Alcorcon
HH_2073,Person_5328,male,88,85-89,,,,0,,
HH_2073,Person_5329,female,95,95-99,,,,0,,
HH_2074,Person_5330,female,41,40-44,,,,0,Getafe norte,
HH_2075,Person_5331,female,10,10-14,Person_5332,Person_5332,,0,,Centro Ocupacional Juan Ramón Jiménez
HH_2075,Person_5332,male,47,45-49,,,Person_5333,1,,Madrid
HH_2075,Person_5333,male,42,40-44,,,Person_5332,1,,Madrid
HH_2076,Person_5334,female,67,65-69,,,,0,Fuenlabrada,
HH_2076,Person_5335,male,78,75-79,,,,0,Fuenlabrada,
HH_2077,Person_5336,male,94,90-94,,,,0,,
HH_2077,Person_5337,male,77,75-79,,,,0,,
HH_2078,Person_5338,female,76,75-79,,,,0,,
HH_2078,Person_5339,female,98,95-99,,,,0,,
HH_2079,Person_5340,male,68,65-69,,,,0,Madrid,
HH_2080,Person_5341,male,17,15-19,Person_5343,Person_5343,,0,Madrid,
HH_2080,Person_5342,female,26,25-29,Person_5343,Person_5343,,0,Madrid,
HH_2080,Person_5343,male,66,65-69,,,Person_5344,2,Madrid,
HH_2080,Person_5344,male,89,85-89,,,Person_5343,2,Madrid,
HH_2081,Person_5345,male,59,55-59,,,,0,,Madrid
HH_2081,Person_5346,male,61,60-64,,,,0,,Mostoles
HH_2082,Person_5347,female,72,70-74,Person_5349,Person_5349,,0,,
HH_2082,Person_5348,male,66,65-69,Person_5349,Person_5349,,0,,
HH_2082,Person_5349,female,104,100-120,,,Person_5350,2,,
HH_2082,Person_5350,female,80,80-84,,,Person_5349,2,,
HH_2083,Person_5351,female,18,15-19,,,,0,Getafe norte,Edificio Torres Quevedo
HH_2083,Person_5352,female,89,85-89,,,,0,Getafe norte,
HH_2084,Person_5353,female,1,0-4,Person_5354,Person_5354,,0,,Escuela Infantil Rosa Caramelo
HH_2084,Person_5354,female,31,30-34,,,Person_5355,1,,Madrid
HH_2084,Person_5355,female,38,35-39,,,Person_5354,1,,
HH_2085,Person_5356,female,50,50-54,,,,0,,Madrid
HH_2085,Person_5357,male,61,60-64,,,,0,,Alcorcon
HH_2086,Person_5358,female,25,25-29,Person_5359,Person_5359,,0,,Madrid
HH_2086,Person_5359,male,56,55-59,,,Person_5360,1,,Madrid
HH_2086,Person_5360,male,40,40-44,,,Person_5359,1,,Madrid
HH_2087,Person_5361,female,79,75-79,,,,0,Getafe norte,
HH_2088,Person_5362,male,26,25-29,,Person_5363,,0,Madrid,Parque Científico de la Universidad Carlos III de Madrid
HH_2088,Person_5363,female,58,55-59,,,,1,Madrid,
HH_2089,Person_5364,female,81,80-84,,,,0,Madrid,
HH_2089,Person_5365,male,70,70-74,,,,0,Madrid,
HH_2090,Person_5366,male,58,55-59,,,,0,Mostoles,
HH_2090,Person_5367,female,85,85-89,,,,0,Mostoles,
HH_2091,Person_5368,male,5,5-9,Person_5372,,,0,,Escuela Infantil Rosa Caramelo
HH_2091,Person_5369,female,9,5-9,Person_5372,,,0,,
HH_2091,Person_5370,female,3,0-4,Person_5372,,,0,,
HH_2091,Person_5371,female,7,5-9,Person_5372,,,0,,
HH_2091,Person_5372,male,48,45-49,,,,4,,Madrid
HH_2092,Person_5373,female,4,0-4,Person_5374,Person_5374,,0,Madrid,Escuela Infantil Rosa Caramelo
HH_2092,Person_5374,male,36,35-39,,,Person_5375,1,Madrid,
HH_2092,Person_5375,male,39,35-39,,,Person_5374,1,Madrid,
HH_2093,Person_5376,male,9,5-9,Person_5378,Person_5378,,0,Getafe norte,Escuela Municipal de Música Manuel Rodríguez Sales
HH_2093,Person_5377,male,25,25-29,Person_5378,Person_5378,,0,Getafe norte,
HH_2093,Person_5378,female,53,50-54,,,Person_5379,2,Getafe norte,
HH_2093,Person_5379,female,53,50-54,,,Person_5378,2,Getafe norte,
HH_2094,Person_5380,male,19,15-19,,,,0,,Biblioteca Rey Pastor
HH_2094,Person_5381,male,44,40-44,,,,0,,
HH_2095,Person_5382,male,31,30-34,Person_5384,,,0,,Alcorcon
HH_2095,Person_5383,female,35,35-39,Person_5384,,,0,,Madrid
HH_2095,Person_5384,male,79,75-79,,,,2,,
HH_2096,Person_5385,female,56,55-59,,,,0,Madrid,
HH_2096,Person_5386,male,25,25-29,,,,0,Madrid,
HH_2097,Person_5387,male,58,55-59,,,,0,Fuenlabrada,
HH_2097,Person_5388,female,34,30-34,,,,0,Fuenlabrada,
HH_2098,Person_5389,female,5,5-9,,Person_5393,,0,,
HH_2098,Person_5390,male,15,15-19,,Person_5393,,0,,
HH_2098,Person_5391,male,7,5-9,,Person_5393,,0,,
HH_2098,Person_5392,male,15,15-19,,Person_5393,,0,,
HH_2098,Person_5393,female,49,45-49,,,,4,,Madrid
HH_2099,Person_5394,female,97,95-99,,,,0,,
HH_2099,Person_5395,male,75,75-79,,,,0,,
HH_2100,Person_5396,male,15,15-19,Person_5397,Person_5397,,0,Madrid,
HH_2100,Person_5397,female,41,40-44,,,Person_5398,1,Madrid,
HH_2100,Person_5398,female,40,40-44,,,Person_5397,1,Madrid,
HH_2101,Person_5399,female,93,90-94,,,,0,Getafe norte,
HH_2102,Person_5400,male,17,15-19,Person_5401,Person_5401,,0,Madrid,
HH_2102,Person_5401,female,51,50-54,,,Person_5402,1,Madrid,
HH_2102,Person_5402,female,54,50-54,,,Person_5401,1,Madrid,
HH_2103,Person_5403,female,67,65-69,,,,0,,
HH_2104,Person_5404,male,22,20-24,Person_5406,Person_5406,,0,,Madrid
HH_2104,Person_5405,male,28,25-29,Person_5406,Person_5406,,0,,Edificio Agustín de Betancourt
HH_2104,Person_5406,male,67,65-69,,,Person_5407,2,,
HH_2104,Person_5407,male,55,55-59,,,Person_5406,2,,Madrid
HH_2105,Person_5408,female,25,25-29,,Person_5409,,0,,Edificio Agustín de Betancourt
HH_2105,Person_5409,female,59,55-59,,,,1,,Madrid
HH_2106,Person_5410,male,1,0-4,Person_5413,Person_5413,,0,,
HH_2106,Person_5411,female,9,5-9,Person_5413,Person_5413,,0,,
HH_2106,Person_5412,female,11,10-14,Person_5413,Person_5413,,0,,Edificio Octavio Paz
HH_2106,Person_5413,male,38,35-39,,,Person_5414,3,,
HH_2106,Person_5414,male,50,50-54,,,Person_5413,3,,Fuenlabrada
HH_2107,Person_5415,male,17,15-19,Person_5418,Person_5418,,0,Madrid,
HH_2107,Person_5416,male,22,20-24,Person_5418,Person_5418,,0,Madrid,Edificio Torres Quevedo
HH_2107,Person_5417,female,12,10-14,Person_5418,Person_5418,,0,Madrid,
HH_2107,Person_5418,female,41,40-44,,,Person_5419,3,Madrid,
HH_2107,Person_5419,female,50,50-54,,,Person_5418,3,Madrid,
HH_2108,Person_5420,female,95,95-99,,,,0,,
HH_2108,Person_5421,male,47,45-49,,,,0,,Madrid
HH_2109,Person_5422,female,73,70-74,,,,0,Madrid,
HH_2110,Person_5423,female,93,90-94,,,,0,Madrid,
HH_2111,Person_5424,male,15,15-19,Person_5426,Person_5426,,0,,
HH_2111,Person_5425,female,26,25-29,Person_5426,Person_5426,,0,,Biblioteca Rey Pastor
HH_2111,Person_5426,female,54,50-54,,,Person_5427,2,,Alcorcon
HH_2111,Person_5427,female,57,55-59,,,Person_5426,2,,Madrid
HH_2112,Person_5428,female,31,30-34,,,,0,,Madrid
HH_2112,Person_5429,female,94,90-94,,,,0,,
HH_2113,Person_5430,female,2,0-4,Person_5433,,,0,,
HH_2113,Person_5431,male,7,5-9,Person_5433,,,0,,
HH_2113,Person_5432,female,5,5-9,Person_5433,,,0,,
HH_2113,Person_5433,male,37,35-39,,,,3,,Madrid
HH_2114,Person_5434,female,35,35-39,Person_5435,Person_5435,,0,,Madrid
HH_2114,Person_5435,male,79,75-79,,,Person_5436,1,,
HH_2114,Person_5436,male,54,50-54,,,Person_5435,1,,Madrid
HH_2115,Person_5437,female,16,15-19,Person_5438,Person_5438,,0,Madrid,
HH_2115,Person_5438,male,32,30-34,,,Person_5439,1,Madrid,
HH_2115,Person_5439,male,31,30-34,,,Person_5438,1,Madrid,
HH_2116,Person_5440,male,41,40-44,Person_5441,Person_5441,,0,,
HH_2116,Person_5441,male,56,55-59,,,Person_5442,1,,Madrid
HH_2116,Person_5442,male,39,35-39,,,Person_5441,1,,Madrid
HH_2117,Person_5443,male,27,25-29,,,,0,Madrid,
HH_2118,Person_5444,female,67,65-69,,,,0,,
HH_2119,Person_5445,male,39,35-39,,,,0,,Madrid
HH_2119,Person_5446,male,70,70-74,,,,0,,
HH_2120,Person_5447,female,70,70-74,,,,0,,
HH_2120,Person_5448,male,50,50-54,,,,0,,Madrid
HH_2120,Person_5449,male,92,90-94,,,,0,,
HH_2120,Person_5450,female,34,30-34,,,,0,,Madrid
HH_2120,Person_5451,female,65,65-69,,,,0,,
HH_2121,Person_5452,male,37,35-39,,,,0,,Extremadura
HH_2122,Person_5453,female,16,15-19,,Person_5456,,0,,
HH_2122,Person_5454,female,26,25-29,,Person_5456,,0,,Madrid
HH_2122,Person_5455,male,17,15-19,,Person_5456,,0,,
HH_2122,Person_5456,female,62,60-64,,,,3,,Madrid
HH_2123,Person_5457,female,19,15-19,,Person_5459,,0,,Edificio Sabatini
HH_2123,Person_5458,female,22,20-24,,Person_5459,,0,,
HH_2123,Person_5459,female,64,60-64,,,,2,,Madrid
HH_2124,Person_5460,male,46,45-49,,,,0,Madrid,
HH_2125,Person_5461,female,20,20-24,Person_5464,Person_5464,,0,Getafe norte,
HH_2125,Person_5462,female,28,25-29,Person_5464,Person_5464,,0,Getafe norte,
HH_2125,Person_5463,male,24,20-24,Person_5464,Person_5464,,0,Getafe norte,
HH_2125,Person_5464,male,60,60-64,,,Person_5465,3,Getafe norte,Mercadona
HH_2125,Person_5465,male,89,85-89,,,Person_5464,3,Getafe norte,
HH_2126,Person_5466,female,83,80-84,,,,0,,
HH_2126,Person_5467,male,79,75-79,,,,0,,
HH_2127,Person_5468,female,17,15-19,Person_5469,Person_5469,,0,,
HH_2127,Person_5469,male,44,40-44,,,Person_5470,1,,Extremadura
HH_2127,Person_5470,male,33,30-34,,,Person_5469,1,,Madrid
HH_2128,Person_5471,female,81,80-84,,Person_5472,,0,,
HH_2128,Person_5472,female,111,100-120,,,,1,,
HH_2129,Person_5473,female,21,20-24,Person_5475,Person_5475,,0,,Madrid
HH_2129,Person_5474,female,28,25-29,Person_5475,Person_5475,,0,,
HH_2129,Person_5475,male,58,55-59,,,Person_5476,2,,Madrid
HH_2129,Person_5476,male,53,50-54,,,Person_5475,2,,
HH_2130,Person_5477,male,98,95-99,,,,0,,
HH_2131,Person_5478,female,33,30-34,,Person_5479,,0,Getafe norte,
HH_2131,Person_5479,female,61,60-64,,,,1,Getafe norte,
HH_2132,Person_5480,female,85,85-89,,,,0,,
HH_2132,Person_5481,female,46,45-49,,,,0,,Madrid
HH_2133,Person_5482,male,5,5-9,Person_5484,Person_5484,,0,,
HH_2133,Person_5483,female,27,25-29,Person_5484,Person_5484,,0,,Madrid
HH_2133,Person_5484,male,60,60-64,,,Person_5485,2,,
HH_2133,Person_5485,male,41,40-44,,,Person_5484,2,,Madrid
HH_2134,Person_5486,female,8,5-9,Person_5487,Person_5487,,0,,
HH_2134,Person_5487,male,37,35-39,,,Person_5488,1,,Madrid
HH_2134,Person_5488,male,35,35-39,,,Person_5487,1,,Madrid
HH_2135,Person_5489,male,43,40-44,,,,0,Madrid,
HH_2135,Person_5490,female,60,60-64,,,,0,Madrid,
HH_2136,Person_5491,female,3,0-4,Person_5492,,,0,Madrid,
HH_2136,Person_5492,male,34,30-34,,,,1,Madrid,Ingenia Sistemas S.L.
HH_2137,Person_5493,female,30,30-34,Person_5494,Person_5494,,0,,Parque Científico de la Universidad Carlos III de Madrid
HH_2137,Person_5494,female,57,55-59,,,Person_5495,1,,Ermita de San Nicasio
HH_2137,Person_5495,female,55,55-59,,,Person_5494,1,,Madrid
HH_2138,Person_5496,female,30,30-34,,,,0,Madrid,
HH_2139,Person_5497,female,65,65-69,,,,0,Madrid,
HH_2140,Person_5498,female,21,20-24,,,,0,,Getafe norte
HH_2140,Person_5499,male,18,15-19,,,,0,,
HH_2141,Person_5500,female,19,15-19,Person_5501,Person_5501,,0,,
HH_2141,Person_5501,male,53,50-54,,,Person_5502,1,,Madrid
HH_2141,Person_5502,male,56,55-59,,,Person_5501,1,,Madrid
HH_2142,Person_5503,male,86,85-89,,,,0,Viviendas de integración social Fundación F.A.D.,
HH_2142,Person_5504,female,82,80-84,,,,0,Viviendas de integración social Fundación F.A.D.,
HH_2143,Person_5505,male,4,0-4,Person_5506,Person_5506,,0,Mostoles,
HH_2143,Person_5506,female,39,35-39,,,Person_5507,1,Mostoles,Hotel de Asociaciones
HH_2143,Person_5507,female,44,40-44,,,Person_5506,1,Mostoles,
HH_2144,Person_5508,male,22,20-24,,,,0,Fuenlabrada,
HH_2144,Person_5509,female,52,50-54,,,,0,Fuenlabrada,
HH_2144,Person_5510,male,44,40-44,,,,0,Fuenlabrada,
HH_2144,Person_5511,female,97,95-99,,,,0,Fuenlabrada,
HH_2145,Person_5512,male,14,10-14,Person_5515,Person_5515,,0,Changó,
HH_2145,Person_5513,male,3,0-4,Person_5515,Person_5515,,0,Changó,
HH_2145,Person_5514,female,21,20-24,Person_5515,Person_5515,,0,Changó,Madrid
HH_2145,Person_5515,female,40,40-44,,,Person_5516,3,Changó,Madrid
HH_2145,Person_5516,female,32,30-34,,,Person_5515,3,Changó,Madrid
HH_2146,Person_5517,male,58,55-59,,,,0,,Madrid
HH_2147,Person_5518,female,41,40-44,,,,0,,Madrid
HH_2147,Person_5519,male,20,20-24,,,,0,,Edificio Juan Benet
HH_2148,Person_5520,female,9,5-9,Person_5522,Person_5522,,0,,Escuela Infantil El Romancero
HH_2148,Person_5521,male,27,25-29,Person_5522,Person_5522,,0,,Madrid
HH_2148,Person_5522,female,44,40-44,,,Person_5523,2,,
HH_2148,Person_5523,female,44,40-44,,,Person_5522,2,,Madrid
HH_2149,Person_5524,male,30,30-34,Person_5525,Person_5525,,0,,Fundación IMDEA Networks
HH_2149,Person_5525,male,64,60-64,,,Person_5526,1,,Madrid
HH_2149,Person_5526,male,56,55-59,,,Person_5525,1,,Madrid
HH_2150,Person_5527,male,5,5-9,Person_5529,,,0,,
HH_2150,Person_5528,male,4,0-4,Person_5529,,,0,,
HH_2150,Person_5529,male,33,30-34,,,,2,,Madrid
HH_2151,Person_5530,male,32,30-34,,Person_5531,,0,,Madrid
HH_2151,Person_5531,female,49,45-49,,,,1,,Madrid
HH_2152,Person_5532,male,16,15-19,Person_5534,Person_5534,,0,,
HH_2152,Person_5533,male,35,35-39,Person_5534,Person_5534,,0,,
HH_2152,Person_5534,male,64,60-64,,,Person_5535,2,,Madrid
HH_2152,Person_5535,male,73,70-74,,,Person_5534,2,,
HH_2153,Person_5536,female,23,20-24,Person_5537,Person_5537,,0,,
HH_2153,Person_5537,female,49,45-49,,,Person_5538,1,,Madrid
HH_2153,Person_5538,female,57,55-59,,,Person_5537,1,,Getafe norte
HH_2154,Person_5539,male,11,10-14,,Person_5540,,0,,
HH_2154,Person_5540,female,46,45-49,,,,1,,Madrid
HH_2155,Person_5541,female,25,25-29,Person_5543,,,0,,Madrid
HH_2155,Person_5542,male,16,15-19,Person_5543,,,0,,
HH_2155,Person_5543,male,54,50-54,,,,2,,Madrid
HH_2156,Person_5544,male,60,60-64,,,,0,,Madrid
HH_2156,Person_5545,male,91,90-94,,,,0,,
HH_2157,Person_5546,male,17,15-19,Person_5547,Person_5547,,0,,
HH_2157,Person_5547,male,42,40-44,,,Person_5548,1,,Getafe norte
HH_2157,Person_5548,male,31,30-34,,,Person_5547,1,,Madrid
HH_2158,Person_5549,male,56,55-59,,,,0,,Madrid
HH_2159,Person_5550,female,24,20-24,,Person_5553,,0,Fuenlabrada,Fundación IMDEA Networks
HH_2159,Person_5551,male,11,10-14,,Person_5553,,0,Fuenlabrada,
HH_2159,Person_5552,female,19,15-19,,Person_5553,,0,Fuenlabrada,
HH_2159,Person_5553,female,61,60-64,,,,3,Fuenlabrada,Hiescosa
HH_2160,Person_5554,female,14,10-14,,Person_5558,,0,,
HH_2160,Person_5555,female,9,5-9,,Person_5558,,0,,
HH_2160,Person_5556,female,20,20-24,,Person_5558,,0,,
HH_2160,Person_5557,male,21,20-24,,Person_5558,,0,,Madrid
HH_2160,Person_5558,female,53,50-54,,,,4,,Madrid
HH_2161,Person_5559,female,31,30-34,Person_5560,Person_5560,,0,,Alcorcon
HH_2161,Person_5560,female,59,55-59,,,Person_5561,1,,Madrid
HH_2161,Person_5561,female,69,65-69,,,Person_5560,1,,
HH_2162,Person_5562,female,18,15-19,,,,0,,Madrid
HH_2163,Person_5563,male,75,75-79,,,,0,,
HH_2163,Person_5564,female,49,45-49,,,,0,,Madrid
HH_2164,Person_5565,male,67,65-69,,,,0,Madrid,
HH_2164,Person_5566,male,65,65-69,,,,0,Madrid,
HH_2165,Person_5567,female,26,25-29,Person_5568,Person_5568,,0,,Madrid
HH_2165,Person_5568,male,59,55-59,,,Person_5569,1,,Madrid
HH_2165,Person_5569,male,51,50-54,,,Person_5568,1,,Fuenlabrada
HH_2166,Person_5570,female,25,25-29,Person_5571,Person_5571,,0,,
HH_2166,Person_5571,female,59,55-59,,,Person_5572,1,,Madrid
HH_2166,Person_5572,female,60,60-64,,,Person_5571,1,,Fuenlabrada
HH_2167,Person_5573,female,93,90-94,,,,0,,
HH_2168,Person_5574,female,25,25-29,Person_5575,,,0,Madrid,
HH_2168,Person_5575,male,51,50-54,,,,1,Madrid,
HH_2169,Person_5576,female,21,20-24,Person_5577,Person_5577,,0,Madrid,Edificio Juan Benet
HH_2169,Person_5577,female,45,45-49,,,Person_5578,1,Madrid,
HH_2169,Person_5578,female,47,45-49,,,Person_5577,1,Madrid,Centro de Especialidades Mª Ángeles López Gómez
HH_2170,Person_5579,male,18,15-19,Person_5581,Person_5581,,0,Madrid,Edificio Agustín de Betancourt
HH_2170,Person_5580,female,31,30-34,Person_5581,Person_5581,,0,Madrid,
HH_2170,Person_5581,female,63,60-64,,,Person_5582,2,Madrid,
HH_2170,Person_5582,female,88,85-89,,,Person_5581,2,Madrid,
HH_2171,Person_5583,male,65,65-69,,,,0,Madrid,
HH_2172,Person_5584,female,43,40-44,,,,0,Alcorcon,
HH_2172,Person_5585,male,83,80-84,,,,0,Alcorcon,
HH_2173,Person_5586,female,14,10-14,Person_5588,Person_5588,,0,,Edificio Juan de Mairena
HH_2173,Person_5587,female,26,25-29,Person_5588,Person_5588,,0,,Edificio Agustín de Betancourt
HH_2173,Person_5588,female,57,55-59,,,Person_5589,2,,
HH_2173,Person_5589,female,74,70-74,,,Person_5588,2,,
HH_2174,Person_5590,male,18,15-19,,,,0,,Biblioteca Rey Pastor
HH_2174,Person_5591,female,80,80-84,,,,0,,
HH_2175,Person_5592,male,40,40-44,,,,0,,Madrid
HH_2176,Person_5593,male,9,5-9,Person_5594,Person_5594,,0,Madrid,
HH_2176,Person_5594,female,48,45-49,,,Person_5595,1,Madrid,
HH_2176,Person_5595,female,73,70-74,,,Person_5594,1,Madrid,
HH_2177,Person_5596,female,24,20-24,Person_5600,,,0,,Edificio Sabatini
HH_2177,Person_5597,male,28,25-29,Person_5600,,,0,,Parque Científico de la Universidad Carlos III de Madrid
HH_2177,Person_5598,male,29,25-29,Person_5600,,,0,,Fundación IMDEA Networks
HH_2177,Person_5599,female,11,10-14,Person_5600,,,0,,Escuela Infantil El Romancero
HH_2177,Person_5600,male,68,65-69,,,,4,,
HH_2178,Person_5601,female,5,5-9,Person_5603,Person_5603,,0,,Escuela Infantil Rosa Caramelo
HH_2178,Person_5602,male,28,25-29,Person_5603,Person_5603,,0,,Fundación IMDEA Networks
HH_2178,Person_5603,male,59,55-59,,,Person_5604,2,,Madrid
HH_2178,Person_5604,male,87,85-89,,,Person_5603,2,,
HH_2179,Person_5605,male,58,55-59,,,,0,,
HH_2180,Person_5606,female,24,20-24,,,,0,,Edificio Sabatini
HH_2180,Person_5607,female,19,15-19,,,,0,,Parque Científico de la Universidad Carlos III de Madrid
HH_2180,Person_5608,female,64,60-64,,,,0,,
HH_2181,Person_5609,female,84,80-84,,,,0,Madrid,
HH_2182,Person_5610,male,19,15-19,Person_5612,Person_5612,,0,,
HH_2182,Person_5611,male,35,35-39,Person_5612,Person_5612,,0,,
HH_2182,Person_5612,female,67,65-69,,,Person_5613,2,,
HH_2182,Person_5613,female,63,60-64,,,Person_5612,2,,
HH_2183,Person_5614,male,41,40-44,,Person_5615,,0,,Madrid
HH_2183,Person_5615,female,79,75-79,,,,1,,
HH_2184,Person_5616,male,8,5-9,Person_5617,Person_5617,,0,,
HH_2184,Person_5617,female,34,30-34,,,Person_5618,1,,Madrid
HH_2184,Person_5618,female,33,30-34,,,Person_5617,1,,
HH_2185,Person_5619,female,43,40-44,,,,0,,Madrid
HH_2186,Person_5620,female,13,10-14,Person_5622,Person_5622,,0,Fuenlabrada,
HH_2186,Person_5621,female,28,25-29,Person_5622,Person_5622,,0,Fuenlabrada,
HH_2186,Person_5622,female,57,55-59,,,Person_5623,2,Fuenlabrada,
HH_2186,Person_5623,female,59,55-59,,,Person_5622,2,Fuenlabrada,
HH_2187,Person_5624,female,3,0-4,Person_5626,Person_5626,,0,Alcorcon,
HH_2187,Person_5625,female,35,35-39,Person_5626,Person_5626,,0,Alcorcon,
HH_2187,Person_5626,male,51,50-54,,,Person_5627,2,Alcorcon,
HH_2187,Person_5627,male,48,45-49,,,Person_5626,2,Alcorcon,
HH_2188,Person_5628,male,15,15-19,Person_5629,Person_5629,,0,,
HH_2188,Person_5629,female,45,45-49,,,Person_5630,1,,Madrid
HH_2188,Person_5630,female,47,45-49,,,Person_5629,1,,Toyota
HH_2189,Person_5631,male,54,50-54,,,,0,,Madrid
HH_2189,Person_5632,male,42,40-44,,,,0,,Madrid
HH_2190,Person_5633,female,20,20-24,,Person_5637,,0,,Edificio Torres Quevedo
HH_2190,Person_5634,female,20,20-24,,Person_5637,,0,,
HH_2190,Person_5635,male,29,25-29,,Person_5637,,0,,Madrid
HH_2190,Person_5636,female,0,0-4,,Person_5637,,0,,
HH_2190,Person_5637,female,62,60-64,,,,4,,Madrid
HH_2191,Person_5638,male,79,75-79,,,,0,Madrid,
HH_2191,Person_5639,male,36,35-39,,,,0,Madrid,
HH_2192,Person_5640,female,11,10-14,Person_5642,Person_5642,,0,,
HH_2192,Person_5641,female,31,30-34,Person_5642,Person_5642,,0,,Madrid
HH_2192,Person_5642,male,63,60-64,,,Person_5643,2,,Alcorcon
HH_2192,Person_5643,male,56,55-59,,,Person_5642,2,,
HH_2193,Person_5644,male,0,0-4,,Person_5648,,0,Madrid,
HH_2193,Person_5645,female,1,0-4,,Person_5648,,0,Madrid,
HH_2193,Person_5646,female,10,10-14,,Person_5648,,0,Madrid,
HH_2193,Person_5647,male,0,0-4,,Person_5648,,0,Madrid,
HH_2193,Person_5648,female,52,50-54,,,,4,Madrid,
HH_2194,Person_5649,male,98,95-99,,,,0,,
HH_2195,Person_5650,female,18,15-19,Person_5651,Person_5651,,0,,
HH_2195,Person_5651,male,61,60-64,,,Person_5652,1,,Madrid
HH_2195,Person_5652,male,56,55-59,,,Person_5651,1,,
HH_2196,Person_5653,female,56,55-59,,,,0,,
HH_2196,Person_5654,female,18,15-19,,,,0,,Biblioteca Rey Pastor
HH_2196,Person_5655,male,71,70-74,,,,0,,
HH_2197,Person_5656,male,0,0-4,Person_5658,Person_5658,,0,,
HH_2197,Person_5657,female,27,25-29,Person_5658,Person_5658,,0,,
HH_2197,Person_5658,male,58,55-59,,,Person_5659,2,,Madrid
HH_2197,Person_5659,male,52,50-54,,,Person_5658,2,,Madrid
HH_2198,Person_5660,male,77,75-79,,,,0,Madrid,
HH_2198,Person_5661,male,37,35-39,,,,0,Madrid,
HH_2199,Person_5662,male,48,45-49,,,,0,,Fuenlabrada
HH_2199,Person_5663,female,41,40-44,,,,0,,Madrid
HH_2199,Person_5664,male,99,95-99,,,,0,,
HH_2200,Person_5665,female,5,5-9,Person_5666,Person_5666,,0,Madrid,Escuela Infantil Rosa Caramelo
HH_2200,Person_5666,male,37,35-39,,,Person_5667,1,Madrid,
HH_2200,Person_5667,male,35,35-39,,,Person_5666,1,Madrid,ITV TÜV Rheinland
HH_2201,Person_5668,female,0,0-4,Person_5671,Person_5671,,0,,
HH_2201,Person_5669,male,1,0-4,Person_5671,Person_5671,,0,,
HH_2201,Person_5670,male,6,5-9,Person_5671,Person_5671,,0,,
HH_2201,Person_5671,female,45,45-49,,,Person_5672,3,,Madrid
HH_2201,Person_5672,female,57,55-59,,,Person_5671,3,,Mostoles
HH_2202,Person_5673,female,46,45-49,,,,0,Mostoles,
HH_2202,Person_5674,male,22,20-24,,,,0,Mostoles,Parque Científico de la Universidad Carlos III de Madrid
HH_2202,Person_5675,male,59,55-59,,,,0,Mostoles,
HH_2202,Person_5676,male,73,70-74,,,,0,Mostoles,
HH_2202,Person_5677,female,98,95-99,,,,0,Mostoles,
HH_2203,Person_5678,male,8,5-9,,Person_5679,,0,,
HH_2203,Person_5679,female,39,35-39,,,,1,,Madrid
HH_2204,Person_5680,female,23,20-24,Person_5681,Person_5681,,0,Madrid,
HH_2204,Person_5681,male,49,45-49,,,Person_5682,1,Madrid,
HH_2204,Person_5682,male,37,35-39,,,Person_5681,1,Madrid,
HH_2205,Person_5683,female,51,50-54,,,,0,,
HH_2205,Person_5684,female,60,60-64,,,,0,,
HH_2206,Person_5685,female,83,80-84,,,,0,Madrid,
HH_2206,Person_5686,male,37,35-39,,,,0,Madrid,
HH_2207,Person_5687,male,26,25-29,Person_5688,Person_5688,,0,,Madrid
HH_2207,Person_5688,female,52,50-54,,,Person_5689,1,,Mostoles
HH_2207,Person_5689,female,62,60-64,,,Person_5688,1,,Madrid
HH_2208,Person_5690,male,12,10-14,,Person_5693,,0,,Centro Ocupacional Juan Ramón Jiménez
HH_2208,Person_5691,male,20,20-24,,Person_5693,,0,,Edificio Sabatini
HH_2208,Person_5692,female,5,5-9,,Person_5693,,0,,
HH_2208,Person_5693,female,53,50-54,,,,3,,Madrid
HH_2209,Person_5694,female,92,90-94,,,,0,Madrid,
HH_2210,Person_5695,female,15,15-19,Person_5696,Person_5696,,0,Getafe norte,
HH_2210,Person_5696,female,47,45-49,,,Person_5697,1,Getafe norte,
HH_2210,Person_5697,female,48,45-49,,,Person_5696,1,Getafe norte,
HH_2211,Person_5698,female,25,25-29,Person_5700,,,0,,Edificio Juan Benet
HH_2211,Person_5699,female,33,30-34,Person_5700,,,0,,Madrid
HH_2211,Person_5700,male,78,75-79,,,,2,,
HH_2212,Person_5701,female,68,65-69,,,,0,,
HH_2213,Person_5702,female,16,15-19,Person_5703,Person_5703,,0,,
HH_2213,Person_5703,female,34,30-34,,,Person_5704,1,,Alcorcon
HH_2213,Person_5704,female,38,35-39,,,Person_5703,1,,Madrid
HH_2214,Person_5705,female,79,75-79,,,,0,Alcorcon,
HH_2215,Person_5706,male,24,20-24,Person_5708,Person_5708,,0,,Parque Científico de la Universidad Carlos III de Madrid
HH_2215,Person_5707,male,31,30-34,Person_5708,Person_5708,,0,,Madrid
HH_2215,Person_5708,female,56,55-59,,,Person_5709,2,,Getafe norte
HH_2215,Person_5709,female,62,60-64,,,Person_5708,2,,Madrid
HH_2216,Person_5710,male,36,35-39,,,,0,Madrid,
HH_2217,Person_5711,male,71,70-74,,,,0,Madrid,
HH_2217,Person_5712,male,76,75-79,,,,0,Madrid,
HH_2218,Person_5713,female,76,75-79,,,,0,,
HH_2219,Person_5714,male,24,20-24,Person_5716,,,0,,Parque Científico de la Universidad Carlos III de Madrid
HH_2219,Person_5715,female,17,15-19,Person_5716,,,0,,
HH_2219,Person_5716,male,58,55-59,,,,2,,
HH_2220,Person_5717,female,32,30-34,,Person_5718,,0,Alcorcon,
HH_2220,Person_5718,female,49,45-49,,,,1,Alcorcon,
HH_2221,Person_5719,female,47,45-49,,,,0,,Madrid
HH_2222,Person_5720,male,15,15-19,Person_5721,Person_5721,,0,,
HH_2222,Person_5721,female,31,30-34,,,Person_5722,1,,Madrid
HH_2222,Person_5722,female,33,30-34,,,Person_5721,1,,Madrid
HH_2223,Person_5723,female,25,25-29,Person_5727,,,0,,Edificio Sabatini
HH_2223,Person_5724,male,12,10-14,Person_5727,,,0,,
HH_2223,Person_5725,male,0,0-4,Person_5727,,,0,,Escuela Infantil Rosa Caramelo
HH_2223,Person_5726,female,24,20-24,Person_5727,,,0,,Edificio Agustín de Betancourt
HH_2223,Person_5727,male,66,65-69,,,,4,,
HH_2224,Person_5728,male,13,10-14,Person_5732,,,0,,
HH_2224,Person_5729,female,23,20-24,Person_5732,,,0,,Madrid
HH_2224,Person_5730,male,0,0-4,Person_5732,,,0,,
HH_2224,Person_5731,female,18,15-19,Person_5732,,,0,,Madrid
HH_2224,Person_5732,male,49,45-49,,,,4,,Madrid
HH_2225,Person_5733,female,70,70-74,,,,0,,
HH_2226,Person_5734,female,15,15-19,,Person_5735,,0,,
HH_2226,Person_5735,female,47,45-49,,,,1,,Madrid
HH_2227,Person_5736,male,18,15-19,Person_5738,Person_5738,,0,,
HH_2227,Person_5737,male,30,30-34,Person_5738,Person_5738,,0,,Biblioteca Rey Pastor
HH_2227,Person_5738,male,59,55-59,,,Person_5739,2,,Alcorcon
HH_2227,Person_5739,male,55,55-59,,,Person_5738,2,,Madrid
HH_2228,Person_5740,female,65,65-69,,,,0,,
HH_2229,Person_5741,female,22,20-24,,,,0,,Madrid
HH_2229,Person_5742,female,62,60-64,,,,0,,Madrid
HH_2230,Person_5743,male,28,25-29,Person_5744,Person_5744,,0,,Fundación IMDEA Networks
HH_2230,Person_5744,female,53,50-54,,,Person_5745,1,,Getafe norte
HH_2230,Person_5745,female,54,50-54,,,Person_5744,1,,Madrid
HH_2231,Person_5746,female,19,15-19,Person_5748,Person_5748,,0,Madrid,Edificio Torres Quevedo
HH_2231,Person_5747,female,34,30-34,Person_5748,Person_5748,,0,Madrid,
HH_2231,Person_5748,female,73,70-74,,,Person_5749,2,Madrid,
HH_2231,Person_5749,female,72,70-74,,,Person_5748,2,Madrid,
HH_2232,Person_5750,female,85,85-89,,,,0,Madrid,
HH_2233,Person_5751,female,45,45-49,,,,0,,Madrid
HH_2233,Person_5752,male,47,45-49,,,,0,,Madrid
HH_2234,Person_5753,female,23,20-24,,,,0,Getafe norte,
HH_2234,Person_5754,male,92,90-94,,,,0,Getafe norte,
HH_2235,Person_5755,female,60,60-64,,,,0,,Madrid
HH_2235,Person_5756,male,23,20-24,,,,0,,
HH_2236,Person_5757,male,35,35-39,,,,0,Getafe norte,
HH_2237,Person_5758,female,85,85-89,,Person_5759,,0,Madrid,
HH_2237,Person_5759,female,113,100-120,,,,1,Madrid,
HH_2238,Person_5760,male,21,20-24,Person_5761,Person_5761,,0,,Parque Científico de la Universidad Carlos III de Madrid
HH_2238,Person_5761,male,55,55-59,,,Person_5762,1,,Madrid
HH_2238,Person_5762,male,50,50-54,,,Person_5761,1,,Madrid
HH_2239,Person_5763,female,23,20-24,,,,0,Alcorcon,
HH_2239,Person_5764,female,34,30-34,,,,0,Alcorcon,Ermita de San Nicasio
HH_2239,Person_5765,female,87,85-89,,,,0,Alcorcon,
HH_2240,Person_5766,male,20,20-24,Person_5768,Person_5768,,0,,
HH_2240,Person_5767,male,34,30-34,Person_5768,Person_5768,,0,,Madrid
HH_2240,Person_5768,male,61,60-64,,,Person_5769,2,,Madrid
HH_2240,Person_5769,male,45,45-49,,,Person_5768,2,,Madrid
HH_2241,Person_5770,female,88,85-89,,,,0,,
HH_2242,Person_5771,female,87,85-89,,,,0,,
HH_2243,Person_5772,male,51,50-54,,,,0,Alcorcon,Oficina de Correos
HH_2244,Person_5773,female,72,70-74,,,,0,Extremadura,
HH_2245,Person_5774,female,30,30-34,,,,0,Madrid,
HH_2246,Person_5775,female,22,20-24,,,,0,Madrid,Biblioteca Rey Pastor
HH_2247,Person_5776,male,66,65-69,,,,0,,
HH_2248,Person_5777,female,83,80-84,,,,0,,
HH_2249,Person_5778,female,23,20-24,Person_5780,Person_5780,,0,Alcorcon,
HH_2249,Person_5779,male,25,25-29,Person_5780,Person_5780,,0,Alcorcon,
HH_2249,Person_5780,female,51,50-54,,,Person_5781,2,Alcorcon,
HH_2249,Person_5781,female,42,40-44,,,Person_5780,2,Alcorcon,
HH_2250,Person_5782,female,9,5-9,Person_5784,Person_5784,,0,,Centro Ocupacional Juan Ramón Jiménez
HH_2250,Person_5783,male,34,30-34,Person_5784,Person_5784,,0,,Mostoles
HH_2250,Person_5784,female,74,70-74,,,Person_5785,2,,
HH_2250,Person_5785,female,75,75-79,,,Person_5784,2,,
HH_2251,Person_5786,female,84,80-84,,,,0,,
HH_2252,Person_5787,female,75,75-79,,Person_5788,,0,,
HH_2252,Person_5788,female,104,100-120,,,,1,,
HH_2253,Person_5789,female,23,20-24,Person_5791,Person_5791,,0,Madrid,Edificio Agustín de Betancourt
HH_2253,Person_5790,female,35,35-39,Person_5791,Person_5791,,0,Madrid,
HH_2253,Person_5791,male,70,70-74,,,Person_5792,2,Madrid,
HH_2253,Person_5792,male,75,75-79,,,Person_5791,2,Madrid,
HH_2254,Person_5793,male,40,40-44,,,,0,,Madrid
HH_2255,Person_5794,female,96,95-99,,,,0,,
HH_2255,Person_5795,female,92,90-94,,,,0,,
HH_2256,Person_5796,male,21,20-24,Person_5798,Person_5798,,0,,
HH_2256,Person_5797,female,25,25-29,Person_5798,Person_5798,,0,,
HH_2256,Person_5798,female,43,40-44,,,Person_5799,2,,
HH_2256,Person_5799,female,56,55-59,,,Person_5798,2,,Madrid
HH_2257,Person_5800,female,84,80-84,,,,0,,
HH_2258,Person_5801,male,45,45-49,,,,0,,Mostoles
HH_2258,Person_5802,female,20,20-24,,,,0,,
HH_2259,Person_5803,female,68,65-69,,,,0,,
HH_2260,Person_5804,female,18,15-19,,,,0,,Madrid
HH_2260,Person_5805,female,76,75-79,,,,0,,
HH_2261,Person_5806,male,1,0-4,Person_5808,Person_5808,,0,,
HH_2261,Person_5807,male,25,25-29,Person_5808,Person_5808,,0,,Fundación IMDEA Networks
HH_2261,Person_5808,female,54,50-54,,,Person_5809,2,,Madrid
HH_2261,Person_5809,female,63,60-64,,,Person_5808,2,,
HH_2262,Person_5810,male,36,35-39,Person_5811,Person_5811,,0,,Madrid
HH_2262,Person_5811,female,68,65-69,,,Person_5812,1,,
HH_2262,Person_5812,female,58,55-59,,,Person_5811,1,,Madrid
HH_2263,Person_5813,male,0,0-4,Person_5815,Person_5815,,0,,
HH_2263,Person_5814,male,26,25-29,Person_5815,Person_5815,,0,,Edificio Sabatini
HH_2263,Person_5815,male,55,55-59,,,Person_5816,2,,
HH_2263,Person_5816,male,53,50-54,,,Person_5815,2,,Mostoles
HH_2264,Person_5817,male,15,15-19,Person_5819,,,0,,
HH_2264,Person_5818,female,13,10-14,Person_5819,,,0,,
HH_2264,Person_5819,male,43,40-44,,,,2,,Madrid
HH_2265,Person_5820,male,11,10-14,Person_5822,Person_5822,,0,Getafe norte,
HH_2265,Person_5821,female,32,30-34,Person_5822,Person_5822,,0,Getafe norte,
HH_2265,Person_5822,male,65,65-69,,,Person_5823,2,Getafe norte,
HH_2265,Person_5823,male,55,55-59,,,Person_5822,2,Getafe norte,
HH_2266,Person_5824,male,50,50-54,,,,0,Mostoles,
HH_2266,Person_5825,female,99,95-99,,,,0,Mostoles,
HH_2267,Person_5826,male,79,75-79,,,,0,,
HH_2267,Person_5827,female,89,85-89,,,,0,,
HH_2268,Person_5828,female,6,5-9,Person_5830,Person_5830,,0,,
HH_2268,Person_5829,female,28,25-29,Person_5830,Person_5830,,0,,Fundación IMDEA Networks
HH_2268,Person_5830,male,61,60-64,,,Person_5831,2,,Madrid
HH_2268,Person_5831,male,69,65-69,,,Person_5830,2,,
HH_2269,Person_5832,female,33,30-34,,,,0,Madrid,
HH_2269,Person_5833,male,35,35-39,,,,0,Madrid,
HH_2270,Person_5834,male,50,50-54,,,,0,,Madrid
HH_2270,Person_5835,female,41,40-44,,,,0,,Madrid
HH_2271,Person_5836,female,63,60-64,Person_5837,,,0,,
HH_2271,Person_5837,male,98,95-99,,,,1,,
HH_2272,Person_5838,female,30,30-34,Person_5839,Person_5839,,0,,
HH_2272,Person_5839,female,55,55-59,,,Person_5840,1,,Getafe norte
HH_2272,Person_5840,female,53,50-54,,,Person_5839,1,,Madrid
HH_2273,Person_5841,male,62,60-64,,,,0,,Madrid
HH_2274,Person_5842,male,4,0-4,,Person_5846,,0,Madrid,
HH_2274,Person_5843,male,3,0-4,,Person_5846,,0,Madrid,
HH_2274,Person_5844,female,8,5-9,,Person_5846,,0,Madrid,
HH_2274,Person_5845,female,14,10-14,,Person_5846,,0,Madrid,
HH_2274,Person_5846,female,44,40-44,,,,4,Madrid,
HH_2275,Person_5847,male,23,20-24,Person_5849,Person_5849,,0,,
HH_2275,Person_5848,female,33,30-34,Person_5849,Person_5849,,0,,Madrid
HH_2275,Person_5849,female,61,60-64,,,Person_5850,2,,Madrid
HH_2275,Person_5850,female,83,80-84,,,Person_5849,2,,
HH_2276,Person_5851,male,26,25-29,,,,0,,
HH_2276,Person_5852,female,51,50-54,,,,0,,Madrid
HH_2277,Person_5853,female,18,15-19,,,,0,,
HH_2277,Person_5854,male,40,40-44,,,,0,,Madrid
HH_2278,Person_5855,male,29,25-29,Person_5857,Person_5857,,0,Fuenlabrada,
HH_2278,Person_5856,female,25,25-29,Person_5857,Person_5857,,0,Fuenlabrada,
HH_2278,Person_5857,male,62,60-64,,,Person_5858,2,Fuenlabrada,
HH_2278,Person_5858,male,88,85-89,,,Person_5857,2,Fuenlabrada,
HH_2279,Person_5859,female,51,50-54,,,,0,,Madrid
HH_2279,Person_5860,male,58,55-59,,,,0,,Madrid
HH_2279,Person_5861,female,46,45-49,,,,0,,Madrid
HH_2279,Person_5862,male,92,90-94,,,,0,,
HH_2280,Person_5863,female,25,25-29,Person_5864,Person_5864,,0,,Edificio Juan Benet
HH_2280,Person_5864,female,51,50-54,,,Person_5865,1,,Madrid
HH_2280,Person_5865,female,46,45-49,,,Person_5864,1,,Madrid
HH_2281,Person_5866,male,82,80-84,,,,0,,
HH_2282,Person_5867,male,26,25-29,,,,0,,Biblioteca Rey Pastor
HH_2282,Person_5868,female,70,70-74,,,,0,,
HH_2283,Person_5869,female,84,80-84,,,,0,,
HH_2284,Person_5870,female,16,15-19,Person_5871,Person_5871,,0,,
HH_2284,Person_5871,female,45,45-49,,,Person_5872,1,,Madrid
HH_2284,Person_5872,female,50,50-54,,,Person_5871,1,,
HH_2285,Person_5873,male,4,0-4,Person_5874,,,0,Getafe norte,
HH_2285,Person_5874,male,49,45-49,,,,1,Getafe norte,
HH_2286,Person_5875,male,3,0-4,Person_5876,Person_5876,,0,Madrid,Escuela Infantil Rosa Caramelo
HH_2286,Person_5876,female,36,35-39,,,Person_5877,1,Madrid,
HH_2286,Person_5877,female,41,40-44,,,Person_5876,1,Madrid,
HH_2287,Person_5878,female,72,70-74,,,,0,Madrid,
HH_2288,Person_5879,female,21,20-24,Person_5880,Person_5880,,0,,Edificio Juan Benet
HH_2288,Person_5880,female,64,60-64,,,Person_5881,1,,Madrid
HH_2288,Person_5881,female,63,60-64,,,Person_5880,1,,Madrid
HH_2289,Person_5882,female,13,10-14,,Person_5885,,0,,
HH_2289,Person_5883,female,10,10-14,,Person_5885,,0,,
HH_2289,Person_5884,male,12,10-14,,Person_5885,,0,,
HH_2289,Person_5885,female,44,40-44,,,,3,,Madrid
HH_2290,Person_5886,male,15,15-19,Person_5887,Person_5887,,0,,
HH_2290,Person_5887,female,44,40-44,,,Person_5888,1,,Getafe norte
HH_2290,Person_5888,female,55,55-59,,,Person_5887,1,,
HH_2291,Person_5889,male,28,25-29,Person_5890,Person_5890,,0,,Changó
HH_2291,Person_5890,male,61,60-64,,,Person_5891,1,,Madrid
HH_2291,Person_5891,male,51,50-54,,,Person_5890,1,,Madrid
HH_2292,Person_5892,female,86,85-89,,,,0,Madrid,
HH_2293,Person_5893,female,12,10-14,Person_5895,Person_5895,,0,,
HH_2293,Person_5894,female,30,30-34,Person_5895,Person_5895,,0,,Madrid
HH_2293,Person_5895,female,57,55-59,,,Person_5896,2,,Madrid
HH_2293,Person_5896,female,52,50-54,,,Person_5895,2,,Madrid
HH_2294,Person_5897,male,21,20-24,Person_5898,Person_5898,,0,,Edificio Agustín de Betancourt
HH_2294,Person_5898,female,55,55-59,,,Person_5899,1,,
HH_2294,Person_5899,female,63,60-64,,,Person_5898,1,,Fuenlabrada
HH_2295,Person_5900,male,10,10-14,Person_5903,Person_5903,,0,,
HH_2295,Person_5901,male,10,10-14,Person_5903,Person_5903,,0,,
HH_2295,Person_5902,female,10,10-14,Person_5903,Person_5903,,0,,
HH_2295,Person_5903,male,37,35-39,,,Person_5904,3,,Madrid
HH_2295,Person_5904,male,38,35-39,,,Person_5903,3,,Madrid
HH_2296,Person_5905,male,38,35-39,,,,0,Madrid,
HH_2297,Person_5906,female,65,65-69,,,,0,,
HH_2298,Person_5907,female,0,0-4,Person_5908,Person_5908,,0,,
HH_2298,Person_5908,female,38,35-39,,,Person_5909,1,,
HH_2298,Person_5909,female,48,45-49,,,Person_5908,1,,Madrid
HH_2299,Person_5910,female,3,0-4,Person_5911,Person_5911,,0,,
HH_2299,Person_5911,female,39,35-39,,,Person_5912,1,,Madrid
HH_2299,Person_5912,female,42,40-44,,,Person_5911,1,,Extremadura
HH_2300,Person_5913,female,68,65-69,,,,0,,
HH_2301,Person_5914,male,18,15-19,Person_5916,Person_5916,,0,,
HH_2301,Person_5915,male,30,30-34,Person_5916,Person_5916,,0,,Parque Científico de la Universidad Carlos III de Madrid
HH_2301,Person_5916,female,60,60-64,,,Person_5917,2,,Getafe norte
HH_2301,Person_5917,female,50,50-54,,,Person_5916,2,,Madrid
HH_2302,Person_5918,female,64,60-64,,,,0,Fuenlabrada,
HH_2302,Person_5919,female,36,35-39,,,,0,Fuenlabrada,
HH_2303,Person_5920,female,44,40-44,,,,0,,Madrid
HH_2303,Person_5921,male,95,95-99,,,,0,,
HH_2304,Person_5922,male,8,5-9,Person_5924,Person_5924,,0,,
HH_2304,Person_5923,female,35,35-39,Person_5924,Person_5924,,0,,Madrid
HH_2304,Person_5924,male,66,65-69,,,Person_5925,2,,
HH_2304,Person_5925,male,59,55-59,,,Person_5924,2,,Madrid
HH_2305,Person_5926,male,31,30-34,Person_5927,Person_5927,,0,,
HH_2305,Person_5927,female,59,55-59,,,Person_5928,1,,Madrid
HH_2305,Person_5928,female,82,80-84,,,Person_5927,1,,
HH_2306,Person_5929,male,24,20-24,Person_5931,Person_5931,,0,,Madrid
HH_2306,Person_5930,female,28,25-29,Person_5931,Person_5931,,0,,Edificio Sabatini
HH_2306,Person_5931,male,46,45-49,,,Person_5932,2,,
HH_2306,Person_5932,male,44,40-44,,,Person_5931,2,,
HH_2307,Person_5933,female,22,20-24,Person_5935,Person_5935,,0,Mostoles,
HH_2307,Person_5934,male,31,30-34,Person_5935,Person_5935,,0,Mostoles,
HH_2307,Person_5935,male,62,60-64,,,Person_5936,2,Mostoles,
HH_2307,Person_5936,male,56,55-59,,,Person_5935,2,Mostoles,
HH_2308,Person_5937,female,26,25-29,,,,0,,
HH_2309,Person_5938,male,72,70-74,,,,0,Getafe norte,
HH_2309,Person_5939,female,84,80-84,,,,0,Getafe norte,
HH_2310,Person_5940,female,73,70-74,,,,0,,
HH_2310,Person_5941,male,65,65-69,,,,0,,
HH_2311,Person_5942,female,63,60-64,,,,0,,Madrid
HH_2311,Person_5943,male,70,70-74,,,,0,,
HH_2312,Person_5944,female,29,25-29,,,,0,,Madrid
HH_2312,Person_5945,male,73,70-74,,,,0,,
HH_2313,Person_5946,male,20,20-24,Person_5949,,,0,,Edificio Agustín de Betancourt
HH_2313,Person_5947,male,23,20-24,Person_5949,,,0,,Madrid
HH_2313,Person_5948,female,4,0-4,Person_5949,,,0,,Escuela Infantil Rosa Caramelo
HH_2313,Person_5949,male,65,65-69,,,,3,,
HH_2314,Person_5950,female,21,20-24,Person_5951,,,0,Madrid,
HH_2314,Person_5951,male,47,45-49,,,,1,Madrid,
HH_2315,Person_5952,female,25,25-29,Person_5953,Person_5953,,0,,
HH_2315,Person_5953,male,52,50-54,,,Person_5954,1,,Madrid
HH_2315,Person_5954,male,35,35-39,,,Person_5953,1,,Madrid
HH_2316,Person_5955,female,81,80-84,,,,0,,
HH_2317,Person_5956,male,25,25-29,,,,0,Getafe norte,
HH_2318,Person_5957,male,54,50-54,,,,0,Madrid,
HH_2318,Person_5958,female,51,50-54,,,,0,Madrid,
HH_2319,Person_5959,male,35,35-39,Person_5960,Person_5960,,0,,Madrid
HH_2319,Person_5960,female,65,65-69,,,Person_5961,1,,
HH_2319,Person_5961,female,78,75-79,,,Person_5960,1,,
HH_2320,Person_5962,female,69,65-69,,,,0,,
HH_2320,Person_5963,female,52,50-54,,,,0,,
HH_2321,Person_5964,female,18,15-19,Person_5965,Person_5965,,0,,Madrid
HH_2321,Person_5965,female,61,60-64,,,Person_5966,1,,Madrid
HH_2321,Person_5966,female,64,60-64,,,Person_5965,1,,Mostoles
HH_2322,Person_5967,female,70,70-74,,,,0,,
HH_2323,Person_5968,male,97,95-99,,,,0,,
HH_2323,Person_5969,female,88,85-89,,,,0,,
HH_2323,Person_5970,female,99,95-99,,,,0,,
HH_2324,Person_5971,male,28,25-29,Person_5972,Person_5972,,0,,
HH_2324,Person_5972,male,72,70-74,,,Person_5973,1,,
HH_2324,Person_5973,male,54,50-54,,,Person_5972,1,,Madrid
HH_2325,Person_5974,male,46,45-49,Person_5976,Person_5976,,0,Madrid,
HH_2325,Person_5975,female,32,30-34,Person_5976,Person_5976,,0,Madrid,
HH_2325,Person_5976,male,79,75-79,,,Person_5977,2,Madrid,
HH_2325,Person_5977,male,55,55-59,,,Person_5976,2,Madrid,
HH_2326,Person_5978,female,7,5-9,Person_5979,Person_5979,,0,,
HH_2326,Person_5979,female,41,40-44,,,Person_5980,1,,Madrid
HH_2326,Person_5980,female,46,45-49,,,Person_5979,1,,Madrid
HH_2327,Person_5981,female,78,75-79,,,,0,,
HH_2328,Person_5982,male,7,5-9,Person_5984,Person_5984,,0,,
HH_2328,Person_5983,male,27,25-29,Person_5984,Person_5984,,0,,
HH_2328,Person_5984,female,47,45-49,,,Person_5985,2,,
HH_2328,Person_5985,female,46,45-49,,,Person_5984,2,,Madrid
HH_2329,Person_5986,female,19,15-19,,,,0,,
HH_2330,Person_5987,male,0,0-4,,Person_5989,,0,,
HH_2330,Person_5988,female,5,5-9,,Person_5989,,0,,
HH_2330,Person_5989,female,32,30-34,,,,2,,Madrid
HH_2331,Person_5990,female,23,20-24,Person_5992,Person_5992,,0,,
HH_2331,Person_5991,female,34,30-34,Person_5992,Person_5992,,0,,Madrid
HH_2331,Person_5992,male,49,45-49,,,Person_5993,2,,Getafe norte
HH_2331,Person_5993,male,42,40-44,,,Person_5992,2,,Getafe norte
HH_2332,Person_5994,male,96,95-99,,,,0,Madrid,
HH_2332,Person_5995,female,31,30-34,,,,0,Madrid,
HH_2333,Person_5996,female,86,85-89,,,,0,,
HH_2334,Person_5997,male,18,15-19,,,,0,,
HH_2335,Person_5998,female,18,15-19,,,,0,,
HH_2335,Person_5999,female,30,30-34,,,,0,,Madrid
HH_2336,Person_6000,female,74,70-74,,,,0,,
HH_2336,Person_6001,female,54,50-54,,,,0,,Madrid
HH_2337,Person_6002,female,5,5-9,Person_6003,Person_6003,,0,,Escuela Infantil Rosa Caramelo
HH_2337,Person_6003,male,38,35-39,,,Person_6004,1,,Madrid
HH_2337,Person_6004,male,43,40-44,,,Person_6003,1,,Madrid
HH_2338,Person_6005,female,45,45-49,,,,0,,Madrid
HH_2339,Person_6006,male,84,80-84,,,,0,Teatro Egaleo,
HH_2339,Person_6007,male,66,65-69,,,,0,Teatro Egaleo,
HH_2340,Person_6008,male,57,55-59,Person_6009,,,0,Madrid,
HH_2340,Person_6009,male,75,75-79,,,,1,Madrid,
HH_2341,Person_6010,male,17,15-19,Person_6012,Person_6012,,0,Getafe norte,
HH_2341,Person_6011,female,28,25-29,Person_6012,Person_6012,,0,Getafe norte,
HH_2341,Person_6012,male,46,45-49,,,Person_6013,2,Getafe norte,
HH_2341,Person_6013,male,34,30-34,,,Person_6012,2,Getafe norte,
HH_2342,Person_6014,male,69,65-69,,,,0,,
HH_2342,Person_6015,male,71,70-74,,,,0,,
HH_2343,Person_6016,female,31,30-34,,,,0,,Madrid
HH_2344,Person_6017,female,38,35-39,,,,0,,Madrid
HH_2345,Person_6018,female,5,5-9,Person_6019,Person_6019,,0,Madrid,
HH_2345,Person_6019,male,39,35-39,,,Person_6020,1,Madrid,Audi
HH_2345,Person_6020,male,35,35-39,,,Person_6019,1,Madrid,
HH_2346,Person_6021,female,60,60-64,Person_6023,Person_6023,,0,Madrid,
HH_2346,Person_6022,female,29,25-29,Person_6023,Person_6023,,0,Madrid,
HH_2346,Person_6023,male,88,85-89,,,Person_6024,2,Madrid,
HH_2346,Person_6024,male,49,45-49,,,Person_6023,2,Madrid,
HH_2347,Person_6025,male,4,0-4,Person_6026,Person_6026,,0,,
HH_2347,Person_6026,female,47,45-49,,,Person_6027,1,,Madrid
HH_2347,Person_6027,female,52,50-54,,,Person_6026,1,,Madrid
HH_2348,Person_6028,male,63,60-64,Person_6030,Person_6030,,0,,Madrid
HH_2348,Person_6029,female,66,65-69,Person_6030,Person_6030,,0,,
HH_2348,Person_6030,female,96,95-99,,,Person_6031,2,,
HH_2348,Person_6031,female,60,60-64,,,Person_6030,2,,Madrid
HH_2349,Person_6032,female,28,25-29,,,,0,Mostoles,
HH_2349,Person_6033,male,71,70-74,,,,0,Mostoles,
HH_2350,Person_6034,female,12,10-14,Person_6036,Person_6036,,0,,
HH_2350,Person_6035,male,26,25-29,Person_6036,Person_6036,,0,,
HH_2350,Person_6036,male,59,55-59,,,Person_6037,2,,
HH_2350,Person_6037,male,52,50-54,,,Person_6036,2,,Madrid
HH_2351,Person_6038,female,21,20-24,Person_6040,Person_6040,,0,,
HH_2351,Person_6039,male,33,30-34,Person_6040,Person_6040,,0,,Madrid
HH_2351,Person_6040,male,52,50-54,,,Person_6041,2,,Madrid
HH_2351,Person_6041,male,53,50-54,,,Person_6040,2,,Madrid
HH_2352,Person_6042,male,11,10-14,Person_6043,Person_6043,,0,,
HH_2352,Person_6043,female,28,25-29,,,Person_6044,1,,
HH_2352,Person_6044,female,33,30-34,,,Person_6043,1,,Madrid
HH_2353,Person_6045,female,49,45-49,,,,0,Madrid,
HH_2353,Person_6046,male,37,35-39,,,,0,Madrid,
HH_2354,Person_6047,male,14,10-14,,Person_6049,,0,Madrid,
HH_2354,Person_6048,female,3,0-4,,Person_6049,,0,Madrid,
HH_2354,Person_6049,female,50,50-54,,,,2,Madrid,
HH_2355,Person_6050,male,58,55-59,,,,0,,Madrid
HH_2356,Person_6051,female,0,0-4,Person_6053,Person_6053,,0,Mostoles,
HH_2356,Person_6052,female,35,35-39,Person_6053,Person_6053,,0,Mostoles,
HH_2356,Person_6053,female,52,50-54,,,Person_6054,2,Mostoles,
HH_2356,Person_6054,female,49,45-49,,,Person_6053,2,Mostoles,
HH_2357,Person_6055,female,65,65-69,,,,0,,
HH_2358,Person_6056,female,5,5-9,Person_6057,Person_6057,,0,,Escuela Infantil Rosa Caramelo
HH_2358,Person_6057,male,49,45-49,,,Person_6058,1,,Madrid
HH_2358,Person_6058,male,41,40-44,,,Person_6057,1,,Madrid
HH_2359,Person_6059,female,25,25-29,,Person_6060,,0,Mostoles,
HH_2359,Person_6060,female,40,40-44,,,,1,Mostoles,
HH_2360,Person_6061,female,59,55-59,,,,0,Getafe norte,
HH_2361,Person_6062,female,15,15-19,Person_6063,Person_6063,,0,,
HH_2361,Person_6063,male,45,45-49,,,Person_6064,1,,Madrid
HH_2361,Person_6064,male,49,45-49,,,Person_6063,1,,Madrid
HH_2362,Person_6065,female,84,80-84,,,,0,,
HH_2362,Person_6066,male,74,70-74,,,,0,,
HH_2363,Person_6067,female,60,60-64,,,,0,,Extremadura
HH_2363,Person_6068,male,70,70-74,,,,0,,
HH_2364,Person_6069,female,18,15-19,,,,0,Alcorcon,
HH_2365,Person_6070,female,5,5-9,Person_6072,Person_6072,,0,,
HH_2365,Person_6071,male,31,30-34,Person_6072,Person_6072,,0,,Madrid
HH_2365,Person_6072,male,65,65-69,,,Person_6073,2,,
HH_2365,Person_6073,male,46,45-49,,,Person_6072,2,,Madrid
HH_2366,Person_6074,male,78,75-79,,,,0,Madrid,
HH_2366,Person_6075,female,84,80-84,,,,0,Madrid,
HH_2367,Person_6076,male,14,10-14,Person_6078,Person_6078,,0,Madrid,
HH_2367,Person_6077,male,27,25-29,Person_6078,Person_6078,,0,Madrid,Pabellón de hielo de Leganés
HH_2367,Person_6078,female,59,55-59,,,Person_6079,2,Madrid,
HH_2367,Person_6079,female,58,55-59,,,Person_6078,2,Madrid,
HH_2368,Person_6080,female,18,15-19,Person_6081,Person_6081,,0,Getafe norte,
HH_2368,Person_6081,female,37,35-39,,,Person_6082,1,Getafe norte,
HH_2368,Person_6082,female,43,40-44,,,Person_6081,1,Getafe norte,
HH_2369,Person_6083,female,15,15-19,Person_6084,Person_6084,,0,,
HH_2369,Person_6084,female,54,50-54,,,Person_6085,1,,Madrid
HH_2369,Person_6085,female,40,40-44,,,Person_6084,1,,Madrid
HH_2370,Person_6086,male,10,10-14,Person_6088,Person_6088,,0,,
HH_2370,Person_6087,male,28,25-29,Person_6088,Person_6088,,0,,Madrid
HH_2370,Person_6088,female,54,50-54,,,Person_6089,2,,Getafe norte
HH_2370,Person_6089,female,51,50-54,,,Person_6088,2,,Madrid
HH_2371,Person_6090,male,19,15-19,Person_6092,Person_6092,,0,Madrid,Edificio Sabatini
HH_2371,Person_6091,male,31,30-34,Person_6092,Person_6092,,0,Madrid,
HH_2371,Person_6092,male,63,60-64,,,Person_6093,2,Madrid,
HH_2371,Person_6093,male,74,70-74,,,Person_6092,2,Madrid,
HH_2372,Person_6094,female,10,10-14,Person_6096,,,0,,
HH_2372,Person_6095,male,14,10-14,Person_6096,,,0,,
HH_2372,Person_6096,male,41,40-44,,,,2,,Madrid
HH_2373,Person_6097,male,49,45-49,,Person_6098,,0,Alcorcon,
HH_2373,Person_6098,female,91,90-94,,,,1,Alcorcon,
HH_2374,Person_6099,male,28,25-29,Person_6100,Person_6100,,0,Alcorcon,
HH_2374,Person_6100,female,72,70-74,,,Person_6101,1,Alcorcon,
HH_2374,Person_6101,female,59,55-59,,,Person_6100,1,Alcorcon,
HH_2375,Person_6102,male,37,35-39,,,,0,,Madrid
HH_2376,Person_6103,male,50,50-54,,,,0,Madrid,
HH_2377,Person_6104,female,36,35-39,Person_6105,,,0,,Madrid
HH_2377,Person_6105,male,69,65-69,,,,1,,
HH_2378,Person_6106,male,19,15-19,Person_6108,Person_6108,,0,,Madrid
HH_2378,Person_6107,female,31,30-34,Person_6108,Person_6108,,0,,
HH_2378,Person_6108,female,58,55-59,,,Person_6109,2,,Getafe norte
HH_2378,Person_6109,female,48,45-49,,,Person_6108,2,,Madrid
HH_2379,Person_6110,male,17,15-19,Person_6111,Person_6111,,0,Madrid,
HH_2379,Person_6111,female,45,45-49,,,Person_6112,1,Madrid,
HH_2379,Person_6112,female,50,50-54,,,Person_6111,1,Madrid,
HH_2380,Person_6113,female,7,5-9,Person_6114,Person_6114,,0,Madrid,
HH_2380,Person_6114,female,48,45-49,,,Person_6115,1,Madrid,
HH_2380,Person_6115,female,59,55-59,,,Person_6114,1,Madrid,
HH_2381,Person_6116,female,69,65-69,,,,0,,
HH_2382,Person_6117,male,34,30-34,,Person_6118,,0,Madrid,
HH_2382,Person_6118,female,66,65-69,,,,1,Madrid,
HH_2383,Person_6119,female,10,10-14,Person_6121,Person_6121,,0,,
HH_2383,Person_6120,female,34,30-34,Person_6121,Person_6121,,0,,Madrid
HH_2383,Person_6121,male,64,60-64,,,Person_6122,2,,Getafe norte
HH_2383,Person_6122,male,52,50-54,,,Person_6121,2,,Madrid
HH_2384,Person_6123,male,65,65-69,,,,0,,
HH_2385,Person_6124,female,11,10-14,Person_6125,Person_6125,,0,,
HH_2385,Person_6125,female,44,40-44,,,Person_6126,1,,Madrid
HH_2385,Person_6126,female,50,50-54,,,Person_6125,1,,Madrid
HH_2386,Person_6127,female,19,15-19,Person_6129,Person_6129,,0,Madrid,
HH_2386,Person_6128,male,28,25-29,Person_6129,Person_6129,,0,Madrid,Fundación IMDEA Networks
HH_2386,Person_6129,male,71,70-74,,,Person_6130,2,Madrid,
HH_2386,Person_6130,male,57,55-59,,,Person_6129,2,Madrid,
HH_2387,Person_6131,female,66,65-69,,,,0,Madrid,
HH_2387,Person_6132,female,55,55-59,,,,0,Madrid,
HH_2388,Person_6133,male,10,10-14,Person_6135,,,0,,
HH_2388,Person_6134,male,8,5-9,Person_6135,,,0,,
HH_2388,Person_6135,male,27,25-29,,,,2,,Parque Científico de la Universidad Carlos III de Madrid
HH_2389,Person_6136,female,6,5-9,,Person_6137,,0,,Centro Ocupacional Juan Ramón Jiménez
HH_2389,Person_6137,female,41,40-44,,,,1,,Madrid
HH_2390,Person_6138,male,10,10-14,Person_6140,Person_6140,,0,,Centro Ocupacional Juan Ramón Jiménez
HH_2390,Person_6139,female,33,30-34,Person_6140,Person_6140,,0,,Madrid
HH_2390,Person_6140,female,69,65-69,,,Person_6141,2,,
HH_2390,Person_6141,female,75,75-79,,,Person_6140,2,,
HH_2391,Person_6142,male,0,0-4,Person_6144,Person_6144,,0,,
HH_2391,Person_6143,female,28,25-29,Person_6144,Person_6144,,0,,
HH_2391,Person_6144,female,53,50-54,,,Person_6145,2,,Madrid
HH_2391,Person_6145,female,73,70-74,,,Person_6144,2,,
HH_2392,Person_6146,female,18,15-19,,,,0,,Madrid
HH_2393,Person_6147,male,9,5-9,Person_6151,,,0,,
HH_2393,Person_6148,male,12,10-14,Person_6151,,,0,,
HH_2393,Person_6149,male,11,10-14,Person_6151,,,0,,
HH_2393,Person_6150,male,5,5-9,Person_6151,,,0,,
HH_2393,Person_6151,male,42,40-44,,,,4,,Mostoles
HH_2394,Person_6152,female,60,60-64,,,,0,,Fuenlabrada
HH_2394,Person_6153,male,55,55-59,,,,0,,Getafe norte
HH_2395,Person_6154,female,7,5-9,Person_6156,Person_6156,,0,,
HH_2395,Person_6155,male,34,30-34,Person_6156,Person_6156,,0,,Madrid
HH_2395,Person_6156,male,52,50-54,,,Person_6157,2,,Madrid
HH_2395,Person_6157,male,35,35-39,,,Person_6156,2,,Madrid
HH_2396,Person_6158,female,69,65-69,,,,0,,
HH_2397,Person_6159,female,14,10-14,Person_6160,Person_6160,,0,,
HH_2397,Person_6160,male,45,45-49,,,Person_6161,1,,Madrid
HH_2397,Person_6161,male,45,45-49,,,Person_6160,1,,Madrid
HH_2398,Person_6162,male,2,0-4,Person_6164,Person_6164,,0,Madrid,
HH_2398,Person_6163,male,32,30-34,Person_6164,Person_6164,,0,Madrid,
HH_2398,Person_6164,female,51,50-54,,,Person_6165,2,Madrid,
HH_2398,Person_6165,female,56,55-59,,,Person_6164,2,Madrid,
HH_2399,Person_6166,female,65,65-69,,,,0,,
HH_2400,Person_6167,male,44,40-44,,,,0,,Madrid
HH_2401,Person_6168,male,55,55-59,,,,0,Madrid,
HH_2402,Person_6169,female,70,70-74,,,,0,Madrid,
HH_2403,Person_6170,female,2,0-4,Person_6171,Person_6171,,0,Madrid,
HH_2403,Person_6171,female,34,30-34,,,Person_6172,1,Madrid,
HH_2403,Person_6172,female,40,40-44,,,Person_6171,1,Madrid,
HH_2404,Person_6173,male,28,25-29,Person_6174,Person_6174,,0,Madrid,
HH_2404,Person_6174,male,57,55-59,,,Person_6175,1,Madrid,
HH_2404,Person_6175,male,59,55-59,,,Person_6174,1,Madrid,
HH_2405,Person_6176,male,22,20-24,Person_6180,,,0,Alcorcon,
HH_2405,Person_6177,female,7,5-9,Person_6180,,,0,Alcorcon,
HH_2405,Person_6178,male,24,20-24,Person_6180,,,0,Alcorcon,Lidl
HH_2405,Person_6179,female,5,5-9,Person_6180,,,0,Alcorcon,Escuela Infantil Rosa Caramelo
HH_2405,Person_6180,male,45,45-49,,,,4,Alcorcon,
HH_2406,Person_6181,female,71,70-74,,,,0,,
HH_2407,Person_6182,female,75,75-79,,,,0,Fuenlabrada,
HH_2408,Person_6183,female,13,10-14,Person_6186,,,0,,
HH_2408,Person_6184,female,23,20-24,Person_6186,,,0,,Madrid
HH_2408,Person_6185,female,22,20-24,Person_6186,,,0,,Parque Científico de la Universidad Carlos III de Madrid
HH_2408,Person_6186,male,59,55-59,,,,3,,Madrid
HH_2409,Person_6187,female,96,95-99,,,,0,,
HH_2409,Person_6188,male,65,65-69,,,,0,,
HH_2410,Person_6189,female,89,85-89,,,,0,,
HH_2410,Person_6190,male,53,50-54,,,,0,,Madrid
HH_2410,Person_6191,female,87,85-89,,,,0,,
HH_2410,Person_6192,female,28,25-29,,,,0,,Edificio Agustín de Betancourt
HH_2411,Person_6193,male,19,15-19,,Person_6197,,0,,Madrid
HH_2411,Person_6194,female,5,5-9,,Person_6197,,0,,
HH_2411,Person_6195,female,15,15-19,,Person_6197,,0,,
HH_2411,Person_6196,male,19,15-19,,Person_6197,,0,,
HH_2411,Person_6197,female,52,50-54,,,,4,,Madrid
HH_2412,Person_6198,female,42,40-44,,,,0,,Madrid
HH_2413,Person_6199,male,49,45-49,,,,0,,Madrid
HH_2414,Person_6200,male,7,5-9,Person_6202,Person_6202,,0,,
HH_2414,Person_6201,female,33,30-34,Person_6202,Person_6202,,0,,Madrid
HH_2414,Person_6202,female,67,65-69,,,Person_6203,2,,
HH_2414,Person_6203,female,51,50-54,,,Person_6202,2,,Extremadura
HH_2415,Person_6204,female,48,45-49,Person_6206,Person_6206,,0,,Madrid
HH_2415,Person_6205,male,36,35-39,Person_6206,Person_6206,,0,,Madrid
HH_2415,Person_6206,female,79,75-79,,,Person_6207,2,,
HH_2415,Person_6207,female,93,90-94,,,Person_6206,2,,
HH_2416,Person_6208,male,68,65-69,,,,0,,
HH_2416,Person_6209,female,66,65-69,,,,0,,
HH_2416,Person_6210,male,78,75-79,,,,0,,
HH_2416,Person_6211,female,27,25-29,,,,0,,Madrid
HH_2417,Person_6212,female,67,65-69,,,,0,Madrid,
HH_2418,Person_6213,female,7,5-9,,Person_6215,,0,Getafe norte,
HH_2418,Person_6214,male,17,15-19,,Person_6215,,0,Getafe norte,
HH_2418,Person_6215,female,50,50-54,,,,2,Getafe norte,
HH_2419,Person_6216,male,10,10-14,Person_6218,Person_6218,,0,,
HH_2419,Person_6217,female,35,35-39,Person_6218,Person_6218,,0,,Madrid
HH_2419,Person_6218,female,65,65-69,,,Person_6219,2,,
HH_2419,Person_6219,female,67,65-69,,,Person_6218,2,,
HH_2420,Person_6220,female,65,65-69,,,,0,,
HH_2421,Person_6221,female,19,15-19,Person_6224,Person_6224,,0,,Fuenlabrada
HH_2421,Person_6222,female,25,25-29,Person_6224,Person_6224,,0,,Fuenlabrada
HH_2421,Person_6223,female,24,20-24,Person_6224,Person_6224,,0,,Parque Científico de la Universidad Carlos III de Madrid
HH_2421,Person_6224,male,59,55-59,,,Person_6225,3,,Madrid
HH_2421,Person_6225,male,50,50-54,,,Person_6224,3,,Madrid
HH_2422,Person_6226,female,16,15-19,Person_6227,Person_6227,,0,Fuenlabrada,
HH_2422,Person_6227,female,47,45-49,,,Person_6228,1,Fuenlabrada,
HH_2422,Person_6228,female,45,45-49,,,Person_6227,1,Fuenlabrada,
HH_2423,Person_6229,male,58,55-59,,,,0,,Alcorcon
HH_2423,Person_6230,male,75,75-79,,,,0,,
HH_2423,Person_6231,male,31,30-34,,,,0,,Mostoles
HH_2423,Person_6232,male,91,90-94,,,,0,,
HH_2423,Person_6233,female,86,85-89,,,,0,,
HH_2424,Person_6234,female,68,65-69,,,,0,,
HH_2424,Person_6235,female,49,45-49,,,,0,,Madrid
HH_2425,Person_6236,female,19,15-19,Person_6237,Person_6237,,0,Madrid,
HH_2425,Person_6237,male,51,50-54,,,Person_6238,1,Madrid,Ford Motorauto Leganés
HH_2425,Person_6238,male,53,50-54,,,Person_6237,1,Madrid,
HH_2426,Person_6239,male,12,10-14,Person_6241,Person_6241,,0,,
HH_2426,Person_6240,male,33,30-34,Person_6241,Person_6241,,0,,Madrid
HH_2426,Person_6241,male,76,75-79,,,Person_6242,2,,
HH_2426,Person_6242,male,53,50-54,,,Person_6241,2,,Madrid
HH_2427,Person_6243,female,12,10-14,Person_6245,Person_6245,,0,Getafe norte,
HH_2427,Person_6244,male,35,35-39,Person_6245,Person_6245,,0,Getafe norte,
HH_2427,Person_6245,female,54,50-54,,,Person_6246,2,Getafe norte,
HH_2427,Person_6246,female,59,55-59,,,Person_6245,2,Getafe norte,
HH_2428,Person_6247,male,65,65-69,,,,0,,
HH_2429,Person_6248,male,36,35-39,,,,0,Madrid,
HH_2430,Person_6249,female,17,15-19,Person_6251,Person_6251,,0,,
HH_2430,Person_6250,male,33,30-34,Person_6251,Person_6251,,0,,Madrid
HH_2430,Person_6251,female,66,65-69,,,Person_6252,2,,
HH_2430,Person_6252,female,57,55-59,,,Person_6251,2,,
HH_2431,Person_6253,female,15,15-19,Person_6254,Person_6254,,0,,
HH_2431,Person_6254,male,44,40-44,,,Person_6255,1,,Madrid
HH_2431,Person_6255,male,37,35-39,,,Person_6254,1,,Madrid
HH_2432,Person_6256,female,31,30-34,Person_6257,,,0,Madrid,
HH_2432,Person_6257,male,73,70-74,,,,1,Madrid,
HH_2433,Person_6258,female,30,30-34,Person_6259,Person_6259,,0,,Madrid
HH_2433,Person_6259,female,56,55-59,,,Person_6260,1,,Fuenlabrada
HH_2433,Person_6260,female,71,70-74,,,Person_6259,1,,
HH_2434,Person_6261,female,23,20-24,,Person_6262,,0,,Edificio Sabatini
HH_2434,Person_6262,female,38,35-39,,,,1,,
HH_2435,Person_6263,male,95,95-99,,,,0,,
HH_2435,Person_6264,male,60,60-64,,,,0,,Extremadura
HH_2436,Person_6265,male,0,0-4,Person_6267,Person_6267,,0,Alcorcon,Escuela Infantil Rosa Caramelo
HH_2436,Person_6266,female,26,25-29,Person_6267,Person_6267,,0,Alcorcon,Fundación IMDEA Networks
HH_2436,Person_6267,female,55,55-59,,,Person_6268,2,Alcorcon,
HH_2436,Person_6268,female,57,55-59,,,Person_6267,2,Alcorcon,
HH_2437,Person_6269,female,41,40-44,,,,0,,Madrid
HH_2438,Person_6270,female,15,15-19,Person_6272,Person_6272,,0,,
HH_2438,Person_6271,female,25,25-29,Person_6272,Person_6272,,0,,Parque Científico de la Universidad Carlos III de Madrid
HH_2438,Person_6272,male,65,65-69,,,Person_6273,2,,
HH_2438,Person_6273,male,43,40-44,,,Person_6272,2,,
HH_2439,Person_6274,male,33,30-34,,,,0,,Madrid
HH_2439,Person_6275,male,28,25-29,,,,0,,Madrid
HH_2440,Person_6276,male,8,5-9,,Person_6280,,0,,
HH_2440,Person_6277,male,16,15-19,,Person_6280,,0,,
HH_2440,Person_6278,female,10,10-14,,Person_6280,,0,,
HH_2440,Person_6279,male,15,15-19,,Person_6280,,0,,
HH_2440,Person_6280,female,41,40-44,,,,4,,Alcorcon
HH_2441,Person_6281,male,77,75-79,,,,0,,
HH_2441,Person_6282,female,85,85-89,,,,0,,
HH_2442,Person_6283,female,72,70-74,,,,0,Madrid,
HH_2442,Person_6284,female,43,40-44,,,,0,Madrid,Montero
HH_2443,Person_6285,male,62,60-64,,,,0,,Madrid
HH_2444,Person_6286,female,73,70-74,,,,0,Madrid,
HH_2445,Person_6287,male,37,35-39,,Person_6288,,0,,Madrid
HH_2445,Person_6288,female,65,65-69,,,,1,,
HH_2446,Person_6289,male,62,60-64,,,,0,,Madrid
HH_2446,Person_6290,female,46,45-49,,,,0,,
HH_2446,Person_6291,female,82,80-84,,,,0,,
HH_2447,Person_6292,male,36,35-39,,,,0,,Alcorcon
HH_2448,Person_6293,male,62,60-64,,,,0,Madrid,
HH_2448,Person_6294,male,89,85-89,,,,0,Madrid,
HH_2449,Person_6295,male,20,20-24,Person_6296,Person_6296,,0,,Mostoles
HH_2449,Person_6296,female,45,45-49,,,Person_6297,1,,Madrid
HH_2449,Person_6297,female,46,45-49,,,Person_6296,1,,
HH_2450,Person_6298,female,73,70-74,,,,0,,
HH_2451,Person_6299,male,14,10-14,Person_6301,Person_6301,,0,,
HH_2451,Person_6300,female,29,25-29,Person_6301,Person_6301,,0,,Madrid
HH_2451,Person_6301,male,61,60-64,,,Person_6302,2,,Madrid
HH_2451,Person_6302,male,83,80-84,,,Person_6301,2,,
HH_2452,Person_6303,female,13,10-14,Person_6304,Person_6304,,0,Alcorcon,
HH_2452,Person_6304,female,46,45-49,,,Person_6305,1,Alcorcon,
HH_2452,Person_6305,female,54,50-54,,,Person_6304,1,Alcorcon,
HH_2453,Person_6306,male,18,15-19,,Person_6307,,0,,Alcorcon
HH_2453,Person_6307,female,61,60-64,,,,1,,Madrid
HH_2454,Person_6308,female,62,60-64,,,,0,,Madrid
HH_2454,Person_6309,male,74,70-74,,,,0,,
HH_2455,Person_6310,male,31,30-34,,,,0,,Madrid
HH_2455,Person_6311,female,20,20-24,,,,0,,Getafe norte
HH_2456,Person_6312,female,69,65-69,,,,0,Madrid,
HH_2456,Person_6313,female,67,65-69,,,,0,Madrid,
HH_2457,Person_6314,female,11,10-14,,Person_6316,,0,,
HH_2457,Person_6315,male,6,5-9,,Person_6316,,0,,
HH_2457,Person_6316,female,38,35-39,,,,2,,Grúas Aguado
HH_2458,Person_6317,male,3,0-4,Person_6319,Person_6319,,0,Hotel de Asociaciones,
HH_2458,Person_6318,male,33,30-34,Person_6319,Person_6319,,0,Hotel de Asociaciones,Madrid
HH_2458,Person_6319,female,64,60-64,,,Person_6320,2,Hotel de Asociaciones,Madrid
HH_2458,Person_6320,female,79,75-79,,,Person_6319,2,Hotel de Asociaciones,
HH_2459,Person_6321,male,50,50-54,,,,0,,Salón del Reino de los Testigos de Jehová
HH_2460,Person_6322,male,44,40-44,,,,0,Madrid,
HH_2460,Person_6323,male,83,80-84,,,,0,Madrid,
HH_2461,Person_6324,female,25,25-29,,,,0,Madrid,
HH_2461,Person_6325,male,99,95-99,,,,0,Madrid,
HH_2462,Person_6326,female,10,10-14,Person_6328,Person_6328,,0,,
HH_2462,Person_6327,male,26,25-29,Person_6328,Person_6328,,0,,
HH_2462,Person_6328,female,58,55-59,,,Person_6329,2,,Getafe norte
HH_2462,Person_6329,female,69,65-69,,,Person_6328,2,,
HH_2463,Person_6330,female,62,60-64,,,,0,,Madrid
HH_2464,Person_6331,male,20,20-24,,,,0,Fuenlabrada,
HH_2465,Person_6332,male,20,20-24,Person_6334,Person_6334,,0,Extremadura,Edificio Juan Benet
HH_2465,Person_6333,male,32,30-34,Person_6334,Person_6334,,0,Extremadura,
HH_2465,Person_6334,male,70,70-74,,,Person_6335,2,Extremadura,
HH_2465,Person_6335,male,61,60-64,,,Person_6334,2,Extremadura,
HH_2466,Person_6336,female,41,40-44,Person_6337,Person_6337,,0,,Madrid
HH_2466,Person_6337,male,59,55-59,,,Person_6338,1,,Madrid
HH_2466,Person_6338,male,57,55-59,,,Person_6337,1,,Madrid
HH_2467,Person_6339,male,27,25-29,,,,0,,Edificio Juan Benet
HH_2467,Person_6340,female,89,85-89,,,,0,,
HH_2467,Person_6341,male,36,35-39,,,,0,,Madrid
HH_2468,Person_6342,female,23,20-24,Person_6344,Person_6344,,0,,
HH_2468,Person_6343,male,33,30-34,Person_6344,Person_6344,,0,,
HH_2468,Person_6344,female,58,55-59,,,Person_6345,2,,Madrid
HH_2468,Person_6345,female,71,70-74,,,Person_6344,2,,
HH_2469,Person_6346,male,21,20-24,Person_6350,,,0,,Edificio Juan Benet
HH_2469,Person_6347,male,3,0-4,Person_6350,,,0,,Escuela Infantil Rosa Caramelo
HH_2469,Person_6348,male,3,0-4,Person_6350,,,0,,
HH_2469,Person_6349,male,27,25-29,Person_6350,,,0,,Edificio Agustín de Betancourt
HH_2469,Person_6350,male,59,55-59,,,,4,,Madrid
HH_2470,Person_6351,female,30,30-34,Person_6352,Person_6352,,0,Madrid,
HH_2470,Person_6352,male,49,45-49,,,Person_6353,1,Madrid,
HH_2470,Person_6353,male,54,50-54,,,Person_6352,1,Madrid,
HH_2471,Person_6354,female,79,75-79,,,,0,,
HH_2472,Person_6355,male,55,55-59,,,,0,Madrid,
HH_2473,Person_6356,female,66,65-69,,,,0,,
HH_2473,Person_6357,male,73,70-74,,,,0,,
HH_2474,Person_6358,female,19,15-19,Person_6360,Person_6360,,0,,
HH_2474,Person_6359,male,25,25-29,Person_6360,Person_6360,,0,,Madrid
HH_2474,Person_6360,male,51,50-54,,,Person_6361,2,,Alcorcon
HH_2474,Person_6361,male,47,45-49,,,Person_6360,2,,Getafe norte
HH_2475,Person_6362,female,9,5-9,Person_6364,Person_6364,,0,Madrid,
HH_2475,Person_6363,female,34,30-34,Person_6364,Person_6364,,0,Madrid,
HH_2475,Person_6364,female,62,60-64,,,Person_6365,2,Madrid,
HH_2475,Person_6365,female,50,50-54,,,Person_6364,2,Madrid,
HH_2476,Person_6366,female,25,25-29,,,,0,,Fundación IMDEA Networks
HH_2477,Person_6367,male,12,10-14,Person_6369,Person_6369,,0,Getafe norte,
HH_2477,Person_6368,male,25,25-29,Person_6369,Person_6369,,0,Getafe norte,Parque Científico de la Universidad Carlos III de Madrid
HH_2477,Person_6369,male,55,55-59,,,Person_6370,2,Getafe norte,
HH_2477,Person_6370,male,58,55-59,,,Person_6369,2,Getafe norte,Carrefour
HH_2478,Person_6371,female,1,0-4,Person_6374,Person_6374,,0,,
HH_2478,Person_6372,female,11,10-14,Person_6374,Person_6374,,0,,
HH_2478,Person_6373,female,6,5-9,Person_6374,Person_6374,,0,,
HH_2478,Person_6374,male,42,40-44,,,Person_6375,3,,Madrid
HH_2478,Person_6375,male,43,40-44,,,Person_6374,3,,Madrid
HH_2479,Person_6376,male,21,20-24,Person_6379,Person_6379,,0,,
HH_2479,Person_6377,female,29,25-29,Person_6379,Person_6379,,0,,Edificio Juan Benet
HH_2479,Person_6378,male,24,20-24,Person_6379,Person_6379,,0,,Parque Científico de la Universidad Carlos III de Madrid
HH_2479,Person_6379,male,47,45-49,,,Person_6380,3,,Getafe norte
HH_2479,Person_6380,male,49,45-49,,,Person_6379,3,,Alcorcon
HH_2480,Person_6381,female,91,90-94,,,,0,,
HH_2480,Person_6382,male,74,70-74,,,,0,,
HH_2481,Person_6383,male,19,15-19,Person_6385,Person_6385,,0,,Madrid
HH_2481,Person_6384,male,33,30-34,Person_6385,Person_6385,,0,,Getafe norte
HH_2481,Person_6385,male,63,60-64,,,Person_6386,2,,Fuenlabrada
HH_2481,Person_6386,male,74,70-74,,,Person_6385,2,,
HH_2482,Person_6387,female,65,65-69,,,,0,,
HH_2483,Person_6388,female,16,15-19,Person_6390,Person_6390,,0,,
HH_2483,Person_6389,male,32,30-34,Person_6390,Person_6390,,0,,Getafe norte
HH_2483,Person_6390,female,65,65-69,,,Person_6391,2,,
HH_2483,Person_6391,female,86,85-89,,,Person_6390,2,,
HH_2484,Person_6392,female,91,90-94,,,,0,Fuenlabrada,
HH_2484,Person_6393,male,23,20-24,,,,0,Fuenlabrada,
HH_2485,Person_6394,male,0,0-4,Person_6395,Person_6395,,0,,
HH_2485,Person_6395,male,26,25-29,,,Person_6396,1,,Parque Científico de la Universidad Carlos III de Madrid
HH_2485,Person_6396,male,34,30-34,,,Person_6395,1,,Fuenlabrada
HH_2486,Person_6397,female,4,0-4,Person_6401,,,0,,
HH_2486,Person_6398,female,12,10-14,Person_6401,,,0,,
HH_2486,Person_6399,male,10,10-14,Person_6401,,,0,,
HH_2486,Person_6400,male,7,5-9,Person_6401,,,0,,
HH_2486,Person_6401,male,45,45-49,,,,4,,Madrid
HH_2487,Person_6402,male,47,45-49,,,,0,,Madrid
HH_2488,Person_6403,male,70,70-74,,,,0,,
HH_2489,Person_6404,male,17,15-19,Person_6407,Person_6407,,0,Fuenlabrada,
HH_2489,Person_6405,male,9,5-9,Person_6407,Person_6407,,0,Fuenlabrada,
HH_2489,Person_6406,male,18,15-19,Person_6407,Person_6407,,0,Fuenlabrada,
HH_2489,Person_6407,male,36,35-39,,,Person_6408,3,Fuenlabrada,Feu Vert
HH_2489,Person_6408,male,36,35-39,,,Person_6407,3,Fuenlabrada,
HH_2490,Person_6409,male,86,85-89,Person_6410,,,0,,
HH_2490,Person_6410,male,104,100-120,,,,1,,
HH_2491,Person_6411,male,8,5-9,Person_6412,Person_6412,,0,Madrid,
HH_2491,Person_6412,female,25,25-29,,,Person_6413,1,Madrid,
HH_2491,Person_6413,female,26,25-29,,,Person_6412,1,Madrid,
HH_2492,Person_6414,female,55,55-59,,,,0,Getafe norte,
HH_2492,Person_6415,male,84,80-84,,,,0,Getafe norte,
HH_2493,Person_6416,male,17,15-19,Person_6418,Person_6418,,0,,
HH_2493,Person_6417,female,26,25-29,Person_6418,Person_6418,,0,,Madrid
HH_2493,Person_6418,female,51,50-54,,,Person_6419,2,,Madrid
HH_2493,Person_6419,female,58,55-59,,,Person_6418,2,,Madrid
HH_2494,Person_6420,male,38,35-39,,,,0,Madrid,
HH_2495,Person_6421,female,19,15-19,Person_6422,Person_6422,,0,,
HH_2495,Person_6422,female,38,35-39,,,Person_6423,1,,Madrid
HH_2495,Person_6423,female,46,45-49,,,Person_6422,1,,Madrid
HH_2496,Person_6424,male,20,20-24,Person_6426,Person_6426,,0,Fuenlabrada,Parque Científico de la Universidad Carlos III de Madrid
HH_2496,Person_6425,male,29,25-29,Person_6426,Person_6426,,0,Fuenlabrada,
HH_2496,Person_6426,female,62,60-64,,,Person_6427,2,Fuenlabrada,
HH_2496,Person_6427,female,59,55-59,,,Person_6426,2,Fuenlabrada,Ford
HH_2497,Person_6428,male,27,25-29,,,,0,Madrid,
HH_2497,Person_6429,male,32,30-34,,,,0,Madrid,
HH_2498,Person_6430,male,15,15-19,Person_6432,Person_6432,,0,,
HH_2498,Person_6431,female,33,30-34,Person_6432,Person_6432,,0,,Getafe norte
HH_2498,Person_6432,male,64,60-64,,,Person_6433,2,,Madrid
HH_2498,Person_6433,male,69,65-69,,,Person_6432,2,,
HH_2499,Person_6434,female,16,15-19,Person_6437,Person_6437,,0,,
HH_2499,Person_6435,male,10,10-14,Person_6437,Person_6437,,0,,
HH_2499,Person_6436,male,23,20-24,Person_6437,Person_6437,,0,,
HH_2499,Person_6437,male,66,65-69,,,Person_6438,3,,
HH_2499,Person_6438,male,57,55-59,,,Person_6437,3,,Madrid
HH_2500,Person_6439,female,9,5-9,Person_6441,Person_6441,,0,,
HH_2500,Person_6440,female,27,25-29,Person_6441,Person_6441,,0,,
HH_2500,Person_6441,male,55,55-59,,,Person_6442,2,,Madrid
HH_2500,Person_6442,male,75,75-79,,,Person_6441,2,,
HH_2501,Person_6443,female,72,70-74,,,,0,,
HH_2502,Person_6444,male,10,10-14,Person_6446,Person_6446,,0,,
HH_2502,Person_6445,female,29,25-29,Person_6446,Person_6446,,0,,Madrid
HH_2502,Person_6446,male,60,60-64,,,Person_6447,2,,Madrid
HH_2502,Person_6447,male,54,50-54,,,Person_6446,2,,Madrid
HH_2503,Person_6448,male,32,30-34,,,,0,Madrid,
HH_2504,Person_6449,female,6,5-9,Person_6451,,,0,Getafe norte,
HH_2504,Person_6450,male,14,10-14,Person_6451,,,0,Getafe norte,
HH_2504,Person_6451,male,55,55-59,,,,2,Getafe norte,
HH_2505,Person_6452,male,4,0-4,Person_6455,Person_6455,,0,,
HH_2505,Person_6453,male,10,10-14,Person_6455,Person_6455,,0,,
HH_2505,Person_6454,female,12,10-14,Person_6455,Person_6455,,0,,guardería
HH_2505,Person_6455,male,44,40-44,,,Person_6456,3,,Madrid
HH_2505,Person_6456,male,27,25-29,,,Person_6455,3,,Getafe norte
HH_2506,Person_6457,male,11,10-14,,Person_6461,,0,,
HH_2506,Person_6458,female,19,15-19,,Person_6461,,0,,
HH_2506,Person_6459,female,4,0-4,,Person_6461,,0,,
HH_2506,Person_6460,male,2,0-4,,Person_6461,,0,,Escuela Infantil Rosa Caramelo
HH_2506,Person_6461,female,46,45-49,,,,4,,Madrid
HH_2507,Person_6462,female,65,65-69,,,,0,,
HH_2507,Person_6463,male,57,55-59,,,,0,,
HH_2508,Person_6464,female,33,30-34,Person_6465,Person_6465,,0,,
HH_2508,Person_6465,female,63,60-64,,,Person_6466,1,,Madrid
HH_2508,Person_6466,female,90,90-94,,,Person_6465,1,,
HH_2509,Person_6467,female,26,25-29,Person_6468,Person_6468,,0,Madrid,Edificio Juan Benet
HH_2509,Person_6468,female,58,55-59,,,Person_6469,1,Madrid,
HH_2509,Person_6469,female,57,55-59,,,Person_6468,1,Madrid,
HH_2510,Person_6470,male,85,85-89,,,,0,,
HH_2510,Person_6471,female,23,20-24,,,,0,,
HH_2511,Person_6472,female,50,50-54,,,,0,,Madrid
HH_2511,Person_6473,male,32,30-34,,,,0,,Madrid
HH_2511,Person_6474,male,72,70-74,,,,0,,
HH_2512,Person_6475,female,21,20-24,Person_6477,,,0,,
HH_2512,Person_6476,female,13,10-14,Person_6477,,,0,,
HH_2512,Person_6477,male,54,50-54,,,,2,,Madrid
HH_2513,Person_6478,female,21,20-24,,,,0,,Parque Científico de la Universidad Carlos III de Madrid
HH_2513,Person_6479,male,68,65-69,,,,0,,
HH_2514,Person_6480,female,69,65-69,,,,0,,
HH_2515,Person_6481,male,45,45-49,,,,0,,Madrid
HH_2516,Person_6482,male,9,5-9,,Person_6486,,0,Mostoles,
HH_2516,Person_6483,female,16,15-19,,Person_6486,,0,Mostoles,
HH_2516,Person_6484,male,15,15-19,,Person_6486,,0,Mostoles,
HH_2516,Person_6485,female,7,5-9,,Person_6486,,0,Mostoles,
HH_2516,Person_6486,female,43,40-44,,,,4,Mostoles,
HH_2517,Person_6487,female,25,25-29,,Person_6489,,0,,
HH_2517,Person_6488,male,10,10-14,,Person_6489,,0,,
HH_2517,Person_6489,female,66,65-69,,,,2,,
HH_2518,Person_6490,male,6,5-9,Person_6492,Person_6492,,0,,
HH_2518,Person_6491,male,27,25-29,Person_6492,Person_6492,,0,,Madrid
HH_2518,Person_6492,male,55,55-59,,,Person_6493,2,,Madrid
HH_2518,Person_6493,male,56,55-59,,,Person_6492,2,,Madrid
HH_2519,Person_6494,male,17,15-19,Person_6496,Person_6496,,0,Madrid,
HH_2519,Person_6495,female,27,25-29,Person_6496,Person_6496,,0,Madrid,Edificio Juan Benet
HH_2519,Person_6496,female,54,50-54,,,Person_6497,2,Madrid,Lexus Madrid Sur
HH_2519,Person_6497,female,75,75-79,,,Person_6496,2,Madrid,
HH_2520,Person_6498,male,39,35-39,,,,0,Madrid,
HH_2521,Person_6499,female,26,25-29,Person_6500,,,0,Madrid,Parque Científico de la Universidad Carlos III de Madrid
HH_2521,Person_6500,male,43,40-44,,,,1,Madrid,
HH_2522,Person_6501,male,33,30-34,,,,0,,Madrid
HH_2523,Person_6502,female,70,70-74,,,,0,,
HH_2523,Person_6503,female,82,80-84,,,,0,,
HH_2524,Person_6504,male,30,30-34,,,,0,,
HH_2525,Person_6505,female,0,0-4,Person_6507,Person_6507,,0,,
HH_2525,Person_6506,male,33,30-34,Person_6507,Person_6507,,0,,Alcorcon
HH_2525,Person_6507,male,65,65-69,,,Person_6508,2,,
HH_2525,Person_6508,male,62,60-64,,,Person_6507,2,,Madrid
HH_2526,Person_6509,female,52,50-54,,,,0,Madrid,
HH_2526,Person_6510,female,74,70-74,,,,0,Madrid,
HH_2527,Person_6511,female,40,40-44,,,,0,,Madrid
HH_2527,Person_6512,female,94,90-94,,,,0,,
HH_2528,Person_6513,female,59,55-59,Person_6514,,,0,,Madrid
HH_2528,Person_6514,male,88,85-89,,,,1,,
HH_2529,Person_6515,male,35,35-39,,,,0,Madrid,
HH_2530,Person_6516,female,81,80-84,,,,0,Fuenlabrada,
HH_2530,Person_6517,female,53,50-54,,,,0,Fuenlabrada,Lidl
HH_2531,Person_6518,male,28,25-29,,Person_6519,,0,,
HH_2531,Person_6519,female,59,55-59,,,,1,,
HH_2532,Person_6520,male,11,10-14,Person_6522,Person_6522,,0,Fuenlabrada,
HH_2532,Person_6521,male,35,35-39,Person_6522,Person_6522,,0,Fuenlabrada,
HH_2532,Person_6522,male,62,60-64,,,Person_6523,2,Fuenlabrada,
HH_2532,Person_6523,male,55,55-59,,,Person_6522,2,Fuenlabrada,
HH_2533,Person_6524,male,1,0-4,Person_6525,Person_6525,,0,,
HH_2533,Person_6525,female,29,25-29,,,Person_6526,1,,Madrid
HH_2533,Person_6526,female,26,25-29,,,Person_6525,1,,Edificio Sabatini
HH_2534,Person_6527,male,53,50-54,,,,0,,Getafe norte
HH_2535,Person_6528,male,67,65-69,,,,0,,
HH_2536,Person_6529,female,7,5-9,Person_6531,Person_6531,,0,,
HH_2536,Person_6530,male,31,30-34,Person_6531,Person_6531,,0,,Madrid
HH_2536,Person_6531,female,74,70-74,,,Person_6532,2,,
HH_2536,Person_6532,female,66,65-69,,,Person_6531,2,,
HH_2537,Person_6533,male,14,10-14,Person_6535,,,0,,
HH_2537,Person_6534,female,3,0-4,Person_6535,,,0,,
HH_2537,Person_6535,male,42,40-44,,,,2,,Madrid
HH_2538,Person_6536,male,38,35-39,,,,0,,Centro Cultural Julián Besteiro
HH_2539,Person_6537,female,86,85-89,,,,0,Madrid,
HH_2540,Person_6538,female,18,15-19,,Person_6539,,0,,
HH_2540,Person_6539,female,57,55-59,,,,1,,Madrid
HH_2541,Person_6540,female,64,60-64,,,,0,,Madrid
HH_2541,Person_6541,female,33,30-34,,,,0,,Madrid
HH_2542,Person_6542,male,17,15-19,Person_6545,Person_6545,,0,,guardería
HH_2542,Person_6543,male,21,20-24,Person_6545,Person_6545,,0,,
HH_2542,Person_6544,female,12,10-14,Person_6545,Person_6545,,0,,
HH_2542,Person_6545,female,50,50-54,,,Person_6546,3,,Madrid
HH_2542,Person_6546,female,54,50-54,,,Person_6545,3,,Madrid
HH_2543,Person_6547,female,98,95-99,,,,0,,
HH_2543,Person_6548,male,78,75-79,,,,0,,
HH_2544,Person_6549,male,28,25-29,Person_6550,Person_6550,,0,,
HH_2544,Person_6550,male,61,60-64,,,Person_6551,1,,Madrid
HH_2544,Person_6551,male,54,50-54,,,Person_6550,1,,
HH_2545,Person_6552,female,22,20-24,Person_6553,Person_6553,,0,Madrid,Biblioteca Rey Pastor
HH_2545,Person_6553,female,60,60-64,,,Person_6554,1,Madrid,
HH_2545,Person_6554,female,74,70-74,,,Person_6553,1,Madrid,
HH_2546,Person_6555,female,29,25-29,,Person_6556,,0,,Madrid
HH_2546,Person_6556,female,68,65-69,,,,1,,
HH_2547,Person_6557,female,12,10-14,Person_6558,Person_6558,,0,,
HH_2547,Person_6558,male,30,30-34,,,Person_6559,1,,Madrid
HH_2547,Person_6559,male,31,30-34,,,Person_6558,1,,Madrid
HH_2548,Person_6560,male,85,85-89,,,,0,,
HH_2548,Person_6561,female,85,85-89,,,,0,,
HH_2549,Person_6562,female,78,75-79,,,,0,,
HH_2549,Person_6563,female,18,15-19,,,,0,,Edificio Juan Benet
HH_2550,Person_6564,male,31,30-34,Person_6565,Person_6565,,0,,Madrid
HH_2550,Person_6565,female,47,45-49,,,Person_6566,1,,Getafe norte
HH_2550,Person_6566,female,40,40-44,,,Person_6565,1,,Madrid
HH_2551,Person_6567,female,18,15-19,,,,0,,Madrid
HH_2552,Person_6568,male,21,20-24,Person_6570,Person_6570,,0,REPALAB,Edificio Juan Benet
HH_2552,Person_6569,male,32,30-34,Person_6570,Person_6570,,0,REPALAB,Madrid
HH_2552,Person_6570,male,64,60-64,,,Person_6571,2,REPALAB,Madrid
HH_2552,Person_6571,male,58,55-59,,,Person_6570,2,REPALAB,Mostoles
HH_2553,Person_6572,male,71,70-74,,,,0,,
HH_2553,Person_6573,male,75,75-79,,,,0,,
HH_2554,Person_6574,male,17,15-19,Person_6576,,,0,,
HH_2554,Person_6575,male,20,20-24,Person_6576,,,0,,
HH_2554,Person_6576,male,39,35-39,,,,2,,Madrid
HH_2555,Person_6577,male,68,65-69,,,,0,Madrid,
HH_2555,Person_6578,female,29,25-29,,,,0,Madrid,Edificio Agustín de Betancourt
HH_2556,Person_6579,male,64,60-64,,,,0,,Madrid
HH_2557,Person_6580,female,8,5-9,Person_6581,Person_6581,,0,,
HH_2557,Person_6581,female,37,35-39,,,Person_6582,1,,
HH_2557,Person_6582,female,34,30-34,,,Person_6581,1,,Madrid
HH_2558,Person_6583,female,9,5-9,Person_6586,,,0,Madrid,
HH_2558,Person_6584,male,14,10-14,Person_6586,,,0,Madrid,
HH_2558,Person_6585,female,15,15-19,Person_6586,,,0,Madrid,
HH_2558,Person_6586,male,33,30-34,,,,3,Madrid,
HH_2559,Person_6587,male,53,50-54,,,,0,Mostoles,
HH_2559,Person_6588,female,70,70-74,,,,0,Mostoles,
HH_2560,Person_6589,male,51,50-54,,,,0,,Madrid
HH_2560,Person_6590,female,41,40-44,,,,0,,Madrid
HH_2560,Person_6591,female,81,80-84,,,,0,,
HH_2560,Person_6592,female,30,30-34,,,,0,,
HH_2561,Person_6593,male,19,15-19,Person_6595,Person_6595,,0,,Edificio Juan Benet
HH_2561,Person_6594,male,33,30-34,Person_6595,Person_6595,,0,,Madrid
HH_2561,Person_6595,male,58,55-59,,,Person_6596,2,,Madrid
HH_2561,Person_6596,male,53,50-54,,,Person_6595,2,,
HH_2562,Person_6597,female,6,5-9,,Person_6598,,0,,
HH_2562,Person_6598,female,21,20-24,,,,1,,Madrid
HH_2563,Person_6599,male,48,45-49,,,,0,,Madrid
HH_2563,Person_6600,male,39,35-39,,,,0,,Madrid
HH_2564,Person_6601,male,18,15-19,,,,0,,Getafe norte
HH_2564,Person_6602,male,78,75-79,,,,0,,
HH_2565,Person_6603,female,89,85-89,Person_6605,Person_6605,,0,,
HH_2565,Person_6604,female,58,55-59,Person_6605,Person_6605,,0,,Madrid
HH_2565,Person_6605,female,120,100-120,,,Person_6606,2,,
HH_2565,Person_6606,female,65,65-69,,,Person_6605,2,,
HH_2566,Person_6607,male,33,30-34,,,,0,Fuenlabrada,
HH_2566,Person_6608,female,97,95-99,,,,0,Fuenlabrada,
HH_2567,Person_6609,male,9,5-9,Person_6610,Person_6610,,0,,
HH_2567,Person_6610,male,53,50-54,,,Person_6611,1,,Getafe norte
HH_2567,Person_6611,male,48,45-49,,,Person_6610,1,,Madrid
HH_2568,Person_6612,female,18,15-19,Person_6614,Person_6614,,0,Madrid,
HH_2568,Person_6613,female,27,25-29,Person_6614,Person_6614,,0,Madrid,
HH_2568,Person_6614,female,54,50-54,,,Person_6615,2,Madrid,
HH_2568,Person_6615,female,50,50-54,,,Person_6614,2,Madrid,
HH_2569,Person_6616,male,24,20-24,,,,0,,
HH_2569,Person_6617,male,85,85-89,,,,0,,
HH_2570,Person_6618,female,68,65-69,,,,0,,
HH_2570,Person_6619,male,68,65-69,,,,0,,
HH_2571,Person_6620,female,21,20-24,Person_6621,Person_6621,,0,,Madrid
HH_2571,Person_6621,male,36,35-39,,,Person_6622,1,,Madrid
HH_2571,Person_6622,male,32,30-34,,,Person_6621,1,,Madrid
HH_2572,Person_6623,female,66,65-69,,,,0,Fuenlabrada,
HH_2573,Person_6624,female,35,35-39,,,,0,Madrid,
HH_2573,Person_6625,male,42,40-44,,,,0,Madrid,
HH_2574,Person_6626,female,91,90-94,,,,0,,
HH_2575,Person_6627,female,66,65-69,,,,0,,
HH_2576,Person_6628,female,39,35-39,,Person_6629,,0,,Alcorcon
HH_2576,Person_6629,female,55,55-59,,,,1,,Madrid
HH_2577,Person_6630,male,15,15-19,Person_6632,Person_6632,,0,,Edificio Juan de Mairena
HH_2577,Person_6631,female,27,25-29,Person_6632,Person_6632,,0,,Edificio Juan Benet
HH_2577,Person_6632,female,64,60-64,,,Person_6633,2,,Madrid
HH_2577,Person_6633,female,73,70-74,,,Person_6632,2,,
HH_2578,Person_6634,female,43,40-44,,,,0,,
HH_2578,Person_6635,male,28,25-29,,,,0,,
HH_2579,Person_6636,female,5,5-9,Person_6638,Person_6638,,0,,
HH_2579,Person_6637,male,25,25-29,Person_6638,Person_6638,,0,,Fundación IMDEA Networks
HH_2579,Person_6638,female,57,55-59,,,Person_6639,2,,Logista
HH_2579,Person_6639,female,57,55-59,,,Person_6638,2,,Madrid
HH_2580,Person_6640,female,42,40-44,,,,0,,Madrid
HH_2580,Person_6641,male,27,25-29,,,,0,,
HH_2581,Person_6642,female,3,0-4,,Person_6646,,0,Madrid,Escuela Infantil Rosa Caramelo
HH_2581,Person_6643,female,9,5-9,,Person_6646,,0,Madrid,
HH_2581,Person_6644,female,7,5-9,,Person_6646,,0,Madrid,
HH_2581,Person_6645,female,7,5-9,,Person_6646,,0,Madrid,
HH_2581,Person_6646,female,38,35-39,,,,4,Madrid,
HH_2582,Person_6647,male,84,80-84,,,,0,,
HH_2583,Person_6648,male,40,40-44,Person_6649,Person_6649,,0,,Madrid
HH_2583,Person_6649,male,76,75-79,,,Person_6650,1,,
HH_2583,Person_6650,male,42,40-44,,,Person_6649,1,,
HH_2584,Person_6651,male,15,15-19,Person_6652,Person_6652,,0,Madrid,
HH_2584,Person_6652,male,51,50-54,,,Person_6653,1,Madrid,
HH_2584,Person_6653,male,53,50-54,,,Person_6652,1,Madrid,
HH_2585,Person_6654,male,14,10-14,Person_6655,Person_6655,,0,Alcorcon,
HH_2585,Person_6655,male,47,45-49,,,Person_6656,1,Alcorcon,
HH_2585,Person_6656,male,45,45-49,,,Person_6655,1,Alcorcon,
HH_2586,Person_6657,female,12,10-14,Person_6659,Person_6659,,0,,
HH_2586,Person_6658,male,25,25-29,Person_6659,Person_6659,,0,,
HH_2586,Person_6659,female,69,65-69,,,Person_6660,2,,
HH_2586,Person_6660,female,63,60-64,,,Person_6659,2,,
HH_2587,Person_6661,female,30,30-34,,,,0,,Madrid
HH_2588,Person_6662,male,24,20-24,Person_6663,Person_6663,,0,,Edificio Sabatini
HH_2588,Person_6663,female,52,50-54,,,Person_6664,1,,Alcorcon
HH_2588,Person_6664,female,64,60-64,,,Person_6663,1,,Madrid
HH_2589,Person_6665,female,43,40-44,Person_6666,Person_6666,,0,,Fuenlabrada
HH_2589,Person_6666,female,69,65-69,,,Person_6667,1,,
HH_2589,Person_6667,female,83,80-84,,,Person_6666,1,,
HH_2590,Person_6668,male,0,0-4,Person_6670,,,0,,
HH_2590,Person_6669,male,0,0-4,Person_6670,,,0,,
HH_2590,Person_6670,male,42,40-44,,,,2,,Madrid
HH_2591,Person_6671,male,10,10-14,Person_6672,Person_6672,,0,,
HH_2591,Person_6672,female,39,35-39,,,Person_6673,1,,Fuenlabrada
HH_2591,Person_6673,female,38,35-39,,,Person_6672,1,,Getafe norte
HH_2592,Person_6674,male,55,55-59,,,,0,,Madrid
HH_2592,Person_6675,female,54,50-54,,,,0,,Fuenlabrada
HH_2593,Person_6676,female,67,65-69,,,,0,,
HH_2594,Person_6677,male,33,30-34,Person_6678,Person_6678,,0,,Madrid
HH_2594,Person_6678,male,60,60-64,,,Person_6679,1,,Madrid
HH_2594,Person_6679,male,56,55-59,,,Person_6678,1,,Madrid
HH_2595,Person_6680,female,20,20-24,Person_6682,,,0,,Madrid
HH_2595,Person_6681,male,9,5-9,Person_6682,,,0,,
HH_2595,Person_6682,male,60,60-64,,,,2,,
HH_2596,Person_6683,female,77,75-79,,,,0,Madrid,
HH_2596,Person_6684,male,18,15-19,,,,0,Madrid,
HH_2596,Person_6685,female,35,35-39,,,,0,Madrid,
HH_2597,Person_6686,female,70,70-74,,,,0,,
HH_2597,Person_6687,female,38,35-39,,,,0,,Madrid
HH_2598,Person_6688,male,14,10-14,,Person_6690,,0,,
HH_2598,Person_6689,female,3,0-4,,Person_6690,,0,,
HH_2598,Person_6690,female,54,50-54,,,,2,,Madrid
HH_2599,Person_6691,female,8,5-9,Person_6693,Person_6693,,0,,
HH_2599,Person_6692,female,30,30-34,Person_6693,Person_6693,,0,,Edificio Sabatini
HH_2599,Person_6693,male,69,65-69,,,Person_6694,2,,
HH_2599,Person_6694,male,62,60-64,,,Person_6693,2,,Fuenlabrada
HH_2600,Person_6695,male,21,20-24,,Person_6699,,0,,Madrid
HH_2600,Person_6696,male,7,5-9,,Person_6699,,0,,
HH_2600,Person_6697,female,30,30-34,,Person_6699,,0,,
HH_2600,Person_6698,female,21,20-24,,Person_6699,,0,,Parque Científico de la Universidad Carlos III de Madrid
HH_2600,Person_6699,female,48,45-49,,,,4,,Madrid
HH_2601,Person_6700,female,96,95-99,,,,0,,
HH_2601,Person_6701,male,76,75-79,,,,0,,
HH_2602,Person_6702,female,66,65-69,,,,0,,
HH_2603,Person_6703,male,43,40-44,,,,0,,Fuenlabrada
HH_2604,Person_6704,female,25,25-29,,,,0,,Madrid
HH_2605,Person_6705,male,78,75-79,,,,0,Madrid,
HH_2605,Person_6706,female,41,40-44,,,,0,Madrid,
HH_2605,Person_6707,male,63,60-64,,,,0,Madrid,
HH_2606,Person_6708,female,65,65-69,,,,0,Madrid,
HH_2607,Person_6709,male,28,25-29,,,,0,,
HH_2607,Person_6710,female,43,40-44,,,,0,,Madrid
HH_2608,Person_6711,female,73,70-74,,,,0,,
HH_2608,Person_6712,female,82,80-84,,,,0,,
HH_2609,Person_6713,male,13,10-14,Person_6714,Person_6714,,0,,
HH_2609,Person_6714,female,38,35-39,,,Person_6715,1,,Alcorcon
HH_2609,Person_6715,female,48,45-49,,,Person_6714,1,,Madrid
HH_2610,Person_6716,male,53,50-54,,,,0,Oficina de Correos,Salón del Reino de los Testigos de Jehová
HH_2611,Person_6717,female,78,75-79,,,,0,,
HH_2611,Person_6718,female,86,85-89,,,,0,,
HH_2611,Person_6719,male,87,85-89,,,,0,,
HH_2612,Person_6720,female,21,20-24,Person_6721,,,0,Madrid,
HH_2612,Person_6721,male,49,45-49,,,,1,Madrid,
HH_2613,Person_6722,female,0,0-4,Person_6723,Person_6723,,0,,
HH_2613,Person_6723,female,41,40-44,,,Person_6724,1,,Madrid
HH_2613,Person_6724,female,40,40-44,,,Person_6723,1,,
HH_2614,Person_6725,female,4,0-4,Person_6726,Person_6726,,0,Fuenlabrada,
HH_2614,Person_6726,male,44,40-44,,,Person_6727,1,Fuenlabrada,
HH_2614,Person_6727,male,48,45-49,,,Person_6726,1,Fuenlabrada,
HH_2615,Person_6728,male,62,60-64,,,,0,Getafe norte,
HH_2615,Person_6729,male,81,80-84,,,,0,Getafe norte,
HH_2615,Person_6730,female,64,60-64,,,,0,Getafe norte,
HH_2615,Person_6731,female,63,60-64,,,,0,Getafe norte,
HH_2615,Person_6732,female,42,40-44,,,,0,Getafe norte,
HH_2616,Person_6733,male,72,70-74,,,,0,,
HH_2616,Person_6734,female,76,75-79,,,,0,,
HH_2616,Person_6735,female,71,70-74,,,,0,,
HH_2616,Person_6736,male,27,25-29,,,,0,,Alcorcon
HH_2617,Person_6737,male,64,60-64,Person_6739,Person_6739,,0,,Madrid
HH_2617,Person_6738,female,26,25-29,Person_6739,Person_6739,,0,,
HH_2617,Person_6739,female,105,100-120,,,Person_6740,2,,
HH_2617,Person_6740,female,72,70-74,,,Person_6739,2,,
HH_2618,Person_6741,male,18,15-19,Person_6743,,,0,Madrid,Hospital Severo Ochoa
HH_2618,Person_6742,female,24,20-24,Person_6743,,,0,Madrid,
HH_2618,Person_6743,male,59,55-59,,,,2,Madrid,Mercedes-Benz Citycar Sur S.A.
HH_2619,Person_6744,male,95,95-99,,,,0,,
HH_2619,Person_6745,male,89,85-89,,,,0,,
HH_2620,Person_6746,male,32,30-34,,,,0,,Fuenlabrada
HH_2620,Person_6747,female,52,50-54,,,,0,,Madrid
HH_2621,Person_6748,female,4,0-4,Person_6750,Person_6750,,0,Tecnocasa,
HH_2621,Person_6749,female,33,30-34,Person_6750,Person_6750,,0,Tecnocasa,
HH_2621,Person_6750,male,64,60-64,,,Person_6751,2,Tecnocasa,Madrid
HH_2621,Person_6751,male,50,50-54,,,Person_6750,2,Tecnocasa,Madrid
HH_2622,Person_6752,female,36,35-39,,,,0,Emporiorueda,Madrid
HH_2623,Person_6753,male,19,15-19,Person_6754,Person_6754,,0,,Fundación IMDEA Networks
HH_2623,Person_6754,male,53,50-54,,,Person_6755,1,,Madrid
HH_2623,Person_6755,male,49,45-49,,,Person_6754,1,,Madrid
HH_2624,Person_6756,male,11,10-14,Person_6759,,,0,,
HH_2624,Person_6757,male,0,0-4,Person_6759,,,0,,Escuela Infantil Rosa Caramelo
HH_2624,Person_6758,female,10,10-14,Person_6759,,,0,,
HH_2624,Person_6759,male,42,40-44,,,,3,,Madrid
HH_2625,Person_6760,female,10,10-14,Person_6762,Person_6762,,0,,
HH_2625,Person_6761,male,30,30-34,Person_6762,Person_6762,,0,,Getafe norte
HH_2625,Person_6762,male,62,60-64,,,Person_6763,2,,Madrid
HH_2625,Person_6763,male,67,65-69,,,Person_6762,2,,
HH_2626,Person_6764,female,64,60-64,,,,0,,Extremadura
HH_2626,Person_6765,male,26,25-29,,,,0,,Edificio Agustín de Betancourt
HH_2626,Person_6766,male,61,60-64,,,,0,,Mostoles
HH_2627,Person_6767,male,10,10-14,Person_6768,Person_6768,,0,,
HH_2627,Person_6768,female,43,40-44,,,Person_6769,1,,Madrid
HH_2627,Person_6769,female,39,35-39,,,Person_6768,1,,Madrid
HH_2628,Person_6770,male,21,20-24,,Person_6774,,0,,
HH_2628,Person_6771,female,2,0-4,,Person_6774,,0,,
HH_2628,Person_6772,female,14,10-14,,Person_6774,,0,,
HH_2628,Person_6773,male,8,5-9,,Person_6774,,0,,
HH_2628,Person_6774,female,56,55-59,,,,4,,Madrid
HH_2629,Person_6775,male,60,60-64,,,,0,,Getafe norte
HH_2629,Person_6776,male,37,35-39,,,,0,,Mostoles
HH_2630,Person_6777,male,50,50-54,,,,0,Madrid,
HH_2631,Person_6778,male,60,60-64,,,,0,,Madrid
HH_2631,Person_6779,female,19,15-19,,,,0,,Madrid
HH_2632,Person_6780,female,22,20-24,,,,0,,Parque Científico de la Universidad Carlos III de Madrid
HH_2632,Person_6781,female,99,95-99,,,,0,,
HH_2633,Person_6782,male,25,25-29,Person_6783,Person_6783,,0,,Edificio Agustín de Betancourt
HH_2633,Person_6783,female,57,55-59,,,Person_6784,1,,Madrid
HH_2633,Person_6784,female,88,85-89,,,Person_6783,1,,
HH_2634,Person_6785,male,77,75-79,,,,0,,
HH_2635,Person_6786,female,50,50-54,,,,0,,Madrid
HH_2636,Person_6787,male,2,0-4,Person_6788,Person_6788,,0,,
HH_2636,Person_6788,male,35,35-39,,,Person_6789,1,,
HH_2636,Person_6789,male,30,30-34,,,Person_6788,1,,Edificio Juan Benet
HH_2637,Person_6790,female,71,70-74,,,,0,Fuenlabrada,
HH_2638,Person_6791,male,5,5-9,,Person_6795,,0,,
HH_2638,Person_6792,male,2,0-4,,Person_6795,,0,,
HH_2638,Person_6793,female,12,10-14,,Person_6795,,0,,
HH_2638,Person_6794,female,0,0-4,,Person_6795,,0,,
HH_2638,Person_6795,female,46,45-49,,,,4,,Madrid
HH_2639,Person_6796,female,77,75-79,,,,0,Mostoles,
HH_2639,Person_6797,female,59,55-59,,,,0,Mostoles,
HH_2640,Person_6798,female,10,10-14,,Person_6801,,0,Madrid,
HH_2640,Person_6799,female,10,10-14,,Person_6801,,0,Madrid,Edificio Octavio Paz
HH_2640,Person_6800,female,5,5-9,,Person_6801,,0,Madrid,Escuela Infantil Rosa Caramelo
HH_2640,Person_6801,female,41,40-44,,,,3,Madrid,
HH_2641,Person_6802,female,70,70-74,,,,0,Madrid,
HH_2642,Person_6803,male,47,45-49,,,,0,,Madrid
HH_2643,Person_6804,male,16,15-19,Person_6805,Person_6805,,0,,
HH_2643,Person_6805,female,41,40-44,,,Person_6806,1,,Madrid
HH_2643,Person_6806,female,48,45-49,,,Person_6805,1,,Getafe norte
HH_2644,Person_6807,male,90,90-94,,,,0,Alcorcon,
HH_2645,Person_6808,female,57,55-59,,,,0,Alcorcon,
HH_2646,Person_6809,male,63,60-64,,,,0,Madrid,
HH_2646,Person_6810,female,91,90-94,,,,0,Madrid,
HH_2647,Person_6811,male,42,40-44,,,,0,,Madrid
HH_2647,Person_6812,female,19,15-19,,,,0,,
HH_2648,Person_6813,female,57,55-59,,,,0,,Madrid
HH_2649,Person_6814,male,9,5-9,,Person_6815,,0,Fuenlabrada,
HH_2649,Person_6815,female,48,45-49,,,,1,Fuenlabrada,
HH_2650,Person_6816,female,66,65-69,,,,0,Mostoles,
HH_2650,Person_6817,female,87,85-89,,,,0,Mostoles,
HH_2651,Person_6818,male,54,50-54,,,,0,,Madrid
HH_2652,Person_6819,female,5,5-9,Person_6822,Person_6822,,0,,
HH_2652,Person_6820,male,14,10-14,Person_6822,Person_6822,,0,,
HH_2652,Person_6821,male,1,0-4,Person_6822,Person_6822,,0,,
HH_2652,Person_6822,male,40,40-44,,,Person_6823,3,,Madrid
HH_2652,Person_6823,male,36,35-39,,,Person_6822,3,,Madrid
HH_2653,Person_6824,female,44,40-44,,,,0,Viviendas de integración social Fundación F.A.D.,Madrid
HH_2653,Person_6825,male,52,50-54,,,,0,Viviendas de integración social Fundación F.A.D.,
HH_2654,Person_6826,female,78,75-79,,,,0,,
HH_2655,Person_6827,female,42,40-44,,,,0,Madrid,
HH_2655,Person_6828,male,69,65-69,,,,0,Madrid,
HH_2656,Person_6829,male,72,70-74,,,,0,,
HH_2656,Person_6830,female,72,70-74,,,,0,,
HH_2657,Person_6831,female,2,0-4,Person_6832,Person_6832,,0,,
HH_2657,Person_6832,male,32,30-34,,,Person_6833,1,,
HH_2657,Person_6833,male,33,30-34,,,Person_6832,1,,
HH_2658,Person_6834,female,40,40-44,,,,0,,Madrid
HH_2658,Person_6835,female,98,95-99,,,,0,,
HH_2659,Person_6836,male,29,25-29,,,,0,,Madrid
HH_2659,Person_6837,female,72,70-74,,,,0,,
HH_2660,Person_6838,female,82,80-84,,,,0,,
HH_2661,Person_6839,male,38,35-39,,,,0,,Madrid
HH_2661,Person_6840,female,68,65-69,,,,0,,
HH_2662,Person_6841,male,16,15-19,Person_6843,Person_6843,,0,,
HH_2662,Person_6842,female,25,25-29,Person_6843,Person_6843,,0,,Parque Científico de la Universidad Carlos III de Madrid
HH_2662,Person_6843,female,57,55-59,,,Person_6844,2,,Madrid
HH_2662,Person_6844,female,59,55-59,,,Person_6843,2,,Madrid
HH_2663,Person_6845,male,10,10-14,,Person_6847,,0,,
HH_2663,Person_6846,male,1,0-4,,Person_6847,,0,,
HH_2663,Person_6847,female,28,25-29,,,,2,,Edificio Juan Benet
HH_2664,Person_6848,female,51,50-54,,,,0,Mostoles,CompAir
HH_2664,Person_6849,male,54,50-54,,,,0,Mostoles,
HH_2664,Person_6850,male,26,25-29,,,,0,Mostoles,
HH_2664,Person_6851,female,69,65-69,,,,0,Mostoles,
HH_2665,Person_6852,male,69,65-69,,,,0,,
HH_2665,Person_6853,male,96,95-99,,,,0,,
HH_2666,Person_6854,male,56,55-59,,,,0,,Madrid
HH_2666,Person_6855,female,92,90-94,,,,0,,
HH_2667,Person_6856,female,25,25-29,,Person_6858,,0,,Madrid
HH_2667,Person_6857,female,15,15-19,,Person_6858,,0,,
HH_2667,Person_6858,female,65,65-69,,,,2,,
HH_2668,Person_6859,female,34,30-34,,,,0,,Alcorcon
HH_2668,Person_6860,female,99,95-99,,,,0,,
HH_2669,Person_6861,male,28,25-29,,,,0,,Fundación IMDEA Networks
HH_2670,Person_6862,male,24,20-24,,,,0,,Madrid
HH_2670,Person_6863,male,44,40-44,,,,0,,Madrid
HH_2670,Person_6864,male,52,50-54,,,,0,,Madrid
HH_2671,Person_6865,male,3,0-4,Person_6866,Person_6866,,0,Madrid,
HH_2671,Person_6866,female,39,35-39,,,Person_6867,1,Madrid,
HH_2671,Person_6867,female,36,35-39,,,Person_6866,1,Madrid,Ahorramás
HH_2672,Person_6868,male,15,15-19,,Person_6871,,0,Alcorcon,
HH_2672,Person_6869,male,12,10-14,,Person_6871,,0,Alcorcon,
HH_2672,Person_6870,male,4,0-4,,Person_6871,,0,Alcorcon,
HH_2672,Person_6871,female,34,30-34,,,,3,Alcorcon,
HH_2673,Person_6872,female,40,40-44,,,,0,,Madrid
HH_2674,Person_6873,male,40,40-44,,,,0,,Madrid
HH_2674,Person_6874,female,87,85-89,,,,0,,
HH_2674,Person_6875,female,44,40-44,,,,0,,Madrid
HH_2674,Person_6876,female,63,60-64,,,,0,,Fuenlabrada
HH_2674,Person_6877,male,47,45-49,,,,0,,Madrid
HH_2675,Person_6878,male,3,0-4,Person_6880,Person_6880,,0,,
HH_2675,Person_6879,male,27,25-29,Person_6880,Person_6880,,0,,Madrid
HH_2675,Person_6880,male,61,60-64,,,Person_6881,2,,
HH_2675,Person_6881,male,59,55-59,,,Person_6880,2,,Madrid
HH_2676,Person_6882,female,49,45-49,,,,0,,Getafe norte
HH_2676,Person_6883,male,66,65-69,,,,0,,
HH_2677,Person_6884,male,7,5-9,Person_6885,Person_6885,,0,Fuenlabrada,
HH_2677,Person_6885,female,39,35-39,,,Person_6886,1,Fuenlabrada,
HH_2677,Person_6886,female,37,35-39,,,Person_6885,1,Fuenlabrada,
HH_2678,Person_6887,female,89,85-89,,,,0,,
HH_2679,Person_6888,female,21,20-24,,,,0,,
HH_2679,Person_6889,male,57,55-59,,,,0,,Getafe norte
HH_2679,Person_6890,male,37,35-39,,,,0,,Madrid
HH_2680,Person_6891,male,53,50-54,,,,0,Madrid,
HH_2680,Person_6892,female,35,35-39,,,,0,Madrid,
HH_2681,Person_6893,female,42,40-44,,,,0,,Madrid
HH_2681,Person_6894,female,31,30-34,,,,0,,Madrid
HH_2681,Person_6895,male,56,55-59,,,,0,,
HH_2681,Person_6896,female,98,95-99,,,,0,,
HH_2681,Person_6897,female,26,25-29,,,,0,,
HH_2682,Person_6898,female,15,15-19,Person_6900,Person_6900,,0,Madrid,
HH_2682,Person_6899,female,35,35-39,Person_6900,Person_6900,,0,Madrid,
HH_2682,Person_6900,male,50,50-54,,,Person_6901,2,Madrid,
HH_2682,Person_6901,male,46,45-49,,,Person_6900,2,Madrid,
HH_2683,Person_6902,female,39,35-39,Person_6904,Person_6904,,0,,
HH_2683,Person_6903,male,30,30-34,Person_6904,Person_6904,,0,,Edificio Torres Quevedo
HH_2683,Person_6904,female,65,65-69,,,Person_6905,2,,
HH_2683,Person_6905,female,61,60-64,,,Person_6904,2,,Madrid
HH_2684,Person_6906,male,23,20-24,,,,0,,Suzuki
HH_2684,Person_6907,female,18,15-19,,,,0,,
HH_2684,Person_6908,male,27,25-29,,,,0,,
HH_2685,Person_6909,female,76,75-79,,,,0,Mostoles,
HH_2686,Person_6910,female,21,20-24,,,,0,,Edificio Juan Benet
HH_2686,Person_6911,female,80,80-84,,,,0,,
HH_2687,Person_6912,female,71,70-74,,,,0,Alcorcon,
HH_2688,Person_6913,male,47,45-49,,,,0,,Madrid
HH_2689,Person_6914,male,50,50-54,,,,0,,Madrid
HH_2690,Person_6915,male,90,90-94,Person_6917,Person_6917,,0,,
HH_2690,Person_6916,male,47,45-49,Person_6917,Person_6917,,0,,Hiber
HH_2690,Person_6917,female,120,100-120,,,Person_6918,2,,
HH_2690,Person_6918,female,77,75-79,,,Person_6917,2,,
HH_2691,Person_6919,female,90,90-94,,,,0,Mostoles,
HH_2691,Person_6920,male,29,25-29,,,,0,Mostoles,
HH_2691,Person_6921,female,27,25-29,,,,0,Mostoles,Edificio Torres Quevedo
HH_2692,Person_6922,male,11,10-14,Person_6926,,,0,,
HH_2692,Person_6923,male,12,10-14,Person_6926,,,0,,
HH_2692,Person_6924,female,3,0-4,Person_6926,,,0,,
HH_2692,Person_6925,male,15,15-19,Person_6926,,,0,,
HH_2692,Person_6926,male,47,45-49,,,,4,,Madrid
HH_2693,Person_6927,female,14,10-14,Person_6929,Person_6929,,0,,
HH_2693,Person_6928,male,29,25-29,Person_6929,Person_6929,,0,,Getafe norte
HH_2693,Person_6929,male,46,45-49,,,Person_6930,2,,Madrid
HH_2693,Person_6930,male,49,45-49,,,Person_6929,2,,Centro de Salud "Huerta de los Frailes"
HH_2694,Person_6931,male,5,5-9,Person_6933,Person_6933,,0,Madrid,
HH_2694,Person_6932,female,33,30-34,Person_6933,Person_6933,,0,Madrid,Lexus Madrid Sur
HH_2694,Person_6933,female,68,65-69,,,Person_6934,2,Madrid,
HH_2694,Person_6934,female,73,70-74,,,Person_6933,2,Madrid,
HH_2695,Person_6935,male,89,85-89,,,,0,,
HH_2695,Person_6936,male,93,90-94,,,,0,,
HH_2696,Person_6937,male,3,0-4,Person_6939,,,0,Madrid,Escuela Infantil Rosa Caramelo
HH_2696,Person_6938,female,7,5-9,Person_6939,,,0,Madrid,
HH_2696,Person_6939,male,36,35-39,,,,2,Madrid,
HH_2697,Person_6940,male,95,95-99,,,,0,,
HH_2697,Person_6941,male,76,75-79,,,,0,,
HH_2698,Person_6942,male,49,45-49,,Person_6943,,0,,Madrid
HH_2698,Person_6943,female,76,75-79,,,,1,,
HH_2699,Person_6944,female,17,15-19,Person_6946,Person_6946,,0,,
HH_2699,Person_6945,female,31,30-34,Person_6946,Person_6946,,0,,
HH_2699,Person_6946,male,48,45-49,,,Person_6947,2,,Madrid
HH_2699,Person_6947,male,42,40-44,,,Person_6946,2,,Madrid
HH_2700,Person_6948,male,71,70-74,,,,0,,
HH_2700,Person_6949,male,31,30-34,,,,0,,Madrid
HH_2701,Person_6950,female,16,15-19,Person_6951,,,0,Alcorcon,
HH_2701,Person_6951,male,44,40-44,,,,1,Alcorcon,
HH_2702,Person_6952,female,75,75-79,,,,0,Madrid,
HH_2703,Person_6953,female,39,35-39,Person_6954,Person_6954,,0,,Madrid
HH_2703,Person_6954,female,69,65-69,,,Person_6955,1,,
HH_2703,Person_6955,female,60,60-64,,,Person_6954,1,,Mostoles
HH_2704,Person_6956,male,22,20-24,Person_6958,Person_6958,,0,,Edificio Agustín de Betancourt
HH_2704,Person_6957,male,34,30-34,Person_6958,Person_6958,,0,,Madrid
HH_2704,Person_6958,male,65,65-69,,,Person_6959,2,,
HH_2704,Person_6959,male,46,45-49,,,Person_6958,2,,Madrid
HH_2705,Person_6960,male,19,15-19,Person_6962,Person_6962,,0,,Madrid
HH_2705,Person_6961,female,28,25-29,Person_6962,Person_6962,,0,,Madrid
HH_2705,Person_6962,male,59,55-59,,,Person_6963,2,,
HH_2705,Person_6963,male,58,55-59,,,Person_6962,2,,Madrid
HH_2706,Person_6964,male,0,0-4,Person_6967,Person_6967,,0,Fuenlabrada,
HH_2706,Person_6965,male,3,0-4,Person_6967,Person_6967,,0,Fuenlabrada,
HH_2706,Person_6966,male,7,5-9,Person_6967,Person_6967,,0,Fuenlabrada,
HH_2706,Person_6967,female,39,35-39,,,Person_6968,3,Fuenlabrada,
HH_2706,Person_6968,female,35,35-39,,,Person_6967,3,Fuenlabrada,BMW
HH_2707,Person_6969,female,23,20-24,Person_6970,,,0,,Madrid
HH_2707,Person_6970,male,41,40-44,,,,1,,Madrid
HH_2708,Person_6971,male,44,40-44,,,,0,,Madrid
HH_2708,Person_6972,male,53,50-54,,,,0,,Madrid
HH_2709,Person_6973,female,24,20-24,Person_6974,Person_6974,,0,,
HH_2709,Person_6974,male,68,65-69,,,Person_6975,1,,
HH_2709,Person_6975,male,53,50-54,,,Person_6974,1,,
HH_2710,Person_6976,female,0,0-4,Person_6977,Person_6977,,0,Extremadura,
HH_2710,Person_6977,male,29,25-29,,,Person_6978,1,Extremadura,Edificio Sabatini
HH_2710,Person_6978,male,29,25-29,,,Person_6977,1,Extremadura,Edificio Agustín de Betancourt
HH_2711,Person_6979,female,36,35-39,,,,0,,Madrid
HH_2711,Person_6980,male,75,75-79,,,,0,,
HH_2712,Person_6981,female,1,0-4,Person_6983,Person_6983,,0,,
HH_2712,Person_6982,female,29,25-29,Person_6983,Person_6983,,0,,Parque Científico de la Universidad Carlos III de Madrid
HH_2712,Person_6983,female,61,60-64,,,Person_6984,2,,
HH_2712,Person_6984,female,58,55-59,,,Person_6983,2,,Madrid
HH_2713,Person_6985,female,61,60-64,,,,0,,Madrid
HH_2714,Person_6986,male,21,20-24,Person_6988,Person_6988,,0,,Getafe norte
HH_2714,Person_6987,female,28,25-29,Person_6988,Person_6988,,0,,Madrid
HH_2714,Person_6988,male,43,40-44,,,Person_6989,2,,Madrid
HH_2714,Person_6989,male,38,35-39,,,Person_6988,2,,
HH_2715,Person_6990,male,65,65-69,,,,0,,
HH_2715,Person_6991,male,76,75-79,,,,0,,
HH_2716,Person_6992,male,58,55-59,,,,0,Alcorcon,R Pajares SA
HH_2716,Person_6993,female,80,80-84,,,,0,Alcorcon,
HH_2717,Person_6994,female,27,25-29,Person_6995,Person_6995,,0,,Biblioteca Rey Pastor
HH_2717,Person_6995,female,54,50-54,,,Person_6996,1,,Madrid
HH_2717,Person_6996,female,59,55-59,,,Person_6995,1,,Madrid
HH_2718,Person_6997,female,71,70-74,,,,0,,
HH_2719,Person_6998,male,85,85-89,,,,0,Madrid,
HH_2719,Person_6999,male,45,45-49,,,,0,Madrid,
HH_2720,Person_7000,female,47,45-49,,,,0,,Madrid
HH_2721,Person_7001,male,43,40-44,,,,0,,Madrid
HH_2721,Person_7002,male,83,80-84,,,,0,,
HH_2722,Person_7003,female,70,70-74,,,,0,Madrid,
HH_2723,Person_7004,female,0,0-4,Person_7008,,,0,,
HH_2723,Person_7005,female,2,0-4,Person_7008,,,0,,Escuela Infantil Rosa Caramelo
HH_2723,Person_7006,female,6,5-9,Person_7008,,,0,,
HH_2723,Person_7007,female,1,0-4,Person_7008,,,0,,
HH_2723,Person_7008,male,36,35-39,,,,4,,
HH_2724,Person_7009,male,10,10-14,Person_7012,Person_7012,,0,,
HH_2724,Person_7010,female,16,15-19,Person_7012,Person_7012,,0,,
HH_2724,Person_7011,female,20,20-24,Person_7012,Person_7012,,0,,Madrid
HH_2724,Person_7012,female,45,45-49,,,Person_7013,3,,Getafe norte
HH_2724,Person_7013,female,36,35-39,,,Person_7012,3,,Getafe norte
HH_2725,Person_7014,female,71,70-74,,,,0,,
HH_2726,Person_7015,female,19,15-19,,,,0,,Madrid
HH_2726,Person_7016,female,61,60-64,,,,0,,Getafe norte
HH_2727,Person_7017,male,77,75-79,,,,0,,
HH_2728,Person_7018,female,65,65-69,,,,0,Madrid,
HH_2729,Person_7019,male,50,50-54,,,,0,Fuenlabrada,
HH_2730,Person_7020,female,91,90-94,,,,0,,
HH_2730,Person_7021,female,40,40-44,,,,0,,Madrid
HH_2730,Person_7022,male,82,80-84,,,,0,,
HH_2731,Person_7023,female,35,35-39,,,,0,Madrid,Tanatorio de Leganés
HH_2731,Person_7024,male,20,20-24,,,,0,Madrid,Parque Científico de la Universidad Carlos III de Madrid
HH_2732,Person_7025,female,58,55-59,Person_7026,,,0,Fuenlabrada,
HH_2732,Person_7026,male,99,95-99,,,,1,Fuenlabrada,
HH_2733,Person_7027,female,55,55-59,,,,0,,Madrid
HH_2734,Person_7028,male,60,60-64,,,,0,,
HH_2734,Person_7029,female,62,60-64,,,,0,,Madrid
HH_2735,Person_7030,female,91,90-94,,,,0,,
HH_2735,Person_7031,male,78,75-79,,,,0,,
HH_2736,Person_7032,female,52,50-54,,,,0,Mostoles,
HH_2737,Person_7033,male,35,35-39,Person_7034,Person_7034,,0,,Madrid
HH_2737,Person_7034,male,50,50-54,,,Person_7035,1,,
HH_2737,Person_7035,male,41,40-44,,,Person_7034,1,,Madrid
HH_2738,Person_7036,male,90,90-94,,,,0,Madrid,
HH_2738,Person_7037,female,95,95-99,,,,0,Madrid,
HH_2739,Person_7038,female,19,15-19,,,,0,,Biblioteca Rey Pastor
HH_2740,Person_7039,female,0,0-4,Person_7043,,,0,,
HH_2740,Person_7040,female,10,10-14,Person_7043,,,0,,
HH_2740,Person_7041,female,6,5-9,Person_7043,,,0,,
HH_2740,Person_7042,female,10,10-14,Person_7043,,,0,,
HH_2740,Person_7043,male,41,40-44,,,,4,,Madrid
HH_2741,Person_7044,female,22,20-24,Person_7045,Person_7045,,0,,Edificio Sabatini
HH_2741,Person_7045,male,51,50-54,,,Person_7046,1,,
HH_2741,Person_7046,male,36,35-39,,,Person_7045,1,,Madrid
HH_2742,Person_7047,male,50,50-54,,,,0,,Mostoles
HH_2742,Person_7048,male,53,50-54,,,,0,,Madrid
HH_2743,Person_7049,female,52,50-54,,,,0,,Madrid
HH_2743,Person_7050,female,44,40-44,,,,0,,Getafe norte
HH_2744,Person_7051,female,83,80-84,,,,0,Madrid,
HH_2744,Person_7052,male,46,45-49,,,,0,Madrid,
HH_2745,Person_7053,female,41,40-44,,,,0,,Madrid
HH_2745,Person_7054,female,81,80-84,,,,0,,
HH_2746,Person_7055,female,40,40-44,,Person_7056,,0,,Madrid
HH_2746,Person_7056,female,66,65-69,,,,1,,
HH_2747,Person_7057,female,30,30-34,Person_7058,Person_7058,,0,Su Fruta,Biblioteca Rey Pastor
HH_2747,Person_7058,male,63,60-64,,,Person_7059,1,Su Fruta,Madrid
HH_2747,Person_7059,male,53,50-54,,,Person_7058,1,Su Fruta,Madrid
HH_2748,Person_7060,male,20,20-24,,Person_7062,,0,,
HH_2748,Person_7061,male,2,0-4,,Person_7062,,0,,Escuela Infantil Rosa Caramelo
HH_2748,Person_7062,female,47,45-49,,,,2,,Madrid
HH_2749,Person_7063,male,33,30-34,,Person_7064,,0,Madrid,
HH_2749,Person_7064,female,63,60-64,,,,1,Madrid,Auditorio
HH_2750,Person_7065,female,65,65-69,,,,0,,
HH_2751,Person_7066,male,23,20-24,Person_7068,Person_7068,,0,Madrid,Parque Científico de la Universidad Carlos III de Madrid
HH_2751,Person_7067,male,33,30-34,Person_7068,Person_7068,,0,Madrid,
HH_2751,Person_7068,female,51,50-54,,,Person_7069,2,Madrid,
HH_2751,Person_7069,female,47,45-49,,,Person_7068,2,Madrid,
HH_2752,Person_7070,male,33,30-34,Person_7071,Person_7071,,0,Mostoles,Segundo Sanz
HH_2752,Person_7071,female,66,65-69,,,Person_7072,1,Mostoles,
HH_2752,Person_7072,female,69,65-69,,,Person_7071,1,Mostoles,
HH_2753,Person_7073,female,2,0-4,Person_7077,,,0,,Escuela Infantil Rosa Caramelo
HH_2753,Person_7074,male,6,5-9,Person_7077,,,0,,
HH_2753,Person_7075,female,7,5-9,Person_7077,,,0,,
HH_2753,Person_7076,male,0,0-4,Person_7077,,,0,,Escuela Infantil Rosa Caramelo
HH_2753,Person_7077,male,36,35-39,,,,4,,Madrid
HH_2754,Person_7078,female,0,0-4,Person_7080,Person_7080,,0,,
HH_2754,Person_7079,male,28,25-29,Person_7080,Person_7080,,0,,
HH_2754,Person_7080,male,58,55-59,,,Person_7081,2,,Madrid
HH_2754,Person_7081,male,42,40-44,,,Person_7080,2,,Madrid
HH_2755,Person_7082,female,88,85-89,,,,0,Madrid,
HH_2756,Person_7083,male,40,40-44,,,,0,,Madrid
HH_2757,Person_7084,male,38,35-39,Person_7085,Person_7085,,0,Madrid,
HH_2757,Person_7085,female,78,75-79,,,Person_7086,1,Madrid,
HH_2757,Person_7086,female,69,65-69,,,Person_7085,1,Madrid,
HH_2758,Person_7087,male,52,50-54,,,,0,,Fuenlabrada
HH_2758,Person_7088,male,50,50-54,,,,0,,Madrid
HH_2759,Person_7089,female,68,65-69,Person_7090,,,0,,
HH_2759,Person_7090,male,111,100-120,,,,1,,
HH_2760,Person_7091,male,14,10-14,Person_7093,Person_7093,,0,,Escuela Infantil El Romancero
HH_2760,Person_7092,female,27,25-29,Person_7093,Person_7093,,0,,Edificio Juan Benet
HH_2760,Person_7093,female,64,60-64,,,Person_7094,2,,
HH_2760,Person_7094,female,62,60-64,,,Person_7093,2,,Madrid
HH_2761,Person_7095,female,62,60-64,,,,0,,Madrid
HH_2762,Person_7096,male,48,45-49,,,,0,,Madrid
HH_2762,Person_7097,male,36,35-39,,,,0,,Madrid
HH_2763,Person_7098,female,37,35-39,,,,0,Mostoles,
HH_2764,Person_7099,female,73,70-74,,,,0,Mostoles,
HH_2764,Person_7100,male,29,25-29,,,,0,Mostoles,Biblioteca Rey Pastor
HH_2765,Person_7101,male,7,5-9,Person_7103,Person_7103,,0,,
HH_2765,Person_7102,female,26,25-29,Person_7103,Person_7103,,0,,
HH_2765,Person_7103,female,70,70-74,,,Person_7104,2,,
HH_2765,Person_7104,female,49,45-49,,,Person_7103,2,,Madrid
HH_2766,Person_7105,female,65,65-69,,,,0,Alcorcon,
HH_2767,Person_7106,female,43,40-44,,,,0,,Madrid
HH_2767,Person_7107,male,66,65-69,,,,0,,
HH_2768,Person_7108,male,46,45-49,,,,0,,
HH_2768,Person_7109,male,38,35-39,,,,0,,
HH_2769,Person_7110,male,45,45-49,,,,0,Madrid,
HH_2770,Person_7111,male,0,0-4,Person_7113,Person_7113,,0,Fuenlabrada,Escuela Infantil Rosa Caramelo
HH_2770,Person_7112,female,35,35-39,Person_7113,Person_7113,,0,Fuenlabrada,
HH_2770,Person_7113,male,78,75-79,,,Person_7114,2,Fuenlabrada,
HH_2770,Person_7114,male,60,60-64,,,Person_7113,2,Fuenlabrada,
HH_2771,Person_7115,male,28,25-29,Person_7116,Person_7116,,0,,
HH_2771,Person_7116,female,43,40-44,,,Person_7117,1,,Madrid
HH_2771,Person_7117,female,42,40-44,,,Person_7116,1,,Getafe norte
HH_2772,Person_7118,female,65,65-69,,,,0,,
HH_2773,Person_7119,female,7,5-9,Person_7123,,,0,Madrid,
HH_2773,Person_7120,female,12,10-14,Person_7123,,,0,Madrid,
HH_2773,Person_7121,male,11,10-14,Person_7123,,,0,Madrid,
HH_2773,Person_7122,male,7,5-9,Person_7123,,,0,Madrid,
HH_2773,Person_7123,male,51,50-54,,,,4,Madrid,
HH_2774,Person_7124,male,23,20-24,Person_7126,Person_7126,,0,,Parque Científico de la Universidad Carlos III de Madrid
HH_2774,Person_7125,female,31,30-34,Person_7126,Person_7126,,0,,
HH_2774,Person_7126,male,75,75-79,,,Person_7127,2,,
HH_2774,Person_7127,male,56,55-59,,,Person_7126,2,,Madrid
HH_2775,Person_7128,male,17,15-19,Person_7129,,,0,,
HH_2775,Person_7129,male,34,30-34,,,,1,,
HH_2776,Person_7130,male,99,95-99,,,,0,,
HH_2776,Person_7131,female,89,85-89,,,,0,,
HH_2777,Person_7132,female,74,70-74,,,,0,,
HH_2778,Person_7133,female,21,20-24,,,,0,Madrid,
HH_2779,Person_7134,male,16,15-19,Person_7136,Person_7136,,0,,
HH_2779,Person_7135,female,29,25-29,Person_7136,Person_7136,,0,,Madrid
HH_2779,Person_7136,female,55,55-59,,,Person_7137,2,,Madrid
HH_2779,Person_7137,female,77,75-79,,,Person_7136,2,,
HH_2780,Person_7138,male,75,75-79,,,,0,,
HH_2780,Person_7139,female,56,55-59,,,,0,,Madrid
HH_2781,Person_7140,male,36,35-39,,,,0,,Madrid
HH_2781,Person_7141,female,91,90-94,,,,0,,
HH_2782,Person_7142,male,58,55-59,,,,0,,
HH_2782,Person_7143,female,81,80-84,,,,0,,
HH_2783,Person_7144,female,8,5-9,,Person_7148,,0,,
HH_2783,Person_7145,female,0,0-4,,Person_7148,,0,,Escuela Infantil Rosa Caramelo
HH_2783,Person_7146,male,14,10-14,,Person_7148,,0,,
HH_2783,Person_7147,male,11,10-14,,Person_7148,,0,,
HH_2783,Person_7148,female,50,50-54,,,,4,,Madrid
HH_2784,Person_7149,male,50,50-54,,,,0,Getafe norte,
HH_2784,Person_7150,female,87,85-89,,,,0,Getafe norte,
HH_2785,Person_7151,female,7,5-9,Person_7154,Person_7154,,0,Getafe norte,
HH_2785,Person_7152,male,2,0-4,Person_7154,Person_7154,,0,Getafe norte,Escuela Infantil Rosa Caramelo
HH_2785,Person_7153,male,1,0-4,Person_7154,Person_7154,,0,Getafe norte,Escuela Infantil Rosa Caramelo
HH_2785,Person_7154,male,47,45-49,,,Person_7155,3,Getafe norte,Verdecora
HH_2785,Person_7155,male,48,45-49,,,Person_7154,3,Getafe norte,
HH_2786,Person_7156,female,42,40-44,,,,0,,Madrid
HH_2787,Person_7157,male,13,10-14,Person_7158,Person_7158,,0,,
HH_2787,Person_7158,male,41,40-44,,,Person_7159,1,,
HH_2787,Person_7159,male,40,40-44,,,Person_7158,1,,Madrid
HH_2788,Person_7160,female,98,95-99,,,,0,Alcorcon,
HH_2788,Person_7161,male,66,65-69,,,,0,Alcorcon,
HH_2788,Person_7162,male,76,75-79,,,,0,Alcorcon,
HH_2789,Person_7163,male,31,30-34,Person_7164,Person_7164,,0,Madrid,
HH_2789,Person_7164,female,74,70-74,,,Person_7165,1,Madrid,
HH_2789,Person_7165,female,68,65-69,,,Person_7164,1,Madrid,
HH_2790,Person_7166,female,16,15-19,Person_7167,Person_7167,,0,Madrid,
HH_2790,Person_7167,male,50,50-54,,,Person_7168,1,Madrid,
HH_2790,Person_7168,male,37,35-39,,,Person_7167,1,Madrid,
HH_2791,Person_7169,female,72,70-74,,,,0,,
HH_2791,Person_7170,male,58,55-59,,,,0,,Madrid
HH_2792,Person_7171,male,89,85-89,,,,0,,
HH_2792,Person_7172,female,29,25-29,,,,0,,Edificio Sabatini
HH_2793,Person_7173,female,46,45-49,Person_7175,Person_7175,,0,,
HH_2793,Person_7174,female,41,40-44,Person_7175,Person_7175,,0,,Madrid
HH_2793,Person_7175,male,84,80-84,,,Person_7176,2,,
HH_2793,Person_7176,male,78,75-79,,,Person_7175,2,,
HH_2794,Person_7177,female,92,90-94,,,,0,Madrid,
HH_2794,Person_7178,male,26,25-29,,,,0,Madrid,Edificio Sabatini
HH_2795,Person_7179,female,31,30-34,Person_7181,,,0,,Madrid
HH_2795,Person_7180,female,35,35-39,Person_7181,,,0,,Extremadura
HH_2795,Person_7181,male,67,65-69,,,,2,,
HH_2796,Person_7182,female,38,35-39,Person_7184,Person_7184,,0,,
HH_2796,Person_7183,male,35,35-39,Person_7184,Person_7184,,0,,
HH_2796,Person_7184,male,68,65-69,,,Person_7185,2,,
HH_2796,Person_7185,male,58,55-59,,,Person_7184,2,,Getafe norte
HH_2797,Person_7186,male,65,65-69,,,,0,,
HH_2798,Person_7187,male,15,15-19,Person_7190,Person_7190,,0,,
HH_2798,Person_7188,male,5,5-9,Person_7190,Person_7190,,0,,
HH_2798,Person_7189,female,21,20-24,Person_7190,Person_7190,,0,,
HH_2798,Person_7190,female,62,60-64,,,Person_7191,3,,Mostoles
HH_2798,Person_7191,female,56,55-59,,,Person_7190,3,,Hyundai Cars Corea
HH_2799,Person_7192,male,19,15-19,Person_7194,Person_7194,,0,,Madrid
HH_2799,Person_7193,male,28,25-29,Person_7194,Person_7194,,0,,Madrid
HH_2799,Person_7194,female,54,50-54,,,Person_7195,2,,Madrid
HH_2799,Person_7195,female,55,55-59,,,Person_7194,2,,Madrid
HH_2800,Person_7196,male,65,65-69,,,,0,,
HH_2801,Person_7197,female,39,35-39,,,,0,,Madrid
HH_2801,Person_7198,male,22,20-24,,,,0,,Edificio Juan Benet
HH_2802,Person_7199,female,83,80-84,,,,0,,
HH_2803,Person_7200,female,7,5-9,Person_7204,,,0,,
HH_2803,Person_7201,female,1,0-4,Person_7204,,,0,,
HH_2803,Person_7202,male,14,10-14,Person_7204,,,0,,
HH_2803,Person_7203,female,5,5-9,Person_7204,,,0,,Escuela Infantil Rosa Caramelo
HH_2803,Person_7204,male,49,45-49,,,,4,,
HH_2804,Person_7205,female,13,10-14,Person_7207,Person_7207,,0,,
HH_2804,Person_7206,female,27,25-29,Person_7207,Person_7207,,0,,Parque Científico de la Universidad Carlos III de Madrid
HH_2804,Person_7207,male,56,55-59,,,Person_7208,2,,Madrid
HH_2804,Person_7208,male,86,85-89,,,Person_7207,2,,
HH_2805,Person_7209,male,32,30-34,,,,0,Madrid,Centro Cultural Julián Besteiro
HH_2805,Person_7210,female,97,95-99,,,,0,Madrid,
HH_2806,Person_7211,male,9,5-9,Person_7212,,,0,,
HH_2806,Person_7212,male,51,50-54,,,,1,,Madrid
HH_2807,Person_7213,female,52,50-54,,,,0,,Madrid
HH_2808,Person_7214,male,32,30-34,,,,0,,Madrid
HH_2809,Person_7215,male,19,15-19,,Person_7216,,0,,
HH_2809,Person_7216,female,47,45-49,,,,1,,Madrid
HH_2810,Person_7217,female,86,85-89,,,,0,Fuenlabrada,
HH_2810,Person_7218,male,21,20-24,,,,0,Fuenlabrada,Edificio Torres Quevedo
HH_2811,Person_7219,female,77,75-79,,,,0,Getafe norte,
HH_2812,Person_7220,female,52,50-54,,,,0,,Madrid
HH_2813,Person_7221,male,27,25-29,Person_7224,Person_7224,,0,,
HH_2813,Person_7222,female,35,35-39,Person_7224,Person_7224,,0,,Madrid
HH_2813,Person_7223,male,29,25-29,Person_7224,Person_7224,,0,,Madrid
HH_2813,Person_7224,female,67,65-69,,,Person_7225,3,,
HH_2813,Person_7225,female,70,70-74,,,Person_7224,3,,
HH_2814,Person_7226,female,17,15-19,Person_7228,,,0,,
HH_2814,Person_7227,female,11,10-14,Person_7228,,,0,,Edificio Octavio Paz
HH_2814,Person_7228,male,52,50-54,,,,2,,Madrid
HH_2815,Person_7229,female,9,5-9,Person_7230,,,0,,
HH_2815,Person_7230,male,43,40-44,,,,1,,Madrid
HH_2816,Person_7231,male,25,25-29,,,,0,Getafe norte,Edificio Agustín de Betancourt
HH_2816,Person_7232,female,66,65-69,,,,0,Getafe norte,
HH_2817,Person_7233,female,71,70-74,,,,0,Madrid,
HH_2818,Person_7234,female,27,25-29,,,,0,,Edificio Sabatini
HH_2818,Person_7235,female,24,20-24,,,,0,,Madrid
HH_2819,Person_7236,female,6,5-9,Person_7238,Person_7238,,0,,
HH_2819,Person_7237,male,28,25-29,Person_7238,Person_7238,,0,,
HH_2819,Person_7238,female,53,50-54,,,Person_7239,2,,Madrid
HH_2819,Person_7239,female,54,50-54,,,Person_7238,2,,
HH_2820,Person_7240,male,69,65-69,,,,0,,
HH_2820,Person_7241,female,38,35-39,,,,0,,
HH_2821,Person_7242,male,69,65-69,,,,0,,
HH_2822,Person_7243,male,22,20-24,,,,0,Madrid,
HH_2822,Person_7244,male,98,95-99,,,,0,Madrid,
HH_2822,Person_7245,female,37,35-39,,,,0,Madrid,
HH_2823,Person_7246,female,88,85-89,,,,0,,
HH_2824,Person_7247,female,30,30-34,,Person_7249,,0,,Madrid
HH_2824,Person_7248,male,33,30-34,,Person_7249,,0,,Getafe norte
HH_2824,Person_7249,female,65,65-69,,,,2,,
HH_2825,Person_7250,female,28,25-29,Person_7252,Person_7252,,0,,Getafe norte
HH_2825,Person_7251,female,31,30-34,Person_7252,Person_7252,,0,,Madrid
HH_2825,Person_7252,female,56,55-59,,,Person_7253,2,,Madrid
HH_2825,Person_7253,female,98,95-99,,,Person_7252,2,,
HH_2826,Person_7254,female,78,75-79,,,,0,,
HH_2827,Person_7255,female,63,60-64,,,,0,,
HH_2827,Person_7256,male,34,30-34,,,,0,,
HH_2827,Person_7257,male,70,70-74,,,,0,,
HH_2828,Person_7258,male,37,35-39,Person_7259,Person_7259,,0,,
HH_2828,Person_7259,female,71,70-74,,,Person_7260,1,,
HH_2828,Person_7260,female,79,75-79,,,Person_7259,1,,
HH_2829,Person_7261,male,85,85-89,,,,0,,
HH_2830,Person_7262,male,92,90-94,,,,0,,
HH_2830,Person_7263,male,50,50-54,,,,0,,Madrid
HH_2831,Person_7264,male,38,35-39,Person_7265,Person_7265,,0,,Madrid
HH_2831,Person_7265,female,54,50-54,,,Person_7266,1,,Madrid
HH_2831,Person_7266,female,42,40-44,,,Person_7265,1,,Madrid
HH_2832,Person_7267,male,85,85-89,,,,0,,
HH_2832,Person_7268,male,59,55-59,,,,0,,Madrid
HH_2833,Person_7269,female,37,35-39,,,,0,,Madrid
HH_2834,Person_7270,male,3,0-4,Person_7271,Person_7271,,0,,
HH_2834,Person_7271,female,30,30-34,,,Person_7272,1,,Edificio Sabatini
HH_2834,Person_7272,female,26,25-29,,,Person_7271,1,,
HH_2835,Person_7273,male,22,20-24,Person_7277,,,0,Getafe norte,Fundación IMDEA Networks
HH_2835,Person_7274,male,20,20-24,Person_7277,,,0,Getafe norte,Fundación IMDEA Networks
HH_2835,Person_7275,male,4,0-4,Person_7277,,,0,Getafe norte,
HH_2835,Person_7276,female,32,30-34,Person_7277,,,0,Getafe norte,
HH_2835,Person_7277,male,58,55-59,,,,4,Getafe norte,
HH_2836,Person_7278,female,18,15-19,Person_7279,Person_7279,,0,,
HH_2836,Person_7279,male,34,30-34,,,Person_7280,1,,Mostoles
HH_2836,Person_7280,male,30,30-34,,,Person_7279,1,,Edificio Torres Quevedo
HH_2837,Person_7281,male,18,15-19,,,,0,Madrid,Seher
HH_2838,Person_7282,female,69,65-69,,,,0,,
HH_2839,Person_7283,male,65,65-69,,,,0,Madrid,
HH_2840,Person_7284,male,1,0-4,Person_7286,Person_7286,,0,,
HH_2840,Person_7285,male,35,35-39,Person_7286,Person_7286,,0,,Mostoles
HH_2840,Person_7286,female,50,50-54,,,Person_7287,2,,
HH_2840,Person_7287,female,46,45-49,,,Person_7286,2,,Madrid
HH_2841,Person_7288,female,91,90-94,,Person_7289,,0,,
HH_2841,Person_7289,female,106,100-120,,,,1,,
HH_2842,Person_7290,female,64,60-64,,,,0,,Madrid
HH_2843,Person_7291,female,64,60-64,,,,0,,Madrid
HH_2843,Person_7292,female,73,70-74,,,,0,,
HH_2844,Person_7293,female,12,10-14,Person_7296,,,0,,
HH_2844,Person_7294,male,22,20-24,Person_7296,,,0,,Madrid
HH_2844,Person_7295,female,3,0-4,Person_7296,,,0,,
HH_2844,Person_7296,male,57,55-59,,,,3,,Madrid
HH_2845,Person_7297,female,36,35-39,,,,0,La Plaza Leganés,Madrid
HH_2846,Person_7298,female,62,60-64,,,,0,Madrid,
HH_2847,Person_7299,female,21,20-24,Person_7302,Person_7302,,0,,Parque Científico de la Universidad Carlos III de Madrid
HH_2847,Person_7300,male,27,25-29,Person_7302,Person_7302,,0,,
HH_2847,Person_7301,male,15,15-19,Person_7302,Person_7302,,0,,
HH_2847,Person_7302,male,42,40-44,,,Person_7303,3,,
HH_2847,Person_7303,male,32,30-34,,,Person_7302,3,,Madrid
HH_2848,Person_7304,male,41,40-44,Person_7305,Person_7305,,0,,Getafe norte
HH_2848,Person_7305,male,74,70-74,,,Person_7306,1,,
HH_2848,Person_7306,male,55,55-59,,,Person_7305,1,,Alcorcon
HH_2849,Person_7307,female,26,25-29,Person_7308,Person_7308,,0,,Fundación IMDEA Networks
HH_2849,Person_7308,male,55,55-59,,,Person_7309,1,,Madrid
HH_2849,Person_7309,male,55,55-59,,,Person_7308,1,,Madrid
HH_2850,Person_7310,female,21,20-24,,,,0,,Madrid
HH_2850,Person_7311,male,67,65-69,,,,0,,
HH_2851,Person_7312,male,36,35-39,Person_7314,,,0,,Madrid
HH_2851,Person_7313,female,36,35-39,Person_7314,,,0,,Mostoles
HH_2851,Person_7314,male,54,50-54,,,,2,,Madrid
HH_2852,Person_7315,male,65,65-69,,,,0,Madrid,
HH_2853,Person_7316,female,25,25-29,Person_7319,,,0,Madrid,Inapa
HH_2853,Person_7317,male,7,5-9,Person_7319,,,0,Madrid,guardería
HH_2853,Person_7318,female,14,10-14,Person_7319,,,0,Madrid,
HH_2853,Person_7319,male,50,50-54,,,,3,Madrid,
HH_2854,Person_7320,male,25,25-29,,,,0,Getafe norte,Edificio Torres Quevedo
HH_2855,Person_7321,female,1,0-4,,Person_7325,,0,Madrid,Escuela Infantil Rosa Caramelo
HH_2855,Person_7322,female,3,0-4,,Person_7325,,0,Madrid,
HH_2855,Person_7323,female,11,10-14,,Person_7325,,0,Madrid,
HH_2855,Person_7324,male,4,0-4,,Person_7325,,0,Madrid,
HH_2855,Person_7325,female,29,25-29,,,,4,Madrid,
HH_2856,Person_7326,female,26,25-29,,,,0,,Fundación IMDEA Networks
HH_2856,Person_7327,male,65,65-69,,,,0,,
HH_2857,Person_7328,male,34,30-34,Person_7329,Person_7329,,0,,Madrid
HH_2857,Person_7329,male,73,70-74,,,Person_7330,1,,
HH_2857,Person_7330,male,49,45-49,,,Person_7329,1,,Tapón Spain, S.L.U.
HH_2858,Person_7331,male,18,15-19,Person_7332,Person_7332,,0,,Edificio Juan Benet
HH_2858,Person_7332,female,50,50-54,,,Person_7333,1,,Madrid
HH_2858,Person_7333,female,48,45-49,,,Person_7332,1,,Madrid
HH_2859,Person_7334,male,79,75-79,,,,0,Mostoles,
HH_2859,Person_7335,female,83,80-84,,,,0,Mostoles,
HH_2860,Person_7336,female,18,15-19,,,,0,,Madrid
HH_2860,Person_7337,female,53,50-54,,,,0,,Madrid
HH_2861,Person_7338,female,72,70-74,,,,0,,
HH_2861,Person_7339,male,35,35-39,,,,0,,Madrid
HH_2862,Person_7340,male,10,10-14,Person_7341,Person_7341,,0,,
HH_2862,Person_7341,male,37,35-39,,,Person_7342,1,,Madrid
HH_2862,Person_7342,male,39,35-39,,,Person_7341,1,,Madrid
HH_2863,Person_7343,female,22,20-24,Person_7344,Person_7344,,0,,
HH_2863,Person_7344,male,47,45-49,,,Person_7345,1,,Madrid
HH_2863,Person_7345,male,47,45-49,,,Person_7344,1,,Madrid
HH_2864,Person_7346,female,58,55-59,,Person_7347,,0,,ITV Lidercon
HH_2864,Person_7347,female,90,90-94,,,,1,,
HH_2865,Person_7348,female,70,70-74,,,,0,,
HH_2865,Person_7349,male,52,50-54,,,,0,,Madrid
HH_2866,Person_7350,female,68,65-69,,,,0,,
HH_2867,Person_7351,male,45,45-49,,,,0,,Madrid
HH_2867,Person_7352,female,38,35-39,,,,0,,Madrid
HH_2867,Person_7353,female,76,75-79,,,,0,,
HH_2867,Person_7354,male,42,40-44,,,,0,,Madrid
HH_2868,Person_7355,female,39,35-39,,,,0,Mostoles,
HH_2868,Person_7356,female,86,85-89,,,,0,Mostoles,
HH_2868,Person_7357,male,45,45-49,,,,0,Mostoles,
HH_2869,Person_7358,female,17,15-19,Person_7360,Person_7360,,0,,
HH_2869,Person_7359,male,30,30-34,Person_7360,Person_7360,,0,,Edificio Juan Benet
HH_2869,Person_7360,male,59,55-59,,,Person_7361,2,,Madrid
HH_2869,Person_7361,male,52,50-54,,,Person_7360,2,,Madrid
HH_2870,Person_7362,female,50,50-54,Person_7363,,,0,,Madrid
HH_2870,Person_7363,male,82,80-84,,,,1,,
HH_2871,Person_7364,female,6,5-9,Person_7366,Person_7366,,0,,
HH_2871,Person_7365,female,25,25-29,Person_7366,Person_7366,,0,,Edificio Agustín de Betancourt
HH_2871,Person_7366,female,66,65-69,,,Person_7367,2,,
HH_2871,Person_7367,female,64,60-64,,,Person_7366,2,,Madrid
HH_2872,Person_7368,male,97,95-99,,,,0,,
HH_2872,Person_7369,female,68,65-69,,,,0,,
HH_2872,Person_7370,male,53,50-54,,,,0,,Madrid
HH_2873,Person_7371,male,64,60-64,,,,0,,Madrid
HH_2873,Person_7372,female,96,95-99,,,,0,,
HH_2874,Person_7373,male,11,10-14,Person_7375,Person_7375,,0,,
HH_2874,Person_7374,male,35,35-39,Person_7375,Person_7375,,0,,Madrid
HH_2874,Person_7375,male,78,75-79,,,Person_7376,2,,
HH_2874,Person_7376,male,57,55-59,,,Person_7375,2,,
HH_2875,Person_7377,male,69,65-69,,,,0,,
HH_2875,Person_7378,female,83,80-84,,,,0,,
HH_2876,Person_7379,female,72,70-74,,,,0,Extremadura,
HH_2877,Person_7380,male,53,50-54,,,,0,,Madrid
HH_2878,Person_7381,male,73,70-74,Person_7382,,,0,,
HH_2878,Person_7382,male,110,100-120,,,,1,,
HH_2879,Person_7383,male,25,25-29,,Person_7385,,0,Madrid,Edificio Juan Benet
HH_2879,Person_7384,female,26,25-29,,Person_7385,,0,Madrid,
HH_2879,Person_7385,female,42,40-44,,,,2,Madrid,
HH_2880,Person_7386,male,15,15-19,Person_7387,Person_7387,,0,,
HH_2880,Person_7387,female,51,50-54,,,Person_7388,1,,Madrid
HH_2880,Person_7388,female,54,50-54,,,Person_7387,1,,Madrid
HH_2881,Person_7389,male,78,75-79,,,,0,,
HH_2881,Person_7390,female,78,75-79,,,,0,,
HH_2882,Person_7391,female,65,65-69,,,,0,Mostoles,
HH_2883,Person_7392,female,75,75-79,,,,0,Getafe norte,
HH_2884,Person_7393,male,56,55-59,,,,0,,Madrid
HH_2884,Person_7394,female,24,20-24,,,,0,,
HH_2885,Person_7395,male,7,5-9,,Person_7397,,0,,
HH_2885,Person_7396,female,8,5-9,,Person_7397,,0,,Centro Ocupacional Juan Ramón Jiménez
HH_2885,Person_7397,female,34,30-34,,,,2,,Madrid
HH_2886,Person_7398,male,2,0-4,Person_7400,Person_7400,,0,Fuenlabrada,
HH_2886,Person_7399,female,34,30-34,Person_7400,Person_7400,,0,Fuenlabrada,Cervezas La Cibeles
HH_2886,Person_7400,male,52,50-54,,,Person_7401,2,Fuenlabrada,
HH_2886,Person_7401,male,49,45-49,,,Person_7400,2,Fuenlabrada,
HH_2887,Person_7402,female,0,0-4,Person_7404,Person_7404,,0,Mostoles,
HH_2887,Person_7403,female,30,30-34,Person_7404,Person_7404,,0,Mostoles,
HH_2887,Person_7404,male,63,60-64,,,Person_7405,2,Mostoles,
HH_2887,Person_7405,male,68,65-69,,,Person_7404,2,Mostoles,
HH_2888,Person_7406,female,65,65-69,,,,0,,
HH_2889,Person_7407,male,10,10-14,,Person_7411,,0,,
HH_2889,Person_7408,female,13,10-14,,Person_7411,,0,,
HH_2889,Person_7409,female,17,15-19,,Person_7411,,0,,
HH_2889,Person_7410,male,15,15-19,,Person_7411,,0,,
HH_2889,Person_7411,female,36,35-39,,,,4,,Madrid
HH_2890,Person_7412,female,31,30-34,Person_7413,Person_7413,,0,,Madrid
HH_2890,Person_7413,male,65,65-69,,,Person_7414,1,,
HH_2890,Person_7414,male,56,55-59,,,Person_7413,1,,Madrid
HH_2891,Person_7415,female,20,20-24,Person_7416,Person_7416,,0,,Edificio Juan Benet
HH_2891,Person_7416,female,55,55-59,,,Person_7417,1,,Madrid
HH_2891,Person_7417,female,56,55-59,,,Person_7416,1,,Madrid
HH_2892,Person_7418,male,69,65-69,,,,0,,
HH_2893,Person_7419,female,26,25-29,,,,0,,
HH_2894,Person_7420,male,79,75-79,,,,0,Fuenlabrada,
HH_2895,Person_7421,female,71,70-74,,,,0,,
HH_2896,Person_7422,female,18,15-19,Person_7423,Person_7423,,0,,Fundación IMDEA Networks
HH_2896,Person_7423,female,46,45-49,,,Person_7424,1,,Getafe norte
HH_2896,Person_7424,female,33,30-34,,,Person_7423,1,,Fuenlabrada
HH_2897,Person_7425,female,29,25-29,,,,0,,Madrid
HH_2898,Person_7426,female,52,50-54,,,,0,,Madrid
HH_2899,Person_7427,male,18,15-19,Person_7429,Person_7429,,0,,Edificio Agustín de Betancourt
HH_2899,Person_7428,male,30,30-34,Person_7429,Person_7429,,0,,Edificio Torres Quevedo
HH_2899,Person_7429,male,58,55-59,,,Person_7430,2,,Madrid
HH_2899,Person_7430,male,58,55-59,,,Person_7429,2,,Madrid
HH_2900,Person_7431,female,0,0-4,,Person_7435,,0,,
HH_2900,Person_7432,female,4,0-4,,Person_7435,,0,,
HH_2900,Person_7433,female,6,5-9,,Person_7435,,0,,
HH_2900,Person_7434,female,2,0-4,,Person_7435,,0,,
HH_2900,Person_7435,female,21,20-24,,,,4,,
HH_2901,Person_7436,male,0,0-4,,Person_7437,,0,,
HH_2901,Person_7437,female,34,30-34,,,,1,,Madrid
HH_2902,Person_7438,female,33,30-34,Person_7439,Person_7439,,0,,Fuenlabrada
HH_2902,Person_7439,female,60,60-64,,,Person_7440,1,,Madrid
HH_2902,Person_7440,female,78,75-79,,,Person_7439,1,,
HH_2903,Person_7441,female,0,0-4,Person_7443,Person_7443,,0,Madrid,
HH_2903,Person_7442,male,32,30-34,Person_7443,Person_7443,,0,Madrid,
HH_2903,Person_7443,male,61,60-64,,,Person_7444,2,Madrid,
HH_2903,Person_7444,male,51,50-54,,,Person_7443,2,Madrid,
HH_2904,Person_7445,male,57,55-59,,,,0,Madrid,Spik Leben
HH_2904,Person_7446,female,31,30-34,,,,0,Madrid,
HH_2905,Person_7447,female,61,60-64,,,,0,,Getafe norte
HH_2906,Person_7448,male,65,65-69,,,,0,,
HH_2907,Person_7449,female,19,15-19,Person_7452,,,0,,Edificio Juan Benet
HH_2907,Person_7450,female,8,5-9,Person_7452,,,0,,
HH_2907,Person_7451,female,12,10-14,Person_7452,,,0,,
HH_2907,Person_7452,male,56,55-59,,,,3,,
HH_2908,Person_7453,male,18,15-19,,,,0,Madrid,
HH_2909,Person_7454,male,16,15-19,Person_7455,Person_7455,,0,,Escuela Infantil El Romancero
HH_2909,Person_7455,female,41,40-44,,,Person_7456,1,,
HH_2909,Person_7456,female,43,40-44,,,Person_7455,1,,Madrid
HH_2910,Person_7457,female,3,0-4,Person_7458,Person_7458,,0,,
HH_2910,Person_7458,female,32,30-34,,,Person_7459,1,,Madrid
HH_2910,Person_7459,female,28,25-29,,,Person_7458,1,,
HH_2911,Person_7460,female,70,70-74,,,,0,,
HH_2912,Person_7461,male,38,35-39,Person_7463,Person_7463,,0,,Alcorcon
HH_2912,Person_7462,male,39,35-39,Person_7463,Person_7463,,0,,Madrid
HH_2912,Person_7463,female,87,85-89,,,Person_7464,2,,
HH_2912,Person_7464,female,78,75-79,,,Person_7463,2,,
HH_2913,Person_7465,female,20,20-24,,,,0,Madrid,
HH_2913,Person_7466,male,25,25-29,,,,0,Madrid,Edificio Torres Quevedo
HH_2914,Person_7467,female,77,75-79,,,,0,,
HH_2914,Person_7468,male,92,90-94,,,,0,,
HH_2915,Person_7469,male,22,20-24,Person_7470,Person_7470,,0,,
HH_2915,Person_7470,male,50,50-54,,,Person_7471,1,,Madrid
HH_2915,Person_7471,male,35,35-39,,,Person_7470,1,,Madrid
HH_2916,Person_7472,female,95,95-99,,,,0,,
HH_2916,Person_7473,female,50,50-54,,,,0,,Madrid
HH_2916,Person_7474,male,58,55-59,,,,0,,Madrid
HH_2917,Person_7475,male,22,20-24,Person_7477,Person_7477,,0,,Madrid
HH_2917,Person_7476,female,30,30-34,Person_7477,Person_7477,,0,,Parque Científico de la Universidad Carlos III de Madrid
HH_2917,Person_7477,male,57,55-59,,,Person_7478,2,,Madrid
HH_2917,Person_7478,male,56,55-59,,,Person_7477,2,,
HH_2918,Person_7479,male,41,40-44,,,,0,,Madrid
HH_2918,Person_7480,female,52,50-54,,,,0,,Madrid
HH_2919,Person_7481,female,7,5-9,Person_7484,Person_7484,,0,,Edificio Juan de Mairena
HH_2919,Person_7482,male,17,15-19,Person_7484,Person_7484,,0,,
HH_2919,Person_7483,male,14,10-14,Person_7484,Person_7484,,0,,
HH_2919,Person_7484,male,50,50-54,,,Person_7485,3,,Madrid
HH_2919,Person_7485,male,54,50-54,,,Person_7484,3,,Madrid
HH_2920,Person_7486,female,6,5-9,Person_7490,,,0,,
HH_2920,Person_7487,male,11,10-14,Person_7490,,,0,,
HH_2920,Person_7488,male,7,5-9,Person_7490,,,0,,
HH_2920,Person_7489,female,12,10-14,Person_7490,,,0,,
HH_2920,Person_7490,male,50,50-54,,,,4,,Madrid
HH_2921,Person_7491,female,24,20-24,Person_7494,Person_7494,,0,,Madrid
HH_2921,Person_7492,male,19,15-19,Person_7494,Person_7494,,0,,Madrid
HH_2921,Person_7493,male,21,20-24,Person_7494,Person_7494,,0,,
HH_2921,Person_7494,female,49,45-49,,,Person_7495,3,,Madrid
HH_2921,Person_7495,female,56,55-59,,,Person_7494,3,,Madrid
HH_2922,Person_7496,female,4,0-4,Person_7498,Person_7498,,0,,
HH_2922,Person_7497,male,35,35-39,Person_7498,Person_7498,,0,,Madrid
HH_2922,Person_7498,female,66,65-69,,,Person_7499,2,,
HH_2922,Person_7499,female,87,85-89,,,Person_7498,2,,
HH_2923,Person_7500,female,38,35-39,,,,0,,Madrid
HH_2923,Person_7501,female,87,85-89,,,,0,,
HH_2924,Person_7502,female,85,85-89,,,,0,,
HH_2925,Person_7503,male,23,20-24,Person_7505,Person_7505,,0,,Madrid
HH_2925,Person_7504,female,31,30-34,Person_7505,Person_7505,,0,,Madrid
HH_2925,Person_7505,female,64,60-64,,,Person_7506,2,,Madrid
HH_2925,Person_7506,female,59,55-59,,,Person_7505,2,,
HH_2926,Person_7507,male,99,95-99,,,,0,Mostoles,
HH_2926,Person_7508,male,44,40-44,,,,0,Mostoles,Volkswagen Ardasa 2000
HH_2927,Person_7509,male,42,40-44,,,,0,,Mostoles
HH_2927,Person_7510,female,25,25-29,,,,0,,Fundación IMDEA Networks
HH_2928,Person_7511,female,4,0-4,Person_7513,Person_7513,,0,Fuenlabrada,
HH_2928,Person_7512,male,31,30-34,Person_7513,Person_7513,,0,Fuenlabrada,
HH_2928,Person_7513,male,65,65-69,,,Person_7514,2,Fuenlabrada,
HH_2928,Person_7514,male,87,85-89,,,Person_7513,2,Fuenlabrada,
HH_2929,Person_7515,female,94,90-94,,,,0,Madrid,
HH_2929,Person_7516,male,96,95-99,,,,0,Madrid,
HH_2930,Person_7517,female,36,35-39,Person_7518,Person_7518,,0,,Alcorcon
HH_2930,Person_7518,male,64,60-64,,,Person_7519,1,,Madrid
HH_2930,Person_7519,male,59,55-59,,,Person_7518,1,,Madrid
HH_2931,Person_7520,female,2,0-4,Person_7522,Person_7522,,0,Madrid,
HH_2931,Person_7521,female,33,30-34,Person_7522,Person_7522,,0,Madrid,
HH_2931,Person_7522,female,64,60-64,,,Person_7523,2,Madrid,
HH_2931,Person_7523,female,74,70-74,,,Person_7522,2,Madrid,
HH_2932,Person_7524,female,81,80-84,,,,0,,
HH_2932,Person_7525,male,29,25-29,,,,0,,Edificio Torres Quevedo
HH_2933,Person_7526,female,4,0-4,Person_7528,Person_7528,,0,,
HH_2933,Person_7527,male,35,35-39,Person_7528,Person_7528,,0,,
HH_2933,Person_7528,female,65,65-69,,,Person_7529,2,,
HH_2933,Person_7529,female,84,80-84,,,Person_7528,2,,
HH_2934,Person_7530,female,76,75-79,,,,0,,
HH_2934,Person_7531,male,45,45-49,,,,0,,Madrid
HH_2935,Person_7532,male,15,15-19,,Person_7533,,0,,
HH_2935,Person_7533,female,57,55-59,,,,1,,Madrid
HH_2936,Person_7534,female,80,80-84,,,,0,,
HH_2937,Person_7535,male,1,0-4,,Person_7537,,0,Madrid,Escuela Infantil Rosa Caramelo
HH_2937,Person_7536,female,4,0-4,,Person_7537,,0,Madrid,
HH_2937,Person_7537,female,47,45-49,,,,2,Madrid,
HH_2938,Person_7538,male,11,10-14,Person_7541,Person_7541,,0,Mostoles,
HH_2938,Person_7539,female,20,20-24,Person_7541,Person_7541,,0,Mostoles,
HH_2938,Person_7540,male,10,10-14,Person_7541,Person_7541,,0,Mostoles,
HH_2938,Person_7541,male,48,45-49,,,Person_7542,3,Mostoles,
HH_2938,Person_7542,male,30,30-34,,,Person_7541,3,Mostoles,Biblioteca Rey Pastor
HH_2939,Person_7543,male,25,25-29,Person_7544,Person_7544,,0,,Biblioteca Rey Pastor
HH_2939,Person_7544,male,55,55-59,,,Person_7545,1,,Madrid
HH_2939,Person_7545,male,53,50-54,,,Person_7544,1,,Madrid
HH_2940,Person_7546,male,10,10-14,Person_7549,Person_7549,,0,Getafe norte,
HH_2940,Person_7547,male,4,0-4,Person_7549,Person_7549,,0,Getafe norte,
HH_2940,Person_7548,male,3,0-4,Person_7549,Person_7549,,0,Getafe norte,
HH_2940,Person_7549,male,53,50-54,,,Person_7550,3,Getafe norte,
HH_2940,Person_7550,male,46,45-49,,,Person_7549,3,Getafe norte,
HH_2941,Person_7551,female,29,25-29,Person_7552,,,0,,Alcorcon
HH_2941,Person_7552,male,60,60-64,,,,1,,Madrid
HH_2942,Person_7553,female,83,80-84,,,,0,,
HH_2942,Person_7554,female,56,55-59,,,,0,,Madrid
HH_2942,Person_7555,female,49,45-49,,,,0,,Madrid
HH_2942,Person_7556,female,49,45-49,,,,0,,Fuenlabrada
HH_2943,Person_7557,male,99,95-99,,,,0,,
HH_2943,Person_7558,male,55,55-59,,,,0,,Madrid
HH_2943,Person_7559,male,73,70-74,,,,0,,
HH_2943,Person_7560,male,83,80-84,,,,0,,
HH_2943,Person_7561,male,60,60-64,,,,0,,Madrid
HH_2944,Person_7562,male,23,20-24,,,,0,Madrid,
HH_2944,Person_7563,female,32,30-34,,,,0,Madrid,
HH_2945,Person_7564,female,52,50-54,,,,0,,Madrid
HH_2945,Person_7565,male,73,70-74,,,,0,,
HH_2946,Person_7566,female,10,10-14,Person_7570,,,0,,Escuela Infantil El Romancero
HH_2946,Person_7567,female,14,10-14,Person_7570,,,0,,
HH_2946,Person_7568,male,11,10-14,Person_7570,,,0,,
HH_2946,Person_7569,male,15,15-19,Person_7570,,,0,,
HH_2946,Person_7570,male,44,40-44,,,,4,,Madrid
HH_2947,Person_7571,male,27,25-29,,,,0,,
HH_2948,Person_7572,male,38,35-39,Person_7573,,,0,,Madrid
HH_2948,Person_7573,male,79,75-79,,,,1,,
HH_2949,Person_7574,female,34,30-34,Person_7575,,,0,,Extremadura
HH_2949,Person_7575,male,64,60-64,,,,1,,Madrid
HH_2950,Person_7576,male,3,0-4,Person_7577,Person_7577,,0,,Escuela Infantil Rosa Caramelo
HH_2950,Person_7577,female,32,30-34,,,Person_7578,1,,Madrid
HH_2950,Person_7578,female,33,30-34,,,Person_7577,1,,Madrid
HH_2951,Person_7579,female,83,80-84,,,,0,Alcorcon,
HH_2951,Person_7580,male,93,90-94,,,,0,Alcorcon,
HH_2952,Person_7581,female,3,0-4,Person_7583,Person_7583,,0,,
HH_2952,Person_7582,male,30,30-34,Person_7583,Person_7583,,0,,Parque Científico de la Universidad Carlos III de Madrid
HH_2952,Person_7583,female,57,55-59,,,Person_7584,2,,Madrid
HH_2952,Person_7584,female,34,30-34,,,Person_7583,2,,Madrid
HH_2953,Person_7585,female,22,20-24,Person_7586,Person_7586,,0,,Madrid
HH_2953,Person_7586,male,66,65-69,,,Person_7587,1,,
HH_2953,Person_7587,male,72,70-74,,,Person_7586,1,,
HH_2954,Person_7588,male,25,25-29,Person_7589,Person_7589,,0,,Madrid
HH_2954,Person_7589,male,50,50-54,,,Person_7590,1,,
HH_2954,Person_7590,male,46,45-49,,,Person_7589,1,,Madrid
HH_2955,Person_7591,male,20,20-24,Person_7595,,,0,,Fundación IMDEA Networks
HH_2955,Person_7592,male,24,20-24,Person_7595,,,0,,Madrid
HH_2955,Person_7593,male,24,20-24,Person_7595,,,0,,
HH_2955,Person_7594,male,6,5-9,Person_7595,,,0,,
HH_2955,Person_7595,male,54,50-54,,,,4,,Madrid
HH_2956,Person_7596,female,35,35-39,,,,0,,Madrid
HH_2956,Person_7597,female,87,85-89,,,,0,,
HH_2957,Person_7598,female,51,50-54,,,,0,Madrid,
HH_2957,Person_7599,female,29,25-29,,,,0,Madrid,
HH_2958,Person_7600,female,87,85-89,,,,0,,
HH_2959,Person_7601,male,65,65-69,,,,0,,
HH_2960,Person_7602,female,23,20-24,Person_7603,Person_7603,,0,,Edificio Torres Quevedo
HH_2960,Person_7603,female,56,55-59,,,Person_7604,1,,Madrid
HH_2960,Person_7604,female,60,60-64,,,Person_7603,1,,
HH_2961,Person_7605,male,31,30-34,,,,0,Madrid,
HH_2961,Person_7606,female,69,65-69,,,,0,Madrid,
HH_2962,Person_7607,female,42,40-44,Person_7608,,,0,,Madrid
HH_2962,Person_7608,male,56,55-59,,,,1,,Madrid
HH_2963,Person_7609,male,55,55-59,,,,0,,Madrid
HH_2964,Person_7610,male,90,90-94,,,,0,,
HH_2964,Person_7611,male,92,90-94,,,,0,,
HH_2965,Person_7612,male,50,50-54,,,,0,,Fuenlabrada
HH_2965,Person_7613,female,53,50-54,,,,0,,Madrid
HH_2966,Person_7614,female,18,15-19,Person_7616,,,0,Madrid,Parque Científico de la Universidad Carlos III de Madrid
HH_2966,Person_7615,female,3,0-4,Person_7616,,,0,Madrid,
HH_2966,Person_7616,male,49,45-49,,,,2,Madrid,
HH_2967,Person_7617,male,17,15-19,Person_7621,,,0,Madrid,
HH_2967,Person_7618,male,1,0-4,Person_7621,,,0,Madrid,
HH_2967,Person_7619,male,0,0-4,Person_7621,,,0,Madrid,
HH_2967,Person_7620,female,26,25-29,Person_7621,,,0,Madrid,Biblioteca Rey Pastor
HH_2967,Person_7621,male,43,40-44,,,,4,Madrid,
HH_2968,Person_7622,female,15,15-19,Person_7624,Person_7624,,0,Madrid,
HH_2968,Person_7623,female,33,30-34,Person_7624,Person_7624,,0,Madrid,
HH_2968,Person_7624,male,69,65-69,,,Person_7625,2,Madrid,
HH_2968,Person_7625,male,53,50-54,,,Person_7624,2,Madrid,
HH_2969,Person_7626,female,71,70-74,,,,0,,
HH_2970,Person_7627,male,16,15-19,Person_7628,Person_7628,,0,Alcorcon,
HH_2970,Person_7628,female,43,40-44,,,Person_7629,1,Alcorcon,
HH_2970,Person_7629,female,36,35-39,,,Person_7628,1,Alcorcon,
HH_2971,Person_7630,female,77,75-79,,,,0,,
HH_2972,Person_7631,female,27,25-29,Person_7632,Person_7632,,0,,Edificio Agustín de Betancourt
HH_2972,Person_7632,female,56,55-59,,,Person_7633,1,,Madrid
HH_2972,Person_7633,female,71,70-74,,,Person_7632,1,,
HH_2973,Person_7634,male,85,85-89,,,,0,Getafe norte,
HH_2973,Person_7635,male,69,65-69,,,,0,Getafe norte,
HH_2974,Person_7636,female,40,40-44,,,,0,,Madrid
HH_2974,Person_7637,female,87,85-89,,,,0,,
HH_2975,Person_7638,female,30,30-34,,,,0,,
HH_2975,Person_7639,female,26,25-29,,,,0,,Madrid
HH_2976,Person_7640,female,65,65-69,,,,0,,
HH_2977,Person_7641,female,20,20-24,Person_7643,Person_7643,,0,,Madrid
HH_2977,Person_7642,female,30,30-34,Person_7643,Person_7643,,0,,Fundación IMDEA Networks
HH_2977,Person_7643,female,48,45-49,,,Person_7644,2,,Mostoles
HH_2977,Person_7644,female,46,45-49,,,Person_7643,2,,Madrid
HH_2978,Person_7645,female,18,15-19,Person_7648,,,0,,Fundación IMDEA Networks
HH_2978,Person_7646,male,3,0-4,Person_7648,,,0,,Escuela Infantil Rosa Caramelo
HH_2978,Person_7647,female,22,20-24,Person_7648,,,0,,Edificio Juan Benet
HH_2978,Person_7648,male,39,35-39,,,,3,,Madrid
HH_2979,Person_7649,male,22,20-24,,Person_7653,,0,Madrid,Edificio Torres Quevedo
HH_2979,Person_7650,male,11,10-14,,Person_7653,,0,Madrid,
HH_2979,Person_7651,male,14,10-14,,Person_7653,,0,Madrid,
HH_2979,Person_7652,male,9,5-9,,Person_7653,,0,Madrid,
HH_2979,Person_7653,female,56,55-59,,,,4,Madrid,
HH_2980,Person_7654,male,16,15-19,Person_7656,Person_7656,,0,Madrid,
HH_2980,Person_7655,male,27,25-29,Person_7656,Person_7656,,0,Madrid,
HH_2980,Person_7656,female,67,65-69,,,Person_7657,2,Madrid,
HH_2980,Person_7657,female,81,80-84,,,Person_7656,2,Madrid,
HH_2981,Person_7658,female,11,10-14,Person_7661,Person_7661,,0,,
HH_2981,Person_7659,female,4,0-4,Person_7661,Person_7661,,0,,
HH_2981,Person_7660,male,3,0-4,Person_7661,Person_7661,,0,,
HH_2981,Person_7661,female,33,30-34,,,Person_7662,3,,Madrid
HH_2981,Person_7662,female,39,35-39,,,Person_7661,3,,
HH_2982,Person_7663,female,20,20-24,Person_7667,,,0,,Fundación IMDEA Networks
HH_2982,Person_7664,female,23,20-24,Person_7667,,,0,,
HH_2982,Person_7665,female,16,15-19,Person_7667,,,0,,
HH_2982,Person_7666,female,4,0-4,Person_7667,,,0,,
HH_2982,Person_7667,male,57,55-59,,,,4,,Madrid
HH_2983,Person_7668,female,38,35-39,Person_7669,Person_7669,,0,,Alcorcon
HH_2983,Person_7669,female,74,70-74,,,Person_7670,1,,
HH_2983,Person_7670,female,75,75-79,,,Person_7669,1,,
HH_2984,Person_7671,female,13,10-14,,Person_7672,,0,Madrid,
HH_2984,Person_7672,female,44,40-44,,,,1,Madrid,
HH_2985,Person_7673,female,76,75-79,,,,0,,
HH_2986,Person_7674,female,91,90-94,,,,0,Alcorcon,
HH_2986,Person_7675,male,64,60-64,,,,0,Alcorcon,
HH_2987,Person_7676,female,12,10-14,Person_7677,Person_7677,,0,,
HH_2987,Person_7677,female,27,25-29,,,Person_7678,1,,Fundación IMDEA Networks
HH_2987,Person_7678,female,34,30-34,,,Person_7677,1,,
HH_2988,Person_7679,male,5,5-9,,Person_7682,,0,,
HH_2988,Person_7680,male,15,15-19,,Person_7682,,0,,
HH_2988,Person_7681,female,2,0-4,,Person_7682,,0,,
HH_2988,Person_7682,female,40,40-44,,,,3,,Madrid
HH_2989,Person_7683,female,24,20-24,Person_7687,,,0,Madrid,
HH_2989,Person_7684,female,6,5-9,Person_7687,,,0,Madrid,
HH_2989,Person_7685,female,10,10-14,Person_7687,,,0,Madrid,
HH_2989,Person_7686,female,15,15-19,Person_7687,,,0,Madrid,
HH_2989,Person_7687,male,52,50-54,,,,4,Madrid,
HH_2990,Person_7688,female,7,5-9,Person_7690,Person_7690,,0,,
HH_2990,Person_7689,female,27,25-29,Person_7690,Person_7690,,0,,Parque Científico de la Universidad Carlos III de Madrid
HH_2990,Person_7690,female,59,55-59,,,Person_7691,2,,Madrid
HH_2990,Person_7691,female,50,50-54,,,Person_7690,2,,
HH_2991,Person_7692,male,2,0-4,Person_7693,Person_7693,,0,,
HH_2991,Person_7693,female,21,20-24,,,Person_7694,1,,Edificio Torres Quevedo
HH_2991,Person_7694,female,33,30-34,,,Person_7693,1,,Madrid
HH_2992,Person_7695,female,16,15-19,Person_7697,Person_7697,,0,Madrid,Escuela Municipal de Música Manuel Rodríguez Sales
HH_2992,Person_7696,female,28,25-29,Person_7697,Person_7697,,0,Madrid,
HH_2992,Person_7697,male,60,60-64,,,Person_7698,2,Madrid,
HH_2992,Person_7698,male,78,75-79,,,Person_7697,2,Madrid,
HH_2993,Person_7699,male,18,15-19,,Person_7703,,0,,Biblioteca Rey Pastor
HH_2993,Person_7700,female,15,15-19,,Person_7703,,0,,
HH_2993,Person_7701,female,28,25-29,,Person_7703,,0,,Edificio Sabatini
HH_2993,Person_7702,female,14,10-14,,Person_7703,,0,,
HH_2993,Person_7703,female,45,45-49,,,,4,,Madrid
HH_2994,Person_7704,female,50,50-54,,,,0,Fuenlabrada,
HH_2994,Person_7705,female,26,25-29,,,,0,Fuenlabrada,Edificio Juan Benet
HH_2994,Person_7706,male,98,95-99,,,,0,Fuenlabrada,
HH_2995,Person_7707,male,63,60-64,,,,0,,Madrid
HH_2996,Person_7708,female,33,30-34,,Person_7710,,0,,Madrid
HH_2996,Person_7709,male,36,35-39,,Person_7710,,0,,Mostoles
HH_2996,Person_7710,female,67,65-69,,,,2,,
HH_2997,Person_7711,female,19,15-19,Person_7714,Person_7714,,0,Mostoles,
HH_2997,Person_7712,female,16,15-19,Person_7714,Person_7714,,0,Mostoles,
HH_2997,Person_7713,male,4,0-4,Person_7714,Person_7714,,0,Mostoles,
HH_2997,Person_7714,female,48,45-49,,,Person_7715,3,Mostoles,
HH_2997,Person_7715,female,59,55-59,,,Person_7714,3,Mostoles,
HH_2998,Person_7716,female,30,30-34,,,,0,Madrid,
HH_2998,Person_7717,female,37,35-39,,,,0,Madrid,Azulejos Hermanos Herrero SL
HH_2998,Person_7718,male,82,80-84,,,,0,Madrid,
HH_2999,Person_7719,male,0,0-4,Person_7722,Person_7722,,0,Alcorcon,
HH_2999,Person_7720,female,4,0-4,Person_7722,Person_7722,,0,Alcorcon,
HH_2999,Person_7721,female,5,5-9,Person_7722,Person_7722,,0,Alcorcon,
HH_2999,Person_7722,female,39,35-39,,,Person_7723,3,Alcorcon,
HH_2999,Person_7723,female,59,55-59,,,Person_7722,3,Alcorcon,
HH_3000,Person_7724,male,24,20-24,,,,0,,Madrid
HH_3000,Person_7725,female,27,25-29,,,,0,,Edificio Torres Quevedo
HH_3001,Person_7726,female,19,15-19,,Person_7729,,0,,Edificio Torres Quevedo
HH_3001,Person_7727,female,22,20-24,,Person_7729,,0,,
HH_3001,Person_7728,female,1,0-4,,Person_7729,,0,,
HH_3001,Person_7729,female,53,50-54,,,,3,,
HH_3002,Person_7730,male,21,20-24,,Person_7733,,0,,Madrid
HH_3002,Person_7731,female,26,25-29,,Person_7733,,0,,Madrid
HH_3002,Person_7732,female,18,15-19,,Person_7733,,0,,
HH_3002,Person_7733,female,53,50-54,,,,3,,Madrid
HH_3003,Person_7734,male,34,30-34,,,,0,,Madrid
HH_3003,Person_7735,female,44,40-44,,,,0,,Madrid
HH_3004,Person_7736,female,70,70-74,,,,0,,
HH_3005,Person_7737,male,24,20-24,Person_7738,,,0,,
HH_3005,Person_7738,male,49,45-49,,,,1,,Madrid
HH_3006,Person_7739,male,22,20-24,,,,0,,
HH_3006,Person_7740,male,27,25-29,,,,0,,Madrid
HH_3006,Person_7741,male,44,40-44,,,,0,,Madrid
HH_3007,Person_7742,female,19,15-19,,,,0,,Madrid
HH_3007,Person_7743,male,66,65-69,,,,0,,
HH_3008,Person_7744,female,34,30-34,,,,0,Madrid,
HH_3008,Person_7745,male,95,95-99,,,,0,Madrid,
HH_3009,Person_7746,male,45,45-49,,,,0,Mostoles,
HH_3009,Person_7747,female,38,35-39,,,,0,Mostoles,
HH_3010,Person_7748,female,40,40-44,,,,0,Alcorcon,
HH_3011,Person_7749,female,1,0-4,Person_7750,Person_7750,,0,,Escuela Infantil Rosa Caramelo
HH_3011,Person_7750,male,33,30-34,,,Person_7751,1,,
HH_3011,Person_7751,male,31,30-34,,,Person_7750,1,,Madrid
HH_3012,Person_7752,female,96,95-99,,,,0,,
HH_3012,Person_7753,female,91,90-94,,,,0,,
HH_3013,Person_7754,female,25,25-29,Person_7755,,,0,Madrid,Parque Científico de la Universidad Carlos III de Madrid
HH_3013,Person_7755,male,53,50-54,,,,1,Madrid,
HH_3014,Person_7756,male,58,55-59,,,,0,Mostoles,Derry Irish Tavern
HH_3014,Person_7757,male,27,25-29,,,,0,Mostoles,Edificio Sabatini
HH_3014,Person_7758,female,21,20-24,,,,0,Mostoles,
HH_3015,Person_7759,female,80,80-84,,,,0,,
HH_3015,Person_7760,male,87,85-89,,,,0,,
HH_3016,Person_7761,female,79,75-79,,,,0,,
HH_3016,Person_7762,female,84,80-84,,,,0,,
HH_3016,Person_7763,male,83,80-84,,,,0,,
HH_3016,Person_7764,female,23,20-24,,,,0,,Madrid
HH_3017,Person_7765,female,18,15-19,,,,0,,Madrid
HH_3018,Person_7766,female,74,70-74,,,,0,,
HH_3018,Person_7767,female,53,50-54,,,,0,,Madrid
HH_3019,Person_7768,female,37,35-39,,,,0,Mostoles,
HH_3019,Person_7769,male,89,85-89,,,,0,Mostoles,
HH_3019,Person_7770,male,33,30-34,,,,0,Mostoles,
HH_3020,Person_7771,male,22,20-24,,Person_7774,,0,,Madrid
HH_3020,Person_7772,female,23,20-24,,Person_7774,,0,,Madrid
HH_3020,Person_7773,female,11,10-14,,Person_7774,,0,,
HH_3020,Person_7774,female,55,55-59,,,,3,,Madrid
HH_3021,Person_7775,male,26,25-29,Person_7777,Person_7777,,0,,
HH_3021,Person_7776,male,25,25-29,Person_7777,Person_7777,,0,,Edificio Agustín de Betancourt
HH_3021,Person_7777,male,51,50-54,,,Person_7778,2,,Madrid
HH_3021,Person_7778,male,46,45-49,,,Person_7777,2,,Madrid
HH_3022,Person_7779,female,71,70-74,,,,0,Alcorcon,
HH_3023,Person_7780,female,45,45-49,,,,0,,Madrid
HH_3023,Person_7781,female,64,60-64,,,,0,,Getafe norte
HH_3023,Person_7782,female,52,50-54,,,,0,,Fuenlabrada
HH_3023,Person_7783,female,51,50-54,,,,0,,Madrid
HH_3024,Person_7784,female,74,70-74,,,,0,,
HH_3025,Person_7785,female,68,65-69,,,,0,,
HH_3026,Person_7786,female,35,35-39,Person_7787,Person_7787,,0,,Madrid
HH_3026,Person_7787,female,60,60-64,,,Person_7788,1,,Madrid
HH_3026,Person_7788,female,76,75-79,,,Person_7787,1,,
HH_3027,Person_7789,female,74,70-74,,,,0,,
HH_3027,Person_7790,male,94,90-94,,,,0,,
HH_3028,Person_7791,female,20,20-24,Person_7793,Person_7793,,0,Madrid,
HH_3028,Person_7792,male,26,25-29,Person_7793,Person_7793,,0,Madrid,
HH_3028,Person_7793,male,57,55-59,,,Person_7794,2,Madrid,
HH_3028,Person_7794,male,35,35-39,,,Person_7793,2,Madrid,
HH_3029,Person_7795,female,87,85-89,,,,0,,
HH_3030,Person_7796,female,77,75-79,,,,0,,
HH_3030,Person_7797,female,70,70-74,,,,0,,
HH_3031,Person_7798,female,57,55-59,,,,0,,Madrid
HH_3031,Person_7799,female,40,40-44,,,,0,,Getafe norte
HH_3032,Person_7800,male,74,70-74,,,,0,,
HH_3032,Person_7801,female,44,40-44,,,,0,,Madrid
HH_3033,Person_7802,male,7,5-9,Person_7805,Person_7805,,0,,guardería
HH_3033,Person_7803,male,11,10-14,Person_7805,Person_7805,,0,,
HH_3033,Person_7804,male,1,0-4,Person_7805,Person_7805,,0,,
HH_3033,Person_7805,female,50,50-54,,,Person_7806,3,,Madrid
HH_3033,Person_7806,female,74,70-74,,,Person_7805,3,,
HH_3034,Person_7807,male,24,20-24,Person_7809,Person_7809,,0,,Edificio Torres Quevedo
HH_3034,Person_7808,male,29,25-29,Person_7809,Person_7809,,0,,
HH_3034,Person_7809,female,46,45-49,,,Person_7810,2,,Madrid
HH_3034,Person_7810,female,46,45-49,,,Person_7809,2,,Madrid
HH_3035,Person_7811,female,99,95-99,,,,0,,
HH_3035,Person_7812,female,29,25-29,,,,0,,
HH_3036,Person_7813,female,67,65-69,,,,0,Madrid,
HH_3036,Person_7814,male,74,70-74,,,,0,Madrid,
HH_3037,Person_7815,male,87,85-89,,,,0,Alcorcon,
HH_3037,Person_7816,male,67,65-69,,,,0,Alcorcon,
HH_3038,Person_7817,female,54,50-54,,,,0,Fuenlabrada,
HH_3039,Person_7818,female,17,15-19,Person_7820,Person_7820,,0,,
HH_3039,Person_7819,male,34,30-34,Person_7820,Person_7820,,0,,Madrid
HH_3039,Person_7820,male,61,60-64,,,Person_7821,2,,Madrid
HH_3039,Person_7821,male,77,75-79,,,Person_7820,2,,
HH_3040,Person_7822,male,18,15-19,,Person_7825,,0,,Edificio Sabatini
HH_3040,Person_7823,female,0,0-4,,Person_7825,,0,,Escuela Infantil Rosa Caramelo
HH_3040,Person_7824,male,9,5-9,,Person_7825,,0,,
HH_3040,Person_7825,female,49,45-49,,,,3,,Madrid
HH_3041,Person_7826,male,71,70-74,,,,0,Getafe norte,
HH_3041,Person_7827,female,48,45-49,,,,0,Getafe norte,
HH_3042,Person_7828,female,14,10-14,Person_7830,Person_7830,,0,,
HH_3042,Person_7829,female,28,25-29,Person_7830,Person_7830,,0,,Madrid
HH_3042,Person_7830,female,60,60-64,,,Person_7831,2,,Madrid
HH_3042,Person_7831,female,66,65-69,,,Person_7830,2,,
HH_3043,Person_7832,male,96,95-99,,,,0,,
HH_3043,Person_7833,female,92,90-94,,,,0,,
HH_3044,Person_7834,female,13,10-14,Person_7836,,,0,Madrid,
HH_3044,Person_7835,female,4,0-4,Person_7836,,,0,Madrid,
HH_3044,Person_7836,male,51,50-54,,,,2,Madrid,Ermita de San Nicasio
HH_3045,Person_7837,male,22,20-24,Person_7839,Person_7839,,0,,
HH_3045,Person_7838,female,25,25-29,Person_7839,Person_7839,,0,,Edificio Juan Benet
HH_3045,Person_7839,female,51,50-54,,,Person_7840,2,,Alcorcon
HH_3045,Person_7840,female,54,50-54,,,Person_7839,2,,
HH_3046,Person_7841,male,8,5-9,Person_7842,Person_7842,,0,,
HH_3046,Person_7842,male,36,35-39,,,Person_7843,1,,
HH_3046,Person_7843,male,45,45-49,,,Person_7842,1,,Madrid
HH_3047,Person_7844,female,16,15-19,Person_7846,Person_7846,,0,Getafe norte,
HH_3047,Person_7845,male,28,25-29,Person_7846,Person_7846,,0,Getafe norte,Edificio Torres Quevedo
HH_3047,Person_7846,male,47,45-49,,,Person_7847,2,Getafe norte,
HH_3047,Person_7847,male,40,40-44,,,Person_7846,2,Getafe norte,Lidl
HH_3048,Person_7848,female,41,40-44,,,,0,,Madrid
HH_3048,Person_7849,female,66,65-69,,,,0,,
HH_3048,Person_7850,male,99,95-99,,,,0,,
HH_3049,Person_7851,female,58,55-59,,,,0,,
HH_3050,Person_7852,female,71,70-74,,,,0,,
HH_3050,Person_7853,male,75,75-79,,,,0,,
HH_3051,Person_7854,male,46,45-49,,,,0,,
HH_3052,Person_7855,female,92,90-94,,,,0,,
HH_3053,Person_7856,male,11,10-14,Person_7858,,,0,,
HH_3053,Person_7857,male,20,20-24,Person_7858,,,0,,Edificio Juan Benet
HH_3053,Person_7858,male,47,45-49,,,,2,,Madrid
HH_3054,Person_7859,male,99,95-99,,,,0,Alcorcon,
HH_3054,Person_7860,female,49,45-49,,,,0,Alcorcon,
HH_3054,Person_7861,male,94,90-94,,,,0,Alcorcon,
HH_3054,Person_7862,male,21,20-24,,,,0,Alcorcon,
HH_3054,Person_7863,male,74,70-74,,,,0,Alcorcon,
HH_3055,Person_7864,male,29,25-29,Person_7866,Person_7866,,0,,Madrid
HH_3055,Person_7865,female,26,25-29,Person_7866,Person_7866,,0,,Getafe norte
HH_3055,Person_7866,male,45,45-49,,,Person_7867,2,,Madrid
HH_3055,Person_7867,male,35,35-39,,,Person_7866,2,,Madrid
HH_3056,Person_7868,female,95,95-99,,,,0,Madrid,
HH_3056,Person_7869,female,35,35-39,,,,0,Madrid,Visionlab
HH_3057,Person_7870,male,13,10-14,Person_7872,Person_7872,,0,,
HH_3057,Person_7871,male,26,25-29,Person_7872,Person_7872,,0,,Parque Científico de la Universidad Carlos III de Madrid
HH_3057,Person_7872,female,62,60-64,,,Person_7873,2,,Madrid
HH_3057,Person_7873,female,63,60-64,,,Person_7872,2,,Madrid
HH_3058,Person_7874,female,19,15-19,Person_7875,Person_7875,,0,,Madrid
HH_3058,Person_7875,male,60,60-64,,,Person_7876,1,,Madrid
HH_3058,Person_7876,male,85,85-89,,,Person_7875,1,,
HH_3059,Person_7877,female,92,90-94,,,,0,,
HH_3060,Person_7878,female,24,20-24,Person_7880,,,0,Fuenlabrada,
HH_3060,Person_7879,male,27,25-29,Person_7880,,,0,Fuenlabrada,
HH_3060,Person_7880,male,58,55-59,,,,2,Fuenlabrada,
HH_3061,Person_7881,female,1,0-4,Person_7882,Person_7882,,0,,
HH_3061,Person_7882,male,20,20-24,,,Person_7883,1,,Madrid
HH_3061,Person_7883,male,20,20-24,,,Person_7882,1,,Madrid
HH_3062,Person_7884,male,22,20-24,,Person_7886,,0,,Biblioteca Rey Pastor
HH_3062,Person_7885,female,12,10-14,,Person_7886,,0,,
HH_3062,Person_7886,female,55,55-59,,,,2,,Fuenlabrada
HH_3063,Person_7887,male,94,90-94,,,,0,,
HH_3063,Person_7888,male,89,85-89,,,,0,,
HH_3064,Person_7889,male,8,5-9,,Person_7893,,0,,
HH_3064,Person_7890,female,5,5-9,,Person_7893,,0,,
HH_3064,Person_7891,male,6,5-9,,Person_7893,,0,,
HH_3064,Person_7892,male,8,5-9,,Person_7893,,0,,
HH_3064,Person_7893,female,36,35-39,,,,4,,Madrid
HH_3065,Person_7894,male,48,45-49,,,,0,,Madrid
HH_3065,Person_7895,male,98,95-99,,,,0,,
HH_3066,Person_7896,female,0,0-4,Person_7897,Person_7897,,0,,
HH_3066,Person_7897,male,29,25-29,,,Person_7898,1,,Edificio Agustín de Betancourt
HH_3066,Person_7898,male,26,25-29,,,Person_7897,1,,Fuenlabrada
HH_3067,Person_7899,female,9,5-9,,Person_7902,,0,Madrid,
HH_3067,Person_7900,male,2,0-4,,Person_7902,,0,Madrid,
HH_3067,Person_7901,male,4,0-4,,Person_7902,,0,Madrid,Escuela Infantil Rosa Caramelo
HH_3067,Person_7902,female,42,40-44,,,,3,Madrid,
HH_3068,Person_7903,male,81,80-84,,,,0,,
HH_3068,Person_7904,male,35,35-39,,,,0,,ITV
HH_3069,Person_7905,male,92,90-94,,,,0,,
HH_3069,Person_7906,male,74,70-74,,,,0,,
HH_3070,Person_7907,male,9,5-9,Person_7908,Person_7908,,0,Alcorcon,
HH_3070,Person_7908,female,44,40-44,,,Person_7909,1,Alcorcon,
HH_3070,Person_7909,female,44,40-44,,,Person_7908,1,Alcorcon,
HH_3071,Person_7910,male,54,50-54,,,,0,,Madrid
HH_3071,Person_7911,male,54,50-54,,,,0,,Madrid
HH_3071,Person_7912,male,56,55-59,,,,0,,Madrid
HH_3071,Person_7913,female,65,65-69,,,,0,,
HH_3071,Person_7914,female,41,40-44,,,,0,,Madrid
HH_3072,Person_7915,female,68,65-69,,,,0,,
HH_3072,Person_7916,male,69,65-69,,,,0,,
HH_3073,Person_7917,female,44,40-44,,,,0,,
HH_3074,Person_7918,male,10,10-14,Person_7920,Person_7920,,0,Madrid,
HH_3074,Person_7919,male,25,25-29,Person_7920,Person_7920,,0,Madrid,
HH_3074,Person_7920,female,58,55-59,,,Person_7921,2,Madrid,
HH_3074,Person_7921,female,83,80-84,,,Person_7920,2,Madrid,
HH_3075,Person_7922,female,21,20-24,Person_7926,,,0,,Edificio Juan Benet
HH_3075,Person_7923,male,6,5-9,Person_7926,,,0,,
HH_3075,Person_7924,male,17,15-19,Person_7926,,,0,,
HH_3075,Person_7925,female,16,15-19,Person_7926,,,0,,
HH_3075,Person_7926,male,65,65-69,,,,4,,
HH_3076,Person_7927,female,19,15-19,,,,0,Alcorcon,
HH_3076,Person_7928,male,87,85-89,,,,0,Alcorcon,
HH_3077,Person_7929,male,2,0-4,Person_7930,,,0,Madrid,Escuela Infantil Rosa Caramelo
HH_3077,Person_7930,male,27,25-29,,,,1,Madrid,Edificio Juan Benet
HH_3078,Person_7931,female,1,0-4,Person_7933,Person_7933,,0,,
HH_3078,Person_7932,male,32,30-34,Person_7933,Person_7933,,0,,Madrid
HH_3078,Person_7933,male,60,60-64,,,Person_7934,2,,Madrid
HH_3078,Person_7934,male,75,75-79,,,Person_7933,2,,
HH_3079,Person_7935,male,2,0-4,Person_7936,Person_7936,,0,Madrid,Escuela Infantil Rosa Caramelo
HH_3079,Person_7936,female,41,40-44,,,Person_7937,1,Madrid,
HH_3079,Person_7937,female,40,40-44,,,Person_7936,1,Madrid,
HH_3080,Person_7938,male,69,65-69,,,,0,,
HH_3081,Person_7939,male,26,25-29,,,,0,,Parque Científico de la Universidad Carlos III de Madrid
HH_3081,Person_7940,male,22,20-24,,,,0,,
HH_3082,Person_7941,female,94,90-94,,,,0,Getafe norte,
HH_3082,Person_7942,female,21,20-24,,,,0,Getafe norte,Edificio Sabatini
HH_3083,Person_7943,female,38,35-39,,,,0,,Madrid
HH_3083,Person_7944,female,31,30-34,,,,0,,Madrid
HH_3084,Person_7945,male,41,40-44,,,,0,Fuenlabrada,
HH_3084,Person_7946,female,21,20-24,,,,0,Fuenlabrada,Fundación IMDEA Networks
HH_3084,Person_7947,male,61,60-64,,,,0,Fuenlabrada,
HH_3085,Person_7948,female,47,45-49,,,,0,,Madrid
HH_3085,Person_7949,male,30,30-34,,,,0,,
HH_3086,Person_7950,female,36,35-39,,,,0,Madrid,
HH_3086,Person_7951,male,99,95-99,,,,0,Madrid,
HH_3087,Person_7952,female,68,65-69,,,,0,,
HH_3088,Person_7953,female,69,65-69,,,,0,,
HH_3089,Person_7954,male,47,45-49,,,,0,Getafe norte,
HH_3089,Person_7955,female,64,60-64,,,,0,Getafe norte,
HH_3090,Person_7956,male,8,5-9,Person_7958,Person_7958,,0,,
HH_3090,Person_7957,female,28,25-29,Person_7958,Person_7958,,0,,Edificio Torres Quevedo
HH_3090,Person_7958,male,60,60-64,,,Person_7959,2,,Viviendas de integración social Fundación F.A.D.
HH_3090,Person_7959,male,81,80-84,,,Person_7958,2,,
HH_3091,Person_7960,male,1,0-4,Person_7962,,,0,Madrid,
HH_3091,Person_7961,female,4,0-4,Person_7962,,,0,Madrid,
HH_3091,Person_7962,male,38,35-39,,,,2,Madrid,
HH_3092,Person_7963,female,53,50-54,,,,0,Fuenlabrada,
HH_3092,Person_7964,female,20,20-24,,,,0,Fuenlabrada,
HH_3093,Person_7965,male,27,25-29,,,,0,,
HH_3094,Person_7966,female,15,15-19,Person_7967,Person_7967,,0,,Centro Ocupacional Juan Ramón Jiménez
HH_3094,Person_7967,female,41,40-44,,,Person_7968,1,,
HH_3094,Person_7968,female,49,45-49,,,Person_7967,1,,Madrid
HH_3095,Person_7969,male,18,15-19,,Person_7973,,0,Viviendas de integración social Fundación F.A.D.,
HH_3095,Person_7970,male,20,20-24,,Person_7973,,0,Viviendas de integración social Fundación F.A.D.,Madrid
HH_3095,Person_7971,female,2,0-4,,Person_7973,,0,Viviendas de integración social Fundación F.A.D.,
HH_3095,Person_7972,female,0,0-4,,Person_7973,,0,Viviendas de integración social Fundación F.A.D.,Escuela Infantil Rosa Caramelo
HH_3095,Person_7973,female,51,50-54,,,,4,Viviendas de integración social Fundación F.A.D.,Getafe norte
HH_3096,Person_7974,female,74,70-74,,,,0,Madrid,
HH_3097,Person_7975,female,73,70-74,,,,0,,
HH_3098,Person_7976,male,88,85-89,,,,0,,
HH_3098,Person_7977,male,70,70-74,,,,0,,
HH_3099,Person_7978,male,85,85-89,Person_7979,,,0,Getafe norte,
HH_3099,Person_7979,male,108,100-120,,,,1,Getafe norte,
HH_3100,Person_7980,female,88,85-89,,,,0,Madrid,
HH_3100,Person_7981,male,93,90-94,,,,0,Madrid,
HH_3100,Person_7982,female,90,90-94,,,,0,Madrid,
HH_3101,Person_7983,female,0,0-4,Person_7985,Person_7985,,0,,Escuela Infantil Rosa Caramelo
HH_3101,Person_7984,male,29,25-29,Person_7985,Person_7985,,0,,Biblioteca Rey Pastor
HH_3101,Person_7985,male,59,55-59,,,Person_7986,2,,Madrid
HH_3101,Person_7986,male,53,50-54,,,Person_7985,2,,Madrid
HH_3102,Person_7987,female,14,10-14,Person_7988,,,0,,
HH_3102,Person_7988,male,31,30-34,,,,1,,Getafe norte
HH_3103,Person_7989,male,10,10-14,Person_7991,Person_7991,,0,,
HH_3103,Person_7990,female,29,25-29,Person_7991,Person_7991,,0,,
HH_3103,Person_7991,male,67,65-69,,,Person_7992,2,,
HH_3103,Person_7992,male,65,65-69,,,Person_7991,2,,
HH_3104,Person_7993,male,25,25-29,,,,0,Madrid,Fundación IMDEA Networks
HH_3104,Person_7994,female,62,60-64,,,,0,Madrid,
HH_3105,Person_7995,female,72,70-74,,,,0,,
HH_3106,Person_7996,male,13,10-14,Person_7997,Person_7997,,0,Madrid,
HH_3106,Person_7997,male,43,40-44,,,Person_7998,1,Madrid,
HH_3106,Person_7998,male,44,40-44,,,Person_7997,1,Madrid,
HH_3107,Person_7999,female,57,55-59,,,,0,Fuenlabrada,
HH_3107,Person_8000,female,83,80-84,,,,0,Fuenlabrada,
HH_3108,Person_8001,female,39,35-39,,,,0,,Madrid
HH_3108,Person_8002,female,87,85-89,,,,0,,
HH_3108,Person_8003,male,61,60-64,,,,0,,Madrid
HH_3109,Person_8004,male,97,95-99,Person_8005,,,0,,
HH_3109,Person_8005,male,120,100-120,,,,1,,
HH_3110,Person_8006,female,44,40-44,Person_8007,Person_8007,,0,Extremadura,
HH_3110,Person_8007,female,61,60-64,,,Person_8008,1,Extremadura,Medicentro
HH_3110,Person_8008,female,89,85-89,,,Person_8007,1,Extremadura,
HH_3111,Person_8009,female,94,90-94,,,,0,,
HH_3111,Person_8010,female,49,45-49,,,,0,,Madrid
HH_3112,Person_8011,female,20,20-24,Person_8015,,,0,,Fundación IMDEA Networks
HH_3112,Person_8012,female,24,20-24,Person_8015,,,0,,Parque Científico de la Universidad Carlos III de Madrid
HH_3112,Person_8013,female,12,10-14,Person_8015,,,0,,
HH_3112,Person_8014,female,6,5-9,Person_8015,,,0,,guardería
HH_3112,Person_8015,male,51,50-54,,,,4,,Getafe norte
HH_3113,Person_8016,female,92,90-94,,,,0,Madrid,
HH_3113,Person_8017,female,75,75-79,,,,0,Madrid,
HH_3114,Person_8018,male,87,85-89,,,,0,,
HH_3114,Person_8019,female,75,75-79,,,,0,,
HH_3114,Person_8020,male,94,90-94,,,,0,,
HH_3114,Person_8021,male,66,65-69,,,,0,,
HH_3115,Person_8022,female,26,25-29,Person_8023,Person_8023,,0,,Biblioteca Rey Pastor
HH_3115,Person_8023,female,62,60-64,,,Person_8024,1,,Madrid
HH_3115,Person_8024,female,69,65-69,,,Person_8023,1,,
HH_3116,Person_8025,female,43,40-44,Person_8026,Person_8026,,0,Alcorcon,
HH_3116,Person_8026,female,69,65-69,,,Person_8027,1,Alcorcon,
HH_3116,Person_8027,female,81,80-84,,,Person_8026,1,Alcorcon,
HH_3117,Person_8028,female,71,70-74,,,,0,,
HH_3117,Person_8029,male,40,40-44,,,,0,,Getafe norte
HH_3118,Person_8030,female,29,25-29,Person_8031,,,0,,Edificio Sabatini
HH_3118,Person_8031,male,44,40-44,,,,1,,Madrid
HH_3119,Person_8032,female,1,0-4,,Person_8035,,0,Getafe norte,
HH_3119,Person_8033,female,8,5-9,,Person_8035,,0,Getafe norte,
HH_3119,Person_8034,female,5,5-9,,Person_8035,,0,Getafe norte,
HH_3119,Person_8035,female,50,50-54,,,,3,Getafe norte,
HH_3120,Person_8036,female,72,70-74,,,,0,Fuenlabrada,
HH_3121,Person_8037,female,0,0-4,,Person_8038,,0,,
HH_3121,Person_8038,female,29,25-29,,,,1,,Edificio Torres Quevedo
HH_3122,Person_8039,male,54,50-54,,,,0,,Madrid
HH_3122,Person_8040,male,47,45-49,,,,0,,
HH_3123,Person_8041,female,74,70-74,,,,0,,
HH_3124,Person_8042,female,23,20-24,,Person_8045,,0,,Madrid
HH_3124,Person_8043,female,2,0-4,,Person_8045,,0,,
HH_3124,Person_8044,female,8,5-9,,Person_8045,,0,,
HH_3124,Person_8045,female,55,55-59,,,,3,,Getafe norte
HH_3125,Person_8046,male,26,25-29,,,,0,Fuenlabrada,Edificio Juan Benet
HH_3125,Person_8047,male,61,60-64,,,,0,Fuenlabrada,
HH_3126,Person_8048,male,63,60-64,,,,0,,Madrid
HH_3126,Person_8049,male,20,20-24,,,,0,,Parque Científico de la Universidad Carlos III de Madrid
HH_3127,Person_8050,female,66,65-69,,,,0,,
HH_3128,Person_8051,male,71,70-74,,,,0,Ermita de San Nicasio,
HH_3129,Person_8052,male,60,60-64,,,,0,Madrid,Centro Ocupacional Fundación F.A.D.
HH_3129,Person_8053,female,76,75-79,,,,0,Madrid,
HH_3129,Person_8054,male,49,45-49,,,,0,Madrid,
HH_3129,Person_8055,male,25,25-29,,,,0,Madrid,
HH_3130,Person_8056,male,5,5-9,,Person_8057,,0,,Escuela Infantil Rosa Caramelo
HH_3130,Person_8057,female,48,45-49,,,,1,,Madrid
HH_3131,Person_8058,male,88,85-89,,,,0,Radiotrans Iberia,
HH_3131,Person_8059,female,54,50-54,,,,0,Radiotrans Iberia,Madrid
HH_3132,Person_8060,male,68,65-69,,,,0,,
HH_3133,Person_8061,female,82,80-84,,,,0,,
HH_3134,Person_8062,female,15,15-19,Person_8063,Person_8063,,0,,
HH_3134,Person_8063,male,47,45-49,,,Person_8064,1,,
HH_3134,Person_8064,male,45,45-49,,,Person_8063,1,,Madrid
HH_3135,Person_8065,male,79,75-79,,,,0,,
HH_3135,Person_8066,male,73,70-74,,,,0,,
HH_3136,Person_8067,male,40,40-44,,,,0,Getafe norte,
HH_3136,Person_8068,female,88,85-89,,,,0,Getafe norte,
HH_3136,Person_8069,female,80,80-84,,,,0,Getafe norte,
HH_3136,Person_8070,male,58,55-59,,,,0,Getafe norte,
HH_3137,Person_8071,male,17,15-19,Person_8073,Person_8073,,0,,
HH_3137,Person_8072,female,26,25-29,Person_8073,Person_8073,,0,,
HH_3137,Person_8073,female,55,55-59,,,Person_8074,2,,Madrid
HH_3137,Person_8074,female,58,55-59,,,Person_8073,2,,Madrid
HH_3138,Person_8075,female,74,70-74,,Person_8078,,0,,
HH_3138,Person_8076,female,28,25-29,,Person_8078,,0,,Madrid
HH_3138,Person_8077,female,47,45-49,,Person_8078,,0,,Madrid
HH_3138,Person_8078,female,100,100-120,,,,3,,
HH_3139,Person_8079,male,59,55-59,,,,0,,Madrid
HH_3140,Person_8080,male,4,0-4,,Person_8083,,0,,
HH_3140,Person_8081,male,11,10-14,,Person_8083,,0,,guardería
HH_3140,Person_8082,female,12,10-14,,Person_8083,,0,,
HH_3140,Person_8083,female,30,30-34,,,,3,,Parque Científico de la Universidad Carlos III de Madrid
HH_3141,Person_8084,male,52,50-54,,,,0,,Madrid
HH_3142,Person_8085,male,35,35-39,,,,0,,Madrid
HH_3142,Person_8086,female,44,40-44,,,,0,,Alcorcon
HH_3143,Person_8087,male,17,15-19,Person_8090,Person_8090,,0,,
HH_3143,Person_8088,female,18,15-19,Person_8090,Person_8090,,0,,Getafe norte
HH_3143,Person_8089,male,2,0-4,Person_8090,Person_8090,,0,,
HH_3143,Person_8090,female,47,45-49,,,Person_8091,3,,Madrid
HH_3143,Person_8091,female,34,30-34,,,Person_8090,3,,
HH_3144,Person_8092,female,79,75-79,,,,0,Getafe norte,
HH_3144,Person_8093,female,81,80-84,,,,0,Getafe norte,
HH_3145,Person_8094,male,1,0-4,Person_8095,Person_8095,,0,,
HH_3145,Person_8095,male,35,35-39,,,Person_8096,1,,Madrid
HH_3145,Person_8096,male,36,35-39,,,Person_8095,1,,
HH_3146,Person_8097,male,11,10-14,,Person_8100,,0,,
HH_3146,Person_8098,female,9,5-9,,Person_8100,,0,,
HH_3146,Person_8099,female,8,5-9,,Person_8100,,0,,
HH_3146,Person_8100,female,45,45-49,,,,3,,Madrid
HH_3147,Person_8101,female,0,0-4,Person_8103,Person_8103,,0,,
HH_3147,Person_8102,male,30,30-34,Person_8103,Person_8103,,0,,Madrid
HH_3147,Person_8103,male,59,55-59,,,Person_8104,2,,Madrid
HH_3147,Person_8104,male,37,35-39,,,Person_8103,2,,Getafe norte
HH_3148,Person_8105,male,6,5-9,Person_8107,Person_8107,,0,,
HH_3148,Person_8106,male,30,30-34,Person_8107,Person_8107,,0,,Fundación IMDEA Networks
HH_3148,Person_8107,male,47,45-49,,,Person_8108,2,,Getafe norte
HH_3148,Person_8108,male,48,45-49,,,Person_8107,2,,Madrid
HH_3149,Person_8109,female,22,20-24,Person_8111,Person_8111,,0,,Madrid
HH_3149,Person_8110,male,32,30-34,Person_8111,Person_8111,,0,,Madrid
HH_3149,Person_8111,female,63,60-64,,,Person_8112,2,,Madrid
HH_3149,Person_8112,female,73,70-74,,,Person_8111,2,,
HH_3150,Person_8113,female,25,25-29,Person_8117,,,0,Madrid,
HH_3150,Person_8114,male,14,10-14,Person_8117,,,0,Madrid,
HH_3150,Person_8115,male,0,0-4,Person_8117,,,0,Madrid,
HH_3150,Person_8116,male,13,10-14,Person_8117,,,0,Madrid,
HH_3150,Person_8117,male,53,50-54,,,,4,Madrid,
HH_3151,Person_8118,male,63,60-64,,,,0,,Madrid
HH_3152,Person_8119,male,13,10-14,Person_8123,,,0,,
HH_3152,Person_8120,male,6,5-9,Person_8123,,,0,,
HH_3152,Person_8121,female,4,0-4,Person_8123,,,0,,
HH_3152,Person_8122,male,17,15-19,Person_8123,,,0,,
HH_3152,Person_8123,male,51,50-54,,,,4,,Madrid
HH_3153,Person_8124,female,70,70-74,,,,0,,
HH_3154,Person_8125,female,78,75-79,,,,0,Madrid,
HH_3154,Person_8126,female,52,50-54,,,,0,Madrid,
HH_3155,Person_8127,female,9,5-9,Person_8128,,,0,,
HH_3155,Person_8128,male,42,40-44,,,,1,,
HH_3156,Person_8129,female,14,10-14,,Person_8131,,0,Madrid,
HH_3156,Person_8130,male,19,15-19,,Person_8131,,0,Madrid,Edificio Agustín de Betancourt
HH_3156,Person_8131,female,63,60-64,,,,2,Madrid,
HH_3157,Person_8132,female,11,10-14,Person_8133,Person_8133,,0,,
HH_3157,Person_8133,female,45,45-49,,,Person_8134,1,,
HH_3157,Person_8134,female,45,45-49,,,Person_8133,1,,Madrid
HH_3158,Person_8135,female,31,30-34,,,,0,,Madrid
HH_3158,Person_8136,female,86,85-89,,,,0,,
HH_3159,Person_8137,female,75,75-79,,,,0,,
HH_3160,Person_8138,female,53,50-54,,,,0,,Madrid
HH_3160,Person_8139,female,61,60-64,,,,0,,Madrid
HH_3161,Person_8140,female,73,70-74,,,,0,,
HH_3161,Person_8141,female,37,35-39,,,,0,,
HH_3162,Person_8142,female,22,20-24,Person_8145,Person_8145,,0,Madrid,Edificio Juan Benet
HH_3162,Person_8143,male,29,25-29,Person_8145,Person_8145,,0,Madrid,Edificio Juan Benet
HH_3162,Person_8144,male,7,5-9,Person_8145,Person_8145,,0,Madrid,
HH_3162,Person_8145,male,71,70-74,,,Person_8146,3,Madrid,
HH_3162,Person_8146,male,58,55-59,,,Person_8145,3,Madrid,
HH_3163,Person_8147,male,46,45-49,,,,0,,Madrid
HH_3163,Person_8148,female,69,65-69,,,,0,,
HH_3164,Person_8149,female,38,35-39,Person_8150,,,0,,Getafe norte
HH_3164,Person_8150,male,70,70-74,,,,1,,
HH_3165,Person_8151,male,33,30-34,Person_8153,Person_8153,,0,,
HH_3165,Person_8152,female,38,35-39,Person_8153,Person_8153,,0,,Fuenlabrada
HH_3165,Person_8153,male,80,80-84,,,Person_8154,2,,
HH_3165,Person_8154,male,74,70-74,,,Person_8153,2,,
HH_3166,Person_8155,male,72,70-74,,,,0,,
HH_3167,Person_8156,male,75,75-79,,,,0,,
HH_3167,Person_8157,male,65,65-69,,,,0,,
HH_3168,Person_8158,male,7,5-9,Person_8160,Person_8160,,0,,
HH_3168,Person_8159,male,26,25-29,Person_8160,Person_8160,,0,,Madrid
HH_3168,Person_8160,female,56,55-59,,,Person_8161,2,,Seat
HH_3168,Person_8161,female,56,55-59,,,Person_8160,2,,
HH_3169,Person_8162,male,68,65-69,,,,0,,
HH_3170,Person_8163,male,92,90-94,,,,0,,
HH_3170,Person_8164,male,86,85-89,,,,0,,
HH_3171,Person_8165,male,20,20-24,Person_8167,Person_8167,,0,Madrid,Biblioteca Rey Pastor
HH_3171,Person_8166,female,32,30-34,Person_8167,Person_8167,,0,Madrid,
HH_3171,Person_8167,male,66,65-69,,,Person_8168,2,Madrid,
HH_3171,Person_8168,male,44,40-44,,,Person_8167,2,Madrid,
HH_3172,Person_8169,male,65,65-69,,,,0,,
HH_3173,Person_8170,female,70,70-74,,,,0,Madrid,
HH_3173,Person_8171,female,38,35-39,,,,0,Madrid,
HH_3174,Person_8172,female,18,15-19,,Person_8176,,0,,Edificio Torres Quevedo
HH_3174,Person_8173,male,21,20-24,,Person_8176,,0,,Madrid
HH_3174,Person_8174,male,17,15-19,,Person_8176,,0,,
HH_3174,Person_8175,male,8,5-9,,Person_8176,,0,,
HH_3174,Person_8176,female,54,50-54,,,,4,,Madrid
HH_3175,Person_8177,female,24,20-24,,Person_8179,,0,Getafe norte,
HH_3175,Person_8178,female,11,10-14,,Person_8179,,0,Getafe norte,
HH_3175,Person_8179,female,56,55-59,,,,2,Getafe norte,
HH_3176,Person_8180,female,89,85-89,,,,0,,
HH_3176,Person_8181,female,49,45-49,,,,0,,
HH_3176,Person_8182,male,78,75-79,,,,0,,
HH_3176,Person_8183,female,64,60-64,,,,0,,Madrid
HH_3176,Person_8184,female,50,50-54,,,,0,,Madrid
HH_3177,Person_8185,female,17,15-19,,Person_8189,,0,,
HH_3177,Person_8186,male,5,5-9,,Person_8189,,0,,Escuela Infantil Rosa Caramelo
HH_3177,Person_8187,female,7,5-9,,Person_8189,,0,,
HH_3177,Person_8188,male,2,0-4,,Person_8189,,0,,
HH_3177,Person_8189,female,54,50-54,,,,4,,
HH_3178,Person_8190,female,2,0-4,Person_8191,Person_8191,,0,,Escuela Infantil Rosa Caramelo
HH_3178,Person_8191,female,44,40-44,,,Person_8192,1,,Alcorcon
HH_3178,Person_8192,female,48,45-49,,,Person_8191,1,,Getafe norte
HH_3179,Person_8193,female,2,0-4,Person_8195,Person_8195,,0,,
HH_3179,Person_8194,male,31,30-34,Person_8195,Person_8195,,0,,Madrid
HH_3179,Person_8195,male,56,55-59,,,Person_8196,2,,Madrid
HH_3179,Person_8196,male,49,45-49,,,Person_8195,2,,Madrid
HH_3180,Person_8197,male,23,20-24,Person_8198,,,0,,Edificio Torres Quevedo
HH_3180,Person_8198,male,58,55-59,,,,1,,
HH_3181,Person_8199,male,25,25-29,Person_8202,,,0,,Madrid
HH_3181,Person_8200,male,27,25-29,Person_8202,,,0,,
HH_3181,Person_8201,male,2,0-4,Person_8202,,,0,,Escuela Infantil Rosa Caramelo
HH_3181,Person_8202,male,71,70-74,,,,3,,
HH_3182,Person_8203,female,20,20-24,,Person_8205,,0,,Madrid
HH_3182,Person_8204,male,11,10-14,,Person_8205,,0,,
HH_3182,Person_8205,female,48,45-49,,,,2,,Madrid
HH_3183,Person_8206,male,26,25-29,Person_8207,Person_8207,,0,,Madrid
HH_3183,Person_8207,female,69,65-69,,,Person_8208,1,,
HH_3183,Person_8208,female,60,60-64,,,Person_8207,1,,Madrid
HH_3184,Person_8209,male,81,80-84,,,,0,,
HH_3185,Person_8210,female,80,80-84,,,,0,,
HH_3185,Person_8211,female,70,70-74,,,,0,,
HH_3186,Person_8212,female,19,15-19,,,,0,Makro Leganés,Edificio Agustín de Betancourt
HH_3187,Person_8213,female,76,75-79,,,,0,,
HH_3188,Person_8214,male,9,5-9,Person_8216,Person_8216,,0,Madrid,
HH_3188,Person_8215,female,31,30-34,Person_8216,Person_8216,,0,Madrid,
HH_3188,Person_8216,female,75,75-79,,,Person_8217,2,Madrid,
HH_3188,Person_8217,female,80,80-84,,,Person_8216,2,Madrid,
HH_3189,Person_8218,female,3,0-4,Person_8219,Person_8219,,0,,
HH_3189,Person_8219,female,30,30-34,,,Person_8220,1,,Madrid
HH_3189,Person_8220,female,37,35-39,,,Person_8219,1,,Madrid
HH_3190,Person_8221,male,28,25-29,Person_8222,Person_8222,,0,,
HH_3190,Person_8222,male,74,70-74,,,Person_8223,1,,
HH_3190,Person_8223,male,76,75-79,,,Person_8222,1,,
HH_3191,Person_8224,female,31,30-34,,,,0,,Madrid
HH_3191,Person_8225,male,94,90-94,,,,0,,
HH_3191,Person_8226,female,74,70-74,,,,0,,
HH_3192,Person_8227,female,29,25-29,,Person_8228,,0,Tecnocasa,Edificio Agustín de Betancourt
HH_3192,Person_8228,female,70,70-74,,,,1,Tecnocasa,
HH_3193,Person_8229,female,38,35-39,,,,0,,Madrid
HH_3194,Person_8230,male,52,50-54,,,,0,,Madrid
HH_3194,Person_8231,female,37,35-39,,,,0,,Madrid
HH_3195,Person_8232,female,67,65-69,,,,0,Mostoles,
HH_3195,Person_8233,female,30,30-34,,,,0,Mostoles,
HH_3196,Person_8234,male,34,30-34,,,,0,Mostoles,Instituto Psiquiátrico de Salud Mental José Germain
HH_3197,Person_8235,female,77,75-79,,,,0,,
HH_3198,Person_8236,male,7,5-9,,Person_8237,,0,Getafe norte,
HH_3198,Person_8237,female,45,45-49,,,,1,Getafe norte,
HH_3199,Person_8238,male,36,35-39,,,,0,,Madrid
HH_3199,Person_8239,female,49,45-49,,,,0,,Madrid
HH_3200,Person_8240,male,5,5-9,,Person_8244,,0,,
HH_3200,Person_8241,female,4,0-4,,Person_8244,,0,,
HH_3200,Person_8242,male,12,10-14,,Person_8244,,0,,
HH_3200,Person_8243,male,5,5-9,,Person_8244,,0,,
HH_3200,Person_8244,female,40,40-44,,,,4,,Madrid
HH_3201,Person_8245,male,30,30-34,Person_8246,Person_8246,,0,,Madrid
HH_3201,Person_8246,male,64,60-64,,,Person_8247,1,,Madrid
HH_3201,Person_8247,male,73,70-74,,,Person_8246,1,,
HH_3202,Person_8248,female,89,85-89,,,,0,,
HH_3202,Person_8249,female,84,80-84,,,,0,,
HH_3203,Person_8250,male,64,60-64,,,,0,Madrid,
HH_3203,Person_8251,male,38,35-39,,,,0,Madrid,
HH_3203,Person_8252,male,65,65-69,,,,0,Madrid,
HH_3203,Person_8253,male,69,65-69,,,,0,Madrid,
HH_3204,Person_8254,female,51,50-54,,,,0,Extremadura,
HH_3204,Person_8255,female,79,75-79,,,,0,Extremadura,
HH_3205,Person_8256,male,23,20-24,,Person_8257,,0,,
HH_3205,Person_8257,female,58,55-59,,,,1,,Madrid
HH_3206,Person_8258,male,19,15-19,,Person_8259,,0,Maxi China,Edificio Juan Benet
HH_3206,Person_8259,female,37,35-39,,,,1,Maxi China,Madrid
HH_3207,Person_8260,female,37,35-39,Person_8261,Person_8261,,0,,
HH_3207,Person_8261,male,56,55-59,,,Person_8262,1,,
HH_3207,Person_8262,male,85,85-89,,,Person_8261,1,,
HH_3208,Person_8263,female,70,70-74,Person_8264,,,0,Getafe norte,
HH_3208,Person_8264,male,102,100-120,,,,1,Getafe norte,
HH_3209,Person_8265,female,29,25-29,,,,0,,Madrid
HH_3209,Person_8266,male,61,60-64,,,,0,,Madrid
HH_3210,Person_8267,male,57,55-59,,,,0,Getafe norte,
HH_3211,Person_8268,female,17,15-19,Person_8270,Person_8270,,0,,
HH_3211,Person_8269,female,33,30-34,Person_8270,Person_8270,,0,,
HH_3211,Person_8270,male,74,70-74,,,Person_8271,2,,
HH_3211,Person_8271,male,58,55-59,,,Person_8270,2,,
HH_3212,Person_8272,male,72,70-74,,,,0,Madrid,
HH_3213,Person_8273,female,36,35-39,,,,0,,Madrid
HH_3214,Person_8274,male,11,10-14,,Person_8275,,0,,
HH_3214,Person_8275,female,42,40-44,,,,1,,
HH_3215,Person_8276,female,12,10-14,Person_8278,Person_8278,,0,,
HH_3215,Person_8277,female,29,25-29,Person_8278,Person_8278,,0,,Parque Científico de la Universidad Carlos III de Madrid
HH_3215,Person_8278,female,62,60-64,,,Person_8279,2,,Madrid
HH_3215,Person_8279,female,58,55-59,,,Person_8278,2,,Madrid
HH_3216,Person_8280,female,2,0-4,Person_8282,,,0,Getafe norte,
HH_3216,Person_8281,male,4,0-4,Person_8282,,,0,Getafe norte,
HH_3216,Person_8282,male,39,35-39,,,,2,Getafe norte,
HH_3217,Person_8283,male,13,10-14,Person_8284,Person_8284,,0,,
HH_3217,Person_8284,male,47,45-49,,,Person_8285,1,,Madrid
HH_3217,Person_8285,male,49,45-49,,,Person_8284,1,,Madrid
HH_3218,Person_8286,female,30,30-34,,,,0,,Madrid
HH_3219,Person_8287,female,16,15-19,Person_8288,Person_8288,,0,Fuenlabrada,
HH_3219,Person_8288,female,46,45-49,,,Person_8289,1,Fuenlabrada,
HH_3219,Person_8289,female,48,45-49,,,Person_8288,1,Fuenlabrada,Foster's Hollywood
HH_3220,Person_8290,male,22,20-24,,,,0,,
HH_3220,Person_8291,male,35,35-39,,,,0,,Madrid
HH_3221,Person_8292,female,89,85-89,,,,0,,
HH_3222,Person_8293,male,25,25-29,,,,0,,Madrid
HH_3223,Person_8294,male,18,15-19,Person_8297,Person_8297,,0,,
HH_3223,Person_8295,male,21,20-24,Person_8297,Person_8297,,0,,
HH_3223,Person_8296,female,9,5-9,Person_8297,Person_8297,,0,,
HH_3223,Person_8297,female,65,65-69,,,Person_8298,3,,
HH_3223,Person_8298,female,77,75-79,,,Person_8297,3,,
HH_3224,Person_8299,male,22,20-24,Person_8302,Person_8302,,0,,
HH_3224,Person_8300,male,7,5-9,Person_8302,Person_8302,,0,,
HH_3224,Person_8301,female,10,10-14,Person_8302,Person_8302,,0,,
HH_3224,Person_8302,female,55,55-59,,,Person_8303,3,,Madrid
HH_3224,Person_8303,female,74,70-74,,,Person_8302,3,,
HH_3225,Person_8304,male,19,15-19,,Person_8305,,0,,
HH_3225,Person_8305,female,62,60-64,,,,1,,Madrid
HH_3226,Person_8306,female,18,15-19,,,,0,,
HH_3227,Person_8307,female,84,80-84,,,,0,,
HH_3228,Person_8308,female,48,45-49,,,,0,Madrid,
HH_3228,Person_8309,female,23,20-24,,,,0,Madrid,
HH_3229,Person_8310,male,33,30-34,,,,0,,Madrid
HH_3230,Person_8311,female,61,60-64,,,,0,,Madrid
HH_3231,Person_8312,male,33,30-34,,,,0,,
HH_3231,Person_8313,male,77,75-79,,,,0,,
HH_3232,Person_8314,male,80,80-84,,,,0,,
HH_3232,Person_8315,female,89,85-89,,,,0,,
HH_3232,Person_8316,female,75,75-79,,,,0,,
HH_3233,Person_8317,female,65,65-69,,,,0,,
HH_3234,Person_8318,male,37,35-39,Person_8320,Person_8320,,0,,
HH_3234,Person_8319,female,26,25-29,Person_8320,Person_8320,,0,,Edificio Agustín de Betancourt
HH_3234,Person_8320,female,54,50-54,,,Person_8321,2,,Madrid
HH_3234,Person_8321,female,56,55-59,,,Person_8320,2,,Madrid
HH_3235,Person_8322,female,69,65-69,,,,0,,
HH_3236,Person_8323,female,94,90-94,,,,0,,
HH_3237,Person_8324,male,81,80-84,,,,0,Madrid,
HH_3238,Person_8325,female,89,85-89,,,,0,,
HH_3239,Person_8326,male,15,15-19,Person_8327,Person_8327,,0,Alcorcon,
HH_3239,Person_8327,male,34,30-34,,,Person_8328,1,Alcorcon,
HH_3239,Person_8328,male,28,25-29,,,Person_8327,1,Alcorcon,
HH_3240,Person_8329,male,90,90-94,,,,0,,
HH_3240,Person_8330,female,21,20-24,,,,0,,Madrid
HH_3241,Person_8331,female,69,65-69,,,,0,,
HH_3241,Person_8332,female,93,90-94,,,,0,,
HH_3242,Person_8333,male,32,30-34,,,,0,,Madrid
HH_3242,Person_8334,female,18,15-19,,,,0,,Alcorcon
HH_3243,Person_8335,female,20,20-24,,Person_8336,,0,Fuenlabrada,
HH_3243,Person_8336,female,48,45-49,,,,1,Fuenlabrada,
HH_3244,Person_8337,male,18,15-19,,Person_8338,,0,,
HH_3244,Person_8338,female,52,50-54,,,,1,,
HH_3245,Person_8339,female,81,80-84,,,,0,Fuenlabrada,
HH_3246,Person_8340,female,19,15-19,Person_8342,Person_8342,,0,,
HH_3246,Person_8341,male,35,35-39,Person_8342,Person_8342,,0,,Madrid
HH_3246,Person_8342,male,78,75-79,,,Person_8343,2,,
HH_3246,Person_8343,male,57,55-59,,,Person_8342,2,,Madrid
HH_3247,Person_8344,male,82,80-84,,,,0,,
HH_3247,Person_8345,male,42,40-44,,,,0,,Madrid
HH_3248,Person_8346,female,57,55-59,,,,0,,
HH_3249,Person_8347,female,92,90-94,,Person_8348,,0,Ford,
HH_3249,Person_8348,female,110,100-120,,,,1,Ford,
HH_3250,Person_8349,male,38,35-39,,,,0,,Madrid
HH_3250,Person_8350,male,72,70-74,,,,0,,
HH_3250,Person_8351,male,76,75-79,,,,0,,
HH_3251,Person_8352,female,12,10-14,Person_8354,Person_8354,,0,,
HH_3251,Person_8353,male,26,25-29,Person_8354,Person_8354,,0,,
HH_3251,Person_8354,male,57,55-59,,,Person_8355,2,,Madrid
HH_3251,Person_8355,male,59,55-59,,,Person_8354,2,,Madrid
HH_3252,Person_8356,male,70,70-74,,,,0,,
HH_3252,Person_8357,male,43,40-44,,,,0,,Getafe norte
HH_3253,Person_8358,male,28,25-29,,,,0,,Edificio Sabatini
HH_3253,Person_8359,female,94,90-94,,,,0,,
HH_3254,Person_8360,male,98,95-99,,,,0,,
HH_3254,Person_8361,male,92,90-94,,,,0,,
HH_3255,Person_8362,female,40,40-44,,,,0,,Madrid
HH_3256,Person_8363,female,17,15-19,Person_8365,Person_8365,,0,,
HH_3256,Person_8364,female,35,35-39,Person_8365,Person_8365,,0,,Madrid
HH_3256,Person_8365,male,50,50-54,,,Person_8366,2,,Madrid
HH_3256,Person_8366,male,32,30-34,,,Person_8365,2,,Madrid
HH_3257,Person_8367,female,61,60-64,,,,0,,Madrid
HH_3257,Person_8368,male,48,45-49,,,,0,,Madrid
HH_3257,Person_8369,female,59,55-59,,,,0,,Madrid
HH_3258,Person_8370,female,2,0-4,Person_8372,Person_8372,,0,,
HH_3258,Person_8371,male,35,35-39,Person_8372,Person_8372,,0,,Alcorcon
HH_3258,Person_8372,male,52,50-54,,,Person_8373,2,,Madrid
HH_3258,Person_8373,male,54,50-54,,,Person_8372,2,,Madrid
HH_3259,Person_8374,female,29,25-29,,Person_8375,,0,,Getafe norte
HH_3259,Person_8375,female,57,55-59,,,,1,,
HH_3260,Person_8376,female,15,15-19,Person_8377,Person_8377,,0,,
HH_3260,Person_8377,male,32,30-34,,,Person_8378,1,,
HH_3260,Person_8378,male,31,30-34,,,Person_8377,1,,Madrid
HH_3261,Person_8379,male,50,50-54,,,,0,,Madrid
HH_3261,Person_8380,male,28,25-29,,,,0,,
HH_3262,Person_8381,male,11,10-14,Person_8382,Person_8382,,0,,
HH_3262,Person_8382,male,45,45-49,,,Person_8383,1,,
HH_3262,Person_8383,male,29,25-29,,,Person_8382,1,,Edificio Torres Quevedo
HH_3263,Person_8384,female,14,10-14,Person_8385,Person_8385,,0,,
HH_3263,Person_8385,female,43,40-44,,,Person_8386,1,,Madrid
HH_3263,Person_8386,female,40,40-44,,,Person_8385,1,,Mostoles
HH_3264,Person_8387,female,8,5-9,Person_8389,Person_8389,,0,,
HH_3264,Person_8388,female,28,25-29,Person_8389,Person_8389,,0,,Madrid
HH_3264,Person_8389,female,58,55-59,,,Person_8390,2,,Madrid
HH_3264,Person_8390,female,94,90-94,,,Person_8389,2,,
HH_3265,Person_8391,female,23,20-24,,,,0,,Parque Científico de la Universidad Carlos III de Madrid
HH_3265,Person_8392,male,50,50-54,,,,0,,Madrid
HH_3266,Person_8393,female,47,45-49,,,,0,,Madrid
HH_3266,Person_8394,female,24,20-24,,,,0,,Madrid
HH_3267,Person_8395,female,25,25-29,,Person_8399,,0,,
HH_3267,Person_8396,female,35,35-39,,Person_8399,,0,,Madrid
HH_3267,Person_8397,female,28,25-29,,Person_8399,,0,,
HH_3267,Person_8398,male,16,15-19,,Person_8399,,0,,
HH_3267,Person_8399,female,62,60-64,,,,4,,Madrid
HH_3268,Person_8400,female,68,65-69,,,,0,,
HH_3268,Person_8401,male,40,40-44,,,,0,,Madrid
HH_3269,Person_8402,male,16,15-19,Person_8403,Person_8403,,0,,Escuela Infantil El Romancero
HH_3269,Person_8403,female,44,40-44,,,Person_8404,1,,Madrid
HH_3269,Person_8404,female,45,45-49,,,Person_8403,1,,Extremadura
HH_3270,Person_8405,male,4,0-4,Person_8406,Person_8406,,0,,
HH_3270,Person_8406,male,30,30-34,,,Person_8407,1,,
HH_3270,Person_8407,male,31,30-34,,,Person_8406,1,,Madrid
HH_3271,Person_8408,male,40,40-44,,,,0,Fuenlabrada,
HH_3271,Person_8409,female,46,45-49,,,,0,Fuenlabrada,
HH_3272,Person_8410,female,46,45-49,Person_8411,Person_8411,,0,Emporiorueda,
HH_3272,Person_8411,female,79,75-79,,,Person_8412,1,Emporiorueda,
HH_3272,Person_8412,female,62,60-64,,,Person_8411,1,Emporiorueda,Madrid
HH_3273,Person_8413,male,13,10-14,Person_8417,,,0,,
HH_3273,Person_8414,female,0,0-4,Person_8417,,,0,,Escuela Infantil Rosa Caramelo
HH_3273,Person_8415,male,12,10-14,Person_8417,,,0,,Escuela Infantil El Romancero
HH_3273,Person_8416,female,8,5-9,Person_8417,,,0,,
HH_3273,Person_8417,male,47,45-49,,,,4,,Madrid
HH_3274,Person_8418,male,13,10-14,Person_8420,Person_8420,,0,Madrid,
HH_3274,Person_8419,female,32,30-34,Person_8420,Person_8420,,0,Madrid,
HH_3274,Person_8420,female,58,55-59,,,Person_8421,2,Madrid,
HH_3274,Person_8421,female,55,55-59,,,Person_8420,2,Madrid,
HH_3275,Person_8422,female,7,5-9,Person_8424,Person_8424,,0,,
HH_3275,Person_8423,female,34,30-34,Person_8424,Person_8424,,0,,Madrid
HH_3275,Person_8424,male,65,65-69,,,Person_8425,2,,
HH_3275,Person_8425,male,50,50-54,,,Person_8424,2,,Getafe norte
HH_3276,Person_8426,male,65,65-69,,,,0,,
HH_3277,Person_8427,female,8,5-9,Person_8428,,,0,,
HH_3277,Person_8428,male,36,35-39,,,,1,,Madrid
HH_3278,Person_8429,male,18,15-19,,Person_8430,,0,Madrid,
HH_3278,Person_8430,female,44,40-44,,,,1,Madrid,
HH_3279,Person_8431,female,65,65-69,,,,0,Fuenlabrada,
HH_3280,Person_8432,female,56,55-59,,,,0,,Madrid
HH_3281,Person_8433,female,31,30-34,,,,0,Madrid,
HH_3282,Person_8434,male,71,70-74,,,,0,,
HH_3282,Person_8435,female,45,45-49,,,,0,,Madrid
HH_3283,Person_8436,male,57,55-59,,,,0,Madrid,
HH_3283,Person_8437,female,25,25-29,,,,0,Madrid,
HH_3283,Person_8438,female,26,25-29,,,,0,Madrid,Parque Científico de la Universidad Carlos III de Madrid
HH_3283,Person_8439,male,79,75-79,,,,0,Madrid,
HH_3284,Person_8440,female,93,90-94,,,,0,Alcorcon,
HH_3284,Person_8441,male,45,45-49,,,,0,Alcorcon,
HH_3285,Person_8442,male,52,50-54,,,,0,,Madrid
HH_3285,Person_8443,female,76,75-79,,,,0,,
HH_3286,Person_8444,female,82,80-84,,,,0,Lidl,
HH_3287,Person_8445,female,13,10-14,Person_8446,Person_8446,,0,,
HH_3287,Person_8446,male,44,40-44,,,Person_8447,1,,Mostoles
HH_3287,Person_8447,male,39,35-39,,,Person_8446,1,,Madrid
HH_3288,Person_8448,female,96,95-99,,,,0,,
HH_3288,Person_8449,male,92,90-94,,,,0,,
HH_3288,Person_8450,female,29,25-29,,,,0,,Madrid
HH_3289,Person_8451,female,19,15-19,Person_8453,Person_8453,,0,,Edificio Agustín de Betancourt
HH_3289,Person_8452,male,26,25-29,Person_8453,Person_8453,,0,,Madrid
HH_3289,Person_8453,male,69,65-69,,,Person_8454,2,,
HH_3289,Person_8454,male,66,65-69,,,Person_8453,2,,
HH_3290,Person_8455,male,63,60-64,,,,0,,Getafe norte
HH_3291,Person_8456,male,13,10-14,Person_8458,Person_8458,,0,Fuenlabrada,
HH_3291,Person_8457,male,27,25-29,Person_8458,Person_8458,,0,Fuenlabrada,
HH_3291,Person_8458,female,55,55-59,,,Person_8459,2,Fuenlabrada,
HH_3291,Person_8459,female,56,55-59,,,Person_8458,2,Fuenlabrada,
HH_3292,Person_8460,female,80,80-84,,,,0,Madrid,
HH_3293,Person_8461,male,13,10-14,,Person_8465,,0,Madrid,
HH_3293,Person_8462,female,7,5-9,,Person_8465,,0,Madrid,
HH_3293,Person_8463,female,12,10-14,,Person_8465,,0,Madrid,Escuela Municipal de Música Manuel Rodríguez Sales
HH_3293,Person_8464,male,4,0-4,,Person_8465,,0,Madrid,
HH_3293,Person_8465,female,39,35-39,,,,4,Madrid,
HH_3294,Person_8466,female,86,85-89,,,,0,,
HH_3294,Person_8467,male,39,35-39,,,,0,,
HH_3295,Person_8468,male,65,65-69,,,,0,Madrid,
HH_3296,Person_8469,female,59,55-59,,,,0,Mostoles,
HH_3296,Person_8470,male,61,60-64,,,,0,Mostoles,
HH_3297,Person_8471,male,14,10-14,Person_8473,Person_8473,,0,,
HH_3297,Person_8472,male,25,25-29,Person_8473,Person_8473,,0,,Edificio Juan Benet
HH_3297,Person_8473,male,55,55-59,,,Person_8474,2,,Madrid
HH_3297,Person_8474,male,59,55-59,,,Person_8473,2,,Madrid
HH_3298,Person_8475,male,13,10-14,Person_8477,,,0,,
HH_3298,Person_8476,female,2,0-4,Person_8477,,,0,,
HH_3298,Person_8477,male,50,50-54,,,,2,,Madrid
HH_3299,Person_8478,female,99,95-99,,,,0,Madrid,
HH_3299,Person_8479,female,74,70-74,,,,0,Madrid,
HH_3300,Person_8480,female,68,65-69,,,,0,Madrid,
HH_3301,Person_8481,female,20,20-24,Person_8485,,,0,,
HH_3301,Person_8482,male,22,20-24,Person_8485,,,0,,Madrid
HH_3301,Person_8483,female,30,30-34,Person_8485,,,0,,Madrid
HH_3301,Person_8484,male,15,15-19,Person_8485,,,0,,
HH_3301,Person_8485,male,49,45-49,,,,4,,
HH_3302,Person_8486,female,65,65-69,,,,0,,
HH_3303,Person_8487,male,21,20-24,,,,0,Madrid,Edificio Agustín de Betancourt
HH_3303,Person_8488,male,29,25-29,,,,0,Madrid,
HH_3304,Person_8489,female,55,55-59,,,,0,,Madrid
HH_3304,Person_8490,female,38,35-39,,,,0,,Madrid
HH_3305,Person_8491,female,21,20-24,Person_8492,,,0,,Madrid
HH_3305,Person_8492,male,46,45-49,,,,1,,Madrid
HH_3306,Person_8493,female,76,75-79,,,,0,Madrid,
HH_3307,Person_8494,male,32,30-34,Person_8496,Person_8496,,0,,
HH_3307,Person_8495,male,25,25-29,Person_8496,Person_8496,,0,,Alcorcon
HH_3307,Person_8496,male,70,70-74,,,Person_8497,2,,
HH_3307,Person_8497,male,53,50-54,,,Person_8496,2,,Getafe norte
HH_3308,Person_8498,female,67,65-69,,,,0,Mostoles,
HH_3309,Person_8499,male,15,15-19,Person_8501,Person_8501,,0,Extremadura,
HH_3309,Person_8500,female,32,30-34,Person_8501,Person_8501,,0,Extremadura,
HH_3309,Person_8501,female,57,55-59,,,Person_8502,2,Extremadura,
HH_3309,Person_8502,female,55,55-59,,,Person_8501,2,Extremadura,
HH_3310,Person_8503,female,15,15-19,Person_8505,Person_8505,,0,Alcorcon,
HH_3310,Person_8504,female,28,25-29,Person_8505,Person_8505,,0,Alcorcon,
HH_3310,Person_8505,female,68,65-69,,,Person_8506,2,Alcorcon,
HH_3310,Person_8506,female,63,60-64,,,Person_8505,2,Alcorcon,
HH_3311,Person_8507,male,51,50-54,,,,0,Extremadura,
HH_3311,Person_8508,female,82,80-84,,,,0,Extremadura,
HH_3312,Person_8509,female,76,75-79,,,,0,,
HH_3313,Person_8510,female,13,10-14,Person_8511,Person_8511,,0,,
HH_3313,Person_8511,male,41,40-44,,,Person_8512,1,,Getafe norte
HH_3313,Person_8512,male,34,30-34,,,Person_8511,1,,Madrid
HH_3314,Person_8513,male,74,70-74,,,,0,,
HH_3314,Person_8514,male,59,55-59,,,,0,,Madrid
HH_3314,Person_8515,male,19,15-19,,,,0,,
HH_3315,Person_8516,male,96,95-99,,,,0,Madrid,
HH_3315,Person_8517,female,63,60-64,,,,0,Madrid,
HH_3315,Person_8518,female,44,40-44,,,,0,Madrid,
HH_3316,Person_8519,male,16,15-19,Person_8521,Person_8521,,0,Getafe norte,
HH_3316,Person_8520,male,34,30-34,Person_8521,Person_8521,,0,Getafe norte,
HH_3316,Person_8521,female,66,65-69,,,Person_8522,2,Getafe norte,
HH_3316,Person_8522,female,77,75-79,,,Person_8521,2,Getafe norte,
HH_3317,Person_8523,female,27,25-29,,,,0,Madrid,
HH_3317,Person_8524,male,47,45-49,,,,0,Madrid,
HH_3318,Person_8525,female,78,75-79,,,,0,,
HH_3319,Person_8526,female,67,65-69,,,,0,,
HH_3320,Person_8527,female,49,45-49,,,,0,,Madrid
HH_3321,Person_8528,female,74,70-74,,,,0,,
HH_3322,Person_8529,male,80,80-84,,,,0,Madrid,
HH_3322,Person_8530,male,95,95-99,,,,0,Madrid,
HH_3323,Person_8531,male,4,0-4,,Person_8532,,0,Madrid,
HH_3323,Person_8532,female,36,35-39,,,,1,Madrid,
HH_3324,Person_8533,female,21,20-24,Person_8535,Person_8535,,0,Fuenlabrada,Edificio Torres Quevedo
HH_3324,Person_8534,male,33,30-34,Person_8535,Person_8535,,0,Fuenlabrada,
HH_3324,Person_8535,female,66,65-69,,,Person_8536,2,Fuenlabrada,
HH_3324,Person_8536,female,63,60-64,,,Person_8535,2,Fuenlabrada,
HH_3325,Person_8537,male,93,90-94,,,,0,,
HH_3325,Person_8538,male,54,50-54,,,,0,,Alcorcon
HH_3326,Person_8539,female,31,30-34,Person_8540,Person_8540,,0,Getafe norte,
HH_3326,Person_8540,male,68,65-69,,,Person_8541,1,Getafe norte,
HH_3326,Person_8541,male,66,65-69,,,Person_8540,1,Getafe norte,
HH_3327,Person_8542,female,44,40-44,,,,0,,
HH_3328,Person_8543,female,77,75-79,Person_8544,,,0,Fuenlabrada,
HH_3328,Person_8544,male,117,100-120,,,,1,Fuenlabrada,
HH_3329,Person_8545,female,37,35-39,,,,0,,Madrid
HH_3330,Person_8546,male,36,35-39,,,,0,,Madrid
HH_3330,Person_8547,male,33,30-34,,,,0,,Madrid
HH_3331,Person_8548,female,85,85-89,,,,0,,
HH_3332,Person_8549,male,37,35-39,,,,0,,Getafe norte
HH_3333,Person_8550,female,48,45-49,,,,0,,Madrid
HH_3334,Person_8551,male,15,15-19,Person_8553,Person_8553,,0,Viviendas de integración social Fundación F.A.D.,
HH_3334,Person_8552,female,25,25-29,Person_8553,Person_8553,,0,Viviendas de integración social Fundación F.A.D.,Edificio Torres Quevedo
HH_3334,Person_8553,male,56,55-59,,,Person_8554,2,Viviendas de integración social Fundación F.A.D.,Madrid
HH_3334,Person_8554,male,42,40-44,,,Person_8553,2,Viviendas de integración social Fundación F.A.D.,Madrid
HH_3335,Person_8555,female,2,0-4,Person_8558,Person_8558,,0,,
HH_3335,Person_8556,female,5,5-9,Person_8558,Person_8558,,0,,
HH_3335,Person_8557,male,10,10-14,Person_8558,Person_8558,,0,,
HH_3335,Person_8558,female,54,50-54,,,Person_8559,3,,Madrid
HH_3335,Person_8559,female,55,55-59,,,Person_8558,3,,Madrid
HH_3336,Person_8560,male,37,35-39,,,,0,,Madrid
HH_3337,Person_8561,female,7,5-9,Person_8563,Person_8563,,0,,
HH_3337,Person_8562,male,35,35-39,Person_8563,Person_8563,,0,,Madrid
HH_3337,Person_8563,male,53,50-54,,,Person_8564,2,,Alcorcon
HH_3337,Person_8564,male,53,50-54,,,Person_8563,2,,Getafe norte
HH_3338,Person_8565,female,77,75-79,,,,0,Madrid,
HH_3339,Person_8566,male,69,65-69,,,,0,Madrid,
HH_3339,Person_8567,male,39,35-39,,,,0,Madrid,
HH_3340,Person_8568,female,9,5-9,Person_8570,Person_8570,,0,Mostoles,
HH_3340,Person_8569,male,26,25-29,Person_8570,Person_8570,,0,Mostoles,
HH_3340,Person_8570,male,69,65-69,,,Person_8571,2,Mostoles,
HH_3340,Person_8571,male,71,70-74,,,Person_8570,2,Mostoles,
HH_3341,Person_8572,male,31,30-34,,,,0,Salón del Reino de los Testigos de Jehová,Madrid
HH_3342,Person_8573,female,19,15-19,Person_8575,Person_8575,,0,,Madrid
HH_3342,Person_8574,male,34,30-34,Person_8575,Person_8575,,0,,Madrid
HH_3342,Person_8575,female,49,45-49,,,Person_8576,2,,Madrid
HH_3342,Person_8576,female,54,50-54,,,Person_8575,2,,Alcorcon
HH_3343,Person_8577,male,18,15-19,Person_8578,Person_8578,,0,Carmen García de Gúdal,Madrid
HH_3343,Person_8578,male,60,60-64,,,Person_8579,1,Carmen García de Gúdal,Madrid
HH_3343,Person_8579,male,57,55-59,,,Person_8578,1,Carmen García de Gúdal,Madrid
HH_3344,Person_8580,male,88,85-89,,,,0,,
HH_3344,Person_8581,male,83,80-84,,,,0,,
HH_3345,Person_8582,female,74,70-74,,,,0,,
HH_3346,Person_8583,male,21,20-24,Person_8584,,,0,,
HH_3346,Person_8584,male,51,50-54,,,,1,,Madrid
HH_3347,Person_8585,male,17,15-19,Person_8586,Person_8586,,0,,
HH_3347,Person_8586,female,33,30-34,,,Person_8587,1,,Madrid
HH_3347,Person_8587,female,36,35-39,,,Person_8586,1,,Madrid
HH_3348,Person_8588,female,52,50-54,,,,0,,Madrid
HH_3349,Person_8589,female,9,5-9,Person_8590,Person_8590,,0,Madrid,
HH_3349,Person_8590,male,42,40-44,,,Person_8591,1,Madrid,
HH_3349,Person_8591,male,36,35-39,,,Person_8590,1,Madrid,
HH_3350,Person_8592,male,92,90-94,,,,0,,
HH_3350,Person_8593,female,53,50-54,,,,0,,Alcorcon
HH_3351,Person_8594,male,5,5-9,Person_8595,Person_8595,,0,Fuenlabrada,
HH_3351,Person_8595,female,38,35-39,,,Person_8596,1,Fuenlabrada,
HH_3351,Person_8596,female,39,35-39,,,Person_8595,1,Fuenlabrada,Porcelanosa
HH_3352,Person_8597,male,21,20-24,Person_8599,Person_8599,,0,Madrid,
HH_3352,Person_8598,male,30,30-34,Person_8599,Person_8599,,0,Madrid,Fundación IMDEA Networks
HH_3352,Person_8599,female,62,60-64,,,Person_8600,2,Madrid,
HH_3352,Person_8600,female,68,65-69,,,Person_8599,2,Madrid,
HH_3353,Person_8601,female,40,40-44,Person_8602,Person_8602,,0,Madrid,
HH_3353,Person_8602,female,77,75-79,,,Person_8603,1,Madrid,
HH_3353,Person_8603,female,66,65-69,,,Person_8602,1,Madrid,
HH_3354,Person_8604,male,34,30-34,,,,0,,Madrid
HH_3354,Person_8605,male,86,85-89,,,,0,,
HH_3355,Person_8606,female,9,5-9,Person_8609,Person_8609,,0,Madrid,
HH_3355,Person_8607,male,18,15-19,Person_8609,Person_8609,,0,Madrid,
HH_3355,Person_8608,female,6,5-9,Person_8609,Person_8609,,0,Madrid,
HH_3355,Person_8609,male,48,45-49,,,Person_8610,3,Madrid,
HH_3355,Person_8610,male,51,50-54,,,Person_8609,3,Madrid,
HH_3356,Person_8611,female,18,15-19,,,,0,,Parque Científico de la Universidad Carlos III de Madrid
HH_3357,Person_8612,female,2,0-4,,Person_8613,,0,,Escuela Infantil Rosa Caramelo
HH_3357,Person_8613,female,33,30-34,,,,1,,Madrid
HH_3358,Person_8614,male,38,35-39,Person_8615,,,0,Fuenlabrada,
HH_3358,Person_8615,male,68,65-69,,,,1,Fuenlabrada,
HH_3359,Person_8616,female,3,0-4,Person_8619,Person_8619,,0,,
HH_3359,Person_8617,female,9,5-9,Person_8619,Person_8619,,0,,
HH_3359,Person_8618,male,8,5-9,Person_8619,Person_8619,,0,,
HH_3359,Person_8619,female,50,50-54,,,Person_8620,3,,Madrid
HH_3359,Person_8620,female,52,50-54,,,Person_8619,3,,Alcorcon
HH_3360,Person_8621,male,21,20-24,Person_8623,Person_8623,,0,,
HH_3360,Person_8622,female,35,35-39,Person_8623,Person_8623,,0,,
HH_3360,Person_8623,female,51,50-54,,,Person_8624,2,,Madrid
HH_3360,Person_8624,female,59,55-59,,,Person_8623,2,,Getafe norte
HH_3361,Person_8625,female,69,65-69,,,,0,Mostoles,
HH_3362,Person_8626,female,17,15-19,Person_8628,Person_8628,,0,,
HH_3362,Person_8627,male,30,30-34,Person_8628,Person_8628,,0,,Biblioteca Rey Pastor
HH_3362,Person_8628,female,55,55-59,,,Person_8629,2,,Madrid
HH_3362,Person_8629,female,62,60-64,,,Person_8628,2,,Madrid
HH_3363,Person_8630,male,65,65-69,,,,0,Madrid,
HH_3364,Person_8631,male,8,5-9,Person_8632,Person_8632,,0,,
HH_3364,Person_8632,female,50,50-54,,,Person_8633,1,,
HH_3364,Person_8633,female,55,55-59,,,Person_8632,1,,Madrid
HH_3365,Person_8634,male,77,75-79,,,,0,,
HH_3365,Person_8635,male,63,60-64,,,,0,,Madrid
HH_3365,Person_8636,male,49,45-49,,,,0,,Madrid
HH_3366,Person_8637,female,69,65-69,,,,0,,
HH_3367,Person_8638,male,47,45-49,,,,0,Ermita de San Nicasio,Madrid
HH_3368,Person_8639,male,10,10-14,,Person_8642,,0,Mostoles,
HH_3368,Person_8640,male,20,20-24,,Person_8642,,0,Mostoles,
HH_3368,Person_8641,female,8,5-9,,Person_8642,,0,Mostoles,
HH_3368,Person_8642,female,61,60-64,,,,3,Mostoles,
HH_3369,Person_8643,male,9,5-9,Person_8647,,,0,,
HH_3369,Person_8644,female,0,0-4,Person_8647,,,0,,
HH_3369,Person_8645,female,17,15-19,Person_8647,,,0,,
HH_3369,Person_8646,female,13,10-14,Person_8647,,,0,,
HH_3369,Person_8647,male,47,45-49,,,,4,,
HH_3370,Person_8648,male,79,75-79,,,,0,,
HH_3371,Person_8649,female,59,55-59,,,,0,,Madrid
HH_3371,Person_8650,male,88,85-89,,,,0,,
HH_3371,Person_8651,female,91,90-94,,,,0,,
HH_3372,Person_8652,female,25,25-29,Person_8653,,,0,,Biblioteca Rey Pastor
HH_3372,Person_8653,male,58,55-59,,,,1,,
HH_3373,Person_8654,male,75,75-79,,,,0,,
HH_3374,Person_8655,male,2,0-4,Person_8656,Person_8656,,0,,Escuela Infantil Rosa Caramelo
HH_3374,Person_8656,female,28,25-29,,,Person_8657,1,,
HH_3374,Person_8657,female,31,30-34,,,Person_8656,1,,Madrid
HH_3375,Person_8658,female,24,20-24,,,,0,,Biblioteca Rey Pastor
HH_3375,Person_8659,female,69,65-69,,,,0,,
HH_3376,Person_8660,male,95,95-99,,,,0,Madrid,
HH_3376,Person_8661,female,53,50-54,,,,0,Madrid,
HH_3377,Person_8662,female,35,35-39,,,,0,,
HH_3377,Person_8663,male,41,40-44,,,,0,,Madrid
HH_3378,Person_8664,male,58,55-59,,,,0,Madrid,
HH_3379,Person_8665,male,25,25-29,Person_8669,,,0,,Madrid
HH_3379,Person_8666,male,15,15-19,Person_8669,,,0,,
HH_3379,Person_8667,male,14,10-14,Person_8669,,,0,,
HH_3379,Person_8668,male,32,30-34,Person_8669,,,0,,
HH_3379,Person_8669,male,60,60-64,,,,4,,Madrid
HH_3380,Person_8670,female,73,70-74,,,,0,Fuenlabrada,
HH_3381,Person_8671,female,95,95-99,,,,0,Madrid,
HH_3381,Person_8672,female,63,60-64,,,,0,Madrid,
HH_3382,Person_8673,female,20,20-24,Person_8674,Person_8674,,0,,
HH_3382,Person_8674,female,52,50-54,,,Person_8675,1,,
HH_3382,Person_8675,female,40,40-44,,,Person_8674,1,,Alcorcon
HH_3383,Person_8676,male,75,75-79,,,,0,,
HH_3383,Person_8677,male,99,95-99,,,,0,,
HH_3384,Person_8678,female,32,30-34,,Person_8679,,0,,Madrid
HH_3384,Person_8679,female,51,50-54,,,,1,,Madrid
HH_3385,Person_8680,male,72,70-74,,,,0,,
HH_3385,Person_8681,male,41,40-44,,,,0,,Madrid
HH_3386,Person_8682,female,5,5-9,Person_8684,Person_8684,,0,Fuenlabrada,
HH_3386,Person_8683,female,32,30-34,Person_8684,Person_8684,,0,Fuenlabrada,
HH_3386,Person_8684,female,62,60-64,,,Person_8685,2,Fuenlabrada,
HH_3386,Person_8685,female,73,70-74,,,Person_8684,2,Fuenlabrada,
HH_3387,Person_8686,female,4,0-4,Person_8687,Person_8687,,0,Madrid,
HH_3387,Person_8687,male,37,35-39,,,Person_8688,1,Madrid,
HH_3387,Person_8688,male,33,30-34,,,Person_8687,1,Madrid,
HH_3388,Person_8689,female,21,20-24,Person_8691,Person_8691,,0,Madrid,Biblioteca Rey Pastor
HH_3388,Person_8690,female,28,25-29,Person_8691,Person_8691,,0,Madrid,
HH_3388,Person_8691,female,54,50-54,,,Person_8692,2,Madrid,
HH_3388,Person_8692,female,89,85-89,,,Person_8691,2,Madrid,
HH_3389,Person_8693,female,54,50-54,,Person_8694,,0,,Madrid
HH_3389,Person_8694,female,85,85-89,,,,1,,
HH_3390,Person_8695,male,86,85-89,,,,0,,
HH_3390,Person_8696,male,90,90-94,,,,0,,
HH_3391,Person_8697,female,21,20-24,Person_8700,Person_8700,,0,,Edificio Juan Benet
HH_3391,Person_8698,male,8,5-9,Person_8700,Person_8700,,0,,
HH_3391,Person_8699,female,3,0-4,Person_8700,Person_8700,,0,,
HH_3391,Person_8700,female,51,50-54,,,Person_8701,3,,Madrid
HH_3391,Person_8701,female,48,45-49,,,Person_8700,3,,Madrid
HH_3392,Person_8702,male,22,20-24,Person_8706,,,0,Madrid,
HH_3392,Person_8703,female,12,10-14,Person_8706,,,0,Madrid,
HH_3392,Person_8704,male,29,25-29,Person_8706,,,0,Madrid,Fundación IMDEA Networks
HH_3392,Person_8705,male,26,25-29,Person_8706,,,0,Madrid,Fundación IMDEA Networks
HH_3392,Person_8706,male,54,50-54,,,,4,Madrid,
HH_3393,Person_8707,female,73,70-74,,,,0,,
HH_3393,Person_8708,male,91,90-94,,,,0,,
HH_3394,Person_8709,female,76,75-79,,,,0,,
HH_3394,Person_8710,male,49,45-49,,,,0,,Madrid
HH_3395,Person_8711,male,24,20-24,,,,0,Alcorcon,
HH_3395,Person_8712,male,43,40-44,,,,0,Alcorcon,
HH_3396,Person_8713,female,12,10-14,,Person_8717,,0,,Edificio Octavio Paz
HH_3396,Person_8714,female,7,5-9,,Person_8717,,0,,
HH_3396,Person_8715,female,21,20-24,,Person_8717,,0,,
HH_3396,Person_8716,male,12,10-14,,Person_8717,,0,,Centro Ocupacional Juan Ramón Jiménez
HH_3396,Person_8717,female,37,35-39,,,,4,,Madrid
HH_3397,Person_8718,female,44,40-44,,Person_8719,,0,,Madrid
HH_3397,Person_8719,female,87,85-89,,,,1,,
HH_3398,Person_8720,male,0,0-4,Person_8721,Person_8721,,0,,
HH_3398,Person_8721,female,27,25-29,,,Person_8722,1,,Madrid
HH_3398,Person_8722,female,26,25-29,,,Person_8721,1,,Madrid
HH_3399,Person_8723,female,36,35-39,,,,0,,Madrid
HH_3399,Person_8724,female,58,55-59,,,,0,,Madrid
HH_3400,Person_8725,male,62,60-64,,,,0,,Madrid
HH_3401,Person_8726,female,25,25-29,Person_8728,Person_8728,,0,Alcorcon,
HH_3401,Person_8727,female,27,25-29,Person_8728,Person_8728,,0,Alcorcon,
HH_3401,Person_8728,female,67,65-69,,,Person_8729,2,Alcorcon,
HH_3401,Person_8729,female,70,70-74,,,Person_8728,2,Alcorcon,
HH_3402,Person_8730,male,34,30-34,Person_8731,Person_8731,,0,,Madrid
HH_3402,Person_8731,female,60,60-64,,,Person_8732,1,,
HH_3402,Person_8732,female,52,50-54,,,Person_8731,1,,
HH_3403,Person_8733,male,73,70-74,,,,0,,
HH_3403,Person_8734,female,53,50-54,,,,0,,Madrid
HH_3404,Person_8735,female,69,65-69,,,,0,,
HH_3405,Person_8736,male,13,10-14,Person_8737,Person_8737,,0,Extremadura,
HH_3405,Person_8737,male,57,55-59,,,Person_8738,1,Extremadura,
HH_3405,Person_8738,male,36,35-39,,,Person_8737,1,Extremadura,
HH_3406,Person_8739,female,69,65-69,,,,0,,
HH_3406,Person_8740,female,29,25-29,,,,0,,
HH_3407,Person_8741,male,49,45-49,,,,0,,Madrid
HH_3408,Person_8742,male,77,75-79,,,,0,Madrid,
HH_3409,Person_8743,female,25,25-29,,,,0,,Madrid
HH_3410,Person_8744,female,6,5-9,Person_8746,Person_8746,,0,,
HH_3410,Person_8745,male,32,30-34,Person_8746,Person_8746,,0,,Mostoles
HH_3410,Person_8746,female,51,50-54,,,Person_8747,2,,Madrid
HH_3410,Person_8747,female,49,45-49,,,Person_8746,2,,Madrid
HH_3411,Person_8748,female,14,10-14,,Person_8752,,0,Madrid,
HH_3411,Person_8749,female,17,15-19,,Person_8752,,0,Madrid,
HH_3411,Person_8750,male,8,5-9,,Person_8752,,0,Madrid,
HH_3411,Person_8751,female,11,10-14,,Person_8752,,0,Madrid,
HH_3411,Person_8752,female,32,30-34,,,,4,Madrid,
HH_3412,Person_8753,female,96,95-99,,,,0,Madrid,
HH_3412,Person_8754,male,45,45-49,,,,0,Madrid,
HH_3413,Person_8755,male,53,50-54,,,,0,,Madrid
HH_3414,Person_8756,female,69,65-69,,,,0,Madrid,
HH_3415,Person_8757,male,11,10-14,Person_8760,,,0,,
HH_3415,Person_8758,female,13,10-14,Person_8760,,,0,,
HH_3415,Person_8759,female,19,15-19,Person_8760,,,0,,Madrid
HH_3415,Person_8760,male,34,30-34,,,,3,,Madrid
HH_3416,Person_8761,female,42,40-44,,,,0,,Madrid
HH_3417,Person_8762,male,83,80-84,,,,0,Mostoles,
HH_3418,Person_8763,male,31,30-34,Person_8764,Person_8764,,0,,Getafe norte
HH_3418,Person_8764,female,74,70-74,,,Person_8765,1,,
HH_3418,Person_8765,female,85,85-89,,,Person_8764,1,,
HH_3419,Person_8766,male,6,5-9,Person_8768,,,0,,
HH_3419,Person_8767,female,12,10-14,Person_8768,,,0,,
HH_3419,Person_8768,male,48,45-49,,,,2,,Madrid
HH_3420,Person_8769,male,16,15-19,Person_8772,,,0,,
HH_3420,Person_8770,male,26,25-29,Person_8772,,,0,,
HH_3420,Person_8771,female,7,5-9,Person_8772,,,0,,
HH_3420,Person_8772,male,60,60-64,,,,3,,
HH_3421,Person_8773,male,25,25-29,Person_8775,Person_8775,,0,,Edificio Sabatini
HH_3421,Person_8774,male,34,30-34,Person_8775,Person_8775,,0,,
HH_3421,Person_8775,female,53,50-54,,,Person_8776,2,,Madrid
HH_3421,Person_8776,female,78,75-79,,,Person_8775,2,,
HH_3422,Person_8777,female,97,95-99,,,,0,Madrid,
HH_3422,Person_8778,male,50,50-54,,,,0,Madrid,
HH_3423,Person_8779,female,4,0-4,Person_8780,,,0,,
HH_3423,Person_8780,male,29,25-29,,,,1,,Edificio Juan Benet
HH_3424,Person_8781,female,2,0-4,Person_8782,Person_8782,,0,,Escuela Infantil Rosa Caramelo
HH_3424,Person_8782,female,45,45-49,,,Person_8783,1,,
HH_3424,Person_8783,female,50,50-54,,,Person_8782,1,,Madrid
HH_3425,Person_8784,male,26,25-29,Person_8785,Person_8785,,0,Alcorcon,Edificio Torres Quevedo
HH_3425,Person_8785,male,57,55-59,,,Person_8786,1,Alcorcon,
HH_3425,Person_8786,male,48,45-49,,,Person_8785,1,Alcorcon,
HH_3426,Person_8787,female,66,65-69,,,,0,,
HH_3426,Person_8788,female,61,60-64,,,,0,,Madrid
HH_3427,Person_8789,female,83,80-84,,,,0,Madrid,
HH_3427,Person_8790,male,97,95-99,,,,0,Madrid,
HH_3428,Person_8791,female,24,20-24,Person_8793,Person_8793,,0,,
HH_3428,Person_8792,female,25,25-29,Person_8793,Person_8793,,0,,Biblioteca Rey Pastor
HH_3428,Person_8793,male,56,55-59,,,Person_8794,2,,Madrid
HH_3428,Person_8794,male,43,40-44,,,Person_8793,2,,Madrid
HH_3429,Person_8795,male,85,85-89,,,,0,,
HH_3429,Person_8796,female,39,35-39,,,,0,,Madrid
HH_3430,Person_8797,male,21,20-24,Person_8799,Person_8799,,0,,Fundación IMDEA Networks
HH_3430,Person_8798,male,28,25-29,Person_8799,Person_8799,,0,,
HH_3430,Person_8799,female,57,55-59,,,Person_8800,2,,Madrid
HH_3430,Person_8800,female,70,70-74,,,Person_8799,2,,
HH_3431,Person_8801,male,5,5-9,Person_8803,Person_8803,,0,Fuenlabrada,
HH_3431,Person_8802,female,28,25-29,Person_8803,Person_8803,,0,Fuenlabrada,
HH_3431,Person_8803,male,59,55-59,,,Person_8804,2,Fuenlabrada,
HH_3431,Person_8804,male,51,50-54,,,Person_8803,2,Fuenlabrada,
HH_3432,Person_8805,female,34,30-34,,Person_8806,,0,,Madrid
HH_3432,Person_8806,female,63,60-64,,,,1,,
HH_3433,Person_8807,male,69,65-69,,,,0,,
HH_3433,Person_8808,female,69,65-69,,,,0,,
HH_3433,Person_8809,female,37,35-39,,,,0,,Extremadura
HH_3433,Person_8810,male,44,40-44,,,,0,,Madrid
HH_3434,Person_8811,male,30,30-34,,,,0,,Edificio Sabatini
HH_3435,Person_8812,male,86,85-89,,,,0,,
HH_3435,Person_8813,female,45,45-49,,,,0,,Madrid
HH_3436,Person_8814,female,25,25-29,,,,0,Madrid,
HH_3437,Person_8815,male,23,20-24,Person_8817,Person_8817,,0,,
HH_3437,Person_8816,female,27,25-29,Person_8817,Person_8817,,0,,Edificio Juan Benet
HH_3437,Person_8817,male,68,65-69,,,Person_8818,2,,
HH_3437,Person_8818,male,72,70-74,,,Person_8817,2,,
HH_3438,Person_8819,male,20,20-24,Person_8822,,,0,,Getafe norte
HH_3438,Person_8820,female,5,5-9,Person_8822,,,0,,
HH_3438,Person_8821,female,19,15-19,Person_8822,,,0,,Biblioteca Rey Pastor
HH_3438,Person_8822,male,58,55-59,,,,3,,Madrid
HH_3439,Person_8823,female,36,35-39,Person_8825,Person_8825,,0,Madrid,
HH_3439,Person_8824,male,25,25-29,Person_8825,Person_8825,,0,Madrid,Centro de Atención a Personas con Discapacidad Física de Leganés
HH_3439,Person_8825,female,73,70-74,,,Person_8826,2,Madrid,
HH_3439,Person_8826,female,57,55-59,,,Person_8825,2,Madrid,
HH_3440,Person_8827,male,1,0-4,Person_8828,Person_8828,,0,Madrid,Escuela Infantil Rosa Caramelo
HH_3440,Person_8828,male,35,35-39,,,Person_8829,1,Madrid,
HH_3440,Person_8829,male,48,45-49,,,Person_8828,1,Madrid,
HH_3441,Person_8830,male,24,20-24,Person_8831,Person_8831,,0,,Edificio Torres Quevedo
HH_3441,Person_8831,female,57,55-59,,,Person_8832,1,,
HH_3441,Person_8832,female,54,50-54,,,Person_8831,1,,
HH_3442,Person_8833,female,3,0-4,Person_8835,Person_8835,,0,Getafe norte,Escuela Infantil Rosa Caramelo
HH_3442,Person_8834,male,35,35-39,Person_8835,Person_8835,,0,Getafe norte,
HH_3442,Person_8835,female,78,75-79,,,Person_8836,2,Getafe norte,
HH_3442,Person_8836,female,70,70-74,,,Person_8835,2,Getafe norte,
HH_3443,Person_8837,female,58,55-59,,,,0,,Madrid
HH_3444,Person_8838,female,62,60-64,,,,0,,Madrid
HH_3444,Person_8839,male,78,75-79,,,,0,,
HH_3445,Person_8840,male,76,75-79,,,,0,Madrid,
HH_3445,Person_8841,female,57,55-59,,,,0,Madrid,
HH_3445,Person_8842,female,54,50-54,,,,0,Madrid,
HH_3445,Person_8843,female,56,55-59,,,,0,Madrid,Parque de Bomberos - Leganés.
HH_3446,Person_8844,female,2,0-4,,Person_8845,,0,Madrid,
HH_3446,Person_8845,female,17,15-19,,,,1,Madrid,
HH_3447,Person_8846,male,24,20-24,Person_8848,Person_8848,,0,Madrid,
HH_3447,Person_8847,male,27,25-29,Person_8848,Person_8848,,0,Madrid,
HH_3447,Person_8848,male,57,55-59,,,Person_8849,2,Madrid,
HH_3447,Person_8849,male,72,70-74,,,Person_8848,2,Madrid,
HH_3448,Person_8850,female,3,0-4,Person_8853,Person_8853,,0,,
HH_3448,Person_8851,female,6,5-9,Person_8853,Person_8853,,0,,
HH_3448,Person_8852,female,10,10-14,Person_8853,Person_8853,,0,,
HH_3448,Person_8853,female,35,35-39,,,Person_8854,3,,Madrid
HH_3448,Person_8854,female,30,30-34,,,Person_8853,3,,Madrid
HH_3449,Person_8855,male,95,95-99,,,,0,Mostoles,
HH_3449,Person_8856,female,59,55-59,,,,0,Mostoles,
HH_3450,Person_8857,male,24,20-24,Person_8859,Person_8859,,0,,Edificio Agustín de Betancourt
HH_3450,Person_8858,male,28,25-29,Person_8859,Person_8859,,0,,Madrid
HH_3450,Person_8859,male,67,65-69,,,Person_8860,2,,
HH_3450,Person_8860,male,55,55-59,,,Person_8859,2,,
HH_3451,Person_8861,female,43,40-44,,,,0,,Madrid
HH_3451,Person_8862,male,35,35-39,,,,0,,Madrid
HH_3452,Person_8863,female,26,25-29,Person_8864,Person_8864,,0,,Biblioteca Rey Pastor
HH_3452,Person_8864,female,43,40-44,,,Person_8865,1,,Madrid
HH_3452,Person_8865,female,37,35-39,,,Person_8864,1,,Madrid
HH_3453,Person_8866,female,58,55-59,,,,0,,Madrid
HH_3454,Person_8867,female,21,20-24,Person_8869,Person_8869,,0,,Edificio Torres Quevedo
HH_3454,Person_8868,female,25,25-29,Person_8869,Person_8869,,0,,Madrid
HH_3454,Person_8869,male,65,65-69,,,Person_8870,2,,
HH_3454,Person_8870,male,35,35-39,,,Person_8869,2,,
HH_3455,Person_8871,female,68,65-69,,,,0,,
HH_3456,Person_8872,female,39,35-39,,,,0,,Getafe norte
HH_3457,Person_8873,female,21,20-24,Person_8874,Person_8874,,0,,Parque Científico de la Universidad Carlos III de Madrid
HH_3457,Person_8874,male,60,60-64,,,Person_8875,1,,Madrid
HH_3457,Person_8875,male,53,50-54,,,Person_8874,1,,Madrid
HH_3458,Person_8876,female,65,65-69,,,,0,,
HH_3459,Person_8877,male,4,0-4,Person_8878,Person_8878,,0,,
HH_3459,Person_8878,female,34,30-34,,,Person_8879,1,,Madrid
HH_3459,Person_8879,female,36,35-39,,,Person_8878,1,,Madrid
HH_3460,Person_8880,female,65,65-69,,,,0,,
HH_3461,Person_8881,female,14,10-14,,Person_8885,,0,,
HH_3461,Person_8882,female,0,0-4,,Person_8885,,0,,
HH_3461,Person_8883,female,7,5-9,,Person_8885,,0,,Edificio Juan de Mairena
HH_3461,Person_8884,male,13,10-14,,Person_8885,,0,,
HH_3461,Person_8885,female,55,55-59,,,,4,,Madrid
HH_3462,Person_8886,male,76,75-79,,,,0,,
HH_3462,Person_8887,male,78,75-79,,,,0,,
HH_3463,Person_8888,female,52,50-54,,,,0,,Madrid
HH_3463,Person_8889,male,34,30-34,,,,0,,
HH_3464,Person_8890,male,17,15-19,Person_8891,Person_8891,,0,,
HH_3464,Person_8891,female,50,50-54,,,Person_8892,1,,Madrid
HH_3464,Person_8892,female,36,35-39,,,Person_8891,1,,Madrid
HH_3465,Person_8893,female,43,40-44,,,,0,Fuenlabrada,
HH_3465,Person_8894,female,87,85-89,,,,0,Fuenlabrada,
HH_3466,Person_8895,male,80,80-84,,,,0,Madrid,
HH_3466,Person_8896,female,57,55-59,,,,0,Madrid,
HH_3467,Person_8897,female,63,60-64,,,,0,,Madrid
HH_3468,Person_8898,female,72,70-74,,,,0,Alcorcon,
HH_3469,Person_8899,female,79,75-79,,,,0,,
HH_3470,Person_8900,male,20,20-24,,,,0,Mostoles,Edificio Juan Benet
HH_3470,Person_8901,female,96,95-99,,,,0,Mostoles,
HH_3471,Person_8902,male,34,30-34,,Person_8903,,0,,Madrid
HH_3471,Person_8903,female,59,55-59,,,,1,,Madrid
HH_3472,Person_8904,female,18,15-19,Person_8905,Person_8905,,0,,Madrid
HH_3472,Person_8905,female,37,35-39,,,Person_8906,1,,Madrid
HH_3472,Person_8906,female,44,40-44,,,Person_8905,1,,Madrid
HH_3473,Person_8907,male,5,5-9,,Person_8908,,0,,Escuela Infantil Rosa Caramelo
HH_3473,Person_8908,female,47,45-49,,,,1,,Madrid
HH_3474,Person_8909,male,12,10-14,Person_8910,Person_8910,,0,,
HH_3474,Person_8910,female,53,50-54,,,Person_8911,1,,Madrid
HH_3474,Person_8911,female,49,45-49,,,Person_8910,1,,
HH_3475,Person_8912,female,21,20-24,,Person_8914,,0,,
HH_3475,Person_8913,male,25,25-29,,Person_8914,,0,,Edificio Torres Quevedo
HH_3475,Person_8914,female,63,60-64,,,,2,,Madrid
HH_3476,Person_8915,female,21,20-24,Person_8916,Person_8916,,0,,
HH_3476,Person_8916,male,55,55-59,,,Person_8917,1,,Madrid
HH_3476,Person_8917,male,40,40-44,,,Person_8916,1,,Madrid
HH_3477,Person_8918,female,16,15-19,Person_8919,Person_8919,,0,,guardería
HH_3477,Person_8919,female,49,45-49,,,Person_8920,1,,Madrid
HH_3477,Person_8920,female,45,45-49,,,Person_8919,1,,
HH_3478,Person_8921,male,46,45-49,,,,0,,Getafe norte
HH_3479,Person_8922,male,18,15-19,,,,0,,Edificio Sabatini
HH_3480,Person_8923,male,84,80-84,,,,0,Fuenlabrada,
HH_3480,Person_8924,male,88,85-89,,,,0,Fuenlabrada,
HH_3481,Person_8925,female,74,70-74,,,,0,Alcorcon,
HH_3481,Person_8926,female,55,55-59,,,,0,Alcorcon,
HH_3482,Person_8927,female,21,20-24,,,,0,,Madrid
HH_3482,Person_8928,male,49,45-49,,,,0,,Madrid
HH_3483,Person_8929,male,29,25-29,,Person_8930,,0,,Madrid
HH_3483,Person_8930,female,43,40-44,,,,1,,Madrid
HH_3484,Person_8931,female,23,20-24,Person_8932,,,0,Madrid,
HH_3484,Person_8932,male,55,55-59,,,,1,Madrid,
HH_3485,Person_8933,male,22,20-24,,,,0,,Madrid
HH_3485,Person_8934,female,76,75-79,,,,0,,
HH_3486,Person_8935,male,94,90-94,,,,0,Alcorcon,
HH_3486,Person_8936,male,57,55-59,,,,0,Alcorcon,SNB Solo Neumáticos Baratos
HH_3487,Person_8937,female,29,25-29,Person_8938,Person_8938,,0,,Edificio Juan Benet
HH_3487,Person_8938,male,64,60-64,,,Person_8939,1,,Madrid
HH_3487,Person_8939,male,68,65-69,,,Person_8938,1,,
HH_3488,Person_8940,female,5,5-9,Person_8944,,,0,,
HH_3488,Person_8941,female,2,0-4,Person_8944,,,0,,
HH_3488,Person_8942,female,8,5-9,Person_8944,,,0,,
HH_3488,Person_8943,male,9,5-9,Person_8944,,,0,,
HH_3488,Person_8944,male,24,20-24,,,,4,,
HH_3489,Person_8945,female,1,0-4,Person_8947,Person_8947,,0,,Escuela Infantil Rosa Caramelo
HH_3489,Person_8946,male,26,25-29,Person_8947,Person_8947,,0,,Edificio Agustín de Betancourt
HH_3489,Person_8947,male,53,50-54,,,Person_8948,2,,Madrid
HH_3489,Person_8948,male,45,45-49,,,Person_8947,2,,Madrid
HH_3490,Person_8949,female,75,75-79,,,,0,Fuenlabrada,
HH_3491,Person_8950,female,22,20-24,Person_8953,,,0,,
HH_3491,Person_8951,male,0,0-4,Person_8953,,,0,,
HH_3491,Person_8952,female,2,0-4,Person_8953,,,0,,
HH_3491,Person_8953,male,51,50-54,,,,3,,
HH_3492,Person_8954,female,72,70-74,,,,0,,
HH_3492,Person_8955,female,36,35-39,,,,0,,Madrid
HH_3492,Person_8956,male,81,80-84,,,,0,,
HH_3492,Person_8957,female,85,85-89,,,,0,,
HH_3492,Person_8958,female,49,45-49,,,,0,,Madrid
HH_3493,Person_8959,male,27,25-29,Person_8961,Person_8961,,0,,
HH_3493,Person_8960,female,26,25-29,Person_8961,Person_8961,,0,,Parque Científico de la Universidad Carlos III de Madrid
HH_3493,Person_8961,female,46,45-49,,,Person_8962,2,,Madrid
HH_3493,Person_8962,female,50,50-54,,,Person_8961,2,,Mostoles
HH_3494,Person_8963,female,74,70-74,,,,0,,
HH_3495,Person_8964,female,15,15-19,Person_8965,Person_8965,,0,Alcorcon,
HH_3495,Person_8965,male,42,40-44,,,Person_8966,1,Alcorcon,
HH_3495,Person_8966,male,44,40-44,,,Person_8965,1,Alcorcon,
HH_3496,Person_8967,male,68,65-69,,,,0,Fuenlabrada,
HH_3496,Person_8968,male,60,60-64,,,,0,Fuenlabrada,
HH_3497,Person_8969,female,42,40-44,,,,0,,Madrid
HH_3497,Person_8970,female,24,20-24,,,,0,,Madrid
HH_3498,Person_8971,female,45,45-49,,,,0,,Madrid
HH_3498,Person_8972,male,97,95-99,,,,0,,
HH_3499,Person_8973,female,5,5-9,Person_8975,Person_8975,,0,,
HH_3499,Person_8974,female,29,25-29,Person_8975,Person_8975,,0,,Biblioteca Rey Pastor
HH_3499,Person_8975,male,68,65-69,,,Person_8976,2,,
HH_3499,Person_8976,male,44,40-44,,,Person_8975,2,,Madrid
HH_3500,Person_8977,male,53,50-54,,,,0,,Madrid
HH_3500,Person_8978,male,88,85-89,,,,0,,
HH_3500,Person_8979,male,43,40-44,,,,0,,Madrid
HH_3501,Person_8980,male,36,35-39,,Person_8981,,0,,Madrid
HH_3501,Person_8981,female,75,75-79,,,,1,,
HH_3502,Person_8982,female,97,95-99,,,,0,,
HH_3502,Person_8983,male,54,50-54,,,,0,,Madrid
HH_3502,Person_8984,female,85,85-89,,,,0,,
HH_3502,Person_8985,male,82,80-84,,,,0,,
HH_3503,Person_8986,female,36,35-39,Person_8987,,,0,,
HH_3503,Person_8987,male,77,75-79,,,,1,,
HH_3504,Person_8988,female,81,80-84,Person_8989,,,0,Madrid,
HH_3504,Person_8989,male,109,100-120,,,,1,Madrid,
HH_3505,Person_8990,female,56,55-59,,,,0,Madrid,
HH_3506,Person_8991,male,72,70-74,,,,0,,
HH_3507,Person_8992,male,59,55-59,,,,0,,Madrid
HH_3507,Person_8993,male,45,45-49,,,,0,,
HH_3508,Person_8994,male,19,15-19,,,,0,,Parque Científico de la Universidad Carlos III de Madrid
HH_3509,Person_8995,male,20,20-24,Person_8996,Person_8996,,0,,
HH_3509,Person_8996,female,45,45-49,,,Person_8997,1,,Madrid
HH_3509,Person_8997,female,52,50-54,,,Person_8996,1,,Madrid
HH_3510,Person_8998,female,9,5-9,Person_8999,Person_8999,,0,,
HH_3510,Person_8999,female,28,25-29,,,Person_9000,1,,
HH_3510,Person_9000,female,27,25-29,,,Person_8999,1,,
HH_3511,Person_9001,female,8,5-9,Person_9004,Person_9004,,0,Madrid,
HH_3511,Person_9002,female,4,0-4,Person_9004,Person_9004,,0,Madrid,
HH_3511,Person_9003,female,9,5-9,Person_9004,Person_9004,,0,Madrid,
HH_3511,Person_9004,male,35,35-39,,,Person_9005,3,Madrid,
HH_3511,Person_9005,male,35,35-39,,,Person_9004,3,Madrid,
HH_3512,Person_9006,female,99,95-99,,,,0,,
HH_3512,Person_9007,male,58,55-59,,,,0,,Madrid
HH_3513,Person_9008,male,70,70-74,,,,0,,
HH_3514,Person_9009,female,73,70-74,,,,0,,
HH_3514,Person_9010,male,26,25-29,,,,0,,
HH_3515,Person_9011,female,16,15-19,Person_9013,Person_9013,,0,Getafe norte,
HH_3515,Person_9012,female,32,30-34,Person_9013,Person_9013,,0,Getafe norte,EcoAli
HH_3515,Person_9013,male,59,55-59,,,Person_9014,2,Getafe norte,
HH_3515,Person_9014,male,49,45-49,,,Person_9013,2,Getafe norte,
HH_3516,Person_9015,female,90,90-94,,,,0,,
HH_3516,Person_9016,male,61,60-64,,,,0,,Madrid
HH_3517,Person_9017,female,32,30-34,Person_9018,,,0,,Madrid
HH_3517,Person_9018,male,59,55-59,,,,1,,Madrid
HH_3518,Person_9019,female,22,20-24,Person_9021,Person_9021,,0,Extremadura,
HH_3518,Person_9020,female,33,30-34,Person_9021,Person_9021,,0,Extremadura,Alcampo
HH_3518,Person_9021,female,73,70-74,,,Person_9022,2,Extremadura,
HH_3518,Person_9022,female,60,60-64,,,Person_9021,2,Extremadura,
HH_3519,Person_9023,female,80,80-84,,,,0,,
HH_3519,Person_9024,male,73,70-74,,,,0,,
HH_3520,Person_9025,male,86,85-89,,,,0,,
HH_3520,Person_9026,female,88,85-89,,,,0,,
HH_3520,Person_9027,female,30,30-34,,,,0,,Madrid
HH_3521,Person_9028,male,6,5-9,Person_9031,,,0,,
HH_3521,Person_9029,female,14,10-14,Person_9031,,,0,,
HH_3521,Person_9030,male,9,5-9,Person_9031,,,0,,
HH_3521,Person_9031,male,49,45-49,,,,3,,Madrid
HH_3522,Person_9032,female,67,65-69,,,,0,Fuenlabrada,
HH_3523,Person_9033,female,90,90-94,,,,0,Fuenlabrada,
HH_3523,Person_9034,female,25,25-29,,,,0,Fuenlabrada,
HH_3524,Person_9035,female,12,10-14,Person_9037,Person_9037,,0,,
HH_3524,Person_9036,female,26,25-29,Person_9037,Person_9037,,0,,Madrid
HH_3524,Person_9037,male,53,50-54,,,Person_9038,2,,Madrid
HH_3524,Person_9038,male,46,45-49,,,Person_9037,2,,
HH_3525,Person_9039,male,1,0-4,Person_9041,Person_9041,,0,Madrid,
HH_3525,Person_9040,female,25,25-29,Person_9041,Person_9041,,0,Madrid,Edificio Torres Quevedo
HH_3525,Person_9041,male,51,50-54,,,Person_9042,2,Madrid,
HH_3525,Person_9042,male,51,50-54,,,Person_9041,2,Madrid,
HH_3526,Person_9043,female,9,5-9,Person_9044,Person_9044,,0,,Escuela Infantil El Romancero
HH_3526,Person_9044,female,40,40-44,,,Person_9045,1,,Madrid
HH_3526,Person_9045,female,44,40-44,,,Person_9044,1,,Madrid
HH_3527,Person_9046,male,22,20-24,,,,0,,Alcorcon
HH_3528,Person_9047,female,92,90-94,,,,0,,
HH_3528,Person_9048,male,97,95-99,,,,0,,
HH_3529,Person_9049,female,45,45-49,,,,0,,Madrid
HH_3529,Person_9050,male,20,20-24,,,,0,,
HH_3530,Person_9051,male,75,75-79,,,,0,,
HH_3531,Person_9052,female,25,25-29,Person_9055,,,0,,
HH_3531,Person_9053,female,35,35-39,Person_9055,,,0,,Madrid
HH_3531,Person_9054,female,24,20-24,Person_9055,,,0,,Madrid
HH_3531,Person_9055,male,67,65-69,,,,3,,
HH_3532,Person_9056,female,80,80-84,,,,0,Madrid,
HH_3532,Person_9057,male,74,70-74,,,,0,Madrid,
HH_3533,Person_9058,male,15,15-19,Person_9059,Person_9059,,0,,
HH_3533,Person_9059,male,46,45-49,,,Person_9060,1,,Getafe norte
HH_3533,Person_9060,male,40,40-44,,,Person_9059,1,,
HH_3534,Person_9061,female,69,65-69,,,,0,,
HH_3535,Person_9062,female,21,20-24,Person_9064,Person_9064,,0,Fuenlabrada,Edificio Agustín de Betancourt
HH_3535,Person_9063,male,32,30-34,Person_9064,Person_9064,,0,Fuenlabrada,
HH_3535,Person_9064,male,75,75-79,,,Person_9065,2,Fuenlabrada,
HH_3535,Person_9065,male,56,55-59,,,Person_9064,2,Fuenlabrada,
HH_3536,Person_9066,female,32,30-34,Person_9067,,,0,Madrid,
HH_3536,Person_9067,male,63,60-64,,,,1,Madrid,
HH_3537,Person_9068,female,29,25-29,,,,0,,Edificio Sabatini
HH_3537,Person_9069,female,58,55-59,,,,0,,Madrid
HH_3538,Person_9070,male,88,85-89,,,,0,Fuenlabrada,
HH_3538,Person_9071,female,66,65-69,,,,0,Fuenlabrada,
HH_3539,Person_9072,male,2,0-4,Person_9074,Person_9074,,0,,
HH_3539,Person_9073,male,33,30-34,Person_9074,Person_9074,,0,,
HH_3539,Person_9074,female,59,55-59,,,Person_9075,2,,Getafe norte
HH_3539,Person_9075,female,72,70-74,,,Person_9074,2,,
HH_3540,Person_9076,female,45,45-49,,,,0,,Madrid
HH_3540,Person_9077,female,49,45-49,,,,0,,Madrid
HH_3541,Person_9078,female,7,5-9,Person_9079,Person_9079,,0,,
HH_3541,Person_9079,male,50,50-54,,,Person_9080,1,,Madrid
HH_3541,Person_9080,male,48,45-49,,,Person_9079,1,,
HH_3542,Person_9081,male,91,90-94,,,,0,Madrid,
HH_3542,Person_9082,female,28,25-29,,,,0,Madrid,
HH_3543,Person_9083,female,74,70-74,,,,0,,
HH_3544,Person_9084,female,50,50-54,,,,0,Mostoles,
HH_3545,Person_9085,male,26,25-29,,,,0,Ermita de San Cristóbal,
HH_3545,Person_9086,female,29,25-29,,,,0,Ermita de San Cristóbal,Madrid
HH_3546,Person_9087,male,57,55-59,,,,0,,Madrid
HH_3546,Person_9088,male,28,25-29,,,,0,,Edificio Torres Quevedo
HH_3547,Person_9089,female,18,15-19,Person_9090,Person_9090,,0,Madrid,Edificio Torres Quevedo
HH_3547,Person_9090,male,45,45-49,,,Person_9091,1,Madrid,
HH_3547,Person_9091,male,46,45-49,,,Person_9090,1,Madrid,
HH_3548,Person_9092,female,75,75-79,,,,0,,
HH_3548,Person_9093,male,74,70-74,,,,0,,
HH_3549,Person_9094,female,17,15-19,,Person_9098,,0,,
HH_3549,Person_9095,female,8,5-9,,Person_9098,,0,,
HH_3549,Person_9096,male,24,20-24,,Person_9098,,0,,Madrid
HH_3549,Person_9097,male,21,20-24,,Person_9098,,0,,Parque Científico de la Universidad Carlos III de Madrid
HH_3549,Person_9098,female,42,40-44,,,,4,,Madrid
HH_3550,Person_9099,male,6,5-9,Person_9101,Person_9101,,0,,
HH_3550,Person_9100,female,26,25-29,Person_9101,Person_9101,,0,,Madrid
HH_3550,Person_9101,male,69,65-69,,,Person_9102,2,,
HH_3550,Person_9102,male,51,50-54,,,Person_9101,2,,Madrid
HH_3551,Person_9103,female,82,80-84,,,,0,Fuenlabrada,
HH_3551,Person_9104,female,47,45-49,,,,0,Fuenlabrada,
HH_3552,Person_9105,male,35,35-39,Person_9106,Person_9106,,0,,Madrid
HH_3552,Person_9106,male,68,65-69,,,Person_9107,1,,
HH_3552,Person_9107,male,77,75-79,,,Person_9106,1,,
HH_3553,Person_9108,female,23,20-24,Person_9110,Person_9110,,0,,Fuenlabrada
HH_3553,Person_9109,female,25,25-29,Person_9110,Person_9110,,0,,
HH_3553,Person_9110,female,58,55-59,,,Person_9111,2,,Madrid
HH_3553,Person_9111,female,65,65-69,,,Person_9110,2,,
HH_3554,Person_9112,female,29,25-29,,,,0,,
HH_3555,Person_9113,female,92,90-94,,,,0,,
HH_3555,Person_9114,female,26,25-29,,,,0,,Madrid
HH_3556,Person_9115,male,65,65-69,,,,0,,
HH_3557,Person_9116,male,36,35-39,,,,0,,Madrid
HH_3557,Person_9117,female,98,95-99,,,,0,,
HH_3558,Person_9118,male,30,30-34,,,,0,Madrid,Edificio Torres Quevedo
HH_3558,Person_9119,female,93,90-94,,,,0,Madrid,
HH_3559,Person_9120,female,10,10-14,Person_9122,Person_9122,,0,,guardería
HH_3559,Person_9121,female,29,25-29,Person_9122,Person_9122,,0,,
HH_3559,Person_9122,male,63,60-64,,,Person_9123,2,,Madrid
HH_3559,Person_9123,male,58,55-59,,,Person_9122,2,,Madrid
HH_3560,Person_9124,male,98,95-99,,,,0,Fuenlabrada,
HH_3560,Person_9125,male,75,75-79,,,,0,Fuenlabrada,
HH_3561,Person_9126,male,9,5-9,Person_9127,Person_9127,,0,,
HH_3561,Person_9127,female,38,35-39,,,Person_9128,1,,Madrid
HH_3561,Person_9128,female,42,40-44,,,Person_9127,1,,Madrid
HH_3562,Person_9129,male,12,10-14,Person_9131,Person_9131,,0,Madrid,
HH_3562,Person_9130,female,25,25-29,Person_9131,Person_9131,,0,Madrid,
HH_3562,Person_9131,female,52,50-54,,,Person_9132,2,Madrid,
HH_3562,Person_9132,female,51,50-54,,,Person_9131,2,Madrid,Unidad de Rehabiltación
HH_3563,Person_9133,male,66,65-69,,,,0,Madrid,
HH_3563,Person_9134,male,49,45-49,,,,0,Madrid,
HH_3564,Person_9135,male,16,15-19,Person_9137,Person_9137,,0,,
HH_3564,Person_9136,female,25,25-29,Person_9137,Person_9137,,0,,Edificio Sabatini
HH_3564,Person_9137,female,44,40-44,,,Person_9138,2,,Madrid
HH_3564,Person_9138,female,37,35-39,,,Person_9137,2,,Alcorcon
HH_3565,Person_9139,female,4,0-4,Person_9141,Person_9141,,0,,
HH_3565,Person_9140,male,25,25-29,Person_9141,Person_9141,,0,,Edificio Agustín de Betancourt
HH_3565,Person_9141,female,51,50-54,,,Person_9142,2,,Madrid
HH_3565,Person_9142,female,54,50-54,,,Person_9141,2,,Hiper Road
HH_3566,Person_9143,male,14,10-14,Person_9145,Person_9145,,0,Getafe norte,
HH_3566,Person_9144,female,30,30-34,Person_9145,Person_9145,,0,Getafe norte,
HH_3566,Person_9145,female,60,60-64,,,Person_9146,2,Getafe norte,
HH_3566,Person_9146,female,73,70-74,,,Person_9145,2,Getafe norte,
HH_3567,Person_9147,male,23,20-24,,,,0,,Edificio Juan Benet
HH_3568,Person_9148,male,13,10-14,Person_9149,Person_9149,,0,Mostoles,
HH_3568,Person_9149,female,44,40-44,,,Person_9150,1,Mostoles,
HH_3568,Person_9150,female,47,45-49,,,Person_9149,1,Mostoles,
HH_3569,Person_9151,female,1,0-4,Person_9152,Person_9152,,0,,Escuela Infantil Rosa Caramelo
HH_3569,Person_9152,female,20,20-24,,,Person_9153,1,,
HH_3569,Person_9153,female,40,40-44,,,Person_9152,1,,Madrid
HH_3570,Person_9154,male,24,20-24,Person_9156,Person_9156,,0,,Parque Científico de la Universidad Carlos III de Madrid
HH_3570,Person_9155,male,31,30-34,Person_9156,Person_9156,,0,,Madrid
HH_3570,Person_9156,male,57,55-59,,,Person_9157,2,,Madrid
HH_3570,Person_9157,male,51,50-54,,,Person_9156,2,,Madrid
HH_3571,Person_9158,female,24,20-24,Person_9160,Person_9160,,0,,Getafe norte
HH_3571,Person_9159,female,28,25-29,Person_9160,Person_9160,,0,,Edificio Sabatini
HH_3571,Person_9160,male,59,55-59,,,Person_9161,2,,Getafe norte
HH_3571,Person_9161,male,50,50-54,,,Person_9160,2,,Madrid
HH_3572,Person_9162,male,23,20-24,Person_9163,,,0,Getafe norte,
HH_3572,Person_9163,male,49,45-49,,,,1,Getafe norte,
HH_3573,Person_9164,female,81,80-84,,,,0,,
HH_3573,Person_9165,male,61,60-64,,,,0,,Madrid
HH_3574,Person_9166,male,47,45-49,,,,0,,
HH_3575,Person_9167,male,21,20-24,,,,0,,Madrid
HH_3575,Person_9168,female,32,30-34,,,,0,,
HH_3576,Person_9169,male,43,40-44,,,,0,,Madrid
HH_3576,Person_9170,male,88,85-89,,,,0,,
HH_3577,Person_9171,male,32,30-34,,,,0,,Madrid
HH_3577,Person_9172,female,38,35-39,,,,0,,Madrid
HH_3578,Person_9173,male,54,50-54,,,,0,,Madrid
HH_3579,Person_9174,female,22,20-24,Person_9176,Person_9176,,0,,Parque Científico de la Universidad Carlos III de Madrid
HH_3579,Person_9175,male,27,25-29,Person_9176,Person_9176,,0,,
HH_3579,Person_9176,male,54,50-54,,,Person_9177,2,,Madrid
HH_3579,Person_9177,male,45,45-49,,,Person_9176,2,,
HH_3580,Person_9178,female,92,90-94,,,,0,Madrid,
HH_3580,Person_9179,male,95,95-99,,,,0,Madrid,
HH_3581,Person_9180,male,34,30-34,,,,0,,Madrid
HH_3581,Person_9181,male,99,95-99,,,,0,,
HH_3582,Person_9182,male,11,10-14,Person_9185,,,0,,
HH_3582,Person_9183,male,4,0-4,Person_9185,,,0,,
HH_3582,Person_9184,female,16,15-19,Person_9185,,,0,,
HH_3582,Person_9185,male,45,45-49,,,,3,,Madrid
HH_3583,Person_9186,male,30,30-34,Person_9187,Person_9187,,0,,
HH_3583,Person_9187,female,70,70-74,,,Person_9188,1,,
HH_3583,Person_9188,female,65,65-69,,,Person_9187,1,,
HH_3584,Person_9189,female,4,0-4,Person_9190,Person_9190,,0,Madrid,
HH_3584,Person_9190,male,35,35-39,,,Person_9191,1,Madrid,
HH_3584,Person_9191,male,24,20-24,,,Person_9190,1,Madrid,
HH_3585,Person_9192,female,0,0-4,Person_9194,,,0,,
HH_3585,Person_9193,female,0,0-4,Person_9194,,,0,,
HH_3585,Person_9194,male,34,30-34,,,,2,,Madrid
HH_3586,Person_9195,female,60,60-64,,Person_9197,,0,,Madrid
HH_3586,Person_9196,male,75,75-79,,Person_9197,,0,,
HH_3586,Person_9197,female,27,25-29,,Person_9197,,5,,
HH_3586,Person_9198,male,87,85-89,,Person_9197,,0,,
HH_3586,Person_9199,male,49,45-49,,Person_9197,,0,,Madrid
HH_3587,Person_9200,female,47,45-49,,,,0,Madrid,
HH_3587,Person_9201,male,55,55-59,,,,0,Madrid,
HH_3587,Person_9202,female,70,70-74,,,,0,Madrid,
HH_3587,Person_9203,male,92,90-94,,,,0,Madrid,
HH_3588,Person_9204,male,29,25-29,,Person_9205,,0,Getafe norte,Edificio Juan Benet
HH_3588,Person_9205,female,71,70-74,,,,1,Getafe norte,
HH_3589,Person_9206,male,33,30-34,,,,0,Alcorcon,
HH_3589,Person_9207,male,30,30-34,,,,0,Alcorcon,Fundación IMDEA Networks
HH_3590,Person_9208,female,87,85-89,,,,0,Madrid,
HH_3590,Person_9209,male,36,35-39,,,,0,Madrid,
HH_3591,Person_9210,male,2,0-4,,Person_9211,,0,Madrid,
HH_3591,Person_9211,female,46,45-49,,,,1,Madrid,
HH_3592,Person_9212,male,81,80-84,,,,0,,
HH_3592,Person_9213,female,76,75-79,,,,0,,
HH_3593,Person_9214,male,7,5-9,,Person_9215,,0,Madrid,Centro Ocupacional Juan Ramón Jiménez
HH_3593,Person_9215,female,49,45-49,,,,1,Madrid,Sánchez Elez Sanabria
HH_3594,Person_9216,female,33,30-34,Person_9217,Person_9217,,0,,Madrid
HH_3594,Person_9217,female,64,60-64,,,Person_9218,1,,Fuenlabrada
HH_3594,Person_9218,female,49,45-49,,,Person_9217,1,,Madrid
HH_3595,Person_9219,male,60,60-64,,,,0,,Madrid
HH_3595,Person_9220,female,73,70-74,,,,0,,
HH_3596,Person_9221,female,5,5-9,Person_9224,,,0,,
HH_3596,Person_9222,male,10,10-14,Person_9224,,,0,,
HH_3596,Person_9223,female,1,0-4,Person_9224,,,0,,
HH_3596,Person_9224,male,38,35-39,,,,3,,Madrid
HH_3597,Person_9225,female,72,70-74,,,,0,,
HH_3598,Person_9226,male,18,15-19,Person_9228,Person_9228,,0,,
HH_3598,Person_9227,female,28,25-29,Person_9228,Person_9228,,0,,
HH_3598,Person_9228,male,60,60-64,,,Person_9229,2,,Madrid
HH_3598,Person_9229,male,52,50-54,,,Person_9228,2,,Madrid
HH_3599,Person_9230,male,15,15-19,Person_9231,Person_9231,,0,,
HH_3599,Person_9231,male,42,40-44,,,Person_9232,1,,Madrid
HH_3599,Person_9232,male,49,45-49,,,Person_9231,1,,Madrid
HH_3600,Person_9233,female,43,40-44,,,,0,Centro de Formación Volkswagen,Madrid
HH_3601,Person_9234,male,30,30-34,Person_9235,Person_9235,,0,Alcorcon,
HH_3601,Person_9235,male,65,65-69,,,Person_9236,1,Alcorcon,
HH_3601,Person_9236,male,65,65-69,,,Person_9235,1,Alcorcon,
HH_3602,Person_9237,female,31,30-34,,,,0,,Madrid
HH_3602,Person_9238,female,81,80-84,,,,0,,
HH_3603,Person_9239,female,54,50-54,,,,0,,Madrid
HH_3604,Person_9240,male,24,20-24,Person_9243,,,0,Madrid,Edificio Torres Quevedo
HH_3604,Person_9241,female,20,20-24,Person_9243,,,0,Madrid,Edificio Sabatini
HH_3604,Person_9242,male,15,15-19,Person_9243,,,0,Madrid,
HH_3604,Person_9243,male,54,50-54,,,,3,Madrid,
HH_3605,Person_9244,male,5,5-9,Person_9245,Person_9245,,0,Fuenlabrada,
HH_3605,Person_9245,female,33,30-34,,,Person_9246,1,Fuenlabrada,
HH_3605,Person_9246,female,39,35-39,,,Person_9245,1,Fuenlabrada,
HH_3606,Person_9247,male,21,20-24,Person_9249,Person_9249,,0,,Parque Científico de la Universidad Carlos III de Madrid
HH_3606,Person_9248,female,32,30-34,Person_9249,Person_9249,,0,,Madrid
HH_3606,Person_9249,female,62,60-64,,,Person_9250,2,,Madrid
HH_3606,Person_9250,female,72,70-74,,,Person_9249,2,,
HH_3607,Person_9251,female,32,30-34,Person_9253,Person_9253,,0,,Madrid
HH_3607,Person_9252,female,36,35-39,Person_9253,Person_9253,,0,,Madrid
HH_3607,Person_9253,female,71,70-74,,,Person_9254,2,,
HH_3607,Person_9254,female,67,65-69,,,Person_9253,2,,
HH_3608,Person_9255,male,46,45-49,,,,0,Madrid,ITV Lidercon
HH_3609,Person_9256,female,39,35-39,,,,0,Madrid,
HH_3609,Person_9257,female,64,60-64,,,,0,Madrid,
HH_3610,Person_9258,female,24,20-24,Person_9260,Person_9260,,0,Fuenlabrada,
HH_3610,Person_9259,male,30,30-34,Person_9260,Person_9260,,0,Fuenlabrada,
HH_3610,Person_9260,male,60,60-64,,,Person_9261,2,Fuenlabrada,
HH_3610,Person_9261,male,51,50-54,,,Person_9260,2,Fuenlabrada,
HH_3611,Person_9262,female,19,15-19,Person_9263,Person_9263,,0,,Madrid
HH_3611,Person_9263,female,44,40-44,,,Person_9264,1,,Extremadura
HH_3611,Person_9264,female,54,50-54,,,Person_9263,1,,Madrid
HH_3612,Person_9265,female,15,15-19,,Person_9267,,0,,
HH_3612,Person_9266,male,9,5-9,,Person_9267,,0,,
HH_3612,Person_9267,female,34,30-34,,,,2,,Madrid
HH_3613,Person_9268,female,75,75-79,,,,0,,
HH_3614,Person_9269,male,33,30-34,,,,0,,Madrid
HH_3615,Person_9270,male,36,35-39,,,,0,,Madrid
HH_3616,Person_9271,female,14,10-14,Person_9272,,,0,,
HH_3616,Person_9272,male,54,50-54,,,,1,,Madrid
HH_3617,Person_9273,male,26,25-29,,,,0,,Biblioteca Rey Pastor
HH_3617,Person_9274,male,34,30-34,,,,0,,Madrid
HH_3618,Person_9275,female,53,50-54,,,,0,,Madrid
HH_3618,Person_9276,male,38,35-39,,,,0,,Madrid
HH_3619,Person_9277,female,76,75-79,,,,0,Fuenlabrada,
HH_3619,Person_9278,male,93,90-94,,,,0,Fuenlabrada,
HH_3620,Person_9279,female,52,50-54,,,,0,,Madrid
HH_3620,Person_9280,female,26,25-29,,,,0,,Madrid
HH_3621,Person_9281,female,62,60-64,,,,0,,
HH_3621,Person_9282,female,18,15-19,,,,0,,
HH_3622,Person_9283,female,23,20-24,Person_9284,Person_9284,,0,,
HH_3622,Person_9284,male,65,65-69,,,Person_9285,1,,
HH_3622,Person_9285,male,58,55-59,,,Person_9284,1,,Madrid
HH_3623,Person_9286,male,59,55-59,,,,0,,Madrid
HH_3623,Person_9287,male,76,75-79,,,,0,,
HH_3624,Person_9288,female,18,15-19,,,,0,,Fuenlabrada
HH_3624,Person_9289,female,48,45-49,,,,0,,Mostoles
HH_3625,Person_9290,female,67,65-69,,,,0,,
HH_3626,Person_9291,male,84,80-84,,,,0,Madrid,
HH_3627,Person_9292,male,28,25-29,,,,0,Centro Cultural Julián Besteiro,Edificio Sabatini
HH_3628,Person_9293,male,13,10-14,Person_9295,Person_9295,,0,Mostoles,
HH_3628,Person_9294,male,32,30-34,Person_9295,Person_9295,,0,Mostoles,
HH_3628,Person_9295,female,68,65-69,,,Person_9296,2,Mostoles,
HH_3628,Person_9296,female,76,75-79,,,Person_9295,2,Mostoles,
HH_3629,Person_9297,female,43,40-44,Person_9298,,,0,Ford,Madrid
HH_3629,Person_9298,male,70,70-74,,,,1,Ford,
HH_3630,Person_9299,female,80,80-84,,,,0,,
HH_3631,Person_9300,female,26,25-29,,,,0,,Madrid
HH_3631,Person_9301,female,42,40-44,,,,0,,Madrid
HH_3631,Person_9302,female,55,55-59,,,,0,,Madrid
HH_3632,Person_9303,male,59,55-59,,,,0,,Madrid
HH_3632,Person_9304,male,42,40-44,,,,0,,Getafe norte
HH_3633,Person_9305,male,16,15-19,Person_9306,Person_9306,,0,,
HH_3633,Person_9306,male,42,40-44,,,Person_9307,1,,Madrid
HH_3633,Person_9307,male,47,45-49,,,Person_9306,1,,Getafe norte
HH_3634,Person_9308,female,15,15-19,Person_9311,Person_9311,,0,Madrid,
HH_3634,Person_9309,female,8,5-9,Person_9311,Person_9311,,0,Madrid,
HH_3634,Person_9310,female,1,0-4,Person_9311,Person_9311,,0,Madrid,
HH_3634,Person_9311,female,44,40-44,,,Person_9312,3,Madrid,
HH_3634,Person_9312,female,40,40-44,,,Person_9311,3,Madrid,
HH_3635,Person_9313,female,18,15-19,Person_9314,Person_9314,,0,Madrid,
HH_3635,Person_9314,male,43,40-44,,,Person_9315,1,Madrid,
HH_3635,Person_9315,male,42,40-44,,,Person_9314,1,Madrid,
HH_3636,Person_9316,female,82,80-84,,,,0,,
HH_3636,Person_9317,female,28,25-29,,,,0,,Biblioteca Rey Pastor
HH_3637,Person_9318,male,0,0-4,,Person_9321,,0,,Escuela Infantil Rosa Caramelo
HH_3637,Person_9319,female,1,0-4,,Person_9321,,0,,
HH_3637,Person_9320,female,4,0-4,,Person_9321,,0,,
HH_3637,Person_9321,female,46,45-49,,,,3,,
HH_3638,Person_9322,male,61,60-64,,,,0,Madrid,
HH_3639,Person_9323,female,5,5-9,Person_9325,Person_9325,,0,,
HH_3639,Person_9324,female,26,25-29,Person_9325,Person_9325,,0,,Parque Científico de la Universidad Carlos III de Madrid
HH_3639,Person_9325,female,68,65-69,,,Person_9326,2,,
HH_3639,Person_9326,female,62,60-64,,,Person_9325,2,,Madrid
HH_3640,Person_9327,female,30,30-34,,,,0,Madrid,Edificio Sabatini
HH_3641,Person_9328,male,37,35-39,,,,0,,
HH_3642,Person_9329,female,59,55-59,,,,0,,
HH_3642,Person_9330,female,30,30-34,,,,0,,Edificio Sabatini
HH_3642,Person_9331,male,27,25-29,,,,0,,
HH_3642,Person_9332,male,53,50-54,,,,0,,Madrid
HH_3642,Person_9333,female,62,60-64,,,,0,,Getafe norte
HH_3643,Person_9334,female,74,70-74,,,,0,,
HH_3644,Person_9335,male,74,70-74,,,,0,,
HH_3645,Person_9336,female,52,50-54,,,,0,,Getafe norte
HH_3645,Person_9337,female,38,35-39,,,,0,,Fuenlabrada
HH_3646,Person_9338,male,13,10-14,Person_9339,Person_9339,,0,Madrid,guardería
HH_3646,Person_9339,female,46,45-49,,,Person_9340,1,Madrid,
HH_3646,Person_9340,female,45,45-49,,,Person_9339,1,Madrid,Edificio Octavio Paz
HH_3647,Person_9341,female,93,90-94,Person_9343,Person_9343,,0,Madrid,
HH_3647,Person_9342,male,35,35-39,Person_9343,Person_9343,,0,Madrid,Grupo Ruiz
HH_3647,Person_9343,male,120,100-120,,,Person_9344,2,Madrid,
HH_3647,Person_9344,male,53,50-54,,,Person_9343,2,Madrid,
HH_3648,Person_9345,female,13,10-14,Person_9346,,,0,,
HH_3648,Person_9346,male,50,50-54,,,,1,,Madrid
HH_3649,Person_9347,male,15,15-19,Person_9348,Person_9348,,0,Mostoles,
HH_3649,Person_9348,female,57,55-59,,,Person_9349,1,Mostoles,
HH_3649,Person_9349,female,76,75-79,,,Person_9348,1,Mostoles,
HH_3650,Person_9350,female,12,10-14,Person_9352,Person_9352,,0,,
HH_3650,Person_9351,female,28,25-29,Person_9352,Person_9352,,0,,
HH_3650,Person_9352,male,63,60-64,,,Person_9353,2,,Madrid
HH_3650,Person_9353,male,78,75-79,,,Person_9352,2,,
HH_3651,Person_9354,male,77,75-79,,,,0,Fuenlabrada,
HH_3652,Person_9355,male,27,25-29,Person_9357,,,0,,Biblioteca Rey Pastor
HH_3652,Person_9356,male,31,30-34,Person_9357,,,0,,Madrid
HH_3652,Person_9357,male,72,70-74,,,,2,,
HH_3653,Person_9358,female,23,20-24,Person_9360,Person_9360,,0,,
HH_3653,Person_9359,female,29,25-29,Person_9360,Person_9360,,0,,Madrid
HH_3653,Person_9360,female,56,55-59,,,Person_9361,2,,Madrid
HH_3653,Person_9361,female,59,55-59,,,Person_9360,2,,Mostoles
HH_3654,Person_9362,male,46,45-49,,,,0,,Madrid
HH_3654,Person_9363,female,67,65-69,,,,0,,
HH_3655,Person_9364,female,60,60-64,,,,0,,Getafe norte
HH_3655,Person_9365,female,82,80-84,,,,0,,
HH_3655,Person_9366,female,20,20-24,,,,0,,
HH_3656,Person_9367,female,82,80-84,,,,0,Madrid,
HH_3656,Person_9368,male,79,75-79,,,,0,Madrid,
HH_3657,Person_9369,female,72,70-74,,,,0,Alcorcon,
HH_3658,Person_9370,female,43,40-44,Person_9371,,,0,,Mostoles
HH_3658,Person_9371,male,75,75-79,,,,1,,
HH_3659,Person_9372,female,25,25-29,Person_9374,Person_9374,,0,,
HH_3659,Person_9373,female,32,30-34,Person_9374,Person_9374,,0,,Madrid
HH_3659,Person_9374,female,64,60-64,,,Person_9375,2,,Madrid
HH_3659,Person_9375,female,64,60-64,,,Person_9374,2,,Madrid
HH_3660,Person_9376,male,99,95-99,,,,0,Madrid,
HH_3660,Person_9377,male,75,75-79,,,,0,Madrid,
HH_3661,Person_9378,female,1,0-4,Person_9380,,,0,Fuenlabrada,
HH_3661,Person_9379,male,6,5-9,Person_9380,,,0,Fuenlabrada,Edificio Juan de Mairena
HH_3661,Person_9380,male,40,40-44,,,,2,Fuenlabrada,
HH_3662,Person_9381,female,62,60-64,,Person_9382,,0,,Madrid
HH_3662,Person_9382,female,95,95-99,,,,1,,
HH_3663,Person_9383,female,63,60-64,,,,0,Mostoles,
HH_3664,Person_9384,female,31,30-34,Person_9385,Person_9385,,0,,Alcorcon
HH_3664,Person_9385,male,71,70-74,,,Person_9386,1,,
HH_3664,Person_9386,male,53,50-54,,,Person_9385,1,,Mostoles
HH_3665,Person_9387,male,47,45-49,,,,0,,Madrid
HH_3666,Person_9388,male,5,5-9,,Person_9389,,0,,
HH_3666,Person_9389,female,38,35-39,,,,1,,Madrid
HH_3667,Person_9390,female,74,70-74,,,,0,Madrid,
HH_3667,Person_9391,male,26,25-29,,,,0,Madrid,
HH_3668,Person_9392,male,45,45-49,Person_9393,Person_9393,,0,,Mostoles
HH_3668,Person_9393,male,77,75-79,,,Person_9394,1,,
HH_3668,Person_9394,male,86,85-89,,,Person_9393,1,,
HH_3669,Person_9395,female,65,65-69,,,,0,,
HH_3670,Person_9396,female,79,75-79,,,,0,,
HH_3671,Person_9397,female,82,80-84,Person_9398,,,0,Residencia El Encinar Leganés,
HH_3671,Person_9398,male,113,100-120,,,,1,Residencia El Encinar Leganés,
HH_3672,Person_9399,male,15,15-19,,Person_9400,,0,Fuenlabrada,
HH_3672,Person_9400,female,40,40-44,,,,1,Fuenlabrada,
HH_3673,Person_9401,female,71,70-74,,,,0,,
HH_3673,Person_9402,male,68,65-69,,,,0,,
HH_3674,Person_9403,male,80,80-84,,,,0,,
HH_3674,Person_9404,male,65,65-69,,,,0,,
HH_3675,Person_9405,female,9,5-9,Person_9407,Person_9407,,0,,
HH_3675,Person_9406,female,29,25-29,Person_9407,Person_9407,,0,,Madrid
HH_3675,Person_9407,female,46,45-49,,,Person_9408,2,,Madrid
HH_3675,Person_9408,female,43,40-44,,,Person_9407,2,,Madrid
HH_3676,Person_9409,female,3,0-4,Person_9411,Person_9411,,0,,
HH_3676,Person_9410,female,32,30-34,Person_9411,Person_9411,,0,,Madrid
HH_3676,Person_9411,male,63,60-64,,,Person_9412,2,,Madrid
HH_3676,Person_9412,male,48,45-49,,,Person_9411,2,,Madrid
HH_3677,Person_9413,male,0,0-4,Person_9415,Person_9415,,0,,
HH_3677,Person_9414,female,32,30-34,Person_9415,Person_9415,,0,,
HH_3677,Person_9415,male,57,55-59,,,Person_9416,2,,Getafe norte
HH_3677,Person_9416,male,46,45-49,,,Person_9415,2,,Madrid
HH_3678,Person_9417,female,70,70-74,,,,0,Madrid,
HH_3679,Person_9418,female,88,85-89,,,,0,,
HH_3679,Person_9419,female,87,85-89,,,,0,,
HH_3679,Person_9420,male,69,65-69,,,,0,,
HH_3679,Person_9421,male,63,60-64,,,,0,,Madrid
HH_3679,Person_9422,female,54,50-54,,,,0,,Madrid
HH_3680,Person_9423,male,2,0-4,Person_9425,Person_9425,,0,,
HH_3680,Person_9424,female,34,30-34,Person_9425,Person_9425,,0,,Madrid
HH_3680,Person_9425,male,74,70-74,,,Person_9426,2,,
HH_3680,Person_9426,male,51,50-54,,,Person_9425,2,,Madrid
HH_3681,Person_9427,female,33,30-34,Person_9428,Person_9428,,0,Madrid,
HH_3681,Person_9428,female,62,60-64,,,Person_9429,1,Madrid,
HH_3681,Person_9429,female,76,75-79,,,Person_9428,1,Madrid,
HH_3682,Person_9430,female,60,60-64,,,,0,,Madrid
HH_3683,Person_9431,male,19,15-19,Person_9433,,,0,,Madrid
HH_3683,Person_9432,male,29,25-29,Person_9433,,,0,,Edificio Juan Benet
HH_3683,Person_9433,male,68,65-69,,,,2,,
HH_3684,Person_9434,male,9,5-9,Person_9436,Person_9436,,0,,
HH_3684,Person_9435,female,30,30-34,Person_9436,Person_9436,,0,,Madrid
HH_3684,Person_9436,male,55,55-59,,,Person_9437,2,,
HH_3684,Person_9437,male,57,55-59,,,Person_9436,2,,Madrid
HH_3685,Person_9438,female,34,30-34,,,,0,Madrid,
HH_3686,Person_9439,female,99,95-99,Person_9441,Person_9441,,0,,
HH_3686,Person_9440,female,44,40-44,Person_9441,Person_9441,,0,,Madrid
HH_3686,Person_9441,female,109,100-120,,,Person_9442,2,,
HH_3686,Person_9442,female,65,65-69,,,Person_9441,2,,
HH_3687,Person_9443,female,83,80-84,,,,0,Fuenlabrada,
HH_3687,Person_9444,male,85,85-89,,,,0,Fuenlabrada,
HH_3688,Person_9445,male,88,85-89,,,,0,,
HH_3688,Person_9446,male,42,40-44,,,,0,,Mostoles
HH_3689,Person_9447,male,33,30-34,,,,0,Fuenlabrada,
HH_3689,Person_9448,male,56,55-59,,,,0,Fuenlabrada,
HH_3690,Person_9449,male,63,60-64,,,,0,Fuenlabrada,
HH_3691,Person_9450,female,1,0-4,Person_9451,Person_9451,,0,,
HH_3691,Person_9451,male,35,35-39,,,Person_9452,1,,Honda
HH_3691,Person_9452,male,35,35-39,,,Person_9451,1,,Madrid
HH_3692,Person_9453,female,83,80-84,,,,0,,
HH_3693,Person_9454,female,16,15-19,,Person_9457,,0,Fuenlabrada,
HH_3693,Person_9455,male,20,20-24,,Person_9457,,0,Fuenlabrada,
HH_3693,Person_9456,female,7,5-9,,Person_9457,,0,Fuenlabrada,
HH_3693,Person_9457,female,54,50-54,,,,3,Fuenlabrada,Carrefour Express
HH_3694,Person_9458,female,6,5-9,,Person_9459,,0,,
HH_3694,Person_9459,female,32,30-34,,,,1,,Madrid
HH_3695,Person_9460,female,77,75-79,,,,0,,
HH_3696,Person_9461,female,17,15-19,,Person_9465,,0,Madrid,
HH_3696,Person_9462,male,19,15-19,,Person_9465,,0,Madrid,
HH_3696,Person_9463,male,17,15-19,,Person_9465,,0,Madrid,
HH_3696,Person_9464,female,12,10-14,,Person_9465,,0,Madrid,
HH_3696,Person_9465,female,44,40-44,,,,4,Madrid,
HH_3697,Person_9466,female,9,5-9,Person_9468,Person_9468,,0,,
HH_3697,Person_9467,female,30,30-34,Person_9468,Person_9468,,0,,Edificio Agustín de Betancourt
HH_3697,Person_9468,male,58,55-59,,,Person_9469,2,,Madrid
HH_3697,Person_9469,male,34,30-34,,,Person_9468,2,,Getafe norte
HH_3698,Person_9470,male,2,0-4,Person_9473,Person_9473,,0,,Escuela Infantil Rosa Caramelo
HH_3698,Person_9471,male,5,5-9,Person_9473,Person_9473,,0,,
HH_3698,Person_9472,male,3,0-4,Person_9473,Person_9473,,0,,
HH_3698,Person_9473,male,36,35-39,,,Person_9474,3,,Madrid
HH_3698,Person_9474,male,34,30-34,,,Person_9473,3,,
HH_3699,Person_9475,female,8,5-9,Person_9476,,,0,,
HH_3699,Person_9476,male,39,35-39,,,,1,,Persianas Hernández
HH_3700,Person_9477,male,35,35-39,,,,0,,Getafe norte
HH_3700,Person_9478,male,39,35-39,,,,0,,Madrid
HH_3701,Person_9479,female,9,5-9,Person_9481,Person_9481,,0,Madrid,
HH_3701,Person_9480,female,34,30-34,Person_9481,Person_9481,,0,Madrid,
HH_3701,Person_9481,female,66,65-69,,,Person_9482,2,Madrid,
HH_3701,Person_9482,female,88,85-89,,,Person_9481,2,Madrid,
HH_3702,Person_9483,female,25,25-29,Person_9484,,,0,Mostoles,
HH_3702,Person_9484,male,57,55-59,,,,1,Mostoles,
HH_3703,Person_9485,female,32,30-34,Person_9486,Person_9486,,0,,
HH_3703,Person_9486,male,63,60-64,,,Person_9487,1,,Madrid
HH_3703,Person_9487,male,46,45-49,,,Person_9486,1,,
HH_3704,Person_9488,female,71,70-74,,,,0,,
HH_3704,Person_9489,male,30,30-34,,,,0,,
HH_3705,Person_9490,male,98,95-99,,,,0,Madrid,
HH_3705,Person_9491,male,46,45-49,,,,0,Madrid,
HH_3705,Person_9492,female,57,55-59,,,,0,Madrid,
HH_3706,Person_9493,male,19,15-19,Person_9494,Person_9494,,0,Alcorcon,
HH_3706,Person_9494,male,60,60-64,,,Person_9495,1,Alcorcon,
HH_3706,Person_9495,male,59,55-59,,,Person_9494,1,Alcorcon,
HH_3707,Person_9496,male,71,70-74,,,,0,Madrid,
HH_3708,Person_9497,male,90,90-94,,,,0,,
HH_3708,Person_9498,female,25,25-29,,,,0,,Edificio Agustín de Betancourt
HH_3709,Person_9499,male,14,10-14,Person_9500,Person_9500,,0,Getafe norte,
HH_3709,Person_9500,female,48,45-49,,,Person_9501,1,Getafe norte,
HH_3709,Person_9501,female,48,45-49,,,Person_9500,1,Getafe norte,
HH_3710,Person_9502,female,42,40-44,,,,0,,Getafe norte
HH_3711,Person_9503,female,1,0-4,,Person_9507,,0,Polideportivo Alfredo Di Stefano,
HH_3711,Person_9504,male,2,0-4,,Person_9507,,0,Polideportivo Alfredo Di Stefano,
HH_3711,Person_9505,female,9,5-9,,Person_9507,,0,Polideportivo Alfredo Di Stefano,
HH_3711,Person_9506,male,7,5-9,,Person_9507,,0,Polideportivo Alfredo Di Stefano,
HH_3711,Person_9507,female,41,40-44,,,,4,Polideportivo Alfredo Di Stefano,Getafe norte
HH_3712,Person_9508,male,67,65-69,,,,0,,
HH_3713,Person_9509,male,56,55-59,,,,0,,Fuenlabrada
HH_3714,Person_9510,male,22,20-24,Person_9512,Person_9512,,0,,Edificio Juan Benet
HH_3714,Person_9511,male,33,30-34,Person_9512,Person_9512,,0,,Madrid
HH_3714,Person_9512,male,64,60-64,,,Person_9513,2,,Madrid
HH_3714,Person_9513,male,52,50-54,,,Person_9512,2,,Madrid
HH_3715,Person_9514,female,21,20-24,Person_9515,,,0,,Edificio Agustín de Betancourt
HH_3715,Person_9515,male,47,45-49,,,,1,,
HH_3716,Person_9516,male,61,60-64,,,,0,,
HH_3716,Person_9517,male,76,75-79,,,,0,,
HH_3717,Person_9518,female,3,0-4,Person_9519,Person_9519,,0,,
HH_3717,Person_9519,male,29,25-29,,,Person_9520,1,,Edificio Torres Quevedo
HH_3717,Person_9520,male,28,25-29,,,Person_9519,1,,Fundación IMDEA Networks
HH_3718,Person_9521,female,80,80-84,,,,0,,
HH_3719,Person_9522,male,75,75-79,,,,0,,
HH_3719,Person_9523,male,61,60-64,,,,0,,Madrid
HH_3720,Person_9524,female,22,20-24,Person_9526,Person_9526,,0,,Madrid
HH_3720,Person_9525,female,30,30-34,Person_9526,Person_9526,,0,,Fundación IMDEA Networks
HH_3720,Person_9526,male,61,60-64,,,Person_9527,2,,Fuenlabrada
HH_3720,Person_9527,male,53,50-54,,,Person_9526,2,,Madrid
HH_3721,Person_9528,male,21,20-24,,,,0,,
HH_3721,Person_9529,male,54,50-54,,,,0,,Getafe norte
HH_3722,Person_9530,male,33,30-34,,,,0,,Madrid
HH_3722,Person_9531,female,23,20-24,,,,0,,Parque Científico de la Universidad Carlos III de Madrid
HH_3723,Person_9532,male,3,0-4,Person_9534,Person_9534,,0,Alcorcon,
HH_3723,Person_9533,male,35,35-39,Person_9534,Person_9534,,0,Alcorcon,
HH_3723,Person_9534,female,72,70-74,,,Person_9535,2,Alcorcon,
HH_3723,Person_9535,female,77,75-79,,,Person_9534,2,Alcorcon,
HH_3724,Person_9536,female,85,85-89,Person_9537,,,0,,
HH_3724,Person_9537,male,116,100-120,,,,1,,
HH_3725,Person_9538,female,67,65-69,,,,0,,
HH_3726,Person_9539,male,24,20-24,Person_9543,,,0,Madrid,Edificio Juan Benet
HH_3726,Person_9540,male,5,5-9,Person_9543,,,0,Madrid,
HH_3726,Person_9541,female,32,30-34,Person_9543,,,0,Madrid,
HH_3726,Person_9542,female,17,15-19,Person_9543,,,0,Madrid,
HH_3726,Person_9543,male,70,70-74,,,,4,Madrid,
HH_3727,Person_9544,male,73,70-74,,,,0,,
HH_3727,Person_9545,female,91,90-94,,,,0,,
HH_3728,Person_9546,female,15,15-19,Person_9547,Person_9547,,0,Madrid,
HH_3728,Person_9547,female,33,30-34,,,Person_9548,1,Madrid,
HH_3728,Person_9548,female,49,45-49,,,Person_9547,1,Madrid,
HH_3729,Person_9549,female,62,60-64,,,,0,,Madrid
HH_3729,Person_9550,male,39,35-39,,,,0,,
HH_3730,Person_9551,male,79,75-79,,,,0,,
HH_3731,Person_9552,female,64,60-64,,,,0,Madrid,
HH_3732,Person_9553,female,54,50-54,,,,0,,Madrid
HH_3732,Person_9554,male,20,20-24,,,,0,,Madrid
HH_3732,Person_9555,male,87,85-89,,,,0,,
HH_3733,Person_9556,male,32,30-34,,,,0,,Getafe norte
HH_3734,Person_9557,male,15,15-19,Person_9559,Person_9559,,0,,
HH_3734,Person_9558,female,25,25-29,Person_9559,Person_9559,,0,,Edificio Torres Quevedo
HH_3734,Person_9559,female,56,55-59,,,Person_9560,2,,Alcorcon
HH_3734,Person_9560,female,72,70-74,,,Person_9559,2,,
HH_3735,Person_9561,female,53,50-54,,,,0,Mostoles,Nacex
HH_3735,Person_9562,male,56,55-59,,,,0,Mostoles,
HH_3736,Person_9563,male,61,60-64,,,,0,Madrid,
HH_3737,Person_9564,female,3,0-4,Person_9568,,,0,Madrid,Escuela Infantil Rosa Caramelo
HH_3737,Person_9565,male,9,5-9,Person_9568,,,0,Madrid,
HH_3737,Person_9566,male,10,10-14,Person_9568,,,0,Madrid,
HH_3737,Person_9567,male,7,5-9,Person_9568,,,0,Madrid,
HH_3737,Person_9568,male,27,25-29,,,,4,Madrid,
HH_3738,Person_9569,male,46,45-49,,,,0,,Madrid
HH_3739,Person_9570,female,71,70-74,,,,0,,
HH_3740,Person_9571,male,1,0-4,,Person_9575,,0,Madrid,
HH_3740,Person_9572,male,9,5-9,,Person_9575,,0,Madrid,
HH_3740,Person_9573,female,8,5-9,,Person_9575,,0,Madrid,
HH_3740,Person_9574,female,2,0-4,,Person_9575,,0,Madrid,
HH_3740,Person_9575,female,42,40-44,,,,4,Madrid,
HH_3741,Person_9576,male,63,60-64,,,,0,Fuenlabrada,
HH_3741,Person_9577,female,85,85-89,,,,0,Fuenlabrada,
HH_3742,Person_9578,female,4,0-4,Person_9579,Person_9579,,0,,Escuela Infantil Rosa Caramelo
HH_3742,Person_9579,male,34,30-34,,,Person_9580,1,,Alcorcon
HH_3742,Person_9580,male,31,30-34,,,Person_9579,1,,Madrid
HH_3743,Person_9581,female,30,30-34,,,,0,Mostoles,
HH_3744,Person_9582,female,78,75-79,,,,0,,
HH_3744,Person_9583,female,18,15-19,,,,0,,
HH_3745,Person_9584,female,59,55-59,,,,0,Madrid,
HH_3745,Person_9585,male,25,25-29,,,,0,Madrid,Edificio Agustín de Betancourt
HH_3746,Person_9586,female,20,20-24,Person_9587,,,0,,Edificio Agustín de Betancourt
HH_3746,Person_9587,male,38,35-39,,,,1,,Madrid
HH_3747,Person_9588,female,83,80-84,,,,0,Madrid,
HH_3748,Person_9589,female,17,15-19,Person_9591,,,0,Fuenlabrada,
HH_3748,Person_9590,female,1,0-4,Person_9591,,,0,Fuenlabrada,
HH_3748,Person_9591,male,51,50-54,,,,2,Fuenlabrada,
HH_3749,Person_9592,female,91,90-94,,,,0,,
HH_3749,Person_9593,female,31,30-34,,,,0,,Madrid
HH_3749,Person_9594,female,59,55-59,,,,0,,Fuenlabrada
HH_3750,Person_9595,female,16,15-19,,Person_9596,,0,,
HH_3750,Person_9596,female,48,45-49,,,,1,,Fuenlabrada
HH_3751,Person_9597,male,14,10-14,Person_9599,Person_9599,,0,Madrid,
HH_3751,Person_9598,male,32,30-34,Person_9599,Person_9599,,0,Madrid,
HH_3751,Person_9599,female,59,55-59,,,Person_9600,2,Madrid,
HH_3751,Person_9600,female,82,80-84,,,Person_9599,2,Madrid,
HH_3752,Person_9601,male,66,65-69,,,,0,,
HH_3752,Person_9602,female,39,35-39,,,,0,,Fuenlabrada
HH_3753,Person_9603,female,20,20-24,Person_9605,Person_9605,,0,,Edificio Torres Quevedo
HH_3753,Person_9604,female,30,30-34,Person_9605,Person_9605,,0,,Madrid
HH_3753,Person_9605,female,58,55-59,,,Person_9606,2,,Madrid
HH_3753,Person_9606,female,50,50-54,,,Person_9605,2,,Madrid
HH_3754,Person_9607,male,14,10-14,,Person_9611,,0,,guardería
HH_3754,Person_9608,female,7,5-9,,Person_9611,,0,,
HH_3754,Person_9609,male,4,0-4,,Person_9611,,0,,Escuela Infantil Rosa Caramelo
HH_3754,Person_9610,male,1,0-4,,Person_9611,,0,,
HH_3754,Person_9611,female,48,45-49,,,,4,,Getafe norte
HH_3755,Person_9612,female,8,5-9,Person_9616,,,0,Madrid,
HH_3755,Person_9613,female,1,0-4,Person_9616,,,0,Madrid,
HH_3755,Person_9614,female,14,10-14,Person_9616,,,0,Madrid,
HH_3755,Person_9615,female,8,5-9,Person_9616,,,0,Madrid,
HH_3755,Person_9616,male,56,55-59,,,,4,Madrid,
HH_3756,Person_9617,male,27,25-29,Person_9618,Person_9618,,0,Madrid,Parque Científico de la Universidad Carlos III de Madrid
HH_3756,Person_9618,female,44,40-44,,,Person_9619,1,Madrid,
HH_3756,Person_9619,female,41,40-44,,,Person_9618,1,Madrid,
HH_3757,Person_9620,male,15,15-19,Person_9621,Person_9621,,0,,
HH_3757,Person_9621,male,32,30-34,,,Person_9622,1,,
HH_3757,Person_9622,male,28,25-29,,,Person_9621,1,,
HH_3758,Person_9623,female,65,65-69,,,,0,,
HH_3759,Person_9624,male,11,10-14,Person_9627,Person_9627,,0,,
HH_3759,Person_9625,male,15,15-19,Person_9627,Person_9627,,0,,
HH_3759,Person_9626,male,6,5-9,Person_9627,Person_9627,,0,,
HH_3759,Person_9627,male,45,45-49,,,Person_9628,3,,Madrid
HH_3759,Person_9628,male,36,35-39,,,Person_9627,3,,Madrid
HH_3760,Person_9629,female,53,50-54,,,,0,,Extremadura
HH_3761,Person_9630,male,77,75-79,,,,0,,
HH_3761,Person_9631,female,73,70-74,,,,0,,
HH_3762,Person_9632,female,59,55-59,,,,0,,Madrid
HH_3762,Person_9633,female,22,20-24,,,,0,,Edificio Juan Benet
HH_3762,Person_9634,female,96,95-99,,,,0,,
HH_3763,Person_9635,female,47,45-49,,,,0,,Madrid
HH_3763,Person_9636,male,31,30-34,,,,0,,Madrid
HH_3764,Person_9637,female,73,70-74,,,,0,Extremadura,
HH_3764,Person_9638,male,64,60-64,,,,0,Extremadura,
HH_3765,Person_9639,female,67,65-69,,,,0,Fuenlabrada,
HH_3765,Person_9640,female,23,20-24,,,,0,Fuenlabrada,
HH_3766,Person_9641,male,7,5-9,Person_9643,Person_9643,,0,,
HH_3766,Person_9642,male,35,35-39,Person_9643,Person_9643,,0,,Madrid
HH_3766,Person_9643,female,68,65-69,,,Person_9644,2,,
HH_3766,Person_9644,female,60,60-64,,,Person_9643,2,,Madrid
HH_3767,Person_9645,female,5,5-9,Person_9647,Person_9647,,0,,Escuela Infantil Rosa Caramelo
HH_3767,Person_9646,male,28,25-29,Person_9647,Person_9647,,0,,Edificio Torres Quevedo
HH_3767,Person_9647,male,57,55-59,,,Person_9648,2,,
HH_3767,Person_9648,male,34,30-34,,,Person_9647,2,,Madrid
HH_3768,Person_9649,female,34,30-34,,,,0,Madrid,
HH_3769,Person_9650,male,41,40-44,Person_9652,Person_9652,,0,,
HH_3769,Person_9651,female,48,45-49,Person_9652,Person_9652,,0,,Madrid
HH_3769,Person_9652,male,81,80-84,,,Person_9653,2,,
HH_3769,Person_9653,male,54,50-54,,,Person_9652,2,,Madrid
HH_3770,Person_9654,female,23,20-24,Person_9656,,,0,Madrid,Edificio Agustín de Betancourt
HH_3770,Person_9655,male,27,25-29,Person_9656,,,0,Madrid,Parque Científico de la Universidad Carlos III de Madrid
HH_3770,Person_9656,male,57,55-59,,,,2,Madrid,
HH_3771,Person_9657,male,21,20-24,,,,0,,
HH_3771,Person_9658,female,75,75-79,,,,0,,
HH_3772,Person_9659,male,78,75-79,,,,0,JYSK,
HH_3772,Person_9660,female,47,45-49,,,,0,JYSK,Madrid
HH_3773,Person_9661,female,71,70-74,,Person_9662,,0,Madrid,
HH_3773,Person_9662,female,100,100-120,,,,1,Madrid,
HH_3774,Person_9663,female,40,40-44,,Person_9664,,0,,Mostoles
HH_3774,Person_9664,female,67,65-69,,,,1,,
HH_3775,Person_9665,female,51,50-54,,,,0,,Madrid
HH_3775,Person_9666,female,34,30-34,,,,0,,
HH_3776,Person_9667,female,80,80-84,,,,0,Fuenlabrada,
HH_3777,Person_9668,female,21,20-24,,Person_9672,,0,,Madrid
HH_3777,Person_9669,male,12,10-14,,Person_9672,,0,,
HH_3777,Person_9670,male,20,20-24,,Person_9672,,0,,Madrid
HH_3777,Person_9671,male,21,20-24,,Person_9672,,0,,Fundación IMDEA Networks
HH_3777,Person_9672,female,47,45-49,,,,4,,Madrid
HH_3778,Person_9673,female,30,30-34,,,,0,,Biblioteca Rey Pastor
HH_3778,Person_9674,male,89,85-89,,,,0,,
HH_3778,Person_9675,female,60,60-64,,,,0,,
HH_3778,Person_9676,female,55,55-59,,,,0,,Madrid
HH_3778,Person_9677,male,31,30-34,,,,0,,Madrid
HH_3779,Person_9678,female,76,75-79,Person_9679,,,0,,
HH_3779,Person_9679,male,118,100-120,,,,1,,
HH_3780,Person_9680,female,8,5-9,Person_9682,,,0,,
HH_3780,Person_9681,female,9,5-9,Person_9682,,,0,,
HH_3780,Person_9682,male,34,30-34,,,,2,,Madrid
HH_3781,Person_9683,female,76,75-79,,,,0,Fuenlabrada,
HH_3781,Person_9684,male,32,30-34,,,,0,Fuenlabrada,
HH_3782,Person_9685,female,24,20-24,Person_9687,Person_9687,,0,,Madrid
HH_3782,Person_9686,male,35,35-39,Person_9687,Person_9687,,0,,Madrid
HH_3782,Person_9687,female,72,70-74,,,Person_9688,2,,
HH_3782,Person_9688,female,89,85-89,,,Person_9687,2,,
HH_3783,Person_9689,female,32,30-34,,,,0,,
HH_3784,Person_9690,male,48,45-49,,,,0,Fuenlabrada,Emporiorueda
HH_3784,Person_9691,female,85,85-89,,,,0,Fuenlabrada,
HH_3785,Person_9692,male,35,35-39,,,,0,,
HH_3786,Person_9693,male,3,0-4,Person_9695,Person_9695,,0,,
HH_3786,Person_9694,male,32,30-34,Person_9695,Person_9695,,0,,Madrid
HH_3786,Person_9695,female,64,60-64,,,Person_9696,2,,Madrid
HH_3786,Person_9696,female,99,95-99,,,Person_9695,2,,
HH_3787,Person_9697,male,98,95-99,,,,0,,
HH_3787,Person_9698,female,60,60-64,,,,0,,Madrid
HH_3788,Person_9699,male,50,50-54,,,,0,,Madrid
HH_3788,Person_9700,male,64,60-64,,,,0,,Madrid
HH_3788,Person_9701,female,95,95-99,,,,0,,
HH_3788,Person_9702,female,61,60-64,,,,0,,Madrid
HH_3789,Person_9703,male,81,80-84,,,,0,Madrid,
HH_3789,Person_9704,male,56,55-59,,,,0,Madrid,
HH_3790,Person_9705,male,15,15-19,Person_9707,Person_9707,,0,,
HH_3790,Person_9706,female,30,30-34,Person_9707,Person_9707,,0,,Madrid
HH_3790,Person_9707,female,61,60-64,,,Person_9708,2,,
HH_3790,Person_9708,female,66,65-69,,,Person_9707,2,,
HH_3791,Person_9709,female,42,40-44,,Person_9710,,0,Getafe norte,
HH_3791,Person_9710,female,89,85-89,,,,1,Getafe norte,
HH_3792,Person_9711,male,16,15-19,Person_9715,,,0,,
HH_3792,Person_9712,male,20,20-24,Person_9715,,,0,,
HH_3792,Person_9713,male,7,5-9,Person_9715,,,0,,
HH_3792,Person_9714,female,13,10-14,Person_9715,,,0,,
HH_3792,Person_9715,male,60,60-64,,,,4,,Fuenlabrada
HH_3793,Person_9716,male,82,80-84,,,,0,,
HH_3793,Person_9717,female,78,75-79,,,,0,,
HH_3793,Person_9718,female,54,50-54,,,,0,,
HH_3793,Person_9719,male,35,35-39,,,,0,,Madrid
HH_3794,Person_9720,male,40,40-44,,,,0,,
HH_3795,Person_9721,female,15,15-19,Person_9723,Person_9723,,0,,
HH_3795,Person_9722,male,28,25-29,Person_9723,Person_9723,,0,,Edificio Agustín de Betancourt
HH_3795,Person_9723,male,62,60-64,,,Person_9724,2,,Madrid
HH_3795,Person_9724,male,86,85-89,,,Person_9723,2,,
HH_3796,Person_9725,female,65,65-69,,,,0,Madrid,
HH_3797,Person_9726,male,9,5-9,,Person_9728,,0,,
HH_3797,Person_9727,female,4,0-4,,Person_9728,,0,,Escuela Infantil Rosa Caramelo
HH_3797,Person_9728,female,40,40-44,,,,2,,Madrid
HH_3798,Person_9729,female,13,10-14,Person_9731,Person_9731,,0,Fuenlabrada,
HH_3798,Person_9730,female,29,25-29,Person_9731,Person_9731,,0,Fuenlabrada,
HH_3798,Person_9731,male,55,55-59,,,Person_9732,2,Fuenlabrada,
HH_3798,Person_9732,male,50,50-54,,,Person_9731,2,Fuenlabrada,Honda
HH_3799,Person_9733,male,84,80-84,,,,0,,
HH_3799,Person_9734,male,61,60-64,,,,0,,Madrid
HH_3800,Person_9735,male,1,0-4,Person_9737,Person_9737,,0,,Escuela Infantil Rosa Caramelo
HH_3800,Person_9736,male,27,25-29,Person_9737,Person_9737,,0,,
HH_3800,Person_9737,male,55,55-59,,,Person_9738,2,,Madrid
HH_3800,Person_9738,male,55,55-59,,,Person_9737,2,,Madrid
HH_3801,Person_9739,male,45,45-49,,,,0,,Alcorcon
HH_3801,Person_9740,male,46,45-49,,,,0,,Madrid
HH_3802,Person_9741,male,86,85-89,,,,0,Getafe norte,
HH_3802,Person_9742,female,85,85-89,,,,0,Getafe norte,
HH_3803,Person_9743,male,17,15-19,Person_9745,Person_9745,,0,,
HH_3803,Person_9744,male,31,30-34,Person_9745,Person_9745,,0,,Madrid
HH_3803,Person_9745,female,61,60-64,,,Person_9746,2,,Madrid
HH_3803,Person_9746,female,83,80-84,,,Person_9745,2,,
HH_3804,Person_9747,female,24,20-24,,Person_9750,,0,,Edificio Torres Quevedo
HH_3804,Person_9748,male,33,30-34,,Person_9750,,0,,
HH_3804,Person_9749,female,13,10-14,,Person_9750,,0,,
HH_3804,Person_9750,female,67,65-69,,,,3,,
HH_3805,Person_9751,male,46,45-49,,,,0,,
HH_3806,Person_9752,female,93,90-94,,,,0,,
HH_3806,Person_9753,female,59,55-59,,,,0,,Madrid
HH_3807,Person_9754,male,19,15-19,Person_9756,Person_9756,,0,,Madrid
HH_3807,Person_9755,female,28,25-29,Person_9756,Person_9756,,0,,Madrid
HH_3807,Person_9756,male,58,55-59,,,Person_9757,2,,Madrid
HH_3807,Person_9757,male,57,55-59,,,Person_9756,2,,Madrid
HH_3808,Person_9758,female,24,20-24,Person_9760,Person_9760,,0,Mostoles,
HH_3808,Person_9759,female,32,30-34,Person_9760,Person_9760,,0,Mostoles,
HH_3808,Person_9760,female,66,65-69,,,Person_9761,2,Mostoles,
HH_3808,Person_9761,female,58,55-59,,,Person_9760,2,Mostoles,
HH_3809,Person_9762,male,61,60-64,,,,0,Madrid,
HH_3809,Person_9763,female,31,30-34,,,,0,Madrid,
HH_3810,Person_9764,male,22,20-24,Person_9766,Person_9766,,0,,Madrid
HH_3810,Person_9765,male,28,25-29,Person_9766,Person_9766,,0,,Madrid
HH_3810,Person_9766,male,57,55-59,,,Person_9767,2,,Mostoles
HH_3810,Person_9767,male,53,50-54,,,Person_9766,2,,Madrid
HH_3811,Person_9768,male,89,85-89,,,,0,,
HH_3811,Person_9769,male,97,95-99,,,,0,,
HH_3812,Person_9770,male,26,25-29,,,,0,Centro Ocupacional Fundación F.A.D.,Madrid
HH_3812,Person_9771,male,19,15-19,,,,0,Centro Ocupacional Fundación F.A.D.,
HH_3812,Person_9772,male,18,15-19,,,,0,Centro Ocupacional Fundación F.A.D.,Madrid
HH_3813,Person_9773,female,46,45-49,,,,0,,Madrid
HH_3813,Person_9774,male,30,30-34,,,,0,,Madrid
HH_3814,Person_9775,male,63,60-64,,,,0,Fuenlabrada,
HH_3815,Person_9776,female,24,20-24,Person_9778,Person_9778,,0,,Madrid
HH_3815,Person_9777,male,27,25-29,Person_9778,Person_9778,,0,,Biblioteca Rey Pastor
HH_3815,Person_9778,male,52,50-54,,,Person_9779,2,,Madrid
HH_3815,Person_9779,male,51,50-54,,,Person_9778,2,,
HH_3816,Person_9780,female,93,90-94,,,,0,,
HH_3816,Person_9781,male,27,25-29,,,,0,,Parque Científico de la Universidad Carlos III de Madrid
HH_3817,Person_9782,male,9,5-9,,Person_9786,,0,,
HH_3817,Person_9783,female,17,15-19,,Person_9786,,0,,
HH_3817,Person_9784,female,19,15-19,,Person_9786,,0,,Madrid
HH_3817,Person_9785,male,15,15-19,,Person_9786,,0,,
HH_3817,Person_9786,female,44,40-44,,,,4,,Madrid
HH_3818,Person_9787,male,9,5-9,Person_9789,Person_9789,,0,Getafe norte,
HH_3818,Person_9788,male,28,25-29,Person_9789,Person_9789,,0,Getafe norte,
HH_3818,Person_9789,female,57,55-59,,,Person_9790,2,Getafe norte,
HH_3818,Person_9790,female,55,55-59,,,Person_9789,2,Getafe norte,
HH_3819,Person_9791,male,13,10-14,Person_9795,,,0,Madrid,
HH_3819,Person_9792,female,20,20-24,Person_9795,,,0,Madrid,Edificio Sabatini
HH_3819,Person_9793,male,7,5-9,Person_9795,,,0,Madrid,
HH_3819,Person_9794,female,20,20-24,Person_9795,,,0,Madrid,
HH_3819,Person_9795,male,46,45-49,,,,4,Madrid,
HH_3820,Person_9796,female,60,60-64,,,,0,Madrid,
HH_3820,Person_9797,female,40,40-44,,,,0,Madrid,
HH_3820,Person_9798,female,20,20-24,,,,0,Madrid,
HH_3821,Person_9799,female,59,55-59,Person_9800,,,0,,Madrid
HH_3821,Person_9800,male,97,95-99,,,,1,,
HH_3822,Person_9801,female,15,15-19,Person_9802,Person_9802,,0,,
HH_3822,Person_9802,male,53,50-54,,,Person_9803,1,,
HH_3822,Person_9803,male,54,50-54,,,Person_9802,1,,Madrid
HH_3823,Person_9804,female,18,15-19,Person_9805,Person_9805,,0,,
HH_3823,Person_9805,male,48,45-49,,,Person_9806,1,,Madrid
HH_3823,Person_9806,male,36,35-39,,,Person_9805,1,,Madrid
HH_3824,Person_9807,male,27,25-29,,Person_9808,,0,Alcorcon,Edificio Juan Benet
HH_3824,Person_9808,female,42,40-44,,,,1,Alcorcon,
HH_3825,Person_9809,male,6,5-9,Person_9811,Person_9811,,0,Madrid,
HH_3825,Person_9810,female,28,25-29,Person_9811,Person_9811,,0,Madrid,
HH_3825,Person_9811,female,53,50-54,,,Person_9812,2,Madrid,
HH_3825,Person_9812,female,57,55-59,,,Person_9811,2,Madrid,
HH_3826,Person_9813,female,70,70-74,,,,0,,
HH_3826,Person_9814,male,88,85-89,,,,0,,
HH_3826,Person_9815,male,88,85-89,,,,0,,
HH_3826,Person_9816,male,90,90-94,,,,0,,
HH_3826,Person_9817,female,25,25-29,,,,0,,Edificio Juan Benet
HH_3827,Person_9818,female,80,80-84,,,,0,,
HH_3828,Person_9819,male,41,40-44,,,,0,,Fuenlabrada
HH_3829,Person_9820,female,31,30-34,,,,0,,Getafe norte
HH_3829,Person_9821,female,59,55-59,,,,0,,Madrid
HH_3830,Person_9822,male,62,60-64,,,,0,Getafe norte,
HH_3831,Person_9823,female,15,15-19,Person_9824,Person_9824,,0,JYSK,
HH_3831,Person_9824,male,57,55-59,,,Person_9825,1,JYSK,Madrid
HH_3831,Person_9825,male,44,40-44,,,Person_9824,1,JYSK,Madrid
HH_3832,Person_9826,female,49,45-49,,,,0,Madrid,
HH_3832,Person_9827,female,96,95-99,,,,0,Madrid,
HH_3833,Person_9828,female,18,15-19,Person_9831,Person_9831,,0,,Biblioteca Rey Pastor
HH_3833,Person_9829,male,18,15-19,Person_9831,Person_9831,,0,,Getafe norte
HH_3833,Person_9830,male,26,25-29,Person_9831,Person_9831,,0,,Madrid
HH_3833,Person_9831,female,67,65-69,,,Person_9832,3,,
HH_3833,Person_9832,female,53,50-54,,,Person_9831,3,,
HH_3834,Person_9833,female,74,70-74,,,,0,,
HH_3835,Person_9834,male,30,30-34,,,,0,Madrid,
HH_3836,Person_9835,male,13,10-14,,Person_9838,,0,,
HH_3836,Person_9836,female,10,10-14,,Person_9838,,0,,
HH_3836,Person_9837,male,4,0-4,,Person_9838,,0,,
HH_3836,Person_9838,female,41,40-44,,,,3,,Madrid
HH_3837,Person_9839,female,91,90-94,,,,0,,
HH_3838,Person_9840,female,18,15-19,,,,0,,
HH_3839,Person_9841,female,83,80-84,,,,0,,
HH_3839,Person_9842,male,73,70-74,,,,0,,
HH_3840,Person_9843,male,42,40-44,,,,0,,Getafe norte
HH_3840,Person_9844,female,68,65-69,,,,0,,
HH_3840,Person_9845,female,74,70-74,,,,0,,
HH_3840,Person_9846,female,81,80-84,,,,0,,
HH_3841,Person_9847,female,58,55-59,,,,0,Madrid,guardería
HH_3842,Person_9848,male,32,30-34,,,,0,,Madrid
HH_3843,Person_9849,female,25,25-29,,Person_9851,,0,,Edificio Juan Benet
HH_3843,Person_9850,male,0,0-4,,Person_9851,,0,,Escuela Infantil Rosa Caramelo
HH_3843,Person_9851,female,40,40-44,,,,2,,Madrid
HH_3844,Person_9852,male,20,20-24,Person_9854,Person_9854,,0,Madrid,
HH_3844,Person_9853,female,25,25-29,Person_9854,Person_9854,,0,Madrid,
HH_3844,Person_9854,female,56,55-59,,,Person_9855,2,Madrid,
HH_3844,Person_9855,female,68,65-69,,,Person_9854,2,Madrid,
HH_3845,Person_9856,male,78,75-79,,,,0,Madrid,
HH_3845,Person_9857,female,89,85-89,,,,0,Madrid,
HH_3846,Person_9858,male,59,55-59,,,,0,,Madrid
HH_3847,Person_9859,male,35,35-39,,,,0,,Madrid
HH_3848,Person_9860,male,25,25-29,,,,0,,Getafe norte
HH_3849,Person_9861,male,97,95-99,,,,0,,
HH_3849,Person_9862,female,20,20-24,,,,0,,Edificio Agustín de Betancourt
HH_3850,Person_9863,male,3,0-4,Person_9865,Person_9865,,0,,
HH_3850,Person_9864,male,26,25-29,Person_9865,Person_9865,,0,,
HH_3850,Person_9865,male,69,65-69,,,Person_9866,2,,
HH_3850,Person_9866,male,30,30-34,,,Person_9865,2,,Biblioteca Rey Pastor
HH_3851,Person_9867,male,50,50-54,,,,0,,Madrid
HH_3851,Person_9868,male,61,60-64,,,,0,,Madrid
HH_3852,Person_9869,female,38,35-39,,Person_9870,,0,,Madrid
HH_3852,Person_9870,female,55,55-59,,,,1,,Madrid
HH_3853,Person_9871,male,26,25-29,Person_9872,Person_9872,,0,,Madrid
HH_3853,Person_9872,male,58,55-59,,,Person_9873,1,,Alcorcon
HH_3853,Person_9873,male,58,55-59,,,Person_9872,1,,Madrid
HH_3854,Person_9874,female,6,5-9,Person_9876,Person_9876,,0,,
HH_3854,Person_9875,female,34,30-34,Person_9876,Person_9876,,0,,
HH_3854,Person_9876,female,62,60-64,,,Person_9877,2,,Madrid
HH_3854,Person_9877,female,62,60-64,,,Person_9876,2,,
HH_3855,Person_9878,male,74,70-74,,,,0,,
HH_3855,Person_9879,female,86,85-89,,,,0,,
HH_3856,Person_9880,male,30,30-34,Person_9881,Person_9881,,0,Mitsubishi Selitrac Leganés,
HH_3856,Person_9881,male,56,55-59,,,Person_9882,1,Mitsubishi Selitrac Leganés,
HH_3856,Person_9882,male,58,55-59,,,Person_9881,1,Mitsubishi Selitrac Leganés,Getafe norte
HH_3857,Person_9883,female,65,65-69,,,,0,,
HH_3858,Person_9884,female,38,35-39,,,,0,Alcorcon,
HH_3858,Person_9885,male,86,85-89,,,,0,Alcorcon,
HH_3859,Person_9886,male,3,0-4,Person_9888,Person_9888,,0,Getafe norte,
HH_3859,Person_9887,male,32,30-34,Person_9888,Person_9888,,0,Getafe norte,
HH_3859,Person_9888,male,75,75-79,,,Person_9889,2,Getafe norte,
HH_3859,Person_9889,male,82,80-84,,,Person_9888,2,Getafe norte,
HH_3860,Person_9890,male,19,15-19,,Person_9894,,0,,
HH_3860,Person_9891,female,7,5-9,,Person_9894,,0,,
HH_3860,Person_9892,male,3,0-4,,Person_9894,,0,,
HH_3860,Person_9893,female,13,10-14,,Person_9894,,0,,
HH_3860,Person_9894,female,45,45-49,,,,4,,Madrid
HH_3861,Person_9895,female,36,35-39,,,,0,Madrid,
HH_3862,Person_9896,female,71,70-74,,,,0,,
HH_3863,Person_9897,male,16,15-19,Person_9898,Person_9898,,0,,
HH_3863,Person_9898,male,50,50-54,,,Person_9899,1,,Madrid
HH_3863,Person_9899,male,52,50-54,,,Person_9898,1,,Madrid
HH_3864,Person_9900,female,12,10-14,Person_9902,Person_9902,,0,Madrid,
HH_3864,Person_9901,female,32,30-34,Person_9902,Person_9902,,0,Madrid,
HH_3864,Person_9902,male,60,60-64,,,Person_9903,2,Madrid,
HH_3864,Person_9903,male,78,75-79,,,Person_9902,2,Madrid,
HH_3865,Person_9904,female,20,20-24,Person_9907,,,0,,
HH_3865,Person_9905,male,11,10-14,Person_9907,,,0,,
HH_3865,Person_9906,male,13,10-14,Person_9907,,,0,,
HH_3865,Person_9907,male,52,50-54,,,,3,,Madrid
HH_3866,Person_9908,male,80,80-84,,,,0,,
HH_3867,Person_9909,female,6,5-9,,Person_9911,,0,,
HH_3867,Person_9910,male,2,0-4,,Person_9911,,0,,
HH_3867,Person_9911,female,34,30-34,,,,2,,
HH_3868,Person_9912,male,76,75-79,,,,0,,
HH_3868,Person_9913,female,74,70-74,,,,0,,
HH_3869,Person_9914,female,23,20-24,Person_9915,,,0,,
HH_3869,Person_9915,male,48,45-49,,,,1,,
HH_3870,Person_9916,male,12,10-14,,Person_9917,,0,,
HH_3870,Person_9917,female,43,40-44,,,,1,,Fuenlabrada
HH_3871,Person_9918,female,53,50-54,,,,0,,Madrid
HH_3871,Person_9919,male,43,40-44,,,,0,,Madrid
HH_3872,Person_9920,male,2,0-4,Person_9921,Person_9921,,0,,
HH_3872,Person_9921,male,34,30-34,,,Person_9922,1,,Madrid
HH_3872,Person_9922,male,33,30-34,,,Person_9921,1,,Madrid
HH_3873,Person_9923,male,10,10-14,Person_9927,,,0,,
HH_3873,Person_9924,male,9,5-9,Person_9927,,,0,,
HH_3873,Person_9925,male,5,5-9,Person_9927,,,0,,
HH_3873,Person_9926,male,17,15-19,Person_9927,,,0,,
HH_3873,Person_9927,male,43,40-44,,,,4,,Madrid
HH_3874,Person_9928,female,2,0-4,Person_9929,Person_9929,,0,Madrid,
HH_3874,Person_9929,female,34,30-34,,,Person_9930,1,Madrid,
HH_3874,Person_9930,female,33,30-34,,,Person_9929,1,Madrid,
HH_3875,Person_9931,female,4,0-4,Person_9933,Person_9933,,0,,Escuela Infantil Rosa Caramelo
HH_3875,Person_9932,female,26,25-29,Person_9933,Person_9933,,0,,Madrid
HH_3875,Person_9933,male,67,65-69,,,Person_9934,2,,
HH_3875,Person_9934,male,57,55-59,,,Person_9933,2,,Madrid
HH_3876,Person_9935,female,3,0-4,Person_9936,Person_9936,,0,Madrid,
HH_3876,Person_9936,male,32,30-34,,,Person_9937,1,Madrid,
HH_3876,Person_9937,male,39,35-39,,,Person_9936,1,Madrid,
HH_3877,Person_9938,male,4,0-4,Person_9939,Person_9939,,0,Madrid,
HH_3877,Person_9939,female,46,45-49,,,Person_9940,1,Madrid,
HH_3877,Person_9940,female,45,45-49,,,Person_9939,1,Madrid,
HH_3878,Person_9941,male,12,10-14,Person_9943,Person_9943,,0,,
HH_3878,Person_9942,male,31,30-34,Person_9943,Person_9943,,0,,Madrid
HH_3878,Person_9943,male,71,70-74,,,Person_9944,2,,
HH_3878,Person_9944,male,56,55-59,,,Person_9943,2,,Madrid
HH_3879,Person_9945,female,56,55-59,,,,0,,Mostoles
HH_3880,Person_9946,female,86,85-89,,,,0,Getafe norte,
HH_3881,Person_9947,male,81,80-84,,,,0,,
HH_3882,Person_9948,male,37,35-39,,,,0,Madrid,
HH_3882,Person_9949,male,79,75-79,,,,0,Madrid,
HH_3883,Person_9950,female,73,70-74,,,,0,Fuenlabrada,
HH_3883,Person_9951,male,93,90-94,,,,0,Fuenlabrada,
HH_3883,Person_9952,male,71,70-74,,,,0,Fuenlabrada,
HH_3883,Person_9953,male,51,50-54,,,,0,Fuenlabrada,
HH_3883,Person_9954,male,90,90-94,,,,0,Fuenlabrada,
HH_3884,Person_9955,female,13,10-14,Person_9956,Person_9956,,0,Getafe norte,
HH_3884,Person_9956,female,56,55-59,,,Person_9957,1,Getafe norte,Grúas Aguado
HH_3884,Person_9957,female,77,75-79,,,Person_9956,1,Getafe norte,
HH_3885,Person_9958,female,31,30-34,Person_9959,Person_9959,,0,Madrid,
HH_3885,Person_9959,female,46,45-49,,,Person_9960,1,Madrid,
HH_3885,Person_9960,female,50,50-54,,,Person_9959,1,Madrid,
HH_3886,Person_9961,female,80,80-84,,,,0,,
HH_3886,Person_9962,female,25,25-29,,,,0,,Madrid
HH_3887,Person_9963,female,23,20-24,Person_9964,Person_9964,,0,,Madrid
HH_3887,Person_9964,female,57,55-59,,,Person_9965,1,,
HH_3887,Person_9965,female,35,35-39,,,Person_9964,1,,Madrid
HH_3888,Person_9966,female,29,25-29,,,,0,,Madrid
HH_3888,Person_9967,male,53,50-54,,,,0,,Madrid
HH_3889,Person_9968,female,15,15-19,Person_9969,Person_9969,,0,,
HH_3889,Person_9969,male,45,45-49,,,Person_9970,1,,
HH_3889,Person_9970,male,50,50-54,,,Person_9969,1,,Madrid
HH_3890,Person_9971,female,67,65-69,,,,0,,
HH_3891,Person_9972,male,55,55-59,,,,0,,Madrid
HH_3892,Person_9973,male,20,20-24,,,,0,,Madrid
HH_3892,Person_9974,male,76,75-79,,,,0,,
HH_3893,Person_9975,male,5,5-9,Person_9978,,,0,,
HH_3893,Person_9976,female,1,0-4,Person_9978,,,0,,
HH_3893,Person_9977,male,9,5-9,Person_9978,,,0,,
HH_3893,Person_9978,male,43,40-44,,,,3,,Alcorcon
HH_3894,Person_9979,female,8,5-9,Person_9981,Person_9981,,0,Getafe norte,
HH_3894,Person_9980,female,35,35-39,Person_9981,Person_9981,,0,Getafe norte,
HH_3894,Person_9981,female,50,50-54,,,Person_9982,2,Getafe norte,
HH_3894,Person_9982,female,51,50-54,,,Person_9981,2,Getafe norte,
HH_3895,Person_9983,male,37,35-39,,Person_9984,,0,,Madrid
HH_3895,Person_9984,female,67,65-69,,,,1,,
HH_3896,Person_9985,female,68,65-69,,,,0,,
HH_3897,Person_9986,male,18,15-19,Person_9987,Person_9987,,0,,Biblioteca Rey Pastor
HH_3897,Person_9987,male,50,50-54,,,Person_9988,1,,Getafe norte
HH_3897,Person_9988,male,41,40-44,,,Person_9987,1,,Madrid
HH_3898,Person_9989,male,13,10-14,,Person_9992,,0,,
HH_3898,Person_9990,male,21,20-24,,Person_9992,,0,,Edificio Sabatini
HH_3898,Person_9991,female,16,15-19,,Person_9992,,0,,
HH_3898,Person_9992,female,38,35-39,,,,3,,Madrid
HH_3899,Person_9993,female,64,60-64,,,,0,,
HH_3900,Person_9994,male,29,25-29,Person_9995,Person_9995,,0,,Madrid
HH_3900,Person_9995,male,58,55-59,,,Person_9996,1,,Madrid
HH_3900,Person_9996,male,58,55-59,,,Person_9995,1,,
HH_3901,Person_9997,female,12,10-14,,Person_9999,,0,,
HH_3901,Person_9998,male,1,0-4,,Person_9999,,0,,Escuela Infantil Rosa Caramelo
HH_3901,Person_9999,female,46,45-49,,,,2,,Getafe norte
